address	end_address	status	pseudocode_file	runtime_label	error
106a3915c	106a39163	decompiled	chunks/001/functions-000120.c	-[SCChatCommandMenuTextInputEvent updatedText]	
106a39164	106a3916b	decompiled	chunks/001/functions-000120.c	-[SCChatCommandMenuTextInputEvent addedText]	
106a3916c	106a39177	decompiled	chunks/001/functions-000120.c	-[SCChatCommandMenuTextInputEvent changedRange]	
106a39178	106a391b3	decompiled	chunks/001/functions-000120.c	-[SCChatCommandMenuTextInputEvent .cxx_destruct]	
106a391b4	106a3920f	decompiled	chunks/001/functions-000120.c	-[SCChatCommandTokenInfo initWithType:range:]	
106a39210	106a39233	decompiled	chunks/001/functions-000120.c	-[SCChatCommandTokenInfo copyWithZone:]	
106a39234	106a3929b	decompiled	chunks/001/functions-000120.c	-[SCChatCommandTokenInfo hash]	
106a3929c	106a39337	decompiled	chunks/001/functions-000120.c	-[SCChatCommandTokenInfo isEqual:]	
106a39338	106a3933f	decompiled	chunks/001/functions-000120.c	-[SCChatCommandTokenInfo type]	
106a39340	106a3934b	decompiled	chunks/001/functions-000120.c	-[SCChatCommandTokenInfo range]	
106a3934c	106a393cf	decompiled	chunks/001/functions-000120.c	+[CSPromptDb schema]	
106a393d0	106a393f7	decompiled	chunks/001/functions-000120.c	-[CSPromptDb getConn]	
106a393f8	106a3947f	decompiled	chunks/001/functions-000120.c	-[CSPromptDb initWithSqliteConnection:]	
106a39480	106a39563	decompiled	chunks/001/functions-000120.c	-[CSPromptDb .cxx_destruct]	
106a39564	106a39573	decompiled	chunks/001/functions-000120.c	-[CSPromptDb .cxx_construct]	
106a39574	106a396d7	decompiled	chunks/001/functions-000120.c		
106a396d8	106a39817	decompiled	chunks/001/functions-000120.c		
106a39818	106a3997b	decompiled	chunks/001/functions-000120.c		
106a3997c	106a399bf	decompiled	chunks/001/functions-000120.c		
106a399c0	106a39bb3	decompiled	chunks/001/functions-000120.c		
106a39bb4	106a39d17	decompiled	chunks/001/functions-000120.c		
106a39d18	106a39e5b	decompiled	chunks/001/functions-000120.c		
106a39e5c	106a39fbf	decompiled	chunks/001/functions-000120.c		
106a39fc0	106a3a123	decompiled	chunks/001/functions-000120.c		
106a3a124	106a3a253	decompiled	chunks/001/functions-000120.c		
106a3a254	106a3a357	decompiled	chunks/001/functions-000120.c		
106a3a358	106a3a37b	decompiled	chunks/001/functions-000120.c	-[CSPromptResult copyWithZone:]	
106a3a37c	106a3a40f	decompiled	chunks/001/functions-000120.c	-[CSPromptResult hash]	
106a3a410	106a3a50f	decompiled	chunks/001/functions-000120.c	-[CSPromptResult isEqual:]	
106a3a510	106a3a53f	decompiled	chunks/001/functions-000120.c		
106a3a540	106a3a57b	decompiled	chunks/001/functions-000120.c	-[CSPromptResult .cxx_destruct]	
106a3a57c	106a3a59f	decompiled	chunks/001/functions-000120.c	-[CSPromptInteraction copyWithZone:]	
106a3a5a0	106a3a61f	decompiled	chunks/001/functions-000120.c	-[CSPromptInteraction hash]	
106a3a620	106a3a6e7	decompiled	chunks/001/functions-000120.c	-[CSPromptInteraction isEqual:]	
106a3a6e8	106a3a717	decompiled	chunks/001/functions-000120.c	-[CSPromptInteraction .cxx_destruct]	
106a3a718	106a3a73b	decompiled	chunks/001/functions-000120.c	-[CSPromptFetchHistory copyWithZone:]	
106a3a73c	106a3a7af	decompiled	chunks/001/functions-000120.c	-[CSPromptFetchHistory hash]	
106a3a7b0	106a3a84f	decompiled	chunks/001/functions-000120.c	-[CSPromptFetchHistory isEqual:]	
106a3a850	106a3a85b	decompiled	chunks/001/functions-000120.c	-[CSPromptFetchHistory .cxx_destruct]	
106a3a85c	106a3a8a7	decompiled	chunks/001/functions-000120.c		
106a3a8a8	106a3a8cb	decompiled	chunks/001/functions-000120.c	-[CSGetFetchedAt copyWithZone:]	
106a3a8cc	106a3a8db	decompiled	chunks/001/functions-000120.c	-[CSGetFetchedAt hash]	
106a3a8dc	106a3a963	decompiled	chunks/001/functions-000120.c	-[CSGetFetchedAt isEqual:]	
106a3a964	106a3a96f	decompiled	chunks/001/functions-000120.c		
106a3a970	106a3a9e3	decompiled	chunks/001/functions-000120.c	-[SCGrapheneConvoSafetyMetric2 init]	
106a3a9e4	106a3aa5b	decompiled	chunks/001/functions-000120.c		
106a3aa5c	106a3aad3	decompiled	chunks/001/functions-000120.c		
106a3aad4	106a3ab4b	decompiled	chunks/001/functions-000120.c		
106a3ab4c	106a3abc3	decompiled	chunks/001/functions-000120.c		
106a3abc4	106a3ac3b	decompiled	chunks/001/functions-000120.c		
106a3ac3c	106a3adaf	decompiled	chunks/001/functions-000120.c		
106a3adb0	106a3ae27	decompiled	chunks/001/functions-000120.c		
106a3ae28	106a3ae9f	decompiled	chunks/001/functions-000120.c		
106a3aea0	106a3af17	decompiled	chunks/001/functions-000120.c		
106a3af18	106a3af8f	decompiled	chunks/001/functions-000120.c		
106a3af90	106a3b103	decompiled	chunks/001/functions-000120.c		
106a3b104	106a3b11f	decompiled	chunks/001/functions-000120.c	+[SCCConvoSafetyPromptDelegate valdiMarshallableObjectDescriptor]	
106a3b120	106a3b12b	decompiled	chunks/001/functions-000120.c	+[SCCConvoSafetyPromptView componentPath]	
106a3b12c	106a3b15f	decompiled	chunks/001/functions-000120.c	-[SCCConvoSafetyPromptView initWithViewModel:componentContext:runtime:]	
106a3b160	106a3b1af	decompiled	chunks/001/functions-000120.c	-[SCCConvoSafetyPromptView setViewModel:]	
106a3b1b0	106a3b1f3	decompiled	chunks/001/functions-000120.c	-[SCCConvoSafetyPromptView viewModel]	
106a3b1f4	106a3b237	decompiled	chunks/001/functions-000120.c	-[SCCConvoSafetyPromptContext initWithDeckContainerFactory:actionSheetPresenter:blizzardLogger:pageLauncher:delegate:]	
106a3b238	106a3b257	decompiled	chunks/001/functions-000120.c	+[SCCConvoSafetyPromptContext valdiMarshallableObjectDescriptor]	
106a3b258	106a3b29b	decompiled	chunks/001/functions-000120.c	-[SCCConvoSafetyPromptViewModel initWithType:message:primaryAction:secondaryAction:]	
106a3b29c	106a3b2b3	decompiled	chunks/001/functions-000120.c	+[SCCConvoSafetyPromptViewModel valdiMarshallableObjectDescriptor]	
106a3b2b4	106a3b3af	decompiled	chunks/001/functions-000120.c	-[SCSnapchattersActionHanderServices initWithSnapchattersBlocker:snapchattersUnblocker:snapchattersDeleter:snapchattersAdder:]	
106a3b3b0	106a3b3b7	decompiled	chunks/001/functions-000120.c	-[SCSnapchattersActionHanderServices snapchattersBlocker]	
106a3b3b8	106a3b3bf	decompiled	chunks/001/functions-000120.c	-[SCSnapchattersActionHanderServices snapchattersUnblocker]	
106a3b3c0	106a3b3c7	decompiled	chunks/001/functions-000120.c	-[SCSnapchattersActionHanderServices snapchattersDeleter]	
106a3b3c8	106a3b3cf	decompiled	chunks/001/functions-000120.c	-[SCSnapchattersActionHanderServices snapchattersAdder]	
106a3b3d0	106a3b417	decompiled	chunks/001/functions-000120.c	-[SCSnapchattersActionHanderServices .cxx_destruct]	
106a3b418	106a3b4bb	decompiled	chunks/001/functions-000120.c	-[SCGenerativeDisclaimerPresenter initWithWebBrowsingScopeExposer:disclaimerConfiguration:]	
106a3b4bc	106a3b5a7	decompiled	chunks/001/functions-000120.c	-[SCGenerativeDisclaimerPresenter presentInContainer:]	
106a3b5a8	106a3b6b3	decompiled	chunks/001/functions-000120.c		
106a3b6b4	106a3b6ef	decompiled	chunks/001/functions-000120.c		
106a3b6f0	106a3bb1b	decompiled	chunks/001/functions-000120.c	-[SCGenerativeDisclaimerPresenter _presentInContainer:observer:]	
106a3bb1c	106a3bbdb	decompiled	chunks/001/functions-000120.c		
106a3bbdc	106a3bc73	decompiled	chunks/001/functions-000120.c		
106a3bc74	106a3bca3	decompiled	chunks/001/functions-000120.c		
106a3bca4	106a3bd63	decompiled	chunks/001/functions-000120.c		
106a3bd64	106a3bdfb	decompiled	chunks/001/functions-000120.c		
106a3bdfc	106a3be2b	decompiled	chunks/001/functions-000120.c		
106a3be2c	106a3be93	decompiled	chunks/001/functions-000120.c		
106a3be94	106a3bf83	decompiled	chunks/001/functions-000120.c	-[SCGenerativeDisclaimerPresenter presentCommunityGuidlinesInContainer:]	
106a3bf84	106a3bf93	decompiled	chunks/001/functions-000120.c		
106a3bf94	106a3bf9f	decompiled	chunks/001/functions-000120.c	-[SCGenerativeDisclaimerPresenter dialogDidDismiss:]	
106a3bfa0	106a3bfe7	decompiled	chunks/001/functions-000120.c	-[SCGenerativeDisclaimerPresenter webBrowserDidDismiss:]	
106a3bfe8	106a3c053	decompiled	chunks/001/functions-000120.c	-[SCGenerativeDisclaimerPresenter _presentBrowserForUrl:]	
106a3c054	106a3c0d3	decompiled	chunks/001/functions-000120.c	-[SCGenerativeDisclaimerPresenter _presentBrowserForURL:inContainer:]	
106a3c0d4	106a3c11b	decompiled	chunks/001/functions-000120.c	-[SCGenerativeDisclaimerPresenter .cxx_destruct]	
106a3c11c	106a3c287	decompiled	chunks/001/functions-000120.c	-[SCGenerativeDisclaimerConfiguration initWithSupportUrl:dialogText:title:acceptButtonText:cancelButtonText:communityGuidelinesText:]	
106a3c288	106a3c2ab	decompiled	chunks/001/functions-000120.c	-[SCGenerativeDisclaimerConfiguration copyWithZone:]	
106a3c2ac	106a3c34f	decompiled	chunks/001/functions-000120.c	-[SCGenerativeDisclaimerConfiguration hash]	
106a3c350	106a3c457	decompiled	chunks/001/functions-000120.c	-[SCGenerativeDisclaimerConfiguration isEqual:]	
106a3c458	106a3c45f	decompiled	chunks/001/functions-000120.c	-[SCGenerativeDisclaimerConfiguration supportUrl]	
106a3c460	106a3c467	decompiled	chunks/001/functions-000120.c	-[SCGenerativeDisclaimerConfiguration dialogText]	
106a3c468	106a3c46f	decompiled	chunks/001/functions-000120.c	-[SCGenerativeDisclaimerConfiguration title]	
106a3c470	106a3c477	decompiled	chunks/001/functions-000120.c	-[SCGenerativeDisclaimerConfiguration acceptButtonText]	
106a3c478	106a3c47f	decompiled	chunks/001/functions-000120.c	-[SCGenerativeDisclaimerConfiguration cancelButtonText]	
106a3c480	106a3c487	decompiled	chunks/001/functions-000120.c	-[SCGenerativeDisclaimerConfiguration communityGuidelinesText]	
106a3c488	106a3c4e7	decompiled	chunks/001/functions-000121.c	-[SCGenerativeDisclaimerConfiguration .cxx_destruct]	
106a3c4e8	106a3c593	decompiled	chunks/001/functions-000121.c	-[SCGenerativeDisclaimerHandler initWithGetterHandler:setterHandler:]	
106a3c594	106a3c5b7	decompiled	chunks/001/functions-000121.c	-[SCGenerativeDisclaimerHandler copyWithZone:]	
106a3c5b8	106a3c62b	decompiled	chunks/001/functions-000121.c	-[SCGenerativeDisclaimerHandler hash]	
106a3c62c	106a3c73f	decompiled	chunks/001/functions-000121.c	-[SCGenerativeDisclaimerHandler isEqual:]	
106a3c740	106a3c747	decompiled	chunks/001/functions-000121.c	-[SCGenerativeDisclaimerHandler getterHandler]	
106a3c748	106a3c74f	decompiled	chunks/001/functions-000121.c	-[SCGenerativeDisclaimerHandler setterHandler]	
106a3c750	106a3c77f	decompiled	chunks/001/functions-000121.c	-[SCGenerativeDisclaimerHandler .cxx_destruct]	
106a3c780	106a3c783	decompiled	chunks/001/functions-000121.c	-[SCCGenAIOnboardingCameosSelfieScreenUsecase__Enum init]	
106a3c784	106a3c787	decompiled	chunks/001/functions-000121.c	-[SCCGenAIOnboardingCameraScreenDismissButtonStyle__Enum init]	
106a3c788	106a3c78b	decompiled	chunks/001/functions-000121.c	-[SCCGenAIOnboardingSelfieImageScreenUsecase__Enum init]	
106a3c78c	106a3c793	decompiled	chunks/001/functions-000121.c	-[SCCGenerativeAIUserPolicy__Enum init]	
106a3c794	106a3c7eb	decompiled	chunks/001/functions-000121.c	-[SCCGenAIMySelfieOnboardingPrivacyPolicyPopupContext initWithOnCancel:onContinue:]	
106a3c7ec	106a3c7ff	decompiled	chunks/001/functions-000121.c	+[SCCGenAIMySelfieOnboardingPrivacyPolicyPopupContext valdiMarshallableObjectDescriptor]	
106a3c800	106a3c827	decompiled	chunks/001/functions-000121.c	-[SCCGenAIOnboardingCameosSelfieScreenConfiguration initWithShowCloseButton:title:subtitle:continueButtonTitle:retakeButtonTitle:]	
106a3c828	106a3c837	decompiled	chunks/001/functions-000121.c	+[SCCGenAIOnboardingCameosSelfieScreenConfiguration valdiMarshallableObjectDescriptor]	
106a3c838	106a3c867	decompiled	chunks/001/functions-000121.c	-[SCCGenAIOnboardingCameosSelfieScreenContext initWithDelegate:]	
106a3c868	106a3c87b	decompiled	chunks/001/functions-000121.c	+[SCCGenAIOnboardingCameosSelfieScreenContext valdiMarshallableObjectDescriptor]	
106a3c87c	106a3c937	decompiled	chunks/001/functions-000121.c	-[SCCGenAIOnboardingCameraScreenContext initWithCameraPreviewLayerFactory:configuration:registerCameraObserver:unregisterCameraObserver:]	
106a3c938	106a3c94b	decompiled	chunks/001/functions-000121.c	+[SCCGenAIOnboardingCameraScreenContext valdiMarshallableObjectDescriptor]	
106a3c94c	106a3c97f	decompiled	chunks/001/functions-000121.c	-[SCCGenAIOnboardingGenderScreenContext initWithDelegate:]	
106a3c980	106a3c993	decompiled	chunks/001/functions-000121.c	+[SCCGenAIOnboardingGenderScreenContext valdiMarshallableObjectDescriptor]	
106a3c994	106a3c9b7	decompiled	chunks/001/functions-000121.c	-[SCCGenAIOnboardingGuidelinesComponentContext init]	
106a3c9b8	106a3c9cb	decompiled	chunks/001/functions-000121.c	+[SCCGenAIOnboardingGuidelinesComponentContext valdiMarshallableObjectDescriptor]	
106a3c9cc	106a3c9fb	decompiled	chunks/001/functions-000121.c	-[SCCGenAIOnboardingOneShotPrivacyPolicyScreenContext initWithDelegate:]	
106a3c9fc	106a3ca0f	decompiled	chunks/001/functions-000121.c	+[SCCGenAIOnboardingOneShotPrivacyPolicyScreenContext valdiMarshallableObjectDescriptor]	
106a3ca10	106a3ca37	decompiled	chunks/001/functions-000121.c	-[SCCGenAIOnboardingSelfieImageScreenConfiguration initWithShowCloseButton:title:subtitle:primaryButtonTitle:secondaryButtonTitle:]	
106a3ca38	106a3ca47	decompiled	chunks/001/functions-000121.c	+[SCCGenAIOnboardingSelfieImageScreenConfiguration valdiMarshallableObjectDescriptor]	
106a3ca48	106a3ca7f	decompiled	chunks/001/functions-000121.c	-[SCCGenAIOnboardingSelfieImageScreenContext initWithDelegate:]	
106a3ca80	106a3ca93	decompiled	chunks/001/functions-000121.c	+[SCCGenAIOnboardingSelfieImageScreenContext valdiMarshallableObjectDescriptor]	
106a3ca94	106a3caeb	decompiled	chunks/001/functions-000121.c	-[SCCGenAIOnboardingSettingsEntryPointScreenContext initWithOnDismissButtonTapped:onStartOnboardingButtonTapped:]	
106a3caec	106a3cafb	decompiled	chunks/001/functions-000121.c	+[SCCGenAIOnboardingSettingsEntryPointScreenContext valdiMarshallableObjectDescriptor]	
106a3cafc	106a3cb53	decompiled	chunks/001/functions-000121.c	-[SCCGenAIOnboardingSettingsScreenContext initWithOnDismissButtonTapped:didSelectUserPolicySetting:]	
106a3cb54	106a3cb67	decompiled	chunks/001/functions-000121.c	+[SCCGenAIOnboardingSettingsScreenContext valdiMarshallableObjectDescriptor]	
106a3cb68	106a3cb97	decompiled	chunks/001/functions-000121.c	-[SCCGenAIOnboardingSettingsViewModel initWithUserPolicySettings:featureToggles:actions:]	
106a3cb98	106a3cbab	decompiled	chunks/001/functions-000121.c	+[SCCGenAIOnboardingSettingsViewModel valdiMarshallableObjectDescriptor]	
106a3cbac	106a3cbdb	decompiled	chunks/001/functions-000121.c	-[SCCGenAISelfieCustomSharingPolicySettingsScreenContext initWithGrpcClientFactory:delegate:]	
106a3cbdc	106a3cbef	decompiled	chunks/001/functions-000121.c	+[SCCGenAISelfieCustomSharingPolicySettingsScreenContext valdiMarshallableObjectDescriptor]	
106a3cbf0	106a3cc13	decompiled	chunks/001/functions-000121.c	-[SCCGenAISelfieCustomSharingPolicySettingsScreenViewModel init]	
106a3cc14	106a3cc23	decompiled	chunks/001/functions-000121.c	+[SCCGenAISelfieCustomSharingPolicySettingsScreenViewModel valdiMarshallableObjectDescriptor]	
106a3cc24	106a3cc57	decompiled	chunks/001/functions-000121.c	-[SCCGenerativeAIFeatureToggle initWithFeatureTitle:featureDescription:isOn:]	
106a3cc58	106a3cc77	decompiled	chunks/001/functions-000121.c	+[SCCGenerativeAIFeatureToggle valdiMarshallableObjectDescriptor]	
106a3cc78	106a3cc93	decompiled	chunks/001/functions-000121.c		
106a3cc94	106a3ccf3	decompiled	chunks/001/functions-000121.c		
106a3ccf4	106a3cd0f	decompiled	chunks/001/functions-000121.c		
106a3cd10	106a3cd6f	decompiled	chunks/001/functions-000121.c		
106a3cd70	106a3cda3	decompiled	chunks/001/functions-000121.c	-[SCCGenerativeAISettingsAction initWithTitle:]	
106a3cda4	106a3cdb3	decompiled	chunks/001/functions-000121.c	+[SCCGenerativeAISettingsAction valdiMarshallableObjectDescriptor]	
106a3cdb4	106a3cdd7	decompiled	chunks/001/functions-000121.c	-[SCCGenerativeAIUserPolicySetting initWithIdentifier:title:value:]	
106a3cdd8	106a3cdeb	decompiled	chunks/001/functions-000121.c	+[SCCGenerativeAIUserPolicySetting valdiMarshallableObjectDescriptor]	
106a3cdec	106a3ce27	decompiled	chunks/001/functions-000121.c		
106a3ce28	106a3cf5b	decompiled	chunks/001/functions-000121.c		
106a3cf5c	106a3cf67	decompiled	chunks/001/functions-000121.c	+[SCCChatMediaPreviewComposeView componentPath]	
106a3cf68	106a3cf9b	decompiled	chunks/001/functions-000121.c	-[SCCChatMediaPreviewComposeView initWithViewModel:componentContext:runtime:]	
106a3cf9c	106a3cfeb	decompiled	chunks/001/functions-000121.c	-[SCCChatMediaPreviewComposeView setViewModel:]	
106a3cfec	106a3d02f	decompiled	chunks/001/functions-000121.c	-[SCCChatMediaPreviewComposeView viewModel]	
106a3d030	106a3d06b	decompiled	chunks/001/functions-000121.c	-[SCCChatMediaPreviewComposeViewModel initWithChatMediaItems:]	
106a3d06c	106a3d07f	decompiled	chunks/001/functions-000121.c	+[SCCChatMediaPreviewComposeViewModel valdiMarshallableObjectDescriptor]	
106a3d080	106a3d0a3	decompiled	chunks/001/functions-000121.c	-[SCCChatMediaPreviewContext init]	
106a3d0a4	106a3d0b7	decompiled	chunks/001/functions-000121.c	+[SCCChatMediaPreviewContext valdiMarshallableObjectDescriptor]	
106a3d0b8	106a3d0db	decompiled	chunks/001/functions-000121.c	-[SCCChatMediaPreviewItem init]	
106a3d0dc	106a3d117	decompiled	chunks/001/functions-000121.c	+[SCCChatMediaPreviewItem valdiMarshallableObjectDescriptor]	
106a3d118	106a3d2cf	decompiled	chunks/001/functions-000121.c	-[SCContactPermissionResumeEntryPoint begin]	
106a3d2d0	106a3d323	decompiled	chunks/001/functions-000121.c	-[SCContactPermissionResumeEntryPoint .cxx_destruct]	
106a3d324	106a3d3ef	decompiled	chunks/001/functions-000121.c	-[SCContactPermissionResumeUIRouteActions initWithUIContainer:navigationDelegate:resourceDownloader:]	
106a3d3f0	106a3d427	decompiled	chunks/001/functions-000121.c	-[SCContactPermissionResumeUIRouteActions openOSSettings]	
106a3d428	106a3d63f	decompiled	chunks/001/functions-000121.c	-[SCContactPermissionResumeUIRouteActions showResumePermissionAlertWithDelegate:]	
106a3d640	106a3d64f	decompiled	chunks/001/functions-000121.c		
106a3d650	106a3d7e7	decompiled	chunks/001/functions-000121.c	-[SCContactPermissionResumeUIRouteActions showResumePermissionPageWithDelegate:]	
106a3d7e8	106a3d7f3	decompiled	chunks/001/functions-000121.c		
106a3d7f4	106a3d99f	decompiled	chunks/001/functions-000121.c	-[SCContactPermissionResumeUIRouteActions showiOS18ResumePermissionPageWithDelegate:trayHostDelegate:]	
106a3d9a0	106a3d9ab	decompiled	chunks/001/functions-000121.c	-[SCContactPermissionResumeUIRouteActions dismissAllPresentedViews]	
106a3d9ac	106a3da0b	decompiled	chunks/001/functions-000121.c	-[SCContactPermissionResumeUIRouteActions .cxx_destruct]	
106a3da0c	106a3da7f	decompiled	chunks/001/functions-000121.c	-[SCContactPermissionResumeBusinessLogic initWithDelegate:]	
106a3da80	106a3daef	decompiled	chunks/001/functions-000121.c	-[SCContactPermissionResumeBusinessLogic handleAction:]	
106a3daf0	106a3db5f	decompiled	chunks/001/functions-000121.c		
106a3db60	106a3db6f	decompiled	chunks/001/functions-000121.c	-[SCContactPermissionResumeBusinessLogic .cxx_destruct]	
106a3db70	106a3dc67	decompiled	chunks/001/functions-000121.c	-[SCContactPermissionResumeViewController initWithDelegate:instructionImage:]	
106a3dc68	106a3dc6f	decompiled	chunks/001/functions-000121.c	-[SCContactPermissionResumeViewController cardTransitionShouldBeginWithView:touchLocation:]	
106a3dc70	106a3dc73	decompiled	chunks/001/functions-000121.c	-[SCContactPermissionResumeViewController cardToExpandTransition]	
106a3dc74	106a3dcc7	decompiled	chunks/001/functions-000121.c	-[SCContactPermissionResumeViewController cardTransitionWillBeginWithView:]	
106a3dcc8	106a3dd5b	decompiled	chunks/001/functions-000121.c	-[SCContactPermissionResumeViewController cardTransitionEndedWithView:transitionType:]	
106a3dd5c	106a3ddf3	decompiled	chunks/001/functions-000121.c	-[SCContactPermissionResumeViewController viewDidLoad]	
106a3ddf4	106a3de9b	decompiled	chunks/001/functions-000121.c	-[SCContactPermissionResumeViewController viewWillAppear:]	
106a3de9c	106a3de9f	decompiled	chunks/001/functions-000121.c	-[SCContactPermissionResumeViewController preferredStatusBarStyle]	
106a3dea0	106a3dee3	decompiled	chunks/001/functions-000121.c	-[SCContactPermissionResumeViewController _initSubviews]	
106a3dee4	106a3df8f	decompiled	chunks/001/functions-000121.c	-[SCContactPermissionResumeViewController _initContainerView]	
106a3df90	106a3e277	decompiled	chunks/001/functions-000121.c	-[SCContactPermissionResumeViewController _initHeaderView]	
106a3e278	106a3e8b7	decompiled	chunks/001/functions-000121.c	-[SCContactPermissionResumeViewController _initInstructionLabels]	
106a3e8b8	106a3e98b	decompiled	chunks/001/functions-000121.c	-[SCContactPermissionResumeViewController _initContactSettingInstructionImage]	
106a3e98c	106a3e9d3	decompiled	chunks/001/functions-000121.c		
106a3e9d4	106a3ed8f	decompiled	chunks/001/functions-000121.c	-[SCContactPermissionResumeViewController _setupContactSettingInstructionImage:]	
106a3ed90	106a3efa3	decompiled	chunks/001/functions-000121.c	-[SCContactPermissionResumeViewController _initGotoSettingButton]	
106a3efa4	106a3f033	decompiled	chunks/001/functions-000121.c	-[SCContactPermissionResumeViewController _installPullToDismiss]	
106a3f034	106a3f08b	decompiled	chunks/001/functions-000121.c	-[SCContactPermissionResumeViewController _gotoSettingButtonTapped]	
106a3f08c	106a3f0cf	decompiled	chunks/001/functions-000121.c	-[SCContactPermissionResumeViewController didSelectDismissalActionWithHeaderItem:]	
106a3f0d0	106a3f16b	decompiled	chunks/001/functions-000121.c	-[SCContactPermissionResumeViewController .cxx_destruct]	
106a3f16c	106a3f20f	decompiled	chunks/001/functions-000121.c	-[SCContactPermissionPlaceholderData initWithTitle:subtitle:]	
106a3f210	106a3f217	decompiled	chunks/001/functions-000121.c	-[SCContactPermissionPlaceholderData title]	
106a3f218	106a3f247	decompiled	chunks/001/functions-000121.c	-[SCContactPermissionPlaceholderData setTitle:]	
106a3f248	106a3f24f	decompiled	chunks/001/functions-000122.c	-[SCContactPermissionPlaceholderData subtitle]	
106a3f250	106a3f27f	decompiled	chunks/001/functions-000122.c	-[SCContactPermissionPlaceholderData setSubtitle:]	
106a3f280	106a3f2af	decompiled	chunks/001/functions-000122.c	-[SCContactPermissionPlaceholderData .cxx_destruct]	
106a3f2b0	106a3f333	decompiled	chunks/001/functions-000122.c	-[SCContactPermissionResumeiOS18ViewController initWithScreen:]	
106a3f334	106a3f383	decompiled	chunks/001/functions-000122.c	-[SCContactPermissionResumeiOS18ViewController viewDidLoad]	
106a3f384	106a3fd2f	decompiled	chunks/001/functions-000122.c	-[SCContactPermissionResumeiOS18ViewController _setupUI]	
106a3fd30	106a3fd4b	decompiled	chunks/001/functions-000122.c	-[SCContactPermissionResumeiOS18ViewController _startRenderingViewModels]	
106a3fd4c	106a3fd57	decompiled	chunks/001/functions-000122.c	-[SCContactPermissionResumeiOS18ViewController tableView:heightForRowAtIndexPath:]	
106a3fd58	106a3fd93	decompiled	chunks/001/functions-000122.c	-[SCContactPermissionResumeiOS18ViewController tableView:numberOfRowsInSection:]	
106a3fd94	106a3ffc7	decompiled	chunks/001/functions-000122.c	-[SCContactPermissionResumeiOS18ViewController tableView:cellForRowAtIndexPath:]	
106a3ffc8	106a3ffcb	decompiled	chunks/001/functions-000122.c	-[SCContactPermissionResumeiOS18ViewController tableView:titleForHeaderInSection:]	
106a3ffcc	106a40017	decompiled	chunks/001/functions-000122.c	-[SCContactPermissionResumeiOS18ViewController _openOSSettingsButtonTapped]	
106a40018	106a40063	decompiled	chunks/001/functions-000122.c	-[SCContactPermissionResumeiOS18ViewController _notNowButtonTapped]	
106a40064	106a40077	decompiled	chunks/001/functions-000122.c	-[SCContactPermissionResumeiOS18ViewController .cxx_destruct]	
106a40078	106a400cb	decompiled	chunks/001/functions-000122.c		
106a400cc	106a4025f	decompiled	chunks/001/functions-000122.c		
106a40260	106a40323	decompiled	chunks/001/functions-000122.c	-[SCContactPermissionResumeWorkflow initWithFlow:router:delegate:]	
106a40324	106a4041f	decompiled	chunks/001/functions-000122.c	-[SCContactPermissionResumeWorkflow begin]	
106a40420	106a4046b	decompiled	chunks/001/functions-000122.c		
106a4046c	106a404c3	decompiled	chunks/001/functions-000122.c		
106a404c4	106a404ef	decompiled	chunks/001/functions-000122.c		
106a404f0	106a40547	decompiled	chunks/001/functions-000122.c		
106a40548	106a40553	decompiled	chunks/001/functions-000122.c		
106a40554	106a405ab	decompiled	chunks/001/functions-000122.c	-[SCContactPermissionResumeWorkflow contactPermissionResumeCancel]	
106a405ac	106a405e7	decompiled	chunks/001/functions-000122.c		
106a405e8	106a4063f	decompiled	chunks/001/functions-000122.c	-[SCContactPermissionResumeWorkflow contactPermissionResumeOpenOSSettings]	
106a40640	106a40697	decompiled	chunks/001/functions-000122.c		
106a40698	106a4069b	decompiled	chunks/001/functions-000122.c	-[SCContactPermissionResumeWorkflow tray:positionDidChange:]	
106a4069c	106a406c7	decompiled	chunks/001/functions-000122.c	-[SCContactPermissionResumeWorkflow trayDidDismiss:]	
106a406c8	106a406ff	decompiled	chunks/001/functions-000122.c	-[SCContactPermissionResumeWorkflow .cxx_destruct]	
106a40700	106a40897	decompiled	chunks/001/functions-000122.c		
106a40898	106a408df	decompiled	chunks/001/functions-000122.c	+[SCContactPermissionResumeAction cancel]	
106a408e0	106a4092b	decompiled	chunks/001/functions-000122.c	+[SCContactPermissionResumeAction openOSSettings]	
106a4092c	106a4094f	decompiled	chunks/001/functions-000122.c	-[SCContactPermissionResumeAction copyWithZone:]	
106a40950	106a40957	decompiled	chunks/001/functions-000122.c	-[SCContactPermissionResumeAction hash]	
106a40958	106a4099b	decompiled	chunks/001/functions-000122.c	-[SCContactPermissionResumeAction internalInit]	
106a4099c	106a40a23	decompiled	chunks/001/functions-000122.c	-[SCContactPermissionResumeAction isEqual:]	
106a40a24	106a40a9b	decompiled	chunks/001/functions-000122.c	-[SCContactPermissionResumeAction matchCancel:openOSSettings:]	
106a40a9c	106a40bdb	decompiled	chunks/001/functions-000122.c	-[SCContactSupportScopeEntryPoint begin]	
106a40bdc	106a40c67	decompiled	chunks/001/functions-000122.c	-[SCContactSupportScopeEntryPoint end]	
106a40c68	106a40cb3	decompiled	chunks/001/functions-000122.c	-[SCContactSupportScopeEntryPoint settingFinished]	
106a40cb4	106a40cb7	decompiled	chunks/001/functions-000122.c	-[SCContactSupportScopeEntryPoint settingDismissed]	
106a40cb8	106a40d07	decompiled	chunks/001/functions-000122.c	-[SCContactSupportScopeEntryPoint .cxx_destruct]	
106a40d08	106a40e1b	decompiled	chunks/001/functions-000122.c	-[AuthenticatedWebViewToolbarViewController initForWebViewType:usernameProvider:snapTokenProvider:switchboardEnabled:]	
106a40e1c	106a40e83	decompiled	chunks/001/functions-000122.c		
106a40e84	106a40e8b	decompiled	chunks/001/functions-000122.c	-[AuthenticatedWebViewToolbarViewController pageViewName]	
106a40e8c	106a412cb	decompiled	chunks/001/functions-000122.c	-[AuthenticatedWebViewToolbarViewController _generateParametersWithUsernameProvider:snapTokenProvider:completion:]	
106a412cc	106a412f3	decompiled	chunks/001/functions-000122.c		
106a412f4	106a412ff	decompiled	chunks/001/functions-000122.c	-[AuthenticatedWebViewToolbarViewController _urlRequestString]	
106a41300	106a4133b	decompiled	chunks/001/functions-000122.c	-[AuthenticatedWebViewToolbarViewController _parametersGenerated:snapToken:]	
106a4133c	106a4145f	decompiled	chunks/001/functions-000122.c	-[AuthenticatedWebViewToolbarViewController _createRequest:snapToken:]	
106a41460	106a41467	decompiled	chunks/001/functions-000122.c	-[AuthenticatedWebViewToolbarViewController configureWebView]	
106a41468	106a414b3	decompiled	chunks/001/functions-000122.c	-[AuthenticatedWebViewToolbarViewController viewWillAppear:]	
106a414b4	106a414bf	decompiled	chunks/001/functions-000122.c	-[AuthenticatedWebViewToolbarViewController supportedInterfaceOrientations]	
106a414c0	106a41533	decompiled	chunks/001/functions-000122.c	-[AuthenticatedWebViewToolbarViewController rightButtonPressed]	
106a41534	106a41a07	decompiled	chunks/001/functions-000122.c	-[SCSettingsSupportEntryPoint begin]	
106a41a08	106a41b97	decompiled	chunks/001/functions-000122.c		
106a41b98	106a41dbf	decompiled	chunks/001/functions-000122.c	-[SCSettingsSupportEntryPoint _presentINeedHelpPage:]	
106a41dc0	106a41dd7	decompiled	chunks/001/functions-000122.c		
106a41dd8	106a41e93	decompiled	chunks/001/functions-000122.c	-[SCSettingsSupportEntryPoint _logPageOpen:]	
106a41e94	106a41f4f	decompiled	chunks/001/functions-000122.c	-[SCSettingsSupportEntryPoint _handleWithUrl:withUrl:]	
106a41f50	106a41fbb	decompiled	chunks/001/functions-000122.c	-[SCSettingsSupportEntryPoint webBrowserDidDismiss:]	
106a41fbc	106a42033	decompiled	chunks/001/functions-000122.c	-[SCSettingsSupportEntryPoint .cxx_destruct]	
106a42034	106a420f3	decompiled	chunks/001/functions-000122.c	-[SCSimpleSettingsRowProvider initWithSectionRow:rowViewModel:contextHandler:]	
106a420f4	106a421c3	decompiled	chunks/001/functions-000122.c	-[SCSimpleSettingsRowProvider initWithSectionRow:observableRowViewModel:contextHandler:]	
106a421c4	106a421eb	decompiled	chunks/001/functions-000122.c	-[SCSimpleSettingsRowProvider sectionRow]	
106a421ec	106a42213	decompiled	chunks/001/functions-000122.c	-[SCSimpleSettingsRowProvider rowViewModel]	
106a42214	106a4222b	decompiled	chunks/001/functions-000122.c	-[SCSimpleSettingsRowProvider handleWithContext:]	
106a4222c	106a42267	decompiled	chunks/001/functions-000122.c	-[SCSimpleSettingsRowProvider .cxx_destruct]	
106a42268	106a42363	decompiled	chunks/001/functions-000122.c	-[SCCollectionViewAutoPlayConfigProvider initWithPlaybackScope:pluginCreator:storiesPlaybackServices:grapheneRegistry:]	
106a42364	106a42443	decompiled	chunks/001/functions-000122.c	-[SCCollectionViewAutoPlayConfigProvider sessionContext]	
106a42444	106a42567	decompiled	chunks/001/functions-000122.c	-[SCCollectionViewAutoPlayConfigProvider launchingCandidates]	
106a42568	106a425b7	decompiled	chunks/001/functions-000122.c	-[SCCollectionViewAutoPlayConfigProvider presentingConfig]	
106a425b8	106a42837	decompiled	chunks/001/functions-000122.c	-[SCCollectionViewAutoPlayConfigProvider plugins]	
106a42838	106a4287f	decompiled	chunks/001/functions-000122.c		
106a42880	106a4290f	decompiled	chunks/001/functions-000122.c		
106a42910	106a42913	decompiled	chunks/001/functions-000122.c		
106a42914	106a42a6b	decompiled	chunks/001/functions-000122.c	-[SCCollectionViewAutoPlayConfigProvider _discoverFeedStoryToPlay]	
106a42a6c	106a42a9b	decompiled	chunks/001/functions-000122.c		
106a42a9c	106a42ad3	decompiled	chunks/001/functions-000122.c		
106a42ad4	106a42ad7	decompiled	chunks/001/functions-000122.c		
106a42ad8	106a42c1f	decompiled	chunks/001/functions-000122.c	-[SCCollectionViewAutoPlayConfigProvider playbackDataProvider]	
106a42c20	106a42c67	decompiled	chunks/001/functions-000122.c	-[SCCollectionViewAutoPlayConfigProvider .cxx_destruct]	
106a42c68	106a42c8f	decompiled	chunks/001/functions-000122.c		
106a42c90	106a42e2f	decompiled	chunks/001/functions-000122.c	-[SCFriendStoriesNonFriendStoriesCombinedConfigProvider initWithPlaybackScope:pluginCreator:storiesPlaybackServices:playbackDelegate:circumstanceEngine:discoverFeedEventsController:playlistGenerator:friendingInterstitialPluginService:]	
106a42e30	106a42f2b	decompiled	chunks/001/functions-000122.c	-[SCFriendStoriesNonFriendStoriesCombinedConfigProvider sessionContext]	
106a42f2c	106a42fc7	decompiled	chunks/001/functions-000122.c	-[SCFriendStoriesNonFriendStoriesCombinedConfigProvider launchingCandidates]	
106a42fc8	106a430b3	decompiled	chunks/001/functions-000122.c	-[SCFriendStoriesNonFriendStoriesCombinedConfigProvider presentingConfig]	
106a430b4	106a43123	decompiled	chunks/001/functions-000122.c	-[SCFriendStoriesNonFriendStoriesCombinedConfigProvider _thumbnailTransitionDurationMsOverride]	
106a43124	106a43edb	decompiled	chunks/001/functions-000122.c	-[SCFriendStoriesNonFriendStoriesCombinedConfigProvider plugins]	
106a43edc	106a43ef3	decompiled	chunks/001/functions-000122.c		
106a43ef4	106a44133	decompiled	chunks/001/functions-000122.c		
106a44134	106a442d3	decompiled	chunks/001/functions-000122.c		
106a442d4	106a442db	decompiled	chunks/001/functions-000122.c		
106a442dc	106a4443b	decompiled	chunks/001/functions-000122.c		
106a4443c	106a44447	decompiled	chunks/001/functions-000122.c		
106a44448	106a4451b	decompiled	chunks/001/functions-000122.c		
106a4451c	106a44553	decompiled	chunks/001/functions-000122.c		
106a44554	106a44563	decompiled	chunks/001/functions-000122.c		
106a44564	106a44603	decompiled	chunks/001/functions-000122.c	-[SCFriendStoriesNonFriendStoriesCombinedConfigProvider _resolveInterstitialAugmentationIfNeeded:]	
106a44604	106a44607	decompiled	chunks/001/functions-000123.c	-[SCFriendStoriesNonFriendStoriesCombinedConfigProvider playbackDataProvider]	
106a44608	106a44673	decompiled	chunks/001/functions-000123.c	-[SCFriendStoriesNonFriendStoriesCombinedConfigProvider _playlistDataModels]	
106a44674	106a44833	decompiled	chunks/001/functions-000123.c	-[SCFriendStoriesNonFriendStoriesCombinedConfigProvider _basePlaylistDataModels]	
106a44834	106a4486b	decompiled	chunks/001/functions-000123.c		
106a4486c	106a44877	decompiled	chunks/001/functions-000123.c		
106a44878	106a448af	decompiled	chunks/001/functions-000123.c		
106a448b0	106a448bb	decompiled	chunks/001/functions-000123.c		
106a448bc	106a448f3	decompiled	chunks/001/functions-000123.c		
106a448f4	106a44907	decompiled	chunks/001/functions-000123.c		
106a44908	106a44aab	decompiled	chunks/001/functions-000123.c	-[SCFriendStoriesNonFriendStoriesCombinedConfigProvider _allDiscoverFeedStories]	
106a44aac	106a44ae3	decompiled	chunks/001/functions-000123.c		
106a44ae4	106a44aef	decompiled	chunks/001/functions-000123.c		
106a44af0	106a44b27	decompiled	chunks/001/functions-000123.c		
106a44b28	106a44b4b	decompiled	chunks/001/functions-000123.c		
106a44b4c	106a44c87	decompiled	chunks/001/functions-000123.c	-[SCFriendStoriesNonFriendStoriesCombinedConfigProvider _combinedPlaydataProvider]	
106a44c88	106a44c8f	decompiled	chunks/001/functions-000123.c		
106a44c90	106a44cf3	decompiled	chunks/001/functions-000123.c		
106a44cf4	106a44d73	decompiled	chunks/001/functions-000123.c	-[SCFriendStoriesNonFriendStoriesCombinedConfigProvider .cxx_destruct]	
106a44d74	106a44f13	decompiled	chunks/001/functions-000123.c	-[SCFriendsFeedConfigProvider initWithPlaybackScope:pluginCreator:storiesPlaybackServices:playbackDelegate:circumstanceEngine:playlistGenerator:storiesConfigProvider:friendingInterstitialPluginService:]	
106a44f14	106a44ff3	decompiled	chunks/001/functions-000123.c	-[SCFriendsFeedConfigProvider sessionContext]	
106a44ff4	106a4508f	decompiled	chunks/001/functions-000123.c	-[SCFriendsFeedConfigProvider launchingCandidates]	
106a45090	106a450d3	decompiled	chunks/001/functions-000123.c	-[SCFriendsFeedConfigProvider _shouldEnableVOpera]	
106a450d4	106a450eb	decompiled	chunks/001/functions-000123.c	-[SCFriendsFeedConfigProvider _navigationStyle]	
106a450ec	106a4516f	decompiled	chunks/001/functions-000123.c	-[SCFriendsFeedConfigProvider presentingConfig]	
106a45170	106a4517f	decompiled	chunks/001/functions-000123.c	-[SCFriendsFeedConfigProvider _thumbnailTransitionDurationMsOverride]	
106a45180	106a45593	decompiled	chunks/001/functions-000123.c	-[SCFriendsFeedConfigProvider plugins]	
106a45594	106a455e7	decompiled	chunks/001/functions-000123.c		
106a455e8	106a45687	decompiled	chunks/001/functions-000123.c	-[SCFriendsFeedConfigProvider _resolveInterstitialAugmentationIfNeeded:]	
106a45688	106a4568b	decompiled	chunks/001/functions-000123.c	-[SCFriendsFeedConfigProvider playbackDataProvider]	
106a4568c	106a457e3	decompiled	chunks/001/functions-000123.c	-[SCFriendsFeedConfigProvider _storiesPlugin]	
106a457e4	106a457ff	decompiled	chunks/001/functions-000123.c		
106a45800	106a4586f	decompiled	chunks/001/functions-000123.c		
106a45870	106a4589f	decompiled	chunks/001/functions-000123.c		
106a458a0	106a4590b	decompiled	chunks/001/functions-000123.c	-[SCFriendsFeedConfigProvider _playlistDataModels]	
106a4590c	106a45a97	decompiled	chunks/001/functions-000123.c	-[SCFriendsFeedConfigProvider _basePlaylistDataModels]	
106a45a98	106a45a9b	decompiled	chunks/001/functions-000123.c		
106a45a9c	106a45ad3	decompiled	chunks/001/functions-000123.c		
106a45ad4	106a45b03	decompiled	chunks/001/functions-000123.c		
106a45b04	106a45c8f	decompiled	chunks/001/functions-000123.c	-[SCFriendsFeedConfigProvider _allDiscoverFeedStories]	
106a45c90	106a45c93	decompiled	chunks/001/functions-000123.c		
106a45c94	106a45ccb	decompiled	chunks/001/functions-000123.c		
106a45ccc	106a45cfb	decompiled	chunks/001/functions-000123.c		
106a45cfc	106a45f37	decompiled	chunks/001/functions-000123.c	-[SCFriendsFeedConfigProvider _combinedPlaydataProvider]	
106a45f38	106a45f3b	decompiled	chunks/001/functions-000123.c		
106a45f3c	106a45f73	decompiled	chunks/001/functions-000123.c		
106a45f74	106a45fa3	decompiled	chunks/001/functions-000123.c		
106a45fa4	106a4600b	decompiled	chunks/001/functions-000123.c		
106a4600c	106a4608b	decompiled	chunks/001/functions-000123.c	-[SCFriendsFeedConfigProvider .cxx_destruct]	
106a4608c	106a4612f	decompiled	chunks/001/functions-000123.c	-[SCMassSnapManagementPlaybackConfigProvider initWithPlaybackScope:pluginCreator:playbackDelegate:]	
106a46130	106a4620f	decompiled	chunks/001/functions-000123.c	-[SCMassSnapManagementPlaybackConfigProvider sessionContext]	
106a46210	106a46367	decompiled	chunks/001/functions-000123.c	-[SCMassSnapManagementPlaybackConfigProvider launchingCandidates]	
106a46368	106a463b7	decompiled	chunks/001/functions-000123.c	-[SCMassSnapManagementPlaybackConfigProvider presentingConfig]	
106a463b8	106a46447	decompiled	chunks/001/functions-000123.c	-[SCMassSnapManagementPlaybackConfigProvider plugins]	
106a46448	106a4644f	decompiled	chunks/001/functions-000123.c	-[SCMassSnapManagementPlaybackConfigProvider playbackDataProvider]	
106a46450	106a465a7	decompiled	chunks/001/functions-000123.c	-[SCMassSnapManagementPlaybackConfigProvider _massSnapAllGroupDataModels]	
106a465a8	106a465f3	decompiled	chunks/001/functions-000123.c		
106a465f4	106a4662b	decompiled	chunks/001/functions-000123.c		
106a4662c	106a4675f	decompiled	chunks/001/functions-000123.c	-[SCMassSnapManagementPlaybackConfigProvider _massSnapStartingGroupIndex]	
106a46760	106a467a3	decompiled	chunks/001/functions-000123.c		
106a467a4	106a467d3	decompiled	chunks/001/functions-000123.c	-[SCMassSnapManagementPlaybackConfigProvider .cxx_destruct]	
106a467d4	106a468f7	decompiled	chunks/001/functions-000123.c	-[SCMyStoryConfigProvider initWithPlaybackScope:pluginCreator:storiesPlaybackServices:playbackDelegate:circumstanceEngine:]	
106a468f8	106a469d3	decompiled	chunks/001/functions-000123.c	-[SCMyStoryConfigProvider sessionContext]	
106a469d4	106a46a6f	decompiled	chunks/001/functions-000123.c	-[SCMyStoryConfigProvider launchingCandidates]	
106a46a70	106a46cc3	decompiled	chunks/001/functions-000123.c	-[SCMyStoryConfigProvider presentingConfig]	
106a46cc4	106a46d07	decompiled	chunks/001/functions-000123.c		
106a46d08	106a474d7	decompiled	chunks/001/functions-000123.c	-[SCMyStoryConfigProvider plugins]	
106a474d8	106a474f7	decompiled	chunks/001/functions-000123.c		
106a474f8	106a47943	decompiled	chunks/001/functions-000123.c		
106a47944	106a47aff	decompiled	chunks/001/functions-000123.c		
106a47b00	106a47b13	decompiled	chunks/001/functions-000123.c		
106a47b14	106a47b5b	decompiled	chunks/001/functions-000123.c		
106a47b5c	106a47b6f	decompiled	chunks/001/functions-000123.c		
106a47b70	106a47ba7	decompiled	chunks/001/functions-000123.c		
106a47ba8	106a47bab	decompiled	chunks/001/functions-000123.c	-[SCMyStoryConfigProvider playbackDataProvider]	
106a47bac	106a47d2b	decompiled	chunks/001/functions-000123.c	-[SCMyStoryConfigProvider _playlistDataModels]	
106a47d2c	106a47d33	decompiled	chunks/001/functions-000123.c		
106a47d34	106a47d6b	decompiled	chunks/001/functions-000123.c		
106a47d6c	106a47d7f	decompiled	chunks/001/functions-000123.c		
106a47d80	106a47e7f	decompiled	chunks/001/functions-000123.c		
106a47e80	106a47e93	decompiled	chunks/001/functions-000123.c		
106a47e94	106a4801f	decompiled	chunks/001/functions-000123.c	-[SCMyStoryConfigProvider _myStoryPlaybackDataProvider]	
106a48020	106a48027	decompiled	chunks/001/functions-000123.c		
106a48028	106a4805f	decompiled	chunks/001/functions-000123.c		
106a48060	106a4808b	decompiled	chunks/001/functions-000123.c		
106a4808c	106a4812b	decompiled	chunks/001/functions-000123.c	-[SCMyStoryConfigProvider .cxx_destruct]	
106a4812c	106a481f7	decompiled	chunks/001/functions-000123.c	-[SCSingleSnapStoriesPlaybackConfigProvider initWithPlaybackScope:pluginCreator:storiesPlaybackServices:playbackDelegate:]	
106a481f8	106a482d3	decompiled	chunks/001/functions-000123.c	-[SCSingleSnapStoriesPlaybackConfigProvider sessionContext]	
106a482d4	106a4836f	decompiled	chunks/001/functions-000123.c	-[SCSingleSnapStoriesPlaybackConfigProvider launchingCandidates]	
106a48370	106a483bf	decompiled	chunks/001/functions-000123.c	-[SCSingleSnapStoriesPlaybackConfigProvider presentingConfig]	
106a483c0	106a48693	decompiled	chunks/001/functions-000123.c	-[SCSingleSnapStoriesPlaybackConfigProvider plugins]	
106a48694	106a487eb	decompiled	chunks/001/functions-000123.c	-[SCSingleSnapStoriesPlaybackConfigProvider playbackDataProvider]	
106a487ec	106a4882f	decompiled	chunks/001/functions-000123.c		
106a48830	106a48867	decompiled	chunks/001/functions-000123.c		
106a48868	106a4886f	decompiled	chunks/001/functions-000123.c		
106a48870	106a489c7	decompiled	chunks/001/functions-000123.c	-[SCSingleSnapStoriesPlaybackConfigProvider _playlistDataModels]	
106a489c8	106a489f3	decompiled	chunks/001/functions-000123.c		
106a489f4	106a48a2b	decompiled	chunks/001/functions-000123.c		
106a48a2c	106a48a33	decompiled	chunks/001/functions-000123.c		
106a48a34	106a48b8b	decompiled	chunks/001/functions-000123.c	-[SCSingleSnapStoriesPlaybackConfigProvider _commentsSnapReplyLoggingInfo]	
106a48b8c	106a48bb7	decompiled	chunks/001/functions-000123.c		
106a48bb8	106a48bef	decompiled	chunks/001/functions-000124.c		
106a48bf0	106a48bf7	decompiled	chunks/001/functions-000124.c		
106a48bf8	106a48c33	decompiled	chunks/001/functions-000124.c	-[SCSingleSnapStoriesPlaybackConfigProvider .cxx_destruct]	
106a48c34	106a48d4f	decompiled	chunks/001/functions-000124.c	-[SCStoriesDeeplinkPlaybackConfigProvider initWithPlaybackScope:pluginCreator:storiesPlaybackServices:playbackDelegate:playlistGenerator:]	
106a48d50	106a48e2f	decompiled	chunks/001/functions-000124.c	-[SCStoriesDeeplinkPlaybackConfigProvider sessionContext]	
106a48e30	106a48f7f	decompiled	chunks/001/functions-000124.c	-[SCStoriesDeeplinkPlaybackConfigProvider launchingCandidates]	
106a48f80	106a48fcf	decompiled	chunks/001/functions-000124.c	-[SCStoriesDeeplinkPlaybackConfigProvider presentingConfig]	
106a48fd0	106a4934f	decompiled	chunks/001/functions-000124.c	-[SCStoriesDeeplinkPlaybackConfigProvider plugins]	
106a49350	106a4939f	decompiled	chunks/001/functions-000124.c		
106a493a0	106a493a3	decompiled	chunks/001/functions-000124.c	-[SCStoriesDeeplinkPlaybackConfigProvider playbackDataProvider]	
106a493a4	106a494bf	decompiled	chunks/001/functions-000124.c	-[SCStoriesDeeplinkPlaybackConfigProvider _remoteStoriesPlaybackDataProvider]	
106a494c0	106a4950f	decompiled	chunks/001/functions-000124.c	-[SCStoriesDeeplinkPlaybackConfigProvider .cxx_destruct]	
106a49510	106a4a4a7	decompiled	chunks/001/functions-000124.c	-[SCContentProductPlaybackEntryPoint begin]	
106a4a4a8	106a4a4af	decompiled	chunks/001/functions-000124.c		
106a4a4b0	106a4a52b	decompiled	chunks/001/functions-000124.c		
106a4a52c	106a4ab1b	decompiled	chunks/001/functions-000124.c		
106a4ab1c	106a4ab8b	decompiled	chunks/001/functions-000124.c		
106a4ab8c	106a4ac1f	decompiled	chunks/001/functions-000124.c	-[SCContentProductPlaybackEntryPoint end]	
106a4ac20	106a4ad97	decompiled	chunks/001/functions-000124.c	-[SCContentProductPlaybackEntryPoint _deepLinkId]	
106a4ad98	106a4adc7	decompiled	chunks/001/functions-000124.c		
106a4adc8	106a4adff	decompiled	chunks/001/functions-000124.c		
106a4ae00	106a4ae1b	decompiled	chunks/001/functions-000124.c		
106a4ae1c	106a4af93	decompiled	chunks/001/functions-000124.c	-[SCContentProductPlaybackEntryPoint _pageSessionId]	
106a4af94	106a4afcb	decompiled	chunks/001/functions-000124.c		
106a4afcc	106a4afff	decompiled	chunks/001/functions-000124.c		
106a4b000	106a4b13b	decompiled	chunks/001/functions-000124.c	-[SCContentProductPlaybackEntryPoint .cxx_destruct]	
106a4b13c	106a4b1ef	decompiled	chunks/001/functions-000124.c	-[SCContentProductPlaybackOperaDelegate initWithPresenterDelegate:playbackScope:upnextV2WorkFlow:]	
106a4b1f0	106a4b2bf	decompiled	chunks/001/functions-000124.c	-[SCContentProductPlaybackOperaDelegate operaPresenter:didBeginPlayingPlaylistGroupDataModel:]	
106a4b2c0	106a4b38b	decompiled	chunks/001/functions-000124.c	-[SCContentProductPlaybackOperaDelegate operaPresenter:didFinishViewingPlaylistGroupDataModel:nextGroupDataModel:]	
106a4b38c	106a4b41f	decompiled	chunks/001/functions-000124.c	-[SCContentProductPlaybackOperaDelegate operaPresenterDidCancelDismissing:]	
106a4b420	106a4b4b3	decompiled	chunks/001/functions-000124.c	-[SCContentProductPlaybackOperaDelegate operaPresenterDidFailToPresent:]	
106a4b4b4	106a4b51f	decompiled	chunks/001/functions-000124.c	-[SCContentProductPlaybackOperaDelegate operaPresenterDidTearDown:]	
106a4b520	106a4b5cb	decompiled	chunks/001/functions-000124.c	-[SCContentProductPlaybackOperaDelegate operaPresenterDidFinishDismissing:]	
106a4b5cc	106a4b67f	decompiled	chunks/001/functions-000124.c	-[SCContentProductPlaybackOperaDelegate operaPresenterDidFinishPresenting:transitionAnimator:]	
106a4b680	106a4b713	decompiled	chunks/001/functions-000124.c	-[SCContentProductPlaybackOperaDelegate operaPresenterWillBeginAnimatingToDismiss:]	
106a4b714	106a4b7c7	decompiled	chunks/001/functions-000124.c	-[SCContentProductPlaybackOperaDelegate operaPresenterWillBeginDismissing:transitionAnimator:]	
106a4b7c8	106a4b87b	decompiled	chunks/001/functions-000124.c	-[SCContentProductPlaybackOperaDelegate operaPresenterWillBeginPresenting:transitionAnimator:]	
106a4b87c	106a4b8ab	decompiled	chunks/001/functions-000124.c	-[SCContentProductPlaybackOperaDelegate .cxx_destruct]	
106a4b8ac	106a4b93f	decompiled	chunks/001/functions-000124.c	-[SCCollectionViewAutoPlayTransitionAnimator initWithParentViewController:baseView:]	
106a4b940	106a4bb43	decompiled	chunks/001/functions-000124.c	-[SCCollectionViewAutoPlayTransitionAnimator present:]	
106a4bb44	106a4bc1b	decompiled	chunks/001/functions-000124.c	-[SCCollectionViewAutoPlayTransitionAnimator dismiss:]	
106a4bc1c	106a4bc1f	decompiled	chunks/001/functions-000124.c	-[SCCollectionViewAutoPlayTransitionAnimator updateBaseView:baseViewOrientation:topInset:transitionMode:]	
106a4bc20	106a4bc23	decompiled	chunks/001/functions-000124.c	-[SCCollectionViewAutoPlayTransitionAnimator updateTransitionMode:]	
106a4bc24	106a4bc2b	decompiled	chunks/001/functions-000124.c	-[SCCollectionViewAutoPlayTransitionAnimator transitionMode]	
106a4bc2c	106a4bc2f	decompiled	chunks/001/functions-000124.c	-[SCCollectionViewAutoPlayTransitionAnimator resetGestureIfNecessary]	
106a4bc30	106a4bc33	decompiled	chunks/001/functions-000124.c	-[SCCollectionViewAutoPlayTransitionAnimator enableFadeTransitionInDismissal:fadingViews:]	
106a4bc34	106a4bc37	decompiled	chunks/001/functions-000124.c	-[SCCollectionViewAutoPlayTransitionAnimator disableFadeTransitionInDismissal]	
106a4bc38	106a4bc3b	decompiled	chunks/001/functions-000124.c	-[SCCollectionViewAutoPlayTransitionAnimator updateDismissalAnimationVolumeControl:]	
106a4bc3c	106a4bc43	decompiled	chunks/001/functions-000124.c	-[SCCollectionViewAutoPlayTransitionAnimator dismissalSwipeDirection]	
106a4bc44	106a4bc5b	decompiled	chunks/001/functions-000124.c	-[SCCollectionViewAutoPlayTransitionAnimator parentVC]	
106a4bc5c	106a4bc73	decompiled	chunks/001/functions-000124.c	-[SCCollectionViewAutoPlayTransitionAnimator childVC]	
106a4bc74	106a4bc7f	decompiled	chunks/001/functions-000124.c	-[SCCollectionViewAutoPlayTransitionAnimator setChildVC:]	
106a4bc80	106a4bc97	decompiled	chunks/001/functions-000124.c	-[SCCollectionViewAutoPlayTransitionAnimator delegate]	
106a4bc98	106a4bca3	decompiled	chunks/001/functions-000124.c	-[SCCollectionViewAutoPlayTransitionAnimator setDelegate:]	
106a4bca4	106a4bcaf	decompiled	chunks/001/functions-000124.c	-[SCCollectionViewAutoPlayTransitionAnimator baseViewFrame]	
106a4bcb0	106a4bcbb	decompiled	chunks/001/functions-000124.c	-[SCCollectionViewAutoPlayTransitionAnimator setBaseViewFrame:]	
106a4bcbc	106a4bcd3	decompiled	chunks/001/functions-000124.c	-[SCCollectionViewAutoPlayTransitionAnimator baseView]	
106a4bcd4	106a4bcdf	decompiled	chunks/001/functions-000124.c	-[SCCollectionViewAutoPlayTransitionAnimator setBaseView:]	
106a4bce0	106a4bcf7	decompiled	chunks/001/functions-000124.c	-[SCCollectionViewAutoPlayTransitionAnimator volumeController]	
106a4bcf8	106a4bd03	decompiled	chunks/001/functions-000124.c	-[SCCollectionViewAutoPlayTransitionAnimator setVolumeController:]	
106a4bd04	106a4bd43	decompiled	chunks/001/functions-000124.c	-[SCCollectionViewAutoPlayTransitionAnimator .cxx_destruct]	
106a4bd44	106a4bdcb	decompiled	chunks/001/functions-000124.c	-[SCContextActionHandlingInitOnStartupCompleteEntryPoint begin]	
106a4bdcc	106a4be3f	decompiled	chunks/001/functions-000124.c		
106a4be40	106a4be5f	decompiled	chunks/001/functions-000124.c	-[SCContextActionHandlingInitOnStartupCompleteEntryPoint contextActionHandlingServices]	
106a4be60	106a4be73	decompiled	chunks/001/functions-000124.c	-[SCContextActionHandlingInitOnStartupCompleteEntryPoint setContextActionHandlingServices:]	
106a4be74	106a4beab	decompiled	chunks/001/functions-000124.c	-[SCContextActionHandlingInitOnStartupCompleteEntryPoint .cxx_destruct]	
106a4beac	106a4c033	decompiled	chunks/001/functions-000124.c		
106a4c034	106a4c0f3	decompiled	chunks/001/functions-000124.c	-[SCContextActionHandlingServiceProvider end]	
106a4c0f4	106a4c113	decompiled	chunks/001/functions-000124.c	-[SCContextActionHandlingServiceProvider circumstanceEngineServices]	
106a4c114	106a4c127	decompiled	chunks/001/functions-000124.c	-[SCContextActionHandlingServiceProvider setCircumstanceEngineServices:]	
106a4c128	106a4c19b	decompiled	chunks/001/functions-000124.c	-[SCContextActionHandlingServiceProvider .cxx_destruct]	
106a4c19c	106a4c397	decompiled	chunks/001/functions-000124.c	-[SCContextActionHandler initWithActionProvidersObservable:paramsObservable:circumstanceEngine:]	
106a4c398	106a4c447	decompiled	chunks/001/functions-000124.c		
106a4c448	106a4ca83	decompiled	chunks/001/functions-000124.c	-[SCContextActionHandler handleAction:source:baseViewController:container:completion:]	
106a4ca84	106a4cb87	decompiled	chunks/001/functions-000124.c		
106a4cb88	106a4cc67	decompiled	chunks/001/functions-000124.c		
106a4cc68	106a4ccbb	decompiled	chunks/001/functions-000124.c		
106a4ccbc	106a4cdf7	decompiled	chunks/001/functions-000124.c		
106a4cdf8	106a4ce53	decompiled	chunks/001/functions-000124.c		
106a4ce54	106a4ceaf	decompiled	chunks/001/functions-000124.c		
106a4ceb0	106a4ceb7	decompiled	chunks/001/functions-000124.c		
106a4ceb8	106a4cf07	decompiled	chunks/001/functions-000124.c	-[SCContextActionHandler createContainerForViewController:]	
106a4cf08	106a4cf0f	decompiled	chunks/001/functions-000124.c	-[SCContextActionHandler associatePerformer:]	
106a4cf10	106a4cf17	decompiled	chunks/001/functions-000124.c	-[SCContextActionHandler disassociatePerformer:]	
106a4cf18	106a4cf2f	decompiled	chunks/001/functions-000124.c	-[SCContextActionHandler delegate]	
106a4cf30	106a4cf3b	decompiled	chunks/001/functions-000124.c	-[SCContextActionHandler setDelegate:]	
106a4cf3c	106a4cf97	decompiled	chunks/001/functions-000124.c	-[SCContextActionHandler .cxx_destruct]	
106a4cf98	106a4d03b	decompiled	chunks/001/functions-000124.c	-[SCContextActionHandlingProvider initWithActionProvidersObservable:circumstanceEngine:]	
106a4d03c	106a4d097	decompiled	chunks/001/functions-000124.c	-[SCContextActionHandlingProvider createActionHandlerWithParamsObservable:]	
106a4d098	106a4d12f	decompiled	chunks/001/functions-000124.c	-[SCContextActionHandlingProvider createActionHandlerWithParams:]	
106a4d130	106a4d15f	decompiled	chunks/001/functions-000124.c	-[SCContextActionHandlingProvider .cxx_destruct]	
106a4d160	106a4d16b	decompiled	chunks/001/functions-000124.c	+[SCCContextOperaChromeHeaderRenderer componentPath]	
106a4d16c	106a4d19f	decompiled	chunks/001/functions-000124.c	-[SCCContextOperaChromeHeaderRenderer initWithViewModel:componentContext:runtime:]	
106a4d1a0	106a4d1ef	decompiled	chunks/001/functions-000124.c	-[SCCContextOperaChromeHeaderRenderer setViewModel:]	
106a4d1f0	106a4d233	decompiled	chunks/001/functions-000124.c	-[SCCContextOperaChromeHeaderRenderer viewModel]	
106a4d234	106a4d27f	decompiled	chunks/001/functions-000124.c	-[SCCContextOperaChromeHeaderRendererContext initWithShowActionMenuEnabled:showSubscriptionEnabled:]	
106a4d280	106a4d2a7	decompiled	chunks/001/functions-000124.c	+[SCCContextOperaChromeHeaderRendererContext valdiMarshallableObjectDescriptor]	
106a4d2a8	106a4d2cb	decompiled	chunks/001/functions-000124.c		
106a4d2cc	106a4d34b	decompiled	chunks/001/functions-000124.c		
106a4d34c	106a4d387	decompiled	chunks/001/functions-000124.c	-[SCCContextOperaChromeHeaderRendererViewModel initWithItems:]	
106a4d388	106a4d3a7	decompiled	chunks/001/functions-000125.c	+[SCCContextOperaChromeHeaderRendererViewModel valdiMarshallableObjectDescriptor]	
106a4d3a8	106a4d3d3	decompiled	chunks/001/functions-000125.c		
106a4d3d4	106a4d487	decompiled	chunks/001/functions-000125.c		
106a4d488	106a4d51b	decompiled	chunks/001/functions-000125.c	-[SCContextFadedScrollView layoutSubviews]	
106a4d51c	106a4d76f	decompiled	chunks/001/functions-000125.c	-[SCContextFadedScrollView setFadeAmount:]	
106a4d770	106a4d7b7	decompiled	chunks/001/functions-000125.c	-[SCContextFadedScrollView setContentSize:]	
106a4d7b8	106a4da27	decompiled	chunks/001/functions-000125.c	-[SCContextFadedScrollView updateMask]	
106a4da28	106a4da37	decompiled	chunks/001/functions-000125.c	-[SCContextFadedScrollView fadeAmount]	
106a4da38	106a4da4b	decompiled	chunks/001/functions-000125.c	-[SCContextFadedScrollView .cxx_destruct]	
106a4da4c	106a4dacb	decompiled	chunks/001/functions-000125.c	-[SCContextHitTestView initWithHitTestInsets:]	
106a4dacc	106a4db4f	decompiled	chunks/001/functions-000125.c	-[SCContextHitTestView pointInside:withEvent:]	
106a4db50	106a4dc77	decompiled	chunks/001/functions-000125.c	-[SCContextHitTestView shouldBlockSwipe:]	
106a4dc78	106a4dc8f	decompiled	chunks/001/functions-000125.c	-[SCContextHitTestView hitTestInsets]	
106a4dc90	106a4dca7	decompiled	chunks/001/functions-000125.c	-[SCContextHitTestView setHitTestInsets:]	
106a4dca8	106a4de93	decompiled	chunks/001/functions-000125.c	-[SCContextImageSourceView initWithImageDownloader:imagePerformer:targetsService:circumstanceEngine:musicTrackAssetLoader:ctpItemViewService:]	
106a4de94	106a4df27	decompiled	chunks/001/functions-000125.c	-[SCContextImageSourceView configureWithSource:completion:]	
106a4df28	106a4dfc3	decompiled	chunks/001/functions-000125.c		
106a4dfc4	106a4dfdf	decompiled	chunks/001/functions-000125.c		
106a4dfe0	106a4e15b	decompiled	chunks/001/functions-000125.c	-[SCContextImageSourceView loadSource:completion:]	
106a4e15c	106a4e373	decompiled	chunks/001/functions-000125.c	-[SCContextImageSourceView loadCameosSource:renderingMode:completion:]	
106a4e374	106a4e44f	decompiled	chunks/001/functions-000125.c		
106a4e450	106a4e4fb	decompiled	chunks/001/functions-000125.c		
106a4e4fc	106a4e507	decompiled	chunks/001/functions-000125.c		
106a4e508	106a4e6b3	decompiled	chunks/001/functions-000125.c	-[SCContextImageSourceView loadLocalSource:renderingMode:completion:]	
106a4e6b4	106a4e78f	decompiled	chunks/001/functions-000125.c		
106a4e790	106a4e867	decompiled	chunks/001/functions-000125.c		
106a4e868	106a4e8ef	decompiled	chunks/001/functions-000125.c		
106a4e8f0	106a4eaf3	decompiled	chunks/001/functions-000125.c		
106a4eaf4	106a4ecc7	decompiled	chunks/001/functions-000125.c	-[SCContextImageSourceView loadRemoteSource:renderingMode:completion:]	
106a4ecc8	106a4ecd3	decompiled	chunks/001/functions-000125.c		
106a4ecd4	106a4ef23	decompiled	chunks/001/functions-000125.c	-[SCContextImageSourceView loadMusicEncryptedMedia:renderingMode:completion:]	
106a4ef24	106a4f01b	decompiled	chunks/001/functions-000125.c		
106a4f01c	106a4f0f3	decompiled	chunks/001/functions-000125.c		
106a4f0f4	106a4f17b	decompiled	chunks/001/functions-000125.c		
106a4f17c	106a4f19b	decompiled	chunks/001/functions-000125.c		
106a4f19c	106a4f2b3	decompiled	chunks/001/functions-000125.c	-[SCContextImageSourceView loadNetworkImage:imageProcessingBlock:completion:]	
106a4f2b4	106a4f30f	decompiled	chunks/001/functions-000125.c		
106a4f310	106a4f387	decompiled	chunks/001/functions-000125.c	-[SCContextImageSourceView _renderingModeForSource:]	
106a4f388	106a4f6bf	decompiled	chunks/001/functions-000125.c	-[SCContextImageSourceView _loadCTItemInstanceString:completion:]	
106a4f6c0	106a4f793	decompiled	chunks/001/functions-000125.c		
106a4f794	106a4f803	decompiled	chunks/001/functions-000125.c		
106a4f804	106a4f8c3	decompiled	chunks/001/functions-000125.c		
106a4f8c4	106a4f927	decompiled	chunks/001/functions-000125.c		
106a4f928	106a4f933	decompiled	chunks/001/functions-000125.c		
106a4f934	106a4f943	decompiled	chunks/001/functions-000125.c	-[SCContextImageSourceView applyForegroundColor:]	
106a4f944	106a4f973	decompiled	chunks/001/functions-000125.c	-[SCContextImageSourceView viewForShadow]	
106a4f974	106a4f983	decompiled	chunks/001/functions-000125.c	-[SCContextImageSourceView sizeThatFits:]	
106a4f984	106a4f993	decompiled	chunks/001/functions-000125.c	-[SCContextImageSourceView intrinsicContentSize]	
106a4f994	106a4f9a3	decompiled	chunks/001/functions-000125.c	-[SCContextImageSourceView isRemoteSource]	
106a4f9a4	106a4fa23	decompiled	chunks/001/functions-000125.c	-[SCContextImageSourceView .cxx_destruct]	
106a4fa24	106a4fbe7	decompiled	chunks/001/functions-000125.c	-[SCContextImageView initWithImageDownloader:imagePerformer:targetsService:circumstanceEngine:musicTrackAssetLoader:ctpItemViewService:]	
106a4fbe8	106a4fd2f	decompiled	chunks/001/functions-000125.c	-[SCContextImageView configureWithImage:]	
106a4fd30	106a4fdab	decompiled	chunks/001/functions-000125.c		
106a4fdac	106a4ff2b	decompiled	chunks/001/functions-000125.c	-[SCContextImageView setImage:]	
106a4ff2c	106a4ff87	decompiled	chunks/001/functions-000125.c		
106a4ff88	106a5003b	decompiled	chunks/001/functions-000125.c	-[SCContextImageView image:loadedWithError:]	
106a5003c	106a5009f	decompiled	chunks/001/functions-000125.c	-[SCContextImageView setShouldShowPlaceholder:]	
106a500a0	106a50293	decompiled	chunks/001/functions-000125.c	-[SCContextImageView transitionToAsset]	
106a50294	106a502c7	decompiled	chunks/001/functions-000125.c		
106a502c8	106a50357	decompiled	chunks/001/functions-000125.c		
106a50358	106a5039f	decompiled	chunks/001/functions-000125.c		
106a503a0	106a50463	decompiled	chunks/001/functions-000125.c	-[SCContextImageView applyTransitionTransformToView:]	
106a50464	106a504b7	decompiled	chunks/001/functions-000125.c	-[SCContextImageView transitionDuration]	
106a504b8	106a5057f	decompiled	chunks/001/functions-000125.c	-[SCContextImageView intrinsicContentSize]	
106a50580	106a505e3	decompiled	chunks/001/functions-000125.c	-[SCContextImageView canUseMaxPreferredDimensions]	
106a505e4	106a50607	decompiled	chunks/001/functions-000125.c	-[SCContextImageView maxPreferredDimensions]	
106a50608	106a506a7	decompiled	chunks/001/functions-000125.c	-[SCContextImageView layoutSubviews]	
106a506a8	106a50767	decompiled	chunks/001/functions-000125.c	-[SCContextImageView layoutSourceView:inBounds:]	
106a50768	106a50793	decompiled	chunks/001/functions-000125.c	-[SCContextImageView setPreferredLocalSize:]	
106a50794	106a507bf	decompiled	chunks/001/functions-000125.c	-[SCContextImageView setPreferredRemoteSize:]	
106a507c0	106a507d3	decompiled	chunks/001/functions-000125.c	-[SCContextImageView preferredLocalSize]	
106a507d4	106a507e7	decompiled	chunks/001/functions-000125.c	-[SCContextImageView preferredRemoteSize]	
106a507e8	106a507f7	decompiled	chunks/001/functions-000125.c	-[SCContextImageView useMaxPreferredDimensions]	
106a507f8	106a50807	decompiled	chunks/001/functions-000125.c	-[SCContextImageView setUseMaxPreferredDimensions:]	
106a50808	106a50817	decompiled	chunks/001/functions-000125.c	-[SCContextImageView startedAssetLoadAt]	
106a50818	106a50827	decompiled	chunks/001/functions-000125.c	-[SCContextImageView setStartedAssetLoadAt:]	
106a50828	106a50837	decompiled	chunks/001/functions-000125.c	-[SCContextImageView shouldShowPlaceholder]	
106a50838	106a50847	decompiled	chunks/001/functions-000125.c	-[SCContextImageView hasProcessedOnAssetLoad]	
106a50848	106a50857	decompiled	chunks/001/functions-000125.c	-[SCContextImageView setHasProcessedOnAssetLoad:]	
106a50858	106a50867	decompiled	chunks/001/functions-000125.c	-[SCContextImageView image]	
106a50868	106a508b7	decompiled	chunks/001/functions-000125.c	-[SCContextImageView .cxx_destruct]	
106a508b8	106a5098b	decompiled	chunks/001/functions-000125.c	-[SCContextLabel init]	
106a5098c	106a50b67	decompiled	chunks/001/functions-000125.c	-[SCContextLabel configureWithLocalizedText:]	
106a50b68	106a50b87	decompiled	chunks/001/functions-000125.c	-[SCContextLabel setPointSize:]	
106a50b88	106a50ba7	decompiled	chunks/001/functions-000125.c	-[SCContextLabel setFontStyle:]	
106a50ba8	106a50c3f	decompiled	chunks/001/functions-000125.c	-[SCContextLabel _updateFont]	
106a50c40	106a50c4f	decompiled	chunks/001/functions-000125.c	-[SCContextLabel applyForegroundColor:]	
106a50c50	106a50c5f	decompiled	chunks/001/functions-000125.c	-[SCContextLabel numberOfLines]	
106a50c60	106a50c8f	decompiled	chunks/001/functions-000125.c	-[SCContextLabel setNumberOfLines:]	
106a50c90	106a50c9f	decompiled	chunks/001/functions-000125.c	-[SCContextLabel textColor]	
106a50ca0	106a50caf	decompiled	chunks/001/functions-000125.c	-[SCContextLabel setTextColor:]	
106a50cb0	106a50cbf	decompiled	chunks/001/functions-000125.c	-[SCContextLabel textAlignment]	
106a50cc0	106a50cef	decompiled	chunks/001/functions-000125.c	-[SCContextLabel setTextAlignment:]	
106a50cf0	106a50cff	decompiled	chunks/001/functions-000125.c	-[SCContextLabel text]	
106a50d00	106a50d2f	decompiled	chunks/001/functions-000125.c	-[SCContextLabel setText:]	
106a50d30	106a50d3f	decompiled	chunks/001/functions-000125.c	-[SCContextLabel attributeText]	
106a50d40	106a50d6f	decompiled	chunks/001/functions-000125.c	-[SCContextLabel setAttributedText:]	
106a50d70	106a50d7f	decompiled	chunks/001/functions-000125.c	-[SCContextLabel sizeThatFits:]	
106a50d80	106a50d8f	decompiled	chunks/001/functions-000125.c	-[SCContextLabel intrinsicContentSize]	
106a50d90	106a50d9f	decompiled	chunks/001/functions-000125.c	-[SCContextLabel fontStyle]	
106a50da0	106a50daf	decompiled	chunks/001/functions-000126.c	-[SCContextLabel pointSize]	
106a50db0	106a50dbf	decompiled	chunks/001/functions-000126.c	-[SCContextLabel attributedText]	
106a50dc0	106a50dff	decompiled	chunks/001/functions-000126.c	-[SCContextLabel .cxx_destruct]	
106a50e00	106a50ee7	decompiled	chunks/001/functions-000126.c	-[SCContextPassthroughView hitTest:withEvent:]	
106a50ee8	106a50ef7	decompiled	chunks/001/functions-000126.c	-[SCContextPassthroughView hitTestBlock]	
106a50ef8	106a50f03	decompiled	chunks/001/functions-000126.c	-[SCContextPassthroughView setHitTestBlock:]	
106a50f04	106a50f17	decompiled	chunks/001/functions-000126.c	-[SCContextPassthroughView .cxx_destruct]	
106a50f18	106a5150f	decompiled	chunks/001/functions-000126.c	-[SCContextPlaceholderCardView initWithStyle:]	
106a51510	106a51527	decompiled	chunks/001/functions-000126.c	-[SCContextPlaceholderCardView intrinsicContentSize]	
106a51528	106a5162f	decompiled	chunks/001/functions-000126.c	-[SCContextPlaceholderCardView setStyle:]	
106a51630	106a51737	decompiled	chunks/001/functions-000126.c	-[SCContextPlaceholderCardView layoutSubviews]	
106a51738	106a51747	decompiled	chunks/001/functions-000126.c	-[SCContextPlaceholderCardView style]	
106a51748	106a51797	decompiled	chunks/001/functions-000126.c	-[SCContextPlaceholderCardView .cxx_destruct]	
106a51798	106a5180b	decompiled	chunks/001/functions-000126.c	-[SCContextStyledView initWithOptions:]	
106a5180c	106a5185b	decompiled	chunks/001/functions-000126.c	-[SCContextStyledView setHidden:]	
106a5185c	106a518a3	decompiled	chunks/001/functions-000126.c	-[SCContextStyledView setImplicitlyHidden:]	
106a518a4	106a518b3	decompiled	chunks/001/functions-000126.c	-[SCContextStyledView setStyleOptions:]	
106a518b4	106a518f3	decompiled	chunks/001/functions-000126.c	-[SCContextStyledView setStyle:]	
106a518f4	106a51d1b	decompiled	chunks/001/functions-000126.c	-[SCContextStyledView applyStyle]	
106a51d1c	106a51dc3	decompiled	chunks/001/functions-000126.c	-[SCContextStyledView layoutSubviews]	
106a51dc4	106a51dc7	decompiled	chunks/001/functions-000126.c	-[SCContextStyledView applyBackgroundColor:]	
106a51dc8	106a51dcb	decompiled	chunks/001/functions-000126.c	-[SCContextStyledView applyForegroundColor:]	
106a51dcc	106a51dcf	decompiled	chunks/001/functions-000126.c	-[SCContextStyledView viewForShadow]	
106a51dd0	106a51ddf	decompiled	chunks/001/functions-000126.c	-[SCContextStyledView style]	
106a51de0	106a51def	decompiled	chunks/001/functions-000126.c	-[SCContextStyledView styleOptions]	
106a51df0	106a51dff	decompiled	chunks/001/functions-000126.c	-[SCContextStyledView defaultAlpha]	
106a51e00	106a51e0f	decompiled	chunks/001/functions-000126.c	-[SCContextStyledView setDefaultAlpha:]	
106a51e10	106a51e1f	decompiled	chunks/001/functions-000126.c	-[SCContextStyledView defaultCornerRadius]	
106a51e20	106a51e2f	decompiled	chunks/001/functions-000126.c	-[SCContextStyledView setDefaultCornerRadius:]	
106a51e30	106a51e3f	decompiled	chunks/001/functions-000126.c	-[SCContextStyledView defaultBackgroundColor]	
106a51e40	106a51e7f	decompiled	chunks/001/functions-000126.c	-[SCContextStyledView setDefaultBackgroundColor:]	
106a51e80	106a51e8f	decompiled	chunks/001/functions-000126.c	-[SCContextStyledView defaultForegroundColor]	
106a51e90	106a51ecf	decompiled	chunks/001/functions-000126.c	-[SCContextStyledView setDefaultForegroundColor:]	
106a51ed0	106a51f1f	decompiled	chunks/001/functions-000126.c	-[SCContextStyledView .cxx_destruct]	
106a51f20	106a51fc3	decompiled	chunks/001/functions-000126.c	-[SCCameraModeEnablingDeepLinkPlugin initWithNavigationServicesLazy:cameraConfigurationServicesLazy:]	
106a51fc4	106a51fd7	decompiled	chunks/001/functions-000126.c	-[SCCameraModeEnablingDeepLinkPlugin identifier]	
106a51fd8	106a51fdf	decompiled	chunks/001/functions-000126.c	-[SCCameraModeEnablingDeepLinkPlugin priority]	
106a51fe0	106a51ff3	decompiled	chunks/001/functions-000126.c	-[SCCameraModeEnablingDeepLinkPlugin canProvideProcessorForFeature:]	
106a51ff4	106a52073	decompiled	chunks/001/functions-000126.c	-[SCCameraModeEnablingDeepLinkPlugin isValidDeepLink:]	
106a52074	106a52207	decompiled	chunks/001/functions-000126.c	-[SCCameraModeEnablingDeepLinkPlugin _isCameraModeSupported:]	
106a52208	106a5220b	decompiled	chunks/001/functions-000126.c	-[SCCameraModeEnablingDeepLinkPlugin makeDeepLinkProcessor]	
106a5220c	106a52213	decompiled	chunks/001/functions-000126.c	-[SCCameraModeEnablingDeepLinkPlugin shouldForceNavigation]	
106a52214	106a523bf	decompiled	chunks/001/functions-000126.c	-[SCCameraModeEnablingDeepLinkPlugin processDeepLinkURL:additionalInfo:delegate:]	
106a523c0	106a523ef	decompiled	chunks/001/functions-000126.c		
106a523f0	106a523f3	decompiled	chunks/001/functions-000126.c	-[SCCameraModeEnablingDeepLinkPlugin processDeepLinkResolutionResult:additionalInfo:delegate:]	
106a523f4	106a52423	decompiled	chunks/001/functions-000126.c	-[SCCameraModeEnablingDeepLinkPlugin .cxx_destruct]	
106a52424	106a52497	decompiled	chunks/001/functions-000126.c	-[SCFeatureSelfieSettingsDeepLinkPlugin initWithNavigationServicesLazy:]	
106a52498	106a524ab	decompiled	chunks/001/functions-000126.c	-[SCFeatureSelfieSettingsDeepLinkPlugin identifier]	
106a524ac	106a524b3	decompiled	chunks/001/functions-000126.c	-[SCFeatureSelfieSettingsDeepLinkPlugin priority]	
106a524b4	106a524c7	decompiled	chunks/001/functions-000126.c	-[SCFeatureSelfieSettingsDeepLinkPlugin canProvideProcessorForFeature:]	
106a524c8	106a52513	decompiled	chunks/001/functions-000126.c	-[SCFeatureSelfieSettingsDeepLinkPlugin isValidDeepLink:]	
106a52514	106a52517	decompiled	chunks/001/functions-000126.c	-[SCFeatureSelfieSettingsDeepLinkPlugin makeDeepLinkProcessor]	
106a52518	106a5251f	decompiled	chunks/001/functions-000126.c	-[SCFeatureSelfieSettingsDeepLinkPlugin shouldForceNavigation]	
106a52520	106a526cb	decompiled	chunks/001/functions-000126.c	-[SCFeatureSelfieSettingsDeepLinkPlugin processDeepLinkURL:additionalInfo:delegate:]	
106a526cc	106a526fb	decompiled	chunks/001/functions-000126.c		
106a526fc	106a526ff	decompiled	chunks/001/functions-000126.c	-[SCFeatureSelfieSettingsDeepLinkPlugin processDeepLinkResolutionResult:additionalInfo:delegate:]	
106a52700	106a5270b	decompiled	chunks/001/functions-000126.c	-[SCFeatureSelfieSettingsDeepLinkPlugin .cxx_destruct]	
106a5270c	106a527af	decompiled	chunks/001/functions-000126.c	-[SCLockedCameraCaptureDeepLinkPlugin initWithNavigationServicesLazy:cameraHardwareServicesLazy:]	
106a527b0	106a527c3	decompiled	chunks/001/functions-000126.c	-[SCLockedCameraCaptureDeepLinkPlugin identifier]	
106a527c4	106a527cb	decompiled	chunks/001/functions-000126.c	-[SCLockedCameraCaptureDeepLinkPlugin priority]	
106a527cc	106a527df	decompiled	chunks/001/functions-000126.c	-[SCLockedCameraCaptureDeepLinkPlugin canProvideProcessorForFeature:]	
106a527e0	106a5282b	decompiled	chunks/001/functions-000126.c	-[SCLockedCameraCaptureDeepLinkPlugin isValidDeepLink:]	
106a5282c	106a5282f	decompiled	chunks/001/functions-000126.c	-[SCLockedCameraCaptureDeepLinkPlugin makeDeepLinkProcessor]	
106a52830	106a52837	decompiled	chunks/001/functions-000126.c	-[SCLockedCameraCaptureDeepLinkPlugin shouldForceNavigation]	
106a52838	106a52a13	decompiled	chunks/001/functions-000126.c	-[SCLockedCameraCaptureDeepLinkPlugin processDeepLinkURL:additionalInfo:delegate:]	
106a52a14	106a52a43	decompiled	chunks/001/functions-000126.c		
106a52a44	106a52a47	decompiled	chunks/001/functions-000126.c	-[SCLockedCameraCaptureDeepLinkPlugin processDeepLinkResolutionResult:additionalInfo:delegate:]	
106a52a48	106a52b47	decompiled	chunks/001/functions-000126.c	-[SCLockedCameraCaptureDeepLinkPlugin updateCaptureDevicePositionWithQueryParams:]	
106a52b48	106a52b4b	decompiled	chunks/001/functions-000126.c		
106a52b4c	106a52b7b	decompiled	chunks/001/functions-000126.c	-[SCLockedCameraCaptureDeepLinkPlugin .cxx_destruct]	
106a52b7c	106a52fff	decompiled	chunks/001/functions-000126.c	-[SCCameraLockScreenWidgetDataUpdater initWithUserId:bitmojiSelfieFetcher:bitmojiSelfieProvider:bitmojiAvatarProvider:homeScreenWidgetUpdater:]	
106a53000	106a5310f	decompiled	chunks/001/functions-000126.c		
106a53110	106a533cf	decompiled	chunks/001/functions-000126.c	-[SCCameraLockScreenWidgetDataUpdater _updateBitmojiSelfie]	
106a533d0	106a5346b	decompiled	chunks/001/functions-000126.c		
106a5346c	106a53543	decompiled	chunks/001/functions-000126.c	-[SCCameraLockScreenWidgetDataUpdater _cacheUserBitmojiImage:]	
106a53544	106a535cb	decompiled	chunks/001/functions-000126.c		
106a535cc	106a536a3	decompiled	chunks/001/functions-000126.c	-[SCCameraLockScreenWidgetDataUpdater clearStoredResourcesWhenLogoutWithCompletion:]	
106a536a4	106a536d7	decompiled	chunks/001/functions-000126.c		
106a536d8	106a53743	decompiled	chunks/001/functions-000126.c	-[SCCameraLockScreenWidgetDataUpdater _clearStoredResourcesWhenLogoutAsyncWithCompletion:]	
106a53744	106a5374b	decompiled	chunks/001/functions-000126.c	-[SCCameraLockScreenWidgetDataUpdater _notifyWidgetExtensionIfNecessary]	
106a5374c	106a537db	decompiled	chunks/001/functions-000126.c	-[SCCameraLockScreenWidgetDataUpdater .cxx_destruct]	
106a537dc	106a53847	decompiled	chunks/001/functions-000126.c	-[SCCameraLockScreenWidgetDeepLinkProcessor initWithNavigationDelegate:]	
106a53848	106a53a3b	decompiled	chunks/001/functions-000126.c	-[SCCameraLockScreenWidgetDeepLinkProcessor processDeepLinkURL:additionalInfo:delegate:]	
106a53a3c	106a53a8b	decompiled	chunks/001/functions-000126.c		
106a53a8c	106a53a93	decompiled	chunks/001/functions-000126.c	-[SCCameraLockScreenWidgetDeepLinkProcessor shouldForceNavigation]	
106a53a94	106a53a97	decompiled	chunks/001/functions-000126.c	-[SCCameraLockScreenWidgetDeepLinkProcessor processDeepLinkResolutionResult:additionalInfo:delegate:]	
106a53a98	106a53a9f	decompiled	chunks/001/functions-000126.c	-[SCCameraLockScreenWidgetDeepLinkProcessor .cxx_destruct]	
106a53aa0	106a53b13	decompiled	chunks/001/functions-000126.c	-[SCCameraLockScreenWidgetDeepLinkProcessorPlugin initWithNavigationServicesLazy:]	
106a53b14	106a53b27	decompiled	chunks/001/functions-000126.c	-[SCCameraLockScreenWidgetDeepLinkProcessorPlugin identifier]	
106a53b28	106a53b2f	decompiled	chunks/001/functions-000126.c	-[SCCameraLockScreenWidgetDeepLinkProcessorPlugin priority]	
106a53b30	106a53b43	decompiled	chunks/001/functions-000126.c	-[SCCameraLockScreenWidgetDeepLinkProcessorPlugin canProvideProcessorForFeature:]	
106a53b44	106a53b8f	decompiled	chunks/001/functions-000126.c	-[SCCameraLockScreenWidgetDeepLinkProcessorPlugin isValidDeepLink:]	
106a53b90	106a53c23	decompiled	chunks/001/functions-000126.c	-[SCCameraLockScreenWidgetDeepLinkProcessorPlugin makeDeepLinkProcessor]	
106a53c24	106a53c2f	decompiled	chunks/001/functions-000126.c	-[SCCameraLockScreenWidgetDeepLinkProcessorPlugin .cxx_destruct]	
106a53c30	106a53e9b	decompiled	chunks/001/functions-000126.c	-[SCCameraLockScreenWidgetEntryPoint begin]	
106a53e9c	106a53ebf	decompiled	chunks/001/functions-000126.c		
106a53ec0	106a5403f	decompiled	chunks/001/functions-000126.c	-[SCCameraLockScreenWidgetEntryPoint end]	
106a54040	106a5406b	decompiled	chunks/001/functions-000126.c		
106a5406c	106a54103	decompiled	chunks/001/functions-000126.c	-[SCCameraLockScreenWidgetEntryPoint _finishCleanUp]	
106a54104	106a5417f	decompiled	chunks/001/functions-000126.c	-[SCCameraLockScreenWidgetEntryPoint .cxx_destruct]	
106a54180	106a54247	decompiled	chunks/001/functions-000127.c	-[SCCQuestion initWithCoder:]	
106a54248	106a542eb	decompiled	chunks/001/functions-000127.c	-[SCCQuestion encodeWithCoder:]	
106a542ec	106a543e7	decompiled	chunks/001/functions-000127.c	-[SCCSurveyData initWithCoder:]	
106a543e8	106a545af	decompiled	chunks/001/functions-000127.c	-[SCCSurveyData encodeWithCoder:]	
106a545b0	106a5472b	decompiled	chunks/001/functions-000127.c	-[SCCameraInclusionPanelSurveyDeeplinkProcessor initWithComposerServicesLazy:taskManagementServicesLazy:userUnifiedGRPCServicesLazy:valdiBlizzardLoggingServicesLazy:jobSchedulerServicesLazy:contentDeliveryServicesLazy:grapheneServicesLazy:]	
106a5472c	106a5473f	decompiled	chunks/001/functions-000127.c	-[SCCameraInclusionPanelSurveyDeeplinkProcessor identifier]	
106a54740	106a54747	decompiled	chunks/001/functions-000127.c	-[SCCameraInclusionPanelSurveyDeeplinkProcessor priority]	
106a54748	106a5475b	decompiled	chunks/001/functions-000127.c	-[SCCameraInclusionPanelSurveyDeeplinkProcessor canProvideProcessorForFeature:]	
106a5475c	106a547a7	decompiled	chunks/001/functions-000127.c	-[SCCameraInclusionPanelSurveyDeeplinkProcessor isValidDeepLink:]	
106a547a8	106a547ab	decompiled	chunks/001/functions-000127.c	-[SCCameraInclusionPanelSurveyDeeplinkProcessor makeDeepLinkProcessor]	
106a547ac	106a5488f	decompiled	chunks/001/functions-000127.c	-[SCCameraInclusionPanelSurveyDeeplinkProcessor processDeepLinkURL:additionalInfo:delegate:]	
106a54890	106a54957	decompiled	chunks/001/functions-000127.c	-[SCCameraInclusionPanelSurveyDeeplinkProcessor handleOpenURL:sourceApplication:additionalInfo:]	
106a54958	106a54b6f	decompiled	chunks/001/functions-000127.c		
106a54b70	106a54b77	decompiled	chunks/001/functions-000127.c	-[SCCameraInclusionPanelSurveyDeeplinkProcessor shouldForceNavigation]	
106a54b78	106a54b7b	decompiled	chunks/001/functions-000127.c	-[SCCameraInclusionPanelSurveyDeeplinkProcessor processDeepLinkResolutionResult:additionalInfo:delegate:]	
106a54b7c	106a54be7	decompiled	chunks/001/functions-000127.c	-[SCCameraInclusionPanelSurveyDeeplinkProcessor .cxx_destruct]	
106a54be8	106a54d87	decompiled	chunks/001/functions-000127.c	-[SCCameraInclusionPanelSurveyNetworkManager initWithTaskManagementServices:userUnifiedGRPCServices:grapheneServices:]	
106a54d88	106a54e77	decompiled	chunks/001/functions-000127.c	-[SCCameraInclusionPanelSurveyNetworkManager fetchSurveyDataWithRequest:completion:]	
106a54e78	106a54f2b	decompiled	chunks/001/functions-000127.c		
106a54f2c	106a550cb	decompiled	chunks/001/functions-000127.c	-[SCCameraInclusionPanelSurveyNetworkManager processJobWithJobConfig:input:context:onComplete:]	
106a550cc	106a55183	decompiled	chunks/001/functions-000127.c		
106a55184	106a5528f	decompiled	chunks/001/functions-000127.c	-[SCCameraInclusionPanelSurveyNetworkManager _onFetchServer:error:]	
106a55290	106a5539b	decompiled	chunks/001/functions-000127.c	-[SCCameraInclusionPanelSurveyNetworkManager _onSendServer:error:]	
106a5539c	106a553cb	decompiled	chunks/001/functions-000127.c	-[SCCameraInclusionPanelSurveyNetworkManager .cxx_destruct]	
106a553cc	106a554c3	decompiled	chunks/001/functions-000127.c		
106a554c4	106a55633	decompiled	chunks/001/functions-000127.c	-[SCCameraInclusionPanelSurveyServiceClient initWithPerformer:unifiedGRPCClientFactory:]	
106a55634	106a556a7	decompiled	chunks/001/functions-000127.c	-[SCCameraInclusionPanelSurveyServiceClient getSurveyDataWithRequest:completion:]	
106a556a8	106a5571b	decompiled	chunks/001/functions-000127.c	-[SCCameraInclusionPanelSurveyServiceClient updateSurveyDataWithRequest:completion:]	
106a5571c	106a5574b	decompiled	chunks/001/functions-000127.c	-[SCCameraInclusionPanelSurveyServiceClient .cxx_destruct]	
106a5574c	106a55a2f	decompiled	chunks/001/functions-000127.c	-[SCCameraInclusionPanelSurveySettingsRowProvider initWithConfigurationServices:taskManagementServices:userUnifiedGRPCServices:composerServices:valdiBlizzardLoggingServices:jobSchedulerServices:contentDeliveryServices:grapheneServices:circumstanceEngineServices:]	
106a55a30	106a55acf	decompiled	chunks/001/functions-000127.c	-[SCCameraInclusionPanelSurveySettingsRowProvider handleWithContext:]	
106a55ad0	106a55ad7	decompiled	chunks/001/functions-000127.c	-[SCCameraInclusionPanelSurveySettingsRowProvider sectionRow]	
106a55ad8	106a55adf	decompiled	chunks/001/functions-000127.c	-[SCCameraInclusionPanelSurveySettingsRowProvider rowViewModel]	
106a55ae0	106a55b7b	decompiled	chunks/001/functions-000127.c	-[SCCameraInclusionPanelSurveySettingsRowProvider .cxx_destruct]	
106a55b7c	106a55d57	decompiled	chunks/001/functions-000127.c	-[SCCameraInclusionPanelSurveySettingsViewController initWithComposerServices:taskManagementServices:userUnifiedGRPCServices:valdiBlizzardLoggingServices:jobSchedulerServices:contentDeliveryServices:grapheneServices:sourceType:]	
106a55d58	106a55d9f	decompiled	chunks/001/functions-000127.c	-[SCCameraInclusionPanelSurveySettingsViewController viewDidLoad]	
106a55da0	106a55e4f	decompiled	chunks/001/functions-000127.c	-[SCCameraInclusionPanelSurveySettingsViewController _init]	
106a55e50	106a560bb	decompiled	chunks/001/functions-000127.c	-[SCCameraInclusionPanelSurveySettingsViewController _setupUI]	
106a560bc	106a5612f	decompiled	chunks/001/functions-000127.c		
106a56130	106a56137	decompiled	chunks/001/functions-000127.c		
106a56138	106a56167	decompiled	chunks/001/functions-000127.c	-[SCCameraInclusionPanelSurveySettingsViewController _exitSurvey]	
106a56168	106a561d7	decompiled	chunks/001/functions-000127.c	-[SCCameraInclusionPanelSurveySettingsViewController _dismissSelf]	
106a561d8	106a561df	decompiled	chunks/001/functions-000127.c	-[SCCameraInclusionPanelSurveySettingsViewController shouldPopToRootViewController]	
106a561e0	106a561e7	decompiled	chunks/001/functions-000127.c	-[SCCameraInclusionPanelSurveySettingsViewController shouldPopToRootViewControllerLater]	
106a561e8	106a561eb	decompiled	chunks/001/functions-000127.c	-[SCCameraInclusionPanelSurveySettingsViewController animationControllerForPresentedController:presentingController:sourceController:]	
106a561ec	106a561ef	decompiled	chunks/001/functions-000127.c	-[SCCameraInclusionPanelSurveySettingsViewController animationControllerForDismissedController:]	
106a561f0	106a561fb	decompiled	chunks/001/functions-000127.c	-[SCCameraInclusionPanelSurveySettingsViewController transitionDuration:]	
106a561fc	106a564d7	decompiled	chunks/001/functions-000127.c	-[SCCameraInclusionPanelSurveySettingsViewController animateTransition:]	
106a564d8	106a56517	decompiled	chunks/001/functions-000127.c		
106a56518	106a565d7	decompiled	chunks/001/functions-000127.c	-[SCCameraInclusionPanelSurveySettingsViewController .cxx_destruct]	
106a565d8	106a56717	decompiled	chunks/001/functions-000127.c	-[SCCameraInclusionPanelSurveySettingsViewModel initWithSurveyNetworkManager:contentDeliveryServices:jobSchedulerServices:grapheneServices:]	
106a56718	106a567d3	decompiled	chunks/001/functions-000127.c	-[SCCameraInclusionPanelSurveySettingsViewModel didFinishSurvey]	
106a567d4	106a5680b	decompiled	chunks/001/functions-000127.c		
106a5680c	106a568df	decompiled	chunks/001/functions-000127.c	-[SCCameraInclusionPanelSurveySettingsViewModel loadSurveyDataWithCallback:]	
106a568e0	106a56a0b	decompiled	chunks/001/functions-000127.c		
106a56a0c	106a56b2f	decompiled	chunks/001/functions-000127.c		
106a56b30	106a56c37	decompiled	chunks/001/functions-000127.c	-[SCCameraInclusionPanelSurveySettingsViewModel setLatestSurveyDataWithSurveyData:]	
106a56c38	106a56c73	decompiled	chunks/001/functions-000127.c		
106a56c74	106a56c7f	decompiled	chunks/001/functions-000127.c	-[SCCameraInclusionPanelSurveySettingsViewModel pushToValdiMarshaller:]	
106a56c80	106a56ef3	decompiled	chunks/001/functions-000127.c	-[SCCameraInclusionPanelSurveySettingsViewModel _readSurveyDataFromCacheWithCompletion:]	
106a56ef4	106a570db	decompiled	chunks/001/functions-000127.c	-[SCCameraInclusionPanelSurveySettingsViewModel _writeSurveyData:toCacheWithCompletion:]	
106a570dc	106a5726b	decompiled	chunks/001/functions-000127.c		
106a5726c	106a572b3	decompiled	chunks/001/functions-000127.c		
106a572b4	106a57313	decompiled	chunks/001/functions-000127.c	-[SCCameraInclusionPanelSurveySettingsViewModel _fetchSurveyDataWithCompletion:]	
106a57314	106a5740f	decompiled	chunks/001/functions-000127.c	-[SCCameraInclusionPanelSurveySettingsViewModel _updateSurveyData:]	
106a57410	106a575b3	decompiled	chunks/001/functions-000127.c	-[SCCameraInclusionPanelSurveySettingsViewModel _createRequestFromSurveyData:]	
106a575b4	106a5767f	decompiled	chunks/001/functions-000127.c		
106a57680	106a578c7	decompiled	chunks/001/functions-000127.c	-[SCCameraInclusionPanelSurveySettingsViewModel _adaptDataFromGetSurveyDataResponse:]	
106a578c8	106a579c3	decompiled	chunks/001/functions-000127.c	-[SCCameraInclusionPanelSurveySettingsViewModel _numberArrayFromProtoIntArray:]	
106a579c4	106a57a97	decompiled	chunks/001/functions-000127.c	-[SCCameraInclusionPanelSurveySettingsViewModel _protoIntArrayFromNumberArray:]	
106a57a98	106a57b57	decompiled	chunks/001/functions-000127.c	-[SCCameraInclusionPanelSurveySettingsViewModel _expirationDateFromDate:]	
106a57b58	106a57c63	decompiled	chunks/001/functions-000127.c	-[SCCameraInclusionPanelSurveySettingsViewModel _onReadCache:error:]	
106a57c64	106a57d23	decompiled	chunks/001/functions-000127.c	-[SCCameraInclusionPanelSurveySettingsViewModel _onWriteCache:]	
106a57d24	106a57e77	decompiled	chunks/001/functions-000127.c	-[SCCameraInclusionPanelSurveySettingsViewModel _onDataInit:source:error:]	
106a57e78	106a57ecb	decompiled	chunks/001/functions-000127.c	-[SCCameraInclusionPanelSurveySettingsViewModel .cxx_destruct]	
106a57ecc	106a57ee3	decompiled	chunks/001/functions-000127.c		
106a57ee4	106a57f0f	decompiled	chunks/001/functions-000127.c	+[SCGrapheneInclusionPanelSurveyMetric surveyReadCache]	
106a57f10	106a57f3b	decompiled	chunks/001/functions-000127.c	+[SCGrapheneInclusionPanelSurveyMetric surveyWriteCache]	
106a57f3c	106a57f67	decompiled	chunks/001/functions-000127.c	+[SCGrapheneInclusionPanelSurveyMetric surveyFetchServer]	
106a57f68	106a57f93	decompiled	chunks/001/functions-000127.c	+[SCGrapheneInclusionPanelSurveyMetric surveySendServer]	
106a57f94	106a57fbf	decompiled	chunks/001/functions-000127.c	+[SCGrapheneInclusionPanelSurveyMetric surveyDataInit]	
106a57fc0	106a5805f	decompiled	chunks/001/functions-000127.c	-[SCGrapheneInclusionPanelSurveyMetric description]	
106a58060	106a581cb	decompiled	chunks/001/functions-000127.c	-[SCGrapheneRegistry inclusionPanelSurveyGraphene]	
106a581cc	106a581ef	decompiled	chunks/001/functions-000127.c	+[SCCInclusionPanelSurveyDataProvider valdiMarshallableObjectDescriptor]	
106a581f0	106a5824b	decompiled	chunks/001/functions-000127.c		
106a5824c	106a58257	decompiled	chunks/001/functions-000127.c	+[SCCInclusionPanelSurvey componentPath]	
106a58258	106a5828b	decompiled	chunks/001/functions-000127.c	-[SCCInclusionPanelSurvey initWithViewModel:componentContext:runtime:]	
106a5828c	106a582d7	decompiled	chunks/001/functions-000127.c	-[SCCInclusionPanelSurvey setViewModel:]	
106a582d8	106a58317	decompiled	chunks/001/functions-000127.c	-[SCCInclusionPanelSurvey viewModel]	
106a58318	106a5831f	decompiled	chunks/001/functions-000127.c		
106a58320	106a58353	decompiled	chunks/001/functions-000127.c	-[SCCInclusionPanelSurveyContext init]	
106a58354	106a58367	decompiled	chunks/001/functions-000127.c	+[SCCInclusionPanelSurveyContext valdiMarshallableObjectDescriptor]	
106a58368	106a583a7	decompiled	chunks/001/functions-000127.c	-[SCCQuestion initWithQuestionId:choice:]	
106a583a8	106a583bf	decompiled	chunks/001/functions-000127.c	+[SCCQuestion valdiMarshallableObjectDescriptor]	
106a583c0	106a58403	decompiled	chunks/001/functions-000127.c	-[SCCSurveyData initWithIsOptedIn:version:questions:]	
106a58404	106a58427	decompiled	chunks/001/functions-000127.c	+[SCCSurveyData valdiMarshallableObjectDescriptor]	
106a58428	106a5849b	decompiled	chunks/001/functions-000127.c	-[UNISurveyService initWithUnifiedGrpcService:]	
106a5849c	106a5857f	decompiled	chunks/001/functions-000127.c	-[UNISurveyService getSurveyDataWithRequest:callOptionsBuilder:handler:]	
106a58580	106a58663	decompiled	chunks/001/functions-000127.c	-[UNISurveyService updateSurveyDataWithRequest:callOptionsBuilder:handler:]	
106a58664	106a5866f	decompiled	chunks/001/functions-000127.c	-[UNISurveyService .cxx_destruct]	
106a58670	106a586d7	decompiled	chunks/002/functions-000128.c	+[QuestionResponse descriptor]	
106a586d8	106a5873f	decompiled	chunks/002/functions-000128.c	+[SurveyResponse descriptor]	
106a58740	106a587a7	decompiled	chunks/002/functions-000128.c	+[GetSurveyDataRequest descriptor]	
106a587a8	106a5880f	decompiled	chunks/002/functions-000128.c	+[GetSurveyDataResponse descriptor]	
106a58810	106a5889b	decompiled	chunks/002/functions-000128.c	+[UpdateSurveyDataRequest descriptor]	
106a5889c	106a58903	decompiled	chunks/002/functions-000128.c	+[UpdateSurveyDataResponse descriptor]	
106a58904	106a5896f	decompiled	chunks/002/functions-000128.c	-[SCCreatePublicProfileDeepLinkProcessor initWithNavigationDelegate:]	
106a58970	106a58a23	decompiled	chunks/002/functions-000128.c	-[SCCreatePublicProfileDeepLinkProcessor processDeepLinkURL:additionalInfo:delegate:]	
106a58a24	106a58a2b	decompiled	chunks/002/functions-000128.c	-[SCCreatePublicProfileDeepLinkProcessor shouldForceNavigation]	
106a58a2c	106a58a2f	decompiled	chunks/002/functions-000128.c	-[SCCreatePublicProfileDeepLinkProcessor processDeepLinkResolutionResult:additionalInfo:delegate:]	
106a58a30	106a58a37	decompiled	chunks/002/functions-000128.c	-[SCCreatePublicProfileDeepLinkProcessor .cxx_destruct]	
106a58a38	106a58aa3	decompiled	chunks/002/functions-000128.c	-[SCCreatePublicProfileDeepLinkProcessorPlugin initWithNavigationDelegate:]	
106a58aa4	106a58ab7	decompiled	chunks/002/functions-000128.c	-[SCCreatePublicProfileDeepLinkProcessorPlugin identifier]	
106a58ab8	106a58abf	decompiled	chunks/002/functions-000128.c	-[SCCreatePublicProfileDeepLinkProcessorPlugin priority]	
106a58ac0	106a58ad3	decompiled	chunks/002/functions-000128.c	-[SCCreatePublicProfileDeepLinkProcessorPlugin canProvideProcessorForFeature:]	
106a58ad4	106a58b1f	decompiled	chunks/002/functions-000128.c	-[SCCreatePublicProfileDeepLinkProcessorPlugin isValidDeepLink:]	
106a58b20	106a58b73	decompiled	chunks/002/functions-000128.c	-[SCCreatePublicProfileDeepLinkProcessorPlugin makeDeepLinkProcessor]	
106a58b74	106a58b7b	decompiled	chunks/002/functions-000128.c	-[SCCreatePublicProfileDeepLinkProcessorPlugin .cxx_destruct]	
106a58b7c	106a58c17	decompiled	chunks/002/functions-000128.c	-[SCGenericCreatorsDeepLinkProcessor initWithNavigationDelegate:simpleSnapchatExperimentConfigProvider:]	
106a58c18	106a58d17	decompiled	chunks/002/functions-000128.c	-[SCGenericCreatorsDeepLinkProcessor processDeepLinkURL:additionalInfo:delegate:]	
106a58d18	106a58d1f	decompiled	chunks/002/functions-000128.c	-[SCGenericCreatorsDeepLinkProcessor shouldForceNavigation]	
106a58d20	106a58d23	decompiled	chunks/002/functions-000128.c	-[SCGenericCreatorsDeepLinkProcessor processDeepLinkResolutionResult:additionalInfo:delegate:]	
106a58d24	106a58d6f	decompiled	chunks/002/functions-000128.c	-[SCGenericCreatorsDeepLinkProcessor _isRoutingToActivityFeedForDeeplink:]	
106a58d70	106a58d9b	decompiled	chunks/002/functions-000128.c	-[SCGenericCreatorsDeepLinkProcessor .cxx_destruct]	
106a58d9c	106a58e37	decompiled	chunks/002/functions-000128.c	-[SCGenericCreatorsDeepLinkProcessorPlugin initWithNavigationDelegate:simpleSnapchatExperimentConfigProvider:]	
106a58e38	106a58e4b	decompiled	chunks/002/functions-000128.c	-[SCGenericCreatorsDeepLinkProcessorPlugin identifier]	
106a58e4c	106a58e53	decompiled	chunks/002/functions-000128.c	-[SCGenericCreatorsDeepLinkProcessorPlugin priority]	
106a58e54	106a58f03	decompiled	chunks/002/functions-000128.c	-[SCGenericCreatorsDeepLinkProcessorPlugin canProvideProcessorForFeature:]	
106a58f04	106a58f4f	decompiled	chunks/002/functions-000128.c	-[SCGenericCreatorsDeepLinkProcessorPlugin isValidDeepLink:]	
106a58f50	106a58faf	decompiled	chunks/002/functions-000128.c	-[SCGenericCreatorsDeepLinkProcessorPlugin makeDeepLinkProcessor]	
106a58fb0	106a58fdb	decompiled	chunks/002/functions-000128.c	-[SCGenericCreatorsDeepLinkProcessorPlugin .cxx_destruct]	
106a58fdc	106a5909f	decompiled	chunks/002/functions-000128.c	-[SCOurStoryDeepLinkProcessor initWithNavigationDelegate:circumstanceEngine:adPrefetchServices:]	
106a590a0	106a5945b	decompiled	chunks/002/functions-000128.c	-[SCOurStoryDeepLinkProcessor handleOpenURL:sourceApplication:additionalInfo:]	
106a5945c	106a594cf	decompiled	chunks/002/functions-000128.c	-[SCOurStoryDeepLinkProcessor _handleOpenURLForDiscoverFeed:sourceApplication:additionalInfo:]	
106a594d0	106a59b5f	decompiled	chunks/002/functions-000128.c	-[SCOurStoryDeepLinkProcessor _handleOpenURLForSpotlight:sourceApplication:additionalInfo:snapId:]	
106a59b60	106a59bcb	decompiled	chunks/002/functions-000128.c	-[SCOurStoryDeepLinkProcessor _navigateToSpotlightWithDeepLinkURL:sourceApplication:additionalInfo:]	
106a59bcc	106a59bdf	decompiled	chunks/002/functions-000128.c	-[SCOurStoryDeepLinkProcessor identifier]	
106a59be0	106a59be7	decompiled	chunks/002/functions-000128.c	-[SCOurStoryDeepLinkProcessor priority]	
106a59be8	106a59cc7	decompiled	chunks/002/functions-000128.c	-[SCOurStoryDeepLinkProcessor canProvideProcessorForFeature:]	
106a59cc8	106a59d13	decompiled	chunks/002/functions-000128.c	-[SCOurStoryDeepLinkProcessor isValidDeepLink:]	
106a59d14	106a59d17	decompiled	chunks/002/functions-000128.c	-[SCOurStoryDeepLinkProcessor makeDeepLinkProcessor]	
106a59d18	106a59e17	decompiled	chunks/002/functions-000128.c	-[SCOurStoryDeepLinkProcessor processDeepLinkURL:additionalInfo:delegate:]	
106a59e18	106a59e1f	decompiled	chunks/002/functions-000128.c	-[SCOurStoryDeepLinkProcessor shouldForceNavigation]	
106a59e20	106a59e23	decompiled	chunks/002/functions-000128.c	-[SCOurStoryDeepLinkProcessor processDeepLinkResolutionResult:additionalInfo:delegate:]	
106a59e24	106a59e5b	decompiled	chunks/002/functions-000128.c	-[SCOurStoryDeepLinkProcessor .cxx_destruct]	
106a59e5c	106a59f63	decompiled	chunks/002/functions-000128.c	-[SCBillboardActionContext initWithNavigationUIContainer:uiContainer:action:surface:onComplete:]	
106a59f64	106a59f6b	decompiled	chunks/002/functions-000128.c	-[SCBillboardActionContext navigationUIContainer]	
106a59f6c	106a59f73	decompiled	chunks/002/functions-000128.c	-[SCBillboardActionContext uiContainer]	
106a59f74	106a59f7b	decompiled	chunks/002/functions-000128.c	-[SCBillboardActionContext action]	
106a59f7c	106a59f83	decompiled	chunks/002/functions-000128.c	-[SCBillboardActionContext surface]	
106a59f84	106a59f8b	decompiled	chunks/002/functions-000128.c	-[SCBillboardActionContext onComplete]	
106a59f8c	106a59fd3	decompiled	chunks/002/functions-000128.c	-[SCBillboardActionContext .cxx_destruct]	
106a59fd4	106a5a047	decompiled	chunks/002/functions-000128.c	-[SCBillboardActionHandlerScope initWithPlugInRegistry:]	
106a5a048	106a5a04f	decompiled	chunks/002/functions-000128.c	-[SCBillboardActionHandlerScope plugInRegistry]	
106a5a050	106a5a05b	decompiled	chunks/002/functions-000128.c	-[SCBillboardActionHandlerScope .cxx_destruct]	
106a5a05c	106a5a0cf	decompiled	chunks/002/functions-000128.c	-[SCGrapheneThirdPartyLoginDeeplinkMetric2 init]	
106a5a0d0	106a5a147	decompiled	chunks/002/functions-000128.c		
106a5a148	106a5a1bf	decompiled	chunks/002/functions-000128.c		
106a5a1c0	106a5a237	decompiled	chunks/002/functions-000128.c		
106a5a238	106a5a2af	decompiled	chunks/002/functions-000128.c		
106a5a2b0	106a5a327	decompiled	chunks/002/functions-000128.c		
106a5a328	106a5a39f	decompiled	chunks/002/functions-000128.c		
106a5a3a0	106a5a417	decompiled	chunks/002/functions-000128.c		
106a5a418	106a5a483	decompiled	chunks/002/functions-000128.c	-[SCSearchOverlayTransitionController initWithSearchViewProvider:]	
106a5a484	106a5a487	decompiled	chunks/002/functions-000128.c	-[SCSearchOverlayTransitionController animationControllerForPresentedController:presentingController:sourceController:]	
106a5a488	106a5a48b	decompiled	chunks/002/functions-000128.c	-[SCSearchOverlayTransitionController animationControllerForDismissedController:]	
106a5a48c	106a5a497	decompiled	chunks/002/functions-000128.c	-[SCSearchOverlayTransitionController transitionDuration:]	
106a5a498	106a5a62b	decompiled	chunks/002/functions-000128.c	-[SCSearchOverlayTransitionController animateTransition:]	
106a5a62c	106a5a683	decompiled	chunks/002/functions-000128.c		
106a5a684	106a5ac8b	decompiled	chunks/002/functions-000128.c	-[SCSearchOverlayTransitionController _animatePresentationFrom:to:duration:transitionContext:]	
106a5ac8c	106a5ad47	decompiled	chunks/002/functions-000128.c		
106a5ad48	106a5adf3	decompiled	chunks/002/functions-000128.c		
106a5adf4	106a5ae2f	decompiled	chunks/002/functions-000128.c		
106a5ae30	106a5af47	decompiled	chunks/002/functions-000128.c		
106a5af48	106a5b437	decompiled	chunks/002/functions-000128.c	-[SCSearchOverlayTransitionController _animateDismissalFrom:to:duration:transitionContext:]	
106a5b438	106a5b593	decompiled	chunks/002/functions-000128.c		
106a5b594	106a5b627	decompiled	chunks/002/functions-000128.c		
106a5b628	106a5b6d7	decompiled	chunks/002/functions-000128.c		
106a5b6d8	106a5b703	decompiled	chunks/002/functions-000128.c	-[SCSearchOverlayTransitionController .cxx_destruct]	
106a5b704	106a5b77f	decompiled	chunks/002/functions-000128.c	-[SCSearchOverlayUIContainer initWithPresentingViewController:animated:]	
106a5b780	106a5b82b	decompiled	chunks/002/functions-000128.c	-[SCSearchOverlayUIContainer attachUI:]	
106a5b82c	106a5b87f	decompiled	chunks/002/functions-000128.c	-[SCSearchOverlayUIContainer detachUI:]	
106a5b880	106a5b8ab	decompiled	chunks/002/functions-000128.c	-[SCSearchOverlayUIContainer .cxx_destruct]	
106a5b8ac	106a5bc53	decompiled	chunks/002/functions-000128.c		
106a5bc54	106a5bcbf	decompiled	chunks/002/functions-000128.c	-[SCLensExplorerDeepLinkProcessing initWithNavigationDelegate:]	
106a5bcc0	106a5be23	decompiled	chunks/002/functions-000128.c	-[SCLensExplorerDeepLinkProcessing processDeepLinkURL:additionalInfo:delegate:]	
106a5be24	106a5be2b	decompiled	chunks/002/functions-000128.c	-[SCLensExplorerDeepLinkProcessing shouldForceNavigation]	
106a5be2c	106a5be2f	decompiled	chunks/002/functions-000128.c	-[SCLensExplorerDeepLinkProcessing processDeepLinkResolutionResult:additionalInfo:delegate:]	
106a5be30	106a5be37	decompiled	chunks/002/functions-000128.c	-[SCLensExplorerDeepLinkProcessing .cxx_destruct]	
106a5be38	106a5bea3	decompiled	chunks/002/functions-000128.c	-[SCLensExplorerDeepLinkProcessorPlugin initWithNavigationDelegate:]	
106a5bea4	106a5beb7	decompiled	chunks/002/functions-000128.c	-[SCLensExplorerDeepLinkProcessorPlugin identifier]	
106a5beb8	106a5bebf	decompiled	chunks/002/functions-000128.c	-[SCLensExplorerDeepLinkProcessorPlugin priority]	
106a5bec0	106a5bed3	decompiled	chunks/002/functions-000128.c	-[SCLensExplorerDeepLinkProcessorPlugin canProvideProcessorForFeature:]	
106a5bed4	106a5bf1f	decompiled	chunks/002/functions-000128.c	-[SCLensExplorerDeepLinkProcessorPlugin isValidDeepLink:]	
106a5bf20	106a5bf73	decompiled	chunks/002/functions-000128.c	-[SCLensExplorerDeepLinkProcessorPlugin makeDeepLinkProcessor]	
106a5bf74	106a5bf7b	decompiled	chunks/002/functions-000128.c	-[SCLensExplorerDeepLinkProcessorPlugin .cxx_destruct]	
106a5bf7c	106a5c01f	decompiled	chunks/002/functions-000128.c	-[SCLensRemoteApiOAuthDeeplinkHandler initWithLegacyNavigationServices:dataProvider:]	
106a5c020	106a5c3c7	decompiled	chunks/002/functions-000128.c	-[SCLensRemoteApiOAuthDeeplinkHandler processDeepLinkURL:additionalInfo:delegate:]	
106a5c3c8	106a5c3d3	decompiled	chunks/002/functions-000128.c		
106a5c3d4	106a5c3db	decompiled	chunks/002/functions-000128.c	-[SCLensRemoteApiOAuthDeeplinkHandler shouldForceNavigation]	
106a5c3dc	106a5c3df	decompiled	chunks/002/functions-000129.c	-[SCLensRemoteApiOAuthDeeplinkHandler processDeepLinkResolutionResult:additionalInfo:delegate:]	
106a5c3e0	106a5c3f3	decompiled	chunks/002/functions-000129.c	-[SCLensRemoteApiOAuthDeeplinkHandler identifier]	
106a5c3f4	106a5c3fb	decompiled	chunks/002/functions-000129.c	-[SCLensRemoteApiOAuthDeeplinkHandler priority]	
106a5c3fc	106a5c40f	decompiled	chunks/002/functions-000129.c	-[SCLensRemoteApiOAuthDeeplinkHandler canProvideProcessorForFeature:]	
106a5c410	106a5c45b	decompiled	chunks/002/functions-000129.c	-[SCLensRemoteApiOAuthDeeplinkHandler isValidDeepLink:]	
106a5c45c	106a5c45f	decompiled	chunks/002/functions-000129.c	-[SCLensRemoteApiOAuthDeeplinkHandler makeDeepLinkProcessor]	
106a5c460	106a5c48f	decompiled	chunks/002/functions-000129.c	-[SCLensRemoteApiOAuthDeeplinkHandler .cxx_destruct]	
106a5c490	106a5c83f	decompiled	chunks/002/functions-000129.c	-[SCDiscoverFeedUpNextV2PlaybackManager initWithUpNextOperaEventAnnouncer:upNextV2Requester:storiesConfigProvider:pageSessionId:circumstanceEngine:playableViewModelGenerator:discoverFeedDataMutator:networkConnectivityMonitor:disposableObserverLifecycle:storiesMetricServices:storiesMediaCoordinator:]	
106a5c840	106a5c877	decompiled	chunks/002/functions-000129.c		
106a5c878	106a5cbff	decompiled	chunks/002/functions-000129.c	-[SCDiscoverFeedUpNextV2PlaybackManager _startOperaEventListening:disposableObserverLifecycle:]	
106a5cc00	106a5ccf3	decompiled	chunks/002/functions-000129.c		
106a5ccf4	106a5cddb	decompiled	chunks/002/functions-000129.c		
106a5cddc	106a5ce4b	decompiled	chunks/002/functions-000129.c		
106a5ce4c	106a5ce4f	decompiled	chunks/002/functions-000129.c		
106a5ce50	106a5cf23	decompiled	chunks/002/functions-000129.c		
106a5cf24	106a5d03f	decompiled	chunks/002/functions-000129.c		
106a5d040	106a5d15f	decompiled	chunks/002/functions-000129.c		
106a5d160	106a5d173	decompiled	chunks/002/functions-000129.c		
106a5d174	106a5d6cf	decompiled	chunks/002/functions-000129.c	-[SCDiscoverFeedUpNextV2PlaybackManager _handlePlaybackOpenEventWithInitialDFStories:defaultFallbackStories:triggeringAction:triggeringSource:debugBlock:triggeringStoryId:triggeringFeedType:initialStoryIds:]	
106a5d6d0	106a5d7e3	decompiled	chunks/002/functions-000129.c	-[SCDiscoverFeedUpNextV2PlaybackManager _handlePaginationEventWithOperaPresenter:playbackDataProvider:lastPlaylistIndexBeforeUpNext:]	
106a5d7e4	106a5d8cb	decompiled	chunks/002/functions-000129.c	-[SCDiscoverFeedUpNextV2PlaybackManager _mixedCarouselShouldTriggerRequestWithOperaPresenter:lastPlaylistIndexBeforeUpNext:]	
106a5d8cc	106a5da53	decompiled	chunks/002/functions-000129.c	-[SCDiscoverFeedUpNextV2PlaybackManager _shouldTriggerRequestWithOperaPresenter:lastPlaylistIndexBeforeUpNext:]	
106a5da54	106a5daeb	decompiled	chunks/002/functions-000129.c	-[SCDiscoverFeedUpNextV2PlaybackManager _nextPageTriggeringThresholdOnNetworkCondition]	
106a5daec	106a5db4b	decompiled	chunks/002/functions-000129.c	-[SCDiscoverFeedUpNextV2PlaybackManager _fsAutoAdvanceTriggeringOffset]	
106a5db4c	106a5dbab	decompiled	chunks/002/functions-000129.c	-[SCDiscoverFeedUpNextV2PlaybackManager _subsAutoAdvanceTriggeringOffset]	
106a5dbac	106a5dbdb	decompiled	chunks/002/functions-000129.c	-[SCDiscoverFeedUpNextV2PlaybackManager _shouldDeferSendingInitialUpNextRequestForFS]	
106a5dbdc	106a5dc0b	decompiled	chunks/002/functions-000129.c	-[SCDiscoverFeedUpNextV2PlaybackManager _shouldDeferSendingInitialUpNextRequestForSubs]	
106a5dc0c	106a5dc67	decompiled	chunks/002/functions-000129.c	-[SCDiscoverFeedUpNextV2PlaybackManager _currentNetworkDimension]	
106a5dc68	106a5deab	decompiled	chunks/002/functions-000129.c	-[SCDiscoverFeedUpNextV2PlaybackManager _triggerNextUpNextRequestIsRetry:reason:]	
106a5deac	106a5dfd3	decompiled	chunks/002/functions-000129.c		
106a5dfd4	106a5e0b3	decompiled	chunks/002/functions-000129.c	-[SCDiscoverFeedUpNextV2PlaybackManager _receivedUpnextStories:debugHTML:error:isRetry:]	
106a5e0b4	106a5e567	decompiled	chunks/002/functions-000129.c	-[SCDiscoverFeedUpNextV2PlaybackManager _appendNewUpnextStories:]	
106a5e568	106a5e57b	decompiled	chunks/002/functions-000129.c		
106a5e57c	106a5e61f	decompiled	chunks/002/functions-000129.c		
106a5e620	106a5e67f	decompiled	chunks/002/functions-000129.c		
106a5e680	106a5e70b	decompiled	chunks/002/functions-000129.c	-[SCDiscoverFeedUpNextV2PlaybackManager _appendStoriesToPlaybackDataProvider:playbackDataProvider:]	
106a5e70c	106a5e743	decompiled	chunks/002/functions-000129.c	-[SCDiscoverFeedUpNextV2PlaybackManager _replaceCurrentPlaylistIdsWithPlaylist:]	
106a5e744	106a5e74b	decompiled	chunks/002/functions-000129.c		
106a5e74c	106a5e7d7	decompiled	chunks/002/functions-000129.c	-[SCDiscoverFeedUpNextV2PlaybackManager _appendCurrentPlaylistWithNewStories:newPlaylist:]	
106a5e7d8	106a5e81f	decompiled	chunks/002/functions-000129.c		
106a5e820	106a5e993	decompiled	chunks/002/functions-000129.c	-[SCDiscoverFeedUpNextV2PlaybackManager _operaCurrentPlaylistExcludingAdsWithOperaPresenter:]	
106a5e994	106a5e9f3	decompiled	chunks/002/functions-000129.c		
106a5e9f4	106a5eb0f	decompiled	chunks/002/functions-000129.c	-[SCDiscoverFeedUpNextV2PlaybackManager _updateCurrentPlaybackSessionData:]	
106a5eb10	106a5ee0f	decompiled	chunks/002/functions-000129.c		
106a5ee10	106a5effb	decompiled	chunks/002/functions-000129.c	-[SCDiscoverFeedUpNextV2PlaybackManager _hydrateLoggingInfoToStory:requestId:hpoPb:]	
106a5effc	106a5f0c7	decompiled	chunks/002/functions-000129.c	-[SCDiscoverFeedUpNextV2PlaybackManager _isPayToPromoteStory:]	
106a5f0c8	106a5f193	decompiled	chunks/002/functions-000129.c	-[SCDiscoverFeedUpNextV2PlaybackManager _emitMediaResidentForInitialStories:defaultStories:]	
106a5f194	106a5f2fb	decompiled	chunks/002/functions-000129.c	-[SCDiscoverFeedUpNextV2PlaybackManager _queryMediaResidentForStories:source:feedType:coordinator:]	
106a5f2fc	106a5f39b	decompiled	chunks/002/functions-000129.c		
106a5f39c	106a5f503	decompiled	chunks/002/functions-000129.c		
106a5f504	106a5f58f	decompiled	chunks/002/functions-000129.c	-[SCDiscoverFeedUpNextV2PlaybackManager _emitTimeMetricsWithStartTime:step:sequence:]	
106a5f590	106a5f697	decompiled	chunks/002/functions-000129.c	-[SCDiscoverFeedUpNextV2PlaybackManager .cxx_destruct]	
106a5f698	106a5fb8b	decompiled	chunks/002/functions-000129.c	-[SCDiscoverFeedUpNextV2PlaybackSessionEntryPoint begin]	
106a5fb8c	106a5fbdb	decompiled	chunks/002/functions-000129.c	-[SCDiscoverFeedUpNextV2PlaybackSessionEntryPoint dealloc]	
106a5fbdc	106a5fcbb	decompiled	chunks/002/functions-000129.c	-[SCDiscoverFeedUpNextV2PlaybackSessionEntryPoint .cxx_destruct]	
106a5fcbc	106a60203	decompiled	chunks/002/functions-000129.c	-[SCDiscoverFeedUpNextV2PrefetchV2PlaybackManager initWithUpNextOperaEventAnnouncer:upNextV2Requester:storiesConfigProvider:pageSessionId:circumstanceEngine:playableViewModelGenerator:discoverFeedDataMutator:networkConnectivityMonitor:disposableObserverLifecycle:storiesMetricServices:spotlightDisplayOrdererFactor:spotlightMediaFetcherFactory:spotlightStoriesPrefetcherFactory:]	
106a60204	106a60273	decompiled	chunks/002/functions-000129.c		
106a60274	106a602a7	decompiled	chunks/002/functions-000129.c	-[SCDiscoverFeedUpNextV2PrefetchV2PlaybackManager dealloc]	
106a602a8	106a6062f	decompiled	chunks/002/functions-000129.c	-[SCDiscoverFeedUpNextV2PrefetchV2PlaybackManager _startOperaEventListening:disposableObserverLifecycle:]	
106a60630	106a60723	decompiled	chunks/002/functions-000129.c		
106a60724	106a60817	decompiled	chunks/002/functions-000129.c		
106a60818	106a60887	decompiled	chunks/002/functions-000129.c		
106a60888	106a6088b	decompiled	chunks/002/functions-000129.c		
106a6088c	106a6095f	decompiled	chunks/002/functions-000129.c		
106a60960	106a60a7b	decompiled	chunks/002/functions-000129.c		
106a60a7c	106a60b57	decompiled	chunks/002/functions-000129.c		
106a60b58	106a60f73	decompiled	chunks/002/functions-000129.c	-[SCDiscoverFeedUpNextV2PrefetchV2PlaybackManager _handlePlaybackOpenEventWithInitialDFStories:defaultFallbackStories:triggeringAction:triggeringSource:debugBlock:triggeringStoryId:initialStoryIds:presentingViewController:]	
106a60f74	106a60fbb	decompiled	chunks/002/functions-000129.c		
106a60fbc	106a61187	decompiled	chunks/002/functions-000129.c	-[SCDiscoverFeedUpNextV2PrefetchV2PlaybackManager _handlePaginationEventWithOperaPresenter:playbackDataProvider:lastPlaylistIndexBeforeUpNext:]	
106a61188	106a61323	decompiled	chunks/002/functions-000129.c	-[SCDiscoverFeedUpNextV2PrefetchV2PlaybackManager _triggerNextUpNextRequestIsRetry:]	
106a61324	106a6144b	decompiled	chunks/002/functions-000129.c		
106a6144c	106a6152b	decompiled	chunks/002/functions-000129.c	-[SCDiscoverFeedUpNextV2PrefetchV2PlaybackManager _receivedUpnextStories:debugHTML:error:isRetry:]	
106a6152c	106a6168f	decompiled	chunks/002/functions-000129.c	-[SCDiscoverFeedUpNextV2PrefetchV2PlaybackManager _shouldTriggerRequestWithOperaPresenter:lastPlaylistIndexBeforeUpNext:]	
106a61690	106a61707	decompiled	chunks/002/functions-000129.c	-[SCDiscoverFeedUpNextV2PrefetchV2PlaybackManager _shouldDeferSendingInitialUpNextRequestForFS]	
106a61708	106a617ef	decompiled	chunks/002/functions-000129.c	-[SCDiscoverFeedUpNextV2PrefetchV2PlaybackManager _mixedCarouselShouldTriggerRequestWithOperaPresenter:lastPlaylistIndexBeforeUpNext:]	
106a617f0	106a61887	decompiled	chunks/002/functions-000129.c	-[SCDiscoverFeedUpNextV2PrefetchV2PlaybackManager _nextPageTriggeringThresholdOnNetworkCondition]	
106a61888	106a618e7	decompiled	chunks/002/functions-000129.c	-[SCDiscoverFeedUpNextV2PrefetchV2PlaybackManager _fsAutoAdvanceTriggeringOffset]	
106a618e8	106a61a5b	decompiled	chunks/002/functions-000129.c	-[SCDiscoverFeedUpNextV2PrefetchV2PlaybackManager _operaCurrentPlaylistExcludingAdsWithOperaPresenter:]	
106a61a5c	106a61abb	decompiled	chunks/002/functions-000129.c		
106a61abc	106a61b87	decompiled	chunks/002/functions-000129.c	-[SCDiscoverFeedUpNextV2PrefetchV2PlaybackManager _isPayToPromoteStory:]	
106a61b88	106a61c9f	decompiled	chunks/002/functions-000129.c	-[SCDiscoverFeedUpNextV2PrefetchV2PlaybackManager _appendNewUpnextStories:]	
106a61ca0	106a61d5f	decompiled	chunks/002/functions-000129.c	-[SCDiscoverFeedUpNextV2PrefetchV2PlaybackManager _updateCurrentPlaybackSessionData:]	
106a61d60	106a6205f	decompiled	chunks/002/functions-000129.c		
106a62060	106a620bb	decompiled	chunks/002/functions-000129.c	-[SCDiscoverFeedUpNextV2PrefetchV2PlaybackManager _appendStoriesToPlaybackDataProvider:playbackDataProvider:]	
106a620bc	106a62147	decompiled	chunks/002/functions-000129.c	-[SCDiscoverFeedUpNextV2PrefetchV2PlaybackManager _appendCurrentPlaylistWithNewStories:newPlaylist:]	
106a62148	106a6218f	decompiled	chunks/002/functions-000129.c		
106a62190	106a6237b	decompiled	chunks/002/functions-000129.c	-[SCDiscoverFeedUpNextV2PrefetchV2PlaybackManager _hydrateLoggingInfoToStory:requestId:hpoPb:]	
106a6237c	106a62383	decompiled	chunks/002/functions-000129.c	-[SCDiscoverFeedUpNextV2PrefetchV2PlaybackManager desiredPlaylistOrderingObservable]	
106a62384	106a6286f	decompiled	chunks/002/functions-000129.c	-[SCDiscoverFeedUpNextV2PrefetchV2PlaybackManager _updatePlaylistWithDesiredPlaylistReorderingAndNextStory:switchToDedupeFp:operaPresenter:]	
106a62870	106a62987	decompiled	chunks/002/functions-000129.c		
106a62988	106a6299b	decompiled	chunks/002/functions-000129.c		
106a6299c	106a62adb	decompiled	chunks/002/functions-000129.c	-[SCDiscoverFeedUpNextV2PrefetchV2PlaybackManager _observeDesiredPlaylistOrdering:]	
106a62adc	106a62b3f	decompiled	chunks/002/functions-000129.c		
106a62b40	106a62ca7	decompiled	chunks/002/functions-000129.c	-[SCDiscoverFeedUpNextV2PrefetchV2PlaybackManager _discoverFeedStoryFromGroupDataModel:]	
106a62ca8	106a62e0b	decompiled	chunks/002/functions-000129.c	-[SCDiscoverFeedUpNextV2PrefetchV2PlaybackManager _shouldRequestMoreStoriesWithOperaPresenter:]	
106a62e0c	106a62e47	decompiled	chunks/002/functions-000129.c		
106a62e48	106a62ee7	decompiled	chunks/002/functions-000129.c	-[SCDiscoverFeedUpNextV2PrefetchV2PlaybackManager _updateStaleDedupeFpsFromStories:]	
106a62ee8	106a62f97	decompiled	chunks/002/functions-000129.c		
106a62f98	106a63047	decompiled	chunks/002/functions-000129.c	-[SCDiscoverFeedUpNextV2PrefetchV2PlaybackManager _removeStoriesInDataMutatorWithDedupeFps:]	
106a63048	106a6312b	decompiled	chunks/002/functions-000129.c	-[SCDiscoverFeedUpNextV2PrefetchV2PlaybackManager _getCurrentStoriesDisplayOrderWithCompletion:]	
