address	end_address	status	pseudocode_file	runtime_label	error
106af6b70	106af6baf	decompiled	chunks/002/functions-000160.c		
106af6bb0	106af6c03	decompiled	chunks/002/functions-000160.c		
106af6c04	106af6c2b	decompiled	chunks/002/functions-000160.c		
106af6c2c	106af6ce7	decompiled	chunks/002/functions-000160.c		
106af6ce8	106af6d63	decompiled	chunks/002/functions-000160.c		
106af6d64	106af6ddf	decompiled	chunks/002/functions-000160.c	-[SCMutableCircularString initWithCapacity:]	
106af6de0	106af6f6f	decompiled	chunks/002/functions-000160.c	-[SCMutableCircularString appendString:]	
106af6f70	106af701b	decompiled	chunks/002/functions-000160.c	-[SCMutableCircularString string]	
106af701c	106af7023	decompiled	chunks/002/functions-000160.c	-[SCMutableCircularString length]	
106af7024	106af702b	decompiled	chunks/002/functions-000160.c	-[SCMutableCircularString capacity]	
106af702c	106af7037	decompiled	chunks/002/functions-000160.c	-[SCMutableCircularString .cxx_destruct]	
106af7038	106af70bb	decompiled	chunks/002/functions-000160.c	+[SCShakeBetaLogger logEvent:message:]	
106af70bc	106af7197	decompiled	chunks/002/functions-000160.c	+[SCShakeBetaLogger retrieveLogForTeam:completion:]	
106af7198	106af71a3	decompiled	chunks/002/functions-000160.c		
106af71a4	106af72ff	decompiled	chunks/002/functions-000160.c	+[SCShakeBetaLogger writeLogToFileForTeam:baseUrl:completion:]	
106af7300	106af7353	decompiled	chunks/002/functions-000160.c		
106af7354	106af7467	decompiled	chunks/002/functions-000160.c	-[SCShakeBetaLoggerBuffer initWithCapacity:fileName:performerLabel:performerContext:]	
106af7468	106af7547	decompiled	chunks/002/functions-000160.c	-[SCShakeBetaLoggerBuffer appendLog:key:]	
106af7548	106af7613	decompiled	chunks/002/functions-000160.c		
106af7614	106af76eb	decompiled	chunks/002/functions-000160.c	-[SCShakeBetaLoggerBuffer getLogData:]	
106af76ec	106af7753	decompiled	chunks/002/functions-000160.c		
106af7754	106af775b	decompiled	chunks/002/functions-000160.c	-[SCShakeBetaLoggerBuffer capacity]	
106af775c	106af7763	decompiled	chunks/002/functions-000160.c	-[SCShakeBetaLoggerBuffer fileName]	
106af7764	106af779f	decompiled	chunks/002/functions-000160.c	-[SCShakeBetaLoggerBuffer .cxx_destruct]	
106af77a0	106af77eb	decompiled	chunks/002/functions-000160.c	+[SCShakeBetaLoggerConfig getAllTeams]	
106af77ec	106af786f	decompiled	chunks/002/functions-000160.c	+[SCShakeBetaLoggerConfig getBufferForTeam:]	
106af7870	106af7893	decompiled	chunks/002/functions-000160.c	+[SCShakeBetaLoggerConfig getTeamForKey:]	
106af7894	106af78bb	decompiled	chunks/002/functions-000160.c	+[SCShakeBetaLoggerConfig getNameForKey:]	
106af78bc	106af7a0f	decompiled	chunks/002/functions-000160.c	+[SCShakeBetaLoggerConfig _getTeamBuffers]	
106af7a10	106af7a97	decompiled	chunks/002/functions-000160.c	-[SCInternalLogWriter initWithDataWriter:infoProviderRegistry:]	
106af7a98	106af7b9b	decompiled	chunks/002/functions-000160.c	-[SCInternalLogWriter writeLogsToURL:]	
106af7b9c	106af7c2b	decompiled	chunks/002/functions-000160.c		
106af7c2c	106af7c77	decompiled	chunks/002/functions-000160.c		
106af7c78	106af7d17	decompiled	chunks/002/functions-000160.c	-[SCInternalLogWriter provideMultipleShakeLogs]	
106af7d18	106af7dcb	decompiled	chunks/002/functions-000160.c		
106af7dcc	106af7f0b	decompiled	chunks/002/functions-000160.c	-[SCInternalLogWriter _writeDataWithFileName:data:baseUrl:]	
106af7f0c	106af832b	decompiled	chunks/002/functions-000160.c	-[SCInternalLogWriter _normalizedFeatureFromFileName:]	
106af832c	106af835b	decompiled	chunks/002/functions-000160.c	-[SCInternalLogWriter .cxx_destruct]	
106af835c	106af835f	decompiled	chunks/002/functions-000160.c	-[SCSnapchatBetaShakeLogWriter writeLogsToURL:]	
106af8360	106af836b	decompiled	chunks/002/functions-000160.c	-[SCSnapchatBetaShakeLogWriter provideMultipleShakeLogs]	
106af836c	106af8377	decompiled	chunks/002/functions-000160.c	-[SCSnapchatBetaShakeLogWriter asyncLogSources]	
106af8378	106af85af	decompiled	chunks/002/functions-000160.c	-[SCSnapchatBetaShakeLogWriter _dumpBetaLogs:]	
106af85b0	106af85eb	decompiled	chunks/002/functions-000160.c		
106af85ec	106af865f	decompiled	chunks/002/functions-000160.c	-[SCGrapheneShakeToReportMetric2 init]	
106af8660	106af87d3	decompiled	chunks/002/functions-000160.c		
106af87d4	106af8937	decompiled	chunks/002/functions-000160.c	+[SCShakeToReportUtil topViewControllerForRootViewController:]	
106af8938	106af8943	decompiled	chunks/002/functions-000160.c	+[SCCShakeToReportCodematizerExportComponent componentPath]	
106af8944	106af8963	decompiled	chunks/002/functions-000160.c	-[SCCShakeToReportCodematizerExportComponent initWithViewModel:componentContext:runtime:]	
106af8964	106af8997	decompiled	chunks/002/functions-000160.c	-[SCCShakeToReportCodematizerExportComponent setViewModel:]	
106af8998	106af89cf	decompiled	chunks/002/functions-000160.c	-[SCCShakeToReportCodematizerExportComponent viewModel]	
106af89d0	106af89db	decompiled	chunks/002/functions-000160.c	+[SCCShakeToReportSegmentedControl componentPath]	
106af89dc	106af89fb	decompiled	chunks/002/functions-000160.c	-[SCCShakeToReportSegmentedControl initWithViewModel:componentContext:runtime:]	
106af89fc	106af8a2f	decompiled	chunks/002/functions-000160.c	-[SCCShakeToReportSegmentedControl setViewModel:]	
106af8a30	106af8a67	decompiled	chunks/002/functions-000160.c	-[SCCShakeToReportSegmentedControl viewModel]	
106af8a68	106af8a73	decompiled	chunks/002/functions-000160.c	+[SCCShakeToReportShakePromptComponent componentPath]	
106af8a74	106af8a93	decompiled	chunks/002/functions-000160.c	-[SCCShakeToReportShakePromptComponent initWithViewModel:componentContext:runtime:]	
106af8a94	106af8ac7	decompiled	chunks/002/functions-000160.c	-[SCCShakeToReportShakePromptComponent setViewModel:]	
106af8ac8	106af8aff	decompiled	chunks/002/functions-000160.c	-[SCCShakeToReportShakePromptComponent viewModel]	
106af8b00	106af8b0b	decompiled	chunks/002/functions-000160.c	+[SCCShakeToReportShakeToReportComponent componentPath]	
106af8b0c	106af8b2b	decompiled	chunks/002/functions-000160.c	-[SCCShakeToReportShakeToReportComponent initWithViewModel:componentContext:runtime:]	
106af8b2c	106af8b5f	decompiled	chunks/002/functions-000160.c	-[SCCShakeToReportShakeToReportComponent setViewModel:]	
106af8b60	106af8b97	decompiled	chunks/002/functions-000160.c	-[SCCShakeToReportShakeToReportComponent viewModel]	
106af8b98	106af8bf3	decompiled	chunks/002/functions-000160.c		
106af8bf4	106af8bfb	decompiled	chunks/002/functions-000160.c	-[SCCShakeToReportShakePromptResult__Enum init]	
106af8bfc	106af8cb3	decompiled	chunks/002/functions-000160.c	-[SCCShakeToReportCodematizerExportContext initWithOnDismiss:onExport:onCopyHierarchy:]	
106af8cb4	106af8cc3	decompiled	chunks/002/functions-000160.c	+[SCCShakeToReportCodematizerExportContext valdiMarshallableObjectDescriptor]	
106af8cc4	106af8d03	decompiled	chunks/002/functions-000160.c	-[SCCShakeToReportCodematizerExportViewModel initWithTitle:hierarchyTitle:hierarchyText:notesTitle:placeholder:exportButtonTitle:hierarchyActionTitle:]	
106af8d04	106af8d13	decompiled	chunks/002/functions-000160.c	+[SCCShakeToReportCodematizerExportViewModel valdiMarshallableObjectDescriptor]	
106af8d14	106af8d3f	decompiled	chunks/002/functions-000160.c	-[SCCShakeToReportScreen initWithName:topics:]	
106af8d40	106af8d5b	decompiled	chunks/002/functions-000160.c	+[SCCShakeToReportScreen valdiMarshallableObjectDescriptor]	
106af8d5c	106af8d8f	decompiled	chunks/002/functions-000160.c	-[SCCShakeToReportSegmentedControlContext init]	
106af8d90	106af8dab	decompiled	chunks/002/functions-000160.c	+[SCCShakeToReportSegmentedControlContext valdiMarshallableObjectDescriptor]	
106af8dac	106af8dcf	decompiled	chunks/002/functions-000160.c		
106af8dd0	106af8e1f	decompiled	chunks/002/functions-000160.c		
106af8e20	106af8e4f	decompiled	chunks/002/functions-000160.c	-[SCCShakeToReportSegmentedControlViewModel initWithPills:]	
106af8e50	106af8e5f	decompiled	chunks/002/functions-000160.c	+[SCCShakeToReportSegmentedControlViewModel valdiMarshallableObjectDescriptor]	
106af8e60	106af8eb3	decompiled	chunks/002/functions-000160.c	-[SCCShakeToReportShakePromptContext initWithOnSelected:]	
106af8eb4	106af8ed7	decompiled	chunks/002/functions-000160.c	+[SCCShakeToReportShakePromptContext valdiMarshallableObjectDescriptor]	
106af8ed8	106af8efb	decompiled	chunks/002/functions-000160.c		
106af8efc	106af8f4b	decompiled	chunks/002/functions-000160.c		
106af8f4c	106af8f77	decompiled	chunks/002/functions-000160.c	-[SCCShakeToReportShakePromptViewModel initWithTweaksEnabled:checkForUpdates:]	
106af8f78	106af8f87	decompiled	chunks/002/functions-000160.c	+[SCCShakeToReportShakePromptViewModel valdiMarshallableObjectDescriptor]	
106af8f88	106af9173	decompiled	chunks/002/functions-000160.c	-[SCCShakeToReportShakeToReportContext initWithDeckContainerFactory:onDismiss:onDone:onTapImage:onTapReplaceAttachment:onTapRecordVideo:onTapAddVideoFromRoll:onTapRemoveVideo:onTapPrivacyPolicy:imageUpdates:videoUpdates:]	
106af9174	106af9197	decompiled	chunks/002/functions-000160.c	+[SCCShakeToReportShakeToReportContext valdiMarshallableObjectDescriptor]	
106af9198	106af91db	decompiled	chunks/002/functions-000160.c		
106af91dc	106af922b	decompiled	chunks/002/functions-000160.c		
106af922c	106af926f	decompiled	chunks/002/functions-000160.c	-[SCCShakeToReportShakeToReportViewModel initWithTopics:internal:showType:]	
106af9270	106af928b	decompiled	chunks/002/functions-000160.c	+[SCCShakeToReportShakeToReportViewModel valdiMarshallableObjectDescriptor]	
106af928c	106af92b7	decompiled	chunks/002/functions-000160.c	-[SCCShakeToReportTopic initWithName:]	
106af92b8	106af92c7	decompiled	chunks/002/functions-000160.c	+[SCCShakeToReportTopic valdiMarshallableObjectDescriptor]	
106af92c8	106af936b	decompiled	chunks/002/functions-000160.c		
106af936c	106af940f	decompiled	chunks/002/functions-000160.c		
106af9410	106af9483	decompiled	chunks/002/functions-000160.c	-[SCInternalShakeMenuPluginScope initWithOptionRegistry:]	
106af9484	106af948b	decompiled	chunks/002/functions-000160.c	-[SCInternalShakeMenuPluginScope optionRegistry]	
106af948c	106af9497	decompiled	chunks/002/functions-000160.c	-[SCInternalShakeMenuPluginScope .cxx_destruct]	
106af9498	106af95ab	decompiled	chunks/002/functions-000160.c	-[SCInternalShakeMenuOption initWithEmojiIcon:title:subtitle:dismissS2R:action:]	
106af95ac	106af95cf	decompiled	chunks/002/functions-000160.c	-[SCInternalShakeMenuOption copyWithZone:]	
106af95d0	106af95d7	decompiled	chunks/002/functions-000160.c	-[SCInternalShakeMenuOption emojiIcon]	
106af95d8	106af95df	decompiled	chunks/002/functions-000160.c	-[SCInternalShakeMenuOption title]	
106af95e0	106af95e7	decompiled	chunks/002/functions-000160.c	-[SCInternalShakeMenuOption subtitle]	
106af95e8	106af95ef	decompiled	chunks/002/functions-000161.c	-[SCInternalShakeMenuOption dismissS2R]	
106af95f0	106af95f7	decompiled	chunks/002/functions-000161.c	-[SCInternalShakeMenuOption action]	
106af95f8	106af963f	decompiled	chunks/002/functions-000161.c	-[SCInternalShakeMenuOption .cxx_destruct]	
106af9640	106af96db	decompiled	chunks/002/functions-000161.c	-[SCCofTweakMenuScope initWithUIContainer:delegate:]	
106af96dc	106af96e3	decompiled	chunks/002/functions-000161.c	-[SCCofTweakMenuScope uiContainer]	
106af96e4	106af96fb	decompiled	chunks/002/functions-000161.c	-[SCCofTweakMenuScope delegate]	
106af96fc	106af9727	decompiled	chunks/002/functions-000161.c	-[SCCofTweakMenuScope .cxx_destruct]	
106af9728	106af978f	decompiled	chunks/002/functions-000161.c	+[SCAirGetSignedUrlRequest descriptor]	
106af9790	106af97f7	decompiled	chunks/002/functions-000161.c	+[SCAirGetTraceUploadUrlRequest descriptor]	
106af97f8	106af98ef	decompiled	chunks/002/functions-000161.c	+[SCAirGetTraceUploadUrlResponse descriptor]	
106af98f0	106af9903	decompiled	chunks/002/functions-000161.c		
106af9904	106af9977	decompiled	chunks/002/functions-000161.c	-[SIGFigmatizerServices initWithFigmatizer:]	
106af9978	106af997f	decompiled	chunks/002/functions-000161.c	-[SIGFigmatizerServices figmatizer]	
106af9980	106af998b	decompiled	chunks/002/functions-000161.c	-[SIGFigmatizerServices .cxx_destruct]	
106af998c	106af9ad3	decompiled	chunks/002/functions-000161.c	-[SCLegacyLiveLensPreviewUIEntryPoint begin]	
106af9ad4	106af9af7	decompiled	chunks/002/functions-000161.c		
106af9af8	106af9d0b	decompiled	chunks/002/functions-000161.c	-[SCLegacyLiveLensPreviewUIEntryPoint _navigationTypeFromReplyConfiguration:]	
106af9d0c	106af9f1b	decompiled	chunks/002/functions-000161.c		
106af9f1c	106af9f63	decompiled	chunks/002/functions-000161.c	-[SCLegacyLiveLensPreviewUIEntryPoint .cxx_destruct]	
106af9f64	106afa027	decompiled	chunks/002/functions-000161.c	-[SCLensCTAButtonController initWithDependencyProvider:lensCTAHandler:arBarNavigation:]	
106afa028	106afa467	decompiled	chunks/002/functions-000161.c	-[SCLensCTAButtonController ctaButton]	
106afa468	106afa52f	decompiled	chunks/002/functions-000161.c	-[SCLensCTAButtonController ctaButtonPressed]	
106afa530	106afa563	decompiled	chunks/002/functions-000161.c		
106afa564	106afa5c3	decompiled	chunks/002/functions-000161.c	-[SCLensCTAButtonController pointInsideLensCtaButton:]	
106afa5c4	106afa67b	decompiled	chunks/002/functions-000161.c	-[SCLensCTAButtonController updateCtaButtonContentAndConstraints]	
106afa67c	106afa6cb	decompiled	chunks/002/functions-000161.c	-[SCLensCTAButtonController setLensCtaButtonHidden:lens:]	
106afa6cc	106afa8fb	decompiled	chunks/002/functions-000161.c	-[SCLensCTAButtonController setLensCtaButtonHidden:lensId:]	
106afa8fc	106afa93f	decompiled	chunks/002/functions-000161.c		
106afa940	106afa9c3	decompiled	chunks/002/functions-000161.c		
106afa9c4	106afaa4b	decompiled	chunks/002/functions-000161.c	-[SCLensCTAButtonController finalCtaTitleForLens:]	
106afaa4c	106afabab	decompiled	chunks/002/functions-000161.c	-[SCLensCTAButtonController _fallbackCtaTitleForLens:]	
106afabac	106afb2b3	decompiled	chunks/002/functions-000161.c	-[SCLensCTAButtonController _ctaTitleForLens:]	
106afb2b4	106afb37f	decompiled	chunks/002/functions-000161.c	-[SCLensCTAButtonController tapAttachmentButtonForLens:]	
106afb380	106afb48b	decompiled	chunks/002/functions-000161.c	-[SCLensCTAButtonController showAttachmentButtonForLens:]	
106afb48c	106afb547	decompiled	chunks/002/functions-000161.c	-[SCLensCTAButtonController hideAttachmentButton]	
106afb548	106afb5fb	decompiled	chunks/002/functions-000161.c	-[SCLensCTAButtonController _lensHasAttachment:]	
106afb5fc	106afb6ab	decompiled	chunks/002/functions-000161.c	-[SCLensCTAButtonController _handleCTAButtonPressed]	
106afb6ac	106afb6ef	decompiled	chunks/002/functions-000161.c	-[SCLensCTAButtonController .cxx_destruct]	
106afb6f0	106afb81b	decompiled	chunks/002/functions-000161.c	-[SCLensCTACarouselEntryPoint begin]	
106afb81c	106afb87b	decompiled	chunks/002/functions-000161.c	-[SCLensCTACarouselEntryPoint .cxx_destruct]	
106afb87c	106afb91f	decompiled	chunks/002/functions-000161.c	-[SCLensCTACarouselViewControllerProviderImpl initWithLensCTAHandler:arBarNavigation:]	
106afb920	106afb97b	decompiled	chunks/002/functions-000161.c	-[SCLensCTACarouselViewControllerProviderImpl newCTAViewControllerWithDependencyProvider:]	
106afb97c	106afb9ab	decompiled	chunks/002/functions-000161.c	-[SCLensCTACarouselViewControllerProviderImpl .cxx_destruct]	
106afb9ac	106afb9ef	decompiled	chunks/002/functions-000161.c	-[SCLensNavigationLoggingWorkflowEntryPoint begin]	
106afb9f0	106afba47	decompiled	chunks/002/functions-000161.c	-[SCLensNavigationLoggingWorkflowEntryPoint end]	
106afba48	106afbb63	decompiled	chunks/002/functions-000161.c	-[SCLensNavigationLoggingWorkflowEntryPoint _createWorkflow]	
106afbb64	106afbbcf	decompiled	chunks/002/functions-000161.c	-[SCLensNavigationLoggingWorkflowEntryPoint .cxx_destruct]	
106afbbd0	106afbc13	decompiled	chunks/002/functions-000161.c	-[SCLensSnapCaptureLoggingWorkflowEntryPoint begin]	
106afbc14	106afbc6b	decompiled	chunks/002/functions-000161.c	-[SCLensSnapCaptureLoggingWorkflowEntryPoint end]	
106afbc6c	106afbd43	decompiled	chunks/002/functions-000161.c	-[SCLensSnapCaptureLoggingWorkflowEntryPoint _createWorkflow]	
106afbd44	106afbd97	decompiled	chunks/002/functions-000161.c	-[SCLensSnapCaptureLoggingWorkflowEntryPoint .cxx_destruct]	
106afbd98	106afbeaf	decompiled	chunks/002/functions-000161.c	-[SCLensNavigationLoggingWorkflow initWithLensThumbnailLogger:headerButtonEventsObservable:currentPageTracker:lensPerformerProvider:]	
106afbeb0	106afbeb3	decompiled	chunks/002/functions-000161.c	-[SCLensNavigationLoggingWorkflow begin]	
106afbeb4	106afbeb7	decompiled	chunks/002/functions-000161.c	-[SCLensNavigationLoggingWorkflow end]	
106afbeb8	106afc09f	decompiled	chunks/002/functions-000161.c	-[SCLensNavigationLoggingWorkflow _createSubsriptions]	
106afc0a0	106afc243	decompiled	chunks/002/functions-000161.c		
106afc244	106afc347	decompiled	chunks/002/functions-000161.c		
106afc348	106afc403	decompiled	chunks/002/functions-000161.c		
106afc404	106afc407	decompiled	chunks/002/functions-000161.c		
106afc408	106afc49f	decompiled	chunks/002/functions-000161.c		
106afc4a0	106afc4a7	decompiled	chunks/002/functions-000161.c		
106afc4a8	106afc4af	decompiled	chunks/002/functions-000161.c	-[SCLensNavigationLoggingWorkflow _resetSubscriptions]	
106afc4b0	106afc4e7	decompiled	chunks/002/functions-000161.c	-[SCLensNavigationLoggingWorkflow _didTapProfileHeaderButton]	
106afc4e8	106afc51f	decompiled	chunks/002/functions-000161.c	-[SCLensNavigationLoggingWorkflow _didTapSearchHeaderButton]	
106afc520	106afc557	decompiled	chunks/002/functions-000161.c	-[SCLensNavigationLoggingWorkflow _didTapAddFriendsHeaderButton]	
106afc558	106afc58f	decompiled	chunks/002/functions-000161.c	-[SCLensNavigationLoggingWorkflow _didTapMapHeaderButton]	
106afc590	106afc5c7	decompiled	chunks/002/functions-000161.c	-[SCLensNavigationLoggingWorkflow _didTapNotificationCenterHeaderButton]	
106afc5c8	106afc6b7	decompiled	chunks/002/functions-000161.c	-[SCLensNavigationLoggingWorkflow _didNavigateFromPage:toPage:]	
106afc6b8	106afc70b	decompiled	chunks/002/functions-000161.c	-[SCLensNavigationLoggingWorkflow .cxx_destruct]	
106afc70c	106afc7eb	decompiled	chunks/002/functions-000161.c	-[SCLensSnapCaptureLoggingWorkflow initWithLensThumbnailLogger:captureServiceScope:lensPerformerProvider:]	
106afc7ec	106afc7ef	decompiled	chunks/002/functions-000161.c	-[SCLensSnapCaptureLoggingWorkflow begin]	
106afc7f0	106afc7f3	decompiled	chunks/002/functions-000161.c	-[SCLensSnapCaptureLoggingWorkflow end]	
106afc7f4	106afc94b	decompiled	chunks/002/functions-000161.c	-[SCLensSnapCaptureLoggingWorkflow _createSubsriptions]	
106afc94c	106afca47	decompiled	chunks/002/functions-000161.c		
106afca48	106afca7b	decompiled	chunks/002/functions-000161.c		
106afca7c	106afca7f	decompiled	chunks/002/functions-000161.c		
106afca80	106afcab3	decompiled	chunks/002/functions-000161.c		
106afcab4	106afcab7	decompiled	chunks/002/functions-000161.c		
106afcab8	106afcabf	decompiled	chunks/002/functions-000161.c	-[SCLensSnapCaptureLoggingWorkflow _resetSubscriptions]	
106afcac0	106afcaf7	decompiled	chunks/002/functions-000161.c	-[SCLensSnapCaptureLoggingWorkflow _didTakeSnap]	
106afcaf8	106afcb2f	decompiled	chunks/002/functions-000161.c	-[SCLensSnapCaptureLoggingWorkflow _didTakeVideoSnap]	
106afcb30	106afcb73	decompiled	chunks/002/functions-000161.c	-[SCLensSnapCaptureLoggingWorkflow .cxx_destruct]	
106afcb74	106afcc3f	decompiled	chunks/002/functions-000161.c	-[SCLensExplorerCategoriesActionLogger initWithLogger:loggingContext:performer:]	
106afcc40	106afcc4b	decompiled	chunks/002/functions-000161.c	-[SCLensExplorerCategoriesActionLogger logUnlockActionWithLoggingData:]	
106afcc4c	106afcc57	decompiled	chunks/002/functions-000161.c	-[SCLensExplorerCategoriesActionLogger logOpenProfileActionWithLoggingData:]	
106afcc58	106afcc63	decompiled	chunks/002/functions-000161.c	-[SCLensExplorerCategoriesActionLogger logOpenHeroTileActionWithLoggingData:]	
106afcc64	106afcc6f	decompiled	chunks/002/functions-000161.c	-[SCLensExplorerCategoriesActionLogger logOpenPageActionWithLoggingData:]	
106afcc70	106afcd07	decompiled	chunks/002/functions-000161.c	-[SCLensExplorerCategoriesActionLogger _logActionEventWithActionType:loggingData:]	
106afcd08	106afcf0f	decompiled	chunks/002/functions-000161.c		
106afcf10	106afcf4b	decompiled	chunks/002/functions-000161.c	-[SCLensExplorerCategoriesActionLogger .cxx_destruct]	
106afcf4c	106afd027	decompiled	chunks/002/functions-000161.c	-[SCLensExplorerCategoriesButtonActionLogger initWithLogger:sessionIdentifier:productMode:performer:]	
106afd028	106afd1cb	decompiled	chunks/002/functions-000161.c	-[SCLensExplorerCategoriesButtonActionLogger logOpenPageActionWithItemId:]	
106afd1cc	106afd207	decompiled	chunks/002/functions-000161.c	-[SCLensExplorerCategoriesButtonActionLogger .cxx_destruct]	
106afd208	106afd34b	decompiled	chunks/002/functions-000161.c	-[SCGamesExplorerCategoriesLoggerEntryPoint begin]	
106afd34c	106afd38b	decompiled	chunks/002/functions-000161.c		
106afd38c	106afd5f7	decompiled	chunks/002/functions-000161.c	-[SCGamesExplorerCategoriesLoggerEntryPoint _createLogger]	
106afd5f8	106afd61b	decompiled	chunks/002/functions-000161.c		
106afd61c	106afd6b3	decompiled	chunks/002/functions-000161.c	-[SCGamesExplorerCategoriesLoggerEntryPoint _lensExplorerLoggerWithPerformer:]	
106afd6b4	106afd72b	decompiled	chunks/002/functions-000161.c	-[SCGamesExplorerCategoriesLoggerEntryPoint .cxx_destruct]	
106afd72c	106afd843	decompiled	chunks/002/functions-000161.c	-[SCLensExplorerARBarCategoriesLoggerEntryPoint begin]	
106afd844	106afd883	decompiled	chunks/002/functions-000162.c		
106afd884	106afda97	decompiled	chunks/002/functions-000162.c	-[SCLensExplorerARBarCategoriesLoggerEntryPoint _createLogger]	
106afda98	106afdabb	decompiled	chunks/002/functions-000162.c		
106afdabc	106afdb53	decompiled	chunks/002/functions-000162.c	-[SCLensExplorerARBarCategoriesLoggerEntryPoint _lensExplorerLoggerWithPerformer:]	
106afdb54	106afdbe3	decompiled	chunks/002/functions-000162.c	-[SCLensExplorerARBarCategoriesLoggerEntryPoint _productMode]	
106afdbe4	106afdc07	decompiled	chunks/002/functions-000162.c		
106afdc08	106afdc7f	decompiled	chunks/002/functions-000162.c	-[SCLensExplorerARBarCategoriesLoggerEntryPoint .cxx_destruct]	
106afdc80	106afdd97	decompiled	chunks/002/functions-000162.c	-[SCLensExplorerCategoriesLoggerEntryPoint begin]	
106afdd98	106afddd7	decompiled	chunks/002/functions-000162.c		
106afddd8	106afdfcf	decompiled	chunks/002/functions-000162.c	-[SCLensExplorerCategoriesLoggerEntryPoint _createLogger]	
106afdfd0	106afdff3	decompiled	chunks/002/functions-000162.c		
106afdff4	106afe08b	decompiled	chunks/002/functions-000162.c	-[SCLensExplorerCategoriesLoggerEntryPoint _lensExplorerLoggerWithPerformer:]	
106afe08c	106afe103	decompiled	chunks/002/functions-000162.c	-[SCLensExplorerCategoriesLoggerEntryPoint .cxx_destruct]	
106afe104	106afe21b	decompiled	chunks/002/functions-000162.c	-[SCLensExplorerDirectorsCategoriesLoggerEntryPoint begin]	
106afe21c	106afe25b	decompiled	chunks/002/functions-000162.c		
106afe25c	106afe457	decompiled	chunks/002/functions-000162.c	-[SCLensExplorerDirectorsCategoriesLoggerEntryPoint _createLogger]	
106afe458	106afe47b	decompiled	chunks/002/functions-000162.c		
106afe47c	106afe513	decompiled	chunks/002/functions-000162.c	-[SCLensExplorerDirectorsCategoriesLoggerEntryPoint _lensExplorerLoggerWithPerformer:]	
106afe514	106afe58b	decompiled	chunks/002/functions-000162.c	-[SCLensExplorerDirectorsCategoriesLoggerEntryPoint .cxx_destruct]	
106afe58c	106afe6a3	decompiled	chunks/002/functions-000162.c	-[SCLensExplorerGamesCategoriesLoggerEntryPoint begin]	
106afe6a4	106afe6e3	decompiled	chunks/002/functions-000162.c		
106afe6e4	106afe8df	decompiled	chunks/002/functions-000162.c	-[SCLensExplorerGamesCategoriesLoggerEntryPoint _createLogger]	
106afe8e0	106afe903	decompiled	chunks/002/functions-000162.c		
106afe904	106afe99b	decompiled	chunks/002/functions-000162.c	-[SCLensExplorerGamesCategoriesLoggerEntryPoint _lensExplorerLoggerWithPerformer:]	
106afe99c	106afea13	decompiled	chunks/002/functions-000162.c	-[SCLensExplorerGamesCategoriesLoggerEntryPoint .cxx_destruct]	
106afea14	106afeb2b	decompiled	chunks/002/functions-000162.c	-[SCLensExplorerMemoriesTemplateLoggerEntryPoint begin]	
106afeb2c	106afeb6b	decompiled	chunks/002/functions-000162.c		
106afeb6c	106afed67	decompiled	chunks/002/functions-000162.c	-[SCLensExplorerMemoriesTemplateLoggerEntryPoint _createLogger]	
106afed68	106afed8b	decompiled	chunks/002/functions-000162.c		
106afed8c	106afee23	decompiled	chunks/002/functions-000162.c	-[SCLensExplorerMemoriesTemplateLoggerEntryPoint _lensExplorerLoggerWithPerformer:]	
106afee24	106afee9b	decompiled	chunks/002/functions-000162.c	-[SCLensExplorerMemoriesTemplateLoggerEntryPoint .cxx_destruct]	
106afee9c	106afefb3	decompiled	chunks/002/functions-000162.c	-[SCLensExplorerSpectaclesCategoriesLoggerEntryPoint begin]	
106afefb4	106afeff3	decompiled	chunks/002/functions-000162.c		
106afeff4	106aff1ef	decompiled	chunks/002/functions-000162.c	-[SCLensExplorerSpectaclesCategoriesLoggerEntryPoint _createLogger]	
106aff1f0	106aff213	decompiled	chunks/002/functions-000162.c		
106aff214	106aff2ab	decompiled	chunks/002/functions-000162.c	-[SCLensExplorerSpectaclesCategoriesLoggerEntryPoint _lensExplorerLoggerWithPerformer:]	
106aff2ac	106aff323	decompiled	chunks/002/functions-000162.c	-[SCLensExplorerSpectaclesCategoriesLoggerEntryPoint .cxx_destruct]	
106aff324	106aff4af	decompiled	chunks/002/functions-000162.c	-[SCLensExplorerCategoriesLoggerFactory initWithLensExplorerLogger:timeProvider:performer:blizzardLogger:networkConnectivityMonitor:grapheneRegistry:productMode:sessionIdentifier:]	
106aff4b0	106aff5a3	decompiled	chunks/002/functions-000162.c	-[SCLensExplorerCategoriesLoggerFactory createPageLoggerWithCommonLoggingParameters:isLensPickerMode:]	
106aff5a4	106aff6db	decompiled	chunks/002/functions-000162.c	-[SCLensExplorerCategoriesLoggerFactory createActionLoggerWithCommonLoggingParameters:layoutType:sectionPosition:]	
106aff6dc	106aff86b	decompiled	chunks/002/functions-000162.c	-[SCLensExplorerCategoriesLoggerFactory createImpressionsLoggerWithCommonLoggingParameters:layoutType:sectionPosition:]	
106aff86c	106affa3b	decompiled	chunks/002/functions-000162.c	-[SCLensExplorerCategoriesLoggerFactory createImpressionsLoggerWithCommonLoggingParameters:layoutType:sectionPosition:shortImpressionEventName:longImpressionEventName:impressionTime:]	
106affa3c	106affa6f	decompiled	chunks/002/functions-000162.c	-[SCLensExplorerCategoriesLoggerFactory createSessionLogger]	
106affa70	106affb33	decompiled	chunks/002/functions-000162.c	-[SCLensExplorerCategoriesLoggerFactory createPerformanceLogger]	
106affb34	106affb6b	decompiled	chunks/002/functions-000162.c	-[SCLensExplorerCategoriesLoggerFactory createButtonActionLogger]	
106affb6c	106affbbb	decompiled	chunks/002/functions-000162.c	-[SCLensExplorerCategoriesLoggerFactory _impressionPerformanceLoggger]	
106affbbc	106affc33	decompiled	chunks/002/functions-000162.c	-[SCLensExplorerCategoriesLoggerFactory .cxx_destruct]	
106affc34	106affd9b	decompiled	chunks/002/functions-000162.c	+[SCLensExplorerSessionLoggingBuilder sessionLoggingServicesWithBlizzardServices:lensPerformerServices:grapheneServices:networkConnectivityServices:productMode:]	
106affd9c	106affedf	decompiled	chunks/002/functions-000162.c		
106affee0	106afff0f	decompiled	chunks/002/functions-000162.c	-[SCLensExplorerCategoriesImpressionLogger initWithLogger:loggingContext:strategy:performanceLogging:performer:]	
106afff10	106b0008b	decompiled	chunks/002/functions-000162.c	-[SCLensExplorerCategoriesImpressionLogger initWithLogger:loggingContext:strategy:performanceLogging:performer:shortImpressionEventName:longImpressionEventName:]	
106b0008c	106b0011b	decompiled	chunks/002/functions-000162.c	-[SCLensExplorerCategoriesImpressionLogger willAppearItemWithLoggingData:]	
106b0011c	106b0016f	decompiled	chunks/002/functions-000162.c		
106b00170	106b001ff	decompiled	chunks/002/functions-000162.c	-[SCLensExplorerCategoriesImpressionLogger didHandleInterfactionWithLoggingData:]	
106b00200	106b0023f	decompiled	chunks/002/functions-000162.c		
106b00240	106b002cf	decompiled	chunks/002/functions-000162.c	-[SCLensExplorerCategoriesImpressionLogger didDisappearItemWithLoggingData:]	
106b002d0	106b0032b	decompiled	chunks/002/functions-000162.c		
106b0032c	106b005bb	decompiled	chunks/002/functions-000162.c	-[SCLensExplorerCategoriesImpressionLogger _logImpressionItem:event:]	
106b005bc	106b005c3	decompiled	chunks/002/functions-000162.c	-[SCLensExplorerCategoriesImpressionLogger _logFailedHandleInterfactionWithLoggingData:]	
106b005c4	106b005cb	decompiled	chunks/002/functions-000162.c	-[SCLensExplorerCategoriesImpressionLogger _logFailedDisappearItemWithLoggingData:]	
106b005cc	106b00637	decompiled	chunks/002/functions-000162.c	-[SCLensExplorerCategoriesImpressionLogger .cxx_destruct]	
106b00638	106b006e3	decompiled	chunks/002/functions-000162.c	-[SCLensExplorerCategoriesImpressionLoggingContext initWithContext:layoutType:sectionPosition:]	
106b006e4	106b007af	decompiled	chunks/002/functions-000162.c	-[SCLensExplorerCategoriesImpressionLoggingContext loggingContext]	
106b007b0	106b007df	decompiled	chunks/002/functions-000162.c	-[SCLensExplorerCategoriesImpressionLoggingContext .cxx_destruct]	
106b007e0	106b00803	decompiled	chunks/002/functions-000162.c		
106b00804	106b008a7	decompiled	chunks/002/functions-000162.c	-[SCLensExplorerImpressionLoggerStrategy initWithTimeProvider:impressionTime:]	
106b008a8	106b008ab	decompiled	chunks/002/functions-000162.c	-[SCLensExplorerImpressionLoggerStrategy shortImpressionForLoggingData:]	
106b008ac	106b00977	decompiled	chunks/002/functions-000162.c	-[SCLensExplorerImpressionLoggerStrategy longImpressionForLoggingData:]	
106b00978	106b00b67	decompiled	chunks/002/functions-000162.c	-[SCLensExplorerImpressionLoggerStrategy trackItemWithLoggingData:]	
106b00b68	106b00e23	decompiled	chunks/002/functions-000162.c	-[SCLensExplorerImpressionLoggerStrategy handleInteractionWithLoggingData:]	
106b00e24	106b01137	decompiled	chunks/002/functions-000162.c	-[SCLensExplorerImpressionLoggerStrategy _finishedImpressionForLoggingData:]	
106b01138	106b01167	decompiled	chunks/002/functions-000162.c	-[SCLensExplorerImpressionLoggerStrategy .cxx_destruct]	
106b01168	106b0120b	decompiled	chunks/002/functions-000162.c	-[SCLensExplorerFeedLogger initWithPerformer:blizzardLogger:]	
106b0120c	106b0130b	decompiled	chunks/002/functions-000162.c	-[SCLensExplorerFeedLogger logEvent:data:]	
106b0130c	106b01373	decompiled	chunks/002/functions-000162.c		
106b01374	106b0149f	decompiled	chunks/002/functions-000162.c	-[SCLensExplorerFeedLogger _logEvent:data:]	
106b014a0	106b01583	decompiled	chunks/002/functions-000162.c	-[SCLensExplorerFeedLogger _logFeedItemCriticalActionWithData:]	
106b01584	106b01607	decompiled	chunks/002/functions-000162.c	-[SCLensExplorerFeedLogger _logFeedItemImpressionWithData:]	
106b01608	106b016e7	decompiled	chunks/002/functions-000162.c	-[SCLensExplorerFeedLogger _logFeedItemMRCLongImpressionWithData:]	
106b016e8	106b017c7	decompiled	chunks/002/functions-000162.c	-[SCLensExplorerFeedLogger _logFeedItemLongImpressionWithData:]	
106b017c8	106b018ab	decompiled	chunks/002/functions-000162.c	-[SCLensExplorerFeedLogger _logPageOpenWithData:]	
106b018ac	106b0198b	decompiled	chunks/002/functions-000162.c	-[SCLensExplorerFeedLogger _logPageViewWithData:]	
106b0198c	106b01ab7	decompiled	chunks/002/functions-000162.c	-[SCLensExplorerFeedLogger _logButtonActionWithData:]	
106b01ab8	106b01c0b	decompiled	chunks/002/functions-000162.c	-[SCLensExplorerFeedLogger _fillPageBaseFieldsForEvent:data:]	
106b01c0c	106b01fdf	decompiled	chunks/002/functions-000162.c	-[SCLensExplorerFeedLogger _fillFeedItemBaseFieldsForEvent:data:]	
106b01fe0	106b01fe7	decompiled	chunks/002/functions-000162.c	-[SCLensExplorerFeedLogger blizzardLogger]	
106b01fe8	106b02087	decompiled	chunks/002/functions-000162.c	-[SCLensExplorerFeedLogger _removeNullsFromDictionary:]	
106b02088	106b02103	decompiled	chunks/002/functions-000162.c		
106b02104	106b02133	decompiled	chunks/002/functions-000162.c	-[SCLensExplorerFeedLogger .cxx_destruct]	
106b02134	106b0221b	decompiled	chunks/002/functions-000162.c	-[SCLensExplorerCategoriesPageLogger initWithLogger:loggingContext:timeProvider:isLensPickerMode:]	
106b0221c	106b022ef	decompiled	chunks/002/functions-000162.c	-[SCLensExplorerCategoriesPageLogger logPageOpenEvent]	
106b022f0	106b023f3	decompiled	chunks/002/functions-000162.c	-[SCLensExplorerCategoriesPageLogger logPageClosedEvent]	
106b023f4	106b023fb	decompiled	chunks/002/functions-000162.c	-[SCLensExplorerCategoriesPageLogger pageViewTimeInterval]	
106b023fc	106b02403	decompiled	chunks/002/functions-000162.c	-[SCLensExplorerCategoriesPageLogger setPageViewTimeInterval:]	
106b02404	106b0243f	decompiled	chunks/002/functions-000162.c	-[SCLensExplorerCategoriesPageLogger .cxx_destruct]	
106b02440	106b02597	decompiled	chunks/002/functions-000162.c	-[SCLensExplorerPerformanceLogger initWithPerformer:graphene:timeTracker:logger:networkConnectivityMonitor:productMode:]	
106b02598	106b025bf	decompiled	chunks/002/functions-000162.c	-[SCLensExplorerPerformanceLogger timeTracker]	
106b025c0	106b02673	decompiled	chunks/002/functions-000162.c	-[SCLensExplorerPerformanceLogger logLensExplorerAppearenceWithEntryPoint:viewType:contentSource:]	
106b02674	106b0295b	decompiled	chunks/002/functions-000162.c		
106b0295c	106b029cb	decompiled	chunks/002/functions-000162.c	-[SCLensExplorerPerformanceLogger logPreviewLoadingWithType:]	
106b029cc	106b02baf	decompiled	chunks/002/functions-000163.c		
106b02bb0	106b02c1f	decompiled	chunks/002/functions-000163.c	-[SCLensExplorerPerformanceLogger logLensExplorerLensAppearenceWithEntryPoint:]	
106b02c20	106b02e03	decompiled	chunks/002/functions-000163.c		
106b02e04	106b02e9b	decompiled	chunks/002/functions-000163.c	-[SCLensExplorerPerformanceLogger logLensExplorerFeedLoadingFailedWithEntryPoint:viewType:]	
106b02e9c	106b0304f	decompiled	chunks/002/functions-000163.c		
106b03050	106b03157	decompiled	chunks/002/functions-000163.c	-[SCLensExplorerPerformanceLogger logFailedToHandleInteractionForItemWithLoggingData:]	
106b03158	106b0325f	decompiled	chunks/002/functions-000163.c	-[SCLensExplorerPerformanceLogger logFailedToHandleDisappearForItemWithLoggingData:]	
106b03260	106b0326b	decompiled	chunks/002/functions-000163.c	-[SCLensExplorerPerformanceLogger _pageViewTypeFromLensExplorerPageViewType:]	
106b0326c	106b03287	decompiled	chunks/002/functions-000163.c	-[SCLensExplorerPerformanceLogger _stringValueForLensExplorerPageViewType:]	
106b03288	106b032af	decompiled	chunks/002/functions-000163.c	-[SCLensExplorerPerformanceLogger _canLogAppearenceWithEntryPoint:viewType:]	
106b032b0	106b0330f	decompiled	chunks/002/functions-000163.c	-[SCLensExplorerPerformanceLogger .cxx_destruct]	
106b03310	106b033d7	decompiled	chunks/002/functions-000163.c	-[SCLensExplorerPerformanceTimeTracker initWithTimeProvider:performer:]	
106b033d8	106b03507	decompiled	chunks/002/functions-000163.c	-[SCLensExplorerPerformanceTimeTracker trackLensExplorerPageAppearenceTimeWithEntryPoint:]	
106b03508	106b0356f	decompiled	chunks/002/functions-000163.c	-[SCLensExplorerPerformanceTimeTracker trackLensExplorerPreviewAppearenceTime]	
106b03570	106b0358b	decompiled	chunks/002/functions-000163.c		
106b0358c	106b035f3	decompiled	chunks/002/functions-000163.c	-[SCLensExplorerPerformanceTimeTracker trackLensExplorerThumbnailAppearenceTime]	
106b035f4	106b0360f	decompiled	chunks/002/functions-000163.c		
106b03610	106b03677	decompiled	chunks/002/functions-000163.c	-[SCLensExplorerPerformanceTimeTracker trackLensExplorerLensAppearenceTime]	
106b03678	106b03693	decompiled	chunks/002/functions-000163.c		
106b03694	106b036fb	decompiled	chunks/002/functions-000163.c	-[SCLensExplorerPerformanceTimeTracker trackLensExplorerSearchLensAppearenceTime]	
106b036fc	106b03717	decompiled	chunks/002/functions-000163.c		
106b03718	106b03797	decompiled	chunks/002/functions-000163.c	-[SCLensExplorerPerformanceTimeTracker lensExplorerPageAppearenceTimeWithEntryPoint:]	
106b03798	106b0379f	decompiled	chunks/002/functions-000163.c	-[SCLensExplorerPerformanceTimeTracker getCurrentAbsoluteTime]	
106b037a0	106b037ab	decompiled	chunks/002/functions-000163.c	-[SCLensExplorerPerformanceTimeTracker lensExplorerPreviewAppearenceTime]	
106b037ac	106b037b7	decompiled	chunks/002/functions-000163.c	-[SCLensExplorerPerformanceTimeTracker lensExplorerThumbnailAppearenceTime]	
106b037b8	106b037c3	decompiled	chunks/002/functions-000163.c	-[SCLensExplorerPerformanceTimeTracker lensExplorerLensAppearenceTime]	
106b037c4	106b037cf	decompiled	chunks/002/functions-000163.c	-[SCLensExplorerPerformanceTimeTracker lensExplorerSearchLensAppearenceTime]	
106b037d0	106b0380b	decompiled	chunks/002/functions-000163.c	-[SCLensExplorerPerformanceTimeTracker .cxx_destruct]	
106b0380c	106b038f7	decompiled	chunks/002/functions-000163.c	-[SCLensExplorerCategoriesLoggingContext initWithSessionIdentifier:sectionName:pageName:lensExplorerPageType:productMode:]	
106b038f8	106b03a2b	decompiled	chunks/002/functions-000163.c	-[SCLensExplorerCategoriesLoggingContext loggingContext]	
106b03a2c	106b03a3b	decompiled	chunks/002/functions-000163.c	-[SCLensExplorerCategoriesLoggingContext _convertPageType:]	
106b03a3c	106b03a77	decompiled	chunks/002/functions-000163.c	-[SCLensExplorerCategoriesLoggingContext .cxx_destruct]	
106b03a78	106b03b23	decompiled	chunks/002/functions-000163.c	-[SCLensExplorerAnalytics initWithBlizzardLogger:productMode:sessionIdentifier:]	
106b03b24	106b03b47	decompiled	chunks/002/functions-000163.c	-[SCLensExplorerAnalytics setExitSource:]	
106b03b48	106b03bcf	decompiled	chunks/002/functions-000163.c	-[SCLensExplorerAnalytics startSessionWithEntryPoint:entryCategory:cameraSource:pickerModeEnabled:]	
106b03bd0	106b03cf7	decompiled	chunks/002/functions-000163.c	-[SCLensExplorerAnalytics stopSession]	
106b03cf8	106b03d33	decompiled	chunks/002/functions-000163.c	-[SCLensExplorerAnalytics _validateEvent]	
106b03d34	106b03d53	decompiled	chunks/002/functions-000163.c	-[SCLensExplorerAnalytics _validateEntryPoint:]	
106b03d54	106b03d73	decompiled	chunks/002/functions-000163.c	-[SCLensExplorerAnalytics _entryPointFromSource:]	
106b03d74	106b03d93	decompiled	chunks/002/functions-000163.c	-[SCLensExplorerAnalytics _cameraSourceFromNavigationCameraSource:]	
106b03d94	106b03dcf	decompiled	chunks/002/functions-000163.c	-[SCLensExplorerAnalytics .cxx_destruct]	
106b03dd0	106b03dfb	decompiled	chunks/002/functions-000163.c	+[SCGrapheneLensExplorerMetric explorerButtonAppearence]	
106b03dfc	106b03e27	decompiled	chunks/002/functions-000163.c	+[SCGrapheneLensExplorerMetric explorerFeedLatency]	
106b03e28	106b03e53	decompiled	chunks/002/functions-000163.c	+[SCGrapheneLensExplorerMetric explorerPreviewLatency]	
106b03e54	106b03e7f	decompiled	chunks/002/functions-000163.c	+[SCGrapheneLensExplorerMetric explorerLiveLensLatency]	
106b03e80	106b03eab	decompiled	chunks/002/functions-000163.c	+[SCGrapheneLensExplorerMetric explorerFeedLoadingFailed]	
106b03eac	106b03ed7	decompiled	chunks/002/functions-000163.c	+[SCGrapheneLensExplorerMetric explorerFeedLoggingFailed]	
106b03ed8	106b03f77	decompiled	chunks/002/functions-000163.c	-[SCGrapheneLensExplorerMetric description]	
106b03f78	106b040eb	decompiled	chunks/002/functions-000163.c	-[SCGrapheneRegistry lensExplorerGraphene]	
106b040ec	106b04133	decompiled	chunks/002/functions-000163.c	-[SCLensExplorerStoryContainerViewController init]	
106b04134	106b0413b	decompiled	chunks/002/functions-000163.c	-[SCLensExplorerStoryContainerViewController shouldAutorotate]	
106b0413c	106b0414b	decompiled	chunks/002/functions-000163.c	-[SCLensExplorerStoryContainerViewController shouldAutomaticallyForwardAppearanceMethods]	
106b0414c	106b0415b	decompiled	chunks/002/functions-000163.c	-[SCLensExplorerStoryContainerViewController setShouldAutomaticallyForwardAppearanceMethods:]	
106b0415c	106b04163	decompiled	chunks/002/functions-000163.c	-[SCLensExplorerStoryContainerViewController pageViewName]	
106b04164	106b04177	decompiled	chunks/002/functions-000163.c	+[SCLensExplorerStoryContextMapper broadcastViewLocationForContext:]	
106b04178	106b0417f	decompiled	chunks/002/functions-000163.c	-[SCLensExplorerStoryPresentationController shouldRemovePresentersView]	
106b04180	106b04203	decompiled	chunks/002/functions-000163.c	-[SCLensExplorerStoryTransition initWithContainerViewController:presenting:]	
106b04204	106b0425b	decompiled	chunks/002/functions-000163.c	-[SCLensExplorerStoryTransition setChildViewController:]	
106b0425c	106b04263	decompiled	chunks/002/functions-000163.c	-[SCLensExplorerStoryTransition transitionDuration:]	
106b04264	106b0428b	decompiled	chunks/002/functions-000163.c	-[SCLensExplorerStoryTransition animateTransition:]	
106b0428c	106b04333	decompiled	chunks/002/functions-000163.c	-[SCLensExplorerStoryTransition startInteractiveTransition:]	
106b04334	106b043e7	decompiled	chunks/002/functions-000163.c	-[SCLensExplorerStoryTransition completeTransition:]	
106b043e8	106b044cf	decompiled	chunks/002/functions-000163.c	-[SCLensExplorerStoryTransition _addSubviewsFromTransitionContext:]	
106b044d0	106b044d7	decompiled	chunks/002/functions-000163.c	-[SCLensExplorerStoryTransition onTransitionStarted]	
106b044d8	106b044df	decompiled	chunks/002/functions-000163.c	-[SCLensExplorerStoryTransition setOnTransitionStarted:]	
106b044e0	106b044f7	decompiled	chunks/002/functions-000163.c	-[SCLensExplorerStoryTransition childViewController]	
106b044f8	106b0453b	decompiled	chunks/002/functions-000163.c	-[SCLensExplorerStoryTransition .cxx_destruct]	
106b0453c	106b04637	decompiled	chunks/002/functions-000163.c	-[SCLensExplorerCreatorStoryPlaybackWorkflow initWithLensExplorerStoryScope:storyCreatorInfo:contentProductPlaybackScopeExposer:contentProductPlaybackScopeServices:]	
106b04638	106b0466f	decompiled	chunks/002/functions-000163.c	-[SCLensExplorerCreatorStoryPlaybackWorkflow isPresenting]	
106b04670	106b04673	decompiled	chunks/002/functions-000163.c	-[SCLensExplorerCreatorStoryPlaybackWorkflow dismiss]	
106b04674	106b047ef	decompiled	chunks/002/functions-000163.c	-[SCLensExplorerCreatorStoryPlaybackWorkflow begin]	
106b047f0	106b0482f	decompiled	chunks/002/functions-000163.c	-[SCLensExplorerCreatorStoryPlaybackWorkflow playbackPresenterDidTearDown:playbackScope:]	
106b04830	106b04877	decompiled	chunks/002/functions-000163.c	-[SCLensExplorerCreatorStoryPlaybackWorkflow removeStoryScopeIfNeeded]	
106b04878	106b048bf	decompiled	chunks/002/functions-000163.c	-[SCLensExplorerCreatorStoryPlaybackWorkflow .cxx_destruct]	
106b048c0	106b04a13	decompiled	chunks/002/functions-000163.c	-[SCLensExplorerStoriesGroupPlaybackWorkflow initWithLensExplorerStoryScope:storiesGroupDataSource:contentProductPlaybackScopeExposer:modalUIContainer:storiesGrapheneMetricsEmitter:contentProductPlaybackScopeServices:]	
106b04a14	106b04a4b	decompiled	chunks/002/functions-000163.c	-[SCLensExplorerStoriesGroupPlaybackWorkflow isPresenting]	
106b04a4c	106b04a73	decompiled	chunks/002/functions-000163.c	-[SCLensExplorerStoriesGroupPlaybackWorkflow dismiss]	
106b04a74	106b04be7	decompiled	chunks/002/functions-000163.c	-[SCLensExplorerStoriesGroupPlaybackWorkflow begin]	
106b04be8	106b04c53	decompiled	chunks/002/functions-000163.c		
106b04c54	106b04e87	decompiled	chunks/002/functions-000163.c	-[SCLensExplorerStoriesGroupPlaybackWorkflow _exposeScope]	
106b04e88	106b04ec7	decompiled	chunks/002/functions-000163.c	-[SCLensExplorerStoriesGroupPlaybackWorkflow _reset]	
106b04ec8	106b04f0f	decompiled	chunks/002/functions-000163.c	-[SCLensExplorerStoriesGroupPlaybackWorkflow playbackPresenterDidTearDown:playbackScope:]	
106b04f10	106b04f7b	decompiled	chunks/002/functions-000163.c	-[SCLensExplorerStoriesGroupPlaybackWorkflow playbackPresenterWillBeginPresenting:transitionAnimator:playbackScope:]	
106b04f7c	106b04fb7	decompiled	chunks/002/functions-000163.c	-[SCLensExplorerStoriesGroupPlaybackWorkflow playbackPresenterDidFailToPresent:playbackScope:]	
106b04fb8	106b04fe7	decompiled	chunks/002/functions-000163.c	-[SCLensExplorerStoriesGroupPlaybackWorkflow playbackPresenterDidFinishPresenting:transitionAnimator:playbackScope:]	
106b04fe8	106b05087	decompiled	chunks/002/functions-000163.c	-[SCLensExplorerStoriesGroupPlaybackWorkflow playbackPresenterWillBeginDismissing:transitionAnimator:playbackScope:]	
106b05088	106b050cf	decompiled	chunks/002/functions-000163.c	-[SCLensExplorerStoriesGroupPlaybackWorkflow playbackPresenterDidFinishDismissing:playbackScope:]	
106b050d0	106b050ff	decompiled	chunks/002/functions-000163.c	-[SCLensExplorerStoriesGroupPlaybackWorkflow playbackPresenterDidCancelDismissing:playbackScope:]	
106b05100	106b0521b	decompiled	chunks/002/functions-000163.c	-[SCLensExplorerStoriesGroupPlaybackWorkflow playbackPresenter:didBeginPlayingStory:playbackScope:]	
106b0521c	106b05273	decompiled	chunks/002/functions-000163.c		
106b05274	106b0527b	decompiled	chunks/002/functions-000163.c	-[SCLensExplorerStoriesGroupPlaybackWorkflow storiesObservable]	
106b0527c	106b052e7	decompiled	chunks/002/functions-000163.c	-[SCLensExplorerStoriesGroupPlaybackWorkflow playbleDataModelsResolved:]	
106b052e8	106b05353	decompiled	chunks/002/functions-000163.c	-[SCLensExplorerStoriesGroupPlaybackWorkflow presentationControllerForPresentedViewController:presentingViewController:sourceViewController:]	
106b05354	106b0537b	decompiled	chunks/002/functions-000163.c	-[SCLensExplorerStoriesGroupPlaybackWorkflow animationControllerForPresentedController:presentingController:sourceController:]	
106b0537c	106b053a3	decompiled	chunks/002/functions-000163.c	-[SCLensExplorerStoriesGroupPlaybackWorkflow animationControllerForDismissedController:]	
106b053a4	106b053cb	decompiled	chunks/002/functions-000163.c	-[SCLensExplorerStoriesGroupPlaybackWorkflow interactionControllerForPresentation:]	
106b053cc	106b053f3	decompiled	chunks/002/functions-000163.c	-[SCLensExplorerStoriesGroupPlaybackWorkflow interactionControllerForDismissal:]	
106b053f4	106b0543b	decompiled	chunks/002/functions-000163.c	-[SCLensExplorerStoriesGroupPlaybackWorkflow _removeStoryScopeIfNeeded]	
106b0543c	106b05443	decompiled	chunks/002/functions-000163.c	-[SCLensExplorerStoriesGroupPlaybackWorkflow _attachModalUi:]	
106b05444	106b054af	decompiled	chunks/002/functions-000163.c	-[SCLensExplorerStoriesGroupPlaybackWorkflow _detachModalUiAnimated:]	
106b054b0	106b054bf	decompiled	chunks/002/functions-000164.c		
106b054c0	106b0568b	decompiled	chunks/002/functions-000164.c	-[SCLensExplorerStoriesGroupPlaybackWorkflow _storyIdFromPlaybackSequence:]	
106b0568c	106b056a3	decompiled	chunks/002/functions-000164.c		
106b056a4	106b058a3	decompiled	chunks/002/functions-000164.c		
106b058a4	106b0592f	decompiled	chunks/002/functions-000164.c	-[SCLensExplorerStoriesGroupPlaybackWorkflow .cxx_destruct]	
106b05930	106b05973	decompiled	chunks/002/functions-000164.c	-[SCLensExplorerStoryPlaybackEntryPoint begin]	
106b05974	106b059d7	decompiled	chunks/002/functions-000164.c	-[SCLensExplorerStoryPlaybackEntryPoint end]	
106b059d8	106b05afb	decompiled	chunks/002/functions-000164.c	-[SCLensExplorerStoryPlaybackEntryPoint _createWorkflow]	
106b05afc	106b05b13	decompiled	chunks/002/functions-000164.c		
106b05b14	106b05b37	decompiled	chunks/002/functions-000164.c		
106b05b38	106b05bbf	decompiled	chunks/002/functions-000164.c		
106b05bc0	106b05c93	decompiled	chunks/002/functions-000164.c	-[SCLensExplorerStoryPlaybackEntryPoint _createWorkflowWithCreatorInfo:]	
106b05c94	106b05cb7	decompiled	chunks/002/functions-000164.c		
106b05cb8	106b05e2f	decompiled	chunks/002/functions-000164.c	-[SCLensExplorerStoryPlaybackEntryPoint _createWorkflowWithStoryGroupDataSource:]	
106b05e30	106b05e93	decompiled	chunks/002/functions-000164.c	-[SCLensExplorerStoryPlaybackEntryPoint .cxx_destruct]	
106b05e94	106b05f57	decompiled	chunks/002/functions-000164.c	-[SCCommerceReportProductScope initWithReportProductParams:uiContainer:delegate:]	
106b05f58	106b05f5f	decompiled	chunks/002/functions-000164.c	-[SCCommerceReportProductScope reportProductParams]	
106b05f60	106b05f67	decompiled	chunks/002/functions-000164.c	-[SCCommerceReportProductScope uiContainer]	
106b05f68	106b05f7f	decompiled	chunks/002/functions-000164.c	-[SCCommerceReportProductScope delegate]	
106b05f80	106b05fb7	decompiled	chunks/002/functions-000164.c	-[SCCommerceReportProductScope .cxx_destruct]	
106b05fb8	106b0607b	decompiled	chunks/002/functions-000164.c	-[SCCommerceReportProductParams initWithSnapItemId:categoryId:storeId:isLensProduct:]	
106b0607c	106b0609f	decompiled	chunks/002/functions-000164.c	-[SCCommerceReportProductParams copyWithZone:]	
106b060a0	106b06123	decompiled	chunks/002/functions-000164.c	-[SCCommerceReportProductParams hash]	
106b06124	106b061eb	decompiled	chunks/002/functions-000164.c	-[SCCommerceReportProductParams isEqual:]	
106b061ec	106b061f3	decompiled	chunks/002/functions-000164.c	-[SCCommerceReportProductParams snapItemId]	
106b061f4	106b061fb	decompiled	chunks/002/functions-000164.c	-[SCCommerceReportProductParams categoryId]	
106b061fc	106b06203	decompiled	chunks/002/functions-000164.c	-[SCCommerceReportProductParams storeId]	
106b06204	106b0620b	decompiled	chunks/002/functions-000164.c	-[SCCommerceReportProductParams isLensProduct]	
106b0620c	106b0623b	decompiled	chunks/002/functions-000164.c	-[SCCommerceReportProductParams .cxx_destruct]	
106b0623c	106b06337	decompiled	chunks/002/functions-000164.c	-[SCLensProcessingTalkConversationMetadataProvider initWithTalkContext:snapchattersDataFetcher:groupsDataFetcher:selfUserId:]	
106b06338	106b066d3	decompiled	chunks/002/functions-000164.c	-[SCLensProcessingTalkConversationMetadataProvider currentRemoteUsers:]	
106b066d4	106b066ff	decompiled	chunks/002/functions-000164.c		
106b06700	106b06737	decompiled	chunks/002/functions-000164.c		
106b06738	106b0680b	decompiled	chunks/002/functions-000164.c		
106b0680c	106b06a4f	decompiled	chunks/002/functions-000164.c		
106b06a50	106b06a6b	decompiled	chunks/002/functions-000164.c		
106b06a6c	106b06a73	decompiled	chunks/002/functions-000164.c	-[SCLensProcessingTalkConversationMetadataProvider replyConfiguration]	
106b06a74	106b06aa3	decompiled	chunks/002/functions-000164.c	-[SCLensProcessingTalkConversationMetadataProvider setReplyConfiguration:]	
106b06aa4	106b06af7	decompiled	chunks/002/functions-000164.c	-[SCLensProcessingTalkConversationMetadataProvider .cxx_destruct]	
106b06af8	106b06beb	decompiled	chunks/002/functions-000164.c	-[SCLensProcessingURIServiceChatHandlerEntryPoint begin]	
106b06bec	106b06c2f	decompiled	chunks/002/functions-000164.c	-[SCLensProcessingURIServiceChatHandlerEntryPoint .cxx_destruct]	
106b06c30	106b06cdf	decompiled	chunks/002/functions-000164.c	-[SCLensProcessingURIServiceEchoHandlerEntryPoint begin]	
106b06ce0	106b06cef	decompiled	chunks/002/functions-000164.c	-[SCLensProcessingURIServiceEchoHandlerEntryPoint .cxx_destruct]	
106b06cf0	106b06f6f	decompiled	chunks/002/functions-000164.c	-[SCLensProcessingURIServiceFriendDataRequestHandlerPreviewEntryPoint begin]	
106b06f70	106b06f93	decompiled	chunks/002/functions-000164.c		
106b06f94	106b06ffb	decompiled	chunks/002/functions-000164.c	-[SCLensProcessingURIServiceFriendDataRequestHandlerPreviewEntryPoint .cxx_destruct]	
106b06ffc	106b0735b	decompiled	chunks/002/functions-000164.c	-[SCLensProcessingURIServiceFriendDataRequestHandlerTalkEntryPoint begin]	
106b0735c	106b0737f	decompiled	chunks/002/functions-000164.c		
106b07380	106b073b3	decompiled	chunks/002/functions-000164.c		
106b073b4	106b0741b	decompiled	chunks/002/functions-000164.c	-[SCLensProcessingURIServiceFriendDataRequestHandlerTalkEntryPoint .cxx_destruct]	
106b0741c	106b0754f	decompiled	chunks/002/functions-000164.c	-[SCLensProcessingURIServiceGroupsDataRequestHandlerEntryPoint begin]	
106b07550	106b07573	decompiled	chunks/002/functions-000164.c		
106b07574	106b075b7	decompiled	chunks/002/functions-000164.c	-[SCLensProcessingURIServiceGroupsDataRequestHandlerEntryPoint .cxx_destruct]	
106b075b8	106b07773	decompiled	chunks/002/functions-000164.c	-[SCLensProcessingURIServiceRemoteHttpApiHandlerEntryPoint begin]	
106b07774	106b077c3	decompiled	chunks/002/functions-000164.c	-[SCLensProcessingURIServiceRemoteHttpApiHandlerEntryPoint .cxx_destruct]	
106b077c4	106b07a0f	decompiled	chunks/002/functions-000164.c	-[SCLensProcessingURIServiceSaveTextureHandlerEntryPoint begin]	
106b07a10	106b07a83	decompiled	chunks/002/functions-000164.c	-[SCLensProcessingURIServiceSaveTextureHandlerEntryPoint .cxx_destruct]	
106b07a84	106b07b97	decompiled	chunks/002/functions-000164.c	-[SCLensProcessingURIServiceSnapActionHandlerEntryPoint begin]	
106b07b98	106b07bff	decompiled	chunks/002/functions-000164.c		
106b07c00	106b07c43	decompiled	chunks/002/functions-000164.c	-[SCLensProcessingURIServiceSnapActionHandlerEntryPoint .cxx_destruct]	
106b07c44	106b07ceb	decompiled	chunks/002/functions-000164.c	-[SCLensProcessingURIServiceSnapchatDeeplinkHandlerEntryPoint begin]	
106b07cec	106b07cfb	decompiled	chunks/002/functions-000164.c	-[SCLensProcessingURIServiceSnapchatDeeplinkHandlerEntryPoint .cxx_destruct]	
106b07cfc	106b07fe3	decompiled	chunks/002/functions-000164.c	-[SCLensProcessingURIServiceUcoTextInputHandlerEntryPoint begin]	
106b07fe4	106b08023	decompiled	chunks/002/functions-000164.c		
106b08024	106b0812f	decompiled	chunks/002/functions-000164.c		
106b08130	106b0818b	decompiled	chunks/002/functions-000164.c		
106b0818c	106b081db	decompiled	chunks/002/functions-000164.c	-[SCLensProcessingURIServiceUcoTextInputHandlerEntryPoint .cxx_destruct]	
106b081dc	106b082f7	decompiled	chunks/002/functions-000164.c	-[SCLensProcessingURIServiceUniverseRequestHandlerEntryPoint begin]	
106b082f8	106b0832f	decompiled	chunks/002/functions-000164.c	-[SCLensProcessingURIServiceUniverseRequestHandlerEntryPoint .cxx_destruct]	
106b08330	106b0851f	decompiled	chunks/002/functions-000164.c	-[SCLensProcessingURIServiceVideoTransformationHandlerEntryPoint begin]	
106b08520	106b085ef	decompiled	chunks/002/functions-000164.c		
106b085f0	106b0864b	decompiled	chunks/002/functions-000164.c	-[SCLensProcessingURIServiceVideoTransformationHandlerEntryPoint .cxx_destruct]	
106b0864c	106b0874f	decompiled	chunks/002/functions-000164.c	-[SCLensProcessingURIServiceVoiceMLHandlerEntryPoint begin]	
106b08750	106b08787	decompiled	chunks/002/functions-000164.c	-[SCLensProcessingURIServiceVoiceMLHandlerEntryPoint .cxx_destruct]	
106b08788	106b088bb	decompiled	chunks/002/functions-000164.c	-[SCLensProcessingURIServiceWeatherHandlerEntryPoint begin]	
106b088bc	106b088df	decompiled	chunks/002/functions-000164.c		
106b088e0	106b08923	decompiled	chunks/002/functions-000164.c	-[SCLensProcessingURIServiceWeatherHandlerEntryPoint .cxx_destruct]	
106b08924	106b08af7	decompiled	chunks/002/functions-000164.c	-[SCLensProcessingURIServiceFriendDataRequestHandlerSnapRendererEntryPoint begin]	
106b08af8	106b08b1b	decompiled	chunks/002/functions-000164.c		
106b08b1c	106b08b77	decompiled	chunks/002/functions-000164.c	-[SCLensProcessingURIServiceFriendDataRequestHandlerSnapRendererEntryPoint .cxx_destruct]	
106b08b78	106b08cab	decompiled	chunks/002/functions-000164.c	-[SCLensProcessingURIServiceGroupsDataRequestHandlerSnapRendererEntryPoint begin]	
106b08cac	106b08ccf	decompiled	chunks/002/functions-000164.c		
106b08cd0	106b08d13	decompiled	chunks/002/functions-000164.c	-[SCLensProcessingURIServiceGroupsDataRequestHandlerSnapRendererEntryPoint .cxx_destruct]	
106b08d14	106b08d7f	decompiled	chunks/002/functions-000164.c	-[SCLensProcessingURIServiceChatHandler initWithConversationMetadataProvider:]	
106b08d80	106b08ec3	decompiled	chunks/002/functions-000164.c	-[SCLensProcessingURIServiceChatHandler handleWithRequest:completion:]	
106b08ec4	106b08f87	decompiled	chunks/002/functions-000164.c		
106b08f88	106b09357	decompiled	chunks/002/functions-000164.c		
106b09358	106b0935b	decompiled	chunks/002/functions-000164.c	-[SCLensProcessingURIServiceChatHandler reset]	
106b0935c	106b09363	decompiled	chunks/002/functions-000164.c	-[SCLensProcessingURIServiceChatHandler .cxx_destruct]	
106b09364	106b09517	decompiled	chunks/002/functions-000164.c	-[SCLensProcessingURIServiceEchoHandler handleWithRequest:completion:]	
106b09518	106b0951b	decompiled	chunks/002/functions-000164.c	-[SCLensProcessingURIServiceEchoHandler reset]	
106b0951c	106b0967f	decompiled	chunks/002/functions-000164.c	-[SCLensProcessingURIServiceFriendDataRequestHandler initWithSnapchattersDataFetcher:conversationMetadataProvider:friendLocationProvider:snapchattersObservableRepository:]	
106b09680	106b096b3	decompiled	chunks/002/functions-000164.c	-[SCLensProcessingURIServiceFriendDataRequestHandler dealloc]	
106b096b4	106b0983b	decompiled	chunks/002/functions-000164.c	-[SCLensProcessingURIServiceFriendDataRequestHandler handleWithRequest:completion:]	
106b0983c	106b09ab3	decompiled	chunks/002/functions-000164.c		
106b09ab4	106b09ab7	decompiled	chunks/002/functions-000164.c	-[SCLensProcessingURIServiceFriendDataRequestHandler reset]	
106b09ab8	106b0a0a3	decompiled	chunks/002/functions-000164.c	-[SCLensProcessingURIServiceFriendDataRequestHandler _lensUserDataListFromSnapchatters:]	
106b0a0a4	106b0a15b	decompiled	chunks/002/functions-000164.c	-[SCLensProcessingURIServiceFriendDataRequestHandler _snapchattersCompletionBlockWithRequest:completion:]	
106b0a15c	106b0a22f	decompiled	chunks/002/functions-000164.c		
106b0a230	106b0a3bb	decompiled	chunks/002/functions-000164.c	-[SCLensProcessingURIServiceFriendDataRequestHandler _getPinnedBestFriendWithCompletion:request:]	
106b0a3bc	106b0a3d3	decompiled	chunks/002/functions-000165.c		
106b0a3d4	106b0a4cf	decompiled	chunks/002/functions-000165.c		
106b0a4d0	106b0a58f	decompiled	chunks/002/functions-000165.c	-[SCLensProcessingURIServiceFriendDataRequestHandler _getAllMutualFriendsWithCompletion:request:]	
106b0a590	106b0a64f	decompiled	chunks/002/functions-000165.c	-[SCLensProcessingURIServiceFriendDataRequestHandler _getBestFriendsWithCompletion:request:]	
106b0a650	106b0a80f	decompiled	chunks/002/functions-000165.c	-[SCLensProcessingURIServiceFriendDataRequestHandler _getFriendsWhoCanUseMySelfieWithCompletion:request:]	
106b0a810	106b0a94b	decompiled	chunks/002/functions-000165.c	-[SCLensProcessingURIServiceFriendDataRequestHandler _getFriendsInCurrentContextCompletion:request:]	
106b0a94c	106b0ac9b	decompiled	chunks/002/functions-000165.c	-[SCLensProcessingURIServiceFriendDataRequestHandler _getFriendUserLocationWithCompletion:request:]	
106b0ac9c	106b0aec7	decompiled	chunks/002/functions-000165.c	-[SCLensProcessingURIServiceFriendDataRequestHandler _friendInfoFromSnapchatter:]	
106b0aec8	106b0af87	decompiled	chunks/002/functions-000165.c	-[SCLensProcessingURIServiceFriendDataRequestHandler _getFriendshipStartDateForFriend:]	
106b0af88	106b0afdb	decompiled	chunks/002/functions-000165.c	-[SCLensProcessingURIServiceFriendDataRequestHandler .cxx_destruct]	
106b0afdc	106b0b09b	decompiled	chunks/002/functions-000165.c	-[SCLensProcessingURIServiceGroupsDataRequestHandler initWithGroupsDataFetcher:topGroupsDataFetcher:]	
106b0b09c	106b0b18b	decompiled	chunks/002/functions-000165.c	-[SCLensProcessingURIServiceGroupsDataRequestHandler handleWithRequest:completion:]	
106b0b18c	106b0b193	decompiled	chunks/002/functions-000165.c	-[SCLensProcessingURIServiceGroupsDataRequestHandler reset]	
106b0b194	106b0b2b7	decompiled	chunks/002/functions-000165.c	-[SCLensProcessingURIServiceGroupsDataRequestHandler _getAllGroupsWithRequest:completion:]	
106b0b2b8	106b0b30b	decompiled	chunks/002/functions-000165.c		
106b0b30c	106b0b483	decompiled	chunks/002/functions-000165.c	-[SCLensProcessingURIServiceGroupsDataRequestHandler _getAllGroupsWithWithFillingTopGroups:request:completion:]	
106b0b484	106b0b51f	decompiled	chunks/002/functions-000165.c		
106b0b520	106b0b62b	decompiled	chunks/002/functions-000165.c	-[SCLensProcessingURIServiceGroupsDataRequestHandler _getTopGroupIdsWithCompletion:]	
106b0b62c	106b0b637	decompiled	chunks/002/functions-000165.c		
106b0b638	106b0b927	decompiled	chunks/002/functions-000165.c	-[SCLensProcessingURIServiceGroupsDataRequestHandler _fillUserGroupDataListWithGroups:topGroupIds:]	
106b0b928	106b0bbcf	decompiled	chunks/002/functions-000165.c	-[SCLensProcessingURIServiceGroupsDataRequestHandler _userDataListForParticipants:]	
106b0bbd0	106b0bc8f	decompiled	chunks/002/functions-000165.c	-[SCLensProcessingURIServiceGroupsDataRequestHandler _responseForGroupDataList:request:]	
106b0bc90	106b0bccb	decompiled	chunks/002/functions-000165.c	-[SCLensProcessingURIServiceGroupsDataRequestHandler .cxx_destruct]	
106b0bccc	106b0bd8f	decompiled	chunks/002/functions-000165.c	-[SCLensProcessingURIServiceRemoteHttpApiHandler initWithRequestManager:snapTokenProvider:remoteApiRPCHandler:]	
106b0bd90	106b0c127	decompiled	chunks/002/functions-000165.c	-[SCLensProcessingURIServiceRemoteHttpApiHandler handleWithRequest:completion:]	
106b0c128	106b0c233	decompiled	chunks/002/functions-000165.c		
106b0c234	106b0c237	decompiled	chunks/002/functions-000165.c	-[SCLensProcessingURIServiceRemoteHttpApiHandler reset]	
106b0c238	106b0c453	decompiled	chunks/002/functions-000165.c	-[SCLensProcessingURIServiceRemoteHttpApiHandler fetchSnapTokenAndMakeRequest:headers:accessType:completion:]	
106b0c454	106b0c547	decompiled	chunks/002/functions-000165.c		
106b0c548	106b0c9e7	decompiled	chunks/002/functions-000165.c	-[SCLensProcessingURIServiceRemoteHttpApiHandler makeRequest:headers:completion:]	
106b0c9e8	106b0ca3b	decompiled	chunks/002/functions-000165.c	-[SCLensProcessingURIServiceRemoteHttpApiHandler prodHostnameAllowlist]	
106b0ca3c	106b0ca87	decompiled	chunks/002/functions-000165.c		
106b0ca88	106b0cacf	decompiled	chunks/002/functions-000165.c	-[SCLensProcessingURIServiceRemoteHttpApiHandler snapTokenAccessTypesByUrl]	
106b0cad0	106b0cb13	decompiled	chunks/002/functions-000165.c	-[SCLensProcessingURIServiceRemoteHttpApiHandler .cxx_destruct]	
106b0cb14	106b0cbff	decompiled	chunks/002/functions-000165.c	-[SCLensProcessingURIServiceSnapActionHandler initWithLensPreviewAction:]	
106b0cc00	106b0cc4f	decompiled	chunks/002/functions-000165.c		
106b0cc50	106b0cd33	decompiled	chunks/002/functions-000165.c	-[SCLensProcessingURIServiceSnapActionHandler handleWithRequest:completion:]	
106b0cd34	106b0cd37	decompiled	chunks/002/functions-000165.c	-[SCLensProcessingURIServiceSnapActionHandler reset]	
106b0cd38	106b0cf0f	decompiled	chunks/002/functions-000165.c	-[SCLensProcessingURIServiceSnapActionHandler handleSetRecipientsRequest:defaultResponse:completion:]	
106b0cf10	106b0cf27	decompiled	chunks/002/functions-000165.c	-[SCLensProcessingURIServiceSnapActionHandler lensPreviewAction]	
106b0cf28	106b0cf33	decompiled	chunks/002/functions-000165.c	-[SCLensProcessingURIServiceSnapActionHandler setLensPreviewAction:]	
106b0cf34	106b0cf3b	decompiled	chunks/002/functions-000165.c	-[SCLensProcessingURIServiceSnapActionHandler .cxx_destruct]	
106b0cf3c	106b0d0cb	decompiled	chunks/002/functions-000165.c	-[SCLensProcessingURIServiceSnapchatHandler handleWithRequest:completion:]	
106b0d0cc	106b0d257	decompiled	chunks/002/functions-000165.c		
106b0d258	106b0d25b	decompiled	chunks/002/functions-000165.c	-[SCLensProcessingURIServiceSnapchatHandler reset]	
106b0d25c	106b0d957	decompiled	chunks/002/functions-000165.c	-[SCLensURIKeyboardAccessoryViewProvider initWithStyle:]	
106b0d958	106b0d98f	decompiled	chunks/002/functions-000165.c		
106b0d990	106b0d99b	decompiled	chunks/002/functions-000165.c	-[SCLensURIKeyboardAccessoryViewProvider maximumHeight]	
106b0d99c	106b0daaf	decompiled	chunks/002/functions-000165.c	-[SCLensURIKeyboardAccessoryViewProvider textUpdated:]	
106b0dab0	106b0dad7	decompiled	chunks/002/functions-000165.c	-[SCLensURIKeyboardAccessoryViewProvider textView]	
106b0dad8	106b0dadf	decompiled	chunks/002/functions-000165.c	-[SCLensURIKeyboardAccessoryViewProvider placeholderText]	
106b0dae0	106b0dae7	decompiled	chunks/002/functions-000165.c	-[SCLensURIKeyboardAccessoryViewProvider setPlaceholderText:]	
106b0dae8	106b0daef	decompiled	chunks/002/functions-000165.c	-[SCLensURIKeyboardAccessoryViewProvider accessoryView]	
106b0daf0	106b0db2b	decompiled	chunks/002/functions-000165.c	-[SCLensURIKeyboardAccessoryViewProvider .cxx_destruct]	
106b0db2c	106b0dd5f	decompiled	chunks/002/functions-000165.c	-[SCLensProcessingURIServiceTextInputHandler initWithParentView:appliedEffectsObservable:cameraVisibilityObservable:circumstanceEngine:]	
106b0dd60	106b0df27	decompiled	chunks/002/functions-000165.c		
106b0df28	106b0e09b	decompiled	chunks/002/functions-000165.c		
106b0e09c	106b0e0cb	decompiled	chunks/002/functions-000165.c	-[SCLensProcessingURIServiceTextInputHandler resetTextInput]	
106b0e0cc	106b0e113	decompiled	chunks/002/functions-000165.c	-[SCLensProcessingURIServiceTextInputHandler hideKeyboard]	
106b0e114	106b0e15f	decompiled	chunks/002/functions-000165.c	-[SCLensProcessingURIServiceTextInputHandler turnOff]	
106b0e160	106b0e23f	decompiled	chunks/002/functions-000165.c	-[SCLensProcessingURIServiceTextInputHandler pointInside:view:]	
106b0e240	106b0e323	decompiled	chunks/002/functions-000165.c	-[SCLensProcessingURIServiceTextInputHandler handleWithRequest:completion:]	
106b0e324	106b0e62f	decompiled	chunks/002/functions-000165.c		
106b0e630	106b0e637	decompiled	chunks/002/functions-000165.c		
106b0e638	106b0e747	decompiled	chunks/002/functions-000165.c		
106b0e748	106b0e79f	decompiled	chunks/002/functions-000165.c	-[SCLensProcessingURIServiceTextInputHandler reset]	
106b0e7a0	106b0e7cf	decompiled	chunks/002/functions-000165.c		
106b0e7d0	106b0e98b	decompiled	chunks/002/functions-000165.c	-[SCLensProcessingURIServiceTextInputHandler _restoreKeyboardWithAppliedEffects:]	
106b0e98c	106b0e98f	decompiled	chunks/002/functions-000165.c		
106b0e990	106b0e9bb	decompiled	chunks/002/functions-000165.c	-[SCLensProcessingURIServiceTextInputHandler _roundedInputBarStyleAllowed]	
106b0e9bc	106b0eb13	decompiled	chunks/002/functions-000165.c	-[SCLensProcessingURIServiceTextInputHandler _inputFieldStyle]	
106b0eb14	106b0ebfb	decompiled	chunks/002/functions-000165.c	-[SCLensProcessingURIServiceTextInputHandler aiModeConfig]	
106b0ebfc	106b0ec03	decompiled	chunks/002/functions-000165.c	-[SCLensProcessingURIServiceTextInputHandler textInputController]	
106b0ec04	106b0ec33	decompiled	chunks/002/functions-000165.c	-[SCLensProcessingURIServiceTextInputHandler setTextInputController:]	
106b0ec34	106b0ec3b	decompiled	chunks/002/functions-000165.c	-[SCLensProcessingURIServiceTextInputHandler request]	
106b0ec3c	106b0ec6b	decompiled	chunks/002/functions-000165.c	-[SCLensProcessingURIServiceTextInputHandler setRequest:]	
106b0ec6c	106b0ecd7	decompiled	chunks/002/functions-000165.c	-[SCLensProcessingURIServiceTextInputHandler .cxx_destruct]	
106b0ecd8	106b0ed43	decompiled	chunks/002/functions-000165.c	-[SCLensProcessingURIServiceUniverseHandler initWithRequestManager:]	
106b0ed44	106b0ed9b	decompiled	chunks/002/functions-000165.c	-[SCLensProcessingURIServiceUniverseHandler handleWithRequest:completion:]	
106b0ed9c	106b0ed9f	decompiled	chunks/002/functions-000165.c	-[SCLensProcessingURIServiceUniverseHandler reset]	
106b0eda0	106b0eda7	decompiled	chunks/002/functions-000165.c	-[SCLensProcessingURIServiceUniverseHandler .cxx_destruct]	
106b0eda8	106b0ee4b	decompiled	chunks/002/functions-000165.c	-[SCLensProcessingURIServiceVideoTransformationHandler initWithGRPCService:performer:]	
106b0ee4c	106b0ef87	decompiled	chunks/002/functions-000165.c	-[SCLensProcessingURIServiceVideoTransformationHandler handleWithRequest:completion:]	
106b0ef88	106b0f06f	decompiled	chunks/002/functions-000165.c	-[SCLensProcessingURIServiceVideoTransformationHandler _cancelStreamForRequest:onStream:completion:]	
106b0f070	106b0f0c7	decompiled	chunks/002/functions-000165.c	-[SCLensProcessingURIServiceVideoTransformationHandler reset]	
106b0f0c8	106b0f0f3	decompiled	chunks/002/functions-000165.c		
106b0f0f4	106b0f47b	decompiled	chunks/002/functions-000165.c	-[SCLensProcessingURIServiceVideoTransformationHandler _openStreamForRequest:completion:]	
106b0f47c	106b0f513	decompiled	chunks/002/functions-000165.c		
106b0f514	106b0f713	decompiled	chunks/002/functions-000165.c	-[SCLensProcessingURIServiceVideoTransformationHandler _sendRequest:onStream:completion:]	
106b0f714	106b0f8a7	decompiled	chunks/002/functions-000165.c	-[SCLensProcessingURIServiceVideoTransformationHandler onEvent:response:status:]	
106b0f8a8	106b0f9ab	decompiled	chunks/002/functions-000165.c	-[SCLensProcessingURIServiceVideoTransformationHandler onRetry:]	
106b0f9ac	106b0f9f3	decompiled	chunks/002/functions-000165.c	-[SCLensProcessingURIServiceVideoTransformationHandler _clearStream]	
106b0f9f4	106b0fa8f	decompiled	chunks/002/functions-000165.c	-[SCLensProcessingURIServiceVideoTransformationHandler _responseForUri:code:data:description:]	
106b0fa90	106b0faef	decompiled	chunks/002/functions-000165.c	-[SCLensProcessingURIServiceVideoTransformationHandler .cxx_destruct]	
106b0faf0	106b0fc5b	decompiled	chunks/002/functions-000165.c	-[SCLensProcessingURIServiceVoiceMLHandler initWithSnapTokenProvider:]	
106b0fc5c	106b0fe6b	decompiled	chunks/002/functions-000165.c	-[SCLensProcessingURIServiceVoiceMLHandler handleWithRequest:completion:]	
106b0fe6c	106b0fe6f	decompiled	chunks/002/functions-000165.c	-[SCLensProcessingURIServiceVoiceMLHandler reset]	
106b0fe70	106b0ffd7	decompiled	chunks/002/functions-000165.c	-[SCLensProcessingURIServiceVoiceMLHandler _handleGetAuthTokenWithRequest:completion:]	
106b0ffd8	106b1013f	decompiled	chunks/002/functions-000165.c		
106b10140	106b101cb	decompiled	chunks/002/functions-000165.c		
106b101cc	106b1034b	decompiled	chunks/002/functions-000166.c	-[SCLensProcessingURIServiceVoiceMLHandler _handleGetTweaksWithRequest:completion:]	
106b1034c	106b1043f	decompiled	chunks/002/functions-000166.c	-[SCLensProcessingURIServiceVoiceMLHandler _handleVoiceActivityUpdateWithRequest:]	
106b10440	106b105ef	decompiled	chunks/002/functions-000166.c	-[SCLensProcessingURIServiceVoiceMLHandler _handleVoiceCommandsWithRequest:]	
106b105f0	106b10667	decompiled	chunks/002/functions-000166.c	-[SCLensProcessingURIServiceVoiceMLHandler _handleGetListeningStateWithRequest:completion:]	
106b10668	106b106db	decompiled	chunks/002/functions-000166.c	-[SCLensProcessingURIServiceVoiceMLHandler voiceListeningStateChanged:]	
106b106dc	106b10843	decompiled	chunks/002/functions-000166.c	-[SCLensProcessingURIServiceVoiceMLHandler _notifyVoiceListeningStateChanged:]	
106b10844	106b1090b	decompiled	chunks/002/functions-000166.c	-[SCLensProcessingURIServiceVoiceMLHandler registerToVoiceActivityUpdates:]	
106b1090c	106b1097f	decompiled	chunks/002/functions-000166.c	-[SCLensProcessingURIServiceVoiceMLHandler _registerObserverForVoiceActivityUpdates:activityUpdatesBlock:]	
106b10980	106b109d3	decompiled	chunks/002/functions-000166.c	-[SCLensProcessingURIServiceVoiceMLHandler .cxx_destruct]	
106b109d4	106b10f3f	decompiled	chunks/002/functions-000166.c	-[SCLensURIKeyboardAccessoryView initWithFrame:]	
106b10f40	106b10f9b	decompiled	chunks/002/functions-000166.c	-[SCLensURIKeyboardAccessoryView dealloc]	
106b10f9c	106b10fd3	decompiled	chunks/002/functions-000166.c	-[SCLensURIKeyboardAccessoryView subscribeOnTextChanged:]	
106b10fd4	106b11147	decompiled	chunks/002/functions-000166.c	-[SCLensURIKeyboardAccessoryView layoutSubviews]	
106b11148	106b11197	decompiled	chunks/002/functions-000166.c	-[SCLensURIKeyboardAccessoryView textUpdated:]	
106b11198	106b112eb	decompiled	chunks/002/functions-000166.c	-[SCLensURIKeyboardAccessoryView observeValueForKeyPath:ofObject:change:context:]	
106b112ec	106b112fb	decompiled	chunks/002/functions-000166.c	-[SCLensURIKeyboardAccessoryView textView]	
106b112fc	106b1133b	decompiled	chunks/002/functions-000166.c	-[SCLensURIKeyboardAccessoryView setTextView:]	
106b1133c	106b1134b	decompiled	chunks/002/functions-000166.c	-[SCLensURIKeyboardAccessoryView preferredHeightConstraint]	
106b1134c	106b1138b	decompiled	chunks/002/functions-000166.c	-[SCLensURIKeyboardAccessoryView setPreferredHeightConstraint:]	
106b1138c	106b1139b	decompiled	chunks/002/functions-000166.c	-[SCLensURIKeyboardAccessoryView textChangedBlock]	
106b1139c	106b113a7	decompiled	chunks/002/functions-000166.c	-[SCLensURIKeyboardAccessoryView setTextChangedBlock:]	
106b113a8	106b11417	decompiled	chunks/002/functions-000166.c	-[SCLensURIKeyboardAccessoryView .cxx_destruct]	
106b11418	106b114e3	decompiled	chunks/002/functions-000166.c	-[SCLensProcessingURIServiceSaveTextureGalleryWorkerImpl initWithSnapSaver:memories:featureSettingsService:]	
106b114e4	106b117f3	decompiled	chunks/002/functions-000166.c	-[SCLensProcessingURIServiceSaveTextureGalleryWorkerImpl saveImageAtPath:completion:]	
106b117f4	106b1180b	decompiled	chunks/002/functions-000166.c		
106b1180c	106b118c3	decompiled	chunks/002/functions-000166.c		
106b118c4	106b11907	decompiled	chunks/002/functions-000166.c		
106b11908	106b1199f	decompiled	chunks/002/functions-000166.c	-[SCLensProcessingURIServiceSaveTextureGalleryWorkerImpl _saveImageToCameraRoll:completion:]	
106b119a0	106b119ab	decompiled	chunks/002/functions-000166.c		
106b119ac	106b11bdb	decompiled	chunks/002/functions-000166.c	-[SCLensProcessingURIServiceSaveTextureGalleryWorkerImpl _saveImageToMemories:completion:]	
106b11bdc	106b11beb	decompiled	chunks/002/functions-000166.c		
106b11bec	106b11c27	decompiled	chunks/002/functions-000166.c	-[SCLensProcessingURIServiceSaveTextureGalleryWorkerImpl .cxx_destruct]	
106b11c28	106b11d23	decompiled	chunks/002/functions-000166.c	-[SCLensProcessingURIServiceSaveTextureHandler initWithGalleryWorker:logger:performer:fileManager:]	
106b11d24	106b11e03	decompiled	chunks/002/functions-000166.c	-[SCLensProcessingURIServiceSaveTextureHandler initWithGalleryWorker:logger:]	
106b11e04	106b12237	decompiled	chunks/002/functions-000166.c	-[SCLensProcessingURIServiceSaveTextureHandler handleWithRequest:completion:]	
106b12238	106b1223b	decompiled	chunks/002/functions-000166.c	-[SCLensProcessingURIServiceSaveTextureHandler reset]	
106b1223c	106b122e7	decompiled	chunks/002/functions-000166.c	-[SCLensProcessingURIServiceSaveTextureHandler .cxx_destruct]	
106b122e8	106b12343	decompiled	chunks/002/functions-000166.c		
106b12344	106b1234f	decompiled	chunks/002/functions-000166.c		
106b12350	106b123b7	decompiled	chunks/002/functions-000166.c	+[SCLensUserLocationInfo descriptor]	
106b123b8	106b1241f	decompiled	chunks/002/functions-000166.c	+[SCLensUserLocationInfoRequest descriptor]	
106b12420	106b12487	decompiled	chunks/002/functions-000166.c	+[SCLensUserGroupData descriptor]	
106b12488	106b124ef	decompiled	chunks/002/functions-000166.c	+[SCLensUserGroupDataList descriptor]	
106b124f0	106b12593	decompiled	chunks/002/functions-000166.c	-[SCConnectedLensInTalkServices initWithDelegate:connectedLensInTalkService:]	
106b12594	106b1259b	decompiled	chunks/002/functions-000166.c	-[SCConnectedLensInTalkServices delegate]	
106b1259c	106b125a3	decompiled	chunks/002/functions-000166.c	-[SCConnectedLensInTalkServices connectedLensInTalkService]	
106b125a4	106b1264f	decompiled	chunks/002/functions-000166.c	-[SCConnectedLensInTalkServices .cxx_destruct]	
106b12650	106b1265b	decompiled	chunks/002/functions-000166.c		
106b1265c	106b126d7	decompiled	chunks/002/functions-000166.c		
106b126d8	106b126e3	decompiled	chunks/002/functions-000166.c		
106b126e4	106b1275f	decompiled	chunks/002/functions-000166.c		
106b12760	106b1276b	decompiled	chunks/002/functions-000166.c		
106b1276c	106b127e7	decompiled	chunks/002/functions-000166.c		
106b127e8	106b127f3	decompiled	chunks/002/functions-000166.c		
106b127f4	106b1286f	decompiled	chunks/002/functions-000166.c	+[SCGamesLeaderboardsClientLeaderboard descriptor]	
106b12870	106b128d7	decompiled	chunks/002/functions-000166.c	+[SCGamesLeaderboardsClientLeaderboardRecord descriptor]	
106b128d8	106b12963	decompiled	chunks/002/functions-000166.c	+[SCGamesLeaderboardsScoreVisibility descriptor]	
106b12964	106b129cb	decompiled	chunks/002/functions-000166.c	+[SCGamesLeaderboardsGlobalLeaderboardOptIn descriptor]	
106b129cc	106b12a33	decompiled	chunks/002/functions-000166.c	+[SCGamesLeaderboardsGetOptInStatusRequest descriptor]	
106b12a34	106b12a9b	decompiled	chunks/002/functions-000166.c	+[SCGamesLeaderboardsGetOptInStatusResponse descriptor]	
106b12a9c	106b12b03	decompiled	chunks/002/functions-000166.c	+[SCGamesLeaderboardsSetOptInStatusRequest descriptor]	
106b12b04	106b12b6b	decompiled	chunks/002/functions-000166.c	+[SCGamesLeaderboardsSetOptInStatusResponse descriptor]	
106b12b6c	106b12bd3	decompiled	chunks/002/functions-000166.c	+[SCGamesLeaderboardsClientSubmitScoreRequest descriptor]	
106b12bd4	106b12c3b	decompiled	chunks/002/functions-000166.c	+[SCGamesLeaderboardsClientSubmitScoreResponse descriptor]	
106b12c3c	106b12ca3	decompiled	chunks/002/functions-000166.c	+[SCGamesLeaderboardsGetClientLeaderboardRequest descriptor]	
106b12ca4	106b12d0b	decompiled	chunks/002/functions-000166.c	+[SCGamesLeaderboardsGetClientLeaderboardResponse descriptor]	
106b12d0c	106b12d73	decompiled	chunks/002/functions-000166.c	+[SCGamesLeaderboardsListFriendLeaderboardEntriesRequest descriptor]	
106b12d74	106b12ddb	decompiled	chunks/002/functions-000166.c	+[SCGamesLeaderboardsListFriendLeaderboardEntriesResponse descriptor]	
106b12ddc	106b12e43	decompiled	chunks/002/functions-000166.c	+[SCGamesLeaderboardsSetScoreVisibilityRequest descriptor]	
106b12e44	106b12eab	decompiled	chunks/002/functions-000166.c	+[SCGamesLeaderboardsSetScoreVisibilityResponse descriptor]	
106b12eac	106b12f13	decompiled	chunks/002/functions-000166.c	+[SCGamesLeaderboardsGetScoreVisibilitiesRequest descriptor]	
106b12f14	106b12f7b	decompiled	chunks/002/functions-000166.c	+[SCGamesLeaderboardsGetScoreVisibilitiesResponse descriptor]	
106b12f7c	106b12fe3	decompiled	chunks/002/functions-000166.c	+[SCGamesLeaderboardsBatchGetLeaderboardEntriesRequest descriptor]	
106b12fe4	106b1304b	decompiled	chunks/002/functions-000166.c	+[SCGamesLeaderboardsBatchGetLeaderboardEntriesResponse descriptor]	
106b1304c	106b130b3	decompiled	chunks/002/functions-000166.c	+[SCGamesLeaderboardsGetLeaderboardTopScoresRequest descriptor]	
106b130b4	106b1311b	decompiled	chunks/002/functions-000166.c	+[SCGamesLeaderboardsGetLeaderboardTopScoresResponse descriptor]	
106b1311c	106b13183	decompiled	chunks/002/functions-000166.c	+[SCGamesLeaderboardsGetEligibleLeaderboardNotificationsRequest descriptor]	
106b13184	106b131eb	decompiled	chunks/002/functions-000166.c	+[SCGamesLeaderboardsGetEligibleLeaderboardNotificationsResponse descriptor]	
106b131ec	106b13267	decompiled	chunks/002/functions-000166.c	+[SCGamesLeaderboardsGetEligibleLeaderboardNotificationsResponse_Recipient descriptor]	
106b13268	106b132cf	decompiled	chunks/002/functions-000166.c	+[SCGamesLeaderboardsDeleteScoreRequest descriptor]	
106b132d0	106b13337	decompiled	chunks/002/functions-000166.c	+[SCGamesLeaderboardsDeleteScoreResponse descriptor]	
106b13338	106b1339f	decompiled	chunks/002/functions-000166.c	+[SCGamesLeaderboardsDeleteUserLensDataRequest descriptor]	
106b133a0	106b13407	decompiled	chunks/002/functions-000166.c	+[SCGamesLeaderboardsDeleteUserLensDataResponse descriptor]	
106b13408	106b1346f	decompiled	chunks/002/functions-000166.c	+[SCGamesLeaderboardsDeleteAllUserDataRequest descriptor]	
106b13470	106b134d7	decompiled	chunks/002/functions-000166.c	+[SCGamesLeaderboardsDeleteAllUserDataResponse descriptor]	
106b134d8	106b1353f	decompiled	chunks/002/functions-000166.c	+[SCGamesLeaderboardsSendLeaderboardNotificationsRequest descriptor]	
106b13540	106b135a7	decompiled	chunks/002/functions-000166.c	+[SCGamesLeaderboardsSendLeaderboardNotificationsResponse descriptor]	
106b135a8	106b1360f	decompiled	chunks/002/functions-000166.c	+[SCGamesLeaderboardsGetClientLeaderboardV2Request descriptor]	
106b13610	106b13677	decompiled	chunks/002/functions-000166.c	+[SCGamesLeaderboardsGetClientLeaderboardV2Response descriptor]	
106b13678	106b136df	decompiled	chunks/002/functions-000166.c	+[SCGamesLeaderboardsListFriendLeaderboardEntriesV2Request descriptor]	
106b136e0	106b13747	decompiled	chunks/002/functions-000166.c	+[SCGamesLeaderboardsListFriendLeaderboardEntriesV2Response descriptor]	
106b13748	106b137af	decompiled	chunks/002/functions-000166.c	+[SCGamesLeaderboardsGetLeaderboardTopScoresV2Request descriptor]	
106b137b0	106b13817	decompiled	chunks/002/functions-000166.c	+[SCGamesLeaderboardsGetLeaderboardTopScoresV2Response descriptor]	
106b13818	106b13933	decompiled	chunks/002/functions-000166.c	-[SCLensesCollectionModularCameraUIEntryPoint begin]	
106b13934	106b1397b	decompiled	chunks/002/functions-000166.c	-[SCLensesCollectionModularCameraUIEntryPoint .cxx_destruct]	
106b1397c	106b13983	decompiled	chunks/002/functions-000166.c	-[SCRealTimeScanLoggingServices logger]	
106b13984	106b1398b	decompiled	chunks/002/functions-000166.c	-[SCRealTimeScanLoggingServices verticalToolbarLogger]	
106b1398c	106b139bb	decompiled	chunks/002/functions-000166.c	-[SCRealTimeScanLoggingServices .cxx_destruct]	
106b139bc	106b139c7	decompiled	chunks/002/functions-000166.c	-[SCMainCameraScopedRealTimeScanLoggingServices .cxx_destruct]	
106b139c8	106b13b73	decompiled	chunks/002/functions-000166.c		
106b13b74	106b13da3	decompiled	chunks/002/functions-000167.c		
106b13da4	106b13e17	decompiled	chunks/002/functions-000167.c	-[UNIMapContentFilter initWithUnifiedGrpcService:]	
106b13e18	106b13efb	decompiled	chunks/002/functions-000167.c	-[UNIMapContentFilter getFilterInfoWithRequest:callOptionsBuilder:handler:]	
106b13efc	106b13fdf	decompiled	chunks/002/functions-000167.c	-[UNIMapContentFilter getFilterObjByIdWithRequest:callOptionsBuilder:handler:]	
106b13fe0	106b140c3	decompiled	chunks/002/functions-000167.c	-[UNIMapContentFilter unTakedownSnapWithRequest:callOptionsBuilder:handler:]	
106b140c4	106b141a7	decompiled	chunks/002/functions-000167.c	-[UNIMapContentFilter takedownSnapWithRequest:callOptionsBuilder:handler:]	
106b141a8	106b1428b	decompiled	chunks/002/functions-000167.c	-[UNIMapContentFilter banUserFromMapWithRequest:callOptionsBuilder:handler:]	
106b1428c	106b1436f	decompiled	chunks/002/functions-000167.c	-[UNIMapContentFilter reportPlaceSnapWithRequest:callOptionsBuilder:handler:]	
106b14370	106b1437b	decompiled	chunks/002/functions-000167.c	-[UNIMapContentFilter .cxx_destruct]	
106b1437c	106b143f7	decompiled	chunks/002/functions-000167.c		
106b143f8	106b14403	decompiled	chunks/002/functions-000167.c		
106b14404	106b1446b	decompiled	chunks/002/functions-000167.c	+[TakedownSnapRequest descriptor]	
106b1446c	106b144d3	decompiled	chunks/002/functions-000167.c	+[TakedownSnapResponse descriptor]	
106b144d4	106b1453b	decompiled	chunks/002/functions-000167.c	+[BanUserFromMapRequest descriptor]	
106b1453c	106b145a3	decompiled	chunks/002/functions-000167.c	+[BanUserFromMapResponse descriptor]	
106b145a4	106b1460b	decompiled	chunks/002/functions-000167.c	+[UnTakedownSnapRequest descriptor]	
106b1460c	106b14673	decompiled	chunks/002/functions-000167.c	+[UnTakedownSnapResponse descriptor]	
106b14674	106b146ef	decompiled	chunks/002/functions-000167.c	+[GetFilterObjByIdRequest descriptor]	
106b146f0	106b14757	decompiled	chunks/002/functions-000167.c	+[GetFilterObjByIdResponse descriptor]	
106b14758	106b147bf	decompiled	chunks/002/functions-000167.c	+[GetFilterInfoRequest descriptor]	
106b147c0	106b1483b	decompiled	chunks/002/functions-000167.c	+[ABConfigs descriptor]	
106b1483c	106b148a3	decompiled	chunks/002/functions-000167.c	+[GetFilterInfoResponse descriptor]	
106b148a4	106b1491f	decompiled	chunks/002/functions-000167.c	+[GetFilterInfoResponse_ABTuple descriptor]	
106b14920	106b14987	decompiled	chunks/002/functions-000167.c	+[DetectorInfo descriptor]	
106b14988	106b149ef	decompiled	chunks/002/functions-000167.c	+[FilterInfo descriptor]	
106b149f0	106b14a57	decompiled	chunks/002/functions-000167.c	+[ReportPlaceSnapRequest descriptor]	
106b14a58	106b14b4f	decompiled	chunks/002/functions-000167.c	+[ReportPlaceSnapResponse descriptor]	
106b14b50	106b14beb	decompiled	chunks/002/functions-000167.c		
106b14bec	106b14c67	decompiled	chunks/002/functions-000167.c		
106b14c68	106b14cc3	decompiled	chunks/002/functions-000167.c		
106b14cc4	106b14d2b	decompiled	chunks/002/functions-000167.c	+[RequestFilterMessage descriptor]	
106b14d2c	106b14dcf	decompiled	chunks/002/functions-000167.c	-[SCMapComposerPlaceStoryPlayerVendor initWithPageLauncher:mapStoryFetcher:]	
106b14dd0	106b14dd7	decompiled	chunks/002/functions-000167.c	-[SCMapComposerPlaceStoryPlayerVendor makePlaceStoryPlayer]	
106b14dd8	106b14e37	decompiled	chunks/002/functions-000167.c	-[SCMapComposerPlaceStoryPlayerVendor makePlaceStoryPlayerWithViewController:]	
106b14e38	106b14e97	decompiled	chunks/002/functions-000167.c	-[SCMapComposerPlaceStoryPlayerVendor makePlaceStoryPlayerWithUIContainer:]	
106b14e98	106b14ec7	decompiled	chunks/002/functions-000167.c	-[SCMapComposerPlaceStoryPlayerVendor .cxx_destruct]	
106b14ec8	106b14fdf	decompiled	chunks/002/functions-000167.c	-[SCMapComposerStoryPlayer initWithPresentingViewController:uiContainer:pageLauncher:mapStoryFetcher:]	
106b14fe0	106b15137	decompiled	chunks/002/functions-000167.c	-[SCMapComposerStoryPlayer preparePlaylistForPlaceID:source:]	
106b15138	106b15157	decompiled	chunks/002/functions-000167.c		
106b15158	106b152f3	decompiled	chunks/002/functions-000167.c	-[SCMapComposerStoryPlayer launchRecencyOrderedPlaybackWithPlaceId:node:analytics:providerPhotoType:]	
106b152f4	106b15483	decompiled	chunks/002/functions-000167.c	-[SCMapComposerStoryPlayer launchRankOrderedPlaybackWithPlaceId:node:startingSnapId:analytics:providerPhotoType:]	
106b15484	106b1548f	decompiled	chunks/002/functions-000167.c	-[SCMapComposerStoryPlayer pushToValdiMarshaller:]	
106b15490	106b1582b	decompiled	chunks/002/functions-000167.c	-[SCMapComposerStoryPlayer _payloadWithPlaceId:baseView:analytics:providerPhotoType:useAlternateRanking:requestId:initialSnapId:prefetchedStorySequences:transition:]	
106b1582c	106b15973	decompiled	chunks/002/functions-000167.c	-[SCMapComposerStoryPlayer _launchWithPayload:placeId:]	
106b15974	106b15a27	decompiled	chunks/002/functions-000167.c		
106b15a28	106b15a47	decompiled	chunks/002/functions-000167.c		
106b15a48	106b15ac7	decompiled	chunks/002/functions-000167.c	-[SCMapComposerStoryPlayer _publishPlaybackFailureAsynchronouslyForPlaceId:]	
106b15ac8	106b15adb	decompiled	chunks/002/functions-000167.c	-[SCMapComposerStoryPlayer _forceDismissKeyboard]	
106b15adc	106b15b27	decompiled	chunks/002/functions-000167.c		
106b15b28	106b15b2f	decompiled	chunks/002/functions-000167.c	-[SCMapComposerStoryPlayer presentingUIContainer]	
106b15b30	106b15b5f	decompiled	chunks/002/functions-000167.c	-[SCMapComposerStoryPlayer setPresentingUIContainer:]	
106b15b60	106b15b77	decompiled	chunks/002/functions-000167.c	-[SCMapComposerStoryPlayer presentingViewController]	
106b15b78	106b15b83	decompiled	chunks/002/functions-000167.c	-[SCMapComposerStoryPlayer setPresentingViewController:]	
106b15b84	106b15bd3	decompiled	chunks/002/functions-000167.c	-[SCMapComposerStoryPlayer .cxx_destruct]	
106b15bd4	106b15c3f	decompiled	chunks/002/functions-000167.c	-[SCMapStoriesDataProvider initWithPlaybackStorySequences:]	
106b15c40	106b15db3	decompiled	chunks/002/functions-000167.c	-[SCMapStoriesDataProvider setPlaybackStorySequences:]	
106b15db4	106b15e53	decompiled	chunks/002/functions-000167.c	-[SCMapStoriesDataProvider dataModels]	
106b15e54	106b15ef3	decompiled	chunks/002/functions-000167.c		
106b15ef4	106b15efb	decompiled	chunks/002/functions-000167.c	-[SCMapStoriesDataProvider customStoryPlaybackSequenceByPublicationId:clientId:]	
106b15efc	106b15f03	decompiled	chunks/002/functions-000167.c	-[SCMapStoriesDataProvider userStoryPlaybackSequenceByStoryId:clientId:]	
106b15f04	106b15f0b	decompiled	chunks/002/functions-000167.c	-[SCMapStoriesDataProvider ourStoryPlaybackSequenceByOurStoryId:clientId:]	
106b15f0c	106b15f13	decompiled	chunks/002/functions-000167.c	-[SCMapStoriesDataProvider topicStoryPlaybackSequenceByTopicStoryId:]	
106b15f14	106b15f1b	decompiled	chunks/002/functions-000167.c	-[SCMapStoriesDataProvider singleSnapStoryPlaybackSequenceByStoryId:]	
106b15f1c	106b15f23	decompiled	chunks/002/functions-000167.c	-[SCMapStoriesDataProvider bundleStoryPlaybackSequenceByBundleStoryId:]	
106b15f24	106b15f2b	decompiled	chunks/002/functions-000167.c	-[SCMapStoriesDataProvider mapStoryPlaybackSequenceByStoryId:]	
106b15f2c	106b15f33	decompiled	chunks/002/functions-000167.c	-[SCMapStoriesDataProvider savedStoryPlaybackSequenceByStoryId:]	
106b15f34	106b160ef	decompiled	chunks/002/functions-000167.c	-[SCMapStoriesDataProvider storiesPlaybackMetadataForStoryIds:completion:]	
106b160f0	106b160f3	decompiled	chunks/002/functions-000167.c	-[SCMapStoriesDataProvider triggerPaginationByCompositeId:identifier:]	
106b160f4	106b160fb	decompiled	chunks/002/functions-000167.c	-[SCMapStoriesDataProvider playbackStorySequences]	
106b160fc	106b1612b	decompiled	chunks/002/functions-000167.c	-[SCMapStoriesDataProvider .cxx_destruct]	
106b1612c	106b16187	decompiled	chunks/002/functions-000167.c	-[SCMapInlinePlaybackOperaPlaylistPlugin initWithOperaViewSize:shouldAutoReplay:]	
106b16188	106b161f7	decompiled	chunks/002/functions-000167.c	-[SCMapInlinePlaybackOperaPlaylistPlugin handleCommand:]	
106b161f8	106b1623f	decompiled	chunks/002/functions-000167.c		
106b16240	106b162bf	decompiled	chunks/002/functions-000167.c		
106b162c0	106b162c3	decompiled	chunks/002/functions-000167.c	-[SCMapInlinePlaybackOperaPlaylistPlugin setPlaylistItemController:]	
106b162c4	106b1637f	decompiled	chunks/002/functions-000167.c	-[SCMapInlinePlaybackOperaPlaylistPlugin setOperaControlling:]	
106b16380	106b1650f	decompiled	chunks/002/functions-000167.c	-[SCMapInlinePlaybackOperaPlaylistPlugin updateOperaConfiguration:]	
106b16510	106b1651b	decompiled	chunks/002/functions-000167.c	-[SCMapInlinePlaybackOperaPlaylistPlugin registeredEventsForOperaSession]	
106b1651c	106b1651f	decompiled	chunks/002/functions-000167.c	-[SCMapInlinePlaybackOperaPlaylistPlugin operaViewDidSendEvent:page:params:]	
106b16520	106b16523	decompiled	chunks/002/functions-000167.c	-[SCMapInlinePlaybackOperaPlaylistPlugin extraPropertiesProvider]	
106b16524	106b165e3	decompiled	chunks/002/functions-000167.c	-[SCMapInlinePlaybackOperaPlaylistPlugin extraPropertiesForDataModel:item:baseOperaPage:completion:]	
106b165e4	106b165eb	decompiled	chunks/002/functions-000167.c	-[SCMapInlinePlaybackOperaPlaylistPlugin .cxx_destruct]	
106b165ec	106b165ef	decompiled	chunks/002/functions-000167.c	-[SCMapKioskModeOperaPlugin operaViewDidSendEvent:page:params:]	
106b165f0	106b165fb	decompiled	chunks/002/functions-000167.c	-[SCMapKioskModeOperaPlugin registeredEventsForOperaSession]	
106b165fc	106b165ff	decompiled	chunks/002/functions-000167.c	-[SCMapKioskModeOperaPlugin setPlaylistItemController:]	
106b16600	106b166a7	decompiled	chunks/002/functions-000167.c	-[SCMapKioskModeOperaPlugin updateOperaConfiguration:]	
106b166a8	106b16eb3	decompiled	chunks/002/functions-000167.c	-[SCMapStoryPlaybackOperaPluginCreator initWithUserSession:storiesServices:legacyStoriesServices:storiesDebuggingServices:storiesBlizzardLoggingServices:readReceiptServices:snapchatterServices:navigationServices:playbackScope:contextOperaPluginProvider:lazyEventsController:circumstanceEngine:remixOperaPluginProvider:networkConnectivityMonitor:blizzardLogger:unlockableViewTracker:lazyDataFetcher:grapheneMetricsEmitter:grapheneRegistry:legacyStoriesTooltipsService:musicContentRestrictionServices:imageDownloader:snapchatterUserInfoProvider:externalLinkSendingService:safetyReportScopeExposer:playbackAssetRepository:saveFriendStoryOperaPluginProvider:bloopsReportScopeExposer:temporaryFileWriter:playbackMediaResolver:ourStoriesAttributionManager:notificationOSSettingsRetriever:offPlatformShareServices:discoverFeedInteractionHistoryManager:spotlightShareSender:spotlightPlatformAnalyticsCreator:contentBlocker:storiesConfigProvider:mapContentFilter:imageFetchingService:storiesUsageLogger:]	
106b16eb4	106b1743b	decompiled	chunks/002/functions-000167.c	-[SCMapStoryPlaybackOperaPluginCreator createStoriesPluginWithPlaybackDataProvider:initialClientId:]	
106b1743c	106b17483	decompiled	chunks/002/functions-000167.c	-[SCMapStoryPlaybackOperaPluginCreator createContextPlugin]	
106b17484	106b174db	decompiled	chunks/002/functions-000167.c	-[SCMapStoryPlaybackOperaPluginCreator createSpotlightPlugin]	
106b174dc	106b1750f	decompiled	chunks/002/functions-000167.c	-[SCMapStoryPlaybackOperaPluginCreator createContentBlockingPlugin]	
106b17510	106b17587	decompiled	chunks/002/functions-000167.c	-[SCMapStoryPlaybackOperaPluginCreator createMapInlinePlaybackOperaPluginForBaseView:shouldAutoReplay:]	
106b17588	106b1778b	decompiled	chunks/002/functions-000167.c	-[SCMapStoryPlaybackOperaPluginCreator createDiscoverFeedStoryLoggingPluginForMapStoryType:pageType:pageSessionId:]	
106b1778c	106b179cf	decompiled	chunks/002/functions-000167.c	-[SCMapStoryPlaybackOperaPluginCreator .cxx_destruct]	
106b179d0	106b17a8b	decompiled	chunks/002/functions-000167.c	-[SCMapComposerPlaceStoryServiceProvider _composerStoryPlayerVendor]	
106b17a8c	106b17acf	decompiled	chunks/002/functions-000167.c	-[SCMapComposerPlaceStoryServiceProvider .cxx_destruct]	
106b17ad0	106b17b5b	decompiled	chunks/002/functions-000167.c	-[SCMapStoryPlaybackViewController initWithCircumstanceEngine:]	
106b17b5c	106b17b8f	decompiled	chunks/002/functions-000167.c	-[SCMapStoryPlaybackViewController viewDidAppear:]	
106b17b90	106b17bc3	decompiled	chunks/002/functions-000167.c	-[SCMapStoryPlaybackViewController viewWillDisappear:]	
106b17bc4	106b17bcb	decompiled	chunks/002/functions-000167.c	-[SCMapStoryPlaybackViewController pageViewName]	
106b17bcc	106b17bd3	decompiled	chunks/002/functions-000168.c	-[SCMapStoryPlaybackViewController preferredStatusBarUpdateAnimation]	
106b17bd4	106b17bdb	decompiled	chunks/002/functions-000168.c	-[SCMapStoryPlaybackViewController prefersStatusBarHidden]	
106b17bdc	106b17bef	decompiled	chunks/002/functions-000168.c	-[SCMapStoryPlaybackViewController .cxx_destruct]	
106b17bf0	106b17c97	decompiled	chunks/002/functions-000168.c	-[SCMapStoryPlaybackEntryPoint begin]	
106b17c98	106b17cc3	decompiled	chunks/002/functions-000168.c		
106b17cc4	106b18937	decompiled	chunks/002/functions-000168.c	-[SCMapStoryPlaybackEntryPoint _beginOnMainThread]	
106b18938	106b189cb	decompiled	chunks/002/functions-000168.c		
106b189cc	106b18ac7	decompiled	chunks/002/functions-000168.c		
106b18ac8	106b18b2b	decompiled	chunks/002/functions-000168.c		
106b18b2c	106b18baf	decompiled	chunks/002/functions-000168.c	-[SCMapStoryPlaybackEntryPoint end]	
106b18bb0	106b18c6b	decompiled	chunks/002/functions-000168.c	-[SCMapStoryPlaybackEntryPoint _presentationDidFailWithResult:]	
106b18c6c	106b194e7	decompiled	chunks/002/functions-000168.c	-[SCMapStoryPlaybackEntryPoint _presentOperaWithStorySequences:]	
106b194e8	106b1952f	decompiled	chunks/002/functions-000168.c		
106b19530	106b195f3	decompiled	chunks/002/functions-000168.c	-[SCMapStoryPlaybackEntryPoint _operaTransitionAnimator]	
106b195f4	106b195f7	decompiled	chunks/002/functions-000168.c	-[SCMapStoryPlaybackEntryPoint _refreshPlaylistWithSequences:]	
106b195f8	106b19687	decompiled	chunks/002/functions-000168.c	-[SCMapStoryPlaybackEntryPoint _refreshPlaylist:]	
106b19688	106b19817	decompiled	chunks/002/functions-000168.c	-[SCMapStoryPlaybackEntryPoint _onMapStoryPlaybackBeginPresenting]	
106b19818	106b198ff	decompiled	chunks/002/functions-000168.c	-[SCMapStoryPlaybackEntryPoint _logFeedPageOpenForMapStoryType:]	
106b19900	106b19a0b	decompiled	chunks/002/functions-000168.c	-[SCMapStoryPlaybackEntryPoint _logFeedPageViewForMapStoryType:swipeDirection:]	
106b19a0c	106b19a1f	decompiled	chunks/002/functions-000168.c	-[SCMapStoryPlaybackEntryPoint operaPresenter:didBeginPlayingPlaylistGroupDataModel:]	
106b19a20	106b19a23	decompiled	chunks/002/functions-000168.c	-[SCMapStoryPlaybackEntryPoint operaPresenter:didFinishViewingPlaylistGroupDataModel:nextGroupDataModel:]	
106b19a24	106b19a27	decompiled	chunks/002/functions-000168.c	-[SCMapStoryPlaybackEntryPoint operaPresenterDidCancelDismissing:]	
106b19a28	106b19ab3	decompiled	chunks/002/functions-000168.c	-[SCMapStoryPlaybackEntryPoint operaPresenterDidFailToPresent:]	
106b19ab4	106b19ab7	decompiled	chunks/002/functions-000168.c	-[SCMapStoryPlaybackEntryPoint operaPresenterDidFinishDismissing:]	
106b19ab8	106b19b6f	decompiled	chunks/002/functions-000168.c	-[SCMapStoryPlaybackEntryPoint operaPresenterDidFinishPresenting:transitionAnimator:]	
106b19b70	106b19c7f	decompiled	chunks/002/functions-000168.c	-[SCMapStoryPlaybackEntryPoint operaPresenterDidTearDown:]	
106b19c80	106b19c83	decompiled	chunks/002/functions-000168.c	-[SCMapStoryPlaybackEntryPoint operaPresenterWillBeginAnimatingToDismiss:]	
106b19c84	106b19c87	decompiled	chunks/002/functions-000168.c	-[SCMapStoryPlaybackEntryPoint operaPresenterWillBeginDismissing:transitionAnimator:]	
106b19c88	106b19d47	decompiled	chunks/002/functions-000168.c	-[SCMapStoryPlaybackEntryPoint operaPresenterWillBeginPresenting:transitionAnimator:]	
106b19d48	106b19e23	decompiled	chunks/002/functions-000168.c	-[SCMapStoryPlaybackEntryPoint didStartPlayingPlaylistItemDataModel:groupDataModel:]	
106b19e24	106b19e87	decompiled	chunks/002/functions-000168.c	-[SCMapStoryPlaybackEntryPoint mapsStateComplianceTakeoverDidDismiss:]	
106b19e88	106b19f7b	decompiled	chunks/002/functions-000168.c	-[SCMapStoryPlaybackEntryPoint removeContentForCreatorId:playlistItemController:]	
106b19f7c	106b1a0ab	decompiled	chunks/002/functions-000168.c		
106b1a0ac	106b1a113	decompiled	chunks/002/functions-000168.c		
106b1a114	106b1a3fb	decompiled	chunks/002/functions-000168.c	-[SCMapStoryPlaybackEntryPoint .cxx_destruct]	
106b1a3fc	106b1a75f	decompiled	chunks/002/functions-000168.c	-[SCMapTapToPlayAnywhereV2 initWithTapToPlayLogger:mapSessionInfoProvider:delegate:mapViewport:mapView:mapStoryPlaybackScopeExposer:mapStoryPlaybackScopeServices:mapStoryFetcher:mapStoryMediaFetcher:]	
106b1a760	106b1a7eb	decompiled	chunks/002/functions-000168.c		
106b1a7ec	106b1a90b	decompiled	chunks/002/functions-000168.c		
106b1a90c	106b1a93f	decompiled	chunks/002/functions-000168.c		
106b1a940	106b1a947	decompiled	chunks/002/functions-000168.c		
106b1a948	106b1a97b	decompiled	chunks/002/functions-000168.c		
106b1a97c	106b1a98b	decompiled	chunks/002/functions-000168.c		
106b1a98c	106b1aadf	decompiled	chunks/002/functions-000168.c	-[SCMapTapToPlayAnywhereV2 _performHeatmapTapAtPoint:]	
106b1aae0	106b1acd7	decompiled	chunks/002/functions-000168.c	-[SCMapTapToPlayAnywhereV2 _moveToRequestingManifest]	
106b1acd8	106b1af47	decompiled	chunks/002/functions-000168.c	-[SCMapTapToPlayAnywhereV2 _actuallyRequestManifestOrStartPlayback]	
106b1af48	106b1afaf	decompiled	chunks/002/functions-000168.c		
106b1afb0	106b1b12f	decompiled	chunks/002/functions-000168.c	-[SCMapTapToPlayAnywhereV2 _emitPlaybackInitiatedTrigger]	
106b1b130	106b1b177	decompiled	chunks/002/functions-000168.c	-[SCMapTapToPlayAnywhereV2 didCancelTouchOnMapWithReason:]	
106b1b178	106b1b1b7	decompiled	chunks/002/functions-000168.c	-[SCMapTapToPlayAnywhereV2 _cancelWithReason:]	
106b1b1b8	106b1b1c7	decompiled	chunks/002/functions-000168.c	-[SCMapTapToPlayAnywhereV2 isActive]	
106b1b1c8	106b1b20f	decompiled	chunks/002/functions-000168.c	-[SCMapTapToPlayAnywhereV2 dismissStory]	
106b1b210	106b1b21f	decompiled	chunks/002/functions-000168.c	-[SCMapTapToPlayAnywhereV2 isPresentingStory]	
106b1b220	106b1b273	decompiled	chunks/002/functions-000168.c	-[SCMapTapToPlayAnywhereV2 shakeLogDescription]	
106b1b274	106b1b377	decompiled	chunks/002/functions-000168.c	-[SCMapTapToPlayAnywhereV2 baseViewForStoryId:]	
106b1b378	106b1b59f	decompiled	chunks/002/functions-000168.c	-[SCMapTapToPlayAnywhereV2 _prefetchFirstSnapForPlaybackSequence:]	
106b1b5a0	106b1b5f3	decompiled	chunks/002/functions-000168.c		
106b1b5f4	106b1b707	decompiled	chunks/002/functions-000168.c	-[SCMapTapToPlayAnywhereV2 _finishPrefetchForMediaInfo:error:]	
106b1b708	106b1b73f	decompiled	chunks/002/functions-000168.c		
106b1b740	106b1b7bf	decompiled	chunks/002/functions-000168.c	-[SCMapTapToPlayAnywhereV2 _storyRequestCompletedWithPlaybackSequences:error:]	
106b1b7c0	106b1b863	decompiled	chunks/002/functions-000168.c	-[SCMapTapToPlayAnywhereV2 _failWithManifestErrorFailure]	
106b1b864	106b1b86b	decompiled	chunks/002/functions-000168.c		
106b1b86c	106b1b993	decompiled	chunks/002/functions-000168.c	-[SCMapTapToPlayAnywhereV2 _storyMediaRequestCompletedWithPlaybackSequences:]	
106b1b994	106b1ba07	decompiled	chunks/002/functions-000168.c		
106b1ba08	106b1bbeb	decompiled	chunks/002/functions-000168.c	-[SCMapTapToPlayAnywhereV2 _storyMediaRequestCompletedWithPlaybackSequencesAfterDoubleTapExpired:]	
106b1bbec	106b1bbf7	decompiled	chunks/002/functions-000168.c		
106b1bbf8	106b1bc9f	decompiled	chunks/002/functions-000168.c	-[SCMapTapToPlayAnywhereV2 _failWithNoSnapsFoundFailure]	
106b1bca0	106b1bca7	decompiled	chunks/002/functions-000168.c		
106b1bca8	106b1bdbb	decompiled	chunks/002/functions-000168.c	-[SCMapTapToPlayAnywhereV2 _needsScheduleBlockAfterAnimation:]	
106b1bdbc	106b1be0b	decompiled	chunks/002/functions-000168.c		
106b1be0c	106b1be43	decompiled	chunks/002/functions-000168.c	-[SCMapTapToPlayAnywhereV2 _presentationDidFailWithResult:]	
106b1be44	106b1bed7	decompiled	chunks/002/functions-000168.c	-[SCMapTapToPlayAnywhereV2 _cleanup]	
106b1bed8	106b1bfa7	decompiled	chunks/002/functions-000168.c	-[SCMapTapToPlayAnywhereV2 _showErrorWithText:]	
106b1bfa8	106b1c00f	decompiled	chunks/002/functions-000168.c	-[SCMapTapToPlayAnywhereV2 _performHapticError]	
106b1c010	106b1c047	decompiled	chunks/002/functions-000168.c	-[SCMapTapToPlayAnywhereV2 _setState:]	
106b1c048	106b1c09f	decompiled	chunks/002/functions-000168.c	-[SCMapTapToPlayAnywhereV2 _validateChangeToState:]	
106b1c0a0	106b1c0bb	decompiled	chunks/002/functions-000168.c	-[SCMapTapToPlayAnywhereV2 isInstanceTerminated:]	
106b1c0bc	106b1c0e7	decompiled	chunks/002/functions-000168.c	-[SCMapTapToPlayAnywhereV2 _animationDelayRequired]	
106b1c0e8	106b1c15b	decompiled	chunks/002/functions-000168.c	-[SCMapTapToPlayAnywhereV2 _centerScreenPoint]	
106b1c15c	106b1c1e7	decompiled	chunks/002/functions-000168.c	-[SCMapTapToPlayAnywhereV2 _isScreenPointInsideAnimation:]	
106b1c1e8	106b1c233	decompiled	chunks/002/functions-000168.c	-[SCMapTapToPlayAnywhereV2 _safeAnimationCompletionShowingFailure:]	
106b1c234	106b1c29f	decompiled	chunks/002/functions-000168.c	-[SCMapTapToPlayAnywhereV2 _logPlayAttemptWithResult:]	
106b1c2a0	106b1c2eb	decompiled	chunks/002/functions-000168.c	-[SCMapTapToPlayAnywhereV2 mapStoryDidDismiss]	
106b1c2ec	106b1c307	decompiled	chunks/002/functions-000168.c	-[SCMapTapToPlayAnywhereV2 mapStoryManifestRequestDidFailWithResult:]	
106b1c308	106b1c3df	decompiled	chunks/002/functions-000168.c	-[SCMapTapToPlayAnywhereV2 .cxx_destruct]	
106b1c3e0	106b1c473	decompiled	chunks/002/functions-000168.c	-[SCMapInlinePlaybackOperaTransitionAnimator initWithParentViewController:baseView:]	
106b1c474	106b1c677	decompiled	chunks/002/functions-000168.c	-[SCMapInlinePlaybackOperaTransitionAnimator present:]	
106b1c678	106b1c74f	decompiled	chunks/002/functions-000168.c	-[SCMapInlinePlaybackOperaTransitionAnimator dismiss:]	
106b1c750	106b1c753	decompiled	chunks/002/functions-000168.c	-[SCMapInlinePlaybackOperaTransitionAnimator updateBaseView:baseViewOrientation:topInset:transitionMode:]	
106b1c754	106b1c757	decompiled	chunks/002/functions-000168.c	-[SCMapInlinePlaybackOperaTransitionAnimator updateTransitionMode:]	
106b1c758	106b1c75f	decompiled	chunks/002/functions-000168.c	-[SCMapInlinePlaybackOperaTransitionAnimator transitionMode]	
106b1c760	106b1c763	decompiled	chunks/002/functions-000168.c	-[SCMapInlinePlaybackOperaTransitionAnimator resetGestureIfNecessary]	
106b1c764	106b1c767	decompiled	chunks/002/functions-000168.c	-[SCMapInlinePlaybackOperaTransitionAnimator enableFadeTransitionInDismissal:fadingViews:]	
106b1c768	106b1c76b	decompiled	chunks/002/functions-000168.c	-[SCMapInlinePlaybackOperaTransitionAnimator disableFadeTransitionInDismissal]	
106b1c76c	106b1c76f	decompiled	chunks/002/functions-000168.c	-[SCMapInlinePlaybackOperaTransitionAnimator updateDismissalAnimationVolumeControl:]	
106b1c770	106b1c777	decompiled	chunks/002/functions-000168.c	-[SCMapInlinePlaybackOperaTransitionAnimator dismissalSwipeDirection]	
106b1c778	106b1c78f	decompiled	chunks/002/functions-000168.c	-[SCMapInlinePlaybackOperaTransitionAnimator parentVC]	
106b1c790	106b1c7a7	decompiled	chunks/002/functions-000168.c	-[SCMapInlinePlaybackOperaTransitionAnimator childVC]	
106b1c7a8	106b1c7b3	decompiled	chunks/002/functions-000168.c	-[SCMapInlinePlaybackOperaTransitionAnimator setChildVC:]	
106b1c7b4	106b1c7cb	decompiled	chunks/002/functions-000168.c	-[SCMapInlinePlaybackOperaTransitionAnimator delegate]	
106b1c7cc	106b1c7d7	decompiled	chunks/002/functions-000168.c	-[SCMapInlinePlaybackOperaTransitionAnimator setDelegate:]	
106b1c7d8	106b1c7e3	decompiled	chunks/002/functions-000169.c	-[SCMapInlinePlaybackOperaTransitionAnimator baseViewFrame]	
106b1c7e4	106b1c7ef	decompiled	chunks/002/functions-000169.c	-[SCMapInlinePlaybackOperaTransitionAnimator setBaseViewFrame:]	
106b1c7f0	106b1c807	decompiled	chunks/002/functions-000169.c	-[SCMapInlinePlaybackOperaTransitionAnimator baseView]	
106b1c808	106b1c813	decompiled	chunks/002/functions-000169.c	-[SCMapInlinePlaybackOperaTransitionAnimator setBaseView:]	
106b1c814	106b1c82b	decompiled	chunks/002/functions-000169.c	-[SCMapInlinePlaybackOperaTransitionAnimator volumeController]	
106b1c82c	106b1c837	decompiled	chunks/002/functions-000169.c	-[SCMapInlinePlaybackOperaTransitionAnimator setVolumeController:]	
106b1c838	106b1c877	decompiled	chunks/002/functions-000169.c	-[SCMapInlinePlaybackOperaTransitionAnimator .cxx_destruct]	
106b1c878	106b1c8b7	decompiled	chunks/002/functions-000169.c		
106b1c8b8	106b1c903	decompiled	chunks/002/functions-000169.c		
106b1c904	106b1c977	decompiled	chunks/002/functions-000169.c	-[SCGrapheneMapStoryPlaybackMetric2 init]	
106b1c978	106b1cba7	decompiled	chunks/002/functions-000169.c		
106b1cba8	106b1ce1b	decompiled	chunks/002/functions-000169.c		
106b1ce1c	106b1d04b	decompiled	chunks/002/functions-000169.c		
106b1d04c	106b1d1af	decompiled	chunks/002/functions-000169.c		
106b1d1b0	106b1d1c3	decompiled	chunks/002/functions-000169.c		
106b1d1c4	106b1d2b7	decompiled	chunks/002/functions-000169.c	+[SCMapBitmojiSticker stickerFromSCMT1StickerID:]	
106b1d2b8	106b1d797	decompiled	chunks/002/functions-000169.c		
106b1d798	106b1d86f	decompiled	chunks/002/functions-000169.c		
106b1d870	106b1d91b	decompiled	chunks/002/functions-000169.c		
106b1d91c	106b1d9cf	decompiled	chunks/002/functions-000169.c	+[SCMapBitmojiSticker defaultSticker]	
106b1d9d0	106b1db4b	decompiled	chunks/002/functions-000169.c	-[SCMapBitmojiSticker initWithValuesOrDefaultNonClusteredStickerId:clusteredFacingLeftStickerId:clusteredFacingRightStickerId:shadow:dynamicElements:opacity:isMotion:]	
106b1db4c	106b1dbff	decompiled	chunks/002/functions-000169.c	+[SCMapBitmojiSticker ghostModeSticker]	
106b1dc00	106b1dd17	decompiled	chunks/002/functions-000169.c	-[SCMapBitmojiSticker copyWithNonClusteredStickerFacingRight:]	
106b1dd18	106b1dd27	decompiled	chunks/002/functions-000169.c	+[SCMapBitmojiSticker stickerFromSCMT1Sticker:]	
106b1dd28	106b1df0f	decompiled	chunks/002/functions-000169.c	+[SCMapBitmojiSticker stickerFromSCMT1Sticker:forceNonClusteredRightFacing:]	
106b1df10	106b1e12b	decompiled	chunks/002/functions-000169.c	+[SCMapBitmojiSticker _dynamicElementsFromSCMT1Elements:]	
106b1e12c	106b1e13b	decompiled	chunks/002/functions-000169.c	+[SCMapBitmojiSticker _dynamicOneOfCaseFromSCMT1DynamicOneOfCase:]	
106b1e13c	106b1e28f	decompiled	chunks/002/functions-000169.c	-[SCMapEffect firstApplicableVariantForZoomLevel:isClusterSelected:]	
106b1e290	106b1e30b	decompiled	chunks/002/functions-000169.c	+[SCMapEffect withSCMTWorldEffectSet:]	
106b1e30c	106b1e433	decompiled	chunks/002/functions-000169.c		
106b1e434	106b1e48b	decompiled	chunks/002/functions-000169.c	+[SCMapEffect withSMSdkWorldEffectSet_EffectVariant:]	
106b1e48c	106b1e5a3	decompiled	chunks/002/functions-000169.c		
106b1e5a4	106b1e70f	decompiled	chunks/002/functions-000169.c	+[SCMapEffect withTweakEffectId:minZoom:]	
106b1e710	106b1e94f	decompiled	chunks/002/functions-000169.c	-[SCMapEffect smSdkWorldEffectSet]	
106b1e950	106b1eaaf	decompiled	chunks/002/functions-000169.c	-[SCMapPerson displayFirstName]	
106b1eab0	106b1eb4b	decompiled	chunks/002/functions-000169.c		
106b1eb4c	106b1ec1f	decompiled	chunks/002/functions-000169.c	-[SCMapPerson matches:]	
106b1ec20	106b1ecab	decompiled	chunks/002/functions-000169.c	-[SCMapPersonLocation statusIfLive]	
106b1ecac	106b1ecff	decompiled	chunks/002/functions-000169.c	-[SCMapPersonStatus isCancelledAtCoordinate:]	
106b1ed00	106b1ed83	decompiled	chunks/002/functions-000169.c	-[SCMapPersonStatusConstraint hasLocation]	
106b1ed84	106b1ee6b	decompiled	chunks/002/functions-000169.c	-[SCMapPersonStatusConstraint isCancelledAtCoordinate:]	
106b1ee6c	106b1f193	decompiled	chunks/002/functions-000169.c	-[SCMapCluster initWithClusterables:]	
106b1f194	106b1f1bb	decompiled	chunks/002/functions-000169.c	-[SCMapCluster setCoordinate:]	
106b1f1bc	106b1f1c3	decompiled	chunks/002/functions-000169.c	-[SCMapCluster count]	
106b1f1c4	106b1f1cb	decompiled	chunks/002/functions-000169.c	-[SCMapCluster clusterVisibilityPriority]	
106b1f1cc	106b1f227	decompiled	chunks/002/functions-000169.c	-[SCMapCluster copyWithZone:]	
106b1f228	106b1f32b	decompiled	chunks/002/functions-000169.c	-[SCMapCluster isEqual:]	
106b1f32c	106b1f333	decompiled	chunks/002/functions-000169.c	-[SCMapCluster hash]	
106b1f334	106b1f33b	decompiled	chunks/002/functions-000169.c	-[SCMapCluster clusterables]	
106b1f33c	106b1f343	decompiled	chunks/002/functions-000169.c	-[SCMapCluster clusterIdentifier]	
106b1f344	106b1f34b	decompiled	chunks/002/functions-000169.c	-[SCMapCluster topClusterable]	
106b1f34c	106b1f353	decompiled	chunks/002/functions-000169.c	-[SCMapCluster slippyPoint]	
106b1f354	106b1f35b	decompiled	chunks/002/functions-000169.c	-[SCMapCluster coordinate]	
106b1f35c	106b1f397	decompiled	chunks/002/functions-000169.c	-[SCMapCluster .cxx_destruct]	
106b1f398	106b1f3df	decompiled	chunks/002/functions-000169.c	-[SCMapZoomRange initWithZoom:]	
106b1f3e0	106b1f403	decompiled	chunks/002/functions-000169.c	-[SCMapZoomRange containsZoom:]	
106b1f404	106b1f427	decompiled	chunks/002/functions-000169.c	-[SCMapZoomRange expandForZoom:]	
106b1f428	106b1f45b	decompiled	chunks/002/functions-000169.c	-[SCMapZoomRange copyWithZone:]	
106b1f45c	106b1f4e3	decompiled	chunks/002/functions-000169.c	-[SCMapZoomRange isEqual:]	
106b1f4e4	106b1f533	decompiled	chunks/002/functions-000169.c	-[SCMapZoomRange hash]	
106b1f534	106b1f53b	decompiled	chunks/002/functions-000169.c	-[SCMapZoomRange min]	
106b1f53c	106b1f5df	decompiled	chunks/002/functions-000169.c	-[SCMapZoomRange max]	
106b1f5e0	106b1f863	decompiled	chunks/002/functions-000169.c	+[SCMapPersonLocationHelpers currentFriendLocationFromFriendLocation:userLocation:userId:]	
106b1f864	106b1f8d7	decompiled	chunks/002/functions-000169.c	-[SCMapGestureServices initWithGestureManager:]	
106b1f8d8	106b1f8df	decompiled	chunks/002/functions-000169.c	-[SCMapGestureServices gestureManager]	
106b1f8e0	106b1f8eb	decompiled	chunks/002/functions-000169.c	-[SCMapGestureServices .cxx_destruct]	
106b1f8ec	106b1f937	decompiled	chunks/002/functions-000169.c	+[SCMapInteraction endedRotate]	
106b1f938	106b1f983	decompiled	chunks/002/functions-000169.c	+[SCMapInteraction endedTilt]	
106b1f984	106b1f9cf	decompiled	chunks/002/functions-000169.c	+[SCMapInteraction endedZoom]	
106b1f9d0	106b1fa17	decompiled	chunks/002/functions-000169.c	+[SCMapInteraction startedPan]	
106b1fa18	106b1fa63	decompiled	chunks/002/functions-000169.c	+[SCMapInteraction startedRotate]	
106b1fa64	106b1faaf	decompiled	chunks/002/functions-000169.c	+[SCMapInteraction startedTilt]	
106b1fab0	106b1fb07	decompiled	chunks/002/functions-000169.c	+[SCMapInteraction startedZoomWithZoomType:]	
106b1fb08	106b1fb4b	decompiled	chunks/002/functions-000169.c	-[SCMapInteraction internalInit]	
106b1fb4c	106b1fcc7	decompiled	chunks/002/functions-000169.c	-[SCMapInteraction matchStartedPan:startedZoom:endedZoom:startedRotate:endedRotate:startedTilt:endedTilt:]	
106b1fcc8	106b1fd07	decompiled	chunks/002/functions-000169.c	-[SCMapAsyncTrace initWithoutName]	
106b1fd08	106b1fd1f	decompiled	chunks/002/functions-000169.c	+[SCMapAsyncTrace traceWithoutName]	
106b1fd20	106b1fddf	decompiled	chunks/002/functions-000169.c	-[SCMapAsyncTrace endWithName:]	
106b1fde0	106b1fe73	decompiled	chunks/002/functions-000169.c	+[SCMapAsyncTrace putInstant:]	
106b1fe74	106b1ff07	decompiled	chunks/002/functions-000169.c	+[SCMapAsyncTrace _storeTrace:forName:]	
106b1ff08	106b1ff8f	decompiled	chunks/002/functions-000169.c	+[SCMapAsyncTrace _traceForName:]	
106b1ff90	106b2001b	decompiled	chunks/002/functions-000169.c	+[SCMapAsyncTrace beginStoredTraceWithName:]	
106b2001c	106b20083	decompiled	chunks/002/functions-000169.c	+[SCMapAsyncTrace endStoredTraceNamed:]	
106b20084	106b2008f	decompiled	chunks/002/functions-000169.c	+[SCMapAsyncTrace cancelStoredTraceNamed:]	
106b20090	106b200b7	decompiled	chunks/002/functions-000169.c	+[SCMapAsyncTrace _initStorage]	
106b200b8	106b200f3	decompiled	chunks/002/functions-000169.c		
106b200f4	106b2019f	decompiled	chunks/002/functions-000169.c	+[SCMapSyncTrace trace:operation:]	
106b201a0	106b20233	decompiled	chunks/002/functions-000169.c	+[SCMapSyncTrace putInstant:]	
106b20234	106b202ab	decompiled	chunks/002/functions-000169.c	-[SCMusicCameraUIEntryPoint _cameraUsageTier]	
106b202ac	106b20447	decompiled	chunks/002/functions-000169.c	-[SCMusicCameraUIEntryPoint begin]	
106b20448	106b20477	decompiled	chunks/002/functions-000169.c		
106b20478	106b204cb	decompiled	chunks/002/functions-000169.c	-[SCMusicCameraUIEntryPoint .cxx_destruct]	
106b204cc	106b2058f	decompiled	chunks/002/functions-000169.c	-[SCPasskeyAlertViewScope initWithDelegate:uiContainer:alertViewConfig:]	
106b20590	106b205a7	decompiled	chunks/002/functions-000169.c	-[SCPasskeyAlertViewScope delegate]	
106b205a8	106b205af	decompiled	chunks/002/functions-000169.c	-[SCPasskeyAlertViewScope uiContainer]	
106b205b0	106b205b7	decompiled	chunks/002/functions-000169.c	-[SCPasskeyAlertViewScope alertViewConfig]	
106b205b8	106b205ef	decompiled	chunks/002/functions-000169.c	-[SCPasskeyAlertViewScope .cxx_destruct]	
106b205f0	106b20667	decompiled	chunks/002/functions-000169.c	-[SCPasskeyConfirmAlertViewCallback initWithBlock:]	
106b20668	106b2068b	decompiled	chunks/002/functions-000169.c	-[SCPasskeyConfirmAlertViewCallback copyWithZone:]	
106b2068c	106b20693	decompiled	chunks/002/functions-000169.c	-[SCPasskeyConfirmAlertViewCallback block]	
