address	end_address	status	pseudocode_file	runtime_label	error
106a09bac	106a09bbb	decompiled	chunks/001/functions-000110.c	-[SCFeatureSettingsService setHideLegacyAutoSavedStories:]	
106a09bbc	106a09bc3	decompiled	chunks/001/functions-000110.c	-[SCFeatureSettingsService hide_legacy_auto_saved_stories_client_value:]	
106a09bc4	106a09bcb	decompiled	chunks/001/functions-000110.c	-[SCFeatureSettingsService hide_legacy_auto_saved_stories_server_value:]	
106a09bcc	106a09bdb	decompiled	chunks/001/functions-000110.c	-[SCFeatureSettingsService hideLegacyAutoSavedStories]	
106a09bdc	106a09dc3	decompiled	chunks/001/functions-000110.c	-[SCMemoriesConsolidatedAutoSavedStoriesDataCoordinator initWithMergedDataSource:customStoriesDataFetcher:circumstanceEngine:]	
106a09dc4	106a09deb	decompiled	chunks/001/functions-000110.c	-[SCMemoriesConsolidatedAutoSavedStoriesDataCoordinator addThumbnailListener:]	
106a09dec	106a09df3	decompiled	chunks/001/functions-000110.c	-[SCMemoriesConsolidatedAutoSavedStoriesDataCoordinator removeThumbnailListener:]	
106a09df4	106a09e1b	decompiled	chunks/001/functions-000110.c	-[SCMemoriesConsolidatedAutoSavedStoriesDataCoordinator addListener:]	
106a09e1c	106a09e23	decompiled	chunks/001/functions-000110.c	-[SCMemoriesConsolidatedAutoSavedStoriesDataCoordinator removeListener:]	
106a09e24	106a09e7b	decompiled	chunks/001/functions-000110.c	-[SCMemoriesConsolidatedAutoSavedStoriesDataCoordinator reannounceDataSourceChange]	
106a09e7c	106a09e83	decompiled	chunks/001/functions-000110.c		
106a09e84	106a09e87	decompiled	chunks/001/functions-000110.c	-[SCMemoriesConsolidatedAutoSavedStoriesDataCoordinator didUpdateCustomStoriesWithPublicationIds:]	
106a09e88	106a09e8b	decompiled	chunks/001/functions-000110.c	-[SCMemoriesConsolidatedAutoSavedStoriesDataCoordinator didUpdatePostableStories]	
106a09e8c	106a09f3b	decompiled	chunks/001/functions-000110.c	-[SCMemoriesConsolidatedAutoSavedStoriesDataCoordinator _filteredEntriesWithEntries:]	
106a09f3c	106a09f93	decompiled	chunks/001/functions-000110.c		
106a09f94	106a0a09f	decompiled	chunks/001/functions-000110.c	-[SCMemoriesConsolidatedAutoSavedStoriesDataCoordinator dataSource:didChangeEntries:failedEntries:fetchEntryError:]	
106a0a0a0	106a0a0b3	decompiled	chunks/001/functions-000110.c		
106a0a0b4	106a0a1df	decompiled	chunks/001/functions-000110.c	-[SCMemoriesConsolidatedAutoSavedStoriesDataCoordinator _dataSource:didChangeEntries:failedEntries:fetchEntryError:]	
106a0a1e0	106a0a4e3	decompiled	chunks/001/functions-000110.c	-[SCMemoriesConsolidatedAutoSavedStoriesDataCoordinator _announceDataSourceChangeToAllListeners]	
106a0a4e4	106a0a6c3	decompiled	chunks/001/functions-000110.c		
106a0a6c4	106a0a6e7	decompiled	chunks/001/functions-000110.c		
106a0a6e8	106a0a71f	decompiled	chunks/001/functions-000110.c	-[SCMemoriesConsolidatedAutoSavedStoriesDataCoordinator _updateConsolidatedAutoSavedStoriesDataModels:]	
106a0a720	106a0a7ef	decompiled	chunks/001/functions-000110.c	-[SCMemoriesConsolidatedAutoSavedStoriesDataCoordinator _updateAutoSavedSnapsForDataModelsWithDeletes:inserts:]	
106a0a7f0	106a0ad53	decompiled	chunks/001/functions-000110.c		
106a0ad54	106a0ad5b	decompiled	chunks/001/functions-000110.c		
106a0ad5c	106a0ad6b	decompiled	chunks/001/functions-000110.c	-[SCMemoriesConsolidatedAutoSavedStoriesDataCoordinator _fetchAutoSavedSnapsForDataModelsWithEntries:]	
106a0ad6c	106a0ad73	decompiled	chunks/001/functions-000110.c	-[SCMemoriesConsolidatedAutoSavedStoriesDataCoordinator legacyMyStoryEntriesCount]	
106a0ad74	106a0adff	decompiled	chunks/001/functions-000110.c	-[SCMemoriesConsolidatedAutoSavedStoriesDataCoordinator .cxx_destruct]	
106a0ae00	106a0b1d7	decompiled	chunks/001/functions-000110.c	-[SCMemoriesConsolidatedAutoSavedStoriesEntryPoint begin]	
106a0b1d8	106a0b1fb	decompiled	chunks/001/functions-000110.c		
106a0b1fc	106a0b2df	decompiled	chunks/001/functions-000110.c	-[SCMemoriesConsolidatedAutoSavedStoriesEntryPoint _createMemoriesOperaSessionConfig]	
106a0b2e0	106a0b367	decompiled	chunks/001/functions-000110.c	-[SCMemoriesConsolidatedAutoSavedStoriesEntryPoint end]	
106a0b368	106a0b3f3	decompiled	chunks/001/functions-000110.c	-[SCMemoriesConsolidatedAutoSavedStoriesEntryPoint .cxx_destruct]	
106a0b3f4	106a0b51f	decompiled	chunks/001/functions-000110.c	-[SCMemoriesConsolidatedAutoSavedStoriesScope initWithScopeDelegate:uiContainer:isMyStory:customStoryEntryExternalId:storyTitle:dataCoordinator:]	
106a0b520	106a0b537	decompiled	chunks/001/functions-000110.c	-[SCMemoriesConsolidatedAutoSavedStoriesScope scopeDelegate]	
106a0b538	106a0b53f	decompiled	chunks/001/functions-000110.c	-[SCMemoriesConsolidatedAutoSavedStoriesScope uiContainer]	
106a0b540	106a0b547	decompiled	chunks/001/functions-000110.c	-[SCMemoriesConsolidatedAutoSavedStoriesScope isMyStory]	
106a0b548	106a0b54f	decompiled	chunks/001/functions-000110.c	-[SCMemoriesConsolidatedAutoSavedStoriesScope customStoryEntryExternalId]	
106a0b550	106a0b557	decompiled	chunks/001/functions-000110.c	-[SCMemoriesConsolidatedAutoSavedStoriesScope storyTitle]	
106a0b558	106a0b55f	decompiled	chunks/001/functions-000110.c	-[SCMemoriesConsolidatedAutoSavedStoriesScope dataCoordinator]	
106a0b560	106a0b5af	decompiled	chunks/001/functions-000110.c	-[SCMemoriesConsolidatedAutoSavedStoriesScope .cxx_destruct]	
106a0b5b0	106a0b6eb	decompiled	chunks/001/functions-000110.c	-[SCMemoriesConsolidatedAutoSavedStoriesViewController initWithConsolidatedAutoSavedStoriesScopeDelegate:streamingContentPrefetcher:dataCoordinator:operaPresenter:snapThumbnailGenerator:storyTitle:isMyStory:customStoryEntryExternalId:applicationLifecycleEvents:memoriesSelectionFooterBarControllerFactory:memoriesExperimentService:memoriesMonetizationServices:]	
106a0b6ec	106a0b71f	decompiled	chunks/001/functions-000110.c	-[SCMemoriesConsolidatedAutoSavedStoriesViewController _willDismiss]	
106a0b720	106a0b797	decompiled	chunks/001/functions-000110.c	-[SCMemoriesConsolidatedAutoSavedStoriesViewController _didEndDismissing:]	
106a0b798	106a0b807	decompiled	chunks/001/functions-000110.c	-[SCMemoriesConsolidatedAutoSavedStoriesViewController _didCreateStory:]	
106a0b808	106a0b837	decompiled	chunks/001/functions-000110.c	-[SCMemoriesConsolidatedAutoSavedStoriesViewController _title]	
106a0b838	106a0b867	decompiled	chunks/001/functions-000110.c	-[SCMemoriesConsolidatedAutoSavedStoriesViewController _dismiss:]	
106a0b868	106a0b8cb	decompiled	chunks/001/functions-000110.c	-[SCMemoriesConsolidatedAutoSavedStoriesViewController _sectionControllerConfiguration]	
106a0b8cc	106a0b90b	decompiled	chunks/001/functions-000110.c	-[SCMemoriesConsolidatedAutoSavedStoriesViewController sectionBasedCollectionViewUpdater:didUpdateSectionsWithAnimationFinished:]	
106a0b90c	106a0b913	decompiled	chunks/001/functions-000110.c	-[SCMemoriesConsolidatedAutoSavedStoriesViewController pageViewName]	
106a0b914	106a0b95f	decompiled	chunks/001/functions-000110.c	-[SCMemoriesConsolidatedAutoSavedStoriesViewController .cxx_destruct]	
106a0b960	106a0badb	decompiled	chunks/001/functions-000110.c	-[SCMemoriesConsolidatedAutoSavedStoriesDataCoordinatorListenerAnnouncer description]	
106a0badc	106a0bb3b	decompiled	chunks/001/functions-000110.c		
106a0bb3c	106a0bde7	decompiled	chunks/001/functions-000110.c	-[SCMemoriesConsolidatedAutoSavedStoriesDataCoordinatorListenerAnnouncer addListener:]	
106a0bde8	106a0bf27	decompiled	chunks/001/functions-000110.c		
106a0bf28	106a0bf6f	decompiled	chunks/001/functions-000110.c		
106a0bf70	106a0c19f	decompiled	chunks/001/functions-000110.c	-[SCMemoriesConsolidatedAutoSavedStoriesDataCoordinatorListenerAnnouncer removeListener:]	
106a0c1a0	106a0c2f3	decompiled	chunks/001/functions-000110.c	-[SCMemoriesConsolidatedAutoSavedStoriesDataCoordinatorListenerAnnouncer memoriesConsolidatedAutoSavedStoriesDataCoordinator:didUpdateMyStoryDataModels:customStoryDataModelsMap:customStoryTitleMap:]	
106a0c2f4	106a0c31b	decompiled	chunks/001/functions-000110.c	-[SCMemoriesConsolidatedAutoSavedStoriesDataCoordinatorListenerAnnouncer .cxx_destruct]	
106a0c31c	106a0c33b	decompiled	chunks/001/functions-000110.c	-[SCMemoriesConsolidatedAutoSavedStoriesDataCoordinatorListenerAnnouncer .cxx_construct]	
106a0c33c	106a0c34f	decompiled	chunks/001/functions-000110.c		
106a0c350	106a0c3a7	decompiled	chunks/001/functions-000110.c		
106a0c3a8	106a0c3b7	decompiled	chunks/001/functions-000110.c		
106a0c3b8	106a0c3d7	decompiled	chunks/001/functions-000110.c		
106a0c3d8	106a0c43f	decompiled	chunks/001/functions-000110.c		
106a0c440	106a0c443	decompiled	chunks/001/functions-000110.c		
106a0c444	106a0c44f	decompiled	chunks/001/functions-000110.c	-[SCFeatureSettingsService isHasFavoritedMemoriesSnap]	
106a0c450	106a0c45b	decompiled	chunks/001/functions-000110.c	-[SCFeatureSettingsService hasFavoritedMemoriesSnapServerParam]	
106a0c45c	106a0c46b	decompiled	chunks/001/functions-000110.c	-[SCFeatureSettingsService setHasFavoritedMemoriesSnap:]	
106a0c46c	106a0c473	decompiled	chunks/001/functions-000110.c	-[SCFeatureSettingsService has_favorited_memories_snap_client_value:]	
106a0c474	106a0c47b	decompiled	chunks/001/functions-000110.c	-[SCFeatureSettingsService has_favorited_memories_snap_server_value:]	
106a0c47c	106a0c48b	decompiled	chunks/001/functions-000110.c	-[SCFeatureSettingsService hasFavoritedMemoriesSnap]	
106a0c48c	106a0c62f	decompiled	chunks/001/functions-000110.c	-[SCMemoriesFavoriteSnapsStoryDataCoordinator initWithFeatureSettingsService:memoriesMergedDataSource:performer:circumstanceEngine:]	
106a0c630	106a0c717	decompiled	chunks/001/functions-000110.c	-[SCMemoriesFavoriteSnapsStoryDataCoordinator initWithFeatureSettingsService:memoriesMergedDataSource:circumstanceEngine:]	
106a0c718	106a0c76f	decompiled	chunks/001/functions-000110.c	-[SCMemoriesFavoriteSnapsStoryDataCoordinator reannounceDataSourceChange]	
106a0c770	106a0c777	decompiled	chunks/001/functions-000110.c		
106a0c778	106a0c79f	decompiled	chunks/001/functions-000110.c	-[SCMemoriesFavoriteSnapsStoryDataCoordinator addThumbnailListener:]	
106a0c7a0	106a0c7a7	decompiled	chunks/001/functions-000110.c	-[SCMemoriesFavoriteSnapsStoryDataCoordinator removeThumbnailListener:]	
106a0c7a8	106a0c7cf	decompiled	chunks/001/functions-000110.c	-[SCMemoriesFavoriteSnapsStoryDataCoordinator addListener:]	
106a0c7d0	106a0c7d7	decompiled	chunks/001/functions-000110.c	-[SCMemoriesFavoriteSnapsStoryDataCoordinator removeListener:]	
106a0c7d8	106a0c887	decompiled	chunks/001/functions-000110.c	-[SCMemoriesFavoriteSnapsStoryDataCoordinator _filteredEntriesWithEntries:]	
106a0c888	106a0c893	decompiled	chunks/001/functions-000110.c		
106a0c894	106a0c99f	decompiled	chunks/001/functions-000110.c	-[SCMemoriesFavoriteSnapsStoryDataCoordinator dataSource:didChangeEntries:failedEntries:fetchEntryError:]	
106a0c9a0	106a0c9b3	decompiled	chunks/001/functions-000110.c		
106a0c9b4	106a0cadf	decompiled	chunks/001/functions-000110.c	-[SCMemoriesFavoriteSnapsStoryDataCoordinator _dataSource:didChangeEntries:failedEntries:fetchEntryError:]	
106a0cae0	106a0cb4b	decompiled	chunks/001/functions-000110.c	-[SCMemoriesFavoriteSnapsStoryDataCoordinator _announceDataSourceChangeToAllListeners]	
106a0cb4c	106a0cb83	decompiled	chunks/001/functions-000110.c	-[SCMemoriesFavoriteSnapsStoryDataCoordinator _updateFavoritedSnapsStoryDataModels:]	
106a0cb84	106a0cc57	decompiled	chunks/001/functions-000110.c	-[SCMemoriesFavoriteSnapsStoryDataCoordinator _updateFavoritedSnapsForDataModelsWithDeletes:inserts:]	
106a0cc58	106a0d257	decompiled	chunks/001/functions-000110.c		
106a0d258	106a0d33b	decompiled	chunks/001/functions-000110.c	-[SCMemoriesFavoriteSnapsStoryDataCoordinator _fetchFavoritedSnapsForDataModelsWithEntries:]	
106a0d33c	106a0d733	decompiled	chunks/001/functions-000110.c		
106a0d734	106a0d7c3	decompiled	chunks/001/functions-000110.c	-[SCMemoriesFavoriteSnapsStoryDataCoordinator .cxx_destruct]	
106a0d7c4	106a0db43	decompiled	chunks/001/functions-000110.c	-[SCMemoriesFavoriteSnapsStoryEntryPoint begin]	
106a0db44	106a0db67	decompiled	chunks/001/functions-000110.c		
106a0db68	106a0dc4b	decompiled	chunks/001/functions-000110.c	-[SCMemoriesFavoriteSnapsStoryEntryPoint _createMemoriesOperaSessionConfig]	
106a0dc4c	106a0dcd3	decompiled	chunks/001/functions-000110.c	-[SCMemoriesFavoriteSnapsStoryEntryPoint end]	
106a0dcd4	106a0dd6b	decompiled	chunks/001/functions-000110.c	-[SCMemoriesFavoriteSnapsStoryEntryPoint .cxx_destruct]	
106a0dd6c	106a0de2f	decompiled	chunks/001/functions-000110.c	-[SCMemoriesFavoriteSnapsStoryScope initWithScopeDelegate:uiContainer:dataCoordinator:]	
106a0de30	106a0de47	decompiled	chunks/001/functions-000110.c	-[SCMemoriesFavoriteSnapsStoryScope scopeDelegate]	
106a0de48	106a0de4f	decompiled	chunks/001/functions-000110.c	-[SCMemoriesFavoriteSnapsStoryScope uiContainer]	
106a0de50	106a0de57	decompiled	chunks/001/functions-000111.c	-[SCMemoriesFavoriteSnapsStoryScope dataCoordinator]	
106a0de58	106a0de8f	decompiled	chunks/001/functions-000111.c	-[SCMemoriesFavoriteSnapsStoryScope .cxx_destruct]	
106a0de90	106a0df8b	decompiled	chunks/001/functions-000111.c	-[SCMemoriesFavoriteSnapsStoryViewController initWithFavoriteSnapsStoryScopeDelegate:streamingContentPrefetcher:dataCoordinator:operaPresenter:snapThumbnailGenerator:applicationLifecycleEvents:memoriesSelectionFooterBarControllerFactory:currentPageTracker:memoriesExperimentService:memoriesMonetizationServices:]	
106a0df8c	106a0dfbf	decompiled	chunks/001/functions-000111.c	-[SCMemoriesFavoriteSnapsStoryViewController _willDismiss]	
106a0dfc0	106a0dfc3	decompiled	chunks/001/functions-000111.c	-[SCMemoriesFavoriteSnapsStoryViewController _didEndDismissing:]	
106a0dfc4	106a0e023	decompiled	chunks/001/functions-000111.c	-[SCMemoriesFavoriteSnapsStoryViewController _didCreateStory:]	
106a0e024	106a0e027	decompiled	chunks/001/functions-000111.c	-[SCMemoriesFavoriteSnapsStoryViewController _title]	
106a0e028	106a0e37f	decompiled	chunks/001/functions-000111.c	-[SCMemoriesFavoriteSnapsStoryViewController _setUpEmptyView]	
106a0e380	106a0e3ef	decompiled	chunks/001/functions-000111.c	-[SCMemoriesFavoriteSnapsStoryViewController _cleanUpEmptyView]	
106a0e3f0	106a0e433	decompiled	chunks/001/functions-000111.c	-[SCMemoriesFavoriteSnapsStoryViewController _sectionControllerConfiguration]	
106a0e434	106a0e56f	decompiled	chunks/001/functions-000111.c	-[SCMemoriesFavoriteSnapsStoryViewController memoriesCollectionViewSelectionHelperDidTapOverSelectionLimit:]	
106a0e570	106a0e57f	decompiled	chunks/001/functions-000111.c		
106a0e580	106a0e5d7	decompiled	chunks/001/functions-000111.c	-[SCMemoriesFavoriteSnapsStoryViewController sectionBasedCollectionViewUpdater:didUpdateSectionsWithAnimationFinished:]	
106a0e5d8	106a0e5df	decompiled	chunks/001/functions-000111.c	-[SCMemoriesFavoriteSnapsStoryViewController pageViewName]	
106a0e5e0	106a0e63b	decompiled	chunks/001/functions-000111.c	-[SCMemoriesFavoriteSnapsStoryViewController .cxx_destruct]	
106a0e63c	106a0e7b7	decompiled	chunks/001/functions-000111.c	-[SCMemoriesFavoriteSnapsStoryDataCoordinatorListenerAnnouncer description]	
106a0e7b8	106a0e817	decompiled	chunks/001/functions-000111.c		
106a0e818	106a0eac3	decompiled	chunks/001/functions-000111.c	-[SCMemoriesFavoriteSnapsStoryDataCoordinatorListenerAnnouncer addListener:]	
106a0eac4	106a0ec03	decompiled	chunks/001/functions-000111.c		
106a0ec04	106a0ec4b	decompiled	chunks/001/functions-000111.c		
106a0ec4c	106a0ee7b	decompiled	chunks/001/functions-000111.c	-[SCMemoriesFavoriteSnapsStoryDataCoordinatorListenerAnnouncer removeListener:]	
106a0ee7c	106a0ef8f	decompiled	chunks/001/functions-000111.c	-[SCMemoriesFavoriteSnapsStoryDataCoordinatorListenerAnnouncer memoriesFavoriteSnapsStoryDataCoordinator:didUpdateDataModels:isLoadingInitialDataModel:]	
106a0ef90	106a0efb7	decompiled	chunks/001/functions-000111.c	-[SCMemoriesFavoriteSnapsStoryDataCoordinatorListenerAnnouncer .cxx_destruct]	
106a0efb8	106a0efd7	decompiled	chunks/001/functions-000111.c	-[SCMemoriesFavoriteSnapsStoryDataCoordinatorListenerAnnouncer .cxx_construct]	
106a0efd8	106a0efeb	decompiled	chunks/001/functions-000111.c		
106a0efec	106a0f043	decompiled	chunks/001/functions-000111.c		
106a0f044	106a0f053	decompiled	chunks/001/functions-000111.c		
106a0f054	106a0f073	decompiled	chunks/001/functions-000111.c		
106a0f074	106a0f0db	decompiled	chunks/001/functions-000111.c		
106a0f0dc	106a0f0df	decompiled	chunks/001/functions-000111.c		
106a0f0e0	106a0f27f	decompiled	chunks/001/functions-000111.c	-[SCMemoriesStoryEditorDataProvider initWithPerformer:entry:storyEditorType:memoriesHighlightContentDataSource:memoriesFeaturedStoryDataMutator:memoriesMergedDataSource:memoriesEntryThumbnailGeneratorBuilder:memoriesSnapThumbnailGeneratorBuilder:memoriesExperimentService:memoriesMonetizationServices:]	
106a0f280	106a0f30f	decompiled	chunks/001/functions-000111.c	-[SCMemoriesStoryEditorDataProvider createEntryThumbnailGeneratorWithEntry:generationContext:]	
106a0f310	106a0f317	decompiled	chunks/001/functions-000111.c	-[SCMemoriesStoryEditorDataProvider dataSource]	
106a0f318	106a0f31f	decompiled	chunks/001/functions-000111.c	-[SCMemoriesStoryEditorDataProvider snapThumbnailGenerator]	
106a0f320	106a0f367	decompiled	chunks/001/functions-000111.c	-[SCMemoriesStoryEditorDataProvider .cxx_destruct]	
106a0f368	106a0f587	decompiled	chunks/001/functions-000111.c	-[SCMemoriesStoryEditorDataSource initWithWithPerformer:originalEntry:storyEditorType:memoriesHighlightContentDataSource:memoriesFeaturedStoryDataMutator:memoriesMergedDataSource:memoriesExperimentService:memoriesMonetizationServices:]	
106a0f588	106a0f5b7	decompiled	chunks/001/functions-000111.c		
106a0f5b8	106a0f63f	decompiled	chunks/001/functions-000111.c	-[SCMemoriesStoryEditorDataSource dealloc]	
106a0f640	106a0f6e7	decompiled	chunks/001/functions-000111.c	-[SCMemoriesStoryEditorDataSource markNewStoryFromSeletingSnapsSaved]	
106a0f6e8	106a0f70b	decompiled	chunks/001/functions-000111.c		
106a0f70c	106a0f7b3	decompiled	chunks/001/functions-000111.c	-[SCMemoriesStoryEditorDataSource resetUpdateStates]	
106a0f7b4	106a0f84f	decompiled	chunks/001/functions-000111.c		
106a0f850	106a0f8a7	decompiled	chunks/001/functions-000111.c	-[SCMemoriesStoryEditorDataSource cleanUp]	
106a0f8a8	106a0f8cf	decompiled	chunks/001/functions-000111.c		
106a0f8d0	106a0f8f7	decompiled	chunks/001/functions-000111.c	-[SCMemoriesStoryEditorDataSource addListener:]	
106a0f8f8	106a0f8ff	decompiled	chunks/001/functions-000111.c	-[SCMemoriesStoryEditorDataSource removeListener:]	
106a0f900	106a0f947	decompiled	chunks/001/functions-000111.c	-[SCMemoriesStoryEditorDataSource isFailedEntry]	
106a0f948	106a0f9ff	decompiled	chunks/001/functions-000111.c	-[SCMemoriesStoryEditorDataSource headerViewModel]	
106a0fa00	106a0faa7	decompiled	chunks/001/functions-000111.c	-[SCMemoriesStoryEditorDataSource _copyOriginalEntryAndObserveBothEntries]	
106a0faa8	106a0fbef	decompiled	chunks/001/functions-000111.c		
106a0fbf0	106a0fce7	decompiled	chunks/001/functions-000111.c		
106a0fce8	106a0fd7f	decompiled	chunks/001/functions-000111.c	-[SCMemoriesStoryEditorDataSource _updateEntryWithTempEntry:snaps:updateType:]	
106a0fd80	106a0fdc7	decompiled	chunks/001/functions-000111.c	-[SCMemoriesStoryEditorDataSource _isSavingFeaturedStory]	
106a0fdc8	106a0fe03	decompiled	chunks/001/functions-000111.c	-[SCMemoriesStoryEditorDataSource _unobserveOriginalEntry]	
106a0fe04	106a0ff1f	decompiled	chunks/001/functions-000111.c	-[SCMemoriesStoryEditorDataSource _observeOriginalEntry]	
106a0ff20	106a0ff77	decompiled	chunks/001/functions-000111.c		
106a0ff78	106a0ffb3	decompiled	chunks/001/functions-000111.c	-[SCMemoriesStoryEditorDataSource _unobserveEntry]	
106a0ffb4	106a100cf	decompiled	chunks/001/functions-000111.c	-[SCMemoriesStoryEditorDataSource _observeEntry]	
106a100d0	106a10247	decompiled	chunks/001/functions-000111.c		
106a10248	106a103bf	decompiled	chunks/001/functions-000111.c	-[SCMemoriesStoryEditorDataSource _updateEntry:updateType:]	
106a103c0	106a1041b	decompiled	chunks/001/functions-000111.c		
106a1041c	106a10b1b	decompiled	chunks/001/functions-000111.c	-[SCMemoriesStoryEditorDataSource _updateViewModelWithSnaps:updateType:]	
106a10b1c	106a10b87	decompiled	chunks/001/functions-000111.c		
106a10b88	106a10b97	decompiled	chunks/001/functions-000111.c		
106a10b98	106a10ba7	decompiled	chunks/001/functions-000111.c	-[SCMemoriesStoryEditorDataSource _isStoriesTabEmptyStateFlow]	
106a10ba8	106a10bab	decompiled	chunks/001/functions-000111.c	-[SCMemoriesStoryEditorDataSource isSavingFeaturedStory:]	
106a10bac	106a10cb3	decompiled	chunks/001/functions-000111.c	-[SCMemoriesStoryEditorDataSource didSaveFeaturedStory:savedStory:]	
106a10cb4	106a10d03	decompiled	chunks/001/functions-000111.c		
106a10d04	106a10ddb	decompiled	chunks/001/functions-000111.c	-[SCMemoriesStoryEditorDataSource didUpdateTitleForPlaceholderEntry:]	
106a10ddc	106a10e1b	decompiled	chunks/001/functions-000111.c		
106a10e1c	106a10f07	decompiled	chunks/001/functions-000111.c	-[SCMemoriesStoryEditorDataSource didCreateStoryForPlaceholderEntry:newEntry:]	
106a10f08	106a10fbf	decompiled	chunks/001/functions-000111.c		
106a10fc0	106a10fc7	decompiled	chunks/001/functions-000111.c	-[SCMemoriesStoryEditorDataSource entry]	
106a10fc8	106a10fcf	decompiled	chunks/001/functions-000111.c	-[SCMemoriesStoryEditorDataSource originalEntry]	
106a10fd0	106a10fd7	decompiled	chunks/001/functions-000111.c	-[SCMemoriesStoryEditorDataSource viewModel]	
106a10fd8	106a10fdf	decompiled	chunks/001/functions-000111.c	-[SCMemoriesStoryEditorDataSource hasUnsavedEdits]	
106a10fe0	106a10fe7	decompiled	chunks/001/functions-000111.c	-[SCMemoriesStoryEditorDataSource isNewStoryFromSeletingSnapsSaved]	
106a10fe8	106a10fef	decompiled	chunks/001/functions-000111.c	-[SCMemoriesStoryEditorDataSource storyEditorType]	
106a10ff0	106a110bb	decompiled	chunks/001/functions-000111.c	-[SCMemoriesStoryEditorDataSource .cxx_destruct]	
106a110bc	106a11173	decompiled	chunks/001/functions-000111.c	-[SCMemoriesStoryEditorLogger initWithLogger:performer:]	
106a11174	106a112ff	decompiled	chunks/001/functions-000111.c	-[SCMemoriesStoryEditorLogger logBlizzardStoryOperationEventForEntryId:count:operationType:]	
106a11300	106a11337	decompiled	chunks/001/functions-000111.c	-[SCMemoriesStoryEditorLogger .cxx_destruct]	
106a11338	106a11467	decompiled	chunks/001/functions-000111.c	-[SCMemoriesDummySnapCellViewModel initWithAddSnapsViewModel:]	
106a11468	106a11477	decompiled	chunks/001/functions-000111.c	-[SCMemoriesDummySnapCellViewModel addSnapsCellViewModel]	
106a11478	106a1148b	decompiled	chunks/001/functions-000111.c	-[SCMemoriesDummySnapCellViewModel .cxx_destruct]	
106a1148c	106a11b33	decompiled	chunks/001/functions-000111.c	-[SCMemoriesStoryEditorAddSnapCell initWithFrame:]	
106a11b34	106a11c87	decompiled	chunks/001/functions-000111.c	-[SCMemoriesStoryEditorAddSnapCell setViewModel:]	
106a11c88	106a11c8b	decompiled	chunks/001/functions-000111.c	-[SCMemoriesStoryEditorAddSnapCell setSelected:selectOverlayImage:snapIds:]	
106a11c8c	106a11c8f	decompiled	chunks/001/functions-000111.c	-[SCMemoriesStoryEditorAddSnapCell setSelectMode:]	
106a11c90	106a11c93	decompiled	chunks/001/functions-000111.c	-[SCMemoriesStoryEditorAddSnapCell setSelectionOrderNumber:orderNumbersBySnapId:]	
106a11c94	106a11d53	decompiled	chunks/001/functions-000111.c	-[SCMemoriesStoryEditorAddSnapCell animateLongTapForTouchLocation:reverse:]	
106a11d54	106a11dff	decompiled	chunks/001/functions-000111.c		
106a11e00	106a11e07	decompiled	chunks/001/functions-000111.c	-[SCMemoriesStoryEditorAddSnapCell interactionMode]	
106a11e08	106a11e17	decompiled	chunks/001/functions-000111.c	-[SCMemoriesStoryEditorAddSnapCell disableMode]	
106a11e18	106a11e27	decompiled	chunks/001/functions-000111.c	-[SCMemoriesStoryEditorAddSnapCell setDisableMode:]	
106a11e28	106a11e37	decompiled	chunks/001/functions-000111.c	-[SCMemoriesStoryEditorAddSnapCell viewModel]	
106a11e38	106a11e87	decompiled	chunks/001/functions-000111.c	-[SCMemoriesStoryEditorAddSnapCell .cxx_destruct]	
106a11e88	106a11ffb	decompiled	chunks/001/functions-000111.c	-[SCMemoriesStoryEditorHeaderTextField intrinsicContentSize]	
106a11ffc	106a1303f	decompiled	chunks/001/functions-000111.c	-[SCMemoriesStoryEditorHeaderCell initWithFrame:]	
106a13040	106a1308f	decompiled	chunks/001/functions-000111.c	-[SCMemoriesStoryEditorHeaderCell dealloc]	
106a13090	106a13113	decompiled	chunks/001/functions-000112.c	-[SCMemoriesStoryEditorHeaderCell prepareForReuse]	
106a13114	106a131af	decompiled	chunks/001/functions-000112.c	-[SCMemoriesStoryEditorHeaderCell _saveButton]	
106a131b0	106a131f3	decompiled	chunks/001/functions-000112.c	-[SCMemoriesStoryEditorHeaderCell _loadingView]	
106a131f4	106a13313	decompiled	chunks/001/functions-000112.c	-[SCMemoriesStoryEditorHeaderCell setViewModel:thumbnailGenerator:]	
106a13314	106a133a7	decompiled	chunks/001/functions-000112.c	-[SCMemoriesStoryEditorHeaderCell focusOnStoryNameTextFieldIfNeeded]	
106a133a8	106a13703	decompiled	chunks/001/functions-000112.c	-[SCMemoriesStoryEditorHeaderCell _updateTrailingView:]	
106a13704	106a1373f	decompiled	chunks/001/functions-000112.c	-[SCMemoriesStoryEditorHeaderCell _saveButtonTapped]	
106a13740	106a13743	decompiled	chunks/001/functions-000112.c	-[SCMemoriesStoryEditorHeaderCell thumbnailGenerator:didUpdateSnapThumbnailWithImage:snap:duration:]	
106a13744	106a1374b	decompiled	chunks/001/functions-000112.c	-[SCMemoriesStoryEditorHeaderCell thumbnailGenerator:didUpdateStoryThumbnailWithImage:snap:latestSnaps:duration:]	
106a1374c	106a13753	decompiled	chunks/001/functions-000112.c	-[SCMemoriesStoryEditorHeaderCell thumbnailGenerator:didFailToUpdateStoryThumbnailForSnap:]	
106a13754	106a13837	decompiled	chunks/001/functions-000112.c	-[SCMemoriesStoryEditorHeaderCell _setStoryThumbnailImage:]	
106a13838	106a1384b	decompiled	chunks/001/functions-000112.c		
106a1384c	106a138af	decompiled	chunks/001/functions-000112.c	-[SCMemoriesStoryEditorHeaderCell thumbnailGenerator:didLoadMiniThumbnail:snap:duration:]	
106a138b0	106a138b3	decompiled	chunks/001/functions-000112.c	-[SCMemoriesStoryEditorHeaderCell setHighlighted:]	
106a138b4	106a138b7	decompiled	chunks/001/functions-000112.c	-[SCMemoriesStoryEditorHeaderCell setSelected:selectOverlayImage:snapIds:]	
106a138b8	106a138bb	decompiled	chunks/001/functions-000112.c	-[SCMemoriesStoryEditorHeaderCell setSelectMode:]	
106a138bc	106a138bf	decompiled	chunks/001/functions-000112.c	-[SCMemoriesStoryEditorHeaderCell setSelectionOrderNumber:orderNumbersBySnapId:]	
106a138c0	106a1398f	decompiled	chunks/001/functions-000112.c	-[SCMemoriesStoryEditorHeaderCell animateLongTapForTouchLocation:reverse:]	
106a13990	106a13a0f	decompiled	chunks/001/functions-000112.c		
106a13a10	106a13a17	decompiled	chunks/001/functions-000112.c	-[SCMemoriesStoryEditorHeaderCell interactionMode]	
106a13a18	106a13a27	decompiled	chunks/001/functions-000112.c	-[SCMemoriesStoryEditorHeaderCell transitioningPosterFrame]	
106a13a28	106a13a37	decompiled	chunks/001/functions-000112.c	-[SCMemoriesStoryEditorHeaderCell transitioningImage]	
106a13a38	106a13a67	decompiled	chunks/001/functions-000112.c	-[SCMemoriesStoryEditorHeaderCell transitioningExpandingView]	
106a13a68	106a13a77	decompiled	chunks/001/functions-000112.c	-[SCMemoriesStoryEditorHeaderCell setTransitioningInitialImage:]	
106a13a78	106a13b9b	decompiled	chunks/001/functions-000112.c	-[SCMemoriesStoryEditorHeaderCell textField:shouldChangeCharactersInRange:replacementString:]	
106a13b9c	106a13bd3	decompiled	chunks/001/functions-000112.c	-[SCMemoriesStoryEditorHeaderCell textFieldDidBeginEditing:]	
106a13bd4	106a13cab	decompiled	chunks/001/functions-000112.c	-[SCMemoriesStoryEditorHeaderCell textFieldDidEndEditing:]	
106a13cac	106a13cc7	decompiled	chunks/001/functions-000112.c	-[SCMemoriesStoryEditorHeaderCell textFieldShouldReturn:]	
106a13cc8	106a13d57	decompiled	chunks/001/functions-000112.c	-[SCMemoriesStoryEditorHeaderCell _textFieldDidChange:]	
106a13d58	106a13d5f	decompiled	chunks/001/functions-000112.c		
106a13d60	106a13d83	decompiled	chunks/001/functions-000112.c	-[SCMemoriesStoryEditorHeaderCell textDroppableView:proposalForDrop:]	
106a13d84	106a13d93	decompiled	chunks/001/functions-000112.c	-[SCMemoriesStoryEditorHeaderCell disableMode]	
106a13d94	106a13da3	decompiled	chunks/001/functions-000112.c	-[SCMemoriesStoryEditorHeaderCell setDisableMode:]	
106a13da4	106a13dc3	decompiled	chunks/001/functions-000112.c	-[SCMemoriesStoryEditorHeaderCell delegate]	
106a13dc4	106a13dd7	decompiled	chunks/001/functions-000112.c	-[SCMemoriesStoryEditorHeaderCell setDelegate:]	
106a13dd8	106a13e63	decompiled	chunks/001/functions-000112.c	-[SCMemoriesStoryEditorHeaderCell .cxx_destruct]	
106a13e64	106a1419b	decompiled	chunks/001/functions-000112.c	-[SCMemoriesStoryEditorSectionHeader initWithFrame:]	
106a1419c	106a141af	decompiled	chunks/001/functions-000112.c	-[SCMemoriesStoryEditorSectionHeader .cxx_destruct]	
106a141b0	106a146ef	decompiled	chunks/001/functions-000112.c	-[SCMemoriesStoryEditorSnapCell initWithFrame:]	
106a146f0	106a14743	decompiled	chunks/001/functions-000112.c	-[SCMemoriesStoryEditorSnapCell prepareForReuse]	
106a14744	106a14923	decompiled	chunks/001/functions-000112.c	-[SCMemoriesStoryEditorSnapCell setViewModel:thumbnailGenerator:memoriesStreamingManager:memoriesExperimentService:memoriesMonetizationEnabled:]	
106a14924	106a1498b	decompiled	chunks/001/functions-000112.c	-[SCMemoriesStoryEditorSnapCell _deleteTapped]	
106a1498c	106a14993	decompiled	chunks/001/functions-000112.c	-[SCMemoriesStoryEditorSnapCell interactionMode]	
106a14994	106a149b3	decompiled	chunks/001/functions-000112.c	-[SCMemoriesStoryEditorSnapCell storyEditorCellDelegate]	
106a149b4	106a149c7	decompiled	chunks/001/functions-000112.c	-[SCMemoriesStoryEditorSnapCell setStoryEditorCellDelegate:]	
106a149c8	106a14a13	decompiled	chunks/001/functions-000112.c	-[SCMemoriesStoryEditorSnapCell .cxx_destruct]	
106a14a14	106a14ebf	decompiled	chunks/001/functions-000112.c	-[SCMemoriesStoryEditorViewController initWithWithLogger:dataProvider:actionHandler:storyEditorDelegate:pageTracker:memoriesStreamingManager:circumstanceEngine:applicationLifecycleEvents:memoriesExperimentService:storageQuotaManager:]	
106a14ec0	106a14eeb	decompiled	chunks/001/functions-000112.c		
106a14eec	106a14f57	decompiled	chunks/001/functions-000112.c	-[SCMemoriesStoryEditorViewController dealloc]	
106a14f58	106a153db	decompiled	chunks/001/functions-000112.c	-[SCMemoriesStoryEditorViewController viewDidLoad]	
106a153dc	106a15477	decompiled	chunks/001/functions-000112.c	-[SCMemoriesStoryEditorViewController viewDidAppear:]	
106a15478	106a154d3	decompiled	chunks/001/functions-000112.c	-[SCMemoriesStoryEditorViewController _pageHeight]	
106a154d4	106a154e7	decompiled	chunks/001/functions-000112.c	-[SCMemoriesStoryEditorViewController _keyboardWillShow:]	
106a154e8	106a154f7	decompiled	chunks/001/functions-000112.c	-[SCMemoriesStoryEditorViewController _keyboardDidHide:]	
106a154f8	106a155c3	decompiled	chunks/001/functions-000112.c	-[SCMemoriesStoryEditorViewController _willDismiss]	
106a155c4	106a155fb	decompiled	chunks/001/functions-000112.c		
106a155fc	106a158a7	decompiled	chunks/001/functions-000112.c	-[SCMemoriesStoryEditorViewController _updatedActionModel:snapIdMap:]	
106a158a8	106a159e3	decompiled	chunks/001/functions-000112.c	-[SCMemoriesStoryEditorViewController _transitionSaveButtonToState:]	
106a159e4	106a159fb	decompiled	chunks/001/functions-000112.c		
106a159fc	106a15a57	decompiled	chunks/001/functions-000112.c		
106a15a58	106a15a8b	decompiled	chunks/001/functions-000112.c	-[SCMemoriesStoryEditorViewController _handleTap:]	
106a15a8c	106a15b37	decompiled	chunks/001/functions-000112.c	-[SCMemoriesStoryEditorViewController _applicationDidEnterBackground]	
106a15b38	106a15b67	decompiled	chunks/001/functions-000112.c	-[SCMemoriesStoryEditorViewController _dismiss:]	
106a15b68	106a15bcb	decompiled	chunks/001/functions-000112.c	-[SCMemoriesStoryEditorViewController _dismissPresentedViewControllerIfNeeded]	
106a15bcc	106a15f1b	decompiled	chunks/001/functions-000112.c	-[SCMemoriesStoryEditorViewController _displaySaveAlertIfNeeded:]	
106a15f1c	106a16067	decompiled	chunks/001/functions-000112.c		
106a16068	106a160eb	decompiled	chunks/001/functions-000112.c		
106a160ec	106a160ff	decompiled	chunks/001/functions-000112.c		
106a16100	106a162cb	decompiled	chunks/001/functions-000112.c		
106a162cc	106a162db	decompiled	chunks/001/functions-000112.c		
106a162dc	106a1634f	decompiled	chunks/001/functions-000112.c		
106a16350	106a1636f	decompiled	chunks/001/functions-000112.c		
106a16370	106a164d7	decompiled	chunks/001/functions-000112.c	-[SCMemoriesStoryEditorViewController _saveEdits:]	
106a164d8	106a16553	decompiled	chunks/001/functions-000112.c		
106a16554	106a165ef	decompiled	chunks/001/functions-000112.c	-[SCMemoriesStoryEditorViewController _finishedSavingTemporaryEntry]	
106a165f0	106a166f7	decompiled	chunks/001/functions-000112.c	-[SCMemoriesStoryEditorViewController _blockAllUserInteractions:]	
106a166f8	106a167cf	decompiled	chunks/001/functions-000112.c	-[SCMemoriesStoryEditorViewController _saveEditsTapped]	
106a167d0	106a1688f	decompiled	chunks/001/functions-000112.c	-[SCMemoriesStoryEditorViewController _moreTapped]	
106a16890	106a1698b	decompiled	chunks/001/functions-000112.c	-[SCMemoriesStoryEditorViewController _operaPresenterScrollToSnapId:]	
106a1698c	106a16b73	decompiled	chunks/001/functions-000112.c	-[SCMemoriesStoryEditorViewController _operaPresenterScrollToIndexPathIfNeeded:snapId:]	
106a16b74	106a16c0f	decompiled	chunks/001/functions-000112.c	-[SCMemoriesStoryEditorViewController _cellViewModelForIndexPath:]	
106a16c10	106a16c6f	decompiled	chunks/001/functions-000112.c	-[SCMemoriesStoryEditorViewController _sourceViewOfOperaPresentingIndex]	
106a16c70	106a16def	decompiled	chunks/001/functions-000112.c	-[SCMemoriesStoryEditorViewController _getSnapCellViewModelsWithSectionCellViewModels:]	
106a16df0	106a16dff	decompiled	chunks/001/functions-000112.c		
106a16e00	106a16f43	decompiled	chunks/001/functions-000112.c	-[SCMemoriesStoryEditorViewController _getSnapSectionCellViewModelsWithCellViewModels:]	
106a16f44	106a16f4b	decompiled	chunks/001/functions-000112.c	-[SCMemoriesStoryEditorViewController pageViewName]	
106a16f4c	106a16feb	decompiled	chunks/001/functions-000112.c	-[SCMemoriesStoryEditorViewController _cellSize]	
106a16fec	106a17043	decompiled	chunks/001/functions-000112.c	-[SCMemoriesStoryEditorViewController _headerSize]	
106a17044	106a1732b	decompiled	chunks/001/functions-000112.c	-[SCMemoriesStoryEditorViewController loadScrollView]	
106a1732c	106a1741b	decompiled	chunks/001/functions-000112.c	-[SCMemoriesStoryEditorViewController didSelectDismissalActionWithHeaderItem:]	
106a1741c	106a17433	decompiled	chunks/001/functions-000112.c		
106a17434	106a1749b	decompiled	chunks/001/functions-000112.c		
106a1749c	106a17587	decompiled	chunks/001/functions-000112.c	-[SCMemoriesStoryEditorViewController cardTransitionShouldBeginWithView:touchLocation:]	
106a17588	106a175ff	decompiled	chunks/001/functions-000112.c	-[SCMemoriesStoryEditorViewController cardTransitionEndedWithView:transitionType:]	
106a17600	106a17657	decompiled	chunks/001/functions-000112.c	-[SCMemoriesStoryEditorViewController _isDragAndDropEnabledForIndexPath:]	
106a17658	106a1765f	decompiled	chunks/001/functions-000112.c	-[SCMemoriesStoryEditorViewController numberOfSectionsInCollectionView:]	
106a17660	106a1767b	decompiled	chunks/001/functions-000112.c	-[SCMemoriesStoryEditorViewController collectionView:numberOfItemsInSection:]	
106a1767c	106a17a4f	decompiled	chunks/001/functions-000112.c	-[SCMemoriesStoryEditorViewController collectionView:cellForItemAtIndexPath:]	
106a17a50	106a17b2b	decompiled	chunks/001/functions-000112.c	-[SCMemoriesStoryEditorViewController collectionView:viewForSupplementaryElementOfKind:atIndexPath:]	
106a17b2c	106a17b47	decompiled	chunks/001/functions-000112.c	-[SCMemoriesStoryEditorViewController collectionView:layout:referenceSizeForHeaderInSection:]	
106a17b48	106a17bd3	decompiled	chunks/001/functions-000113.c	-[SCMemoriesStoryEditorViewController collectionView:layout:sizeForItemAtIndexPath:]	
106a17bd4	106a17d1b	decompiled	chunks/001/functions-000113.c	-[SCMemoriesStoryEditorViewController collectionView:itemsForBeginningDragSession:atIndexPath:]	
106a17d1c	106a17e23	decompiled	chunks/001/functions-000113.c	-[SCMemoriesStoryEditorViewController collectionView:performDropWithCoordinator:]	
106a17e24	106a17ebf	decompiled	chunks/001/functions-000113.c	-[SCMemoriesStoryEditorViewController collectionView:dropSessionDidUpdate:withDestinationIndexPath:]	
106a17ec0	106a1807b	decompiled	chunks/001/functions-000113.c	-[SCMemoriesStoryEditorViewController _reorderItems:destinationIndexPath:collectionView:]	
106a1807c	106a1820f	decompiled	chunks/001/functions-000113.c		
106a18210	106a182f7	decompiled	chunks/001/functions-000113.c		
106a182f8	106a183ab	decompiled	chunks/001/functions-000113.c		
106a183ac	106a18423	decompiled	chunks/001/functions-000113.c	-[SCMemoriesStoryEditorViewController memoriesCollectionViewSelectionHelper:galleryItemAtIndexPath:]	
106a18424	106a18427	decompiled	chunks/001/functions-000113.c	-[SCMemoriesStoryEditorViewController memoriesCollectionViewSelectionHelper:handleLongPress:itemAtIndexPath:]	
106a18428	106a1842f	decompiled	chunks/001/functions-000113.c	-[SCMemoriesStoryEditorViewController memoriesCollectionViewIsFullyVisible:]	
106a18430	106a18437	decompiled	chunks/001/functions-000113.c	-[SCMemoriesStoryEditorViewController memoriesCollectionViewSelectionHelper:overrideTapHandlingAtIndexPath:]	
106a18438	106a1843f	decompiled	chunks/001/functions-000113.c	-[SCMemoriesStoryEditorViewController memoriesCollectionViewSelectionHelper:shouldChangeSelectedAtIndexPath:]	
106a18440	106a18443	decompiled	chunks/001/functions-000113.c	-[SCMemoriesStoryEditorViewController memoriesCollectionViewSelectionHelper:didChangeSelected:forItem:]	
106a18444	106a187e7	decompiled	chunks/001/functions-000113.c	-[SCMemoriesStoryEditorViewController memoriesCollectionViewSelectionHelper:didTapItemAtIndexPath:]	
106a187e8	106a1888b	decompiled	chunks/001/functions-000113.c	-[SCMemoriesStoryEditorViewController _updateOperaGroupsIfNeeded]	
106a1888c	106a18c17	decompiled	chunks/001/functions-000113.c	-[SCMemoriesStoryEditorViewController _operaGroups]	
106a18c18	106a18f37	decompiled	chunks/001/functions-000113.c	-[SCMemoriesStoryEditorViewController _operaSingleGroup]	
106a18f38	106a190ab	decompiled	chunks/001/functions-000113.c	-[SCMemoriesStoryEditorViewController _operaTitle]	
106a190ac	106a19293	decompiled	chunks/001/functions-000113.c	-[SCMemoriesStoryEditorViewController _operaSnapEntryInfo]	
106a19294	106a1930b	decompiled	chunks/001/functions-000113.c	-[SCMemoriesStoryEditorViewController operaPresenterWillOpenViewWithOperaItem:]	
106a1930c	106a1934b	decompiled	chunks/001/functions-000113.c		
106a1934c	106a19353	decompiled	chunks/001/functions-000113.c		
106a19354	106a193b3	decompiled	chunks/001/functions-000113.c	-[SCMemoriesStoryEditorViewController operaPresenterDidOpenView]	
106a193b4	106a193d7	decompiled	chunks/001/functions-000113.c	-[SCMemoriesStoryEditorViewController operaPresenterDidDismiss]	
106a193d8	106a193db	decompiled	chunks/001/functions-000113.c	-[SCMemoriesStoryEditorViewController operaPresenterDidPresent]	
106a193dc	106a193f7	decompiled	chunks/001/functions-000113.c	-[SCMemoriesStoryEditorViewController operaPresenterOverrideTransitionMode]	
106a193f8	106a194c3	decompiled	chunks/001/functions-000113.c	-[SCMemoriesStoryEditorViewController _actionModel]	
106a194c4	106a1960f	decompiled	chunks/001/functions-000113.c	-[SCMemoriesStoryEditorViewController _allSnaps]	
106a19610	106a196f3	decompiled	chunks/001/functions-000113.c	-[SCMemoriesStoryEditorViewController _actionModelWithAllSnaps]	
106a196f4	106a197fb	decompiled	chunks/001/functions-000113.c	-[SCMemoriesStoryEditorViewController _actionModelFromViewModel:]	
106a197fc	106a1984b	decompiled	chunks/001/functions-000113.c	-[SCMemoriesStoryEditorViewController storyEditorSnapCell:didTapDelete:]	
106a1984c	106a199b7	decompiled	chunks/001/functions-000113.c	-[SCMemoriesStoryEditorViewController storyEditorHeaderCellDidTapSave:]	
106a199b8	106a19a5b	decompiled	chunks/001/functions-000113.c		
106a19a5c	106a19bff	decompiled	chunks/001/functions-000113.c	-[SCMemoriesStoryEditorViewController storyEditorHeaderCell:didEditStoryTitle:]	
106a19c00	106a19cb3	decompiled	chunks/001/functions-000113.c		
106a19cb4	106a19cfb	decompiled	chunks/001/functions-000113.c	-[SCMemoriesStoryEditorViewController gestureRecognizerShouldBegin:]	
106a19cfc	106a19d9f	decompiled	chunks/001/functions-000113.c	-[SCMemoriesStoryEditorViewController memoriesStoryEditorDataSource:didUpdateViewModel:updateType:]	
106a19da0	106a19e97	decompiled	chunks/001/functions-000113.c	-[SCMemoriesStoryEditorViewController memoriesStoryEditorDataSourceDidDeleteStory:]	
106a19e98	106a19ecf	decompiled	chunks/001/functions-000113.c		
106a19ed0	106a1a0d3	decompiled	chunks/001/functions-000113.c	-[SCMemoriesStoryEditorViewController _reloadCollectionViewWithViewModels:updateType:]	
106a1a0d4	106a1a207	decompiled	chunks/001/functions-000113.c		
106a1a208	106a1a2f3	decompiled	chunks/001/functions-000113.c		
106a1a2f4	106a1a36b	decompiled	chunks/001/functions-000113.c		
106a1a36c	106a1a52b	decompiled	chunks/001/functions-000113.c	-[SCMemoriesStoryEditorViewController _promoteUserToNameStory]	
106a1a52c	106a1a533	decompiled	chunks/001/functions-000113.c		
106a1a534	106a1a5c7	decompiled	chunks/001/functions-000113.c	-[SCMemoriesStoryEditorViewController _scrollToIndex:]	
106a1a5c8	106a1a933	decompiled	chunks/001/functions-000113.c	-[SCMemoriesStoryEditorViewController _logBlizzardSnapsAddingOrDeletingWithOldCellViewModels:newCellViewModels:]	
106a1a934	106a1aa5f	decompiled	chunks/001/functions-000113.c	-[SCMemoriesStoryEditorViewController .cxx_destruct]	
106a1aa60	106a1b08f	decompiled	chunks/001/functions-000113.c	+[SCMemoriesStoryEditorDiffUtils indexPathChangeWithOldViewModel:newViewModel:]	
106a1b090	106a1b0a7	decompiled	chunks/001/functions-000113.c		
106a1b0a8	106a1b0df	decompiled	chunks/001/functions-000113.c		
106a1b0e0	106a1b0e3	decompiled	chunks/001/functions-000113.c		
106a1b0e4	106a1b11b	decompiled	chunks/001/functions-000113.c		
106a1b11c	106a1b11f	decompiled	chunks/001/functions-000113.c		
106a1b120	106a1b207	decompiled	chunks/001/functions-000113.c		
106a1b208	106a1b2db	decompiled	chunks/001/functions-000113.c		
106a1b2dc	106a1b617	decompiled	chunks/001/functions-000113.c	+[SCMemoriesStoryEditorDiffUtils entryChangeWithOriginalEntry:copiedEntry:memoriesMergedDataSource:completionQueue:completionBlock:]	
106a1b618	106a1b6cf	decompiled	chunks/001/functions-000113.c		
106a1b6d0	106a1bde3	decompiled	chunks/001/functions-000113.c		
106a1bde4	106a1be5b	decompiled	chunks/001/functions-000113.c		
106a1be5c	106a1c11b	decompiled	chunks/001/functions-000113.c		
106a1c11c	106a1c3c7	decompiled	chunks/001/functions-000113.c	-[SCMemoriesStoryEditorDataSourceListenerAnnouncer addListener:]	
106a1c3c8	106a1c507	decompiled	chunks/001/functions-000113.c		
106a1c508	106a1c54f	decompiled	chunks/001/functions-000113.c		
106a1c550	106a1c77f	decompiled	chunks/001/functions-000113.c	-[SCMemoriesStoryEditorDataSourceListenerAnnouncer removeListener:]	
106a1c780	106a1c893	decompiled	chunks/001/functions-000113.c	-[SCMemoriesStoryEditorDataSourceListenerAnnouncer memoriesStoryEditorDataSource:didUpdateViewModel:updateType:]	
106a1c894	106a1c8f3	decompiled	chunks/001/functions-000113.c		
106a1c8f4	106a1c9d7	decompiled	chunks/001/functions-000113.c	-[SCMemoriesStoryEditorDataSourceListenerAnnouncer memoriesStoryEditorDataSourceDidDeleteStory:]	
106a1c9d8	106a1c9ff	decompiled	chunks/001/functions-000113.c	-[SCMemoriesStoryEditorDataSourceListenerAnnouncer .cxx_destruct]	
106a1ca00	106a1ca1f	decompiled	chunks/001/functions-000113.c	-[SCMemoriesStoryEditorDataSourceListenerAnnouncer .cxx_construct]	
106a1ca20	106a1ca33	decompiled	chunks/001/functions-000113.c		
106a1ca34	106a1ca43	decompiled	chunks/001/functions-000113.c		
106a1ca44	106a1ca63	decompiled	chunks/001/functions-000113.c		
106a1ca64	106a1cacb	decompiled	chunks/001/functions-000113.c		
106a1cacc	106a1cacf	decompiled	chunks/001/functions-000113.c		
106a1cad0	106a1cb27	decompiled	chunks/001/functions-000113.c		
106a1cb28	106a1cc2b	decompiled	chunks/001/functions-000113.c	-[SCMemoriesStoryEditorActionModel initWithEntry:originalEntry:snaps:storyTitle:]	
106a1cc2c	106a1cc4f	decompiled	chunks/001/functions-000113.c	-[SCMemoriesStoryEditorActionModel copyWithZone:]	
106a1cc50	106a1ccdb	decompiled	chunks/001/functions-000113.c	-[SCMemoriesStoryEditorActionModel hash]	
106a1ccdc	106a1cdb3	decompiled	chunks/001/functions-000113.c	-[SCMemoriesStoryEditorActionModel isEqual:]	
106a1cdb4	106a1cdbb	decompiled	chunks/001/functions-000113.c	-[SCMemoriesStoryEditorActionModel entry]	
106a1cdbc	106a1cdc3	decompiled	chunks/001/functions-000113.c	-[SCMemoriesStoryEditorActionModel originalEntry]	
106a1cdc4	106a1cdcb	decompiled	chunks/001/functions-000113.c	-[SCMemoriesStoryEditorActionModel snaps]	
106a1cdcc	106a1cdd3	decompiled	chunks/001/functions-000113.c	-[SCMemoriesStoryEditorActionModel storyTitle]	
106a1cdd4	106a1ce1b	decompiled	chunks/001/functions-000113.c	-[SCMemoriesStoryEditorActionModel .cxx_destruct]	
106a1ce1c	106a1cef3	decompiled	chunks/001/functions-000113.c	-[SCMemoriesStoryEditorAddSnapsCellViewModel initWithBackgroundColor:iconImage:titleColor:]	
106a1cef4	106a1cefb	decompiled	chunks/001/functions-000113.c	-[SCMemoriesStoryEditorAddSnapsCellViewModel backgroundColor]	
106a1cefc	106a1cf03	decompiled	chunks/001/functions-000113.c	-[SCMemoriesStoryEditorAddSnapsCellViewModel iconImage]	
106a1cf04	106a1cf0b	decompiled	chunks/001/functions-000113.c	-[SCMemoriesStoryEditorAddSnapsCellViewModel titleColor]	
106a1cf0c	106a1cf47	decompiled	chunks/001/functions-000113.c	-[SCMemoriesStoryEditorAddSnapsCellViewModel .cxx_destruct]	
106a1cf48	106a1d00b	decompiled	chunks/001/functions-000113.c	-[SCMemoriesStoryEditorHeaderViewModel initWithTitle:subtitle:isSaveable:isSaving:]	
106a1d00c	106a1d02f	decompiled	chunks/001/functions-000113.c	-[SCMemoriesStoryEditorHeaderViewModel copyWithZone:]	
106a1d030	106a1d0af	decompiled	chunks/001/functions-000113.c	-[SCMemoriesStoryEditorHeaderViewModel hash]	
106a1d0b0	106a1d177	decompiled	chunks/001/functions-000113.c	-[SCMemoriesStoryEditorHeaderViewModel isEqual:]	
106a1d178	106a1d17f	decompiled	chunks/001/functions-000113.c	-[SCMemoriesStoryEditorHeaderViewModel title]	
106a1d180	106a1d187	decompiled	chunks/001/functions-000113.c	-[SCMemoriesStoryEditorHeaderViewModel subtitle]	
106a1d188	106a1d18f	decompiled	chunks/001/functions-000113.c	-[SCMemoriesStoryEditorHeaderViewModel isSaveable]	
106a1d190	106a1d197	decompiled	chunks/001/functions-000113.c	-[SCMemoriesStoryEditorHeaderViewModel isSaving]	
106a1d198	106a1d1c7	decompiled	chunks/001/functions-000113.c	-[SCMemoriesStoryEditorHeaderViewModel .cxx_destruct]	
106a1d1c8	106a1d2d3	decompiled	chunks/001/functions-000114.c	-[SCMemoriesStoryEditorIndexPathChangeResult initWithInsertedIndexPaths:deletedIndexPaths:movedFromIndexPaths:movedToIndexPaths:]	
106a1d2d4	106a1d2f7	decompiled	chunks/001/functions-000114.c	-[SCMemoriesStoryEditorIndexPathChangeResult copyWithZone:]	
106a1d2f8	106a1d383	decompiled	chunks/001/functions-000114.c	-[SCMemoriesStoryEditorIndexPathChangeResult hash]	
106a1d384	106a1d45b	decompiled	chunks/001/functions-000114.c	-[SCMemoriesStoryEditorIndexPathChangeResult isEqual:]	
106a1d45c	106a1d463	decompiled	chunks/001/functions-000114.c	-[SCMemoriesStoryEditorIndexPathChangeResult insertedIndexPaths]	
106a1d464	106a1d46b	decompiled	chunks/001/functions-000114.c	-[SCMemoriesStoryEditorIndexPathChangeResult deletedIndexPaths]	
106a1d46c	106a1d473	decompiled	chunks/001/functions-000114.c	-[SCMemoriesStoryEditorIndexPathChangeResult movedFromIndexPaths]	
106a1d474	106a1d47b	decompiled	chunks/001/functions-000114.c	-[SCMemoriesStoryEditorIndexPathChangeResult movedToIndexPaths]	
106a1d47c	106a1d4c3	decompiled	chunks/001/functions-000114.c	-[SCMemoriesStoryEditorIndexPathChangeResult .cxx_destruct]	
106a1d4c4	106a1d5cf	decompiled	chunks/001/functions-000114.c	-[SCMemoriesStoryEditorEntryChangeResult initWithTitle:snapsOrder:deletedSnaps:insertedSnaps:]	
106a1d5d0	106a1d5f3	decompiled	chunks/001/functions-000114.c	-[SCMemoriesStoryEditorEntryChangeResult copyWithZone:]	
106a1d5f4	106a1d67f	decompiled	chunks/001/functions-000114.c	-[SCMemoriesStoryEditorEntryChangeResult hash]	
106a1d680	106a1d757	decompiled	chunks/001/functions-000114.c	-[SCMemoriesStoryEditorEntryChangeResult isEqual:]	
106a1d758	106a1d75f	decompiled	chunks/001/functions-000114.c	-[SCMemoriesStoryEditorEntryChangeResult title]	
106a1d760	106a1d767	decompiled	chunks/001/functions-000114.c	-[SCMemoriesStoryEditorEntryChangeResult snapsOrder]	
106a1d768	106a1d76f	decompiled	chunks/001/functions-000114.c	-[SCMemoriesStoryEditorEntryChangeResult deletedSnaps]	
106a1d770	106a1d777	decompiled	chunks/001/functions-000114.c	-[SCMemoriesStoryEditorEntryChangeResult insertedSnaps]	
106a1d778	106a1d7bf	decompiled	chunks/001/functions-000114.c	-[SCMemoriesStoryEditorEntryChangeResult .cxx_destruct]	
106a1d7c0	106a1d893	decompiled	chunks/001/functions-000114.c	-[SCMemoriesStoryEditorScope initWithEntry:storyEditorType:storyEditorDelegate:uiContainer:]	
106a1d894	106a1d89b	decompiled	chunks/001/functions-000114.c	-[SCMemoriesStoryEditorScope entry]	
106a1d89c	106a1d8b3	decompiled	chunks/001/functions-000114.c	-[SCMemoriesStoryEditorScope storyEditorDelegate]	
106a1d8b4	106a1d8bb	decompiled	chunks/001/functions-000114.c	-[SCMemoriesStoryEditorScope uiContainer]	
106a1d8bc	106a1d8c3	decompiled	chunks/001/functions-000114.c	-[SCMemoriesStoryEditorScope storyEditorType]	
106a1d8c4	106a1d8fb	decompiled	chunks/001/functions-000114.c	-[SCMemoriesStoryEditorScope .cxx_destruct]	
106a1d8fc	106a1d967	decompiled	chunks/001/functions-000114.c	-[SCMemoriesStoryEditorUIContainer initWithNavigationController:]	
106a1d968	106a1d9b7	decompiled	chunks/001/functions-000114.c	-[SCMemoriesStoryEditorUIContainer attachUI:]	
106a1d9b8	106a1d9cb	decompiled	chunks/001/functions-000114.c	-[SCMemoriesStoryEditorUIContainer detachUI:]	
106a1d9cc	106a1d9ff	decompiled	chunks/001/functions-000114.c	-[SCMemoriesStoryEditorUIContainer .cxx_destruct]	
106a1da00	106a1da6b	decompiled	chunks/001/functions-000114.c	-[SCChatAudioNoteRecordingSessionMetrics init]	
106a1da6c	106a1db4f	decompiled	chunks/001/functions-000114.c	-[SCChatAudioNoteRecordingSessionMetrics beginWithType:]	
106a1db50	106a1dc0f	decompiled	chunks/001/functions-000114.c	-[SCChatAudioNoteRecordingSessionMetrics markCaptureStarted]	
106a1dc10	106a1dc67	decompiled	chunks/001/functions-000114.c	-[SCChatAudioNoteRecordingSessionMetrics markGestureEnded]	
106a1dc68	106a1dd43	decompiled	chunks/001/functions-000114.c	-[SCChatAudioNoteRecordingSessionMetrics markRecordedDuration:atMaxDuration:]	
106a1dd44	106a1ddab	decompiled	chunks/001/functions-000114.c	-[SCChatAudioNoteRecordingSessionMetrics endWithOutcome:]	
106a1ddac	106a1ddff	decompiled	chunks/001/functions-000114.c	-[SCChatAudioNoteRecordingSessionMetrics endIfActiveWithOutcome:]	
106a1de00	106a1deab	decompiled	chunks/001/functions-000114.c	-[SCChatAudioNoteRecordingSessionMetrics _emitStopWithOutcome:]	
106a1deac	106a1deef	decompiled	chunks/001/functions-000114.c	-[SCChatAudioNoteRecordingSessionMetrics _logInvalidWithReason:]	
106a1def0	106a1df1f	decompiled	chunks/001/functions-000114.c	-[SCChatAudioNoteRecordingSessionMetrics .cxx_destruct]	
106a1df20	106a1e1c3	decompiled	chunks/001/functions-000114.c	-[SCChatInputAudioNoteController initWithAudioNotePlayer:chatLogger:valdiRuntimeProvider:conversationEventObservable:messagingExperimentService:applicationStateProvider:inputScopeContext:]	
106a1e1c4	106a1e1f7	decompiled	chunks/001/functions-000114.c		
106a1e1f8	106a1e237	decompiled	chunks/001/functions-000114.c		
106a1e238	106a1e25f	decompiled	chunks/001/functions-000114.c	-[SCChatInputAudioNoteController audioNoteRecordEvents]	
106a1e260	106a1e287	decompiled	chunks/001/functions-000114.c	-[SCChatInputAudioNoteController audioNoteRecordSessionBeganEvents]	
106a1e288	106a1e357	decompiled	chunks/001/functions-000114.c	-[SCChatInputAudioNoteController audioNoteRecorder]	
106a1e358	106a1e40f	decompiled	chunks/001/functions-000114.c	-[SCChatInputAudioNoteController _createSwiftRecorderV3]	
106a1e410	106a1e453	decompiled	chunks/001/functions-000114.c		
106a1e454	106a1e563	decompiled	chunks/001/functions-000114.c	-[SCChatInputAudioNoteController _createSwiftRecorderV4]	
106a1e564	106a1e633	decompiled	chunks/001/functions-000114.c		
106a1e634	106a1e697	decompiled	chunks/001/functions-000114.c	-[SCChatInputAudioNoteController trackAnimator]	
106a1e698	106a1e6db	decompiled	chunks/001/functions-000114.c	-[SCChatInputAudioNoteController setInputItem:]	
106a1e6dc	106a1e6e7	decompiled	chunks/001/functions-000114.c	-[SCChatInputAudioNoteController setChatScrollHandler:]	
106a1e6e8	106a1e94f	decompiled	chunks/001/functions-000114.c	-[SCChatInputAudioNoteController _addAudioTrack]	
106a1e950	106a1e9d7	decompiled	chunks/001/functions-000114.c	-[SCChatInputAudioNoteController _addLongPressToItem:]	
106a1e9d8	106a1eb53	decompiled	chunks/001/functions-000114.c	-[SCChatInputAudioNoteController _didLongPressItem:]	
106a1eb54	106a1ebfb	decompiled	chunks/001/functions-000114.c	-[SCChatInputAudioNoteController _gestureDidBegin:]	
106a1ebfc	106a1ee9b	decompiled	chunks/001/functions-000114.c	-[SCChatInputAudioNoteController _gestureDidChange:]	
106a1ee9c	106a1ef13	decompiled	chunks/001/functions-000114.c	-[SCChatInputAudioNoteController _finishRecordingWithHaptic]	
106a1ef14	106a1f027	decompiled	chunks/001/functions-000114.c	-[SCChatInputAudioNoteController _finishRecording]	
106a1f028	106a1f1bb	decompiled	chunks/001/functions-000114.c	-[SCChatInputAudioNoteController _transitionViewToStarted]	
106a1f1bc	106a1f34b	decompiled	chunks/001/functions-000114.c	-[SCChatInputAudioNoteController _transitionViewToHalfSlide]	
106a1f34c	106a1f40b	decompiled	chunks/001/functions-000114.c	-[SCChatInputAudioNoteController _transitionViewToHoveringCancelled]	
106a1f40c	106a1f49b	decompiled	chunks/001/functions-000114.c		
106a1f49c	106a1f59f	decompiled	chunks/001/functions-000114.c	-[SCChatInputAudioNoteController _displayTrack]	
106a1f5a0	106a1f60b	decompiled	chunks/001/functions-000114.c		
106a1f60c	106a1f73f	decompiled	chunks/001/functions-000114.c	-[SCChatInputAudioNoteController _hideTrack]	
106a1f740	106a1f7ab	decompiled	chunks/001/functions-000114.c		
106a1f7ac	106a1f7bf	decompiled	chunks/001/functions-000114.c		
106a1f7c0	106a1f8cb	decompiled	chunks/001/functions-000114.c	-[SCChatInputAudioNoteController _displayRecorderAndBegin:view:]	
106a1f8cc	106a1f977	decompiled	chunks/001/functions-000114.c		
106a1f978	106a1f9af	decompiled	chunks/001/functions-000114.c		
106a1f9b0	106a1facb	decompiled	chunks/001/functions-000114.c	-[SCChatInputAudioNoteController _onAudioNotePlayerResetWithTouchPoint:view:]	
106a1facc	106a1fccb	decompiled	chunks/001/functions-000114.c	-[SCChatInputAudioNoteController audioNoteTooltip]	
106a1fccc	106a1fcd7	decompiled	chunks/001/functions-000114.c	-[SCChatInputAudioNoteController setStyle:]	
106a1fcd8	106a1fd13	decompiled	chunks/001/functions-000114.c	-[SCChatInputAudioNoteController _backgroundColorForAudioPreview]	
106a1fd14	106a1fd17	decompiled	chunks/001/functions-000114.c	-[SCChatInputAudioNoteController didDeselectInputItem:]	
106a1fd18	106a1fe83	decompiled	chunks/001/functions-000114.c	-[SCChatInputAudioNoteController didSelectInputItem:]	
106a1fe84	106a1feb3	decompiled	chunks/001/functions-000114.c	-[SCChatInputAudioNoteController _startRecording]	
106a1feb4	106a1feb7	decompiled	chunks/001/functions-000114.c	-[SCChatInputAudioNoteController didCollapseInputItem:]	
106a1feb8	106a1febb	decompiled	chunks/001/functions-000114.c	-[SCChatInputAudioNoteController didUncollapseInputItem:]	
106a1febc	106a1ff57	decompiled	chunks/001/functions-000114.c	-[SCChatInputAudioNoteController inputViewDidDisappear]	
106a1ff58	106a1ff5f	decompiled	chunks/001/functions-000114.c	-[SCChatInputAudioNoteController inputViewDidAppear]	
106a1ff60	106a20007	decompiled	chunks/001/functions-000114.c	-[SCChatInputAudioNoteController _discardHoldOnInputDisappear]	
106a20008	106a20057	decompiled	chunks/001/functions-000114.c	-[SCChatInputAudioNoteController _sentSessionOutcome]	
106a20058	106a2012f	decompiled	chunks/001/functions-000114.c	-[SCChatInputAudioNoteController audioNoteRecorderWillStartSuccessfully:]	
106a20130	106a2064f	decompiled	chunks/001/functions-000114.c	-[SCChatInputAudioNoteController audioNoteRecorder:didFinishWithData:duration:]	
106a20650	106a2065f	decompiled	chunks/001/functions-000114.c		
106a20660	106a2069b	decompiled	chunks/001/functions-000114.c		
106a2069c	106a206b7	decompiled	chunks/001/functions-000114.c		
106a206b8	106a206f3	decompiled	chunks/001/functions-000114.c		
106a206f4	106a206fb	decompiled	chunks/001/functions-000114.c		
106a206fc	106a20723	decompiled	chunks/001/functions-000114.c		
106a20724	106a20767	decompiled	chunks/001/functions-000114.c	-[SCChatInputAudioNoteController audioNoteRecorder:recorderIsReady:]	
106a20768	106a20837	decompiled	chunks/001/functions-000114.c	-[SCChatInputAudioNoteController _sendAudioNoteWithData:duration:]	
106a20838	106a20897	decompiled	chunks/001/functions-000114.c	-[SCChatInputAudioNoteController _sendFromTapToRecord:duration:]	
106a20898	106a20903	decompiled	chunks/001/functions-000114.c	-[SCChatInputAudioNoteController _subscribeForTapToRecord]	
106a20904	106a20a07	decompiled	chunks/001/functions-000114.c	-[SCChatInputAudioNoteController _subscribeToInputTypingEvents]	
106a20a08	106a20b03	decompiled	chunks/001/functions-000114.c		
106a20b04	106a20b93	decompiled	chunks/001/functions-000114.c		
106a20b94	106a20c37	decompiled	chunks/001/functions-000114.c		
106a20c38	106a20c3f	decompiled	chunks/001/functions-000114.c		
106a20c40	106a20ca3	decompiled	chunks/001/functions-000115.c	-[SCChatInputAudioNoteController _handleTapToRecordKeyboardSendFromTypingFinished]	
106a20ca4	106a20d8f	decompiled	chunks/001/functions-000115.c	-[SCChatInputAudioNoteController _subscribeToConversationEvents]	
106a20d90	106a20e3f	decompiled	chunks/001/functions-000115.c		
106a20e40	106a20ee7	decompiled	chunks/001/functions-000115.c		
106a20ee8	106a20f13	decompiled	chunks/001/functions-000115.c		
106a20f14	106a20fab	decompiled	chunks/001/functions-000115.c	-[SCChatInputAudioNoteController _cancelTapToRecord]	
106a20fac	106a21513	decompiled	chunks/001/functions-000115.c	-[SCChatInputAudioNoteController _presentRecordingView]	
106a21514	106a2162f	decompiled	chunks/001/functions-000115.c		
106a21630	106a216db	decompiled	chunks/001/functions-000115.c		
106a216dc	106a2177f	decompiled	chunks/001/functions-000115.c		
106a21780	106a217a7	decompiled	chunks/001/functions-000115.c	-[SCChatInputAudioNoteController _finishTapToRecordAndSend]	
106a217a8	106a21843	decompiled	chunks/001/functions-000115.c	-[SCChatInputAudioNoteController _dismissHoldUIAndPresentPreviewWithData:duration:]	
106a21844	106a22063	decompiled	chunks/001/functions-000115.c	-[SCChatInputAudioNoteController _presentPreviewViewWithData:duration:recordType:]	
106a22064	106a22183	decompiled	chunks/001/functions-000115.c		
106a22184	106a2219f	decompiled	chunks/001/functions-000115.c		
106a221a0	106a222bf	decompiled	chunks/001/functions-000115.c		
106a222c0	106a222db	decompiled	chunks/001/functions-000115.c		
106a222dc	106a2235f	decompiled	chunks/001/functions-000115.c		
106a22360	106a22383	decompiled	chunks/001/functions-000115.c		
106a22384	106a22423	decompiled	chunks/001/functions-000115.c	-[SCChatInputAudioNoteController _onSendButtonTapped]	
106a22424	106a2262f	decompiled	chunks/001/functions-000115.c	-[SCChatInputAudioNoteController _cleanUpTapToRecord]	
106a22630	106a22657	decompiled	chunks/001/functions-000115.c		
106a22658	106a2266f	decompiled	chunks/001/functions-000115.c	-[SCChatInputAudioNoteController inputItem]	
106a22670	106a22677	decompiled	chunks/001/functions-000115.c	-[SCChatInputAudioNoteController style]	
106a22678	106a2268f	decompiled	chunks/001/functions-000115.c	-[SCChatInputAudioNoteController inputController]	
106a22690	106a2269b	decompiled	chunks/001/functions-000115.c	-[SCChatInputAudioNoteController setInputController:]	
106a2269c	106a226a3	decompiled	chunks/001/functions-000115.c	-[SCChatInputAudioNoteController state]	
106a226a4	106a226ab	decompiled	chunks/001/functions-000115.c	-[SCChatInputAudioNoteController setState:]	
106a226ac	106a227d3	decompiled	chunks/001/functions-000115.c	-[SCChatInputAudioNoteController .cxx_destruct]	
106a227d4	106a227db	decompiled	chunks/001/functions-000115.c	-[SCChatInputAudioNoteRecordEvent audioNote]	
106a227dc	106a2280b	decompiled	chunks/001/functions-000115.c	-[SCChatInputAudioNoteRecordEvent setAudioNote:]	
106a2280c	106a22813	decompiled	chunks/001/functions-000115.c	-[SCChatInputAudioNoteRecordEvent information]	
106a22814	106a22843	decompiled	chunks/001/functions-000115.c	-[SCChatInputAudioNoteRecordEvent setInformation:]	
106a22844	106a2284b	decompiled	chunks/001/functions-000115.c	-[SCChatInputAudioNoteRecordEvent replyAllGroupId]	
106a2284c	106a2287b	decompiled	chunks/001/functions-000115.c	-[SCChatInputAudioNoteRecordEvent setReplyAllGroupId:]	
106a2287c	106a228b7	decompiled	chunks/001/functions-000115.c	-[SCChatInputAudioNoteRecordEvent .cxx_destruct]	
106a228b8	106a22b77	decompiled	chunks/001/functions-000115.c	-[SCChatInputAudioNotePlugin initWithAudioNotePlayer:drawerMediaSender:storyReplySender:storyShareSender:groupFetcher:activeConversationInformation:replyAllGroupId:chatLogger:messagingExperimentService:conversationEventObservable:valdiRuntimeProvider:spotlightShareSender:applicationStateProvider:inputScopeContext:]	
106a22b78	106a22b7f	decompiled	chunks/001/functions-000115.c	-[SCChatInputAudioNotePlugin setChatScrollHandler:]	
106a22b80	106a22d2b	decompiled	chunks/001/functions-000115.c	-[SCChatInputAudioNotePlugin _subscribeToAudioNoteEvents]	
106a22d2c	106a22d63	decompiled	chunks/001/functions-000115.c		
106a22d64	106a22df3	decompiled	chunks/001/functions-000115.c		
106a22df4	106a22f27	decompiled	chunks/001/functions-000115.c		
106a22f28	106a23097	decompiled	chunks/001/functions-000115.c	-[SCChatInputAudioNotePlugin _subscribeToRecordStartDestination]	
106a23098	106a23167	decompiled	chunks/001/functions-000115.c		
106a23168	106a232fb	decompiled	chunks/001/functions-000115.c	-[SCChatInputAudioNotePlugin _setLatestConversationInformation:]	
106a232fc	106a2333f	decompiled	chunks/001/functions-000115.c	-[SCChatInputAudioNotePlugin _captureRecordStartDestinationWithType:]	
106a23340	106a234d7	decompiled	chunks/001/functions-000115.c	-[SCChatInputAudioNotePlugin _redirectSendToRecordedConversation:]	
106a234d8	106a235d3	decompiled	chunks/001/functions-000115.c	-[SCChatInputAudioNotePlugin configureInputItem:]	
106a235d4	106a235db	decompiled	chunks/001/functions-000115.c	-[SCChatInputAudioNotePlugin position]	
106a235dc	106a235e3	decompiled	chunks/001/functions-000115.c	-[SCChatInputAudioNotePlugin pluginType]	
106a235e4	106a235eb	decompiled	chunks/001/functions-000115.c	-[SCChatInputAudioNotePlugin createDrawer]	
106a235ec	106a23613	decompiled	chunks/001/functions-000115.c	-[SCChatInputAudioNotePlugin createItemController]	
106a23614	106a23da7	decompiled	chunks/001/functions-000115.c	-[SCChatInputAudioNotePlugin _handleAudioNoteRecordEvent:]	
106a23da8	106a23e27	decompiled	chunks/001/functions-000115.c		
106a23e28	106a2411f	decompiled	chunks/001/functions-000115.c		
106a24120	106a2417b	decompiled	chunks/001/functions-000115.c		
106a2417c	106a24317	decompiled	chunks/001/functions-000115.c	-[SCChatInputAudioNotePlugin _createAudioNoteDataModelFromEvent:]	
106a24318	106a2456f	decompiled	chunks/001/functions-000115.c	-[SCChatInputAudioNotePlugin _platformAnalyticsForConversationInformation:replyAllGroupId:]	
106a24570	106a245cf	decompiled	chunks/001/functions-000115.c	-[SCChatInputAudioNotePlugin willPresentContent]	
106a245d0	106a245d7	decompiled	chunks/001/functions-000115.c	-[SCChatInputAudioNotePlugin inputItem]	
106a245d8	106a24607	decompiled	chunks/001/functions-000115.c	-[SCChatInputAudioNotePlugin setInputItem:]	
106a24608	106a2461f	decompiled	chunks/001/functions-000115.c	-[SCChatInputAudioNotePlugin inputContext]	
106a24620	106a2462b	decompiled	chunks/001/functions-000115.c	-[SCChatInputAudioNotePlugin setInputContext:]	
106a2462c	106a246f3	decompiled	chunks/001/functions-000115.c	-[SCChatInputAudioNotePlugin .cxx_destruct]	
106a246f4	106a247fb	decompiled	chunks/001/functions-000115.c		
106a247fc	106a24a87	decompiled	chunks/001/functions-000115.c	-[SCChatInputAudioNotePluginProvider initWithAudioNotePlayer:drawerMediaSender:storyReplySender:storyShareSender:groupFetcher:chatLogger:messagingExperimentService:conversationEventObservable:valdiRuntimeProvider:spotlightShareSender:applicationStateProvider:inputScopeContext:]	
106a24a88	106a24a8f	decompiled	chunks/001/functions-000115.c	-[SCChatInputAudioNotePluginProvider providerType]	
106a24a90	106a24b2b	decompiled	chunks/001/functions-000115.c	-[SCChatInputAudioNotePluginProvider createPluginWithActiveConversationInformation:replyAllGroupId:]	
106a24b2c	106a24b33	decompiled	chunks/001/functions-000115.c	-[SCChatInputAudioNotePluginProvider createObserverWithActiveConversationInformation:replyAllGroupId:]	
106a24b34	106a24bcf	decompiled	chunks/001/functions-000115.c	-[SCChatInputAudioNotePluginProvider .cxx_destruct]	
106a24bd0	106a24c53	decompiled	chunks/001/functions-000115.c	-[SCChatBaseNoteMediaMessage initWithData:duration:]	
106a24c54	106a24c5b	decompiled	chunks/001/functions-000115.c	-[SCChatBaseNoteMediaMessage mediaContentType]	
106a24c5c	106a24c63	decompiled	chunks/001/functions-000115.c	-[SCChatBaseNoteMediaMessage isZipped]	
106a24c64	106a24c73	decompiled	chunks/001/functions-000115.c	-[SCChatBaseNoteMediaMessage prepareDataToUploadForMediaId:completionHandler:]	
106a24c74	106a24c7b	decompiled	chunks/001/functions-000115.c	-[SCChatBaseNoteMediaMessage chatKey]	
106a24c7c	106a24c83	decompiled	chunks/001/functions-000115.c	-[SCChatBaseNoteMediaMessage chatIV]	
106a24c84	106a24c8b	decompiled	chunks/001/functions-000115.c	-[SCChatBaseNoteMediaMessage duration]	
106a24c8c	106a24c93	decompiled	chunks/001/functions-000115.c	-[SCChatBaseNoteMediaMessage snapAttachmentUrl]	
106a24c94	106a24c9b	decompiled	chunks/001/functions-000115.c	-[SCChatBaseNoteMediaMessage venueId]	
106a24c9c	106a24ca3	decompiled	chunks/001/functions-000115.c	-[SCChatBaseNoteMediaMessage isInfiniteDuration]	
106a24ca4	106a24cab	decompiled	chunks/001/functions-000115.c	-[SCChatBaseNoteMediaMessage isRotationLocked]	
106a24cac	106a24cb3	decompiled	chunks/001/functions-000115.c	-[SCChatBaseNoteMediaMessage miniThumbnailData]	
106a24cb4	106a24cbb	decompiled	chunks/001/functions-000115.c	-[SCChatBaseNoteMediaMessage snapMetadata]	
106a24cbc	106a24d07	decompiled	chunks/001/functions-000115.c	-[SCChatBaseNoteMediaMessage width]	
106a24d08	106a24d53	decompiled	chunks/001/functions-000115.c	-[SCChatBaseNoteMediaMessage height]	
106a24d54	106a24d5b	decompiled	chunks/001/functions-000115.c	-[SCChatBaseNoteMediaMessage mediaOrigins]	
106a24d5c	106a24d63	decompiled	chunks/001/functions-000115.c	-[SCChatBaseNoteMediaMessage data]	
106a24d64	106a24d6f	decompiled	chunks/001/functions-000115.c	-[SCChatBaseNoteMediaMessage .cxx_destruct]	
106a24d70	106a251c3	decompiled	chunks/001/functions-000115.c	+[SCDrawerMediaContentBuilder contentFromDrawerMedias:quotedMessageId:platformAnalytics:notificationDisplayHintEnabled:botMetadata:]	
106a251c4	106a251cb	decompiled	chunks/001/functions-000115.c		
106a251cc	106a2525b	decompiled	chunks/001/functions-000115.c		
106a2525c	106a25513	decompiled	chunks/001/functions-000115.c		
106a25514	106a25547	decompiled	chunks/001/functions-000115.c	+[SCDrawerMediaContentBuilder contentFromContents:analyticsDataModel:localMediaReferences:contentType:metricsMessageType:metricsMessageMediaType:quotedMessageId:allowsTranscription:notificationDisplayHintType:]	
106a25548	106a2565f	decompiled	chunks/001/functions-000115.c	-[SCDrawerMediaSender initWithCoreMessageSender:externalMediaPreparer:voiceNoteTranscriptionService:messagingExperimentService:]	
106a25660	106a2588b	decompiled	chunks/001/functions-000115.c	-[SCDrawerMediaSender sendDrawerMedias:quotedMessageId:conversationIds:platformAnalytics:botMetadata:completionHandler:]	
106a2588c	106a25a23	decompiled	chunks/001/functions-000115.c	-[SCDrawerMediaSender forwardExternalMedias:mediaType:localMediaReferences:conversationIds:platformAnalytics:completionHandler:]	
106a25a24	106a25bc7	decompiled	chunks/001/functions-000115.c	-[SCDrawerMediaSender sendGif:quotedMessageId:conversationIds:platformAnalytics:completionHandler:]	
106a25bc8	106a25cab	decompiled	chunks/001/functions-000115.c	-[SCDrawerMediaSender prepareUploadForAudioNote:conversationIds:trackingId:]	
106a25cac	106a25fff	decompiled	chunks/001/functions-000115.c	-[SCDrawerMediaSender sendAudioNote:quotedMessageId:conversationIds:platformAnalytics:completionHandler:]	
106a26000	106a26093	decompiled	chunks/001/functions-000115.c	-[SCDrawerMediaSender _locale]	
106a26094	106a261f7	decompiled	chunks/001/functions-000116.c	-[SCDrawerMediaSender _prepareUploadForExternalMedia:trackingId:conversationIds:]	
106a261f8	106a2624b	decompiled	chunks/001/functions-000116.c	-[SCDrawerMediaSender .cxx_destruct]	
106a2624c	106a2638b	decompiled	chunks/001/functions-000116.c	-[SCChatAudioNotePreview initWithCustomColor:backgroundColor:]	
106a2638c	106a263cf	decompiled	chunks/001/functions-000116.c	-[SCChatAudioNotePreview dealloc]	
106a263d0	106a264b7	decompiled	chunks/001/functions-000116.c	-[SCChatAudioNotePreview presentInContainer:initialXCoordinate:]	
106a264b8	106a266b3	decompiled	chunks/001/functions-000116.c		
106a266b4	106a266ef	decompiled	chunks/001/functions-000116.c		
106a266f0	106a267d3	decompiled	chunks/001/functions-000116.c		
106a267d4	106a267db	decompiled	chunks/001/functions-000116.c		
106a267dc	106a26837	decompiled	chunks/001/functions-000116.c		
106a26838	106a268cb	decompiled	chunks/001/functions-000116.c		
106a268cc	106a2694f	decompiled	chunks/001/functions-000116.c	-[SCChatAudioNotePreview hideAndReleasePreview]	
106a26950	106a26a47	decompiled	chunks/001/functions-000116.c		
106a26a48	106a26a4f	decompiled	chunks/001/functions-000116.c		
106a26a50	106a26aab	decompiled	chunks/001/functions-000116.c		
106a26aac	106a26b3f	decompiled	chunks/001/functions-000116.c		
106a26b40	106a26df7	decompiled	chunks/001/functions-000116.c	-[SCChatAudioNotePreview updateToCancelNoteState]	
106a26df8	106a26f17	decompiled	chunks/001/functions-000116.c		
106a26f18	106a26f73	decompiled	chunks/001/functions-000116.c		
106a26f74	106a27007	decompiled	chunks/001/functions-000116.c		
106a27008	106a27067	decompiled	chunks/001/functions-000116.c		
106a27068	106a2714f	decompiled	chunks/001/functions-000116.c		
106a27150	106a27163	decompiled	chunks/001/functions-000116.c		
106a27164	106a27217	decompiled	chunks/001/functions-000116.c	-[SCChatAudioNotePreview updateToNormalNoteState]	
106a27218	106a27337	decompiled	chunks/001/functions-000116.c		
106a27338	106a27393	decompiled	chunks/001/functions-000116.c		
106a27394	106a27427	decompiled	chunks/001/functions-000116.c		
106a27428	106a27487	decompiled	chunks/001/functions-000116.c		
106a27488	106a2756f	decompiled	chunks/001/functions-000116.c		
106a27570	106a27583	decompiled	chunks/001/functions-000116.c		
106a27584	106a27633	decompiled	chunks/001/functions-000116.c	-[SCChatAudioNotePreview updateXCoordinate:]	
106a27634	106a2771b	decompiled	chunks/001/functions-000116.c		
106a2771c	106a2773b	decompiled	chunks/001/functions-000116.c	-[SCChatAudioNotePreview startNoteTimeout]	
106a2773c	106a27763	decompiled	chunks/001/functions-000116.c	-[SCChatAudioNotePreview setAnimationWaveformValues:]	
106a27764	106a277db	decompiled	chunks/001/functions-000116.c	-[SCChatAudioNotePreview setAnimationWaveformArray:]	
106a277dc	106a27843	decompiled	chunks/001/functions-000116.c	-[SCChatAudioNotePreview drawRect:]	
106a27844	106a2790b	decompiled	chunks/001/functions-000116.c	-[SCChatAudioNotePreview _performTransition:]	
106a2790c	106a2799b	decompiled	chunks/001/functions-000116.c		
106a2799c	106a279db	decompiled	chunks/001/functions-000116.c	-[SCChatAudioNotePreview _animateToDesiredStateIfNeeded]	
106a279dc	106a27a87	decompiled	chunks/001/functions-000116.c	-[SCChatAudioNotePreview _updateProgressArcAttributesForState:]	
106a27a88	106a27b17	decompiled	chunks/001/functions-000116.c	-[SCChatAudioNotePreview _displayDidRefresh:]	
106a27b18	106a27bbf	decompiled	chunks/001/functions-000116.c	-[SCChatAudioNotePreview _startDisplayLink]	
106a27bc0	106a27bd3	decompiled	chunks/001/functions-000116.c	-[SCChatAudioNotePreview _stopDisplayLink]	
106a27bd4	106a27c5f	decompiled	chunks/001/functions-000116.c	-[SCChatAudioNotePreview _cleanUpDisplayLink]	
106a27c60	106a27d5b	decompiled	chunks/001/functions-000116.c	-[SCChatAudioNotePreview _drawBackground]	
106a27d5c	106a27e87	decompiled	chunks/001/functions-000116.c	-[SCChatAudioNotePreview _drawProgressArc]	
106a27e88	106a280ff	decompiled	chunks/001/functions-000116.c	-[SCChatAudioNotePreview _drawWaveform]	
106a28100	106a28167	decompiled	chunks/001/functions-000116.c	-[SCChatAudioNotePreview _toDeviceLength:percentageOfScreen:]	
106a28168	106a281d7	decompiled	chunks/001/functions-000116.c	-[SCChatAudioNotePreview .cxx_destruct]	
106a281d8	106a282ab	decompiled	chunks/001/functions-000116.c	-[SCChatAudioNoteRecorder init]	
106a282ac	106a2846b	decompiled	chunks/001/functions-000116.c	-[SCChatAudioNoteRecorder prepareNextRecordingWithCallback:]	
106a2846c	106a28483	decompiled	chunks/001/functions-000116.c		
106a28484	106a28623	decompiled	chunks/001/functions-000116.c		
106a28624	106a2862f	decompiled	chunks/001/functions-000116.c	-[SCChatAudioNoteRecorder maxRecordDuration]	
106a28630	106a286f7	decompiled	chunks/001/functions-000116.c	-[SCChatAudioNoteRecorder startAudioNoteRecordingAsynchronously]	
106a286f8	106a287af	decompiled	chunks/001/functions-000116.c		
106a287b0	106a2897f	decompiled	chunks/001/functions-000116.c		
106a28980	106a28a0b	decompiled	chunks/001/functions-000116.c		
106a28a0c	106a28ab3	decompiled	chunks/001/functions-000116.c	-[SCChatAudioNoteRecorder _performStartAudioNoteRecordingAsynchronously]	
106a28ab4	106a28adf	decompiled	chunks/001/functions-000116.c		
106a28ae0	106a28bbf	decompiled	chunks/001/functions-000116.c	-[SCChatAudioNoteRecorder _startAudioNoteRecordingAsynchronously]	
106a28bc0	106a28beb	decompiled	chunks/001/functions-000116.c		
106a28bec	106a28ca7	decompiled	chunks/001/functions-000116.c	-[SCChatAudioNoteRecorder _startRecording]	
106a28ca8	106a28d4f	decompiled	chunks/001/functions-000116.c	-[SCChatAudioNoteRecorder stopAudioNoteRecordingAsynchronously]	
106a28d50	106a28d7b	decompiled	chunks/001/functions-000116.c		
106a28d7c	106a28e8b	decompiled	chunks/001/functions-000116.c	-[SCChatAudioNoteRecorder _stopAudioNoteRecordingAsynchronously]	
106a28e8c	106a28f6b	decompiled	chunks/001/functions-000116.c	-[SCChatAudioNoteRecorder audioRecorderDidFinishRecording:successfully:]	
106a28f6c	106a28fa3	decompiled	chunks/001/functions-000116.c		
106a28fa4	106a29147	decompiled	chunks/001/functions-000116.c	-[SCChatAudioNoteRecorder _audioRecorderDidFinishRecording:successfully:]	
106a29148	106a29247	decompiled	chunks/001/functions-000116.c	-[SCChatAudioNoteRecorder audioRecorderEncodeErrorDidOccur:error:]	
106a29248	106a2927b	decompiled	chunks/001/functions-000116.c		
106a2927c	106a292ff	decompiled	chunks/001/functions-000116.c	-[SCChatAudioNoteRecorder _audioRecorderEncodeErrorDidOccur:error:]	
106a29300	106a29313	decompiled	chunks/001/functions-000116.c	-[SCChatAudioNoteRecorder showRecordingFailureStatusBar]	
106a29314	106a2938f	decompiled	chunks/001/functions-000116.c		
106a29390	106a293e7	decompiled	chunks/001/functions-000116.c	-[SCChatAudioNoteRecorder startAudioNoteRecorderTimer]	
106a293e8	106a2947b	decompiled	chunks/001/functions-000116.c		
106a2947c	106a294b7	decompiled	chunks/001/functions-000116.c	-[SCChatAudioNoteRecorder stopAudioNoteRecorderTimer]	
106a294b8	106a2957b	decompiled	chunks/001/functions-000116.c	-[SCChatAudioNoteRecorder recorderTimerFired:]	
106a2957c	106a295a7	decompiled	chunks/001/functions-000116.c		
106a295a8	106a296e3	decompiled	chunks/001/functions-000116.c	-[SCChatAudioNoteRecorder _recorderTimerFired]	
106a296e4	106a297e7	decompiled	chunks/001/functions-000116.c	-[SCChatAudioNoteRecorder _nextTempFileUrlWithExtension:]	
106a297e8	106a29873	decompiled	chunks/001/functions-000116.c	-[SCChatAudioNoteRecorder _removeTempFile]	
106a29874	106a29953	decompiled	chunks/001/functions-000116.c	-[SCChatAudioNoteRecorder audioNoteRecorderSettings]	
106a29954	106a299b3	decompiled	chunks/001/functions-000116.c	-[SCChatAudioNoteRecorder _releaseAudioSessionTokenIfNeeded]	
106a299b4	106a29a1f	decompiled	chunks/001/functions-000116.c	-[SCChatAudioNoteRecorder _cleanup]	
106a29a20	106a29a93	decompiled	chunks/001/functions-000116.c	-[SCChatAudioNoteRecorder _addTimerForFailedRecordAttempt]	
106a29a94	106a29a9b	decompiled	chunks/001/functions-000116.c	-[SCChatAudioNoteRecorder state]	
106a29a9c	106a29ab3	decompiled	chunks/001/functions-000116.c	-[SCChatAudioNoteRecorder delegate]	
106a29ab4	106a29abf	decompiled	chunks/001/functions-000116.c	-[SCChatAudioNoteRecorder setDelegate:]	
106a29ac0	106a29ac7	decompiled	chunks/001/functions-000116.c	-[SCChatAudioNoteRecorder audioPreview]	
106a29ac8	106a29af7	decompiled	chunks/001/functions-000116.c	-[SCChatAudioNoteRecorder setAudioPreview:]	
106a29af8	106a29b77	decompiled	chunks/001/functions-000116.c	-[SCChatAudioNoteRecorder .cxx_destruct]	
106a29b78	106a29bd7	decompiled	chunks/001/functions-000116.c	-[SCChatInputAudioNoteTrack init]	
106a29bd8	106a29c1f	decompiled	chunks/001/functions-000116.c	-[SCChatInputAudioNoteTrack layoutSubviews]	
106a29c20	106a29c27	decompiled	chunks/001/functions-000116.c	+[SCChatInputAudioNoteTrack requiresConstraintBasedLayout]	
106a29c28	106a29cdb	decompiled	chunks/001/functions-000116.c	-[SCChatInputAudioNoteTrack setStyle:]	
106a29cdc	106a29d5b	decompiled	chunks/001/functions-000116.c	-[SCChatInputAudioNoteTrack _renderRoundedCorners]	
106a29d5c	106a29db7	decompiled	chunks/001/functions-000116.c	-[SCChatInputAudioNoteTrack _stylize]	
106a29db8	106a2a03f	decompiled	chunks/001/functions-000116.c	-[SCChatInputAudioNoteTrack _setShadowForStyle:]	
106a2a040	106a2a13b	decompiled	chunks/001/functions-000116.c		
106a2a13c	106a2a247	decompiled	chunks/001/functions-000117.c		
106a2a248	106a2a283	decompiled	chunks/001/functions-000117.c	-[SCChatInputAudioNoteTrack _createViews]	
106a2a284	106a2a6ff	decompiled	chunks/001/functions-000117.c	-[SCChatInputAudioNoteTrack _createBlurView]	
106a2a700	106a2a71f	decompiled	chunks/001/functions-000117.c	-[SCChatInputAudioNoteTrack _audioNoteRecordingIconImage]	
106a2a720	106a2a7b3	decompiled	chunks/001/functions-000117.c	-[SCChatInputAudioNoteTrack _createAudioNoteIcon]	
106a2a7b4	106a2a84b	decompiled	chunks/001/functions-000117.c	-[SCChatInputAudioNoteTrack _createCancelIcon]	
106a2a84c	106a2a993	decompiled	chunks/001/functions-000117.c	-[SCChatInputAudioNoteTrack _createChevron]	
106a2a994	106a2aa03	decompiled	chunks/001/functions-000117.c		
106a2aa04	106a2aaf3	decompiled	chunks/001/functions-000117.c	-[SCChatInputAudioNoteTrack _createSlideLabel]	
106a2aaf4	106a2ab27	decompiled	chunks/001/functions-000117.c	-[SCChatInputAudioNoteTrack _constructConstraints]	
106a2ab28	106a2ad27	decompiled	chunks/001/functions-000117.c	-[SCChatInputAudioNoteTrack _constructCancelIconConstraints]	
106a2ad28	106a2af67	decompiled	chunks/001/functions-000117.c	-[SCChatInputAudioNoteTrack _constructChevronConstraints]	
106a2af68	106a2b12b	decompiled	chunks/001/functions-000117.c	-[SCChatInputAudioNoteTrack _constructSlideLabelConstraints]	
106a2b12c	106a2b32b	decompiled	chunks/001/functions-000117.c	-[SCChatInputAudioNoteTrack _constructAudioNoteIconConstraints]	
106a2b32c	106a2b33b	decompiled	chunks/001/functions-000117.c	-[SCChatInputAudioNoteTrack cancelIcon]	
106a2b33c	106a2b37b	decompiled	chunks/001/functions-000117.c	-[SCChatInputAudioNoteTrack setCancelIcon:]	
106a2b37c	106a2b38b	decompiled	chunks/001/functions-000117.c	-[SCChatInputAudioNoteTrack audioNoteIcon]	
106a2b38c	106a2b3cb	decompiled	chunks/001/functions-000117.c	-[SCChatInputAudioNoteTrack setAudioNoteIcon:]	
106a2b3cc	106a2b3db	decompiled	chunks/001/functions-000117.c	-[SCChatInputAudioNoteTrack trailingChevron]	
106a2b3dc	106a2b41b	decompiled	chunks/001/functions-000117.c	-[SCChatInputAudioNoteTrack setTrailingChevron:]	
106a2b41c	106a2b42b	decompiled	chunks/001/functions-000117.c	-[SCChatInputAudioNoteTrack leadingChevron]	
106a2b42c	106a2b46b	decompiled	chunks/001/functions-000117.c	-[SCChatInputAudioNoteTrack setLeadingChevron:]	
106a2b46c	106a2b47b	decompiled	chunks/001/functions-000117.c	-[SCChatInputAudioNoteTrack slideLabel]	
106a2b47c	106a2b4bb	decompiled	chunks/001/functions-000117.c	-[SCChatInputAudioNoteTrack setSlideLabel:]	
106a2b4bc	106a2b54b	decompiled	chunks/001/functions-000117.c	-[SCChatInputAudioNoteTrack .cxx_destruct]	
106a2b54c	106a2b5bf	decompiled	chunks/001/functions-000117.c	-[SCGrapheneAudioNoteMetric2 init]	
106a2b5c0	106a2b637	decompiled	chunks/001/functions-000117.c		
106a2b638	106a2b6af	decompiled	chunks/001/functions-000117.c		
106a2b6b0	106a2b727	decompiled	chunks/001/functions-000117.c		
106a2b728	106a2b79f	decompiled	chunks/001/functions-000117.c		
106a2b7a0	106a2b817	decompiled	chunks/001/functions-000117.c		
106a2b818	106a2b88f	decompiled	chunks/001/functions-000117.c		
106a2b890	106a2b907	decompiled	chunks/001/functions-000117.c		
106a2b908	106a2b97f	decompiled	chunks/001/functions-000117.c		
106a2b980	106a2b9f7	decompiled	chunks/001/functions-000117.c		
106a2b9f8	106a2ba6f	decompiled	chunks/001/functions-000117.c		
106a2ba70	106a2bae7	decompiled	chunks/001/functions-000117.c		
106a2bae8	106a2bc27	decompiled	chunks/001/functions-000117.c	+[SCAudioNoteWaveformAnimation waveformAnimationFramesWithAnimationData:waveformCount:]	
106a2bc28	106a2bc2f	decompiled	chunks/001/functions-000117.c	+[SCAudioNoteWaveformAnimation waveformAnimationFramesWithAnimationData:]	
106a2bc30	106a2bdcf	decompiled	chunks/001/functions-000117.c	+[SCAudioNoteWaveformAnimation generateAnimationDataWithLinearPCMData:sampleRate:waveformCount:]	
106a2bdd0	106a2bdd7	decompiled	chunks/001/functions-000117.c	+[SCAudioNoteWaveformAnimation generateAnimationDataWithLinearPCMData:sampleRate:]	
106a2bdd8	106a2be4b	decompiled	chunks/001/functions-000117.c	-[SCAudioNoteWaveformAnimation initWithAnimationFrames:]	
106a2be4c	106a2bfa7	decompiled	chunks/001/functions-000117.c	-[SCAudioNoteWaveformAnimation _animationFrameForTime:waveformCount:]	
106a2bfa8	106a2bfc3	decompiled	chunks/001/functions-000117.c	-[SCAudioNoteWaveformAnimation animationFrameForTime:]	
106a2bfc4	106a2bfe7	decompiled	chunks/001/functions-000117.c	-[SCAudioNoteWaveformAnimation duration]	
106a2bfe8	106a2c2a3	decompiled	chunks/001/functions-000117.c	-[SCAudioNoteWaveformAnimation samplesForSampleCount:]	
106a2c2a4	106a2c2af	decompiled	chunks/001/functions-000117.c	-[SCAudioNoteWaveformAnimation .cxx_destruct]	
106a2c2b0	106a2c34b	decompiled	chunks/001/functions-000117.c	-[SCChatAudioNoteDecoder audioNoteDecodingPerformer]	
106a2c34c	106a2c49b	decompiled	chunks/001/functions-000117.c	-[SCChatAudioNoteDecoder getAudioNoteLinearPCMWithMediaData:successQueue:failureQueue:successBlock:failureBlock:]	
106a2c49c	106a2c847	decompiled	chunks/001/functions-000117.c		
106a2c848	106a2c87f	decompiled	chunks/001/functions-000117.c		
106a2c880	106a2c933	decompiled	chunks/001/functions-000117.c	-[SCChatAudioNoteDecoder _audioNoteDecoderFailureHandlerWithFileURL:failureQueue:failureBlock:]	
106a2c934	106a2c93f	decompiled	chunks/001/functions-000117.c		
106a2c940	106a2ca37	decompiled	chunks/001/functions-000117.c	-[SCChatAudioNoteDecoder _nextTempFileUrlWithExtension:]	
106a2ca38	106a2ca97	decompiled	chunks/001/functions-000117.c	-[SCChatAudioNoteDecoder _removeTempFile:]	
106a2ca98	106a2caa3	decompiled	chunks/001/functions-000117.c	-[SCChatAudioNoteDecoder .cxx_destruct]	
106a2caa4	106a2cc13	decompiled	chunks/001/functions-000117.c	-[SCChatInputPasteObserverPlugin initWithDrawerMediaSender:storyReplySender:storyShareSender:groupFetcher:activeConversationInformation:replyAllGroupId:]	
106a2cc14	106a2cc3f	decompiled	chunks/001/functions-000117.c	-[SCChatInputPasteObserverPlugin registerWithInputContext:]	
106a2cc40	106a2cdeb	decompiled	chunks/001/functions-000117.c	-[SCChatInputPasteObserverPlugin _subscribeToPasteEvents]	
106a2cdec	106a2ce5b	decompiled	chunks/001/functions-000117.c		
106a2ce5c	106a2cf97	decompiled	chunks/001/functions-000117.c		
106a2cf98	106a2d02f	decompiled	chunks/001/functions-000117.c		
106a2d030	106a2d0cf	decompiled	chunks/001/functions-000117.c		
106a2d0d0	106a2d117	decompiled	chunks/001/functions-000117.c		
106a2d118	106a2d1cb	decompiled	chunks/001/functions-000117.c	-[SCChatInputPasteObserverPlugin _handlePasteEvent:]	
106a2d1cc	106a2d1df	decompiled	chunks/001/functions-000117.c		
106a2d1e0	106a2d5b7	decompiled	chunks/001/functions-000117.c	-[SCChatInputPasteObserverPlugin _sendImage:forPasteEvent:]	
106a2d5b8	106a2d63f	decompiled	chunks/001/functions-000117.c	-[SCChatInputPasteObserverPlugin _chatSendResultCompletion]	
106a2d640	106a2d6c3	decompiled	chunks/001/functions-000117.c		
106a2d6c4	106a2d957	decompiled	chunks/001/functions-000117.c	-[SCChatInputPasteObserverPlugin _platformAnalyticsForConversationInformation:replyAllGroupId:]	
106a2d958	106a2d9cb	decompiled	chunks/001/functions-000117.c	-[SCChatInputPasteObserverPlugin .cxx_destruct]	
106a2d9cc	106a2d9df	decompiled	chunks/001/functions-000117.c		
106a2d9e0	106a2dadb	decompiled	chunks/001/functions-000117.c	-[SCChatInputPasteObserverPluginProvider initWithDrawerMediaSender:storyReplySender:storyShareSender:groupFetcher:]	
106a2dadc	106a2dae3	decompiled	chunks/001/functions-000117.c	-[SCChatInputPasteObserverPluginProvider providerType]	
106a2dae4	106a2daeb	decompiled	chunks/001/functions-000117.c	-[SCChatInputPasteObserverPluginProvider createPluginWithActiveConversationInformation:replyAllGroupId:]	
106a2daec	106a2db63	decompiled	chunks/001/functions-000117.c	-[SCChatInputPasteObserverPluginProvider createObserverWithActiveConversationInformation:replyAllGroupId:]	
106a2db64	106a2dbab	decompiled	chunks/001/functions-000117.c	-[SCChatInputPasteObserverPluginProvider .cxx_destruct]	
106a2dbac	106a2de0b	decompiled	chunks/001/functions-000117.c	-[SCChatInputScaleTextController initWithGraphene:featureSettingsService:messagingExperimentService:activeConversationInformation:]	
106a2de0c	106a2df03	decompiled	chunks/001/functions-000117.c		
106a2df04	106a2e0f7	decompiled	chunks/001/functions-000117.c	-[SCChatInputScaleTextController _initializeTooltip]	
106a2e0f8	106a2e1d3	decompiled	chunks/001/functions-000117.c	-[SCChatInputScaleTextController _subscribeToActiveConversationInformation:]	
106a2e1d4	106a2e23f	decompiled	chunks/001/functions-000117.c		
106a2e240	106a2e2b3	decompiled	chunks/001/functions-000117.c	-[SCChatInputScaleTextController _addPanGestureToItem:]	
106a2e2b4	106a2e6a3	decompiled	chunks/001/functions-000117.c	-[SCChatInputScaleTextController _didPanOrDrag:]	
106a2e6a4	106a2e75f	decompiled	chunks/001/functions-000117.c	-[SCChatInputScaleTextController _releaseToSendText]	
106a2e760	106a2e7af	decompiled	chunks/001/functions-000117.c	-[SCChatInputScaleTextController setInputItem:]	
106a2e7b0	106a2e7eb	decompiled	chunks/001/functions-000117.c	-[SCChatInputScaleTextController _hideTapHint]	
106a2e7ec	106a2e827	decompiled	chunks/001/functions-000117.c	-[SCChatInputScaleTextController _resetTapHintTimer]	
106a2e828	106a2e8a7	decompiled	chunks/001/functions-000117.c	-[SCChatInputScaleTextController _tooltipSeenCount]	
106a2e8a8	106a2e93b	decompiled	chunks/001/functions-000117.c	-[SCChatInputScaleTextController _shouldShow:]	
106a2e93c	106a2ea57	decompiled	chunks/001/functions-000117.c	-[SCChatInputScaleTextController didSelectInputItem:]	
106a2ea58	106a2ea5b	decompiled	chunks/001/functions-000117.c	-[SCChatInputScaleTextController didDeselectInputItem:]	
106a2ea5c	106a2ea8f	decompiled	chunks/001/functions-000117.c	-[SCChatInputScaleTextController didCollapseInputItem:]	
106a2ea90	106a2ec3b	decompiled	chunks/001/functions-000117.c	-[SCChatInputScaleTextController didUncollapseInputItem:]	
106a2ec3c	106a2ecb7	decompiled	chunks/001/functions-000117.c	-[SCChatInputScaleTextController _logScaleTextButtonPressed]	
106a2ecb8	106a2ed33	decompiled	chunks/001/functions-000117.c	-[SCChatInputScaleTextController _logScaleTextCanceled]	
106a2ed34	106a2edaf	decompiled	chunks/001/functions-000117.c	-[SCChatInputScaleTextController _logScaleTextSent]	
106a2edb0	106a2edc7	decompiled	chunks/001/functions-000117.c	-[SCChatInputScaleTextController inputItem]	
106a2edc8	106a2eddf	decompiled	chunks/001/functions-000117.c	-[SCChatInputScaleTextController inputController]	
106a2ede0	106a2edeb	decompiled	chunks/001/functions-000117.c	-[SCChatInputScaleTextController setInputController:]	
106a2edec	106a2ee73	decompiled	chunks/001/functions-000118.c	-[SCChatInputScaleTextController .cxx_destruct]	
106a2ee74	106a2ef6f	decompiled	chunks/001/functions-000118.c	-[SCChatInputScaleTextPlugin initWithGraphene:featureSettingsService:messagingExperimentService:activeConversationInformation:]	
106a2ef70	106a2f217	decompiled	chunks/001/functions-000118.c	-[SCChatInputScaleTextPlugin configureInputItem:]	
106a2f218	106a2f21f	decompiled	chunks/001/functions-000118.c	-[SCChatInputScaleTextPlugin position]	
106a2f220	106a2f227	decompiled	chunks/001/functions-000118.c	-[SCChatInputScaleTextPlugin pluginType]	
106a2f228	106a2f22f	decompiled	chunks/001/functions-000118.c	-[SCChatInputScaleTextPlugin createDrawer]	
106a2f230	106a2f263	decompiled	chunks/001/functions-000118.c	-[SCChatInputScaleTextPlugin createItemController]	
106a2f264	106a2f26b	decompiled	chunks/001/functions-000118.c	-[SCChatInputScaleTextPlugin inputItem]	
106a2f26c	106a2f29b	decompiled	chunks/001/functions-000118.c	-[SCChatInputScaleTextPlugin setInputItem:]	
106a2f29c	106a2f2b3	decompiled	chunks/001/functions-000118.c	-[SCChatInputScaleTextPlugin inputContext]	
106a2f2b4	106a2f2bf	decompiled	chunks/001/functions-000118.c	-[SCChatInputScaleTextPlugin setInputContext:]	
106a2f2c0	106a2f31b	decompiled	chunks/001/functions-000118.c	-[SCChatInputScaleTextPlugin .cxx_destruct]	
106a2f31c	106a2f3e7	decompiled	chunks/001/functions-000118.c	-[SCChatInputScaleTextPluginProvider initWithGraphene:featureSettingsService:messagingExperimentService:]	
106a2f3e8	106a2f3ef	decompiled	chunks/001/functions-000118.c	-[SCChatInputScaleTextPluginProvider providerType]	
106a2f3f0	106a2f44f	decompiled	chunks/001/functions-000118.c	-[SCChatInputScaleTextPluginProvider createPluginWithActiveConversationInformation:replyAllGroupId:]	
106a2f450	106a2f457	decompiled	chunks/001/functions-000118.c	-[SCChatInputScaleTextPluginProvider createObserverWithActiveConversationInformation:replyAllGroupId:]	
106a2f458	106a2f493	decompiled	chunks/001/functions-000118.c	-[SCChatInputScaleTextPluginProvider .cxx_destruct]	
106a2f494	106a2f49f	decompiled	chunks/001/functions-000118.c	-[SCFeatureSettingsService getExpressiveTextSizeGrabberTooltipSeen]	
106a2f4a0	106a2f4ab	decompiled	chunks/001/functions-000118.c	-[SCFeatureSettingsService expressiveTextSizeGrabberTooltipSeenServerParam]	
106a2f4ac	106a2f4bb	decompiled	chunks/001/functions-000118.c	-[SCFeatureSettingsService setExpressiveTextSizeGrabberTooltipSeen:]	
106a2f4bc	106a2f4c3	decompiled	chunks/001/functions-000118.c	-[SCFeatureSettingsService expressive_text_size_grabber_tooltip_seen_client_value:]	
106a2f4c4	106a2f4cb	decompiled	chunks/001/functions-000118.c	-[SCFeatureSettingsService expressive_text_size_grabber_tooltip_seen_server_value:]	
106a2f4cc	106a2f4db	decompiled	chunks/001/functions-000118.c	-[SCFeatureSettingsService expressiveTextSizeGrabberTooltipSeen]	
106a2f4dc	106a2f4e7	decompiled	chunks/001/functions-000118.c	-[SCFeatureSettingsService getExpressiveTextSizeGrabberTooltipSeenV2]	
106a2f4e8	106a2f4f3	decompiled	chunks/001/functions-000118.c	-[SCFeatureSettingsService expressiveTextSizeGrabberTooltipSeenV2ServerParam]	
106a2f4f4	106a2f503	decompiled	chunks/001/functions-000118.c	-[SCFeatureSettingsService setExpressiveTextSizeGrabberTooltipSeenV2:]	
106a2f504	106a2f50b	decompiled	chunks/001/functions-000118.c	-[SCFeatureSettingsService expressive_text_size_grabber_tooltip_seen_v2_client_value:]	
106a2f50c	106a2f513	decompiled	chunks/001/functions-000118.c	-[SCFeatureSettingsService expressive_text_size_grabber_tooltip_seen_v2_server_value:]	
106a2f514	106a2f56b	decompiled	chunks/001/functions-000118.c	-[SCFeatureSettingsService expressiveTextSizeGrabberTooltipSeenV2]	
106a2f56c	106a2f5e7	decompiled	chunks/001/functions-000118.c		
106a2f5e8	106a2f5ef	decompiled	chunks/001/functions-000118.c	-[SCChatInputTextInformationEvent info]	
106a2f5f0	106a2f61f	decompiled	chunks/001/functions-000118.c	-[SCChatInputTextInformationEvent setInfo:]	
106a2f620	106a2f627	decompiled	chunks/001/functions-000118.c	-[SCChatInputTextInformationEvent mentions]	
106a2f628	106a2f657	decompiled	chunks/001/functions-000118.c	-[SCChatInputTextInformationEvent setMentions:]	
106a2f658	106a2f65f	decompiled	chunks/001/functions-000118.c	-[SCChatInputTextInformationEvent event]	
106a2f660	106a2f68f	decompiled	chunks/001/functions-000118.c	-[SCChatInputTextInformationEvent setEvent:]	
106a2f690	106a2f697	decompiled	chunks/001/functions-000118.c	-[SCChatInputTextInformationEvent replyAllGroupId]	
106a2f698	106a2f6c7	decompiled	chunks/001/functions-000118.c	-[SCChatInputTextInformationEvent setReplyAllGroupId:]	
106a2f6c8	106a2f6cf	decompiled	chunks/001/functions-000118.c	-[SCChatInputTextInformationEvent previousMessageId]	
106a2f6d0	106a2f6ff	decompiled	chunks/001/functions-000118.c	-[SCChatInputTextInformationEvent setPreviousMessageId:]	
106a2f700	106a2f753	decompiled	chunks/001/functions-000118.c	-[SCChatInputTextInformationEvent .cxx_destruct]	
106a2f754	106a2f75b	decompiled	chunks/001/functions-000118.c	-[SCChatInputChatDraftEvent conversationId]	
106a2f75c	106a2f78b	decompiled	chunks/001/functions-000118.c	-[SCChatInputChatDraftEvent setConversationId:]	
106a2f78c	106a2f793	decompiled	chunks/001/functions-000118.c	-[SCChatInputChatDraftEvent text]	
106a2f794	106a2f7c3	decompiled	chunks/001/functions-000118.c	-[SCChatInputChatDraftEvent setText:]	
106a2f7c4	106a2f7cb	decompiled	chunks/001/functions-000118.c	-[SCChatInputChatDraftEvent mentions]	
106a2f7cc	106a2f7fb	decompiled	chunks/001/functions-000118.c	-[SCChatInputChatDraftEvent setMentions:]	
106a2f7fc	106a2f803	decompiled	chunks/001/functions-000118.c	-[SCChatInputChatDraftEvent previousMessageId]	
106a2f804	106a2f833	decompiled	chunks/001/functions-000118.c	-[SCChatInputChatDraftEvent setPreviousMessageId:]	
106a2f834	106a2f87b	decompiled	chunks/001/functions-000118.c	-[SCChatInputChatDraftEvent .cxx_destruct]	
106a2f87c	106a2fd53	decompiled	chunks/001/functions-000118.c	-[SCChatInputTextObserverPlugin initWithTextSender:storyReplySender:storyShareSender:groupFetcher:groupTracker:mentionBarScopeExposer:chatCommandMenuScopeExposer:circumstanceEngine:messagingExperimentService:activeConversationInformation:replyAllGroupId:chatDraftMutator:chatThreatsScanner:snapchatterObservableRepository:blizzardLogger:sendObservabilityLogger:grapheneRegistry:valdiRuntimeProvider:aiStoryReplyLoggingHelper:lifecycleEvent:spotlightShareSender:chatMediaPreviewDataManager:teamSnapchatSendGateWorkflow:]	
106a2fd54	106a2fe7b	decompiled	chunks/001/functions-000118.c	-[SCChatInputTextObserverPlugin registerWithInputContext:]	
106a2fe7c	106a2febb	decompiled	chunks/001/functions-000118.c		
106a2febc	106a2ff87	decompiled	chunks/001/functions-000118.c	-[SCChatInputTextObserverPlugin _chatThreatsWorkflow]	
106a2ff88	106a30147	decompiled	chunks/001/functions-000118.c	-[SCChatInputTextObserverPlugin _setupMentionBar]	
106a30148	106a30223	decompiled	chunks/001/functions-000118.c	-[SCChatInputTextObserverPlugin _setupChatCommandMenu]	
106a30224	106a30407	decompiled	chunks/001/functions-000118.c	-[SCChatInputTextObserverPlugin _subscribeToResignBackgroundForChatDrafts]	
106a30408	106a3047b	decompiled	chunks/001/functions-000118.c		
106a3047c	106a304eb	decompiled	chunks/001/functions-000118.c		
106a304ec	106a3076f	decompiled	chunks/001/functions-000118.c	-[SCChatInputTextObserverPlugin _subscribeToActiveConversationForChatDrafts]	
106a30770	106a307e3	decompiled	chunks/001/functions-000118.c		
106a307e4	106a308bb	decompiled	chunks/001/functions-000118.c		
106a308bc	106a308c7	decompiled	chunks/001/functions-000118.c		
106a308c8	106a30907	decompiled	chunks/001/functions-000118.c		
106a30908	106a3097f	decompiled	chunks/001/functions-000118.c		
106a30980	106a309ff	decompiled	chunks/001/functions-000118.c		
106a30a00	106a30b57	decompiled	chunks/001/functions-000118.c	-[SCChatInputTextObserverPlugin _subscribeToChatIdentifier]	
106a30b58	106a30bcf	decompiled	chunks/001/functions-000118.c		
106a30bd0	106a30c17	decompiled	chunks/001/functions-000118.c		
106a30c18	106a30ef3	decompiled	chunks/001/functions-000118.c	-[SCChatInputTextObserverPlugin _subscribeToTextEvents]	
106a30ef4	106a30f67	decompiled	chunks/001/functions-000118.c		
106a30f68	106a3103f	decompiled	chunks/001/functions-000118.c		
106a31040	106a3104b	decompiled	chunks/001/functions-000118.c		
106a3104c	106a310c3	decompiled	chunks/001/functions-000118.c		
106a310c4	106a312a7	decompiled	chunks/001/functions-000118.c		
106a312a8	106a313bf	decompiled	chunks/001/functions-000118.c		
106a313c0	106a3150b	decompiled	chunks/001/functions-000118.c	-[SCChatInputTextObserverPlugin _subscribeToMessageEdit]	
106a3150c	106a315f7	decompiled	chunks/001/functions-000118.c		
106a315f8	106a3166f	decompiled	chunks/001/functions-000118.c		
106a31670	106a3187f	decompiled	chunks/001/functions-000118.c	-[SCChatInputTextObserverPlugin _handleMessageEdit:]	
106a31880	106a31947	decompiled	chunks/001/functions-000118.c	-[SCChatInputTextObserverPlugin _getNonParticipantObservableCallback]	
106a31948	106a31ac7	decompiled	chunks/001/functions-000118.c	-[SCChatInputTextObserverPlugin _getNonParticipantObservable]	
106a31ac8	106a31bef	decompiled	chunks/001/functions-000118.c		
106a31bf0	106a31c07	decompiled	chunks/001/functions-000118.c		
106a31c08	106a31c4b	decompiled	chunks/001/functions-000118.c		
106a31c4c	106a31c4f	decompiled	chunks/001/functions-000118.c		
106a31c50	106a31d7b	decompiled	chunks/001/functions-000118.c	-[SCChatInputTextObserverPlugin _getNonParticipantObservableForOneOnOneConversationWithoutRecipient:]	
106a31d7c	106a31d9b	decompiled	chunks/001/functions-000118.c		
106a31d9c	106a31f1f	decompiled	chunks/001/functions-000118.c		
106a31f20	106a320c3	decompiled	chunks/001/functions-000118.c	-[SCChatInputTextObserverPlugin _mentionsPersonDataSource]	
106a320c4	106a3218f	decompiled	chunks/001/functions-000118.c		
106a32190	106a322d3	decompiled	chunks/001/functions-000118.c		
106a322d4	106a3231f	decompiled	chunks/001/functions-000118.c		
106a32320	106a323bf	decompiled	chunks/001/functions-000118.c		
106a323c0	106a32407	decompiled	chunks/001/functions-000118.c		
106a32408	106a32543	decompiled	chunks/001/functions-000118.c		
106a32544	106a3274f	decompiled	chunks/001/functions-000118.c		
106a32750	106a3281f	decompiled	chunks/001/functions-000118.c		
106a32820	106a3283f	decompiled	chunks/001/functions-000118.c		
106a32840	106a32843	decompiled	chunks/001/functions-000118.c		
106a32844	106a32863	decompiled	chunks/001/functions-000119.c		
106a32864	106a32baf	decompiled	chunks/001/functions-000119.c		
106a32bb0	106a32bfb	decompiled	chunks/001/functions-000119.c		
106a32bfc	106a32ca3	decompiled	chunks/001/functions-000119.c	-[SCChatInputTextObserverPlugin _handleActiveChatIdentifier:]	
106a32ca4	106a32cdf	decompiled	chunks/001/functions-000119.c		
106a32ce0	106a32d5f	decompiled	chunks/001/functions-000119.c		
106a32d60	106a32e77	decompiled	chunks/001/functions-000119.c	-[SCChatInputTextObserverPlugin _handleTextEvent:]	
106a32e78	106a32fff	decompiled	chunks/001/functions-000119.c	-[SCChatInputTextObserverPlugin _handleDidReturnWithText:forEvent:]	
106a33000	106a3312b	decompiled	chunks/001/functions-000119.c		
106a3312c	106a33343	decompiled	chunks/001/functions-000119.c	-[SCChatInputTextObserverPlugin _continueHandleReturn:forEvent:]	
106a33344	106a33387	decompiled	chunks/001/functions-000119.c		
106a33388	106a334bb	decompiled	chunks/001/functions-000119.c	-[SCChatInputTextObserverPlugin _scanForPasswordInText:forEvent:teamSnapchatDisclosureAccepted:]	
106a334bc	106a3351b	decompiled	chunks/001/functions-000119.c		
106a3351c	106a33573	decompiled	chunks/001/functions-000119.c	-[SCChatInputTextObserverPlugin _handleScanCompletionWithDidContinue:attributedText:event:passwordDetectedRange:teamSnapchatDisclosureAccepted:]	
106a33574	106a343df	decompiled	chunks/001/functions-000119.c	-[SCChatInputTextObserverPlugin _proceedWithReturnHandlingWithText:forEvent:teamSnapchatDisclosureAccepted:]	
106a343e0	106a3452b	decompiled	chunks/001/functions-000119.c		
106a3452c	106a345b3	decompiled	chunks/001/functions-000119.c		
106a345b4	106a3467b	decompiled	chunks/001/functions-000119.c	-[SCChatInputTextObserverPlugin _handleChatDraftEvent:]	
106a3467c	106a34693	decompiled	chunks/001/functions-000119.c		
106a34694	106a3478f	decompiled	chunks/001/functions-000119.c	-[SCChatInputTextObserverPlugin _fetchAndRestoreChatDraftForConversationId:]	
106a34790	106a347d7	decompiled	chunks/001/functions-000119.c		
106a347d8	106a34af7	decompiled	chunks/001/functions-000119.c	-[SCChatInputTextObserverPlugin _restoreChatDraft:]	
106a34af8	106a34bb7	decompiled	chunks/001/functions-000119.c	-[SCChatInputTextObserverPlugin _isTeamSnapchatOneOnOneChatIdentifier:]	
106a34bb8	106a34bf3	decompiled	chunks/001/functions-000119.c		
106a34bf4	106a34bf7	decompiled	chunks/001/functions-000119.c		
106a34bf8	106a34cf7	decompiled	chunks/001/functions-000119.c	-[SCChatInputTextObserverPlugin _chatCommandsEligibleForChatIdentifier:]	
106a34cf8	106a34d33	decompiled	chunks/001/functions-000119.c		
106a34d34	106a34d37	decompiled	chunks/001/functions-000119.c		
106a34d38	106a34e5b	decompiled	chunks/001/functions-000119.c	-[SCChatInputTextObserverPlugin _chatCommandsForAttributedText:chatIdentifier:]	
106a34e5c	106a34f13	decompiled	chunks/001/functions-000119.c		
106a34f14	106a34fa3	decompiled	chunks/001/functions-000119.c	-[SCChatInputTextObserverPlugin _restoreAttributedString:mentions:coloredRanges:]	
106a34fa4	106a3521b	decompiled	chunks/001/functions-000119.c	-[SCChatInputTextObserverPlugin _updateChatDraftForEvent:]	
106a3521c	106a358db	decompiled	chunks/001/functions-000119.c	-[SCChatInputTextObserverPlugin _platformAnalyticsForConversationInformation:replyAllGroupId:attributedText:userActionId:]	
106a358dc	106a35907	decompiled	chunks/001/functions-000119.c	-[SCChatInputTextObserverPlugin mentionBarWillPresent]	
106a35908	106a35933	decompiled	chunks/001/functions-000119.c	-[SCChatInputTextObserverPlugin mentionBarDidStopPresenting]	
106a35934	106a3595f	decompiled	chunks/001/functions-000119.c	-[SCChatInputTextObserverPlugin chatCommandMenuWillPresent]	
106a35960	106a3598b	decompiled	chunks/001/functions-000119.c	-[SCChatInputTextObserverPlugin chatCommandMenuDidStopPresenting]	
106a3598c	106a35b87	decompiled	chunks/001/functions-000119.c	-[SCChatInputTextObserverPlugin .cxx_destruct]	
106a35b88	106a35fe7	decompiled	chunks/001/functions-000119.c	-[SCChatInputTextObserverPluginProvider initWithTextSender:storyReplySender:storyShareSender:groupFetcher:groupTracker:circumstanceEngine:messagingExperimentService:mentionsBarScopeExposer:chatCommandMenuScopeExposer:chatDraftMutator:chatThreatsScanner:snapchatterObservableRepository:blizzardLogger:sendObservabilityLogger:grapheneRegistry:valdiRuntimeProvider:aiStoryReplyLoggingHelper:lifecycleEvent:spotlightShareSender:chatMediaPreviewDataManager:teamSnapchatSendGateWorkflow:]	
106a35fe8	106a35fef	decompiled	chunks/001/functions-000119.c	-[SCChatInputTextObserverPluginProvider providerType]	
106a35ff0	106a35ff7	decompiled	chunks/001/functions-000119.c	-[SCChatInputTextObserverPluginProvider createPluginWithActiveConversationInformation:replyAllGroupId:]	
106a35ff8	106a360b3	decompiled	chunks/001/functions-000119.c	-[SCChatInputTextObserverPluginProvider createObserverWithActiveConversationInformation:replyAllGroupId:]	
106a360b4	106a361c7	decompiled	chunks/001/functions-000119.c	-[SCChatInputTextObserverPluginProvider .cxx_destruct]	
106a361c8	106a36a1f	decompiled	chunks/001/functions-000119.c		
106a36a20	106a36a53	decompiled	chunks/001/functions-000119.c		
106a36a54	106a36b63	decompiled	chunks/001/functions-000119.c		
106a36b64	106a36cc3	decompiled	chunks/001/functions-000119.c		
106a36cc4	106a36ebf	decompiled	chunks/001/functions-000119.c		
106a36ec0	106a36efb	decompiled	chunks/001/functions-000119.c		
106a36efc	106a37027	decompiled	chunks/001/functions-000119.c		
106a37028	106a3711b	decompiled	chunks/001/functions-000119.c	-[SCChatPasswordScannerWorkflow initWithPasswordScanner:presentingViewController:blizzardLogger:chatGrapheneLogger:]	
106a3711c	106a371fb	decompiled	chunks/001/functions-000119.c	-[SCChatPasswordScannerWorkflow scanForPassword:completionBlock:]	
106a371fc	106a375ab	decompiled	chunks/001/functions-000119.c	-[SCChatPasswordScannerWorkflow _beginAlertWorkflowWithRange:completionBlock:]	
106a375ac	106a37673	decompiled	chunks/001/functions-000119.c		
106a37674	106a376bb	decompiled	chunks/001/functions-000119.c		
106a376bc	106a37783	decompiled	chunks/001/functions-000119.c		
106a37784	106a377cb	decompiled	chunks/001/functions-000119.c		
106a377cc	106a378b3	decompiled	chunks/001/functions-000119.c	-[SCChatPasswordScannerWorkflow _logPasswordDetected:]	
106a378b4	106a378f7	decompiled	chunks/001/functions-000119.c	-[SCChatPasswordScannerWorkflow .cxx_destruct]	
106a378f8	106a37987	decompiled	chunks/001/functions-000119.c		
106a37988	106a37b53	decompiled	chunks/001/functions-000119.c	-[SCChatMentionsBarPresenter initWithScopeExposer:mentionsManager:textInputObservable:textEditingEvents:mentionsPersonDataSource:delegate:valdiRuntimeProvider:container:getNonParticipantObservableCallback:]	
106a37b54	106a37cdb	decompiled	chunks/001/functions-000119.c	-[SCChatMentionsBarPresenter presentChatMentionBar]	
106a37cdc	106a37d23	decompiled	chunks/001/functions-000119.c		
106a37d24	106a37e0b	decompiled	chunks/001/functions-000119.c	-[SCChatMentionsBarPresenter _presentChatMentionBarWithMentionsTextObservable:sendMessageObservable:composerRuntime:didScopeBegin:]	
106a37e0c	106a37e77	decompiled	chunks/001/functions-000119.c	-[SCChatMentionsBarPresenter dismissChatMentionBar]	
106a37e78	106a37f13	decompiled	chunks/001/functions-000119.c	-[SCChatMentionsBarPresenter didSelectMentionPerson:replacementRange:]	
106a37f14	106a37fcf	decompiled	chunks/001/functions-000119.c		
106a37fd0	106a37ffb	decompiled	chunks/001/functions-000119.c	-[SCChatMentionsBarPresenter willShowMentionBar]	
106a37ffc	106a38027	decompiled	chunks/001/functions-000119.c	-[SCChatMentionsBarPresenter didHideMentionBar]	
106a38028	106a3802b	decompiled	chunks/001/functions-000119.c	-[SCChatMentionsBarPresenter didDismissMerlinOnboarding]	
106a3802c	106a38033	decompiled	chunks/001/functions-000119.c	-[SCChatMentionsBarPresenter _observeSearchMetrics:]	
106a38034	106a380bf	decompiled	chunks/001/functions-000119.c	-[SCChatMentionsBarPresenter .cxx_destruct]	
106a380c0	106a3819f	decompiled	chunks/001/functions-000119.c		
106a381a0	106a3826b	decompiled	chunks/001/functions-000119.c		
106a3826c	106a382b7	decompiled	chunks/001/functions-000119.c		
106a382b8	106a382c3	decompiled	chunks/001/functions-000119.c		
106a382c4	106a383b3	decompiled	chunks/001/functions-000119.c	-[SCChatMentionsManager initWithInputViewController:textInputObservable:]	
106a383b4	106a38403	decompiled	chunks/001/functions-000119.c	-[SCChatMentionsManager mentionsStream]	
106a38404	106a384cf	decompiled	chunks/001/functions-000119.c	-[SCChatMentionsManager startObservingTextInput]	
106a384d0	106a38517	decompiled	chunks/001/functions-000119.c		
106a38518	106a3851f	decompiled	chunks/001/functions-000119.c	-[SCChatMentionsManager stopObservingTextInput]	
106a38520	106a38537	decompiled	chunks/001/functions-000119.c	-[SCChatMentionsManager mentions]	
106a38538	106a38777	decompiled	chunks/001/functions-000119.c	-[SCChatMentionsManager addMentionForUserId:username:userColor:replacementRange:searchMode:isNonParticipant:]	
106a38778	106a387c7	decompiled	chunks/001/functions-000119.c	-[SCChatMentionsManager restoreAllMentions:]	
106a387c8	106a387ff	decompiled	chunks/001/functions-000119.c	-[SCChatMentionsManager removeAllMentions]	
106a38800	106a3899f	decompiled	chunks/001/functions-000119.c	-[SCChatMentionsManager _deleteMentionsInRange:state:textToAdd:]	
106a389a0	106a38a7f	decompiled	chunks/001/functions-000119.c		
106a38a80	106a38b6b	decompiled	chunks/001/functions-000119.c	-[SCChatMentionsManager _offsetMentionsGivenInputEvent:]	
106a38b6c	106a38c57	decompiled	chunks/001/functions-000119.c		
106a38c58	106a38d1f	decompiled	chunks/001/functions-000119.c	-[SCChatMentionsManager _processTextInputChange:]	
106a38d20	106a38dfb	decompiled	chunks/001/functions-000119.c	-[SCChatMentionsManager observeSearchMetrics:]	
106a38dfc	106a38e43	decompiled	chunks/001/functions-000119.c		
106a38e44	106a38e73	decompiled	chunks/001/functions-000119.c	-[SCChatMentionsManager _updateMentionSearchMetrics:]	
106a38e74	106a38e7b	decompiled	chunks/001/functions-000119.c	-[SCChatMentionsManager mentionSearchMetrics]	
106a38e7c	106a38ed7	decompiled	chunks/001/functions-000119.c	-[SCChatMentionsManager .cxx_destruct]	
106a38ed8	106a38fc3	decompiled	chunks/001/functions-000119.c	-[SCChatCommandMenuTextInputEvent initWithOldText:updatedText:addedText:changedRange:]	
106a38fc4	106a38fe7	decompiled	chunks/001/functions-000119.c	-[SCChatCommandMenuTextInputEvent copyWithZone:]	
106a38fe8	106a3906f	decompiled	chunks/001/functions-000119.c	-[SCChatCommandMenuTextInputEvent hash]	
106a39070	106a39153	decompiled	chunks/001/functions-000119.c	-[SCChatCommandMenuTextInputEvent isEqual:]	
106a39154	106a3915b	decompiled	chunks/001/functions-000119.c	-[SCChatCommandMenuTextInputEvent oldText]	
