address	end_address	status	pseudocode_file	runtime_label	error
106cb1af8	106cb1b73	decompiled	chunks/004/functions-000260.c	-[SCUserSync hash]	
106cb1b74	106cb1c23	decompiled	chunks/004/functions-000260.c	-[SCUserSync isEqual:]	
106cb1c24	106cb1c33	decompiled	chunks/004/functions-000260.c	-[SCUserSync userId]	
106cb1c34	106cb1c43	decompiled	chunks/004/functions-000260.c	-[SCUserSync attemptCount]	
106cb1c44	106cb1c57	decompiled	chunks/004/functions-000260.c	-[SCUserSync .cxx_destruct]	
106cb1c58	106cb1cbb	decompiled	chunks/004/functions-000260.c		
106cb1cbc	106cb1d43	decompiled	chunks/004/functions-000260.c		
106cb1d44	106cb1dcf	decompiled	chunks/004/functions-000260.c		
106cb1dd0	106cb1e87	decompiled	chunks/004/functions-000260.c		
106cb1e88	106cb1ebf	decompiled	chunks/004/functions-000260.c		
106cb1ec0	106cb1f13	decompiled	chunks/004/functions-000260.c		
106cb1f14	106cb1fcf	decompiled	chunks/004/functions-000260.c		
106cb1fd0	106cb2007	decompiled	chunks/004/functions-000260.c		
106cb2008	106cb205b	decompiled	chunks/004/functions-000260.c		
106cb205c	106cb2067	decompiled	chunks/004/functions-000260.c	+[SCDeviceProperty table]	
106cb2068	106cb2397	decompiled	chunks/004/functions-000260.c	+[SCDeviceProperty immutableObjectParse:bufferSize:]	
106cb2398	106cb23bb	decompiled	chunks/004/functions-000260.c	+[SCDeviceProperty objectClassFunctionPointer]	
106cb23bc	106cb250f	decompiled	chunks/004/functions-000260.c		
106cb2510	106cb2583	decompiled	chunks/004/functions-000260.c		
106cb2584	106cb2a4f	decompiled	chunks/004/functions-000260.c		
106cb2a50	106cb2ac3	decompiled	chunks/004/functions-000260.c		
106cb2ac4	106cb2dff	decompiled	chunks/004/functions-000260.c		
106cb2e00	106cb2e8b	decompiled	chunks/004/functions-000260.c		
106cb2e8c	106cb2ec7	decompiled	chunks/004/functions-000260.c	-[SCDevicePropertyChangeRequest .cxx_destruct]	
106cb2ec8	106cb2ed3	decompiled	chunks/004/functions-000260.c	-[SCDevicePropertyChangeRequest table]	
106cb2ed4	106cb2f1b	decompiled	chunks/004/functions-000260.c	-[SCDevicePropertyChangeRequest createTableWithSQLite:]	
106cb2f1c	106cb330b	decompiled	chunks/004/functions-000260.c	-[SCDevicePropertyChangeRequest transactWithSQLite:flatbuffers:]	
106cb330c	106cb35f3	decompiled	chunks/004/functions-000260.c		
106cb35f4	106cb3723	decompiled	chunks/004/functions-000260.c		
106cb3724	106cb3787	decompiled	chunks/004/functions-000260.c		
106cb3788	106cb380f	decompiled	chunks/004/functions-000260.c		
106cb3810	106cb389b	decompiled	chunks/004/functions-000260.c		
106cb389c	106cb38a7	decompiled	chunks/004/functions-000260.c	+[SCUserSync table]	
106cb38a8	106cb3997	decompiled	chunks/004/functions-000260.c	+[SCUserSync immutableObjectParse:bufferSize:]	
106cb3998	106cb39bb	decompiled	chunks/004/functions-000260.c	+[SCUserSync objectClassFunctionPointer]	
106cb39bc	106cb3a5f	decompiled	chunks/004/functions-000260.c		
106cb3a60	106cb3d83	decompiled	chunks/004/functions-000260.c		
106cb3d84	106cb3df7	decompiled	chunks/004/functions-000260.c		
106cb3df8	106cb3fbb	decompiled	chunks/004/functions-000260.c		
106cb3fbc	106cb401b	decompiled	chunks/004/functions-000260.c		
106cb401c	106cb4027	decompiled	chunks/004/functions-000260.c	-[SCUserSyncChangeRequest .cxx_destruct]	
106cb4028	106cb4033	decompiled	chunks/004/functions-000260.c	-[SCUserSyncChangeRequest table]	
106cb4034	106cb407b	decompiled	chunks/004/functions-000260.c	-[SCUserSyncChangeRequest createTableWithSQLite:]	
106cb407c	106cb4403	decompiled	chunks/004/functions-000260.c	-[SCUserSyncChangeRequest transactWithSQLite:flatbuffers:]	
106cb4404	106cb45df	decompiled	chunks/004/functions-000260.c		
106cb45e0	106cb4653	decompiled	chunks/004/functions-000260.c	-[SCSupportsHevcPropertyHandler initWithRdc:]	
106cb4654	106cb48c7	decompiled	chunks/004/functions-000260.c	-[SCSupportsHevcPropertyHandler evaluatePropertyWithFeatureProvidedSignals:supValueGetter:]	
106cb48c8	106cb48d3	decompiled	chunks/004/functions-000260.c	-[SCSupportsHevcPropertyHandler .cxx_destruct]	
106cb48d4	106cb49a7	decompiled	chunks/004/functions-000260.c	-[SCSupportsHevcPropertyHandlerEntryPoint begin]	
106cb49a8	106cb4a33	decompiled	chunks/004/functions-000260.c	-[SCSupportsHevcPropertyHandlerEntryPoint end]	
106cb4a34	106cb4a77	decompiled	chunks/004/functions-000260.c	-[SCSupportsHevcPropertyHandlerEntryPoint .cxx_destruct]	
106cb4a78	106cb4a8f	decompiled	chunks/004/functions-000260.c	-[SCCofOverrideFetcher initWithPropertyOverrideFilePath:]	
106cb4a90	106cb4a97	decompiled	chunks/004/functions-000260.c	-[SCCofOverrideFetcher getPropertyOverride:]	
106cb4a98	106cb4a9b	decompiled	chunks/004/functions-000260.c	-[SCCofOverrideFetcher refreshPropertyOverridesMap]	
106cb4a9c	106cb4aa3	decompiled	chunks/004/functions-000260.c	-[SCCofOverrideFetcher readDataFromFile]	
106cb4aa4	106cb4aab	decompiled	chunks/004/functions-000260.c	-[SCCofOverrideFetcher propertyOverrideFilePath]	
106cb4aac	106cb4adb	decompiled	chunks/004/functions-000260.c	-[SCCofOverrideFetcher setPropertyOverrideFilePath:]	
106cb4adc	106cb4ae3	decompiled	chunks/004/functions-000260.c	-[SCCofOverrideFetcher propertyOverridesMap]	
106cb4ae4	106cb4b13	decompiled	chunks/004/functions-000260.c	-[SCCofOverrideFetcher setPropertyOverridesMap:]	
106cb4b14	106cb4b7b	decompiled	chunks/004/functions-000260.c	-[SCCofOverrideFetcher .cxx_destruct]	
106cb4b7c	106cb4bbb	decompiled	chunks/004/functions-000260.c		
106cb4bbc	106cb4c73	decompiled	chunks/004/functions-000260.c		
106cb4c74	106cb4cdb	decompiled	chunks/004/functions-000260.c	+[SCCofClientPropertyOverrideList descriptor]	
106cb4cdc	106cb4d43	decompiled	chunks/004/functions-000260.c	+[SCCofClientPropertyOverride descriptor]	
106cb4d44	106cb4ddf	decompiled	chunks/004/functions-000260.c	-[SCDeviceCapabilityProperty initWithPropertyType:becomesStaleAtMs:item:]	
106cb4de0	106cb4de7	decompiled	chunks/004/functions-000260.c	-[SCDeviceCapabilityProperty propertyType]	
106cb4de8	106cb4def	decompiled	chunks/004/functions-000260.c	-[SCDeviceCapabilityProperty setPropertyType:]	
106cb4df0	106cb4dfb	decompiled	chunks/004/functions-000260.c	-[SCDeviceCapabilityProperty item]	
106cb4dfc	106cb4e03	decompiled	chunks/004/functions-000260.c	-[SCDeviceCapabilityProperty setItem:]	
106cb4e04	106cb4e0b	decompiled	chunks/004/functions-000260.c	-[SCDeviceCapabilityProperty becomesStaleAtMs]	
106cb4e0c	106cb4e13	decompiled	chunks/004/functions-000260.c	-[SCDeviceCapabilityProperty setBecomesStaleAtMs:]	
106cb4e14	106cb4e1f	decompiled	chunks/004/functions-000260.c	-[SCDeviceCapabilityProperty .cxx_destruct]	
106cb4e20	106cb4e93	decompiled	chunks/004/functions-000260.c	-[SCRecipientDeviceCapabilityServices initWithRecipientDeviceCapability:]	
106cb4e94	106cb4e9b	decompiled	chunks/004/functions-000260.c	-[SCRecipientDeviceCapabilityServices recipientDeviceCapability]	
106cb4e9c	106cb4ea7	decompiled	chunks/004/functions-000260.c	-[SCRecipientDeviceCapabilityServices .cxx_destruct]	
106cb4ea8	106cb4f1b	decompiled	chunks/004/functions-000260.c		
106cb4f1c	106cb4fe3	decompiled	chunks/004/functions-000260.c		
106cb4fe4	106cb5037	decompiled	chunks/004/functions-000260.c	-[SCSystemJobSchedulerEntryPoint _setupBackgroundWakeup]	
106cb5038	106cb50f3	decompiled	chunks/004/functions-000260.c	-[SCSystemJobSchedulerEntryPoint .cxx_destruct]	
106cb50f4	106cb5177	decompiled	chunks/004/functions-000260.c	-[SCUnauthenticatedJobSchedulerEntryPoint begin]	
106cb5178	106cb5443	decompiled	chunks/004/functions-000260.c	-[SCUnauthenticatedJobSchedulerEntryPoint _registerEmptyUserProviders]	
106cb5444	106cb547f	decompiled	chunks/004/functions-000260.c		
106cb5480	106cb54c3	decompiled	chunks/004/functions-000260.c	-[SCUnauthenticatedJobSchedulerEntryPoint .cxx_destruct]	
106cb54c4	106cb559f	decompiled	chunks/004/functions-000260.c	-[SCUserJobProviderEntryPoint begin]	
106cb55a0	106cb55eb	decompiled	chunks/004/functions-000260.c		
106cb55ec	106cb57ff	decompiled	chunks/004/functions-000260.c		
106cb5800	106cb588b	decompiled	chunks/004/functions-000260.c		
106cb588c	106cb5973	decompiled	chunks/004/functions-000260.c		
106cb5974	106cb5b1b	decompiled	chunks/004/functions-000260.c	-[SCUserJobProviderEntryPoint _createJobProcessor:]	
106cb5b1c	106cb5ba7	decompiled	chunks/004/functions-000260.c		
106cb5ba8	106cb5bd7	decompiled	chunks/004/functions-000260.c		
106cb5bd8	106cb5d3b	decompiled	chunks/004/functions-000260.c	-[SCUserJobProviderEntryPoint _submitJobProcessorOnRegister:]	
106cb5d3c	106cb5d5f	decompiled	chunks/004/functions-000260.c		
106cb5d60	106cb5f0b	decompiled	chunks/004/functions-000260.c	-[SCUserJobProviderEntryPoint _jobProvidersRegistered:]	
106cb5f0c	106cb5f7b	decompiled	chunks/004/functions-000260.c	-[SCUserJobProviderEntryPoint .cxx_destruct]	
106cb5f7c	106cb605b	decompiled	chunks/004/functions-000260.c	-[SCBatchJob initWithJobUUID:batchCompletionCallback:]	
106cb605c	106cb6083	decompiled	chunks/004/functions-000260.c	-[SCBatchJob succeededJobs]	
106cb6084	106cb60ab	decompiled	chunks/004/functions-000260.c	-[SCBatchJob failedJobs]	
106cb60ac	106cb6127	decompiled	chunks/004/functions-000260.c	-[SCBatchJob jobSucceeded:]	
106cb6128	106cb61a3	decompiled	chunks/004/functions-000260.c	-[SCBatchJob jobFailed:]	
106cb61a4	106cb61c3	decompiled	chunks/004/functions-000261.c	-[SCBatchJob isBatchCompleted]	
106cb61c4	106cb620b	decompiled	chunks/004/functions-000261.c	-[SCBatchJob .cxx_destruct]	
106cb620c	106cb628f	decompiled	chunks/004/functions-000261.c	-[SCInternalBGTaskManager initWithBGTaskWrapper:]	
106cb6290	106cb62d3	decompiled	chunks/004/functions-000261.c	-[SCInternalBGTaskManager beginTask]	
106cb62d4	106cb6337	decompiled	chunks/004/functions-000261.c	-[SCInternalBGTaskManager endTask]	
106cb6338	106cb6343	decompiled	chunks/004/functions-000261.c	-[SCInternalBGTaskManager .cxx_destruct]	
106cb6344	106cb63f7	decompiled	chunks/004/functions-000261.c	-[SCInternalBGJobProcessorWrapper initWithJobProcessor:backgroundExecutionWrapper:]	
106cb63f8	106cb6563	decompiled	chunks/004/functions-000261.c	-[SCInternalBGJobProcessorWrapper processJobWithJobConfig:input:context:onComplete:]	
106cb6564	106cb656b	decompiled	chunks/004/functions-000261.c		
106cb656c	106cb65c3	decompiled	chunks/004/functions-000261.c		
106cb65c4	106cb65f3	decompiled	chunks/004/functions-000261.c	-[SCInternalBGJobProcessorWrapper .cxx_destruct]	
106cb65f4	106cb6623	decompiled	chunks/004/functions-000261.c	-[SCJobExecutor setUserJobProviders:]	
106cb6624	106cb6653	decompiled	chunks/004/functions-000261.c	-[SCJobExecutor setSystemJobProviders:]	
106cb6654	106cb6933	decompiled	chunks/004/functions-000261.c	-[SCJobExecutor executeJobWithType:jobInput:jobInfo:wrapInBGProcessor:scope:queuePerformer:onComplete:]	
106cb6934	106cb695b	decompiled	chunks/004/functions-000261.c		
106cb695c	106cb6d4f	decompiled	chunks/004/functions-000261.c	-[SCJobExecutor _executeJobProcessor:jobInput:jobInfo:jobTypeIdentifier:wrapInBGProcessor:scope:queuePerformer:onComplete:]	
106cb6d50	106cb6d63	decompiled	chunks/004/functions-000261.c		
106cb6d64	106cb6f33	decompiled	chunks/004/functions-000261.c		
106cb6f34	106cb6f63	decompiled	chunks/004/functions-000261.c		
106cb6f64	106cb6fd7	decompiled	chunks/004/functions-000261.c		
106cb6fd8	106cb7107	decompiled	chunks/004/functions-000261.c		
106cb7108	106cb711b	decompiled	chunks/004/functions-000261.c		
106cb711c	106cb729f	decompiled	chunks/004/functions-000261.c	-[SCJobExecutor notifyJobProviderJobDeletion:jobInput:jobDeletionReason:]	
106cb72a0	106cb72e7	decompiled	chunks/004/functions-000261.c	-[SCJobExecutor _jobProvidersWithScope:]	
106cb72e8	106cb7447	decompiled	chunks/004/functions-000261.c	-[SCJobExecutor _jobProviderWithType:scope:jobProviders:]	
106cb7448	106cb746f	decompiled	chunks/004/functions-000261.c	-[SCJobExecutor _jobTimeoutInSecondsWithJobConfig:]	
106cb7470	106cb74b7	decompiled	chunks/004/functions-000261.c	-[SCJobExecutor .cxx_destruct]	
106cb74b8	106cb74eb	decompiled	chunks/004/functions-000261.c	-[SCJobQueue jobExistsWithUUID:scope:]	
106cb74ec	106cb75a3	decompiled	chunks/004/functions-000261.c	-[SCJobQueue jobExistsWithType:jobSubtypeIdentifier:scope:]	
106cb75a4	106cb764f	decompiled	chunks/004/functions-000261.c	-[SCJobQueue fetchAllJobs]	
106cb7650	106cb76af	decompiled	chunks/004/functions-000261.c	-[SCJobQueue fetchAllJobsForScope:]	
106cb76b0	106cb772f	decompiled	chunks/004/functions-000261.c	-[SCJobQueue fetchJobWithUUID:scope:]	
106cb7730	106cb7a5f	decompiled	chunks/004/functions-000261.c	-[SCJobQueue enqueueJobWithInput:jobConfig:queue:onComplete:]	
106cb7a60	106cb7a9b	decompiled	chunks/004/functions-000261.c		
106cb7a9c	106cb7dc7	decompiled	chunks/004/functions-000261.c		
106cb7dc8	106cb7eb3	decompiled	chunks/004/functions-000261.c		
106cb7eb4	106cb7f13	decompiled	chunks/004/functions-000261.c		
106cb7f14	106cb820b	decompiled	chunks/004/functions-000261.c	-[SCJobQueue deleteJobWithType:jobSubtypeIdentifier:scope:queue:onComplete:]	
106cb820c	106cb8223	decompiled	chunks/004/functions-000261.c		
106cb8224	106cb83f3	decompiled	chunks/004/functions-000261.c		
106cb83f4	106cb84b7	decompiled	chunks/004/functions-000261.c		
106cb84b8	106cb877f	decompiled	chunks/004/functions-000261.c	-[SCJobQueue deleteJobWithUUID:scope:queue:onComplete:]	
106cb8780	106cb8797	decompiled	chunks/004/functions-000261.c		
106cb8798	106cb889b	decompiled	chunks/004/functions-000261.c		
106cb889c	106cb895f	decompiled	chunks/004/functions-000261.c		
106cb8960	106cb8c1b	decompiled	chunks/004/functions-000261.c	-[SCJobQueue updateJobScheduledTimeWithUUID:scheduledTime:attemptCount:scope:queue:onComplete:]	
106cb8c1c	106cb8c33	decompiled	chunks/004/functions-000261.c		
106cb8c34	106cb8d53	decompiled	chunks/004/functions-000261.c		
106cb8d54	106cb8dfb	decompiled	chunks/004/functions-000261.c		
106cb8dfc	106cb8e47	decompiled	chunks/004/functions-000261.c	-[SCJobQueue _docObjectContextWithScope:]	
106cb8e48	106cb8e7f	decompiled	chunks/004/functions-000261.c	-[SCJobQueue _getErrorCodeWhenTransactionFails:scope:]	
106cb8e80	106cb8eaf	decompiled	chunks/004/functions-000261.c	-[SCJobQueue _isUserSessionAlive]	
106cb8eb0	106cb9003	decompiled	chunks/004/functions-000261.c	-[SCJobQueue .cxx_destruct]	
106cb9004	106cb900b	decompiled	chunks/004/functions-000261.c	-[SCJobSchedulerImplementation _submitJobWithInput:jobConfig:queue:onComplete:]	
106cb900c	106cb9173	decompiled	chunks/004/functions-000261.c	-[SCJobSchedulerImplementation cancelJobWithTypeIdentifier:jobSubtypeIdentifier:jobScope:queue:onComplete:]	
106cb9174	106cb91af	decompiled	chunks/004/functions-000261.c		
106cb91b0	106cb91b7	decompiled	chunks/004/functions-000261.c	-[SCJobSchedulerImplementation _cancelJobWithTypeIdentifier:jobSubtypeIdentifier:jobScope:queue:onComplete:]	
106cb91b8	106cb931f	decompiled	chunks/004/functions-000261.c	-[SCJobSchedulerImplementation jobExistsWithTypeIdentifier:jobSubtypeIdentifier:jobScope:queue:onComplete:]	
106cb9320	106cb935b	decompiled	chunks/004/functions-000261.c		
106cb935c	106cb9363	decompiled	chunks/004/functions-000261.c	-[SCJobSchedulerImplementation _jobExistsWithTypeIdentifier:jobSubtypeIdentifier:jobScope:queue:onComplete:]	
106cb9364	106cb9463	decompiled	chunks/004/functions-000261.c	-[SCJobSchedulerImplementation runningJobsWithQueue:onComplete:]	
106cb9464	106cb956b	decompiled	chunks/004/functions-000261.c		
106cb956c	106cb95b3	decompiled	chunks/004/functions-000261.c		
106cb95b4	106cb95bb	decompiled	chunks/004/functions-000261.c	-[SCJobSchedulerImplementation _runningJobsWithQueue:onComplete:]	
106cb95bc	106cb9693	decompiled	chunks/004/functions-000261.c	-[SCJobSchedulerImplementation setUserJobProviders:]	
106cb9694	106cb96c7	decompiled	chunks/004/functions-000261.c		
106cb96c8	106cb96f7	decompiled	chunks/004/functions-000261.c	-[SCJobSchedulerImplementation _setUserJobProviders:]	
106cb96f8	106cb97cf	decompiled	chunks/004/functions-000261.c	-[SCJobSchedulerImplementation setSystemJobProviders:]	
106cb97d0	106cb9803	decompiled	chunks/004/functions-000261.c		
106cb9804	106cb9833	decompiled	chunks/004/functions-000261.c	-[SCJobSchedulerImplementation _setSystemJobProviders:]	
106cb9834	106cb98db	decompiled	chunks/004/functions-000261.c	-[SCJobSchedulerImplementation _applicationEnteredForeground]	
106cb98dc	106cb990b	decompiled	chunks/004/functions-000261.c		
106cb990c	106cb99b3	decompiled	chunks/004/functions-000261.c	-[SCJobSchedulerImplementation _applicationEnteredBackground]	
106cb99b4	106cb99e3	decompiled	chunks/004/functions-000261.c		
106cb99e4	106cb99f3	decompiled	chunks/004/functions-000261.c	-[SCJobSchedulerImplementation _appStateDidChange:]	
106cb99f4	106cb9a9b	decompiled	chunks/004/functions-000261.c	-[SCJobSchedulerImplementation _handleBatteryStateDidChangeNotification]	
106cb9a9c	106cb9ac7	decompiled	chunks/004/functions-000261.c		
106cb9ac8	106cb9b3b	decompiled	chunks/004/functions-000261.c	-[SCJobSchedulerImplementation _batteryStateDidChange]	
106cb9b3c	106cb9c53	decompiled	chunks/004/functions-000261.c		
106cb9c54	106cb9c9b	decompiled	chunks/004/functions-000261.c		
106cb9c9c	106cb9d37	decompiled	chunks/004/functions-000261.c	-[SCJobSchedulerImplementation _onBackgroundWakeupReceived:]	
106cb9d38	106cb9d6b	decompiled	chunks/004/functions-000261.c		
106cb9d6c	106cb9e0f	decompiled	chunks/004/functions-000261.c	-[SCJobSchedulerImplementation _onBackgroundTaskStarted:completionHandler:notificaionContext:]	
106cb9e10	106cb9e5f	decompiled	chunks/004/functions-000261.c	-[SCJobSchedulerImplementation _onBackgroundTaskExpired:]	
106cb9e60	106cb9f2b	decompiled	chunks/004/functions-000261.c	-[SCJobSchedulerImplementation .cxx_destruct]	
106cb9f2c	106cba1cb	decompiled	chunks/004/functions-000261.c	-[SCJobSchedulingCoordinator submitJobWithInput:jobConfig:queue:onComplete:]	
106cba1cc	106cba1db	decompiled	chunks/004/functions-000261.c		
106cba1dc	106cba31b	decompiled	chunks/004/functions-000261.c		
106cba31c	106cba45b	decompiled	chunks/004/functions-000261.c	-[SCJobSchedulingCoordinator cancelJobWithTypeIdentifier:jobSubtypeIdentifier:jobScope:queue:onComplete:]	
106cba45c	106cba50b	decompiled	chunks/004/functions-000261.c		
106cba50c	106cba51b	decompiled	chunks/004/functions-000261.c		
106cba51c	106cba5eb	decompiled	chunks/004/functions-000261.c	-[SCJobSchedulingCoordinator jobExistsWithTypeIdentifier:jobSubtypeIdentifier:jobScope:queue:onComplete:]	
106cba5ec	106cba5ff	decompiled	chunks/004/functions-000261.c		
106cba600	106cba8d7	decompiled	chunks/004/functions-000261.c	-[SCJobSchedulingCoordinator runningJobsWithQueue:onComplete:]	
106cba8d8	106cba90f	decompiled	chunks/004/functions-000261.c		
106cba910	106cbacc7	decompiled	chunks/004/functions-000261.c	-[SCJobSchedulingCoordinator scheduleBatchJob:batchStartedCallback:batchCompletionCallback:backgroundTriggerSource:]	
106cbacc8	106cbacdf	decompiled	chunks/004/functions-000261.c		
106cbace0	106cbad27	decompiled	chunks/004/functions-000261.c		
106cbad28	106cbad4b	decompiled	chunks/004/functions-000261.c	-[SCJobSchedulingCoordinator appForegrounded]	
106cbad4c	106cbad4f	decompiled	chunks/004/functions-000261.c	-[SCJobSchedulingCoordinator appBackgrounded]	
106cbad50	106cbad5b	decompiled	chunks/004/functions-000262.c	-[SCJobSchedulingCoordinator batteryStateDidChange:batteryLevel:]	
106cbad5c	106cbad5f	decompiled	chunks/004/functions-000262.c	-[SCJobSchedulingCoordinator systemJobProvidersDidChange]	
106cbad60	106cbad6b	decompiled	chunks/004/functions-000262.c	-[SCJobSchedulingCoordinator onCriticalSectionStarted]	
106cbad6c	106cbad73	decompiled	chunks/004/functions-000262.c	-[SCJobSchedulingCoordinator onCriticalSectionEnded]	
106cbad74	106cbaedb	decompiled	chunks/004/functions-000262.c	-[SCJobSchedulingCoordinator _onEnqueueJobCompleteWithInfo:scope:error:queue:onComplete:]	
106cbaedc	106cbaeeb	decompiled	chunks/004/functions-000262.c		
106cbaeec	106cbaf9b	decompiled	chunks/004/functions-000262.c	-[SCJobSchedulingCoordinator _scheduleJob:scope:]	
106cbaf9c	106cbafa7	decompiled	chunks/004/functions-000262.c	-[SCJobSchedulingCoordinator _scheduleJobs:]	
106cbafa8	106cbb6e3	decompiled	chunks/004/functions-000262.c	-[SCJobSchedulingCoordinator _scheduleJobs:jobScheduledCallback:backgroundTriggerSource:]	
106cbb6e4	106cbb733	decompiled	chunks/004/functions-000262.c		
106cbb734	106cbb79f	decompiled	chunks/004/functions-000262.c		
106cbb7a0	106cbbc6b	decompiled	chunks/004/functions-000262.c	-[SCJobSchedulingCoordinator _shouldExecuteJobWithJobInfo:jobConfig:jobTriggerReason:backgroundTriggerSource:]	
106cbbc6c	106cbc497	decompiled	chunks/004/functions-000262.c	-[SCJobSchedulingCoordinator _onJobExecutionCompleteWithJobInfo:jobConfig:jobResult:jobStartedTime:error:perfLoggerInstanceKey:]	
106cbc498	106cbc4c7	decompiled	chunks/004/functions-000262.c		
106cbc4c8	106cbc53f	decompiled	chunks/004/functions-000262.c		
106cbc540	106cbc54f	decompiled	chunks/004/functions-000262.c		
106cbc550	106cbc607	decompiled	chunks/004/functions-000262.c		
106cbc608	106cbc71f	decompiled	chunks/004/functions-000262.c	-[SCJobSchedulingCoordinator _onUpdateJobScheduledTimeFinish:jobConfig:rescheduleDelay:error:jobStateUpdate:]	
106cbc720	106cbc82b	decompiled	chunks/004/functions-000262.c	-[SCJobSchedulingCoordinator _scheduleFutureJob:scope:delay:]	
106cbc82c	106cbc877	decompiled	chunks/004/functions-000262.c		
106cbc878	106cbc987	decompiled	chunks/004/functions-000262.c	-[SCJobSchedulingCoordinator _onDeleteJobFinish:jobConfig:deletionReason:error:jobStateUpdate:]	
106cbc988	106cbcb27	decompiled	chunks/004/functions-000262.c	-[SCJobSchedulingCoordinator _deleteJob:jobConfig:deletionReason:jobStateUpdate:]	
106cbcb28	106cbcb83	decompiled	chunks/004/functions-000262.c		
106cbcb84	106cbcf2f	decompiled	chunks/004/functions-000262.c	-[SCJobSchedulingCoordinator triggerBackgroundPrefetch:completionHandler:notificaionContext:]	
106cbcf30	106cbd05f	decompiled	chunks/004/functions-000262.c		
106cbd060	106cbd06b	decompiled	chunks/004/functions-000262.c		
106cbd06c	106cbd0c3	decompiled	chunks/004/functions-000262.c		
106cbd0c4	106cbd1f7	decompiled	chunks/004/functions-000262.c		
106cbd1f8	106cbd203	decompiled	chunks/004/functions-000262.c		
106cbd204	106cbd2e3	decompiled	chunks/004/functions-000262.c		
106cbd2e4	106cbd2ef	decompiled	chunks/004/functions-000262.c		
106cbd2f0	106cbd347	decompiled	chunks/004/functions-000262.c		
106cbd348	106cbd50b	decompiled	chunks/004/functions-000262.c	-[SCJobSchedulingCoordinator triggerBackgroundTaskExpired:graphene:]	
106cbd50c	106cbd62f	decompiled	chunks/004/functions-000262.c	-[SCJobSchedulingCoordinator _handleBachJobFinish:source:completionHandler:]	
106cbd630	106cbd66f	decompiled	chunks/004/functions-000262.c	-[SCJobSchedulingCoordinator _shouldWrapJobInBG:]	
106cbd670	106cbd693	decompiled	chunks/004/functions-000262.c	-[SCJobSchedulingCoordinator _getDeprecatedAppState:]	
106cbd694	106cbd6bf	decompiled	chunks/004/functions-000262.c	-[SCJobSchedulingCoordinator applicationStateToString:]	
106cbd6c0	106cbd767	decompiled	chunks/004/functions-000262.c	-[SCJobSchedulingCoordinator .cxx_destruct]	
106cbd768	106cbd76f	decompiled	chunks/004/functions-000262.c	-[SCJobStatusTracker jobStarted:]	
106cbd770	106cbd777	decompiled	chunks/004/functions-000262.c	-[SCJobStatusTracker batchJobStarted:]	
106cbd778	106cbd967	decompiled	chunks/004/functions-000262.c	-[SCJobStatusTracker jobSucceeded:]	
106cbd968	106cbd96b	decompiled	chunks/004/functions-000262.c	-[SCJobStatusTracker jobRetrybleFailure:]	
106cbd96c	106cbdb5b	decompiled	chunks/004/functions-000262.c	-[SCJobStatusTracker jobFailed:]	
106cbdb5c	106cbdb63	decompiled	chunks/004/functions-000262.c	-[SCJobStatusTracker isJobRunning:]	
106cbdb64	106cbdb8b	decompiled	chunks/004/functions-000262.c	-[SCJobStatusTracker runningJobs]	
106cbdb8c	106cbdbbb	decompiled	chunks/004/functions-000262.c	-[SCJobStatusTracker .cxx_destruct]	
106cbdbbc	106cbdc2b	decompiled	chunks/004/functions-000262.c	+[SCBackgroundTaskStartupRegistration _handleLaunchTask:]	
106cbdc2c	106cbdc4b	decompiled	chunks/004/functions-000262.c		
106cbdc4c	106cbdcf3	decompiled	chunks/004/functions-000262.c	-[SCBackgroundTaskRegistration registerBackgroundTaskWithBackgroundTaskRegistrationMonitor:]	
106cbdcf4	106cbdcfb	decompiled	chunks/004/functions-000262.c		
106cbdcfc	106cbdf8f	decompiled	chunks/004/functions-000262.c	-[SCBackgroundTaskRegistration _postBackgroundWakeupNotification:]	
106cbdf90	106cbe0a7	decompiled	chunks/004/functions-000262.c		
106cbe0a8	106cbe187	decompiled	chunks/004/functions-000262.c	-[SCBackgroundTaskRegistration handleExpiration:instanceKey:]	
106cbe188	106cbe27f	decompiled	chunks/004/functions-000262.c	-[SCBackgroundTaskRegistration submitBGTask]	
106cbe280	106cbe2c7	decompiled	chunks/004/functions-000262.c		
106cbe2c8	106cbe447	decompiled	chunks/004/functions-000262.c	-[SCBackgroundTaskRegistration _resubmitBGTask:]	
106cbe448	106cbe4bf	decompiled	chunks/004/functions-000262.c	-[SCBackgroundTaskRegistration _triggerSourceWithBGTask:]	
106cbe4c0	106cbe55f	decompiled	chunks/004/functions-000262.c	-[SCBackgroundTaskRegistration _timeIntervalInMinutesForTaskIdentifier:]	
106cbe560	106cbe63b	decompiled	chunks/004/functions-000262.c	-[SCBackgroundTaskRegistration _submitBackgroundProcessingTask]	
106cbe63c	106cbe717	decompiled	chunks/004/functions-000262.c	-[SCBackgroundTaskRegistration _submitBackgroundAppRefreshTask]	
106cbe718	106cbe723	decompiled	chunks/004/functions-000262.c	+[SCBackgroundTaskRegistration SCBackgroundTaskRegistrationSettingFromInt:]	
106cbe724	106cbe733	decompiled	chunks/004/functions-000262.c	+[SCBackgroundTaskRegistration SCBackgroundTaskRegistrationQosSettingFromInt:]	
106cbe734	106cbe793	decompiled	chunks/004/functions-000262.c	-[SCBackgroundTaskRegistration .cxx_destruct]	
106cbe794	106cbe7fb	decompiled	chunks/004/functions-000262.c	-[SCBackgroundTaskRegistrationMonitor initWithTimeout:]	
106cbe7fc	106cbe81f	decompiled	chunks/004/functions-000262.c	-[SCBackgroundTaskRegistrationMonitor waitForBackgroundTaskRegistration]	
106cbe820	106cbe827	decompiled	chunks/004/functions-000262.c	-[SCBackgroundTaskRegistrationMonitor signalBackgroundTaskRegistrationComplete]	
106cbe828	106cbe82f	decompiled	chunks/004/functions-000262.c	-[SCBackgroundTaskRegistrationMonitor dispatchTime]	
106cbe830	106cbe837	decompiled	chunks/004/functions-000262.c	-[SCBackgroundTaskRegistrationMonitor setDispatchTime:]	
106cbe838	106cbe83f	decompiled	chunks/004/functions-000262.c	-[SCBackgroundTaskRegistrationMonitor semaphore]	
106cbe840	106cbe86f	decompiled	chunks/004/functions-000262.c	-[SCBackgroundTaskRegistrationMonitor setSemaphore:]	
106cbe870	106cbe87b	decompiled	chunks/004/functions-000262.c	-[SCBackgroundTaskRegistrationMonitor .cxx_destruct]	
106cbe87c	106cbe90b	decompiled	chunks/004/functions-000262.c		
106cbe90c	106cbea77	decompiled	chunks/004/functions-000262.c		
106cbea78	106cbeb27	decompiled	chunks/004/functions-000262.c		
106cbeb28	106cbec2f	decompiled	chunks/004/functions-000262.c		
106cbec30	106cbeddf	decompiled	chunks/004/functions-000262.c		
106cbede0	106cbef5f	decompiled	chunks/004/functions-000262.c		
106cbef60	106cbf087	decompiled	chunks/004/functions-000262.c		
106cbf088	106cbf183	decompiled	chunks/004/functions-000262.c		
106cbf184	106cbf2db	decompiled	chunks/004/functions-000262.c		
106cbf2dc	106cbf3cb	decompiled	chunks/004/functions-000262.c		
106cbf3cc	106cbf487	decompiled	chunks/004/functions-000262.c		
106cbf488	106cbf523	decompiled	chunks/004/functions-000262.c		
106cbf524	106cbf6a3	decompiled	chunks/004/functions-000262.c		
106cbf6a4	106cbf777	decompiled	chunks/004/functions-000262.c		
106cbf778	106cbf88f	decompiled	chunks/004/functions-000262.c		
106cbf890	106cbf907	decompiled	chunks/004/functions-000262.c		
106cbf908	106cbf917	decompiled	chunks/004/functions-000262.c		
106cbf918	106cbfb77	decompiled	chunks/004/functions-000262.c		
106cbfb78	106cbfbff	decompiled	chunks/004/functions-000262.c		
106cbfc00	106cbfc2b	decompiled	chunks/004/functions-000262.c		
106cbfc2c	106cc036f	decompiled	chunks/004/functions-000262.c	-[SCJobSchedulerJobInfoDataSource fetchJobInfoWithContext:jobTypeIdentifier:jobSubtypeIdentifier:scope:]	
106cc0370	106cc046b	decompiled	chunks/004/functions-000262.c		
106cc046c	106cc0817	decompiled	chunks/004/functions-000262.c	-[SCJobSchedulerJobInfoDataSource fetchJobInfoWithContext:uuid:scope:]	
106cc0818	106cc0873	decompiled	chunks/004/functions-000262.c		
106cc0874	106cc0a83	decompiled	chunks/004/functions-000262.c	-[SCJobSchedulerJobInfoDataSource fetchJobInfo:scope:]	
106cc0a84	106cc0cd7	decompiled	chunks/004/functions-000262.c	-[SCJobSchedulerJobInfoDataSource upsertJobInfoWithContext:jobInfo:scope:]	
106cc0cd8	106cc0dbb	decompiled	chunks/004/functions-000262.c		
106cc0dbc	106cc0fc3	decompiled	chunks/004/functions-000262.c	-[SCJobSchedulerJobInfoDataSource deleteJobInfoWithContext:jobInfo:scope:]	
106cc0fc4	106cc1057	decompiled	chunks/004/functions-000262.c		
106cc1058	106cc1063	decompiled	chunks/004/functions-000263.c	-[SCJobSchedulerJobInfoDataSource .cxx_destruct]	
106cc1064	106cc126f	decompiled	chunks/004/functions-000263.c		
106cc1270	106cc12b7	decompiled	chunks/004/functions-000263.c		
106cc12b8	106cc1353	decompiled	chunks/004/functions-000263.c		
106cc1354	106cc148f	decompiled	chunks/004/functions-000263.c		
106cc1490	106cc14bb	decompiled	chunks/004/functions-000263.c	+[SCGrapheneJobSchedulerMetric jobEnqueued]	
106cc14bc	106cc14e7	decompiled	chunks/004/functions-000263.c	+[SCGrapheneJobSchedulerMetric jobScheduled]	
106cc14e8	106cc1513	decompiled	chunks/004/functions-000263.c	+[SCGrapheneJobSchedulerMetric jobExecuted]	
106cc1514	106cc153f	decompiled	chunks/004/functions-000263.c	+[SCGrapheneJobSchedulerMetric jobStatus]	
106cc1540	106cc156b	decompiled	chunks/004/functions-000263.c	+[SCGrapheneJobSchedulerMetric jobBackgroundTask]	
106cc156c	106cc1597	decompiled	chunks/004/functions-000263.c	+[SCGrapheneJobSchedulerMetric jobBackgroundWakeupFinished]	
106cc1598	106cc15c3	decompiled	chunks/004/functions-000263.c	+[SCGrapheneJobSchedulerMetric jobBackgroundTaskExpired]	
106cc15c4	106cc1663	decompiled	chunks/004/functions-000263.c	-[SCGrapheneJobSchedulerMetric description]	
106cc1664	106cc1743	decompiled	chunks/004/functions-000263.c	-[SCComposerModuleJobProcessorEntryPoint begin]	
106cc1744	106cc177b	decompiled	chunks/004/functions-000263.c	-[SCComposerModuleJobProcessorEntryPoint .cxx_destruct]	
106cc177c	106cc177f	decompiled	chunks/004/functions-000263.c		
106cc1780	106cc17f3	decompiled	chunks/004/functions-000263.c	-[SCComposerJobSchedulerImpl cancelWithJobIdentifier:subIdentifier:]	
106cc17f4	106cc17ff	decompiled	chunks/004/functions-000263.c	-[SCComposerJobSchedulerImpl pushToValdiMarshaller:]	
106cc1800	106cc1813	decompiled	chunks/004/functions-000263.c	-[SCComposerJobSchedulerImpl .cxx_destruct]	
106cc1814	106cc1863	decompiled	chunks/004/functions-000263.c		
106cc1864	106cc190b	decompiled	chunks/004/functions-000263.c	-[SCComposerModuleJobProcessorImpl initWithValdiRuntimeProvider:]	
106cc190c	106cc1aef	decompiled	chunks/004/functions-000263.c	-[SCComposerModuleJobProcessorImpl processJobWithJobConfig:input:context:onComplete:]	
106cc1af0	106cc1c5b	decompiled	chunks/004/functions-000263.c		
106cc1c5c	106cc1c8b	decompiled	chunks/004/functions-000263.c	-[SCComposerModuleJobProcessorImpl .cxx_destruct]	
106cc1c8c	106cc1c97	decompiled	chunks/004/functions-000263.c	+[SCCJobProcessorComposerJobProcessor modulePath]	
106cc1c98	106cc1c9f	decompiled	chunks/004/functions-000263.c	+[SCCJobProcessorComposerJobProcessor asyncStrictMode]	
106cc1ca0	106cc1d37	decompiled	chunks/004/functions-000263.c	-[SCCJobProcessorComposerJobProcessor composerJobProcessorWithJobProcessorId:subIdentifier:payload:]	
106cc1d38	106cc1e57	decompiled	chunks/004/functions-000263.c	+[SCCJobProcessorComposerJobProcessor invokeWithJSRuntimeProvider:jobProcessorId:subIdentifier:payload:completionHandler:]	
106cc1e58	106cc1edf	decompiled	chunks/004/functions-000263.c		
106cc1ee0	106cc1f23	decompiled	chunks/004/functions-000263.c	+[SCCJobProcessorComposerJobProcessor valdiMarshallableObjectDescriptor]	
106cc1f24	106cc1f2b	decompiled	chunks/004/functions-000263.c	-[SCCJobProcessorComposerCompletionResult__Enum init]	
106cc1f2c	106cc1f9f	decompiled	chunks/004/functions-000263.c	-[SCBasicDataSyncerJobProcessor initWithDataSyncer:]	
106cc1fa0	106cc1ff3	decompiled	chunks/004/functions-000263.c	-[SCBasicDataSyncerJobProcessor jobConfig]	
106cc1ff4	106cc2127	decompiled	chunks/004/functions-000263.c	-[SCBasicDataSyncerJobProcessor processJobWithJobConfig:input:context:onComplete:]	
106cc2128	106cc214f	decompiled	chunks/004/functions-000263.c	-[SCBasicDataSyncerJobProcessor dataSyncer]	
106cc2150	106cc215b	decompiled	chunks/004/functions-000263.c	-[SCBasicDataSyncerJobProcessor .cxx_destruct]	
106cc215c	106cc21f7	decompiled	chunks/004/functions-000263.c	-[SCDataSyncerDeltaSyncJobProcessor initWithDataSyncer:deltaSyncServices:]	
106cc21f8	106cc2407	decompiled	chunks/004/functions-000263.c	-[SCDataSyncerDeltaSyncJobProcessor processJobWithJobConfig:input:context:onComplete:]	
106cc2408	106cc249b	decompiled	chunks/004/functions-000263.c		
106cc249c	106cc24f7	decompiled	chunks/004/functions-000263.c	-[SCDataSyncerDeltaSyncJobProcessor _postSync:error:]	
106cc24f8	106cc258f	decompiled	chunks/004/functions-000263.c	-[SCDataSyncerDeltaSyncJobProcessor _deltaSyncService]	
106cc2590	106cc2597	decompiled	chunks/004/functions-000263.c	-[SCDataSyncerDeltaSyncJobProcessor canProcessDeltaSyncWithGroupKey:]	
106cc2598	106cc259f	decompiled	chunks/004/functions-000263.c	-[SCDataSyncerDeltaSyncJobProcessor processDeltaSyncWithGroupKey:isFullSync:updates:deletions:transactionContext:]	
106cc25a0	106cc25a7	decompiled	chunks/004/functions-000263.c	-[SCDataSyncerDeltaSyncJobProcessor type]	
106cc25a8	106cc25fb	decompiled	chunks/004/functions-000263.c	-[SCDataSyncerDeltaSyncJobProcessor jobConfig]	
106cc25fc	106cc2623	decompiled	chunks/004/functions-000263.c	-[SCDataSyncerDeltaSyncJobProcessor dataSyncer]	
106cc2624	106cc264f	decompiled	chunks/004/functions-000263.c	-[SCDataSyncerDeltaSyncJobProcessor .cxx_destruct]	
106cc2650	106cc2783	decompiled	chunks/004/functions-000263.c		
106cc2784	106cc291f	decompiled	chunks/004/functions-000263.c	-[SCJobSchedulerJobInfo initWithUuid:type:identifier:state:submittedTimestamp:scheduledTimestamp:config:input:attemptCount:]	
106cc2920	106cc2943	decompiled	chunks/004/functions-000263.c	-[SCJobSchedulerJobInfo copyWithZone:]	
106cc2944	106cc2a4f	decompiled	chunks/004/functions-000263.c	-[SCJobSchedulerJobInfo hash]	
106cc2a50	106cc2c0f	decompiled	chunks/004/functions-000263.c	-[SCJobSchedulerJobInfo isEqual:]	
106cc2c10	106cc2c1f	decompiled	chunks/004/functions-000263.c	-[SCJobSchedulerJobInfo uuid]	
106cc2c20	106cc2c2f	decompiled	chunks/004/functions-000263.c	-[SCJobSchedulerJobInfo type]	
106cc2c30	106cc2c3f	decompiled	chunks/004/functions-000263.c	-[SCJobSchedulerJobInfo identifier]	
106cc2c40	106cc2c4f	decompiled	chunks/004/functions-000263.c	-[SCJobSchedulerJobInfo state]	
106cc2c50	106cc2c5f	decompiled	chunks/004/functions-000263.c	-[SCJobSchedulerJobInfo submittedTimestamp]	
106cc2c60	106cc2c6f	decompiled	chunks/004/functions-000263.c	-[SCJobSchedulerJobInfo scheduledTimestamp]	
106cc2c70	106cc2c7f	decompiled	chunks/004/functions-000263.c	-[SCJobSchedulerJobInfo config]	
106cc2c80	106cc2c8f	decompiled	chunks/004/functions-000263.c	-[SCJobSchedulerJobInfo input]	
106cc2c90	106cc2c9f	decompiled	chunks/004/functions-000263.c	-[SCJobSchedulerJobInfo attemptCount]	
106cc2ca0	106cc2d0f	decompiled	chunks/004/functions-000263.c	-[SCJobSchedulerJobInfo .cxx_destruct]	
106cc2d10	106cc2e4f	decompiled	chunks/004/functions-000263.c		
106cc2e50	106cc2eaf	decompiled	chunks/004/functions-000263.c		
106cc2eb0	106cc2f13	decompiled	chunks/004/functions-000263.c		
106cc2f14	106cc2f9b	decompiled	chunks/004/functions-000263.c		
106cc2f9c	106cc3027	decompiled	chunks/004/functions-000263.c		
106cc3028	106cc308b	decompiled	chunks/004/functions-000263.c		
106cc308c	106cc3113	decompiled	chunks/004/functions-000263.c		
106cc3114	106cc319f	decompiled	chunks/004/functions-000263.c		
106cc31a0	106cc3203	decompiled	chunks/004/functions-000263.c		
106cc3204	106cc328b	decompiled	chunks/004/functions-000263.c		
106cc328c	106cc3317	decompiled	chunks/004/functions-000263.c		
106cc3318	106cc3323	decompiled	chunks/004/functions-000263.c	+[SCJobSchedulerJobInfo table]	
106cc3324	106cc3683	decompiled	chunks/004/functions-000263.c	+[SCJobSchedulerJobInfo immutableObjectParse:bufferSize:]	
106cc3684	106cc3697	decompiled	chunks/004/functions-000263.c	+[SCJobSchedulerJobInfo objectClassFunctionPointer]	
106cc3698	106cc3737	decompiled	chunks/004/functions-000263.c		
106cc3738	106cc3957	decompiled	chunks/004/functions-000263.c		
106cc3958	106cc3aef	decompiled	chunks/004/functions-000263.c		
106cc3af0	106cc3fc3	decompiled	chunks/004/functions-000263.c		
106cc3fc4	106cc4037	decompiled	chunks/004/functions-000263.c		
106cc4038	106cc43f7	decompiled	chunks/004/functions-000263.c		
106cc43f8	106cc4473	decompiled	chunks/004/functions-000263.c		
106cc4474	106cc44c7	decompiled	chunks/004/functions-000263.c	-[SCJobSchedulerJobInfoChangeRequest .cxx_destruct]	
106cc44c8	106cc44d3	decompiled	chunks/004/functions-000263.c	-[SCJobSchedulerJobInfoChangeRequest table]	
106cc44d4	106cc4707	decompiled	chunks/004/functions-000263.c	-[SCJobSchedulerJobInfoChangeRequest createTableWithSQLite:]	
106cc4708	106cc55bf	decompiled	chunks/004/functions-000263.c	-[SCJobSchedulerJobInfoChangeRequest transactWithSQLite:flatbuffers:]	
106cc55c0	106cc58ff	decompiled	chunks/004/functions-000263.c		
106cc5900	106cc5a2f	decompiled	chunks/004/functions-000263.c		
106cc5a30	106cc5b33	decompiled	chunks/004/functions-000263.c		
106cc5b34	106cc5c8b	decompiled	chunks/004/functions-000263.c		
106cc5c8c	106cc5d53	decompiled	chunks/004/functions-000263.c		
106cc5d54	106cc5e73	decompiled	chunks/004/functions-000263.c		
106cc5e74	106cc5f43	decompiled	chunks/004/functions-000263.c		
106cc5f44	106cc603b	decompiled	chunks/004/functions-000263.c		
106cc603c	106cc620f	decompiled	chunks/004/functions-000263.c		
106cc6210	106cc6263	decompiled	chunks/004/functions-000263.c	+[SCTracingServicesCLIManager shared]	
106cc6264	106cc628f	decompiled	chunks/004/functions-000263.c		
106cc6290	106cc64ab	decompiled	chunks/004/functions-000263.c	-[SCTracingServicesCLIManager init]	
106cc64ac	106cc64bb	decompiled	chunks/004/functions-000263.c		
106cc64bc	106cc64e3	decompiled	chunks/004/functions-000264.c	-[SCTracingServicesCLIManager notificationsQueue]	
106cc64e4	106cc650b	decompiled	chunks/004/functions-000264.c	-[SCTracingServicesCLIManager CLITracingDirectory]	
106cc650c	106cc6517	decompiled	chunks/004/functions-000264.c	-[SCTracingServicesCLIManager installUncaughtExceptionHandler]	
106cc6518	106cc6817	decompiled	chunks/004/functions-000264.c		
106cc6818	106cc69bf	decompiled	chunks/004/functions-000264.c	-[SCTracingServicesCLIManager writeLoadAddressToDirectory:]	
106cc69c0	106cc6abf	decompiled	chunks/004/functions-000264.c	-[SCTracingServicesCLIManager writeTraceData:toTracingDirectory:]	
106cc6ac0	106cc6b63	decompiled	chunks/004/functions-000264.c	-[SCTracingServicesCLIManager registerForCLITraceStart:]	
106cc6b64	106cc6bbf	decompiled	chunks/004/functions-000264.c		
106cc6bc0	106cc6c63	decompiled	chunks/004/functions-000264.c	-[SCTracingServicesCLIManager registerForCLITraceStop:]	
106cc6c64	106cc6cef	decompiled	chunks/004/functions-000264.c		
106cc6cf0	106cc6cf7	decompiled	chunks/004/functions-000264.c	-[SCTracingServicesCLIManager unregisterForCLITrace:]	
106cc6cf8	106cc6cff	decompiled	chunks/004/functions-000264.c	-[SCTracingServicesCLIManager hasActiveTracingSession]	
106cc6d00	106cc6d47	decompiled	chunks/004/functions-000264.c	-[SCTracingServicesCLIManager dealloc]	
106cc6d48	106cc6d77	decompiled	chunks/004/functions-000264.c	-[SCTracingServicesCLIManager .cxx_destruct]	
106cc6d78	106cc6deb	decompiled	chunks/004/functions-000264.c	-[SCGrapheneTracesdkMetric2 init]	
106cc6dec	106cc701b	decompiled	chunks/004/functions-000264.c		
106cc701c	106cc718f	decompiled	chunks/004/functions-000264.c		
106cc7190	106cc7207	decompiled	chunks/004/functions-000264.c		
106cc7208	106cc737b	decompiled	chunks/004/functions-000264.c		
106cc737c	106cc74ef	decompiled	chunks/004/functions-000264.c		
106cc74f0	106cc7567	decompiled	chunks/004/functions-000264.c		
106cc7568	106cc75df	decompiled	chunks/004/functions-000264.c		
106cc75e0	106cc7657	decompiled	chunks/004/functions-000264.c		
106cc7658	106cc76bf	decompiled	chunks/004/functions-000264.c	+[TokenDistributionConfig descriptor]	
106cc76c0	106cc7727	decompiled	chunks/004/functions-000264.c	+[TokenBucketDistributionConfig descriptor]	
106cc7728	106cc778f	decompiled	chunks/004/functions-000264.c	+[BaselineSamplingPolicy descriptor]	
106cc7790	106cc77f7	decompiled	chunks/004/functions-000264.c	+[AndroidTraceConfig descriptor]	
106cc77f8	106cc789b	decompiled	chunks/004/functions-000264.c	-[SCSnapServices initWithSnapSendEvents:contextualNotificationTriggerEvents:]	
106cc789c	106cc78a3	decompiled	chunks/004/functions-000264.c	-[SCSnapServices snapSendEvents]	
106cc78a4	106cc78ab	decompiled	chunks/004/functions-000264.c	-[SCSnapServices contextualNotificationTriggerEvents]	
106cc78ac	106cc78db	decompiled	chunks/004/functions-000264.c	-[SCSnapServices .cxx_destruct]	
106cc78dc	106cc7927	decompiled	chunks/004/functions-000264.c	+[SCContextualNotificationTrigger chatExited]	
106cc7928	106cc796f	decompiled	chunks/004/functions-000264.c	+[SCContextualNotificationTrigger snapSentFromFriendsFeed]	
106cc7970	106cc79bb	decompiled	chunks/004/functions-000264.c	+[SCContextualNotificationTrigger snapViewedOnFriendsFeed]	
106cc79bc	106cc79df	decompiled	chunks/004/functions-000264.c	-[SCContextualNotificationTrigger copyWithZone:]	
106cc79e0	106cc79e7	decompiled	chunks/004/functions-000264.c	-[SCContextualNotificationTrigger hash]	
106cc79e8	106cc7a2b	decompiled	chunks/004/functions-000264.c	-[SCContextualNotificationTrigger internalInit]	
106cc7a2c	106cc7ab3	decompiled	chunks/004/functions-000264.c	-[SCContextualNotificationTrigger isEqual:]	
106cc7ab4	106cc7b4f	decompiled	chunks/004/functions-000264.c	-[SCContextualNotificationTrigger matchSnapSentFromFriendsFeed:snapViewedOnFriendsFeed:chatExited:]	
106cc7b50	106cc7bd7	decompiled	chunks/004/functions-000264.c	-[SCSnapSendEvent initWithRecipientIds:includesMyStory:]	
106cc7bd8	106cc7bfb	decompiled	chunks/004/functions-000264.c	-[SCSnapSendEvent copyWithZone:]	
106cc7bfc	106cc7c67	decompiled	chunks/004/functions-000264.c	-[SCSnapSendEvent hash]	
106cc7c68	106cc7d07	decompiled	chunks/004/functions-000264.c	-[SCSnapSendEvent isEqual:]	
106cc7d08	106cc7d0f	decompiled	chunks/004/functions-000264.c	-[SCSnapSendEvent recipientIds]	
106cc7d10	106cc7d17	decompiled	chunks/004/functions-000264.c	-[SCSnapSendEvent includesMyStory]	
106cc7d18	106cc7d23	decompiled	chunks/004/functions-000264.c	-[SCSnapSendEvent .cxx_destruct]	
106cc7d24	106cc7d97	decompiled	chunks/004/functions-000264.c	-[SCBitmojiFashionNotificationServices initWithProvider:]	
106cc7d98	106cc7d9f	decompiled	chunks/004/functions-000264.c	-[SCBitmojiFashionNotificationServices provider]	
106cc7da0	106cc7dab	decompiled	chunks/004/functions-000264.c	-[SCBitmojiFashionNotificationServices .cxx_destruct]	
106cc7dac	106cc7ea7	decompiled	chunks/004/functions-000264.c	-[SCBloopsStorySharingServices initWithBloopsStoryShareSender:bloopsStoryShareMediaPreparer:bloopsStoryShareMediaConverter:bloopsStoryConversationResolver:]	
106cc7ea8	106cc7eaf	decompiled	chunks/004/functions-000264.c	-[SCBloopsStorySharingServices bloopsStoryShareSender]	
106cc7eb0	106cc7eb7	decompiled	chunks/004/functions-000264.c	-[SCBloopsStorySharingServices bloopsStoryShareMediaPreparer]	
106cc7eb8	106cc7ebf	decompiled	chunks/004/functions-000264.c	-[SCBloopsStorySharingServices bloopsStoryShareMediaConverter]	
106cc7ec0	106cc7ec7	decompiled	chunks/004/functions-000264.c	-[SCBloopsStorySharingServices bloopsStoryConversationResolver]	
106cc7ec8	106cc7f0f	decompiled	chunks/004/functions-000264.c	-[SCBloopsStorySharingServices .cxx_destruct]	
106cc7f10	106cc80af	decompiled	chunks/004/functions-000264.c	-[SCBloopsStoryShareModel initWithCompositeStoryId:snapId:previewMedia:previewMediaMetadata:bloopsSelfiePosition:additionalText:conversations:platformAnalytics:]	
106cc80b0	106cc80d3	decompiled	chunks/004/functions-000264.c	-[SCBloopsStoryShareModel copyWithZone:]	
106cc80d4	106cc8187	decompiled	chunks/004/functions-000264.c	-[SCBloopsStoryShareModel hash]	
106cc8188	106cc82b7	decompiled	chunks/004/functions-000264.c	-[SCBloopsStoryShareModel isEqual:]	
106cc82b8	106cc82bf	decompiled	chunks/004/functions-000264.c	-[SCBloopsStoryShareModel compositeStoryId]	
106cc82c0	106cc82c7	decompiled	chunks/004/functions-000264.c	-[SCBloopsStoryShareModel snapId]	
106cc82c8	106cc82cf	decompiled	chunks/004/functions-000264.c	-[SCBloopsStoryShareModel previewMedia]	
106cc82d0	106cc82d7	decompiled	chunks/004/functions-000264.c	-[SCBloopsStoryShareModel previewMediaMetadata]	
106cc82d8	106cc82df	decompiled	chunks/004/functions-000264.c	-[SCBloopsStoryShareModel bloopsSelfiePosition]	
106cc82e0	106cc82e7	decompiled	chunks/004/functions-000264.c	-[SCBloopsStoryShareModel additionalText]	
106cc82e8	106cc82ef	decompiled	chunks/004/functions-000264.c	-[SCBloopsStoryShareModel conversations]	
106cc82f0	106cc82f7	decompiled	chunks/004/functions-000264.c	-[SCBloopsStoryShareModel platformAnalytics]	
106cc82f8	106cc8363	decompiled	chunks/004/functions-000264.c	-[SCBloopsStoryShareModel .cxx_destruct]	
106cc8364	106cc840f	decompiled	chunks/004/functions-000264.c	-[SCBloopsStoryShareRecipient initWithRecipientId:groupParticipants:]	
106cc8410	106cc8433	decompiled	chunks/004/functions-000264.c	-[SCBloopsStoryShareRecipient copyWithZone:]	
106cc8434	106cc84a7	decompiled	chunks/004/functions-000264.c	-[SCBloopsStoryShareRecipient hash]	
106cc84a8	106cc854f	decompiled	chunks/004/functions-000264.c	-[SCBloopsStoryShareRecipient isEqual:]	
106cc8550	106cc8557	decompiled	chunks/004/functions-000264.c	-[SCBloopsStoryShareRecipient recipientId]	
106cc8558	106cc855f	decompiled	chunks/004/functions-000264.c	-[SCBloopsStoryShareRecipient groupParticipants]	
106cc8560	106cc858f	decompiled	chunks/004/functions-000264.c	-[SCBloopsStoryShareRecipient .cxx_destruct]	
106cc8590	106cc8597	decompiled	chunks/004/functions-000264.c	-[SCBloopsContextServices infoCardVCFactory]	
106cc8598	106cc85a3	decompiled	chunks/004/functions-000264.c	-[SCBloopsContextServices .cxx_destruct]	
106cc85a4	106cc85ab	decompiled	chunks/004/functions-000264.c	-[SCLensStoryLensProcessingServices lensProcessingManager]	
106cc85ac	106cc85b3	decompiled	chunks/004/functions-000264.c	-[SCLensStoryLensProcessingServices lensProcessingUIContainer]	
106cc85b4	106cc85bb	decompiled	chunks/004/functions-000264.c	-[SCLensStoryLensProcessingServices lensProcessingUIGesturesManager]	
106cc85bc	106cc8603	decompiled	chunks/004/functions-000264.c	-[SCLensStoryLensProcessingServices .cxx_destruct]	
106cc8604	106cc86a7	decompiled	chunks/004/functions-000264.c	-[SCLensStoryLensLifeCycleObject initWithLensId:resultPromise:]	
106cc86a8	106cc86cb	decompiled	chunks/004/functions-000264.c	-[SCLensStoryLensLifeCycleObject copyWithZone:]	
106cc86cc	106cc873f	decompiled	chunks/004/functions-000264.c	-[SCLensStoryLensLifeCycleObject hash]	
106cc8740	106cc87e7	decompiled	chunks/004/functions-000264.c	-[SCLensStoryLensLifeCycleObject isEqual:]	
106cc87e8	106cc87ef	decompiled	chunks/004/functions-000264.c	-[SCLensStoryLensLifeCycleObject lensId]	
106cc87f0	106cc87f7	decompiled	chunks/004/functions-000264.c	-[SCLensStoryLensLifeCycleObject resultPromise]	
106cc87f8	106cc8827	decompiled	chunks/004/functions-000264.c	-[SCLensStoryLensLifeCycleObject .cxx_destruct]	
106cc8828	106cc8833	decompiled	chunks/004/functions-000264.c	-[SCCameraNavigationServices .cxx_destruct]	
106cc8834	106cc883b	decompiled	chunks/004/functions-000264.c	-[SCCommerceShoppingLensLaunchServices shoppingLensScopeLauncher]	
106cc883c	106cc8843	decompiled	chunks/004/functions-000264.c	-[SCCommerceShoppingLensLaunchServices shoppingLensLauncherScopeServices]	
106cc8844	106cc8873	decompiled	chunks/004/functions-000264.c	-[SCCommerceShoppingLensLaunchServices .cxx_destruct]	
106cc8874	106cc88e7	decompiled	chunks/004/functions-000264.c	-[SCFriendsFeedMoreUnreadDataServices initWithFriendsFeedMoreUnreadProvider:]	
106cc88e8	106cc88ef	decompiled	chunks/004/functions-000264.c	-[SCFriendsFeedMoreUnreadDataServices friendsFeedMoreUnreadProvider]	
106cc88f0	106cc88fb	decompiled	chunks/004/functions-000264.c	-[SCFriendsFeedMoreUnreadDataServices .cxx_destruct]	
106cc88fc	106cc89a7	decompiled	chunks/004/functions-000264.c	-[SCFriendsFeedMoreUnreadVisibilityContext initWithShouldShow:count:]	
106cc89a8	106cc89cb	decompiled	chunks/004/functions-000264.c	-[SCFriendsFeedMoreUnreadVisibilityContext copyWithZone:]	
106cc89cc	106cc8a3f	decompiled	chunks/004/functions-000264.c	-[SCFriendsFeedMoreUnreadVisibilityContext hash]	
106cc8a40	106cc8ae7	decompiled	chunks/004/functions-000264.c	-[SCFriendsFeedMoreUnreadVisibilityContext isEqual:]	
106cc8ae8	106cc8aef	decompiled	chunks/004/functions-000264.c	-[SCFriendsFeedMoreUnreadVisibilityContext shouldShow]	
106cc8af0	106cc8af7	decompiled	chunks/004/functions-000265.c	-[SCFriendsFeedMoreUnreadVisibilityContext count]	
106cc8af8	106cc8b27	decompiled	chunks/004/functions-000265.c	-[SCFriendsFeedMoreUnreadVisibilityContext .cxx_destruct]	
106cc8b28	106cc8b9b	decompiled	chunks/004/functions-000265.c	-[SCSnapchatterSendingServices initWithSnapchatterSender:]	
106cc8b9c	106cc8ba3	decompiled	chunks/004/functions-000265.c	-[SCSnapchatterSendingServices snapchatterSender]	
106cc8ba4	106cc8baf	decompiled	chunks/004/functions-000265.c	-[SCSnapchatterSendingServices .cxx_destruct]	
106cc8bb0	106cc8c23	decompiled	chunks/004/functions-000265.c	-[SCChatDraftServices initWithChatDraftMutator:]	
106cc8c24	106cc8c2b	decompiled	chunks/004/functions-000265.c	-[SCChatDraftServices chatDraftMutator]	
106cc8c2c	106cc8c37	decompiled	chunks/004/functions-000265.c	-[SCChatDraftServices .cxx_destruct]	
106cc8c38	106cc8cdb	decompiled	chunks/004/functions-000265.c	-[SCChatDraftMentionDataModel initWithUserId:range:searchMode:isNonParticipant:]	
106cc8cdc	106cc8cff	decompiled	chunks/004/functions-000265.c	-[SCChatDraftMentionDataModel copyWithZone:]	
106cc8d00	106cc8d83	decompiled	chunks/004/functions-000265.c	-[SCChatDraftMentionDataModel hash]	
106cc8d84	106cc8e57	decompiled	chunks/004/functions-000265.c	-[SCChatDraftMentionDataModel isEqual:]	
106cc8e58	106cc8e5f	decompiled	chunks/004/functions-000265.c	-[SCChatDraftMentionDataModel userId]	
106cc8e60	106cc8e6b	decompiled	chunks/004/functions-000265.c	-[SCChatDraftMentionDataModel range]	
106cc8e6c	106cc8e73	decompiled	chunks/004/functions-000265.c	-[SCChatDraftMentionDataModel searchMode]	
106cc8e74	106cc8e7b	decompiled	chunks/004/functions-000265.c	-[SCChatDraftMentionDataModel isNonParticipant]	
106cc8e7c	106cc8e87	decompiled	chunks/004/functions-000265.c	-[SCChatDraftMentionDataModel .cxx_destruct]	
106cc8e88	106cc8f5f	decompiled	chunks/004/functions-000265.c	-[SCChatDraftDataModel initWithAttributedText:mentions:previousMessageId:]	
106cc8f60	106cc8f83	decompiled	chunks/004/functions-000265.c	-[SCChatDraftDataModel copyWithZone:]	
106cc8f84	106cc9003	decompiled	chunks/004/functions-000265.c	-[SCChatDraftDataModel hash]	
106cc9004	106cc90c3	decompiled	chunks/004/functions-000265.c	-[SCChatDraftDataModel isEqual:]	
106cc90c4	106cc90cb	decompiled	chunks/004/functions-000265.c	-[SCChatDraftDataModel attributedText]	
106cc90cc	106cc90d3	decompiled	chunks/004/functions-000265.c	-[SCChatDraftDataModel mentions]	
106cc90d4	106cc90db	decompiled	chunks/004/functions-000265.c	-[SCChatDraftDataModel previousMessageId]	
106cc90dc	106cc9117	decompiled	chunks/004/functions-000265.c	-[SCChatDraftDataModel .cxx_destruct]	
106cc9118	106cc9123	decompiled	chunks/004/functions-000265.c	-[SCChatNotificationServices .cxx_destruct]	
106cc9124	106cc9197	decompiled	chunks/004/functions-000265.c	-[SCSmartReplyServices initWithChatConfigurationFactory:]	
106cc9198	106cc919f	decompiled	chunks/004/functions-000265.c	-[SCSmartReplyServices chatConfigurationFactory]	
106cc91a0	106cc91ab	decompiled	chunks/004/functions-000265.c	-[SCSmartReplyServices .cxx_destruct]	
106cc91ac	106cc9223	decompiled	chunks/004/functions-000265.c	-[SCSmartReplyParams initWithSearchQuery:]	
106cc9224	106cc9247	decompiled	chunks/004/functions-000265.c	-[SCSmartReplyParams copyWithZone:]	
106cc9248	106cc924f	decompiled	chunks/004/functions-000265.c	-[SCSmartReplyParams hash]	
106cc9250	106cc92df	decompiled	chunks/004/functions-000265.c	-[SCSmartReplyParams isEqual:]	
106cc92e0	106cc92e7	decompiled	chunks/004/functions-000265.c	-[SCSmartReplyParams searchQuery]	
106cc92e8	106cc92f3	decompiled	chunks/004/functions-000265.c	-[SCSmartReplyParams .cxx_destruct]	
106cc92f4	106cc939b	decompiled	chunks/004/functions-000265.c	-[SCSmartReplyChatInputConfiguration initWithIsSmartReplyEnabled:stickerQuickSearchBarInSmartReplyEnabled:isBackfillEnabled:storiesSmartReplyMode:searchTagModelConfig:]	
106cc939c	106cc93bf	decompiled	chunks/004/functions-000265.c	-[SCSmartReplyChatInputConfiguration copyWithZone:]	
106cc93c0	106cc9437	decompiled	chunks/004/functions-000265.c	-[SCSmartReplyChatInputConfiguration hash]	
106cc9438	106cc9507	decompiled	chunks/004/functions-000265.c	-[SCSmartReplyChatInputConfiguration isEqual:]	
106cc9508	106cc950f	decompiled	chunks/004/functions-000265.c	-[SCSmartReplyChatInputConfiguration isSmartReplyEnabled]	
106cc9510	106cc9517	decompiled	chunks/004/functions-000265.c	-[SCSmartReplyChatInputConfiguration stickerQuickSearchBarInSmartReplyEnabled]	
106cc9518	106cc951f	decompiled	chunks/004/functions-000265.c	-[SCSmartReplyChatInputConfiguration isBackfillEnabled]	
106cc9520	106cc9527	decompiled	chunks/004/functions-000265.c	-[SCSmartReplyChatInputConfiguration storiesSmartReplyMode]	
106cc9528	106cc952f	decompiled	chunks/004/functions-000265.c	-[SCSmartReplyChatInputConfiguration searchTagModelConfig]	
106cc9530	106cc953b	decompiled	chunks/004/functions-000265.c	-[SCSmartReplyChatInputConfiguration .cxx_destruct]	
106cc953c	106cc9607	decompiled	chunks/004/functions-000265.c	-[SCStickerQuickReplyDataProviderServices initWithCTPDataProvider:CTPDataProviderConfiguration:smartReplyDataProvider:]	
106cc9608	106cc960f	decompiled	chunks/004/functions-000265.c	-[SCStickerQuickReplyDataProviderServices CTPDataProviderConfiguration]	
106cc9610	106cc963f	decompiled	chunks/004/functions-000265.c	-[SCStickerQuickReplyDataProviderServices setCTPDataProviderConfiguration:]	
106cc9640	106cc9647	decompiled	chunks/004/functions-000265.c	-[SCStickerQuickReplyDataProviderServices quickReplyCTPDataProvider]	
106cc9648	106cc9677	decompiled	chunks/004/functions-000265.c	-[SCStickerQuickReplyDataProviderServices setQuickReplyCTPDataProvider:]	
106cc9678	106cc967f	decompiled	chunks/004/functions-000265.c	-[SCStickerQuickReplyDataProviderServices smartReplyDataProvider]	
106cc9680	106cc96af	decompiled	chunks/004/functions-000265.c	-[SCStickerQuickReplyDataProviderServices setSmartReplyDataProvider:]	
106cc96b0	106cc96eb	decompiled	chunks/004/functions-000265.c	-[SCStickerQuickReplyDataProviderServices .cxx_destruct]	
106cc96ec	106cc9763	decompiled	chunks/004/functions-000265.c		
106cc9764	106cc97e7	decompiled	chunks/004/functions-000265.c		
106cc97e8	106cc986b	decompiled	chunks/004/functions-000265.c		
106cc986c	106cc98df	decompiled	chunks/004/functions-000265.c	-[SCImpalaStoryPlayerPresenterCreatingFactoryServices initWithImpalaStoryPlayerPresenterCreatingFactory:]	
106cc98e0	106cc98e7	decompiled	chunks/004/functions-000265.c	-[SCImpalaStoryPlayerPresenterCreatingFactoryServices impalaStoryPlayerPresenterCreatingFactory]	
106cc98e8	106cc98f3	decompiled	chunks/004/functions-000265.c	-[SCImpalaStoryPlayerPresenterCreatingFactoryServices .cxx_destruct]	
106cc98f4	106cc9997	decompiled	chunks/004/functions-000265.c	-[SCImpalaStoryPlayerPresenterCreatingService initWithImpalaStoryPlayerPresenterCreator:impalaStoryPlayerCreator:]	
106cc9998	106cc999f	decompiled	chunks/004/functions-000265.c	-[SCImpalaStoryPlayerPresenterCreatingService impalaStoryPlayerPresenterCreator]	
106cc99a0	106cc99a7	decompiled	chunks/004/functions-000265.c	-[SCImpalaStoryPlayerPresenterCreatingService impalaStoryPlayerCreator]	
106cc99a8	106cc99d7	decompiled	chunks/004/functions-000265.c	-[SCImpalaStoryPlayerPresenterCreatingService .cxx_destruct]	
106cc99d8	106cc9afb	decompiled	chunks/004/functions-000265.c	-[SCCreatorsFriendProfileScopeService initWithChatCameraScopeExposer:chatCameraScopeServices:chatScopeExposer:friendProfileScopeExposer:sendToScopeExposer:]	
106cc9afc	106cc9b03	decompiled	chunks/004/functions-000265.c	-[SCCreatorsFriendProfileScopeService chatCameraScopeExposer]	
106cc9b04	106cc9b0b	decompiled	chunks/004/functions-000265.c	-[SCCreatorsFriendProfileScopeService chatCameraScopeServices]	
106cc9b0c	106cc9b13	decompiled	chunks/004/functions-000265.c	-[SCCreatorsFriendProfileScopeService chatScopeExposer]	
106cc9b14	106cc9b1b	decompiled	chunks/004/functions-000265.c	-[SCCreatorsFriendProfileScopeService friendProfileScopeExposer]	
106cc9b1c	106cc9b23	decompiled	chunks/004/functions-000265.c	-[SCCreatorsFriendProfileScopeService sendToScopeExposer]	
106cc9b24	106cc9b77	decompiled	chunks/004/functions-000265.c	-[SCCreatorsFriendProfileScopeService .cxx_destruct]	
106cc9b78	106cc9c1b	decompiled	chunks/004/functions-000265.c	-[SCFriendingNearbyFriendsServices initWithFindNearbyFriendsInteractor:nearbyFriendsRepository:]	
106cc9c1c	106cc9c23	decompiled	chunks/004/functions-000265.c	-[SCFriendingNearbyFriendsServices findNearbyFriendsInteractor]	
106cc9c24	106cc9c2b	decompiled	chunks/004/functions-000265.c	-[SCFriendingNearbyFriendsServices nearbyFriendsRepository]	
106cc9c2c	106cc9c5b	decompiled	chunks/004/functions-000265.c	-[SCFriendingNearbyFriendsServices .cxx_destruct]	
106cc9c5c	106cc9d07	decompiled	chunks/004/functions-000265.c	-[SCFriendingNearbySnapchatter initWithSnapchatter:subtext:]	
106cc9d08	106cc9d2b	decompiled	chunks/004/functions-000265.c	-[SCFriendingNearbySnapchatter copyWithZone:]	
106cc9d2c	106cc9d9f	decompiled	chunks/004/functions-000265.c	-[SCFriendingNearbySnapchatter hash]	
106cc9da0	106cc9e47	decompiled	chunks/004/functions-000265.c	-[SCFriendingNearbySnapchatter isEqual:]	
106cc9e48	106cc9e4f	decompiled	chunks/004/functions-000265.c	-[SCFriendingNearbySnapchatter snapchatter]	
106cc9e50	106cc9e57	decompiled	chunks/004/functions-000265.c	-[SCFriendingNearbySnapchatter subtext]	
106cc9e58	106cc9e87	decompiled	chunks/004/functions-000265.c	-[SCFriendingNearbySnapchatter .cxx_destruct]	
106cc9e88	106cc9e93	decompiled	chunks/004/functions-000265.c	-[SCLensCollectionTabBarServices .cxx_destruct]	
106cc9e94	106cc9e9f	decompiled	chunks/004/functions-000265.c	-[SCMainCameraScopedLensCollectionTabBarServices .cxx_destruct]	
106cc9ea0	106cc9f13	decompiled	chunks/004/functions-000265.c	-[SCMainCameraDeepLinkHandlerPluginScope initWithPlugInRegistry:]	
106cc9f14	106cc9f1b	decompiled	chunks/004/functions-000265.c	-[SCMainCameraDeepLinkHandlerPluginScope plugInRegistry]	
106cc9f1c	106cc9f27	decompiled	chunks/004/functions-000265.c	-[SCMainCameraDeepLinkHandlerPluginScope .cxx_destruct]	
106cc9f28	106cc9f2f	decompiled	chunks/004/functions-000265.c	-[SCCameraLensesViewControllerServices lensAttachmentLauncher]	
106cc9f30	106cc9f37	decompiled	chunks/004/functions-000265.c	-[SCCameraLensesViewControllerServices lensDataProviderUpdater]	
106cc9f38	106cc9f3f	decompiled	chunks/004/functions-000265.c	-[SCCameraLensesViewControllerServices lensURLBrowser]	
106cc9f40	106cc9f9f	decompiled	chunks/004/functions-000265.c	-[SCCameraLensesViewControllerServices .cxx_destruct]	
106cc9fa0	106cc9fab	decompiled	chunks/004/functions-000265.c	-[SCMainCameraScopedCameraLensesViewControllerServices .cxx_destruct]	
106cc9fac	106cca01f	decompiled	chunks/004/functions-000265.c	-[SCLensCallToActionOffCameraServices initWithlensAttachmentLauncher:]	
106cca020	106cca027	decompiled	chunks/004/functions-000265.c	-[SCLensCallToActionOffCameraServices lensAttachmentLauncher]	
106cca028	106cca033	decompiled	chunks/004/functions-000265.c	-[SCLensCallToActionOffCameraServices .cxx_destruct]	
106cca034	106cca073	decompiled	chunks/004/functions-000265.c	-[SCCameraViewControllerInfoProvider state]	
106cca074	106cca08b	decompiled	chunks/004/functions-000265.c	-[SCCameraViewControllerInfoProvider cameraReplyDelegate]	
106cca08c	106cca0a3	decompiled	chunks/004/functions-000265.c	-[SCCameraViewControllerInfoProvider cameraOverlayDelegate]	
106cca0a4	106cca0bb	decompiled	chunks/004/functions-000265.c	-[SCCameraViewControllerInfoProvider gestureRecognizerDelegate]	
106cca0bc	106cca0d3	decompiled	chunks/004/functions-000265.c	-[SCCameraViewControllerInfoProvider cameraUIViewController]	
106cca0d4	106cca0d7	decompiled	chunks/004/functions-000265.c	-[SCCameraViewControllerInfoProvider volumeButtonsEventsHandler]	
106cca0d8	106cca0db	decompiled	chunks/004/functions-000266.c	-[SCCameraViewControllerInfoProvider featureContainerViewProvider]	
106cca0dc	106cca113	decompiled	chunks/004/functions-000266.c	-[SCCameraViewControllerInfoProvider isInCaptureFlow]	
106cca114	106cca16b	decompiled	chunks/004/functions-000266.c	-[SCCameraViewControllerInfoProvider isResigningActive]	
106cca16c	106cca19f	decompiled	chunks/004/functions-000266.c	-[SCCameraViewControllerInfoProvider startVideoCaptureSessionForLensInitiatedCapture:]	
106cca1a0	106cca1d3	decompiled	chunks/004/functions-000266.c	-[SCCameraViewControllerInfoProvider prepareForRecordingWithMethod:]	
106cca1d4	106cca217	decompiled	chunks/004/functions-000266.c	-[SCCameraViewControllerInfoProvider prepareForRecordingWithMethod:hasMinimumRecordingDuration:]	
106cca218	106cca27f	decompiled	chunks/004/functions-000266.c	-[SCCameraViewControllerInfoProvider stopRecording]	
106cca280	106cca2b7	decompiled	chunks/004/functions-000266.c	-[SCCameraViewControllerInfoProvider takingPicture]	
106cca2b8	106cca2ef	decompiled	chunks/004/functions-000266.c	-[SCCameraViewControllerInfoProvider preparingPreview]	
106cca2f0	106cca327	decompiled	chunks/004/functions-000266.c	-[SCCameraViewControllerInfoProvider initiatedRecording]	
106cca328	106cca397	decompiled	chunks/004/functions-000266.c	-[SCCameraViewControllerInfoProvider startImageCaptureSessionWithSessionId:lensIntiatedCapture:initiatedRecording:captureTrigger:]	
106cca398	106cca3c3	decompiled	chunks/004/functions-000266.c	-[SCCameraViewControllerInfoProvider captureStillImage]	
106cca3c4	106cca427	decompiled	chunks/004/functions-000266.c	-[SCCameraViewControllerInfoProvider presentPreviewWithGeneratedVideoURL:]	
106cca428	106cca493	decompiled	chunks/004/functions-000266.c	-[SCCameraViewControllerInfoProvider startHandlingVolumeButtonEventsIfNeeded]	
106cca494	106cca4bf	decompiled	chunks/004/functions-000266.c	-[SCCameraViewControllerInfoProvider stopHandlingVolumeButtonEvents]	
106cca4c0	106cca51f	decompiled	chunks/004/functions-000266.c	-[SCCameraViewControllerInfoProvider featureContainerView]	
106cca520	106cca527	decompiled	chunks/004/functions-000266.c	-[SCCameraViewControllerInfoProvider .cxx_destruct]	
106cca528	106cca59b	decompiled	chunks/004/functions-000266.c	-[SCLensReplyCameraPresentationServices initWithLensReplyCameraPresenter:]	
106cca59c	106cca5a3	decompiled	chunks/004/functions-000266.c	-[SCLensReplyCameraPresentationServices lensReplyCameraPresenter]	
106cca5a4	106cca5af	decompiled	chunks/004/functions-000266.c	-[SCLensReplyCameraPresentationServices .cxx_destruct]	
106cca5b0	106cca65b	decompiled	chunks/004/functions-000266.c	-[SCLensReplyCameraLensData initWithLenses:preselectedLens:]	
106cca65c	106cca67f	decompiled	chunks/004/functions-000266.c	-[SCLensReplyCameraLensData copyWithZone:]	
106cca680	106cca6f3	decompiled	chunks/004/functions-000266.c	-[SCLensReplyCameraLensData hash]	
106cca6f4	106cca79b	decompiled	chunks/004/functions-000266.c	-[SCLensReplyCameraLensData isEqual:]	
106cca79c	106cca7a3	decompiled	chunks/004/functions-000266.c	-[SCLensReplyCameraLensData lenses]	
106cca7a4	106cca7ab	decompiled	chunks/004/functions-000266.c	-[SCLensReplyCameraLensData preselectedLens]	
106cca7ac	106cca7db	decompiled	chunks/004/functions-000266.c	-[SCLensReplyCameraLensData .cxx_destruct]	
106cca7dc	106cca84f	decompiled	chunks/004/functions-000266.c	-[SCLensUserFeatureLauncherServices initWithAddFriendsLaunchService:]	
106cca850	106cca857	decompiled	chunks/004/functions-000266.c	-[SCLensUserFeatureLauncherServices addFriendsLaunchService]	
106cca858	106cca863	decompiled	chunks/004/functions-000266.c	-[SCLensUserFeatureLauncherServices .cxx_destruct]	
106cca864	106cca87f	decompiled	chunks/004/functions-000266.c	+[SCCMapCustomizationMetricLoggingHandler valdiMarshallableObjectDescriptor]	
106cca880	106cca8a3	decompiled	chunks/004/functions-000266.c	+[SCCMapMeTrayActionHandler valdiMarshallableObjectDescriptor]	
106cca8a4	106cca8d3	decompiled	chunks/004/functions-000266.c		
106cca8d4	106cca94f	decompiled	chunks/004/functions-000266.c		
106cca950	106cca96b	decompiled	chunks/004/functions-000266.c	+[SCCMapMeTrayMetricLoggingHandler valdiMarshallableObjectDescriptor]	
106cca96c	106cca977	decompiled	chunks/004/functions-000266.c	+[SCCMapMeTrayCarView componentPath]	
106cca978	106cca997	decompiled	chunks/004/functions-000266.c	-[SCCMapMeTrayCarView initWithViewModel:componentContext:runtime:]	
106cca998	106cca9cb	decompiled	chunks/004/functions-000266.c	-[SCCMapMeTrayCarView setViewModel:]	
106cca9cc	106ccaa03	decompiled	chunks/004/functions-000266.c	-[SCCMapMeTrayCarView viewModel]	
106ccaa04	106ccaa0f	decompiled	chunks/004/functions-000266.c	+[SCCMapMeTrayConsolidatedTrayView componentPath]	
106ccaa10	106ccaa2f	decompiled	chunks/004/functions-000266.c	-[SCCMapMeTrayConsolidatedTrayView initWithViewModel:componentContext:runtime:]	
106ccaa30	106ccaa63	decompiled	chunks/004/functions-000266.c	-[SCCMapMeTrayConsolidatedTrayView setViewModel:]	
106ccaa64	106ccaa9b	decompiled	chunks/004/functions-000266.c	-[SCCMapMeTrayConsolidatedTrayView viewModel]	
106ccaa9c	106ccaaa7	decompiled	chunks/004/functions-000266.c	+[SCCMapMeTrayPetView componentPath]	
106ccaaa8	106ccaac7	decompiled	chunks/004/functions-000266.c	-[SCCMapMeTrayPetView initWithViewModel:componentContext:runtime:]	
106ccaac8	106ccaafb	decompiled	chunks/004/functions-000266.c	-[SCCMapMeTrayPetView setViewModel:]	
106ccaafc	106ccab33	decompiled	chunks/004/functions-000266.c	-[SCCMapMeTrayPetView viewModel]	
106ccab34	106ccab3f	decompiled	chunks/004/functions-000266.c	+[SCCMapMeTrayPoseView componentPath]	
106ccab40	106ccab5f	decompiled	chunks/004/functions-000266.c	-[SCCMapMeTrayPoseView initWithViewModel:componentContext:runtime:]	
106ccab60	106ccab93	decompiled	chunks/004/functions-000266.c	-[SCCMapMeTrayPoseView setViewModel:]	
106ccab94	106ccabcb	decompiled	chunks/004/functions-000266.c	-[SCCMapMeTrayPoseView viewModel]	
106ccabcc	106ccabd7	decompiled	chunks/004/functions-000266.c	+[SCMapMeTrayViewV2 componentPath]	
106ccabd8	106ccabf7	decompiled	chunks/004/functions-000266.c	-[SCMapMeTrayViewV2 initWithViewModel:componentContext:runtime:]	
106ccabf8	106ccac2b	decompiled	chunks/004/functions-000266.c	-[SCMapMeTrayViewV2 setViewModel:]	
106ccac2c	106ccac63	decompiled	chunks/004/functions-000266.c	-[SCMapMeTrayViewV2 viewModel]	
106ccac64	106ccac97	decompiled	chunks/004/functions-000266.c		
106ccac98	106ccacff	decompiled	chunks/004/functions-000266.c		
106ccad00	106ccad0b	decompiled	chunks/004/functions-000266.c	+[SCCHomeProfile componentPath]	
106ccad0c	106ccad2b	decompiled	chunks/004/functions-000266.c	-[SCCHomeProfile initWithViewModel:componentContext:runtime:]	
106ccad2c	106ccad5f	decompiled	chunks/004/functions-000266.c	-[SCCHomeProfile setViewModel:]	
106ccad60	106ccad97	decompiled	chunks/004/functions-000266.c	-[SCCHomeProfile viewModel]	
106ccad98	106ccada3	decompiled	chunks/004/functions-000266.c	+[SCCPlacesHomeLocationEditorComponent componentPath]	
106ccada4	106ccadc3	decompiled	chunks/004/functions-000266.c	-[SCCPlacesHomeLocationEditorComponent initWithViewModel:componentContext:runtime:]	
106ccadc4	106ccadf7	decompiled	chunks/004/functions-000266.c	-[SCCPlacesHomeLocationEditorComponent setViewModel:]	
106ccadf8	106ccae2f	decompiled	chunks/004/functions-000266.c	-[SCCPlacesHomeLocationEditorComponent viewModel]	
106ccae30	106ccae3b	decompiled	chunks/004/functions-000266.c	+[SCCPlacesHomeSettingsOnboardingDialog componentPath]	
106ccae3c	106ccae5b	decompiled	chunks/004/functions-000266.c	-[SCCPlacesHomeSettingsOnboardingDialog initWithViewModel:componentContext:runtime:]	
106ccae5c	106ccae8f	decompiled	chunks/004/functions-000266.c	-[SCCPlacesHomeSettingsOnboardingDialog setViewModel:]	
106ccae90	106ccaec7	decompiled	chunks/004/functions-000266.c	-[SCCPlacesHomeSettingsOnboardingDialog viewModel]	
106ccaec8	106ccaed3	decompiled	chunks/004/functions-000266.c	+[SCCPlacesHomeSettingsPageComponent componentPath]	
106ccaed4	106ccaef3	decompiled	chunks/004/functions-000266.c	-[SCCPlacesHomeSettingsPageComponent initWithViewModel:componentContext:runtime:]	
106ccaef4	106ccaf27	decompiled	chunks/004/functions-000266.c	-[SCCPlacesHomeSettingsPageComponent setViewModel:]	
106ccaf28	106ccaf5f	decompiled	chunks/004/functions-000266.c	-[SCCPlacesHomeSettingsPageComponent viewModel]	
106ccaf60	106ccafbb	decompiled	chunks/004/functions-000266.c		
106ccafbc	106ccafbf	decompiled	chunks/004/functions-000266.c	-[SCCMapCustomizationTrayTab__Enum init]	
106ccafc0	106ccafc3	decompiled	chunks/004/functions-000266.c	-[SCCMapMeTrayCellType__Enum init]	
106ccafc4	106ccafcb	decompiled	chunks/004/functions-000266.c	-[SCCMapMeTrayFriendConnectionType__Enum init]	
106ccafcc	106ccafcf	decompiled	chunks/004/functions-000266.c	-[SCCMapMeTrayState__Enum init]	
106ccafd0	106ccafd7	decompiled	chunks/004/functions-000266.c	-[SCCMeTrayUpsellTreatment__Enum init]	
106ccafd8	106ccafdf	decompiled	chunks/004/functions-000266.c	-[SCCMeTrayUpsellType__Enum init]	
106ccafe0	106ccb077	decompiled	chunks/004/functions-000266.c	-[SCCMeTrayUpsellPosition__Enum init]	
106ccb078	106ccb0a7	decompiled	chunks/004/functions-000266.c	-[SCCMapCustomizationActionInfo initWithAction:]	
106ccb0a8	106ccb0b7	decompiled	chunks/004/functions-000266.c	+[SCCMapCustomizationActionInfo valdiMarshallableObjectDescriptor]	
106ccb0b8	106ccb0e7	decompiled	chunks/004/functions-000266.c	-[SCCMapMeTrayActionInfo initWithAction:]	
106ccb0e8	106ccb0f7	decompiled	chunks/004/functions-000266.c	+[SCCMapMeTrayActionInfo valdiMarshallableObjectDescriptor]	
106ccb0f8	106ccb1cf	decompiled	chunks/004/functions-000266.c	-[SCCMapMeTrayCarContext initWithAlertPresenter:blizzardLogger:loggingContext:staticMapUrlGenerator:userInfo:trayCloseSubject:closeTray:]	
106ccb1d0	106ccb1e3	decompiled	chunks/004/functions-000266.c	+[SCCMapMeTrayCarContext valdiMarshallableObjectDescriptor]	
106ccb1e4	106ccb203	decompiled	chunks/004/functions-000266.c	-[SCCMapMeTrayCarViewModel init]	
106ccb204	106ccb213	decompiled	chunks/004/functions-000266.c	+[SCCMapMeTrayCarViewModel valdiMarshallableObjectDescriptor]	
106ccb214	106ccb24f	decompiled	chunks/004/functions-000266.c	-[SCCMapMeTrayCloseInfo initWithStickerId:]	
106ccb250	106ccb25f	decompiled	chunks/004/functions-000266.c	+[SCCMapMeTrayCloseInfo valdiMarshallableObjectDescriptor]	
106ccb260	106ccb2fb	decompiled	chunks/004/functions-000266.c	-[SCCMapMeTrayConsolidatedHomeContext initWithEnable3DHomes:updateUserHideHomeSetting:handleSaveHomeSettings:]	
106ccb2fc	106ccb333	decompiled	chunks/004/functions-000266.c	+[SCCMapMeTrayConsolidatedHomeContext valdiMarshallableObjectDescriptor]	
106ccb334	106ccb383	decompiled	chunks/004/functions-000266.c		
106ccb384	106ccb3b3	decompiled	chunks/004/functions-000266.c		
106ccb3b4	106ccb403	decompiled	chunks/004/functions-000266.c		
106ccb404	106ccb533	decompiled	chunks/004/functions-000266.c	-[SCCMapMeTrayConsolidatedTrayContext initWithActionSheetPresenter:alertPresenter:notificationPresenter:blizzardLogger:boltUploader:cameraRollMediaLibrary:loggingContext:navigator:staticMapUrlGenerator:launchSubscribePage:]	
106ccb534	106ccb557	decompiled	chunks/004/functions-000266.c	+[SCCMapMeTrayConsolidatedTrayContext valdiMarshallableObjectDescriptor]	
106ccb558	106ccb57b	decompiled	chunks/004/functions-000266.c		
106ccb57c	106ccb5cb	decompiled	chunks/004/functions-000266.c		
106ccb5cc	106ccb5f3	decompiled	chunks/004/functions-000267.c		
106ccb5f4	106ccb643	decompiled	chunks/004/functions-000267.c		
106ccb644	106ccb663	decompiled	chunks/004/functions-000267.c	-[SCCMapMeTrayConsolidatedTrayViewModel init]	
106ccb664	106ccb677	decompiled	chunks/004/functions-000267.c	+[SCCMapMeTrayConsolidatedTrayViewModel valdiMarshallableObjectDescriptor]	
106ccb678	106ccb697	decompiled	chunks/004/functions-000267.c	-[SCCMapMeTrayFriendInfo init]	
106ccb698	106ccb6ab	decompiled	chunks/004/functions-000267.c	+[SCCMapMeTrayFriendInfo valdiMarshallableObjectDescriptor]	
106ccb6ac	106ccb6eb	decompiled	chunks/004/functions-000267.c	-[SCCMapMeTrayInfo initWithCellType:]	
106ccb6ec	106ccb6ff	decompiled	chunks/004/functions-000267.c	+[SCCMapMeTrayInfo valdiMarshallableObjectDescriptor]	
106ccb700	106ccb87f	decompiled	chunks/004/functions-000267.c	-[SCCMapMeTrayPetContext initWithActionSheetPresenter:alertPresenter:notificationPresenter:blizzardLogger:boltUploader:cameraRollMediaLibrary:loggingContext:navigator:staticMapUrlGenerator:userInfo:trayCloseSubject:closeTray:]	
106ccb880	106ccb8a3	decompiled	chunks/004/functions-000267.c	+[SCCMapMeTrayPetContext valdiMarshallableObjectDescriptor]	
106ccb8a4	106ccb8c3	decompiled	chunks/004/functions-000267.c	-[SCCMapMeTrayPetViewModel init]	
106ccb8c4	106ccb8d3	decompiled	chunks/004/functions-000267.c	+[SCCMapMeTrayPetViewModel valdiMarshallableObjectDescriptor]	
106ccb8d4	106ccb95f	decompiled	chunks/004/functions-000267.c	-[SCCMapMeTrayPoseContext initWithTrayCloseSubject:onSelectedPose:closeTray:]	
106ccb960	106ccb973	decompiled	chunks/004/functions-000267.c	+[SCCMapMeTrayPoseContext valdiMarshallableObjectDescriptor]	
106ccb974	106ccb993	decompiled	chunks/004/functions-000267.c	-[SCCMapMeTrayPoseViewModel init]	
106ccb994	106ccb9a7	decompiled	chunks/004/functions-000267.c	+[SCCMapMeTrayPoseViewModel valdiMarshallableObjectDescriptor]	
106ccb9a8	106ccb9df	decompiled	chunks/004/functions-000267.c	-[SCCMeTrayUpsell initWithType:position:]	
106ccb9e0	106ccb9f3	decompiled	chunks/004/functions-000267.c	+[SCCMeTrayUpsell valdiMarshallableObjectDescriptor]	
106ccb9f4	106ccba27	decompiled	chunks/004/functions-000267.c	-[SCCMeTrayUpsellData initWithUpsells:]	
106ccba28	106ccba3b	decompiled	chunks/004/functions-000267.c	+[SCCMeTrayUpsellData valdiMarshallableObjectDescriptor]	
106ccba3c	106ccba6b	decompiled	chunks/004/functions-000267.c	-[SCMapMeTrayActionmojiViewModelV2 initWithActionId:stickerId:bitmojiAvatarId:isSelected:]	
106ccba6c	106ccba7b	decompiled	chunks/004/functions-000267.c	+[SCMapMeTrayActionmojiViewModelV2 valdiMarshallableObjectDescriptor]	
106ccba7c	106ccbac3	decompiled	chunks/004/functions-000267.c	-[SCMapMeTrayViewModelV2 initWithActionmojis:bitmojiAvatarId:loading:upsellDataObservable:]	
106ccbac4	106ccbad7	decompiled	chunks/004/functions-000267.c	+[SCMapMeTrayViewModelV2 valdiMarshallableObjectDescriptor]	
106ccbad8	106ccbb4f	decompiled	chunks/004/functions-000267.c	-[SCMapMeTrayViewV2Context initWithTappedChangeOutfit:]	
106ccbb50	106ccbb73	decompiled	chunks/004/functions-000267.c	+[SCMapMeTrayViewV2Context valdiMarshallableObjectDescriptor]	
106ccbb74	106ccbb9f	decompiled	chunks/004/functions-000267.c		
106ccbba0	106ccbbef	decompiled	chunks/004/functions-000267.c		
106ccbbf0	106ccbc23	decompiled	chunks/004/functions-000267.c	-[SCNowPlayingState initWithIsListeningPrivately:]	
106ccbc24	106ccbc37	decompiled	chunks/004/functions-000267.c	+[SCNowPlayingState valdiMarshallableObjectDescriptor]	
106ccbc38	106ccbcdf	decompiled	chunks/004/functions-000267.c		
106ccbce0	106ccbe23	decompiled	chunks/004/functions-000267.c		
106ccbe24	106ccbe2f	decompiled	chunks/004/functions-000267.c	+[SCCGetMapChromeTickerRefreshIntervalInMilli modulePath]	
106ccbe30	106ccbe37	decompiled	chunks/004/functions-000267.c	+[SCCGetMapChromeTickerRefreshIntervalInMilli asyncStrictMode]	
106ccbe38	106ccbe7b	decompiled	chunks/004/functions-000267.c	-[SCCGetMapChromeTickerRefreshIntervalInMilli getMapChromeTickerRefreshIntervalInMilli]	
106ccbe7c	106ccbf2b	decompiled	chunks/004/functions-000267.c	+[SCCGetMapChromeTickerRefreshIntervalInMilli invokeWithJSRuntimeProvider:completionHandler:]	
106ccbf2c	106ccbf9b	decompiled	chunks/004/functions-000267.c		
106ccbf9c	106ccbfb7	decompiled	chunks/004/functions-000267.c	+[SCCGetMapChromeTickerRefreshIntervalInMilli valdiMarshallableObjectDescriptor]	
106ccbfb8	106ccbfd3	decompiled	chunks/004/functions-000267.c	+[SCCMapChromeActivityTickerActionHandler valdiMarshallableObjectDescriptor]	
106ccbfd4	106ccc003	decompiled	chunks/004/functions-000267.c		
106ccc004	106ccc053	decompiled	chunks/004/functions-000267.c		
106ccc054	106ccc067	decompiled	chunks/004/functions-000267.c	+[SCCMapChromeFriendButtonsActionHandler valdiMarshallableObjectDescriptor]	
106ccc068	106ccc083	decompiled	chunks/004/functions-000267.c	+[SCCMapChromePlacePivotsActionHandler valdiMarshallableObjectDescriptor]	
106ccc084	106ccc09f	decompiled	chunks/004/functions-000267.c	+[SCCMapChromeRenderingListener valdiMarshallableObjectDescriptor]	
106ccc0a0	106ccc0c3	decompiled	chunks/004/functions-000267.c	+[SCCMapChromeSidebarActionHandler valdiMarshallableObjectDescriptor]	
106ccc0c4	106ccc0ef	decompiled	chunks/004/functions-000267.c		
106ccc0f0	106ccc13f	decompiled	chunks/004/functions-000267.c		
106ccc140	106ccc167	decompiled	chunks/004/functions-000267.c		
106ccc168	106ccc1b7	decompiled	chunks/004/functions-000267.c		
106ccc1b8	106ccc1c3	decompiled	chunks/004/functions-000267.c	+[SCCMapChrome componentPath]	
106ccc1c4	106ccc1f7	decompiled	chunks/004/functions-000267.c	-[SCCMapChrome initWithViewModel:componentContext:runtime:]	
106ccc1f8	106ccc243	decompiled	chunks/004/functions-000267.c	-[SCCMapChrome setViewModel:]	
106ccc244	106ccc283	decompiled	chunks/004/functions-000267.c	-[SCCMapChrome viewModel]	
106ccc284	106ccc30f	decompiled	chunks/004/functions-000267.c		
106ccc310	106ccc373	decompiled	chunks/004/functions-000267.c		
106ccc374	106ccc37b	decompiled	chunks/004/functions-000267.c	-[SCCMapChromeFriendButtonType__Enum init]	
106ccc37c	106ccc383	decompiled	chunks/004/functions-000267.c	-[SCCSatellite3DToggleLayer__Enum init]	
106ccc384	106ccc3a3	decompiled	chunks/004/functions-000267.c	-[SCCFootstepsPillCoverage init]	
106ccc3a4	106ccc3b3	decompiled	chunks/004/functions-000267.c	+[SCCFootstepsPillCoverage valdiMarshallableObjectDescriptor]	
106ccc3b4	106ccc3d3	decompiled	chunks/004/functions-000267.c	-[SCCLocationSharingStatus init]	
106ccc3d4	106ccc3e3	decompiled	chunks/004/functions-000267.c	+[SCCLocationSharingStatus valdiMarshallableObjectDescriptor]	
106ccc3e4	106ccc413	decompiled	chunks/004/functions-000267.c	-[SCCMapChromeActivityTickerContext initWithLocationSharingStatus:footstepsPillCoverage:friendLocationSource:actionHandler:]	
106ccc414	106ccc427	decompiled	chunks/004/functions-000267.c	+[SCCMapChromeActivityTickerContext valdiMarshallableObjectDescriptor]	
106ccc428	106ccc47b	decompiled	chunks/004/functions-000267.c	-[SCCMapChromeContext initWithLocalityContext:activityTickerContext:sidebarContext:friendButtonsContext:placePivotsContext:satellite3DToggleContext:componentVisibilityObservable:renderingListener:isGlobeViewOnObservable:loggingMetrics:]	
106ccc47c	106ccc48f	decompiled	chunks/004/functions-000267.c	+[SCCMapChromeContext valdiMarshallableObjectDescriptor]	
106ccc490	106ccc4bf	decompiled	chunks/004/functions-000267.c	-[SCCMapChromeEdgeInsets initWithTop:bottom:left:right:]	
106ccc4c0	106ccc4cf	decompiled	chunks/004/functions-000267.c	+[SCCMapChromeEdgeInsets valdiMarshallableObjectDescriptor]	
106ccc4d0	106ccc4ef	decompiled	chunks/004/functions-000267.c	-[SCCMapChromeFriend initWithUserId:displayString:]	
106ccc4f0	106ccc4ff	decompiled	chunks/004/functions-000267.c	+[SCCMapChromeFriend valdiMarshallableObjectDescriptor]	
106ccc500	106ccc53b	decompiled	chunks/004/functions-000267.c	-[SCCMapChromeFriendButton initWithButtonType:userInfos:bestFriendCount:totalFriendCount:]	
106ccc53c	106ccc54f	decompiled	chunks/004/functions-000267.c	+[SCCMapChromeFriendButton valdiMarshallableObjectDescriptor]	
106ccc550	106ccc57f	decompiled	chunks/004/functions-000267.c	-[SCCMapChromeFriendButtonsContext initWithBitmojiButtonsObservable:actionHandler:]	
106ccc580	106ccc593	decompiled	chunks/004/functions-000267.c	+[SCCMapChromeFriendButtonsContext valdiMarshallableObjectDescriptor]	
106ccc594	106ccc5c3	decompiled	chunks/004/functions-000267.c	-[SCCMapChromeFriendLocationData initWithRecentlyActive:nearbyClusters:friendsAtHome:]	
106ccc5c4	106ccc5d7	decompiled	chunks/004/functions-000267.c	+[SCCMapChromeFriendLocationData valdiMarshallableObjectDescriptor]	
106ccc5d8	106ccc5f7	decompiled	chunks/004/functions-000267.c	-[SCCMapChromeFriendsDataFetch initWithLoadState:friendButtons:]	
106ccc5f8	106ccc60b	decompiled	chunks/004/functions-000267.c	+[SCCMapChromeFriendsDataFetch valdiMarshallableObjectDescriptor]	
106ccc60c	106ccc62b	decompiled	chunks/004/functions-000267.c	-[SCCMapChromeLocalityContext initWithViewportMetadataObservable:nativeVenueStoryPlayer:]	
106ccc62c	106ccc63f	decompiled	chunks/004/functions-000267.c	+[SCCMapChromeLocalityContext valdiMarshallableObjectDescriptor]	
106ccc640	106ccc66f	decompiled	chunks/004/functions-000267.c	-[SCCMapChromeNearbyCluster initWithClusterSize:locality:friendUserId:]	
106ccc670	106ccc67f	decompiled	chunks/004/functions-000267.c	+[SCCMapChromeNearbyCluster valdiMarshallableObjectDescriptor]	
106ccc680	106ccc69f	decompiled	chunks/004/functions-000267.c	-[SCCMapChromePlacePivotsContext initWithFootstepsPivotVisibilityObservable:actionHandler:]	
106ccc6a0	106ccc6b3	decompiled	chunks/004/functions-000267.c	+[SCCMapChromePlacePivotsContext valdiMarshallableObjectDescriptor]	
106ccc6b4	106ccc74b	decompiled	chunks/004/functions-000267.c	-[SCCMapChromeSatellite3DToggleContext initWithOnToggleLayerTapped:toggleLayerStateObservable:isSatellite3DToggleVisibleObservable:]	
106ccc74c	106ccc773	decompiled	chunks/004/functions-000267.c	+[SCCMapChromeSatellite3DToggleContext valdiMarshallableObjectDescriptor]	
106ccc774	106ccc797	decompiled	chunks/004/functions-000267.c		
106ccc798	106ccc817	decompiled	chunks/004/functions-000267.c		
106ccc818	106ccc83f	decompiled	chunks/004/functions-000267.c	-[SCCMapChromeSessionIds initWithMapSessionId:mapViewportSessionId:]	
106ccc840	106ccc84f	decompiled	chunks/004/functions-000267.c	+[SCCMapChromeSessionIds valdiMarshallableObjectDescriptor]	
106ccc850	106ccc88f	decompiled	chunks/004/functions-000267.c	-[SCCMapChromeSidebarContext initWithBitmojiAvatarIdObservable:meTrayBadgeObservable:]	
106ccc890	106ccc8a3	decompiled	chunks/004/functions-000267.c	+[SCCMapChromeSidebarContext valdiMarshallableObjectDescriptor]	
106ccc8a4	106ccc8c3	decompiled	chunks/004/functions-000267.c	-[SCCMapChromeViewModel init]	
106ccc8c4	106ccc8d3	decompiled	chunks/004/functions-000267.c	+[SCCMapChromeViewModel valdiMarshallableObjectDescriptor]	
106ccc8d4	106ccc8fb	decompiled	chunks/004/functions-000267.c	-[SCCMapChromeZoomSliderInsets initWithTopInset:bottomInset:]	
106ccc8fc	106ccc90b	decompiled	chunks/004/functions-000267.c	+[SCCMapChromeZoomSliderInsets valdiMarshallableObjectDescriptor]	
106ccc90c	106ccc937	decompiled	chunks/004/functions-000267.c	-[SCCMapCompassRotation initWithRotationDegrees:isUserRotating:]	
106ccc938	106ccc947	decompiled	chunks/004/functions-000267.c	+[SCCMapCompassRotation valdiMarshallableObjectDescriptor]	
106ccc948	106ccc96f	decompiled	chunks/004/functions-000267.c	-[SCCSatellite3DToggleLayerState initWithActiveLayer:]	
106ccc970	106ccc983	decompiled	chunks/004/functions-000267.c	+[SCCSatellite3DToggleLayerState valdiMarshallableObjectDescriptor]	
106ccc984	106ccc9b3	decompiled	chunks/004/functions-000267.c		
106ccc9b4	106ccca4b	decompiled	chunks/004/functions-000268.c		
106ccca4c	106ccca53	decompiled	chunks/004/functions-000268.c	-[SCCMapChromeLayerType__Enum init]	
106ccca54	106ccca5b	decompiled	chunks/004/functions-000268.c	-[SCCMapWeatherCondition__Enum init]	
106ccca5c	106cccb2f	decompiled	chunks/004/functions-000268.c	-[SCCMapChromeComponentType__Enum init]	
106cccb30	106cccb5f	decompiled	chunks/004/functions-000268.c	-[SCCMapChromeLayer initWithLayerType:layerSessionId:]	
106cccb60	106cccb73	decompiled	chunks/004/functions-000268.c	+[SCCMapChromeLayer valdiMarshallableObjectDescriptor]	
106cccb74	106cccb9f	decompiled	chunks/004/functions-000268.c	-[SCCMapChromeLoggingMetrics initWithMapSessionId:]	
106cccba0	106cccbb3	decompiled	chunks/004/functions-000268.c	+[SCCMapChromeLoggingMetrics valdiMarshallableObjectDescriptor]	
106cccbb4	106cccbeb	decompiled	chunks/004/functions-000268.c	-[SCCMapChromeMyBitmojiData initWithUserId:]	
106cccbec	106cccbff	decompiled	chunks/004/functions-000268.c	+[SCCMapChromeMyBitmojiData valdiMarshallableObjectDescriptor]	
106cccc00	106cccc37	decompiled	chunks/004/functions-000268.c	-[SCCMapChromeVisibilityEvent initWithAttribution:]	
106cccc38	106cccc4b	decompiled	chunks/004/functions-000268.c	+[SCCMapChromeVisibilityEvent valdiMarshallableObjectDescriptor]	
106cccc4c	106cccc77	decompiled	chunks/004/functions-000268.c	-[SCCMapUserLocationState initWithIsInGhostMode:isSharingLocation:]	
106cccc78	106cccc8b	decompiled	chunks/004/functions-000268.c	+[SCCMapUserLocationState valdiMarshallableObjectDescriptor]	
106cccc8c	106cccccb	decompiled	chunks/004/functions-000268.c	-[SCCMapViewportLocalityMetadata initWithLocalizedLocality:]	
106cccccc	106ccccdf	decompiled	chunks/004/functions-000268.c	+[SCCMapViewportLocalityMetadata valdiMarshallableObjectDescriptor]	
106cccce0	106cccd13	decompiled	chunks/004/functions-000268.c	-[SCCMapViewportWeatherMetadata init]	
106cccd14	106cccd67	decompiled	chunks/004/functions-000268.c	+[SCCMapViewportWeatherMetadata valdiMarshallableObjectDescriptor]	
106cccd68	106cccd83	decompiled	chunks/004/functions-000268.c	+[SCCCommonLocationSearchActionHandler valdiMarshallableObjectDescriptor]	
106cccd84	106cccd9f	decompiled	chunks/004/functions-000268.c	+[SCCCommonLocationSearchFriendsActionHandler valdiMarshallableObjectDescriptor]	
106cccda0	106cccdcb	decompiled	chunks/004/functions-000268.c		
106cccdcc	106ccce2b	decompiled	chunks/004/functions-000268.c		
106ccce2c	106ccce4f	decompiled	chunks/004/functions-000268.c	+[SCCCommonLocationSearchPlacesActionHandler valdiMarshallableObjectDescriptor]	
106ccce50	106ccce83	decompiled	chunks/004/functions-000268.c		
106ccce84	106cccee3	decompiled	chunks/004/functions-000268.c		
106cccee4	106ccceef	decompiled	chunks/004/functions-000268.c	+[SCCCommonLocationSearchTray componentPath]	
106cccef0	106cccf23	decompiled	chunks/004/functions-000268.c	-[SCCCommonLocationSearchTray initWithViewModel:componentContext:runtime:]	
106cccf24	106cccf6f	decompiled	chunks/004/functions-000268.c	-[SCCCommonLocationSearchTray setViewModel:]	
106cccf70	106cccfaf	decompiled	chunks/004/functions-000268.c	-[SCCCommonLocationSearchTray viewModel]	
106cccfb0	106ccd017	decompiled	chunks/004/functions-000268.c		
106ccd018	106ccd053	decompiled	chunks/004/functions-000268.c		
106ccd054	106ccd077	decompiled	chunks/004/functions-000268.c	+[SCPlacesVisualTrayActionHandler valdiMarshallableObjectDescriptor]	
106ccd078	106ccd0a3	decompiled	chunks/004/functions-000268.c		
106ccd0a4	106ccd11f	decompiled	chunks/004/functions-000268.c		
106ccd120	106ccd13b	decompiled	chunks/004/functions-000268.c	+[SCPlacesVisualTrayMetrics valdiMarshallableObjectDescriptor]	
106ccd13c	106ccd197	decompiled	chunks/004/functions-000268.c		
106ccd198	106ccd1b3	decompiled	chunks/004/functions-000268.c	+[SCPlacesVisualTrayStateCallbacks valdiMarshallableObjectDescriptor]	
106ccd1b4	106ccd1bf	decompiled	chunks/004/functions-000268.c	+[SCPlacesVisualTrayResultsComponent componentPath]	
106ccd1c0	106ccd1f3	decompiled	chunks/004/functions-000268.c	-[SCPlacesVisualTrayResultsComponent initWithViewModel:componentContext:runtime:]	
106ccd1f4	106ccd23f	decompiled	chunks/004/functions-000268.c	-[SCPlacesVisualTrayResultsComponent setViewModel:]	
106ccd240	106ccd27f	decompiled	chunks/004/functions-000268.c	-[SCPlacesVisualTrayResultsComponent viewModel]	
106ccd280	106ccd2af	decompiled	chunks/004/functions-000268.c		
106ccd2b0	106ccd2c3	decompiled	chunks/004/functions-000268.c		
106ccd2c4	106ccd2cb	decompiled	chunks/004/functions-000268.c	-[SCCommonSearchItemType__Enum init]	
106ccd2cc	106ccd2eb	decompiled	chunks/004/functions-000268.c	-[SCCCommonLocationRecentlyViewedConfig init]	
106ccd2ec	106ccd2ff	decompiled	chunks/004/functions-000268.c	+[SCCCommonLocationRecentlyViewedConfig valdiMarshallableObjectDescriptor]	
106ccd300	106ccd39b	decompiled	chunks/004/functions-000268.c	-[SCCCommonLocationSearchContext initWithActionHandler:getFormattedDistanceFromUser:]	
106ccd39c	106ccd3cf	decompiled	chunks/004/functions-000268.c	+[SCCCommonLocationSearchContext valdiMarshallableObjectDescriptor]	
106ccd3d0	106ccd44b	decompiled	chunks/004/functions-000268.c		
106ccd44c	106ccd473	decompiled	chunks/004/functions-000268.c	-[SCCCommonLocationSearchFriendBadgeInfo initWithBadgeType:]	
106ccd474	106ccd487	decompiled	chunks/004/functions-000268.c	+[SCCCommonLocationSearchFriendBadgeInfo valdiMarshallableObjectDescriptor]	
106ccd488	106ccd5ab	decompiled	chunks/004/functions-000268.c	-[SCCCommonLocationSearchFriendConfig initWithLocationStore:friendStore:storySummaryInfoStore:storyPlayer:nativeUserStoryFetcher:getFriendBadgeInfo:getFriendLocationContextObservable:actionHandler:]	
106ccd5ac	106ccd5bf	decompiled	chunks/004/functions-000268.c	+[SCCCommonLocationSearchFriendConfig valdiMarshallableObjectDescriptor]	
106ccd5c0	106ccd5f3	decompiled	chunks/004/functions-000268.c	-[SCCCommonLocationSearchFriendLocationContext initWithFriendId:locationContext:]	
106ccd5f4	106ccd607	decompiled	chunks/004/functions-000268.c	+[SCCCommonLocationSearchFriendLocationContext valdiMarshallableObjectDescriptor]	
106ccd608	106ccd62f	decompiled	chunks/004/functions-000268.c	-[SCCCommonLocationSearchPivotConfig initWithFootstepsPivotVisibilityObservable:actionHandler:]	
106ccd630	106ccd643	decompiled	chunks/004/functions-000268.c	+[SCCCommonLocationSearchPivotConfig valdiMarshallableObjectDescriptor]	
106ccd644	106ccd677	decompiled	chunks/004/functions-000268.c	-[SCCCommonLocationSearchTrayViewModel initWithSearchType:]	
106ccd678	106ccd68b	decompiled	chunks/004/functions-000268.c	+[SCCCommonLocationSearchTrayViewModel valdiMarshallableObjectDescriptor]	
106ccd68c	106ccd6ab	decompiled	chunks/004/functions-000268.c	-[SCCCommonLocationSuggestedPlacesConfig init]	
106ccd6ac	106ccd6bf	decompiled	chunks/004/functions-000268.c	+[SCCCommonLocationSuggestedPlacesConfig valdiMarshallableObjectDescriptor]	
106ccd6c0	106ccd6f7	decompiled	chunks/004/functions-000268.c	-[SCCPlaceSelectionUpdate initWithName:emoji:alertType:]	
106ccd6f8	106ccd70b	decompiled	chunks/004/functions-000268.c	+[SCCPlaceSelectionUpdate valdiMarshallableObjectDescriptor]	
106ccd70c	106ccd73b	decompiled	chunks/004/functions-000268.c	-[SCCRecentlyViewedSearchItem initWithKey:]	
106ccd73c	106ccd74f	decompiled	chunks/004/functions-000268.c	+[SCCRecentlyViewedSearchItem valdiMarshallableObjectDescriptor]	
106ccd750	106ccd77f	decompiled	chunks/004/functions-000268.c	-[SCCSuggestedPlaceSearchItem initWithKey:placeDiscovery:]	
106ccd780	106ccd793	decompiled	chunks/004/functions-000268.c	+[SCCSuggestedPlaceSearchItem valdiMarshallableObjectDescriptor]	
106ccd794	106ccd7bb	decompiled	chunks/004/functions-000268.c		
106ccd7bc	106ccd833	decompiled	chunks/004/functions-000268.c		
106ccd834	106ccd83b	decompiled	chunks/004/functions-000268.c	-[SCPlacesVisualTrayEventType__Enum init]	
106ccd83c	106ccd843	decompiled	chunks/004/functions-000268.c	-[SCVisualTrayLoadState__Enum init]	
106ccd844	106ccd84b	decompiled	chunks/004/functions-000268.c	-[SCVisualTrayScrollState__Enum init]	
106ccd84c	106ccd983	decompiled	chunks/004/functions-000268.c	-[SCPlacesVisualTrayEventDataKeys__Enum init]	
106ccd984	106ccd9b7	decompiled	chunks/004/functions-000268.c	-[SCPlacesVisualTrayEvent initWithEventType:]	
106ccd9b8	106ccd9cb	decompiled	chunks/004/functions-000268.c	+[SCPlacesVisualTrayEvent valdiMarshallableObjectDescriptor]	
106ccd9cc	106ccdae3	decompiled	chunks/004/functions-000268.c	-[SCPlacesVisualTrayResultsContext initWithComposerVenueFavoritesStore:actionHandler:storyHandler:visualTrayStateCallbacks:visualTrayMetrics:getCurrentMapState:getFormattedDistanceToLocation:]	
106ccdae4	106ccdb17	decompiled	chunks/004/functions-000268.c	+[SCPlacesVisualTrayResultsContext valdiMarshallableObjectDescriptor]	
106ccdb18	106ccdb97	decompiled	chunks/004/functions-000268.c		
106ccdb98	106ccdbcf	decompiled	chunks/004/functions-000268.c	-[SCPlacesVisualTrayResultsModel initWithPivot:]	
106ccdbd0	106ccdbe3	decompiled	chunks/004/functions-000268.c	+[SCPlacesVisualTrayResultsModel valdiMarshallableObjectDescriptor]	
106ccdbe4	106ccdc1f	decompiled	chunks/004/functions-000268.c	-[SCPlacesVisualTraySessionIds initWithMapSessionId:traySessionId:viewportSessionId:visualTrayViewportSessionId:visualTrayNetworkViewportSessionId:]	
106ccdc20	106ccdc33	decompiled	chunks/004/functions-000268.c	+[SCPlacesVisualTraySessionIds valdiMarshallableObjectDescriptor]	
106ccdc34	106ccdc53	decompiled	chunks/004/functions-000268.c	-[SCVisualTrayConfigs init]	
106ccdc54	106ccdc67	decompiled	chunks/004/functions-000268.c	+[SCVisualTrayConfigs valdiMarshallableObjectDescriptor]	
106ccdc68	106ccdc87	decompiled	chunks/004/functions-000268.c	-[SCVisualTrayMapState init]	
106ccdc88	106ccdc9b	decompiled	chunks/004/functions-000268.c	+[SCVisualTrayMapState valdiMarshallableObjectDescriptor]	
106ccdc9c	106ccdcc3	decompiled	chunks/004/functions-000268.c		
106ccdcc4	106ccdd0b	decompiled	chunks/004/functions-000268.c		
106ccdd0c	106ccdd6b	decompiled	chunks/004/functions-000268.c	-[SCCMapReactionChatCardContext initWithOnTap:]	
106ccdd6c	106ccdd7f	decompiled	chunks/004/functions-000268.c	+[SCCMapReactionChatCardContext valdiMarshallableObjectDescriptor]	
106ccdd80	106ccddb3	decompiled	chunks/004/functions-000268.c	-[SCCMapReactionChatCardViewModel initWithEmoji:thumbnailUrl:]	
106ccddb4	106ccddc7	decompiled	chunks/004/functions-000268.c	+[SCCMapReactionChatCardViewModel valdiMarshallableObjectDescriptor]	
106ccddc8	106ccddf3	decompiled	chunks/004/functions-000268.c	-[SCCMapReactionEmoji initWithEmoji:]	
106ccddf4	106ccde07	decompiled	chunks/004/functions-000268.c	+[SCCMapReactionEmoji valdiMarshallableObjectDescriptor]	
106ccde08	106ccde3f	decompiled	chunks/004/functions-000268.c	-[SCCMapReactionEmojiCollection initWithEmojis:]	
106ccde40	106ccde53	decompiled	chunks/004/functions-000268.c	+[SCCMapReactionEmojiCollection valdiMarshallableObjectDescriptor]	
106ccde54	106ccdeeb	decompiled	chunks/004/functions-000268.c	-[SCCMapReactionEmojiPickerContext initWithActionSheetPresenter:availableEmojiCollections:onEmojiSelected:]	
106ccdeec	106ccdeff	decompiled	chunks/004/functions-000268.c	+[SCCMapReactionEmojiPickerContext valdiMarshallableObjectDescriptor]	
106ccdf00	106ccdf23	decompiled	chunks/004/functions-000268.c	-[SCCMapReactionEmojiPickerViewModel init]	
106ccdf24	106ccdf37	decompiled	chunks/004/functions-000268.c	+[SCCMapReactionEmojiPickerViewModel valdiMarshallableObjectDescriptor]	
106ccdf38	106ccdf63	decompiled	chunks/004/functions-000269.c	-[SCCMapReactionEmojiSkinTones initWithLight:mediumLight:medium:mediumDark:dark:]	
106ccdf64	106ccdf77	decompiled	chunks/004/functions-000269.c	+[SCCMapReactionEmojiSkinTones valdiMarshallableObjectDescriptor]	
106ccdf78	106ccdf9b	decompiled	chunks/004/functions-000269.c	-[SCCNearMeReactionChatCardContext init]	
106ccdf9c	106ccdfaf	decompiled	chunks/004/functions-000269.c	+[SCCNearMeReactionChatCardContext valdiMarshallableObjectDescriptor]	
106ccdfb0	106ccdfdb	decompiled	chunks/004/functions-000269.c	-[SCCNearMeReactionChatCardViewModel initWithReactionsObservable:friendFirstName:locality:chatMediaData:]	
106ccdfdc	106cce04b	decompiled	chunks/004/functions-000269.c	+[SCCNearMeReactionChatCardViewModel valdiMarshallableObjectDescriptor]	
106cce04c	106cce0bf	decompiled	chunks/004/functions-000269.c	-[SCMapPlacesBasemapServices initWithLayer:]	
106cce0c0	106cce0c7	decompiled	chunks/004/functions-000269.c	-[SCMapPlacesBasemapServices placesBasemapLayer]	
106cce0c8	106cce0d3	decompiled	chunks/004/functions-000269.c	-[SCMapPlacesBasemapServices .cxx_destruct]	
106cce0d4	106cce313	decompiled	chunks/004/functions-000269.c	-[SCMapPlace initWithIdentifier:category:coordinate:isFavorite:name:annotations:thumbnail:layerId:loyaltyTier:originalProperties:groups:isPromoted:]	
106cce314	106cce337	decompiled	chunks/004/functions-000269.c	-[SCMapPlace copyWithZone:]	
106cce338	106cce453	decompiled	chunks/004/functions-000269.c	-[SCMapPlace hash]	
106cce454	106cce5ff	decompiled	chunks/004/functions-000269.c	-[SCMapPlace isEqual:]	
106cce600	106cce607	decompiled	chunks/004/functions-000269.c	-[SCMapPlace identifier]	
106cce608	106cce60f	decompiled	chunks/004/functions-000269.c	-[SCMapPlace category]	
106cce610	106cce617	decompiled	chunks/004/functions-000269.c	-[SCMapPlace coordinate]	
106cce618	106cce61f	decompiled	chunks/004/functions-000269.c	-[SCMapPlace isFavorite]	
106cce620	106cce627	decompiled	chunks/004/functions-000269.c	-[SCMapPlace name]	
106cce628	106cce62f	decompiled	chunks/004/functions-000269.c	-[SCMapPlace annotations]	
106cce630	106cce637	decompiled	chunks/004/functions-000269.c	-[SCMapPlace thumbnail]	
106cce638	106cce63f	decompiled	chunks/004/functions-000269.c	-[SCMapPlace layerId]	
106cce640	106cce647	decompiled	chunks/004/functions-000269.c	-[SCMapPlace loyaltyTier]	
106cce648	106cce64f	decompiled	chunks/004/functions-000269.c	-[SCMapPlace originalProperties]	
106cce650	106cce657	decompiled	chunks/004/functions-000269.c	-[SCMapPlace groups]	
106cce658	106cce65f	decompiled	chunks/004/functions-000269.c	-[SCMapPlace isPromoted]	
106cce660	106cce6ef	decompiled	chunks/004/functions-000269.c	-[SCMapPlace .cxx_destruct]	
106cce6f0	106cce707	decompiled	chunks/004/functions-000269.c	+[SCCPlaceProfileComponentsCallback valdiMarshallableObjectDescriptor]	
106cce708	106cce72f	decompiled	chunks/004/functions-000269.c		
106cce730	106cce77f	decompiled	chunks/004/functions-000269.c		
106cce780	106cce7c3	decompiled	chunks/004/functions-000269.c		
106cce7c4	106cce7e3	decompiled	chunks/004/functions-000269.c	+[SCCVenueProfileV3ActionHandling valdiMarshallableObjectDescriptor]	
106cce7e4	106cce807	decompiled	chunks/004/functions-000269.c		
106cce808	106cce857	decompiled	chunks/004/functions-000269.c		
106cce858	106cce87b	decompiled	chunks/004/functions-000269.c		
106cce87c	106cce8cb	decompiled	chunks/004/functions-000269.c		
106cce8cc	106cce8f3	decompiled	chunks/004/functions-000269.c		
106cce8f4	106cce943	decompiled	chunks/004/functions-000269.c		
106cce944	106cce96b	decompiled	chunks/004/functions-000269.c		
106cce96c	106cce9bb	decompiled	chunks/004/functions-000269.c		
106cce9bc	106cce9f3	decompiled	chunks/004/functions-000269.c	+[SCCVenueProfileV3DataProviding valdiMarshallableObjectDescriptor]	
106cce9f4	106ccea43	decompiled	chunks/004/functions-000269.c		
106ccea44	106ccea63	decompiled	chunks/004/functions-000269.c	+[SCVenueProfileActionHandler valdiMarshallableObjectDescriptor]	
106ccea64	106ccea8b	decompiled	chunks/004/functions-000269.c		
106ccea8c	106cceadb	decompiled	chunks/004/functions-000269.c		
106cceadc	106cceb0b	decompiled	chunks/004/functions-000269.c		
106cceb0c	106cceb5b	decompiled	chunks/004/functions-000269.c		
106cceb5c	106cceb7f	decompiled	chunks/004/functions-000269.c		
106cceb80	106ccebcf	decompiled	chunks/004/functions-000269.c		
106ccebd0	106ccebf7	decompiled	chunks/004/functions-000269.c		
106ccebf8	106ccec47	decompiled	chunks/004/functions-000269.c		
106ccec48	106ccec6b	decompiled	chunks/004/functions-000269.c		
106ccec6c	106ccecbb	decompiled	chunks/004/functions-000269.c		
106ccecbc	106ccece7	decompiled	chunks/004/functions-000269.c	+[SCVenueProfileContextualInfoProvider valdiMarshallableObjectDescriptor]	
106ccece8	106cced37	decompiled	chunks/004/functions-000269.c		
106cced38	106cced5b	decompiled	chunks/004/functions-000269.c		
106cced5c	106ccedab	decompiled	chunks/004/functions-000269.c		
106ccedac	106ccedc7	decompiled	chunks/004/functions-000269.c	+[SCVenueProfileExitCallback valdiMarshallableObjectDescriptor]	
106ccedc8	106ccede7	decompiled	chunks/004/functions-000269.c	+[SCVenueProfileLoadStateCallback valdiMarshallableObjectDescriptor]	
106ccede8	106ccee23	decompiled	chunks/004/functions-000269.c		
106ccee24	106ccee73	decompiled	chunks/004/functions-000269.c		
106ccee74	106ccee93	decompiled	chunks/004/functions-000269.c	+[SCVenueProfileMetricCallback valdiMarshallableObjectDescriptor]	
106ccee94	106cceeb7	decompiled	chunks/004/functions-000269.c		
106cceeb8	106ccef07	decompiled	chunks/004/functions-000269.c		
106ccef08	106ccef4b	decompiled	chunks/004/functions-000269.c		
106ccef4c	106ccef57	decompiled	chunks/004/functions-000269.c	+[SCCVenueProfileV3 componentPath]	
106ccef58	106ccef77	decompiled	chunks/004/functions-000269.c	-[SCCVenueProfileV3 initWithViewModel:componentContext:runtime:]	
106ccef78	106ccefab	decompiled	chunks/004/functions-000269.c	-[SCCVenueProfileV3 setViewModel:]	
106ccefac	106ccefe3	decompiled	chunks/004/functions-000269.c	-[SCCVenueProfileV3 viewModel]	
106ccefe4	106ccefef	decompiled	chunks/004/functions-000269.c	+[SCPlaceLinkFloatingButton componentPath]	
106cceff0	106ccf00f	decompiled	chunks/004/functions-000269.c	-[SCPlaceLinkFloatingButton initWithViewModel:componentContext:runtime:]	
106ccf010	106ccf043	decompiled	chunks/004/functions-000269.c	-[SCPlaceLinkFloatingButton setViewModel:]	
106ccf044	106ccf07b	decompiled	chunks/004/functions-000269.c	-[SCPlaceLinkFloatingButton viewModel]	
106ccf07c	106ccf087	decompiled	chunks/004/functions-000269.c	+[SCVenueProfileViewV2 componentPath]	
106ccf088	106ccf0a7	decompiled	chunks/004/functions-000269.c	-[SCVenueProfileViewV2 initWithViewModel:componentContext:runtime:]	
106ccf0a8	106ccf0db	decompiled	chunks/004/functions-000269.c	-[SCVenueProfileViewV2 setViewModel:]	
106ccf0dc	106ccf113	decompiled	chunks/004/functions-000269.c	-[SCVenueProfileViewV2 viewModel]	
106ccf114	106ccf35f	decompiled	chunks/004/functions-000269.c		
106ccf360	106ccf4af	decompiled	chunks/004/functions-000269.c		
106ccf4b0	106ccf4bb	decompiled	chunks/004/functions-000269.c	+[SCCAdMapsPromotedPlaceBanner componentPath]	
106ccf4bc	106ccf4ef	decompiled	chunks/004/functions-000269.c	-[SCCAdMapsPromotedPlaceBanner initWithViewModel:componentContext:runtime:]	
106ccf4f0	106ccf53f	decompiled	chunks/004/functions-000269.c	-[SCCAdMapsPromotedPlaceBanner setViewModel:]	
106ccf540	106ccf583	decompiled	chunks/004/functions-000269.c	-[SCCAdMapsPromotedPlaceBanner viewModel]	
106ccf584	106ccf58f	decompiled	chunks/004/functions-000269.c	+[SCCDemoTrayView componentPath]	
106ccf590	106ccf5c3	decompiled	chunks/004/functions-000269.c	-[SCCDemoTrayView initWithViewModel:componentContext:runtime:]	
106ccf5c4	106ccf613	decompiled	chunks/004/functions-000269.c	-[SCCDemoTrayView setViewModel:]	
106ccf614	106ccf657	decompiled	chunks/004/functions-000269.c	-[SCCDemoTrayView viewModel]	
106ccf658	106ccf67b	decompiled	chunks/004/functions-000269.c	+[SCCMapAnnotationManager valdiMarshallableObjectDescriptor]	
106ccf67c	106ccf6a7	decompiled	chunks/004/functions-000269.c		
106ccf6a8	106ccf707	decompiled	chunks/004/functions-000269.c		
106ccf708	106ccf71b	decompiled	chunks/004/functions-000269.c	+[SCCMapConfigurator valdiMarshallableObjectDescriptor]	
106ccf71c	106ccf72f	decompiled	chunks/004/functions-000269.c	+[SCCMapLayerCloseHandler valdiMarshallableObjectDescriptor]	
106ccf730	106ccf753	decompiled	chunks/004/functions-000269.c	+[SCCMapLayerInternalHandler valdiMarshallableObjectDescriptor]	
106ccf754	106ccf783	decompiled	chunks/004/functions-000269.c		
106ccf784	106ccf7e3	decompiled	chunks/004/functions-000269.c		
106ccf7e4	106ccf7f7	decompiled	chunks/004/functions-000269.c	+[SCCMapLayerLifecycle valdiMarshallableObjectDescriptor]	
106ccf7f8	106ccf80b	decompiled	chunks/004/functions-000269.c	+[SCCMapTileDataProvider valdiMarshallableObjectDescriptor]	
106ccf80c	106ccf81f	decompiled	chunks/004/functions-000269.c	+[SCCMapViewport valdiMarshallableObjectDescriptor]	
106ccf820	106ccf833	decompiled	chunks/004/functions-000269.c	+[SCCUserLocationManager valdiMarshallableObjectDescriptor]	
106ccf834	106ccf83f	decompiled	chunks/004/functions-000269.c	+[SCCMapLayerLoader componentPath]	
106ccf840	106ccf873	decompiled	chunks/004/functions-000269.c	-[SCCMapLayerLoader initWithViewModel:componentContext:runtime:]	
