address	end_address	status	pseudocode_file	runtime_label	error
106bf5380	106bf541f	decompiled	chunks/003/functions-000220.c	-[SCGrapheneAdservicesMetric description]	
106bf5420	106bf559f	decompiled	chunks/003/functions-000220.c	-[SCGrapheneRegistry adservicesGraphene]	
106bf55a0	106bf55f7	decompiled	chunks/003/functions-000220.c	-[SCApplicationInstallLoggerServices initWithApplicationInstallLogger:]	
106bf55f8	106bf55ff	decompiled	chunks/003/functions-000220.c	-[SCApplicationInstallLoggerServices applicationInstallLogger]	
106bf5600	106bf560b	decompiled	chunks/003/functions-000220.c	-[SCApplicationInstallLoggerServices .cxx_destruct]	
106bf560c	106bf5687	decompiled	chunks/003/functions-000220.c		
106bf5688	106bf5693	decompiled	chunks/003/functions-000220.c		
106bf5694	106bf56fb	decompiled	chunks/003/functions-000220.c	+[RetrieveConversionValueRequest descriptor]	
106bf56fc	106bf5763	decompiled	chunks/003/functions-000220.c	+[RetrieveConversionValueResponse descriptor]	
106bf5764	106bf5a47	decompiled	chunks/003/functions-000220.c	-[SCDurableDeviceIDPostAuthLoggingEntryPoint begin]	
106bf5a48	106bf5a97	decompiled	chunks/003/functions-000220.c	-[SCDurableDeviceIDPostAuthLoggingEntryPoint .cxx_destruct]	
106bf5a98	106bf5b0b	decompiled	chunks/003/functions-000220.c	-[SCDurableDeviceIDReportingJobProcessor initWithDurableDeviceIDLogger:]	
106bf5b0c	106bf5b7b	decompiled	chunks/003/functions-000220.c	-[SCDurableDeviceIDReportingJobProcessor processJobWithJobConfig:input:context:onComplete:]	
106bf5b7c	106bf5b87	decompiled	chunks/003/functions-000220.c	-[SCDurableDeviceIDReportingJobProcessor .cxx_destruct]	
106bf5b88	106bf5bfb	decompiled	chunks/003/functions-000220.c	-[SCDurableDeviceIDLoggerServices initWithDurableDeviceIDLogger:]	
106bf5bfc	106bf5c03	decompiled	chunks/003/functions-000220.c	-[SCDurableDeviceIDLoggerServices durableDeviceIDLogger]	
106bf5c04	106bf5c33	decompiled	chunks/003/functions-000220.c	-[SCDurableDeviceIDLoggerServices setDurableDeviceIDLogger:]	
106bf5c34	106bf5c3f	decompiled	chunks/003/functions-000220.c	-[SCDurableDeviceIDLoggerServices .cxx_destruct]	
106bf5c40	106bf5d13	decompiled	chunks/003/functions-000220.c	-[SCPasskeyEnrollmentScope initWithPresentingWindow:uiContainer:delegate:trigger:]	
106bf5d14	106bf5d1b	decompiled	chunks/003/functions-000220.c	-[SCPasskeyEnrollmentScope presentingWindow]	
106bf5d1c	106bf5d23	decompiled	chunks/003/functions-000220.c	-[SCPasskeyEnrollmentScope uiContainer]	
106bf5d24	106bf5d3b	decompiled	chunks/003/functions-000220.c	-[SCPasskeyEnrollmentScope delegate]	
106bf5d3c	106bf5d43	decompiled	chunks/003/functions-000220.c	-[SCPasskeyEnrollmentScope trigger]	
106bf5d44	106bf5d7b	decompiled	chunks/003/functions-000220.c	-[SCPasskeyEnrollmentScope .cxx_destruct]	
106bf5d7c	106bf5dc7	decompiled	chunks/003/functions-000220.c	+[SCPasskeyEnrollmentResult cancelled]	
106bf5dc8	106bf5e13	decompiled	chunks/003/functions-000220.c	+[SCPasskeyEnrollmentResult deduped]	
106bf5e14	106bf5e6f	decompiled	chunks/003/functions-000220.c	+[SCPasskeyEnrollmentResult failureWithPermanent:]	
106bf5e70	106bf5eb7	decompiled	chunks/003/functions-000220.c	+[SCPasskeyEnrollmentResult success]	
106bf5eb8	106bf5edb	decompiled	chunks/003/functions-000220.c	-[SCPasskeyEnrollmentResult copyWithZone:]	
106bf5edc	106bf5f37	decompiled	chunks/003/functions-000220.c	-[SCPasskeyEnrollmentResult hash]	
106bf5f38	106bf5f7b	decompiled	chunks/003/functions-000220.c	-[SCPasskeyEnrollmentResult internalInit]	
106bf5f7c	106bf6013	decompiled	chunks/003/functions-000220.c	-[SCPasskeyEnrollmentResult isEqual:]	
106bf6014	106bf60fb	decompiled	chunks/003/functions-000220.c	-[SCPasskeyEnrollmentResult matchSuccess:failure:cancelled:deduped:]	
106bf60fc	106bf6147	decompiled	chunks/003/functions-000220.c	+[SCPasskeyEnrollmentStatus creatingPasskey]	
106bf6148	106bf618f	decompiled	chunks/003/functions-000220.c	+[SCPasskeyEnrollmentStatus fetchingEnrollmentOptions]	
106bf6190	106bf61f7	decompiled	chunks/003/functions-000220.c	+[SCPasskeyEnrollmentStatus finishedWithResult:]	
106bf61f8	106bf6243	decompiled	chunks/003/functions-000220.c	+[SCPasskeyEnrollmentStatus persistingPasskey]	
106bf6244	106bf6267	decompiled	chunks/003/functions-000220.c	-[SCPasskeyEnrollmentStatus copyWithZone:]	
106bf6268	106bf62c7	decompiled	chunks/003/functions-000220.c	-[SCPasskeyEnrollmentStatus hash]	
106bf62c8	106bf630b	decompiled	chunks/003/functions-000220.c	-[SCPasskeyEnrollmentStatus internalInit]	
106bf630c	106bf63ab	decompiled	chunks/003/functions-000220.c	-[SCPasskeyEnrollmentStatus isEqual:]	
106bf63ac	106bf6493	decompiled	chunks/003/functions-000220.c	-[SCPasskeyEnrollmentStatus matchFetchingEnrollmentOptions:creatingPasskey:persistingPasskey:finished:]	
106bf6494	106bf649f	decompiled	chunks/003/functions-000220.c	-[SCPasskeyEnrollmentStatus .cxx_destruct]	
106bf64a0	106bf65c3	decompiled	chunks/003/functions-000220.c	-[SCAdInitDurableJob initWithAdsPreferencesProvider:adConfigProvider:userAdIdProvider:adInitializer:jobKey:]	
106bf65c4	106bf67ab	decompiled	chunks/003/functions-000220.c	-[SCAdInitDurableJob processJobWithJobConfig:input:context:onComplete:]	
106bf67ac	106bf67c7	decompiled	chunks/003/functions-000220.c		
106bf67c8	106bf681b	decompiled	chunks/003/functions-000220.c	-[SCAdInitDurableJob .cxx_destruct]	
106bf681c	106bf6a9f	decompiled	chunks/003/functions-000220.c	-[SCAdInitializer initWithRequestInfoProvider:configAdapter:adConfigProvider:networkManager:pixelTrackingCookieManager:persistedDataAdapter:commonMetricsManager:initMetricsManager:snapTokenAdapter:adsPreferencesProvider:adsCircumstanceEngineAdapter:appInstalledInfoProvider:appStoreInfoProvider:onDeviceFeatureGatingProvider:javascriptFetcher:isPrimary:]	
106bf6aa0	106bf6e57	decompiled	chunks/003/functions-000220.c	-[SCAdInitializer initWithRequestInfoProvider:configAdapter:adConfigProvider:networkManager:pixelTrackingCookieManager:persistedDataAdapter:commonMetricsManager:initMetricsManager:snapTokenAdapter:adsPreferencesProvider:adsCircumstanceEngineAdapter:appInstalledInfoProvider:appStoreInfoProvider:onDeviceFeatureGatingProvider:isPrimary:performer:timeProvider:javascriptFetcher:]	
106bf6e58	106bf6f57	decompiled	chunks/003/functions-000220.c	-[SCAdInitializer initializeWithMetadata:completion:]	
106bf6f58	106bf6f8b	decompiled	chunks/003/functions-000220.c		
106bf6f8c	106bf706f	decompiled	chunks/003/functions-000220.c	-[SCAdInitializer reInitialize:]	
106bf7070	106bf70a3	decompiled	chunks/003/functions-000220.c		
106bf70a4	106bf714b	decompiled	chunks/003/functions-000220.c	-[SCAdInitializer tearDown]	
106bf714c	106bf7177	decompiled	chunks/003/functions-000220.c		
106bf7178	106bf71a7	decompiled	chunks/003/functions-000220.c	-[SCAdInitializer _clearUp]	
106bf71a8	106bf7487	decompiled	chunks/003/functions-000220.c	-[SCAdInitializer _initWithMetadata:completion:]	
106bf7488	106bf7623	decompiled	chunks/003/functions-000220.c	-[SCAdInitializer _fetchCofTokenWithMetadata:adSourceConfig:initURL:completion:]	
106bf7624	106bf767b	decompiled	chunks/003/functions-000220.c		
106bf767c	106bf7933	decompiled	chunks/003/functions-000220.c	-[SCAdInitializer _fetchSnapTokenWithMetadata:adSourceConfig:initURL:cofToken:completion:]	
106bf7934	106bf794b	decompiled	chunks/003/functions-000220.c		
106bf794c	106bf79a7	decompiled	chunks/003/functions-000220.c		
106bf79a8	106bf7ad7	decompiled	chunks/003/functions-000220.c		
106bf7ad8	106bf7ba3	decompiled	chunks/003/functions-000220.c		
106bf7ba4	106bf7bc3	decompiled	chunks/003/functions-000220.c		
106bf7bc4	106bf8173	decompiled	chunks/003/functions-000220.c	-[SCAdInitializer _initWithMetadata:defaultAdSourceConfig:initEndpoint:cofToken:snapToken:storefrontCountryCode:completion:]	
106bf8174	106bf82c3	decompiled	chunks/003/functions-000220.c		
106bf82c4	106bf84f3	decompiled	chunks/003/functions-000220.c	-[SCAdInitializer _handleNetworkResponse:error:responseStatusCode:requestEndpoint:requestStartTimestamp:requestSize:completion:]	
106bf84f4	106bf867f	decompiled	chunks/003/functions-000220.c	-[SCAdInitializer _reInitialize:]	
106bf8680	106bf877f	decompiled	chunks/003/functions-000220.c	-[SCAdInitializer _handleInitResponse:completion:]	
106bf8780	106bf8817	decompiled	chunks/003/functions-000220.c		
106bf8818	106bf88bf	decompiled	chunks/003/functions-000220.c	-[SCAdInitializer _handleOnDeviceResponse:onDeviceProfileURL:]	
106bf88c0	106bf8c2f	decompiled	chunks/003/functions-000220.c	-[SCAdInitializer _saveAndPersistAdSourceConfig:completion:]	
106bf8c30	106bf8ce7	decompiled	chunks/003/functions-000220.c	-[SCAdInitializer _updateLastInitRequestTimestamp:]	
106bf8ce8	106bf8d1b	decompiled	chunks/003/functions-000220.c		
106bf8d1c	106bf8da3	decompiled	chunks/003/functions-000220.c	-[SCAdInitializer _updateLastInitRequestTimestampHelper:]	
106bf8da4	106bf8dab	decompiled	chunks/003/functions-000220.c	-[SCAdInitializer adSourceConfig]	
106bf8dac	106bf8ddb	decompiled	chunks/003/functions-000220.c	-[SCAdInitializer setAdSourceConfig:]	
106bf8ddc	106bf8de3	decompiled	chunks/003/functions-000220.c	-[SCAdInitializer requestInfoProvider]	
106bf8de4	106bf8deb	decompiled	chunks/003/functions-000220.c	-[SCAdInitializer networkManager]	
106bf8dec	106bf8df3	decompiled	chunks/003/functions-000220.c	-[SCAdInitializer pixelTrackingCookieManager]	
106bf8df4	106bf8dfb	decompiled	chunks/003/functions-000220.c	-[SCAdInitializer appInstalledInfoProvider]	
106bf8dfc	106bf8e13	decompiled	chunks/003/functions-000220.c	-[SCAdInitializer persistedDataAdapter]	
106bf8e14	106bf8e2b	decompiled	chunks/003/functions-000220.c	-[SCAdInitializer configAdapter]	
106bf8e2c	106bf8e43	decompiled	chunks/003/functions-000220.c	-[SCAdInitializer commonMetricsManager]	
106bf8e44	106bf8e77	decompiled	chunks/003/functions-000220.c	-[SCAdInitializer initMetricsManager]	
106bf8e78	106bf8e8f	decompiled	chunks/003/functions-000220.c	-[SCAdInitializer snapTokenAdapter]	
106bf8e90	106bf8ea7	decompiled	chunks/003/functions-000220.c	-[SCAdInitializer adsPreferencesProvider]	
106bf8ea8	106bf8ebf	decompiled	chunks/003/functions-000220.c	-[SCAdInitializer adsCircumstanceEngineAdapter]	
106bf8ec0	106bf8ed7	decompiled	chunks/003/functions-000220.c	-[SCAdInitializer onDeviceFeatureGatingProvider]	
106bf8ed8	106bf8edf	decompiled	chunks/003/functions-000220.c	-[SCAdInitializer lastInitUpdateTimestampInSec]	
106bf8ee0	106bf8f0f	decompiled	chunks/003/functions-000220.c	-[SCAdInitializer setLastInitUpdateTimestampInSec:]	
106bf8f10	106bf8f17	decompiled	chunks/003/functions-000220.c	-[SCAdInitializer lastReinitTimestampInSec]	
106bf8f18	106bf8f47	decompiled	chunks/003/functions-000220.c	-[SCAdInitializer setLastReinitTimestampInSec:]	
106bf8f48	106bf8f4f	decompiled	chunks/003/functions-000220.c	-[SCAdInitializer isPrimary]	
106bf8f50	106bf9037	decompiled	chunks/003/functions-000220.c	-[SCAdInitializer .cxx_destruct]	
106bf9038	106bf920f	decompiled	chunks/003/functions-000220.c	-[SCAppInstalledInfoProvider initWithAdConfigProvider:metricsManager:commonMetricsManager:persistedDataAdapter:canOpenUrlProvider:requestInfoProvider:]	
106bf9210	106bf9463	decompiled	chunks/003/functions-000220.c	-[SCAppInstalledInfoProvider fetchAppInstalledInfoAndLogBlizzard]	
106bf9464	106bf94cf	decompiled	chunks/003/functions-000220.c		
106bf94d0	106bf96db	decompiled	chunks/003/functions-000220.c	-[SCAppInstalledInfoProvider getAppInstallInfoWithAppURLSchemaList:]	
106bf96dc	106bf9833	decompiled	chunks/003/functions-000221.c	-[SCAppInstalledInfoProvider _logAppInstallInfoBlizzard:said:idfv:idfa:]	
106bf9834	106bf986b	decompiled	chunks/003/functions-000221.c		
106bf986c	106bf9957	decompiled	chunks/003/functions-000221.c	-[SCAppInstalledInfoProvider _logResultsInBlizzard:said:idfv:idfa:]	
106bf9958	106bf995f	decompiled	chunks/003/functions-000221.c	-[SCAppInstalledInfoProvider lastCOUploadingTimestampInSec]	
106bf9960	106bf998f	decompiled	chunks/003/functions-000221.c	-[SCAppInstalledInfoProvider setLastCOUploadingTimestampInSec:]	
106bf9990	106bf9a13	decompiled	chunks/003/functions-000221.c	-[SCAppInstalledInfoProvider .cxx_destruct]	
106bf9a14	106bf9a3b	decompiled	chunks/003/functions-000221.c	-[SCAdNetworkUserAgent userAgent]	
106bf9a3c	106bf9a47	decompiled	chunks/003/functions-000221.c	-[SCAdNetworkUserAgent .cxx_destruct]	
106bf9a48	106bf9abb	decompiled	chunks/003/functions-000221.c	-[SCAdPreferencesProviderImpl initWithFeatureSettingsService:]	
106bf9abc	106bf9bab	decompiled	chunks/003/functions-000221.c	-[SCAdPreferencesProviderImpl retrieveAdsPreferences]	
106bf9bac	106bf9bb7	decompiled	chunks/003/functions-000221.c	-[SCAdPreferencesProviderImpl .cxx_destruct]	
106bf9bb8	106bf9c5b	decompiled	chunks/003/functions-000221.c	-[SCAdSnapTokenManager initWithSnapTokenProvider:initMetricsManager:]	
106bf9c5c	106bf9c93	decompiled	chunks/003/functions-000221.c	-[SCAdSnapTokenManager fetchAccessTokenWithPrimaryDataSource:successBlock:failureBlock:]	
106bf9c94	106bf9e5f	decompiled	chunks/003/functions-000221.c	-[SCAdSnapTokenManager fetchAccessTokenWithPrimaryDataSource:successQueue:failureQueue:successBlock:failureBlock:]	
106bf9e60	106bf9efb	decompiled	chunks/003/functions-000221.c		
106bf9efc	106bf9f63	decompiled	chunks/003/functions-000221.c		
106bf9f64	106bf9f77	decompiled	chunks/003/functions-000221.c	-[SCAdSnapTokenManager _handleSnapTokenFetchSuccess:isPrimary:snapTokenFetchingLatencyInSec:]	
106bf9f78	106bf9f8b	decompiled	chunks/003/functions-000221.c	-[SCAdSnapTokenManager _handleSnapTokenFetchFailure:isPrimary:]	
106bf9f8c	106bf9fbb	decompiled	chunks/003/functions-000221.c	-[SCAdSnapTokenManager .cxx_destruct]	
106bf9fbc	106bf9fdb	decompiled	chunks/003/functions-000221.c	-[SCSnapchatApplicationInfo getApplicationType]	
106bf9fdc	106bf9fe3	decompiled	chunks/003/functions-000221.c	-[SCSnapchatApplicationInfo getApplicationDesignType]	
106bf9fe4	106bf9fef	decompiled	chunks/003/functions-000221.c	-[SCFeatureSettingsService isAudienceMatchOptOut]	
106bf9ff0	106bf9ffb	decompiled	chunks/003/functions-000221.c	-[SCFeatureSettingsService audienceMatchOptOutServerParam]	
106bf9ffc	106bfa00b	decompiled	chunks/003/functions-000221.c	-[SCFeatureSettingsService setAudienceMatchOptOut:]	
106bfa00c	106bfa013	decompiled	chunks/003/functions-000221.c	-[SCFeatureSettingsService audience_match_opt_out_client_value:]	
106bfa014	106bfa01b	decompiled	chunks/003/functions-000221.c	-[SCFeatureSettingsService audience_match_opt_out_server_value:]	
106bfa01c	106bfa02b	decompiled	chunks/003/functions-000221.c	-[SCFeatureSettingsService audienceMatchOptOut]	
106bfa02c	106bfa037	decompiled	chunks/003/functions-000221.c	-[SCFeatureSettingsService isExternalActivityMatchOptOut]	
106bfa038	106bfa043	decompiled	chunks/003/functions-000221.c	-[SCFeatureSettingsService externalActivityMatchOptOutServerParam]	
106bfa044	106bfa053	decompiled	chunks/003/functions-000221.c	-[SCFeatureSettingsService setExternalActivityMatchOptOut:]	
106bfa054	106bfa05b	decompiled	chunks/003/functions-000221.c	-[SCFeatureSettingsService external_activity_match_opt_out_client_value:]	
106bfa05c	106bfa063	decompiled	chunks/003/functions-000221.c	-[SCFeatureSettingsService external_activity_match_opt_out_server_value:]	
106bfa064	106bfa073	decompiled	chunks/003/functions-000221.c	-[SCFeatureSettingsService externalActivityMatchOptOut]	
106bfa074	106bfa07f	decompiled	chunks/003/functions-000221.c	-[SCFeatureSettingsService isThirdPartyAdNetworkOptOut]	
106bfa080	106bfa08b	decompiled	chunks/003/functions-000221.c	-[SCFeatureSettingsService thirdPartyAdNetworkOptOutServerParam]	
106bfa08c	106bfa09b	decompiled	chunks/003/functions-000221.c	-[SCFeatureSettingsService setThirdPartyAdNetworkOptOut:]	
106bfa09c	106bfa0a3	decompiled	chunks/003/functions-000221.c	-[SCFeatureSettingsService third_party_ad_network_opt_out_client_value:]	
106bfa0a4	106bfa0ab	decompiled	chunks/003/functions-000221.c	-[SCFeatureSettingsService third_party_ad_network_opt_out_server_value:]	
106bfa0ac	106bfa0bb	decompiled	chunks/003/functions-000221.c	-[SCFeatureSettingsService thirdPartyAdNetworkOptOut]	
106bfa0bc	106bfa0c7	decompiled	chunks/003/functions-000221.c	-[SCFeatureSettingsService hasSponsoredSnapEUModalOptInStatus]	
106bfa0c8	106bfa0d3	decompiled	chunks/003/functions-000221.c	-[SCFeatureSettingsService sponsoredSnapEUModalOptInStatusServerParam]	
106bfa0d4	106bfa0e3	decompiled	chunks/003/functions-000221.c	-[SCFeatureSettingsService setSponsoredSnapEUModalOptInStatus:]	
106bfa0e4	106bfa0eb	decompiled	chunks/003/functions-000221.c	-[SCFeatureSettingsService sponsored_snap_eu_modal_opt_in_status_client_value:]	
106bfa0ec	106bfa0f3	decompiled	chunks/003/functions-000221.c	-[SCFeatureSettingsService sponsored_snap_eu_modal_opt_in_status_server_value:]	
106bfa0f4	106bfa103	decompiled	chunks/003/functions-000221.c	-[SCFeatureSettingsService sponsoredSnapEUModalOptInStatus]	
106bfa104	106bfa10f	decompiled	chunks/003/functions-000221.c	-[SCFeatureSettingsService hasSponsoredSnapEUModalLastShownTimestampMs]	
106bfa110	106bfa11b	decompiled	chunks/003/functions-000221.c	-[SCFeatureSettingsService sponsoredSnapEUModalLastShownTimestampMsServerParam]	
106bfa11c	106bfa12b	decompiled	chunks/003/functions-000221.c	-[SCFeatureSettingsService setSponsoredSnapEUModalLastShownTimestampMs:]	
106bfa12c	106bfa133	decompiled	chunks/003/functions-000221.c	-[SCFeatureSettingsService sponsored_snap_eu_modal_last_shown_timestamp_ms_client_value:]	
106bfa134	106bfa13b	decompiled	chunks/003/functions-000221.c	-[SCFeatureSettingsService sponsored_snap_eu_modal_last_shown_timestamp_ms_server_value:]	
106bfa13c	106bfa14b	decompiled	chunks/003/functions-000221.c	-[SCFeatureSettingsService sponsoredSnapEUModalLastShownTimestampMs]	
106bfa14c	106bfa157	decompiled	chunks/003/functions-000221.c	-[SCFeatureSettingsService hasSponsoredSnapEUModalShownCount]	
106bfa158	106bfa163	decompiled	chunks/003/functions-000221.c	-[SCFeatureSettingsService sponsoredSnapEUModalShownCountServerParam]	
106bfa164	106bfa173	decompiled	chunks/003/functions-000221.c	-[SCFeatureSettingsService setSponsoredSnapEUModalShownCount:]	
106bfa174	106bfa17b	decompiled	chunks/003/functions-000221.c	-[SCFeatureSettingsService sponsored_snap_eu_modal_shown_count_client_value:]	
106bfa17c	106bfa183	decompiled	chunks/003/functions-000221.c	-[SCFeatureSettingsService sponsored_snap_eu_modal_shown_count_server_value:]	
106bfa184	106bfa193	decompiled	chunks/003/functions-000221.c	-[SCFeatureSettingsService sponsoredSnapEUModalShownCount]	
106bfa194	106bfa2fb	decompiled	chunks/003/functions-000221.c	-[SCOneTapLoginRegistryJobSchedulerEntryPoint begin]	
106bfa2fc	106bfa31f	decompiled	chunks/003/functions-000221.c		
106bfa320	106bfa34b	decompiled	chunks/003/functions-000221.c		
106bfa34c	106bfa49f	decompiled	chunks/003/functions-000221.c	-[SCOneTapLoginRegistryJobSchedulerEntryPoint _submitJob]	
106bfa4a0	106bfa52f	decompiled	chunks/003/functions-000221.c	-[SCOneTapLoginRegistryJobSchedulerEntryPoint _handleLoginOrRegistration]	
106bfa530	106bfa733	decompiled	chunks/003/functions-000221.c	-[SCOneTapLoginRegistryJobSchedulerEntryPoint _optUserInto1TLIfNecessary]	
106bfa734	106bfa737	decompiled	chunks/003/functions-000221.c		
106bfa738	106bfa793	decompiled	chunks/003/functions-000221.c	-[SCOneTapLoginRegistryJobSchedulerEntryPoint .cxx_destruct]	
106bfa794	106bfa887	decompiled	chunks/003/functions-000221.c	-[SCOneTapLoginRegistryServiceProvider provide]	
106bfa888	106bfa8c7	decompiled	chunks/003/functions-000221.c		
106bfa8c8	106bfaa1b	decompiled	chunks/003/functions-000221.c	-[SCOneTapLoginRegistryServiceProvider end]	
106bfaa1c	106bfad73	decompiled	chunks/003/functions-000221.c	-[SCOneTapLoginRegistryServiceProvider _oneTapLoginRegistry]	
106bfad74	106bfadb3	decompiled	chunks/003/functions-000221.c		
106bfadb4	106bfaf9b	decompiled	chunks/003/functions-000221.c	-[SCOneTapLoginRegistryServiceProvider _bitmojiFetcher]	
106bfaf9c	106bfafdb	decompiled	chunks/003/functions-000221.c		
106bfafdc	106bfb0ff	decompiled	chunks/003/functions-000221.c	-[SCOneTapLoginRegistryServiceProvider _logger]	
106bfb100	106bfb1cb	decompiled	chunks/003/functions-000221.c	-[SCOneTapLoginRegistryServiceProvider .cxx_destruct]	
106bfb1cc	106bfb387	decompiled	chunks/003/functions-000221.c	-[SCOneTapLoginRegistryExperimentHelper initWithCircumstanceEngine:]	
106bfb388	106bfb38f	decompiled	chunks/003/functions-000221.c	-[SCOneTapLoginRegistryExperimentHelper tokenTtlSeconds]	
106bfb390	106bfb397	decompiled	chunks/003/functions-000221.c	-[SCOneTapLoginRegistryExperimentHelper tenuredThresholdSeconds]	
106bfb398	106bfb39f	decompiled	chunks/003/functions-000221.c	-[SCOneTapLoginRegistryExperimentHelper sharedDeviceThreshold]	
106bfb3a0	106bfb4bf	decompiled	chunks/003/functions-000221.c	-[SCOneTapLoginRegistryExperimentHelper configResult]	
106bfb4c0	106bfb4f3	decompiled	chunks/003/functions-000221.c	-[SCOneTapLoginRegistryExperimentHelper enableCloudPersistent]	
106bfb4f4	106bfb513	decompiled	chunks/003/functions-000221.c	-[SCOneTapLoginRegistryExperimentHelper enableCloudDryMode]	
106bfb514	106bfb55b	decompiled	chunks/003/functions-000221.c	-[SCOneTapLoginRegistryExperimentHelper .cxx_destruct]	
106bfb55c	106bfb67f	decompiled	chunks/003/functions-000221.c	-[SCOneTapLoginBitmojiFetcher initWithUserSession:avatarProvider:selfieFetcher:selfieProvider:logger:]	
106bfb680	106bfb96f	decompiled	chunks/003/functions-000221.c	-[SCOneTapLoginBitmojiFetcher fetchAndPersistBitmoji:completion:]	
106bfb970	106bfb9d7	decompiled	chunks/003/functions-000221.c		
106bfb9d8	106bfbaf7	decompiled	chunks/003/functions-000221.c	-[SCOneTapLoginBitmojiFetcher _fetchBitmojiSelfieWithRequest:contexts:feature:completionQueue:completion:]	
106bfbaf8	106bfbbc3	decompiled	chunks/003/functions-000221.c		
106bfbbc4	106bfbc53	decompiled	chunks/003/functions-000221.c	-[SCOneTapLoginBitmojiFetcher _fetchImageSucceeded:callback:]	
106bfbc54	106bfbcb3	decompiled	chunks/003/functions-000221.c	-[SCOneTapLoginBitmojiFetcher _fetchImageFailedWithCallback:]	
106bfbcb4	106bfbdc7	decompiled	chunks/003/functions-000221.c	-[SCOneTapLoginBitmojiFetcher _isBitmojiCached:avatarId:]	
106bfbdc8	106bfbe03	decompiled	chunks/003/functions-000221.c	-[SCOneTapLoginBitmojiFetcher _removeCachedBitmoji]	
106bfbe04	106bfbe7f	decompiled	chunks/003/functions-000221.c	-[SCOneTapLoginBitmojiFetcher _persistBitmojiAvatar:selfieId:avatarId:]	
106bfbe80	106bfbef7	decompiled	chunks/003/functions-000221.c	-[SCOneTapLoginBitmojiFetcher .cxx_destruct]	
106bfbef8	106bfbf6b	decompiled	chunks/003/functions-000221.c	-[SCOneTapLoginRegistryBackgroundJobProcessor initWithOneTapLoginRegistryServices:]	
106bfbf6c	106bfbff3	decompiled	chunks/003/functions-000221.c	-[SCOneTapLoginRegistryBackgroundJobProcessor processJobWithJobConfig:input:context:onComplete:]	
106bfbff4	106bfbfff	decompiled	chunks/003/functions-000221.c	-[SCOneTapLoginRegistryBackgroundJobProcessor .cxx_destruct]	
106bfc000	106bfc25b	decompiled	chunks/003/functions-000221.c	-[SCOneTapLoginRegistryImpl initWithUserId:preferences:usernameProvider:multiAccountRepositories:bitmojiFetcher:refreshTokenUpdates:cloud1TLTokenUpdates:snapTokenManager:userTrackedLogger:experimentHelper:maxAccountCount:]	
106bfc25c	106bfc263	decompiled	chunks/003/functions-000221.c	-[SCOneTapLoginRegistryImpl startObservingIfNecessary]	
106bfc264	106bfc26b	decompiled	chunks/003/functions-000221.c	-[SCOneTapLoginRegistryImpl startObservingAfterLogInIfNecessary]	
106bfc26c	106bfc273	decompiled	chunks/003/functions-000221.c	-[SCOneTapLoginRegistryImpl stopObserving]	
106bfc274	106bfc2af	decompiled	chunks/003/functions-000222.c	-[SCOneTapLoginRegistryImpl oneTapLoginRepository]	
106bfc2b0	106bfc2ef	decompiled	chunks/003/functions-000222.c	-[SCOneTapLoginRegistryImpl setOneTapLoginRepository:]	
106bfc2f0	106bfc337	decompiled	chunks/003/functions-000222.c	-[SCOneTapLoginRegistryImpl isCurrentUserExplicitlyOptedIn]	
106bfc338	106bfc3b3	decompiled	chunks/003/functions-000222.c	-[SCOneTapLoginRegistryImpl optOutCurrentUser:]	
106bfc3b4	106bfc557	decompiled	chunks/003/functions-000222.c	-[SCOneTapLoginRegistryImpl optInCurrentUserWithConfirmedOverwrite:optInSource:]	
106bfc558	106bfc60f	decompiled	chunks/003/functions-000222.c	-[SCOneTapLoginRegistryImpl fetchAndPersistBitmojiIfNecessary:]	
106bfc610	106bfc727	decompiled	chunks/003/functions-000222.c	-[SCOneTapLoginRegistryImpl ensureV3TokenPersisted]	
106bfc728	106bfc77b	decompiled	chunks/003/functions-000222.c		
106bfc77c	106bfc87f	decompiled	chunks/003/functions-000222.c	-[SCOneTapLoginRegistryImpl _initializeLastLoginTimestampIfNecessary]	
106bfc880	106bfc903	decompiled	chunks/003/functions-000222.c	-[SCOneTapLoginRegistryImpl _persistOneTapInKeychainIfNecessary]	
106bfc904	106bfc977	decompiled	chunks/003/functions-000222.c	-[SCOneTapLoginRegistryImpl _clearOneTapLoginFromKeychainIfNecessary]	
106bfc978	106bfca17	decompiled	chunks/003/functions-000222.c	-[SCOneTapLoginRegistryImpl _startObservingIfNecessary:]	
106bfca18	106bfcc2f	decompiled	chunks/003/functions-000222.c	-[SCOneTapLoginRegistryImpl _beginObserving]	
106bfcc30	106bfcc57	decompiled	chunks/003/functions-000222.c		
106bfcc58	106bfcd63	decompiled	chunks/003/functions-000222.c		
106bfcd64	106bfcfb3	decompiled	chunks/003/functions-000222.c	-[SCOneTapLoginRegistryImpl _persistToken:cloudToken:username:]	
106bfcfb4	106bfd05f	decompiled	chunks/003/functions-000222.c	-[SCOneTapLoginRegistryImpl _persistOneTapInCloudKeychainIfNecessary]	
106bfd060	106bfd173	decompiled	chunks/003/functions-000222.c	-[SCOneTapLoginRegistryImpl _getRefreshTokenCallback:refreshToken:]	
106bfd174	106bfd2df	decompiled	chunks/003/functions-000222.c	-[SCOneTapLoginRegistryImpl _emitRefreshEventIfNecessary:]	
106bfd2e0	106bfd363	decompiled	chunks/003/functions-000222.c	-[SCOneTapLoginRegistryImpl _logBlizzardEvent:action:]	
106bfd364	106bfd3bf	decompiled	chunks/003/functions-000222.c	-[SCOneTapLoginRegistryImpl _passBasicPersistenceEligibility]	
106bfd3c0	106bfd4ab	decompiled	chunks/003/functions-000222.c	-[SCOneTapLoginRegistryImpl _satisfyTenuredThreshold]	
106bfd4ac	106bfd553	decompiled	chunks/003/functions-000222.c	-[SCOneTapLoginRegistryImpl .cxx_destruct]	
106bfd554	106bfd57f	decompiled	chunks/003/functions-000222.c	+[SCGrapheneAuthStatusPersistenceMetric request]	
106bfd580	106bfd5ab	decompiled	chunks/003/functions-000222.c	+[SCGrapheneAuthStatusPersistenceMetric success]	
106bfd5ac	106bfd5d7	decompiled	chunks/003/functions-000222.c	+[SCGrapheneAuthStatusPersistenceMetric failure]	
106bfd5d8	106bfd677	decompiled	chunks/003/functions-000222.c	-[SCGrapheneAuthStatusPersistenceMetric description]	
106bfd678	106bfd877	decompiled	chunks/003/functions-000222.c	-[SCGrapheneRegistry authStatusPersistenceGraphene]	
106bfd878	106bfd87f	decompiled	chunks/003/functions-000222.c		
106bfd880	106bfd903	decompiled	chunks/003/functions-000222.c		
106bfd904	106bfd96b	decompiled	chunks/003/functions-000222.c		
106bfd96c	106bfdb53	decompiled	chunks/003/functions-000222.c		
106bfdb54	106bfdb87	decompiled	chunks/003/functions-000222.c		
106bfdb88	106bfdc67	decompiled	chunks/003/functions-000222.c		
106bfdc68	106bfdc97	decompiled	chunks/003/functions-000222.c		
106bfdc98	106bfdd2b	decompiled	chunks/003/functions-000222.c		
106bfdd2c	106bfddbf	decompiled	chunks/003/functions-000222.c		
106bfddc0	106bfddfb	decompiled	chunks/003/functions-000222.c		
106bfddfc	106bfdedb	decompiled	chunks/003/functions-000222.c		
106bfdedc	106bfdfaf	decompiled	chunks/003/functions-000222.c		
106bfdfb0	106bfe00f	decompiled	chunks/003/functions-000222.c		
106bfe010	106bfe15b	decompiled	chunks/003/functions-000222.c		
106bfe15c	106bfe29b	decompiled	chunks/003/functions-000222.c		
106bfe29c	106bfe367	decompiled	chunks/003/functions-000222.c	-[SCOneTapLoginRegistryLogger initWithUserTrackedLogger:grapheneRegistry:regDeviceInfoProvider:]	
106bfe368	106bfe3d7	decompiled	chunks/003/functions-000222.c	-[SCOneTapLoginRegistryLogger logOneTapLoginBitmojiFetchingResult:]	
106bfe3d8	106bfe4d7	decompiled	chunks/003/functions-000222.c	-[SCOneTapLoginRegistryLogger logOneTapLoginOptInDialog:]	
106bfe4d8	106bfe5d3	decompiled	chunks/003/functions-000222.c	-[SCOneTapLoginRegistryLogger logLogoutDialogAction:]	
106bfe5d4	106bfe5e3	decompiled	chunks/003/functions-000222.c	-[SCOneTapLoginRegistryLogger _logGrapheneWithMetric:action:]	
106bfe5e4	106bfe663	decompiled	chunks/003/functions-000222.c	-[SCOneTapLoginRegistryLogger _logGrapheneWithMetric:dimensionKey:dimensionValue:]	
106bfe664	106bfe69f	decompiled	chunks/003/functions-000222.c	-[SCOneTapLoginRegistryLogger .cxx_destruct]	
106bfe6a0	106bfe6cb	decompiled	chunks/003/functions-000222.c	+[SCGrapheneOneTapLoginRegistryMetric otlOptInAction]	
106bfe6cc	106bfe6f7	decompiled	chunks/003/functions-000222.c	+[SCGrapheneOneTapLoginRegistryMetric otlLogoutAction]	
106bfe6f8	106bfe723	decompiled	chunks/003/functions-000222.c	+[SCGrapheneOneTapLoginRegistryMetric otlBitmojiFetch]	
106bfe724	106bfe7c3	decompiled	chunks/003/functions-000222.c	-[SCGrapheneOneTapLoginRegistryMetric description]	
106bfe7c4	106bfe91b	decompiled	chunks/003/functions-000222.c	-[SCGrapheneRegistry oneTapLoginRegistryGraphene]	
106bfe91c	106bfe93b	decompiled	chunks/003/functions-000222.c		
106bfe93c	106bfe9b7	decompiled	chunks/003/functions-000222.c		
106bfe9b8	106bfe9c3	decompiled	chunks/003/functions-000222.c		
106bfe9c4	106bfea3f	decompiled	chunks/003/functions-000222.c		
106bfea40	106bfea4b	decompiled	chunks/003/functions-000222.c		
106bfea4c	106bfeac7	decompiled	chunks/003/functions-000222.c		
106bfeac8	106bfead3	decompiled	chunks/003/functions-000222.c		
106bfead4	106bfeb3b	decompiled	chunks/003/functions-000222.c	+[SCActivationPbOneTapPersistent descriptor]	
106bfeb3c	106bfeb47	decompiled	chunks/003/functions-000222.c	-[SCFeatureSettingsService isLogoutVerificationCoolDownCountAvailable]	
106bfeb48	106bfeb53	decompiled	chunks/003/functions-000222.c	-[SCFeatureSettingsService logoutVerificationCoolDownCountServerParam]	
106bfeb54	106bfeb63	decompiled	chunks/003/functions-000222.c	-[SCFeatureSettingsService setLogoutVerificationCoolDownCount:]	
106bfeb64	106bfeb6b	decompiled	chunks/003/functions-000222.c	-[SCFeatureSettingsService logout_verification_cool_down_count_client_value:]	
106bfeb6c	106bfeb73	decompiled	chunks/003/functions-000222.c	-[SCFeatureSettingsService logout_verification_cool_down_count_server_value:]	
106bfeb74	106bfeb83	decompiled	chunks/003/functions-000222.c	-[SCFeatureSettingsService logoutVerificationCoolDownCount]	
106bfeb84	106bfeb8f	decompiled	chunks/003/functions-000222.c	-[SCFeatureSettingsService isDeclaredAgeRangeResultAvailable]	
106bfeb90	106bfeb9b	decompiled	chunks/003/functions-000222.c	-[SCFeatureSettingsService declaredAgeRangeResultServerParam]	
106bfeb9c	106bfebab	decompiled	chunks/003/functions-000222.c	-[SCFeatureSettingsService setDeclaredAgeRangeResult:]	
106bfebac	106bfebb3	decompiled	chunks/003/functions-000222.c	-[SCFeatureSettingsService activation_declared_age_range_result_client_value:]	
106bfebb4	106bfebbb	decompiled	chunks/003/functions-000222.c	-[SCFeatureSettingsService activation_declared_age_range_result_server_value:]	
106bfebbc	106bfebe7	decompiled	chunks/003/functions-000222.c	-[SCFeatureSettingsService declaredAgeRangeResult]	
106bfebe8	106bfec43	decompiled	chunks/003/functions-000222.c		
106bfec44	106bfeceb	decompiled	chunks/003/functions-000222.c		
106bfecec	106bfecf7	decompiled	chunks/003/functions-000222.c		
106bfecf8	106bfedc3	decompiled	chunks/003/functions-000222.c	-[SCTermsOfUseAcceptedVersionSyncJobProcessor initWithRepository:grpcService:logger:]	
106bfedc4	106bfee57	decompiled	chunks/003/functions-000222.c	-[SCTermsOfUseAcceptedVersionSyncJobProcessor processJobWithJobConfig:input:context:onComplete:]	
106bfee58	106bff03b	decompiled	chunks/003/functions-000222.c	-[SCTermsOfUseAcceptedVersionSyncJobProcessor _syncAcceptedVersion:onComplete:]	
106bff03c	106bff15f	decompiled	chunks/003/functions-000222.c		
106bff160	106bff19b	decompiled	chunks/003/functions-000222.c	-[SCTermsOfUseAcceptedVersionSyncJobProcessor .cxx_destruct]	
106bff19c	106bff297	decompiled	chunks/003/functions-000222.c	-[SCTermsOfUseHtmlBackgroundFetcherJobProcessor initWithRepository:tosConfigProvider:contentFetcher:logger:]	
106bff298	106bff2b3	decompiled	chunks/003/functions-000222.c	-[SCTermsOfUseHtmlBackgroundFetcherJobProcessor processJobWithJobConfig:input:context:onComplete:]	
106bff2b4	106bff597	decompiled	chunks/003/functions-000222.c	-[SCTermsOfUseHtmlBackgroundFetcherJobProcessor _fetchTOSHTMLContentsIfNeededWithOnComplete:]	
106bff598	106bff73b	decompiled	chunks/003/functions-000222.c	-[SCTermsOfUseHtmlBackgroundFetcherJobProcessor _fetchCDNFileWithUrl:tosHtmlKey:OnComplete:]	
106bff73c	106bff857	decompiled	chunks/003/functions-000222.c		
106bff858	106bff9d3	decompiled	chunks/003/functions-000222.c	-[SCTermsOfUseHtmlBackgroundFetcherJobProcessor _cleanUpDeprecatedHTML:]	
106bff9d4	106bffa3b	decompiled	chunks/003/functions-000222.c	-[SCTermsOfUseHtmlBackgroundFetcherJobProcessor _getFullCDNUrl:]	
106bffa3c	106bffa83	decompiled	chunks/003/functions-000222.c	-[SCTermsOfUseHtmlBackgroundFetcherJobProcessor .cxx_destruct]	
106bffa84	106bffabf	decompiled	chunks/003/functions-000222.c	-[SCTermsOfUseLoggerImpl logTermsOfUseAction:version:]	
106bffac0	106bffb03	decompiled	chunks/003/functions-000222.c	-[SCTermsOfUseLoggerImpl logServerDrivenTermsOfUseAction:version:complianceRequirement:]	
106bffb04	106bffb5f	decompiled	chunks/003/functions-000222.c	-[SCTermsOfUseLoggerImpl logServerDrivenTermsOfUseComplianceStatus:complianceStatusCheckCount:isCompliant:tosAvailable:tosVersion:]	
106bffb60	106bffc03	decompiled	chunks/003/functions-000222.c	-[SCTermsOfUseLoggerImpl logAcceptedTosVersionViaAtlasResult:success:errorCode:]	
106bffc04	106bffc6f	decompiled	chunks/003/functions-000222.c	-[SCTermsOfUseLoggerImpl logFetchCdnFileResultWithSuccess:errorCode:]	
106bffc70	106bffc7f	decompiled	chunks/003/functions-000222.c	-[SCTermsOfUseLoggerImpl logMigratedLatestAcceptVersion:]	
106bffc80	106bffc8f	decompiled	chunks/003/functions-000222.c	-[SCTermsOfUseLoggerImpl _scTosVersionToLegalPromptType:]	
106bffc90	106bffd2b	decompiled	chunks/003/functions-000222.c	-[SCTermsOfUseLoggerImpl _logServerDrivenTermsOfUseBlizzardAction:version:complianceRequirement:]	
106bffd2c	106bffe1b	decompiled	chunks/003/functions-000222.c	-[SCTermsOfUseLoggerImpl _logServerDrivenTermsOfUseGrapheneWithAction:version:complianceRequirement:]	
106bffe1c	106bffed3	decompiled	chunks/003/functions-000223.c	-[SCTermsOfUseLoggerImpl _logServerDrivenTermsOfUseBlizzardComplianceStatus:complianceStatusCheckCount:isCompliant:tosAvailable:tosVersion:]	
106bffed4	106bfffb3	decompiled	chunks/003/functions-000223.c	-[SCTermsOfUseLoggerImpl _logServerDrivenTermsOfUseGrapheneWithComplianceStatus:complianceStatusCheckCount:isCompliant:tosAvailable:tosVersion:]	
106bfffb4	106c00037	decompiled	chunks/003/functions-000223.c	-[SCTermsOfUseLoggerImpl _logBlizzardAction:version:]	
106c00038	106c0018b	decompiled	chunks/003/functions-000223.c	-[SCTermsOfUseLoggerImpl _logGrapheneWithAction:version:]	
106c0018c	106c00293	decompiled	chunks/003/functions-000223.c	-[SCTermsOfUseLoggerImpl _sessionContext]	
106c00294	106c002ff	decompiled	chunks/003/functions-000223.c		
106c00300	106c00347	decompiled	chunks/003/functions-000223.c	-[SCTermsOfUseLoggerImpl .cxx_destruct]	
106c00348	106c003bf	decompiled	chunks/003/functions-000223.c	-[SCTermsOfUseAcceptedVersionSyncEntryPoint begin]	
106c003c0	106c0053f	decompiled	chunks/003/functions-000223.c	-[SCTermsOfUseAcceptedVersionSyncEntryPoint _submitJob]	
106c00540	106c00583	decompiled	chunks/003/functions-000223.c	-[SCTermsOfUseAcceptedVersionSyncEntryPoint .cxx_destruct]	
106c00584	106c00587	decompiled	chunks/003/functions-000223.c	-[SCTermsOfUseHtmlBackgroundFetcherEntryPoint begin]	
106c00588	106c00707	decompiled	chunks/003/functions-000223.c	-[SCTermsOfUseHtmlBackgroundFetcherEntryPoint _submitJob]	
106c00708	106c0077f	decompiled	chunks/003/functions-000223.c	-[SCTermsOfUseHtmlBackgroundFetcherEntryPoint .cxx_destruct]	
106c00780	106c007ef	decompiled	chunks/003/functions-000223.c	-[SCTermsOfUseServiceProvider end]	
106c007f0	106c00997	decompiled	chunks/003/functions-000223.c	-[SCTermsOfUseServiceProvider _atlasGwGrpcService]	
106c00998	106c00a4f	decompiled	chunks/003/functions-000223.c	-[SCTermsOfUseServiceProvider .cxx_destruct]	
106c00a50	106c00b2b	decompiled	chunks/003/functions-000223.c	-[SCServerDrivenTermsOfUseService acceptTermsOfUse:]	
106c00b2c	106c00ba3	decompiled	chunks/003/functions-000223.c	-[SCServerDrivenTermsOfUseService acceptRemindMeLaterTermsOfUse:]	
106c00ba4	106c00bef	decompiled	chunks/003/functions-000223.c	-[SCServerDrivenTermsOfUseService tosPromptType]	
106c00bf0	106c00bf3	decompiled	chunks/003/functions-000223.c	-[SCServerDrivenTermsOfUseService latestTosMetaData]	
106c00bf4	106c00c53	decompiled	chunks/003/functions-000223.c	-[SCServerDrivenTermsOfUseService setServerDrivenTosPromptDidShow:]	
106c00c54	106c00c5f	decompiled	chunks/003/functions-000223.c	-[SCServerDrivenTermsOfUseService latestTermsOfUseVersion]	
106c00c60	106c00cc3	decompiled	chunks/003/functions-000223.c	-[SCServerDrivenTermsOfUseService _updateCheckCountAndLogComplianceStatus:countAction:isCompliant:tosAvailable:tosVersion:]	
106c00cc4	106c00d6f	decompiled	chunks/003/functions-000223.c		
106c00d70	106c00dd7	decompiled	chunks/003/functions-000223.c	-[SCServerDrivenTermsOfUseService _isValidHTMLString:]	
106c00dd8	106c00def	decompiled	chunks/003/functions-000223.c	-[SCServerDrivenTermsOfUseService _complianceRequirementToTosPromptType:]	
106c00df0	106c00e73	decompiled	chunks/003/functions-000223.c	-[SCServerDrivenTermsOfUseService _cachedTOSHtmlString:]	
106c00e74	106c0110b	decompiled	chunks/003/functions-000223.c	-[SCServerDrivenTermsOfUseService _saveTOSHTMLContentFromLoginIfNeeded:locale:htmlString:]	
106c0110c	106c01197	decompiled	chunks/003/functions-000223.c		
106c01198	106c01243	decompiled	chunks/003/functions-000223.c	-[SCServerDrivenTermsOfUseService _notAcceptedTOSVersionData:]	
106c01244	106c01293	decompiled	chunks/003/functions-000223.c	-[SCServerDrivenTermsOfUseService _hasAckedTermsOfUseVersion:]	
106c01294	106c012cb	decompiled	chunks/003/functions-000223.c	-[SCServerDrivenTermsOfUseService _resetAckedTermsOfUseFromSUP]	
106c012cc	106c01303	decompiled	chunks/003/functions-000223.c	-[SCServerDrivenTermsOfUseService _resetAcceptedTermsOfUse]	
106c01304	106c013e7	decompiled	chunks/003/functions-000223.c	-[SCServerDrivenTermsOfUseService _updateAcceptedTermsOfUseVersion:]	
106c013e8	106c01417	decompiled	chunks/003/functions-000223.c		
106c01418	106c015df	decompiled	chunks/003/functions-000223.c	-[SCServerDrivenTermsOfUseService _updateAcceptedTermsOfUseVersionViaAtlasGW:successBlock:]	
106c015e0	106c0168b	decompiled	chunks/003/functions-000223.c		
106c0168c	106c016c7	decompiled	chunks/003/functions-000223.c	-[SCServerDrivenTermsOfUseService _updateAckedTermsOfUseVersion:]	
106c016c8	106c016d3	decompiled	chunks/003/functions-000223.c	-[SCServerDrivenTermsOfUseService cachedTOSHtmlString]	
106c016d4	106c016db	decompiled	chunks/003/functions-000223.c	-[SCServerDrivenTermsOfUseService setCachedTOSHtmlString:]	
106c016dc	106c016e7	decompiled	chunks/003/functions-000223.c	-[SCServerDrivenTermsOfUseService currentShowingTosMetadata]	
106c016e8	106c016ef	decompiled	chunks/003/functions-000223.c	-[SCServerDrivenTermsOfUseService setCurrentShowingTosMetadata:]	
106c016f0	106c01797	decompiled	chunks/003/functions-000223.c	-[SCServerDrivenTermsOfUseService .cxx_destruct]	
106c01798	106c017a3	decompiled	chunks/003/functions-000223.c	-[SCFeatureSettingsService hasTosPromptAckedVersion]	
106c017a4	106c017af	decompiled	chunks/003/functions-000223.c	-[SCFeatureSettingsService tosPromptAckedVersionServerParam]	
106c017b0	106c017bf	decompiled	chunks/003/functions-000223.c	-[SCFeatureSettingsService setTosPromptAckedVersion:]	
106c017c0	106c017c7	decompiled	chunks/003/functions-000223.c	-[SCFeatureSettingsService tos_prompt_acked_version_client_value:]	
106c017c8	106c017cf	decompiled	chunks/003/functions-000223.c	-[SCFeatureSettingsService tos_prompt_acked_version_server_value:]	
106c017d0	106c017df	decompiled	chunks/003/functions-000223.c	-[SCFeatureSettingsService tosPromptAckedVersion]	
106c017e0	106c01887	decompiled	chunks/003/functions-000223.c	-[SCPreferences hasAcceptedTermsOfUseVersion:]	
106c01888	106c0192f	decompiled	chunks/003/functions-000223.c	-[SCPreferences isUpdatingTermsOfUseVersion:]	
106c01930	106c0199f	decompiled	chunks/003/functions-000223.c	-[SCPreferences setTermsOfUseVersion:accepted:]	
106c019a0	106c01a0f	decompiled	chunks/003/functions-000223.c	-[SCPreferences setTermsOfUseVersion:isUpdating:]	
106c01a10	106c01a9f	decompiled	chunks/003/functions-000223.c	-[SCPreferences downloadedTosHtmlString:]	
106c01aa0	106c01b03	decompiled	chunks/003/functions-000223.c	-[SCPreferences downloadedTosHtmlKeySet]	
106c01b04	106c01b8f	decompiled	chunks/003/functions-000223.c	-[SCPreferences store:htmlString:]	
106c01b90	106c01bdb	decompiled	chunks/003/functions-000223.c	-[SCPreferences setPendingUpdatingServerDrivenTermsOfUseVersion:]	
106c01bdc	106c01c5f	decompiled	chunks/003/functions-000223.c	-[SCPreferences complianceStatusCheckCount]	
106c01c60	106c01cab	decompiled	chunks/003/functions-000223.c	-[SCPreferences setComplianceStatusCheckCount:]	
106c01cac	106c01d2f	decompiled	chunks/003/functions-000223.c	-[SCPreferences latestAcceptedServerDrivenTermsOfUseVersion]	
106c01d30	106c01d7b	decompiled	chunks/003/functions-000223.c	-[SCPreferences setLatestAcceptedServerDrivenTermsOfUseVersion:]	
106c01d7c	106c01e33	decompiled	chunks/003/functions-000223.c	-[SCPreferences _updateDownloadedTosHtmlKeySet:htmlString:]	
106c01e34	106c01e3f	decompiled	chunks/003/functions-000223.c	-[SCPreferences _scTosVersionToHasAcceptedPreferencesKey:]	
106c01e40	106c01e4b	decompiled	chunks/003/functions-000223.c	-[SCPreferences _scTosVersionToIsUpdatingPreferencesKey:]	
106c01e4c	106c01f73	decompiled	chunks/003/functions-000223.c	-[SCTermsOfUsePreferencesDefaultsRepository hasAcceptedTermsOfUseVersion:]	
106c01f74	106c0201b	decompiled	chunks/003/functions-000223.c	-[SCTermsOfUsePreferencesDefaultsRepository setHasAcceptedTermsOfUseVersion:accepted:]	
106c0201c	106c02063	decompiled	chunks/003/functions-000223.c	-[SCTermsOfUsePreferencesDefaultsRepository isUpdateingTermsOfUseVersion:]	
106c02064	106c020af	decompiled	chunks/003/functions-000223.c	-[SCTermsOfUsePreferencesDefaultsRepository setIsUpdateingTermsOfUseVersion:isUpdating:]	
106c020b0	106c020e3	decompiled	chunks/003/functions-000223.c	-[SCTermsOfUsePreferencesDefaultsRepository resetTermsOfUseData]	
106c020e4	106c0214f	decompiled	chunks/003/functions-000223.c	-[SCTermsOfUsePreferencesDefaultsRepository downloadedTosHtmlString:]	
106c02150	106c02197	decompiled	chunks/003/functions-000223.c	-[SCTermsOfUsePreferencesDefaultsRepository downloadedTosHtmlKeySet]	
106c02198	106c02207	decompiled	chunks/003/functions-000223.c	-[SCTermsOfUsePreferencesDefaultsRepository store:htmlString:]	
106c02208	106c0236f	decompiled	chunks/003/functions-000223.c	-[SCTermsOfUsePreferencesDefaultsRepository latestAcceptedServerDrivenTermsOfUseVersion]	
106c02370	106c023f3	decompiled	chunks/003/functions-000223.c	-[SCTermsOfUsePreferencesDefaultsRepository setLatestAcceptedServerDrivenTermsOfUseVersion:]	
106c023f4	106c0242f	decompiled	chunks/003/functions-000223.c	-[SCTermsOfUsePreferencesDefaultsRepository setPendingUpdatingServerDrivenTermsOfUseVersion:]	
106c02430	106c0246f	decompiled	chunks/003/functions-000223.c	-[SCTermsOfUsePreferencesDefaultsRepository complianceStatusCheckCount]	
106c02470	106c024ab	decompiled	chunks/003/functions-000223.c	-[SCTermsOfUsePreferencesDefaultsRepository setComplianceStatusCheckCount:]	
106c024ac	106c024b7	decompiled	chunks/003/functions-000223.c	-[SCTermsOfUsePreferencesDefaultsRepository _scTosVersionToHasAcceptedDefaultsKey:]	
106c024b8	106c024cb	decompiled	chunks/003/functions-000223.c	-[SCTermsOfUsePreferencesDefaultsRepository _logGrapheneCounterForPreferences:accepted:]	
106c024cc	106c024df	decompiled	chunks/003/functions-000223.c	-[SCTermsOfUsePreferencesDefaultsRepository _logGrapheneCounterForDefaults:accepted:]	
106c024e0	106c0262f	decompiled	chunks/003/functions-000223.c	-[SCTermsOfUsePreferencesDefaultsRepository _logGrapheneCounterWithSource:version:accepted:]	
106c02630	106c0266b	decompiled	chunks/003/functions-000223.c	-[SCTermsOfUsePreferencesDefaultsRepository .cxx_destruct]	
106c0266c	106c02697	decompiled	chunks/003/functions-000223.c	+[SCGrapheneTermsOfUseMetric touShow]	
106c02698	106c026c3	decompiled	chunks/003/functions-000223.c	+[SCGrapheneTermsOfUseMetric touAccept]	
106c026c4	106c026ef	decompiled	chunks/003/functions-000223.c	+[SCGrapheneTermsOfUseMetric touLogout]	
106c026f0	106c0271b	decompiled	chunks/003/functions-000223.c	+[SCGrapheneTermsOfUseMetric touPreferenceNull]	
106c0271c	106c02747	decompiled	chunks/003/functions-000223.c	+[SCGrapheneTermsOfUseMetric touUpdateResponse]	
106c02748	106c02773	decompiled	chunks/003/functions-000223.c	+[SCGrapheneTermsOfUseMetric touClientProperties]	
106c02774	106c0279f	decompiled	chunks/003/functions-000223.c	+[SCGrapheneTermsOfUseMetric touData]	
106c027a0	106c027cb	decompiled	chunks/003/functions-000223.c	+[SCGrapheneTermsOfUseMetric touRemindLater]	
106c027cc	106c0286b	decompiled	chunks/003/functions-000223.c	-[SCGrapheneTermsOfUseMetric description]	
106c0286c	106c029f3	decompiled	chunks/003/functions-000223.c	-[SCGrapheneRegistry termsOfUseGraphene]	
106c029f4	106c02d27	decompiled	chunks/003/functions-000223.c		
106c02d28	106c03033	decompiled	chunks/003/functions-000223.c		
106c03034	106c03263	decompiled	chunks/003/functions-000223.c		
106c03264	106c034db	decompiled	chunks/003/functions-000223.c		
106c034dc	106c036c3	decompiled	chunks/003/functions-000223.c		
106c036c4	106c037db	decompiled	chunks/003/functions-000223.c		
106c037dc	106c038a7	decompiled	chunks/003/functions-000223.c	-[SCCommerceScreenshopMemoriesBackgroundFetcher initWithDataSource:commerceConfigProvider:commerceEventLogger:]	
106c038a8	106c038fb	decompiled	chunks/003/functions-000223.c	-[SCCommerceScreenshopMemoriesBackgroundFetcher dealloc]	
106c038fc	106c03baf	decompiled	chunks/003/functions-000224.c	-[SCCommerceScreenshopMemoriesBackgroundFetcher processJobWithJobConfig:input:context:onComplete:]	
106c03bb0	106c03bdf	decompiled	chunks/003/functions-000224.c		
106c03be0	106c03c9f	decompiled	chunks/003/functions-000224.c		
106c03ca0	106c03d13	decompiled	chunks/003/functions-000224.c		
106c03d14	106c03d77	decompiled	chunks/003/functions-000224.c		
106c03d78	106c03e0f	decompiled	chunks/003/functions-000224.c	-[SCCommerceScreenshopMemoriesBackgroundFetcher _logCommerceScreenshotSessionClose]	
106c03e10	106c03e17	decompiled	chunks/003/functions-000224.c	-[SCCommerceScreenshopMemoriesBackgroundFetcher _setScreenshopProcessingEnabled:]	
106c03e18	106c03e6b	decompiled	chunks/003/functions-000224.c	-[SCCommerceScreenshopMemoriesBackgroundFetcher .cxx_destruct]	
106c03e6c	106c03f43	decompiled	chunks/003/functions-000224.c	-[SCCommerceScreenshopMemoriesBackgroundFetcherEntryPoint begin]	
106c03f44	106c04023	decompiled	chunks/003/functions-000224.c	-[SCCommerceScreenshopMemoriesBackgroundFetcherEntryPoint _hasPermission]	
106c04024	106c04103	decompiled	chunks/003/functions-000224.c	-[SCCommerceScreenshopMemoriesBackgroundFetcherEntryPoint _screenshopEnabled]	
106c04104	106c0420b	decompiled	chunks/003/functions-000224.c	-[SCCommerceScreenshopMemoriesBackgroundFetcherEntryPoint _submitJob]	
106c0420c	106c04267	decompiled	chunks/003/functions-000224.c	-[SCCommerceScreenshopMemoriesBackgroundFetcherEntryPoint .cxx_destruct]	
106c04268	106c0438b	decompiled	chunks/003/functions-000224.c		
106c0438c	106c044df	decompiled	chunks/003/functions-000224.c	-[SCSpotlightPrefetchJobProcessor initWithSpotlightStoriesPrefetcherFactory:spotlightQueryCoordinator:discoverFeedDataFetcher:discoverFeedQueryCoordinator:storiesConfigProvider:circumstanceEngine:]	
106c044e0	106c044fb	decompiled	chunks/003/functions-000224.c	-[SCSpotlightPrefetchJobProcessor processJobWithJobConfig:input:context:onComplete:]	
106c044fc	106c046a3	decompiled	chunks/003/functions-000224.c	-[SCSpotlightPrefetchJobProcessor prefetchSpotlightIfNecessaryWithCompletion:]	
106c046a4	106c046bb	decompiled	chunks/003/functions-000224.c		
106c046bc	106c0474f	decompiled	chunks/003/functions-000224.c		
106c04750	106c0477f	decompiled	chunks/003/functions-000224.c		
106c04780	106c0480b	decompiled	chunks/003/functions-000224.c	-[SCSpotlightPrefetchJobProcessor _prefetchSpotlightIfNecessaryWithCompletion:]	
106c0480c	106c04a83	decompiled	chunks/003/functions-000224.c	-[SCSpotlightPrefetchJobProcessor _prefetchSpotlightFeed:numStoriesToPrefetch:completion:]	
106c04a84	106c04a93	decompiled	chunks/003/functions-000224.c		
106c04a94	106c04af3	decompiled	chunks/003/functions-000224.c	-[SCSpotlightPrefetchJobProcessor .cxx_destruct]	
106c04af4	106c04c7b	decompiled	chunks/003/functions-000224.c	-[SCSpotlightPrefetchJobsEntryPoint begin]	
106c04c7c	106c04cbb	decompiled	chunks/003/functions-000224.c		
106c04cbc	106c04dd3	decompiled	chunks/003/functions-000224.c	-[SCSpotlightPrefetchJobsEntryPoint _submitAppStartPrefetchJob]	
106c04dd4	106c04eff	decompiled	chunks/003/functions-000224.c	-[SCSpotlightPrefetchJobsEntryPoint _prepareForegroundJobConfig]	
106c04f00	106c0506b	decompiled	chunks/003/functions-000224.c	-[SCSpotlightPrefetchJobsEntryPoint _prepareBackgroundJobConfig]	
106c0506c	106c051ef	decompiled	chunks/003/functions-000224.c	-[SCSpotlightPrefetchJobsEntryPoint _prepareJobConstraintIsForeground:]	
106c051f0	106c05393	decompiled	chunks/003/functions-000224.c	-[SCSpotlightPrefetchJobsEntryPoint _scheduleSpotlightPrefetchOnDiscoverFeedOpen]	
106c05394	106c0544f	decompiled	chunks/003/functions-000224.c		
106c05450	106c05453	decompiled	chunks/003/functions-000224.c		
106c05454	106c0548b	decompiled	chunks/003/functions-000224.c		
106c0548c	106c05493	decompiled	chunks/003/functions-000224.c		
106c05494	106c0563f	decompiled	chunks/003/functions-000224.c	-[SCSpotlightPrefetchJobsEntryPoint _spotlightPrefetchJobProcessor]	
106c05640	106c0567f	decompiled	chunks/003/functions-000224.c	-[SCSpotlightPrefetchJobsEntryPoint _prefetchSpotlightIfNecessary]	
106c05680	106c0572f	decompiled	chunks/003/functions-000224.c	-[SCSpotlightPrefetchJobsEntryPoint .cxx_destruct]	
106c05730	106c057ff	decompiled	chunks/003/functions-000224.c	-[SCFriendsFeedChatMediaPrefetchJobProviderEntryPoint begin]	
106c05800	106c0593f	decompiled	chunks/003/functions-000224.c	-[SCFriendsFeedChatMediaPrefetchJobProviderEntryPoint _submitChatMediaPrefetchJob]	
106c05940	106c05943	decompiled	chunks/003/functions-000224.c		
106c05944	106c05997	decompiled	chunks/003/functions-000224.c	-[SCFriendsFeedChatMediaPrefetchJobProviderEntryPoint .cxx_destruct]	
106c05998	106c05a63	decompiled	chunks/003/functions-000224.c	-[SCPermissionSettingsBackgroundReportingEntryPoint begin]	
106c05a64	106c05ab7	decompiled	chunks/003/functions-000224.c	-[SCPermissionSettingsBackgroundReportingEntryPoint .cxx_destruct]	
106c05ab8	106c05bb3	decompiled	chunks/003/functions-000224.c	-[SCPermissionSettingsBackgroundReporter initWithApplicationLifecycleEvents:permissionSettingsReporter:]	
106c05bb4	106c05c9f	decompiled	chunks/003/functions-000224.c	-[SCPermissionSettingsBackgroundReporter _observeApplicationLifecycleEvents]	
106c05ca0	106c05ccb	decompiled	chunks/003/functions-000224.c		
106c05ccc	106c05d33	decompiled	chunks/003/functions-000224.c	-[SCPermissionSettingsBackgroundReporter _didEnterBackground]	
106c05d34	106c05d37	decompiled	chunks/003/functions-000224.c		
106c05d38	106c05d7f	decompiled	chunks/003/functions-000224.c	-[SCPermissionSettingsBackgroundReporter .cxx_destruct]	
106c05d80	106c05df3	decompiled	chunks/003/functions-000224.c	-[SCPermissionSettingsReportingServices initWithPermissionSettingsReporter:]	
106c05df4	106c05dfb	decompiled	chunks/003/functions-000224.c	-[SCPermissionSettingsReportingServices permissionSettingsReporter]	
106c05dfc	106c05e07	decompiled	chunks/003/functions-000224.c	-[SCPermissionSettingsReportingServices .cxx_destruct]	
106c05e08	106c05fb7	decompiled	chunks/003/functions-000224.c		
106c05fb8	106c0607b	decompiled	chunks/003/functions-000224.c	-[SCSnapchattersAddFriendsJobProcessor initWithSnapchattersDataMutator:grapheneLogger:]	
106c0607c	106c061c3	decompiled	chunks/003/functions-000224.c	-[SCSnapchattersAddFriendsJobProcessor processJobWithJobConfig:input:context:onComplete:]	
106c061c4	106c062f7	decompiled	chunks/003/functions-000224.c	-[SCSnapchattersAddFriendsJobProcessor _addFriendWithDataRequest:completionCallback:]	
106c062f8	106c0638b	decompiled	chunks/003/functions-000224.c		
106c0638c	106c063eb	decompiled	chunks/003/functions-000224.c	-[SCSnapchattersAddFriendsJobProcessor _jobProcessResult:error:]	
106c063ec	106c0642f	decompiled	chunks/003/functions-000224.c	-[SCSnapchattersAddFriendsJobProcessor _logAddFriendRetryJobFinished:]	
106c06430	106c0646b	decompiled	chunks/003/functions-000224.c	-[SCSnapchattersAddFriendsJobProcessor .cxx_destruct]	
106c0646c	106c0650f	decompiled	chunks/003/functions-000224.c	-[SCSnapchattersAddFriendsRetryJobSubmitter initWithJobScheduler:grapheneLogger:]	
106c06510	106c06607	decompiled	chunks/003/functions-000224.c	-[SCSnapchattersAddFriendsRetryJobSubmitter _submitAddFriendsRetryJob:]	
106c06608	106c0660b	decompiled	chunks/003/functions-000224.c	-[SCSnapchattersAddFriendsRetryJobSubmitter didStartSnapchattersUpdateDataRequest:]	
106c0660c	106c0669b	decompiled	chunks/003/functions-000224.c	-[SCSnapchattersAddFriendsRetryJobSubmitter didEndSnapchattersUpdateDataRequest:withSuccess:error:]	
106c0669c	106c066cb	decompiled	chunks/003/functions-000224.c	-[SCSnapchattersAddFriendsRetryJobSubmitter .cxx_destruct]	
106c066cc	106c0676b	decompiled	chunks/003/functions-000224.c	-[SCSnapchattersAddFriendsRetryJobGrapheneLogger initWithGrapheneRegistry:]	
106c0676c	106c067b3	decompiled	chunks/003/functions-000224.c	-[SCSnapchattersAddFriendsRetryJobGrapheneLogger logAddFriendsJobSubmitted]	
106c067b4	106c067fb	decompiled	chunks/003/functions-000224.c	-[SCSnapchattersAddFriendsRetryJobGrapheneLogger logAddFriendsJobExecuted]	
106c067fc	106c06843	decompiled	chunks/003/functions-000224.c	-[SCSnapchattersAddFriendsRetryJobGrapheneLogger logAddFriendsJobSucceeded]	
106c06844	106c0688b	decompiled	chunks/003/functions-000224.c	-[SCSnapchattersAddFriendsRetryJobGrapheneLogger logAddFriendsJobFailed]	
106c0688c	106c06897	decompiled	chunks/003/functions-000224.c	-[SCSnapchattersAddFriendsRetryJobGrapheneLogger .cxx_destruct]	
106c06898	106c06977	decompiled	chunks/003/functions-000224.c	-[SCSnapchattersAddFriendsJobProviderEntryPoint begin]	
106c06978	106c069b7	decompiled	chunks/003/functions-000224.c		
106c069b8	106c06aa3	decompiled	chunks/003/functions-000224.c	-[SCSnapchattersAddFriendsJobProviderEntryPoint _setupAddFriendsRetryJobSubmitter]	
106c06aa4	106c06b0b	decompiled	chunks/003/functions-000224.c	-[SCSnapchattersAddFriendsJobProviderEntryPoint _grapheneLogger]	
106c06b0c	106c06b7b	decompiled	chunks/003/functions-000224.c	-[SCSnapchattersAddFriendsJobProviderEntryPoint .cxx_destruct]	
106c06b7c	106c06ba7	decompiled	chunks/003/functions-000224.c	+[SCGrapheneSnapchattersAddFriendsRetryMetric jobSubmitted]	
106c06ba8	106c06bd3	decompiled	chunks/003/functions-000224.c	+[SCGrapheneSnapchattersAddFriendsRetryMetric jobExecuted]	
106c06bd4	106c06bff	decompiled	chunks/003/functions-000224.c	+[SCGrapheneSnapchattersAddFriendsRetryMetric jobFailed]	
106c06c00	106c06c2b	decompiled	chunks/003/functions-000224.c	+[SCGrapheneSnapchattersAddFriendsRetryMetric jobSucceeded]	
106c06c2c	106c06ccb	decompiled	chunks/003/functions-000224.c	-[SCGrapheneSnapchattersAddFriendsRetryMetric description]	
106c06ccc	106c06e2b	decompiled	chunks/003/functions-000224.c	-[SCGrapheneRegistry snapchattersAddFriendsRetryGraphene]	
106c06e2c	106c06f83	decompiled	chunks/003/functions-000224.c		
106c06f84	106c07183	decompiled	chunks/003/functions-000224.c		
106c07184	106c072bf	decompiled	chunks/003/functions-000224.c	-[SCSnapchattersAddFriendsRetryDataRequest initWithCoder:]	
106c072c0	106c073e7	decompiled	chunks/003/functions-000224.c	-[SCSnapchattersAddFriendsRetryDataRequest initWithUserId:suggestedToken:addSource:placement:cellIndex:snapId:compositeStoryId:]	
106c073e8	106c0740b	decompiled	chunks/003/functions-000224.c	-[SCSnapchattersAddFriendsRetryDataRequest copyWithZone:]	
106c0740c	106c074cf	decompiled	chunks/003/functions-000224.c	-[SCSnapchattersAddFriendsRetryDataRequest encodeWithCoder:]	
106c074d0	106c07573	decompiled	chunks/003/functions-000224.c	-[SCSnapchattersAddFriendsRetryDataRequest hash]	
106c07574	106c0767b	decompiled	chunks/003/functions-000224.c	-[SCSnapchattersAddFriendsRetryDataRequest isEqual:]	
106c0767c	106c07683	decompiled	chunks/003/functions-000224.c	-[SCSnapchattersAddFriendsRetryDataRequest userId]	
106c07684	106c0768b	decompiled	chunks/003/functions-000224.c	-[SCSnapchattersAddFriendsRetryDataRequest suggestedToken]	
106c0768c	106c07693	decompiled	chunks/003/functions-000224.c	-[SCSnapchattersAddFriendsRetryDataRequest addSource]	
106c07694	106c0769b	decompiled	chunks/003/functions-000224.c	-[SCSnapchattersAddFriendsRetryDataRequest placement]	
106c0769c	106c076a3	decompiled	chunks/003/functions-000224.c	-[SCSnapchattersAddFriendsRetryDataRequest cellIndex]	
106c076a4	106c076ab	decompiled	chunks/003/functions-000224.c	-[SCSnapchattersAddFriendsRetryDataRequest snapId]	
106c076ac	106c076b3	decompiled	chunks/003/functions-000224.c	-[SCSnapchattersAddFriendsRetryDataRequest compositeStoryId]	
106c076b4	106c076fb	decompiled	chunks/003/functions-000224.c	-[SCSnapchattersAddFriendsRetryDataRequest .cxx_destruct]	
106c076fc	106c077c7	decompiled	chunks/003/functions-000224.c	-[SCSnapchattersPublicInfoCleanUpJob initWithDocObjectContext:currentDateProvider:grapheneLogger:]	
106c077c8	106c0787f	decompiled	chunks/003/functions-000225.c	-[SCSnapchattersPublicInfoCleanUpJob processJobWithJobConfig:input:context:onComplete:]	
106c07880	106c07a17	decompiled	chunks/003/functions-000225.c		
106c07a18	106c07a33	decompiled	chunks/003/functions-000225.c		
106c07a34	106c07a6f	decompiled	chunks/003/functions-000225.c	-[SCSnapchattersPublicInfoCleanUpJob .cxx_destruct]	
106c07a70	106c07b0f	decompiled	chunks/003/functions-000225.c	-[SCSnapchattersPublicInfoJobLogger initWithGrapheneRegistry:]	
106c07b10	106c07b63	decompiled	chunks/003/functions-000225.c	-[SCSnapchattersPublicInfoJobLogger logExpiredSnapchattersCount:]	
106c07b64	106c07bb7	decompiled	chunks/003/functions-000225.c	-[SCSnapchattersPublicInfoJobLogger logRemovedSnapchattersCount:]	
106c07bb8	106c07bc3	decompiled	chunks/003/functions-000225.c	-[SCSnapchattersPublicInfoJobLogger .cxx_destruct]	
106c07bc4	106c07c5f	decompiled	chunks/003/functions-000225.c	-[SCSnapchattersPublicInfoJobProviderEntryPoint begin]	
106c07c60	106c07e0f	decompiled	chunks/003/functions-000225.c	-[SCSnapchattersPublicInfoJobProviderEntryPoint _submitJobWithJobTypeIdentifier:]	
106c07e10	106c07e47	decompiled	chunks/003/functions-000225.c	-[SCSnapchattersPublicInfoJobProviderEntryPoint .cxx_destruct]	
106c07e48	106c08043	decompiled	chunks/003/functions-000225.c		
106c08044	106c080d3	decompiled	chunks/003/functions-000225.c		
106c080d4	106c080ff	decompiled	chunks/003/functions-000225.c	+[SCGrapheneSnapchattersPublicInfoJobMetric expiredSnapchattersCount]	
106c08100	106c0812b	decompiled	chunks/003/functions-000225.c	+[SCGrapheneSnapchattersPublicInfoJobMetric removedSnapchattersCount]	
106c0812c	106c081cb	decompiled	chunks/003/functions-000225.c	-[SCGrapheneSnapchattersPublicInfoJobMetric description]	
106c081cc	106c08317	decompiled	chunks/003/functions-000225.c	-[SCGrapheneRegistry snapchattersPublicInfoJobGraphene]	
106c08318	106c0831b	decompiled	chunks/003/functions-000225.c	-[SCLensRemoteAssetsUploadOperationStoreCleanupJobEntryPoint begin]	
106c0831c	106c083cb	decompiled	chunks/003/functions-000225.c	-[SCLensRemoteAssetsUploadOperationStoreCleanupJobEntryPoint _submitJob]	
106c083cc	106c0850f	decompiled	chunks/003/functions-000225.c	-[SCLensRemoteAssetsUploadOperationStoreCleanupJobEntryPoint _jobConfig]	
106c08510	106c08547	decompiled	chunks/003/functions-000225.c	-[SCLensRemoteAssetsUploadOperationStoreCleanupJobEntryPoint .cxx_destruct]	
106c08548	106c08643	decompiled	chunks/003/functions-000225.c	-[SCLensFriendsFeedContextDataSyncTTLChecker initWithUserPreferences:timeProvider:timeToLive:syncedDataType:]	
106c08644	106c0871b	decompiled	chunks/003/functions-000225.c	-[SCLensFriendsFeedContextDataSyncTTLChecker canSyncItems]	
106c0871c	106c0878f	decompiled	chunks/003/functions-000225.c	-[SCLensFriendsFeedContextDataSyncTTLChecker logItemsSynced]	
106c08790	106c087ab	decompiled	chunks/003/functions-000225.c	-[SCLensFriendsFeedContextDataSyncTTLChecker _preferenceKeyForDataType:]	
106c087ac	106c087f3	decompiled	chunks/003/functions-000225.c	-[SCLensFriendsFeedContextDataSyncTTLChecker .cxx_destruct]	
106c087f4	106c088bb	decompiled	chunks/003/functions-000225.c	-[SCLensFriendsFeedContextDeltaSyncProcessor processDeltaSyncUpdates:deletions:isFullSync:transactionContext:]	
106c088bc	106c0892f	decompiled	chunks/003/functions-000225.c	-[SCLensFriendsFeedContextDeltaSyncProcessor _deleteAllStoredItemsWithTransactionContext:]	
106c08930	106c089c7	decompiled	chunks/003/functions-000225.c	-[SCLensFriendsFeedContextDeltaSyncProcessor _processDeltaSyncUpdates:deletions:transactionContext:]	
106c089c8	106c08a8b	decompiled	chunks/003/functions-000225.c	-[SCLensFriendsFeedContextDeltaSyncProcessor _performUpdates:transactionContext:]	
106c08a8c	106c08b4b	decompiled	chunks/003/functions-000225.c	-[SCLensFriendsFeedContextDeltaSyncProcessor _performDeletions:deltaSyncUpdates:transactionContext:]	
106c08b4c	106c08c8b	decompiled	chunks/003/functions-000225.c		
106c08c8c	106c08ca3	decompiled	chunks/003/functions-000225.c		
106c08ca4	106c08cdb	decompiled	chunks/003/functions-000225.c		
106c08cdc	106c08e07	decompiled	chunks/003/functions-000225.c	-[SCLensFriendsFeedContextDeltaSyncProcessor _submitRequests:transactionContext:]	
106c08e08	106c08e1f	decompiled	chunks/003/functions-000225.c	-[SCLensFriendsFeedContextDeltaSyncProcessor delegate]	
106c08e20	106c08e2b	decompiled	chunks/003/functions-000225.c	-[SCLensFriendsFeedContextDeltaSyncProcessor setDelegate:]	
106c08e2c	106c08e33	decompiled	chunks/003/functions-000225.c	-[SCLensFriendsFeedContextDeltaSyncProcessor .cxx_destruct]	
106c08e34	106c08f3b	decompiled	chunks/003/functions-000225.c	-[SCLensFriendsFeedContextEventLensesDeltaSyncer initWithDeltaForceMapper:deltaSyncProcessor:dataSyncTTLChecker:deltaSyncJobConfig:]	
106c08f3c	106c08f63	decompiled	chunks/003/functions-000225.c	-[SCLensFriendsFeedContextEventLensesDeltaSyncer type]	
106c08f64	106c08fab	decompiled	chunks/003/functions-000225.c	-[SCLensFriendsFeedContextEventLensesDeltaSyncer canProcessDeltaSyncWithGroupKey:]	
106c08fac	106c08ff3	decompiled	chunks/003/functions-000225.c	-[SCLensFriendsFeedContextEventLensesDeltaSyncer processDeltaSyncWithGroupKey:isFullSync:updates:deletions:transactionContext:]	
106c08ff4	106c08fff	decompiled	chunks/003/functions-000225.c	-[SCLensFriendsFeedContextEventLensesDeltaSyncer dataSyncerIdentifier]	
106c09000	106c09003	decompiled	chunks/003/functions-000225.c	-[SCLensFriendsFeedContextEventLensesDeltaSyncer deltaSyncClientType]	
106c09004	106c0906f	decompiled	chunks/003/functions-000225.c	-[SCLensFriendsFeedContextEventLensesDeltaSyncer deltaSyncKey]	
106c09070	106c09077	decompiled	chunks/003/functions-000225.c	-[SCLensFriendsFeedContextEventLensesDeltaSyncer deltaSyncType]	
106c09078	106c0907b	decompiled	chunks/003/functions-000225.c	-[SCLensFriendsFeedContextEventLensesDeltaSyncer onDeltaSync:isFullSync:updates:deletions:transactionContext:]	
106c0907c	106c090b3	decompiled	chunks/003/functions-000225.c	-[SCLensFriendsFeedContextEventLensesDeltaSyncer jobConfig]	
106c090b4	106c090bb	decompiled	chunks/003/functions-000225.c	-[SCLensFriendsFeedContextEventLensesDeltaSyncer submitOnRegister]	
106c090bc	106c0910b	decompiled	chunks/003/functions-000225.c	-[SCLensFriendsFeedContextEventLensesDeltaSyncer deleteAllRequestWithTransactionContext:]	
106c0910c	106c09117	decompiled	chunks/003/functions-000225.c		
106c09118	106c09177	decompiled	chunks/003/functions-000225.c	-[SCLensFriendsFeedContextEventLensesDeltaSyncer changeRequestsForUpdates:withTransactionContext:]	
106c09178	106c091db	decompiled	chunks/003/functions-000225.c		
106c091dc	106c092d7	decompiled	chunks/003/functions-000225.c	-[SCLensFriendsFeedContextEventLensesDeltaSyncer deletionRequestsForKeys:deltaSyncUpdates:withTransactionContext:]	
106c092d8	106c092e3	decompiled	chunks/003/functions-000225.c		
106c092e4	106c0932b	decompiled	chunks/003/functions-000225.c	-[SCLensFriendsFeedContextEventLensesDeltaSyncer .cxx_destruct]	
106c0932c	106c093fb	decompiled	chunks/003/functions-000225.c	-[SCLensFriendsFeedContextEventsDeltaForceMapper deltaSyncEventFromItem:]	
106c093fc	106c0951b	decompiled	chunks/003/functions-000225.c	-[SCLensFriendsFeedContextEventsDeltaForceMapper deltaSyncEventLensFromItem:]	
106c0951c	106c0957b	decompiled	chunks/003/functions-000225.c	-[SCLensFriendsFeedContextEventsDeltaForceMapper archivedEventLensRecordIdsFromItems:]	
106c0957c	106c095e7	decompiled	chunks/003/functions-000225.c		
106c095e8	106c0974b	decompiled	chunks/003/functions-000225.c	-[SCLensFriendsFeedContextEventsDeltaForceMapper _identifierForItem:]	
106c0974c	106c09763	decompiled	chunks/003/functions-000225.c		
106c09764	106c0979b	decompiled	chunks/003/functions-000225.c		
106c0979c	106c098c7	decompiled	chunks/003/functions-000225.c	-[SCLensFriendsFeedContextEventsDeltaForceMapper _longValueFromItem:forKey:fallbackValue:]	
106c098c8	106c098d7	decompiled	chunks/003/functions-000225.c		
106c098d8	106c09a23	decompiled	chunks/003/functions-000225.c	-[SCLensFriendsFeedContextEventsDeltaForceMapper _stringValueFromItem:forKey:]	
106c09a24	106c09a5b	decompiled	chunks/003/functions-000225.c		
106c09a5c	106c09b83	decompiled	chunks/003/functions-000225.c	-[SCLensFriendsFeedContextEventsDeltaForceMapper _boolValueFromItem:forKey:]	
106c09b84	106c09b93	decompiled	chunks/003/functions-000225.c		
106c09b94	106c09c7f	decompiled	chunks/003/functions-000225.c	-[SCLensFriendsFeedContextEventsDeltaSyncFetcher initWithDocObjectContext:excludedEventTypes:performer:]	
106c09c80	106c09d17	decompiled	chunks/003/functions-000225.c	-[SCLensFriendsFeedContextEventsDeltaSyncFetcher contextEventModelForEventType:]	
106c09d18	106c09dbf	decompiled	chunks/003/functions-000225.c	-[SCLensFriendsFeedContextEventsDeltaSyncFetcher _contextEventModelFromCachedEvent:eventLenses:]	
106c09dc0	106c09e93	decompiled	chunks/003/functions-000225.c		
106c09e94	106c09f23	decompiled	chunks/003/functions-000225.c	-[SCLensFriendsFeedContextEventsDeltaSyncFetcher _memoryCachedEventWithType:]	
106c09f24	106c09fb7	decompiled	chunks/003/functions-000225.c	-[SCLensFriendsFeedContextEventsDeltaSyncFetcher _cacheInMemoryEvent:forEventType:]	
106c09fb8	106c09ffb	decompiled	chunks/003/functions-000225.c	-[SCLensFriendsFeedContextEventsDeltaSyncFetcher _cleanupMemoryCache]	
106c09ffc	106c0a0bf	decompiled	chunks/003/functions-000225.c	-[SCLensFriendsFeedContextEventsDeltaSyncFetcher _persistentCachedEventWithType:]	
106c0a0c0	106c0a10f	decompiled	chunks/003/functions-000225.c	-[SCLensFriendsFeedContextEventsDeltaSyncFetcher _isEventTypeExcluded:]	
106c0a110	106c0a357	decompiled	chunks/003/functions-000225.c	-[SCLensFriendsFeedContextEventsDeltaSyncFetcher _subscribeOnDocObjectUpdatesIfNeeded]	
106c0a358	106c0a3af	decompiled	chunks/003/functions-000225.c		
106c0a3b0	106c0a403	decompiled	chunks/003/functions-000225.c	-[SCLensFriendsFeedContextEventsDeltaSyncFetcher .cxx_destruct]	
106c0a404	106c0a50b	decompiled	chunks/003/functions-000225.c	-[SCLensFriendsFeedContextEventsDeltaSyncer initWithDeltaForceMapper:deltaSyncProcessor:dataSyncTTLChecker:deltaSyncJobConfig:]	
106c0a50c	106c0a533	decompiled	chunks/003/functions-000225.c	-[SCLensFriendsFeedContextEventsDeltaSyncer type]	
106c0a534	106c0a57b	decompiled	chunks/003/functions-000225.c	-[SCLensFriendsFeedContextEventsDeltaSyncer canProcessDeltaSyncWithGroupKey:]	
106c0a57c	106c0a5c3	decompiled	chunks/003/functions-000225.c	-[SCLensFriendsFeedContextEventsDeltaSyncer processDeltaSyncWithGroupKey:isFullSync:updates:deletions:transactionContext:]	
106c0a5c4	106c0a5cf	decompiled	chunks/003/functions-000225.c	-[SCLensFriendsFeedContextEventsDeltaSyncer dataSyncerIdentifier]	
106c0a5d0	106c0a5d3	decompiled	chunks/003/functions-000225.c	-[SCLensFriendsFeedContextEventsDeltaSyncer deltaSyncClientType]	
106c0a5d4	106c0a63f	decompiled	chunks/003/functions-000225.c	-[SCLensFriendsFeedContextEventsDeltaSyncer deltaSyncKey]	
106c0a640	106c0a647	decompiled	chunks/003/functions-000225.c	-[SCLensFriendsFeedContextEventsDeltaSyncer deltaSyncType]	
106c0a648	106c0a64b	decompiled	chunks/003/functions-000225.c	-[SCLensFriendsFeedContextEventsDeltaSyncer onDeltaSync:isFullSync:updates:deletions:transactionContext:]	
106c0a64c	106c0a683	decompiled	chunks/003/functions-000225.c	-[SCLensFriendsFeedContextEventsDeltaSyncer jobConfig]	
106c0a684	106c0a68b	decompiled	chunks/003/functions-000225.c	-[SCLensFriendsFeedContextEventsDeltaSyncer submitOnRegister]	
106c0a68c	106c0a6db	decompiled	chunks/003/functions-000225.c	-[SCLensFriendsFeedContextEventsDeltaSyncer deleteAllRequestWithTransactionContext:]	
106c0a6dc	106c0a6e7	decompiled	chunks/003/functions-000225.c		
106c0a6e8	106c0a747	decompiled	chunks/003/functions-000225.c	-[SCLensFriendsFeedContextEventsDeltaSyncer changeRequestsForUpdates:withTransactionContext:]	
106c0a748	106c0a7ab	decompiled	chunks/003/functions-000225.c		
106c0a7ac	106c0a84b	decompiled	chunks/003/functions-000225.c	-[SCLensFriendsFeedContextEventsDeltaSyncer deletionRequestsForKeys:deltaSyncUpdates:withTransactionContext:]	
106c0a84c	106c0a857	decompiled	chunks/003/functions-000225.c		
106c0a858	106c0a89f	decompiled	chunks/003/functions-000225.c	-[SCLensFriendsFeedContextEventsDeltaSyncer .cxx_destruct]	
106c0a8a0	106c0a913	decompiled	chunks/003/functions-000225.c	-[SCLensFriendsFeedContextCleanUpJob initWithUserStorageServices:]	
106c0a914	106c0aa17	decompiled	chunks/003/functions-000226.c	-[SCLensFriendsFeedContextCleanUpJob processJobWithJobConfig:input:context:onComplete:]	
106c0aa18	106c0ac03	decompiled	chunks/003/functions-000226.c		
106c0ac04	106c0ac63	decompiled	chunks/003/functions-000226.c		
106c0ac64	106c0ac67	decompiled	chunks/003/functions-000226.c		
106c0ac68	106c0ac73	decompiled	chunks/003/functions-000226.c	-[SCLensFriendsFeedContextCleanUpJob .cxx_destruct]	
106c0ac74	106c0aed3	decompiled	chunks/003/functions-000226.c	-[SCLensFriendsFeedContextCleanUpJobEntryPoint begin]	
106c0aed4	106c0af17	decompiled	chunks/003/functions-000226.c	-[SCLensFriendsFeedContextCleanUpJobEntryPoint .cxx_destruct]	
106c0af18	106c0b0ef	decompiled	chunks/003/functions-000226.c	-[SCLensFriendsFeedContextCleanupStorageEntryPoint end]	
106c0b0f0	106c0b0f7	decompiled	chunks/003/functions-000226.c		
106c0b0f8	106c0b133	decompiled	chunks/003/functions-000226.c		
106c0b134	106c0b187	decompiled	chunks/003/functions-000226.c	-[SCLensFriendsFeedContextCleanupStorageEntryPoint .cxx_destruct]	
106c0b188	106c0b2a3	decompiled	chunks/003/functions-000226.c	-[SCLensFriendsFeedContextConversationUpdatesTracker initWithConversationDataUpdateAnnouncer:]	
106c0b2a4	106c0b3cb	decompiled	chunks/003/functions-000226.c	-[SCLensFriendsFeedContextConversationUpdatesTracker _subscribeToSendMessageUpdates]	
106c0b3cc	106c0b463	decompiled	chunks/003/functions-000226.c		
106c0b464	106c0b4ab	decompiled	chunks/003/functions-000226.c		
106c0b4ac	106c0b4b3	decompiled	chunks/003/functions-000226.c	-[SCLensFriendsFeedContextConversationUpdatesTracker sentMessageByUserPublisher]	
106c0b4b4	106c0b4e3	decompiled	chunks/003/functions-000226.c	-[SCLensFriendsFeedContextConversationUpdatesTracker setSentMessageByUserPublisher:]	
106c0b4e4	106c0b52b	decompiled	chunks/003/functions-000226.c	-[SCLensFriendsFeedContextConversationUpdatesTracker .cxx_destruct]	
106c0b52c	106c0b533	decompiled	chunks/003/functions-000226.c	-[SCLensFriendsFeedContextTopPriorityItemContainer friendsFeedItem]	
106c0b534	106c0b563	decompiled	chunks/003/functions-000226.c	-[SCLensFriendsFeedContextTopPriorityItemContainer setFriendsFeedItem:]	
106c0b564	106c0b56b	decompiled	chunks/003/functions-000226.c	-[SCLensFriendsFeedContextTopPriorityItemContainer event]	
106c0b56c	106c0b59b	decompiled	chunks/003/functions-000226.c	-[SCLensFriendsFeedContextTopPriorityItemContainer setEvent:]	
106c0b59c	106c0b5cb	decompiled	chunks/003/functions-000226.c	-[SCLensFriendsFeedContextTopPriorityItemContainer .cxx_destruct]	
106c0b5cc	106c0b8eb	decompiled	chunks/003/functions-000226.c	-[SCLensFriendsFeedContextDataFetcher initWithFriendsFeedDataCoordinator:docObjectContext:lensFriendsFeedContextDataStore:lensFriendsFeedContextConfigFetcher:messagingExperimentService:lensFriendsFeedContextEventFetcher:groupsDataTracker:impressionTracker:conversationUpdatesTracker:itemsHelper:performer:areSuggestionsUpdatesAllowed:]	
106c0b8ec	106c0ba13	decompiled	chunks/003/functions-000226.c	-[SCLensFriendsFeedContextDataFetcher _subscribeToAllGroupsUpdates]	
106c0ba14	106c0ba6b	decompiled	chunks/003/functions-000226.c		
106c0ba6c	106c0bc63	decompiled	chunks/003/functions-000226.c	-[SCLensFriendsFeedContextDataFetcher _subscribeToImpressionTrackerUpdates]	
106c0bc64	106c0bc97	decompiled	chunks/003/functions-000226.c		
106c0bc98	106c0bdfb	decompiled	chunks/003/functions-000226.c		
106c0bdfc	106c0be37	decompiled	chunks/003/functions-000226.c		
106c0be38	106c0bf5f	decompiled	chunks/003/functions-000226.c	-[SCLensFriendsFeedContextDataFetcher _subsribeToSentMessagesByUser]	
106c0bf60	106c0c0bf	decompiled	chunks/003/functions-000226.c		
106c0c0c0	106c0c0f3	decompiled	chunks/003/functions-000226.c		
106c0c0f4	106c0c21b	decompiled	chunks/003/functions-000226.c	-[SCLensFriendsFeedContextDataFetcher _subscribeToFriendsFeedDataChanges]	
106c0c21c	106c0c2bf	decompiled	chunks/003/functions-000226.c		
106c0c2c0	106c0c367	decompiled	chunks/003/functions-000226.c	-[SCLensFriendsFeedContextDataFetcher _processCurrentFriendsFeedItems]	
106c0c368	106c0c3db	decompiled	chunks/003/functions-000226.c		
106c0c3dc	106c0d03f	decompiled	chunks/003/functions-000226.c	-[SCLensFriendsFeedContextDataFetcher _processFriendsFeedItems:]	
106c0d040	106c0d1f7	decompiled	chunks/003/functions-000226.c		
106c0d1f8	106c0d273	decompiled	chunks/003/functions-000226.c		
106c0d274	106c0d287	decompiled	chunks/003/functions-000226.c		
106c0d288	106c0d45b	decompiled	chunks/003/functions-000226.c		
106c0d45c	106c0d50b	decompiled	chunks/003/functions-000226.c		
106c0d50c	106c0d70b	decompiled	chunks/003/functions-000226.c		
106c0d70c	106c0d723	decompiled	chunks/003/functions-000226.c		
106c0d724	106c0d76b	decompiled	chunks/003/functions-000226.c		
106c0d76c	106c0d7fb	decompiled	chunks/003/functions-000226.c		
106c0d7fc	106c0d80f	decompiled	chunks/003/functions-000226.c		
106c0d810	106c0dd37	decompiled	chunks/003/functions-000226.c	-[SCLensFriendsFeedContextDataFetcher _updateLensSuggestionsFromConversationsEvents:friendsFeedItems:numberOfItemsToProcess:]	
106c0dd38	106c0ddc7	decompiled	chunks/003/functions-000226.c	-[SCLensFriendsFeedContextDataFetcher _notifyFriendsFeedIfNeededWithSuggestions:]	
106c0ddc8	106c0df73	decompiled	chunks/003/functions-000226.c	-[SCLensFriendsFeedContextDataFetcher _topPriorityValidEventFromEvents:]	
106c0df74	106c0e313	decompiled	chunks/003/functions-000226.c	-[SCLensFriendsFeedContextDataFetcher _createLensSuggestionsForEvent:forFeedItem:]	
106c0e314	106c0e413	decompiled	chunks/003/functions-000226.c		
106c0e414	106c0e427	decompiled	chunks/003/functions-000226.c		
106c0e428	106c0e64f	decompiled	chunks/003/functions-000226.c	-[SCLensFriendsFeedContextDataFetcher _conversationIDsForFeedItems:birthdayConversationIDs:suppressedConversationIDs:numberOfItemsToProcess:shouldHideStandardCTAs:perConversationCTAClearEnabled:]	
106c0e650	106c0e82b	decompiled	chunks/003/functions-000226.c	-[SCLensFriendsFeedContextDataFetcher _eventsForDocConversations:shouldHideStandardCTAs:]	
106c0e82c	106c0e84b	decompiled	chunks/003/functions-000226.c		
106c0e84c	106c0e953	decompiled	chunks/003/functions-000226.c	-[SCLensFriendsFeedContextDataFetcher _isLensSuggestonsUpdated:newSuggestions:]	
106c0e954	106c0ea6f	decompiled	chunks/003/functions-000226.c		
106c0ea70	106c0ed37	decompiled	chunks/003/functions-000226.c	-[SCLensFriendsFeedContextDataFetcher _hasConsumableContentInLastWeek:]	
106c0ed38	106c0eea7	decompiled	chunks/003/functions-000226.c	-[SCLensFriendsFeedContextDataFetcher _hasUnreadContent:]	
106c0eea8	106c0ef73	decompiled	chunks/003/functions-000226.c		
106c0ef74	106c0f0df	decompiled	chunks/003/functions-000226.c		
106c0f0e0	106c0f17f	decompiled	chunks/003/functions-000226.c		
106c0f180	106c0f1df	decompiled	chunks/003/functions-000226.c		
106c0f1e0	106c0f1f3	decompiled	chunks/003/functions-000226.c		
106c0f1f4	106c0f223	decompiled	chunks/003/functions-000226.c		
106c0f224	106c0f277	decompiled	chunks/003/functions-000226.c	-[SCLensFriendsFeedContextDataFetcher _dayOfWeekEventTypes]	
106c0f278	106c0f28f	decompiled	chunks/003/functions-000226.c		
106c0f290	106c0f2b7	decompiled	chunks/003/functions-000226.c	-[SCLensFriendsFeedContextDataFetcher lensSuggestionsUpdates]	
106c0f2b8	106c0f38f	decompiled	chunks/003/functions-000226.c	-[SCLensFriendsFeedContextDataFetcher updatePlayedStoryIdentifiers:]	
106c0f390	106c0f3df	decompiled	chunks/003/functions-000226.c		
106c0f3e0	106c0f4db	decompiled	chunks/003/functions-000226.c	-[SCLensFriendsFeedContextDataFetcher .cxx_destruct]	
106c0f4dc	106c0f5d7	decompiled	chunks/003/functions-000226.c	-[SCLensFriendsFeedContextDataStore initWithDocObjectContext:lensFriendsFeedContextConfigFetcher:lensFriendsFeedContextEventFetcher:excludedEventTypes:]	
106c0f5d8	106c0f797	decompiled	chunks/003/functions-000226.c	-[SCLensFriendsFeedContextDataStore updateEventsForConversationsWithStoreEvents:removeEvents:completionQueue:completionHandler:]	
106c0f798	106c0f883	decompiled	chunks/003/functions-000226.c		
106c0f884	106c0fabb	decompiled	chunks/003/functions-000226.c		
106c0fabc	106c0fb37	decompiled	chunks/003/functions-000226.c		
106c0fb38	106c0fb4b	decompiled	chunks/003/functions-000226.c		
106c0fb4c	106c0fcc7	decompiled	chunks/003/functions-000226.c	-[SCLensFriendsFeedContextDataStore markEventsForConversationIdsAsViewedAndNotRelevant:completionQueue:completionHandler:]	
106c0fcc8	106c0feef	decompiled	chunks/003/functions-000226.c		
106c0fef0	106c0ffff	decompiled	chunks/003/functions-000226.c		
106c10000	106c10013	decompiled	chunks/003/functions-000226.c		
106c10014	106c1005b	decompiled	chunks/003/functions-000226.c	-[SCLensFriendsFeedContextDataStore cleanupAllEvents]	
106c1005c	106c10067	decompiled	chunks/003/functions-000226.c		
106c10068	106c10207	decompiled	chunks/003/functions-000226.c	-[SCLensFriendsFeedContextDataStore storeImpressionsForConversationsWithEvents:completionQueue:completionHandler:]	
106c10208	106c10217	decompiled	chunks/003/functions-000226.c		
106c10218	106c10463	decompiled	chunks/003/functions-000226.c		
106c10464	106c1059f	decompiled	chunks/003/functions-000226.c		
106c105a0	106c105b3	decompiled	chunks/003/functions-000226.c		
106c105b4	106c109a7	decompiled	chunks/003/functions-000226.c	-[SCLensFriendsFeedContextDataStore _updateCurrentEvents:withNewEvents:forConversationId:]	
106c109a8	106c10a47	decompiled	chunks/003/functions-000226.c	-[SCLensFriendsFeedContextDataStore ttlInSecondsForEventType:]	
106c10a48	106c10b8b	decompiled	chunks/003/functions-000226.c	-[SCLensFriendsFeedContextDataStore _suggestedLensIndexForEvent:]	
106c10b8c	106c10bd3	decompiled	chunks/003/functions-000226.c		
106c10bd4	106c10c1b	decompiled	chunks/003/functions-000226.c	-[SCLensFriendsFeedContextDataStore .cxx_destruct]	
106c10c1c	106c10d17	decompiled	chunks/003/functions-000226.c	-[SCLensFriendsFeedContextImpressionTracker initWithDataStore:performer:]	
106c10d18	106c10e33	decompiled	chunks/003/functions-000226.c	-[SCLensFriendsFeedContextImpressionTracker didTriggerEventWithEventName:announcerIdentifier:extraData:]	
106c10e34	106c10f8f	decompiled	chunks/003/functions-000226.c		
106c10f90	106c1126f	decompiled	chunks/003/functions-000226.c	-[SCLensFriendsFeedContextImpressionTracker _handleExtraDataForFeedVisible:start:]	
106c11270	106c112f7	decompiled	chunks/003/functions-000226.c		
106c112f8	106c113b7	decompiled	chunks/003/functions-000227.c	-[SCLensFriendsFeedContextImpressionTracker _handleExtraDataForFeedItem:start:]	
106c113b8	106c11503	decompiled	chunks/003/functions-000227.c	-[SCLensFriendsFeedContextImpressionTracker _handleTrackingData:]	
106c11504	106c1152b	decompiled	chunks/003/functions-000227.c	-[SCLensFriendsFeedContextImpressionTracker conversationImpressionsUpdatesObservable]	
106c1152c	106c11553	decompiled	chunks/003/functions-000227.c	-[SCLensFriendsFeedContextImpressionTracker isFriendsFeedScreenVisibleStatus]	
106c11554	106c115a7	decompiled	chunks/003/functions-000227.c	-[SCLensFriendsFeedContextImpressionTracker .cxx_destruct]	
106c115a8	106c11673	decompiled	chunks/003/functions-000227.c	-[SCLensFriendsFeedContextItemsHelper initWithStreakProvider:streakMilestoneProvider:friendmojiDataProvider:]	
106c11674	106c1171b	decompiled	chunks/003/functions-000227.c	-[SCLensFriendsFeedContextItemsHelper isBirthdayForFeedItem:]	
106c1171c	106c117eb	decompiled	chunks/003/functions-000227.c	-[SCLensFriendsFeedContextItemsHelper isRecentlyAddedFriendForFeedItem:]	
106c117ec	106c1185f	decompiled	chunks/003/functions-000227.c	-[SCLensFriendsFeedContextItemsHelper isMorning:]	
106c11860	106c118d3	decompiled	chunks/003/functions-000227.c	-[SCLensFriendsFeedContextItemsHelper isEvening:]	
106c118d4	106c11947	decompiled	chunks/003/functions-000227.c	-[SCLensFriendsFeedContextItemsHelper isMidday:]	
106c11948	106c119c3	decompiled	chunks/003/functions-000227.c	-[SCLensFriendsFeedContextItemsHelper dayOfWeekForDate:]	
106c119c4	106c11a03	decompiled	chunks/003/functions-000227.c	-[SCLensFriendsFeedContextItemsHelper isSnapchatTeamFeedItem:]	
106c11a04	106c11a43	decompiled	chunks/003/functions-000227.c	-[SCLensFriendsFeedContextItemsHelper isSnapchatBotFeedItem:]	
106c11a44	106c11b87	decompiled	chunks/003/functions-000227.c	-[SCLensFriendsFeedContextItemsHelper isStreakWithFriendForFeedItem:]	
106c11b88	106c11c43	decompiled	chunks/003/functions-000227.c	-[SCLensFriendsFeedContextItemsHelper isTimeToAskBestFriendForFeedItem:date:]	
106c11c44	106c11caf	decompiled	chunks/003/functions-000227.c	-[SCLensFriendsFeedContextItemsHelper isTimeToInitiateConversationForFeedItem:]	
106c11cb0	106c11ceb	decompiled	chunks/003/functions-000227.c	-[SCLensFriendsFeedContextItemsHelper .cxx_destruct]	
106c11cec	106c11d5f	decompiled	chunks/003/functions-000227.c	-[SCLensFriendsFeedContextLogger initWithBlizzardLogger:]	
106c11d60	106c11e6b	decompiled	chunks/003/functions-000227.c	-[SCLensFriendsFeedContextLogger logLensSuggestion:withPosition:]	
106c11e6c	106c11e77	decompiled	chunks/003/functions-000227.c	-[SCLensFriendsFeedContextLogger .cxx_destruct]	
106c11e78	106c1239b	decompiled	chunks/003/functions-000227.c	-[SCLensFriendsFeedContextServicesProvider provide]	
106c1239c	106c123e3	decompiled	chunks/003/functions-000227.c		
106c123e4	106c12477	decompiled	chunks/003/functions-000227.c		
106c12478	106c12517	decompiled	chunks/003/functions-000227.c		
106c12518	106c12547	decompiled	chunks/003/functions-000227.c		
106c12548	106c1256b	decompiled	chunks/003/functions-000227.c		
106c1256c	106c1262f	decompiled	chunks/003/functions-000227.c		
106c12630	106c1265f	decompiled	chunks/003/functions-000227.c		
106c12660	106c127db	decompiled	chunks/003/functions-000227.c	-[SCLensFriendsFeedContextServicesProvider _friendsFeedContextEventFetcher]	
106c127dc	106c127e3	decompiled	chunks/003/functions-000227.c		
106c127e4	106c12817	decompiled	chunks/003/functions-000227.c		
106c12818	106c12863	decompiled	chunks/003/functions-000227.c	-[SCLensFriendsFeedContextServicesProvider _setupLocalTweaks]	
106c12864	106c12933	decompiled	chunks/003/functions-000227.c	-[SCLensFriendsFeedContextServicesProvider .cxx_destruct]	
106c12934	106c12a4b	decompiled	chunks/003/functions-000227.c		
106c12a4c	106c12c37	decompiled	chunks/003/functions-000227.c		
106c12c38	106c12d9b	decompiled	chunks/003/functions-000227.c		
106c12d9c	106c12fe7	decompiled	chunks/003/functions-000227.c		
106c12fe8	106c130ff	decompiled	chunks/003/functions-000227.c		
106c13100	106c132eb	decompiled	chunks/003/functions-000227.c		
106c132ec	106c13537	decompiled	chunks/003/functions-000227.c		
106c13538	106c1361b	decompiled	chunks/003/functions-000227.c		
106c1361c	106c136ff	decompiled	chunks/003/functions-000227.c		
106c13700	106c13983	decompiled	chunks/003/functions-000227.c		
106c13984	106c13c8f	decompiled	chunks/003/functions-000227.c		
106c13c90	106c13d17	decompiled	chunks/003/functions-000227.c		
106c13d18	106c13e2f	decompiled	chunks/003/functions-000227.c		
106c13e30	106c13ebb	decompiled	chunks/003/functions-000227.c		
106c13ebc	106c140cf	decompiled	chunks/003/functions-000227.c		
106c140d0	106c141bb	decompiled	chunks/003/functions-000227.c	-[SCLensFriendsFeedContextDocEvent initWithEventId:triggeredEventType:priority:impressionsCount:creationTimestamp:ttlInSeconds:randomizedLensIndex:]	
106c141bc	106c141df	decompiled	chunks/003/functions-000227.c	-[SCLensFriendsFeedContextDocEvent copyWithZone:]	
106c141e0	106c142bf	decompiled	chunks/003/functions-000227.c	-[SCLensFriendsFeedContextDocEvent hash]	
106c142c0	106c1442f	decompiled	chunks/003/functions-000227.c	-[SCLensFriendsFeedContextDocEvent isEqual:]	
106c14430	106c1443f	decompiled	chunks/003/functions-000227.c	-[SCLensFriendsFeedContextDocEvent eventId]	
106c14440	106c1444f	decompiled	chunks/003/functions-000227.c	-[SCLensFriendsFeedContextDocEvent triggeredEventType]	
106c14450	106c1445f	decompiled	chunks/003/functions-000227.c	-[SCLensFriendsFeedContextDocEvent priority]	
106c14460	106c1446f	decompiled	chunks/003/functions-000227.c	-[SCLensFriendsFeedContextDocEvent impressionsCount]	
106c14470	106c1447f	decompiled	chunks/003/functions-000227.c	-[SCLensFriendsFeedContextDocEvent creationTimestamp]	
106c14480	106c1448f	decompiled	chunks/003/functions-000227.c	-[SCLensFriendsFeedContextDocEvent ttlInSeconds]	
106c14490	106c1449f	decompiled	chunks/003/functions-000227.c	-[SCLensFriendsFeedContextDocEvent randomizedLensIndex]	
106c144a0	106c144b3	decompiled	chunks/003/functions-000227.c	-[SCLensFriendsFeedContextDocEvent .cxx_destruct]	
106c144b4	106c1456f	decompiled	chunks/003/functions-000227.c	-[SCLensFriendsFeedContextDocConversation initWithConversationId:events:]	
106c14570	106c14593	decompiled	chunks/003/functions-000227.c	-[SCLensFriendsFeedContextDocConversation copyWithZone:]	
106c14594	106c14617	decompiled	chunks/003/functions-000227.c	-[SCLensFriendsFeedContextDocConversation hash]	
106c14618	106c146cf	decompiled	chunks/003/functions-000227.c	-[SCLensFriendsFeedContextDocConversation isEqual:]	
106c146d0	106c146df	decompiled	chunks/003/functions-000227.c	-[SCLensFriendsFeedContextDocConversation conversationId]	
106c146e0	106c146ef	decompiled	chunks/003/functions-000227.c	-[SCLensFriendsFeedContextDocConversation events]	
106c146f0	106c1472f	decompiled	chunks/003/functions-000227.c	-[SCLensFriendsFeedContextDocConversation .cxx_destruct]	
106c14730	106c147db	decompiled	chunks/003/functions-000227.c	-[SCLensFriendsFeedContextDocDeltaSyncEvent initWithRecordId:eventType:priority:]	
106c147dc	106c147ff	decompiled	chunks/003/functions-000227.c	-[SCLensFriendsFeedContextDocDeltaSyncEvent copyWithZone:]	
106c14800	106c14893	decompiled	chunks/003/functions-000227.c	-[SCLensFriendsFeedContextDocDeltaSyncEvent hash]	
106c14894	106c1495b	decompiled	chunks/003/functions-000227.c	-[SCLensFriendsFeedContextDocDeltaSyncEvent isEqual:]	
106c1495c	106c1496b	decompiled	chunks/003/functions-000227.c	-[SCLensFriendsFeedContextDocDeltaSyncEvent recordId]	
106c1496c	106c1497b	decompiled	chunks/003/functions-000227.c	-[SCLensFriendsFeedContextDocDeltaSyncEvent eventType]	
106c1497c	106c1498b	decompiled	chunks/003/functions-000227.c	-[SCLensFriendsFeedContextDocDeltaSyncEvent priority]	
106c1498c	106c1499f	decompiled	chunks/003/functions-000227.c	-[SCLensFriendsFeedContextDocDeltaSyncEvent .cxx_destruct]	
106c149a0	106c14a9f	decompiled	chunks/003/functions-000227.c	-[SCLensFriendsFeedContextDocEventLens initWithRecordId:eventType:lensId:iconUrl:]	
106c14aa0	106c14ac3	decompiled	chunks/003/functions-000227.c	-[SCLensFriendsFeedContextDocEventLens copyWithZone:]	
106c14ac4	106c14b63	decompiled	chunks/003/functions-000227.c	-[SCLensFriendsFeedContextDocEventLens hash]	
106c14b64	106c14c53	decompiled	chunks/003/functions-000227.c	-[SCLensFriendsFeedContextDocEventLens isEqual:]	
106c14c54	106c14c63	decompiled	chunks/003/functions-000227.c	-[SCLensFriendsFeedContextDocEventLens recordId]	
106c14c64	106c14c73	decompiled	chunks/003/functions-000227.c	-[SCLensFriendsFeedContextDocEventLens eventType]	
106c14c74	106c14c83	decompiled	chunks/003/functions-000227.c	-[SCLensFriendsFeedContextDocEventLens lensId]	
106c14c84	106c14c93	decompiled	chunks/003/functions-000227.c	-[SCLensFriendsFeedContextDocEventLens iconUrl]	
106c14c94	106c14ce3	decompiled	chunks/003/functions-000227.c	-[SCLensFriendsFeedContextDocEventLens .cxx_destruct]	
106c14ce4	106c14cef	decompiled	chunks/003/functions-000227.c	+[SCLensFriendsFeedContextDocEvent table]	
106c14cf0	106c14cfb	decompiled	chunks/003/functions-000227.c	+[SCLensFriendsFeedContextDocEvent immutableObjectParse:bufferSize:]	
106c14cfc	106c14d1f	decompiled	chunks/003/functions-000227.c	+[SCLensFriendsFeedContextDocEvent objectClassFunctionPointer]	
106c14d20	106c14d8b	decompiled	chunks/003/functions-000227.c		
106c14d8c	106c14d97	decompiled	chunks/003/functions-000227.c	-[SCLensFriendsFeedContextDocEventChangeRequest .cxx_destruct]	
106c14d98	106c14da3	decompiled	chunks/003/functions-000227.c	-[SCLensFriendsFeedContextDocEventChangeRequest table]	
106c14da4	106c14deb	decompiled	chunks/003/functions-000227.c	-[SCLensFriendsFeedContextDocEventChangeRequest createTableWithSQLite:]	
106c14dec	106c15173	decompiled	chunks/003/functions-000227.c	-[SCLensFriendsFeedContextDocEventChangeRequest transactWithSQLite:flatbuffers:]	
106c15174	106c1540f	decompiled	chunks/003/functions-000227.c		
106c15410	106c155c7	decompiled	chunks/003/functions-000227.c		
106c155c8	106c1562b	decompiled	chunks/003/functions-000227.c		
106c1562c	106c156b3	decompiled	chunks/003/functions-000227.c		
106c156b4	106c1573f	decompiled	chunks/003/functions-000227.c		
106c15740	106c1574b	decompiled	chunks/003/functions-000227.c	+[SCLensFriendsFeedContextDocConversation table]	
106c1574c	106c1590f	decompiled	chunks/003/functions-000227.c	+[SCLensFriendsFeedContextDocConversation immutableObjectParse:bufferSize:]	
106c15910	106c15933	decompiled	chunks/003/functions-000228.c	+[SCLensFriendsFeedContextDocConversation objectClassFunctionPointer]	
106c15934	106c159ff	decompiled	chunks/003/functions-000228.c		
106c15a00	106c15d57	decompiled	chunks/003/functions-000228.c		
106c15d58	106c15dcb	decompiled	chunks/003/functions-000228.c		
106c15dcc	106c15fdf	decompiled	chunks/003/functions-000228.c		
106c15fe0	106c1603f	decompiled	chunks/003/functions-000228.c		
106c16040	106c1606f	decompiled	chunks/003/functions-000228.c	-[SCLensFriendsFeedContextDocConversationChangeRequest .cxx_destruct]	
106c16070	106c1607b	decompiled	chunks/003/functions-000228.c	-[SCLensFriendsFeedContextDocConversationChangeRequest table]	
106c1607c	106c160c3	decompiled	chunks/003/functions-000228.c	-[SCLensFriendsFeedContextDocConversationChangeRequest createTableWithSQLite:]	
106c160c4	106c1644b	decompiled	chunks/003/functions-000228.c	-[SCLensFriendsFeedContextDocConversationChangeRequest transactWithSQLite:flatbuffers:]	
106c1644c	106c1691f	decompiled	chunks/003/functions-000228.c		
106c16920	106c16a4f	decompiled	chunks/003/functions-000228.c		
106c16a50	106c16a63	decompiled	chunks/003/functions-000228.c		
106c16a64	106c16a6b	decompiled	chunks/003/functions-000228.c		
106c16a6c	106c16a9f	decompiled	chunks/003/functions-000228.c		
106c16aa0	106c16adf	decompiled	chunks/003/functions-000228.c		
106c16ae0	106c16b1b	decompiled	chunks/003/functions-000228.c		
106c16b1c	106c16b27	decompiled	chunks/003/functions-000228.c		
106c16b28	106c16b8b	decompiled	chunks/003/functions-000228.c		
106c16b8c	106c16c13	decompiled	chunks/003/functions-000228.c		
106c16c14	106c16c9f	decompiled	chunks/003/functions-000228.c		
106c16ca0	106c16d57	decompiled	chunks/003/functions-000228.c		
106c16d58	106c16d8f	decompiled	chunks/003/functions-000228.c		
106c16d90	106c16de3	decompiled	chunks/003/functions-000228.c		
106c16de4	106c16def	decompiled	chunks/003/functions-000228.c	+[SCLensFriendsFeedContextDocDeltaSyncEvent table]	
106c16df0	106c16eff	decompiled	chunks/003/functions-000228.c	+[SCLensFriendsFeedContextDocDeltaSyncEvent immutableObjectParse:bufferSize:]	
106c16f00	106c16f13	decompiled	chunks/003/functions-000228.c	+[SCLensFriendsFeedContextDocDeltaSyncEvent objectClassFunctionPointer]	
106c16f14	106c16f3b	decompiled	chunks/003/functions-000228.c		
106c16f3c	106c16fdb	decompiled	chunks/003/functions-000228.c		
106c16fdc	106c1708b	decompiled	chunks/003/functions-000228.c		
106c1708c	106c173cf	decompiled	chunks/003/functions-000228.c		
106c173d0	106c17443	decompiled	chunks/003/functions-000228.c		
106c17444	106c1762f	decompiled	chunks/003/functions-000228.c		
106c17630	106c17693	decompiled	chunks/003/functions-000228.c		
106c17694	106c1769f	decompiled	chunks/003/functions-000228.c	-[SCLensFriendsFeedContextDocDeltaSyncEventChangeRequest .cxx_destruct]	
106c176a0	106c176ab	decompiled	chunks/003/functions-000228.c	-[SCLensFriendsFeedContextDocDeltaSyncEventChangeRequest table]	
106c176ac	106c1775f	decompiled	chunks/003/functions-000228.c	-[SCLensFriendsFeedContextDocDeltaSyncEventChangeRequest createTableWithSQLite:]	
106c17760	106c17cf7	decompiled	chunks/003/functions-000228.c	-[SCLensFriendsFeedContextDocDeltaSyncEventChangeRequest transactWithSQLite:flatbuffers:]	
106c17cf8	106c17ef3	decompiled	chunks/003/functions-000228.c		
106c17ef4	106c17f57	decompiled	chunks/003/functions-000228.c		
106c17f58	106c17fdf	decompiled	chunks/003/functions-000228.c		
106c17fe0	106c1806b	decompiled	chunks/003/functions-000228.c		
106c1806c	106c18123	decompiled	chunks/003/functions-000228.c		
106c18124	106c1815b	decompiled	chunks/003/functions-000228.c		
106c1815c	106c181af	decompiled	chunks/003/functions-000228.c		
106c181b0	106c181bb	decompiled	chunks/003/functions-000228.c	+[SCLensFriendsFeedContextDocEventLens table]	
106c181bc	106c183ab	decompiled	chunks/003/functions-000228.c	+[SCLensFriendsFeedContextDocEventLens immutableObjectParse:bufferSize:]	
106c183ac	106c183bf	decompiled	chunks/003/functions-000228.c	+[SCLensFriendsFeedContextDocEventLens objectClassFunctionPointer]	
106c183c0	106c183e7	decompiled	chunks/003/functions-000228.c		
106c183e8	106c18487	decompiled	chunks/003/functions-000228.c		
106c18488	106c18593	decompiled	chunks/003/functions-000228.c		
106c18594	106c1895f	decompiled	chunks/003/functions-000228.c		
106c18960	106c189d3	decompiled	chunks/003/functions-000228.c		
106c189d4	106c18c6b	decompiled	chunks/003/functions-000228.c		
106c18c6c	106c18ccf	decompiled	chunks/003/functions-000228.c		
106c18cd0	106c18d0b	decompiled	chunks/003/functions-000228.c	-[SCLensFriendsFeedContextDocEventLensChangeRequest .cxx_destruct]	
106c18d0c	106c18d17	decompiled	chunks/003/functions-000228.c	-[SCLensFriendsFeedContextDocEventLensChangeRequest table]	
106c18d18	106c18dcb	decompiled	chunks/003/functions-000228.c	-[SCLensFriendsFeedContextDocEventLensChangeRequest createTableWithSQLite:]	
106c18dcc	106c19363	decompiled	chunks/003/functions-000228.c	-[SCLensFriendsFeedContextDocEventLensChangeRequest transactWithSQLite:flatbuffers:]	
106c19364	106c19507	decompiled	chunks/003/functions-000228.c		
106c19508	106c19637	decompiled	chunks/003/functions-000228.c		
106c19638	106c196ab	decompiled	chunks/003/functions-000228.c	-[SCLensFriendsFeedContextConfigServices initWithLensFriendsFeedContextConfigFetcher:]	
106c196ac	106c196b3	decompiled	chunks/003/functions-000228.c	-[SCLensFriendsFeedContextConfigServices lensFriendsFeedContextConfigFetcher]	
106c196b4	106c196e3	decompiled	chunks/003/functions-000228.c	-[SCLensFriendsFeedContextConfigServices setLensFriendsFeedContextConfigFetcher:]	
106c196e4	106c196ef	decompiled	chunks/003/functions-000228.c	-[SCLensFriendsFeedContextConfigServices .cxx_destruct]	
106c196f0	106c1975b	decompiled	chunks/003/functions-000228.c	-[SCLensFriendsFeedContextDeltaSyncConfigServices initWithDeltaSyncConfigFetcher:]	
106c1975c	106c19763	decompiled	chunks/003/functions-000228.c	-[SCLensFriendsFeedContextDeltaSyncConfigServices deltaSyncConfigFetcher]	
106c19764	106c19793	decompiled	chunks/003/functions-000228.c	-[SCLensFriendsFeedContextDeltaSyncConfigServices setDeltaSyncConfigFetcher:]	
106c19794	106c197bf	decompiled	chunks/003/functions-000228.c	-[SCLensFriendsFeedContextDeltaSyncConfigServices .cxx_destruct]	
106c197c0	106c197c7	decompiled	chunks/003/functions-000228.c	-[SCStreakServices streakProvider]	
106c197c8	106c197cf	decompiled	chunks/003/functions-000228.c	-[SCStreakServices streakMilestoneProvider]	
106c197d0	106c197d7	decompiled	chunks/003/functions-000228.c	-[SCStreakServices valdiStreakProvider]	
106c197d8	106c197df	decompiled	chunks/003/functions-000228.c	-[SCStreakServices streakMetadataProvider]	
106c197e0	106c19827	decompiled	chunks/003/functions-000228.c	-[SCStreakServices .cxx_destruct]	
106c19828	106c198a7	decompiled	chunks/003/functions-000228.c	-[SCExpiredStreak initWithStreakCount:restorableStreakCount:extendedRestorableStreakCount:timestampMs:isRestorable:isRestorableExtended:restoreExpirationTimestampMs:]	
106c198a8	106c198cb	decompiled	chunks/003/functions-000228.c	-[SCExpiredStreak copyWithZone:]	
106c198cc	106c1994f	decompiled	chunks/003/functions-000228.c	-[SCExpiredStreak hash]	
106c19950	106c19a37	decompiled	chunks/003/functions-000228.c	-[SCExpiredStreak isEqual:]	
106c19a38	106c19a3f	decompiled	chunks/003/functions-000228.c	-[SCExpiredStreak streakCount]	
106c19a40	106c19a47	decompiled	chunks/003/functions-000228.c	-[SCExpiredStreak restorableStreakCount]	
106c19a48	106c19a4f	decompiled	chunks/003/functions-000228.c	-[SCExpiredStreak extendedRestorableStreakCount]	
106c19a50	106c19a57	decompiled	chunks/003/functions-000228.c	-[SCExpiredStreak timestampMs]	
106c19a58	106c19a5f	decompiled	chunks/003/functions-000228.c	-[SCExpiredStreak isRestorable]	
106c19a60	106c19a67	decompiled	chunks/003/functions-000228.c	-[SCExpiredStreak isRestorableExtended]	
106c19a68	106c19a6f	decompiled	chunks/003/functions-000228.c	-[SCExpiredStreak restoreExpirationTimestampMs]	
106c19a70	106c19b3b	decompiled	chunks/003/functions-000228.c	-[SCStreak initWithStreakLength:expirationDate:isGroup:isFrozen:expiredStreak:]	
106c19b3c	106c19b5f	decompiled	chunks/003/functions-000228.c	-[SCStreak copyWithZone:]	
106c19b60	106c19be3	decompiled	chunks/003/functions-000228.c	-[SCStreak hash]	
106c19be4	106c19cbb	decompiled	chunks/003/functions-000228.c	-[SCStreak isEqual:]	
106c19cbc	106c19cc3	decompiled	chunks/003/functions-000228.c	-[SCStreak streakLength]	
106c19cc4	106c19ccb	decompiled	chunks/003/functions-000228.c	-[SCStreak expirationDate]	
106c19ccc	106c19cd3	decompiled	chunks/003/functions-000228.c	-[SCStreak isGroup]	
106c19cd4	106c19cdb	decompiled	chunks/003/functions-000228.c	-[SCStreak isFrozen]	
106c19cdc	106c19ce3	decompiled	chunks/003/functions-000228.c	-[SCStreak expiredStreak]	
106c19ce4	106c19d13	decompiled	chunks/003/functions-000228.c	-[SCStreak .cxx_destruct]	
106c19d14	106c19d43	decompiled	chunks/003/functions-000228.c	-[SCCExpiredStreakMetadata initWithStreakCount:timestampMs:isRestorable:isRestorableExtended:restoreExpirationTimestampMs:]	
106c19d44	106c19d53	decompiled	chunks/003/functions-000228.c	+[SCCExpiredStreakMetadata valdiMarshallableObjectDescriptor]	
106c19d54	106c19d8b	decompiled	chunks/003/functions-000228.c	-[SCCStreak initWithIdentifier:streakLength:expirationTimestampMs:isGroup:]	
106c19d8c	106c19d9b	decompiled	chunks/003/functions-000228.c	+[SCCStreak valdiMarshallableObjectDescriptor]	
106c19d9c	106c19dc3	decompiled	chunks/003/functions-000228.c	-[SCCStreakMetadata initWithCount:expirationTimestampMs:isFrozen:]	
106c19dc4	106c19de3	decompiled	chunks/003/functions-000229.c	+[SCCStreakMetadata valdiMarshallableObjectDescriptor]	
106c19de4	106c19e17	decompiled	chunks/003/functions-000229.c	-[SCCStreaksResult initWithStreaks:streakEmoji:hourglassThresholdMs:]	
106c19e18	106c19e5b	decompiled	chunks/003/functions-000229.c	+[SCCStreaksResult valdiMarshallableObjectDescriptor]	
106c19e5c	106c19fe7	decompiled	chunks/003/functions-000229.c	-[SCLogAppBackgroundEntryPoint begin]	
106c19fe8	106c1a01f	decompiled	chunks/003/functions-000229.c	-[SCLogAppBackgroundEntryPoint .cxx_destruct]	
106c1a020	106c1a11b	decompiled	chunks/003/functions-000229.c	-[SCLogAppBackgroundJobProcessor initWithBlizzardLogger:locationSharingPreferencesProvider:devicePermissionManager:appBackgroundNetworkStatsProvider:]	
106c1a11c	106c1a26b	decompiled	chunks/003/functions-000229.c	-[SCLogAppBackgroundJobProcessor processJobWithJobConfig:input:context:onComplete:]	
106c1a26c	106c1a29f	decompiled	chunks/003/functions-000229.c		
106c1a2a0	106c1a313	decompiled	chunks/003/functions-000229.c	-[SCLogAppBackgroundJobProcessor _populateRequestStatsOnRequest:]	
106c1a314	106c1a40f	decompiled	chunks/003/functions-000229.c	-[SCLogAppBackgroundJobProcessor _handlePreferencesLoadedWithJobCompletion:]	
106c1a410	106c1a4ff	decompiled	chunks/003/functions-000229.c		
106c1a500	106c1a537	decompiled	chunks/003/functions-000229.c		
106c1a538	106c1a63b	decompiled	chunks/003/functions-000229.c	-[SCLogAppBackgroundJobProcessor _fetchAuthorizationStatus:notificationStatus:]	
106c1a63c	106c1a683	decompiled	chunks/003/functions-000229.c		
106c1a684	106c1a88f	decompiled	chunks/003/functions-000229.c	-[SCLogAppBackgroundJobProcessor _fetchUISettingsWithJobCompletion:notificationStatus:locationAuthorizationStatus:]	
106c1a890	106c1a95b	decompiled	chunks/003/functions-000229.c		
106c1a95c	106c1ad5f	decompiled	chunks/003/functions-000229.c	-[SCLogAppBackgroundJobProcessor _handlePreferencesLoadedWithSystemAppearanceSetting:appAppearanceSetting:accessibilityFontSize:voiceOverStatus:captionsStatus:contrastStatus:switchControlStatus:grayscaleStatus:notificationStatus:locationAuthorizationStatus:onComplete:screenHeightInPoints:screenWidthInPoints:isLandscape:]	
106c1ad60	106c1af03	decompiled	chunks/003/functions-000229.c	-[SCLogAppBackgroundJobProcessor _locationSharingListUserIdsFromPreferences:]	
106c1af04	106c1af27	decompiled	chunks/003/functions-000229.c	-[SCLogAppBackgroundJobProcessor _appearanceSettingFromSystemSetting:]	
106c1af28	106c1af47	decompiled	chunks/003/functions-000229.c	-[SCLogAppBackgroundJobProcessor _appearanceSettingFromAppPreference:]	
106c1af48	106c1b1bb	decompiled	chunks/003/functions-000229.c	-[SCLogAppBackgroundJobProcessor .cxx_destruct]	
106c1b1bc	106c1b29b	decompiled	chunks/003/functions-000229.c		
106c1b29c	106c1b33b	decompiled	chunks/003/functions-000229.c	-[SCMapStylePrefetchEntryPoint begin]	
106c1b33c	106c1b4af	decompiled	chunks/003/functions-000229.c	-[SCMapStylePrefetchEntryPoint _createJobConfig]	
106c1b4b0	106c1b50f	decompiled	chunks/003/functions-000229.c	-[SCMapStylePrefetchEntryPoint _recurringIntervalSeconds]	
106c1b510	106c1b58b	decompiled	chunks/003/functions-000229.c	-[SCMapStylePrefetchEntryPoint _setAllowedAppStatesForConstraint:]	
106c1b58c	106c1b5cf	decompiled	chunks/003/functions-000229.c	-[SCMapStylePrefetchEntryPoint .cxx_destruct]	
106c1b5d0	106c1b647	decompiled	chunks/003/functions-000229.c	-[SCMapSDKStylePrefetchObserver initWithJobCompletionCallback:]	
106c1b648	106c1b667	decompiled	chunks/003/functions-000229.c	-[SCMapSDKStylePrefetchObserver onComplete:]	
106c1b668	106c1b673	decompiled	chunks/003/functions-000229.c	-[SCMapSDKStylePrefetchObserver .cxx_destruct]	
106c1b674	106c1b73f	decompiled	chunks/003/functions-000229.c	-[SCMapStylePrefetchJobProcessor initWithMapSDK:featureSettingsService:circumstanceEngine:]	
106c1b740	106c1b883	decompiled	chunks/003/functions-000229.c	-[SCMapStylePrefetchJobProcessor processJobWithJobConfig:input:context:onComplete:]	
106c1b884	106c1b8b7	decompiled	chunks/003/functions-000229.c		
106c1b8b8	106c1b933	decompiled	chunks/003/functions-000229.c	-[SCMapStylePrefetchJobProcessor _loadStyleWithJobCompletionCallback:]	
106c1b934	106c1ba33	decompiled	chunks/003/functions-000229.c	-[SCMapStylePrefetchJobProcessor _shouldPrefetchBasedOnRecentMapUsage]	
106c1ba34	106c1ba6f	decompiled	chunks/003/functions-000229.c	-[SCMapStylePrefetchJobProcessor .cxx_destruct]	
106c1ba70	106c1bb0f	decompiled	chunks/003/functions-000229.c		
106c1bb10	106c1bb17	decompiled	chunks/003/functions-000229.c	-[SCMapCamera isVisuallyEqualToCamera:]	
106c1bb18	106c1bc67	decompiled	chunks/003/functions-000229.c	-[SCMapCamera isVisuallyEqualToCamera:ignoringAltitude:]	
106c1bc68	106c1bc8f	decompiled	chunks/003/functions-000229.c	+[SCMapCameraTransition nonAnimatedTransition]	
106c1bc90	106c1bd57	decompiled	chunks/003/functions-000229.c	+[SCMapCameraUtil dynamicDurationForFlyToCoordinate:zoomLevel:mapViewport:mapView:]	
106c1bd58	106c1be87	decompiled	chunks/003/functions-000229.c	+[SCMapCameraUtil dynamicDurationForFlyToCoordinate:toZoomLevel:fromCoordinate:fromZoomLevel:mapSize:]	
106c1be88	106c1c06b	decompiled	chunks/003/functions-000229.c	+[SCMapCameraUtil dynamicDurationForFlyToCoordinateBounds:edgePadding:mapViewport:mapView:]	
106c1c06c	106c1c24b	decompiled	chunks/003/functions-000229.c	+[SCMapCameraUtil dynamicDurationForAnimationForCamera:otherCamera:mapSize:]	
106c1c24c	106c1c79f	decompiled	chunks/003/functions-000229.c	+[SCMapCameraUtil initialCoordinateBoundsForFriendLocations:mapView:mapViewport:edgePadding:minZoom:maxZoom:]	
106c1c7a0	106c1c8af	decompiled	chunks/003/functions-000229.c		
106c1c8b0	106c1c8bf	decompiled	chunks/003/functions-000229.c		
106c1c8c0	106c1ccab	decompiled	chunks/003/functions-000229.c	+[SCMapCameraUtil initialCoordinateBoundsForFriendLocations:mapView:mapViewport:edgePadding:userLocation:minZoom:maxZoom:]	
106c1ccac	106c1ccc3	decompiled	chunks/003/functions-000229.c		
106c1ccc4	106c1ccdf	decompiled	chunks/003/functions-000229.c	+[SCMapCameraUtil flyToCoordinateBounds:mapViewport:duration:edgePadding:completion:]	
106c1cce0	106c1cfdb	decompiled	chunks/003/functions-000229.c	+[SCMapCameraUtil flyToCoordinateBounds:pitch:mapViewport:duration:edgePadding:completion:]	
106c1cfdc	106c1d0c3	decompiled	chunks/003/functions-000229.c		
106c1d0c4	106c1d1b7	decompiled	chunks/003/functions-000229.c	+[SCMapCameraUtil centerMapViewport:bounds:animated:edgePadding:completion:]	
106c1d1b8	106c1d1e7	decompiled	chunks/003/functions-000229.c	+[SCMapCameraUtil flyToCoordinate:zoomLevel:mapView:mapViewport:duration:edgePadding:completion:]	
106c1d1e8	106c1d33f	decompiled	chunks/003/functions-000229.c	+[SCMapCameraUtil cameraForCoordinate:zoomLevel:pitch:heading:mapView:edgePadding:]	
106c1d340	106c1d62b	decompiled	chunks/003/functions-000229.c	+[SCMapCameraUtil flyToCoordinate:zoomLevel:pitch:mapView:mapViewport:duration:edgePadding:completion:]	
106c1d62c	106c1d643	decompiled	chunks/003/functions-000229.c		
106c1d644	106c1d737	decompiled	chunks/003/functions-000229.c		
106c1d738	106c1d9ab	decompiled	chunks/003/functions-000229.c		
106c1d9ac	106c1db67	decompiled	chunks/003/functions-000229.c		
106c1db68	106c1dbdb	decompiled	chunks/003/functions-000229.c	-[SCMemoriesCameraRollIndexBackgroundJobProcessor initWithJobProcessorScheduler:]	
106c1dbdc	106c1dc33	decompiled	chunks/003/functions-000229.c	-[SCMemoriesCameraRollIndexBackgroundJobProcessor processJobWithJobConfig:input:context:onComplete:]	
106c1dc34	106c1dc3f	decompiled	chunks/003/functions-000229.c	-[SCMemoriesCameraRollIndexBackgroundJobProcessor .cxx_destruct]	
106c1dc40	106c1dc43	decompiled	chunks/003/functions-000229.c	-[SCMemoriesCameraRollIndexBackgroundJobProviderEntryPoint begin]	
106c1dc44	106c1dcbf	decompiled	chunks/003/functions-000229.c	-[SCMemoriesCameraRollIndexBackgroundJobProviderEntryPoint _jobProcessor]	
106c1dcc0	106c1deb3	decompiled	chunks/003/functions-000229.c	-[SCMemoriesCameraRollIndexBackgroundJobProviderEntryPoint _jobConfig]	
106c1deb4	106c1df4b	decompiled	chunks/003/functions-000229.c	-[SCMemoriesCameraRollIndexBackgroundJobProviderEntryPoint _submitBackgroundJob]	
106c1df4c	106c1df9b	decompiled	chunks/003/functions-000229.c	-[SCMemoriesCameraRollIndexBackgroundJobProviderEntryPoint .cxx_destruct]	
106c1df9c	106c1e04f	decompiled	chunks/003/functions-000229.c	-[SCMemoriesCameraRollIndexCommand initWithJobType:jobSubtypeIdentifier:completion:]	
106c1e050	106c1e15f	decompiled	chunks/003/functions-000229.c	-[SCMemoriesCameraRollIndexCommand isEqualToCommand:]	
106c1e160	106c1e1d7	decompiled	chunks/003/functions-000229.c	-[SCMemoriesCameraRollIndexCommand isEqual:]	
106c1e1d8	106c1e22b	decompiled	chunks/003/functions-000229.c	-[SCMemoriesCameraRollIndexCommand hash]	
106c1e22c	106c1e233	decompiled	chunks/003/functions-000229.c	-[SCMemoriesCameraRollIndexCommand jobType]	
106c1e234	106c1e23b	decompiled	chunks/003/functions-000229.c	-[SCMemoriesCameraRollIndexCommand setJobType:]	
106c1e23c	106c1e243	decompiled	chunks/003/functions-000229.c	-[SCMemoriesCameraRollIndexCommand jobSubtypeIdentifier]	
106c1e244	106c1e24b	decompiled	chunks/003/functions-000229.c	-[SCMemoriesCameraRollIndexCommand setJobSubtypeIdentifier:]	
106c1e24c	106c1e253	decompiled	chunks/003/functions-000229.c	-[SCMemoriesCameraRollIndexCommand completion]	
106c1e254	106c1e25b	decompiled	chunks/003/functions-000229.c	-[SCMemoriesCameraRollIndexCommand setCompletion:]	
106c1e25c	106c1e28b	decompiled	chunks/003/functions-000229.c	-[SCMemoriesCameraRollIndexCommand .cxx_destruct]	
106c1e28c	106c1e673	decompiled	chunks/003/functions-000229.c	-[SCMemoriesCameraRollIndexBackgroundJobProcessorScheduler initWithCoreConfigProvider:photoPermissionCoordinator:applicationLifecycleEvents:grapheneRegistry:transactorProvider:localNotificationScheduler:boltDataUploader:snapIndexClientService:deviceIdentifierProvider:performer:blizzardLogger:modelProvider:memoriesVisualTagAnalyzer:memoriesLogger:fetchLimit:requestHeaderProvider:]	
106c1e674	106c1e67b	decompiled	chunks/003/functions-000229.c		
106c1e67c	106c1e7bb	decompiled	chunks/003/functions-000229.c	-[SCMemoriesCameraRollIndexBackgroundJobProcessorScheduler scheduleJob:jobSubtypeIdentifier:completionCallback:]	
106c1e7bc	106c1e84b	decompiled	chunks/003/functions-000229.c	-[SCMemoriesCameraRollIndexBackgroundJobProcessorScheduler cancel]	
106c1e84c	106c1e887	decompiled	chunks/003/functions-000229.c		
106c1e888	106c1e8cb	decompiled	chunks/003/functions-000229.c	-[SCMemoriesCameraRollIndexBackgroundJobProcessorScheduler _addCommandAndExecuteIfNecessary:]	
106c1e8cc	106c1e943	decompiled	chunks/003/functions-000229.c	-[SCMemoriesCameraRollIndexBackgroundJobProcessorScheduler _executeFirstCommandIfNecessary]	
106c1e944	106c1e993	decompiled	chunks/003/functions-000229.c	-[SCMemoriesCameraRollIndexBackgroundJobProcessorScheduler _didFinish:]	
106c1e994	106c1ebc7	decompiled	chunks/003/functions-000229.c	-[SCMemoriesCameraRollIndexBackgroundJobProcessorScheduler _scheduleIndexJob:]	
106c1ebc8	106c1f033	decompiled	chunks/003/functions-000229.c		
106c1f034	106c1f267	decompiled	chunks/003/functions-000229.c	-[SCMemoriesCameraRollIndexBackgroundJobProcessorScheduler _scheduleUploadJob:]	
106c1f268	106c1f367	decompiled	chunks/003/functions-000229.c		
106c1f368	106c1f5af	decompiled	chunks/003/functions-000229.c		
106c1f5b0	106c1f657	decompiled	chunks/003/functions-000229.c	-[SCMemoriesCameraRollIndexBackgroundJobProcessorScheduler .cxx_destruct]	
106c1f658	106c1faa7	decompiled	chunks/003/functions-000229.c	-[SCMemoriesCameraRollIndexBackgroundJobProcessorSchedulerServiceProvider provide]	
106c1faa8	106c1fad7	decompiled	chunks/003/functions-000229.c		
106c1fad8	106c1fcab	decompiled	chunks/003/functions-000229.c	-[SCMemoriesCameraRollIndexBackgroundJobProcessorSchedulerServiceProvider _createSnapFeedCameraRollIndexUploadService:performer:]	
106c1fcac	106c1fd7f	decompiled	chunks/003/functions-000229.c	-[SCMemoriesCameraRollIndexBackgroundJobProcessorSchedulerServiceProvider .cxx_destruct]	
106c1fd80	106c1fdf3	decompiled	chunks/003/functions-000229.c	-[SCMemoriesCameraRollUploadBackgroundJobProcessor initWithJobProcessorScheduler:]	
106c1fdf4	106c1fe4b	decompiled	chunks/003/functions-000229.c	-[SCMemoriesCameraRollUploadBackgroundJobProcessor processJobWithJobConfig:input:context:onComplete:]	
106c1fe4c	106c1fe57	decompiled	chunks/003/functions-000229.c	-[SCMemoriesCameraRollUploadBackgroundJobProcessor .cxx_destruct]	
