address	end_address	status	pseudocode_file	runtime_label	error
106fe7e68	106fe7ea3	decompiled	chunks/007/functions-000450.c	-[SCMainCameraViewController lensesInIdleState]	
106fe7ea4	106fe7fef	decompiled	chunks/007/functions-000450.c	-[SCMainCameraViewController viewDidFullyAppearWithModalPresentedAbove]	
106fe7ff0	106fe82a3	decompiled	chunks/007/functions-000450.c	-[SCMainCameraViewController viewDidPartiallyDisappear]	
106fe82a4	106fe82bf	decompiled	chunks/007/functions-000450.c		
106fe82c0	106fe8663	decompiled	chunks/007/functions-000450.c	-[SCMainCameraViewController viewDidFullyDisappear]	
106fe8664	106fe869b	decompiled	chunks/007/functions-000450.c		
106fe869c	106fe869f	decompiled	chunks/007/functions-000450.c	-[SCMainCameraViewController viewDidSwipeOut]	
106fe86a0	106fe877b	decompiled	chunks/007/functions-000450.c	-[SCMainCameraViewController viewfinderDidDetach:]	
106fe877c	106fe87d3	decompiled	chunks/007/functions-000450.c	-[SCMainCameraViewController onMusicSelectionStartedInDirectorMode:]	
106fe87d4	106fe883b	decompiled	chunks/007/functions-000450.c	-[SCMainCameraViewController _setScrollingLockedForMemories:withLockKey:]	
106fe883c	106fe886f	decompiled	chunks/007/functions-000450.c	-[SCMainCameraViewController _stopCameraSoftlyAndPreemptivelyFlushPreviewBuffer:softStopDelay:]	
106fe8870	106fe8903	decompiled	chunks/007/functions-000450.c	-[SCMainCameraViewController didSendSnaps]	
106fe8904	106fe8997	decompiled	chunks/007/functions-000450.c	-[SCMainCameraViewController didPostStories]	
106fe8998	106fe89cb	decompiled	chunks/007/functions-000450.c	-[SCMainCameraViewController didSaveSnap]	
106fe89cc	106fe8a6b	decompiled	chunks/007/functions-000450.c	-[SCMainCameraViewController tryToActivateLensAfterUnlockWithActivationLens:lensLaunchData:activationSource:]	
106fe8a6c	106fe8afb	decompiled	chunks/007/functions-000450.c	-[SCMainCameraViewController viewDidEnterBackground]	
106fe8afc	106fe8be3	decompiled	chunks/007/functions-000450.c	-[SCMainCameraViewController postponedViewDidBecomeActive]	
106fe8be4	106fe8c37	decompiled	chunks/007/functions-000450.c	-[SCMainCameraViewController viewWillDisappear:]	
106fe8c38	106fe8ce3	decompiled	chunks/007/functions-000450.c	-[SCMainCameraViewController viewDidDisappear:]	
106fe8ce4	106fe8ce7	decompiled	chunks/007/functions-000450.c	-[SCMainCameraViewController scrollingToProfileView]	
106fe8ce8	106fe8d1f	decompiled	chunks/007/functions-000450.c	-[SCMainCameraViewController cancelledScrollingToProfileView]	
106fe8d20	106fe8d5b	decompiled	chunks/007/functions-000450.c	-[SCMainCameraViewController profileViewDidFullyAppear]	
106fe8d5c	106fe8d93	decompiled	chunks/007/functions-000450.c	-[SCMainCameraViewController profileViewDidFullyDisappear]	
106fe8d94	106fe8ddf	decompiled	chunks/007/functions-000450.c	-[SCMainCameraViewController canHandleVolumeButtonEvents]	
106fe8de0	106fe8e27	decompiled	chunks/007/functions-000450.c	-[SCMainCameraViewController _updateSnapCountBeforeShowLensesActivationTooltip]	
106fe8e28	106fe9003	decompiled	chunks/007/functions-000450.c		
106fe9004	106fe9053	decompiled	chunks/007/functions-000450.c		
106fe9054	106fe915f	decompiled	chunks/007/functions-000450.c	-[SCMainCameraViewController markCameraHelpTooltipAsCompletedIfNecessary]	
106fe9160	106fe927f	decompiled	chunks/007/functions-000450.c	-[SCMainCameraViewController _hideOnboardingTooltipsWhenPrepareForRecording]	
106fe9280	106fe92db	decompiled	chunks/007/functions-000450.c	-[SCMainCameraViewController isLensesActivationTooltipVisible]	
106fe92dc	106fe9337	decompiled	chunks/007/functions-000450.c	-[SCMainCameraViewController isCameraHelpTooltipVisible]	
106fe9338	106fe93b7	decompiled	chunks/007/functions-000450.c	-[SCMainCameraViewController _isMainCameraViewAndBackFacing]	
106fe93b8	106fe93eb	decompiled	chunks/007/functions-000450.c	-[SCMainCameraViewController imageCaptureDidComplete]	
106fe93ec	106fe93f3	decompiled	chunks/007/functions-000450.c	-[SCMainCameraViewController headerProfileButtonCenterX]	
106fe93f4	106fe944f	decompiled	chunks/007/functions-000450.c	-[SCMainCameraViewController headerItemYOffset]	
106fe9450	106fe95ef	decompiled	chunks/007/functions-000450.c	-[SCMainCameraViewController featureMemoriesWillScrollToGallery:withExitEvent:]	
106fe95f0	106fe974f	decompiled	chunks/007/functions-000450.c	-[SCMainCameraViewController featureMemoriesWillScrollToCamera:withExitEvent:]	
106fe9750	106fe983b	decompiled	chunks/007/functions-000450.c	-[SCMainCameraViewController featureMemoriesDidScrollToGallery:]	
106fe983c	106fe98ff	decompiled	chunks/007/functions-000450.c	-[SCMainCameraViewController featureMemoriesDidScrollToCamera:]	
106fe9900	106fe9a17	decompiled	chunks/007/functions-000450.c	-[SCMainCameraViewController _stopCameraForModalPresentation]	
106fe9a18	106fe9bd7	decompiled	chunks/007/functions-000450.c	-[SCMainCameraViewController _startCameraForModalDismissal]	
106fe9bd8	106fe9bdb	decompiled	chunks/007/functions-000450.c	-[SCMainCameraViewController featureMemoriesPresentMemoriesAddSnapsPicker:]	
106fe9bdc	106fe9bdf	decompiled	chunks/007/functions-000450.c	-[SCMainCameraViewController isOnMainCamera]	
106fe9be0	106fe9c27	decompiled	chunks/007/functions-000450.c		
106fe9c28	106fe9c2f	decompiled	chunks/007/functions-000450.c	-[SCMainCameraViewController cameraToolbarWillExpand]	
106fe9c30	106fe9c37	decompiled	chunks/007/functions-000450.c	-[SCMainCameraViewController cameraToolbarWillCollapse]	
106fe9c38	106fe9c7f	decompiled	chunks/007/functions-000450.c	-[SCMainCameraViewController _toggleCameraToolbar:]	
106fe9c80	106fe9c87	decompiled	chunks/007/functions-000450.c	-[SCMainCameraViewController defaultCustomStatusBarStyle]	
106fe9c88	106fe9ca7	decompiled	chunks/007/functions-000450.c	-[SCMainCameraViewController navigationLogger]	
106fe9ca8	106fe9cc7	decompiled	chunks/007/functions-000450.c	-[SCMainCameraViewController tooltipState]	
106fe9cc8	106fe9cd7	decompiled	chunks/007/functions-000450.c	-[SCMainCameraViewController addFriendsScopeLauncher]	
106fe9cd8	106fe9d17	decompiled	chunks/007/functions-000450.c	-[SCMainCameraViewController setAddFriendsScopeLauncher:]	
106fe9d18	106fe9d27	decompiled	chunks/007/functions-000450.c	-[SCMainCameraViewController addFriendsScopeServices]	
106fe9d28	106fe9d67	decompiled	chunks/007/functions-000450.c	-[SCMainCameraViewController setAddFriendsScopeServices:]	
106fe9d68	106fe9d77	decompiled	chunks/007/functions-000450.c	-[SCMainCameraViewController storyOnboardingTooltipManager]	
106fe9d78	106fe9d87	decompiled	chunks/007/functions-000450.c	-[SCMainCameraViewController snapKitDeeplinkingServices]	
106fe9d88	106fe9d97	decompiled	chunks/007/functions-000450.c	-[SCMainCameraViewController mainCameraDeepLinkScopeServices]	
106fe9d98	106fe9da7	decompiled	chunks/007/functions-000450.c	-[SCMainCameraViewController settingsScopeServices]	
106fe9da8	106fe9db7	decompiled	chunks/007/functions-000450.c	-[SCMainCameraViewController simpleContentFetcher]	
106fe9db8	106fe9dc7	decompiled	chunks/007/functions-000450.c	-[SCMainCameraViewController lockScreenCaptureStorageManager]	
106fe9dc8	106fe9dd7	decompiled	chunks/007/functions-000450.c	-[SCMainCameraViewController waitingUntilVisibleToBeginRecording]	
106fe9dd8	106fe9de7	decompiled	chunks/007/functions-000450.c	-[SCMainCameraViewController setWaitingUntilVisibleToBeginRecording:]	
106fe9de8	106fe9df7	decompiled	chunks/007/functions-000450.c	-[SCMainCameraViewController isScheduledBeginRecordingFromOtherPage]	
106fe9df8	106fe9e07	decompiled	chunks/007/functions-000450.c	-[SCMainCameraViewController setIsScheduledBeginRecordingFromOtherPage:]	
106fe9e08	106fe9e17	decompiled	chunks/007/functions-000450.c	-[SCMainCameraViewController tooltipPriorityResolver]	
106fe9e18	106fe9e57	decompiled	chunks/007/functions-000450.c	-[SCMainCameraViewController setTooltipPriorityResolver:]	
106fe9e58	106fea017	decompiled	chunks/007/functions-000450.c	-[SCMainCameraViewController .cxx_destruct]	
106fea018	106fea0bb	decompiled	chunks/007/functions-000450.c		
106fea0bc	106fea103	decompiled	chunks/007/functions-000450.c		
106fea104	106fea1ff	decompiled	chunks/007/functions-000450.c		
106fea200	106fea22b	decompiled	chunks/007/functions-000450.c		
106fea22c	106fea293	decompiled	chunks/007/functions-000450.c		
106fea294	106fea2eb	decompiled	chunks/007/functions-000450.c	-[SCMainCameraViewController stopObservingCapturerStateUpdate]	
106fea2ec	106fea32b	decompiled	chunks/007/functions-000450.c	-[SCMainCameraViewControllerStartupWorkflow _applicationDidEnterBackground:]	
106fea32c	106fea33b	decompiled	chunks/007/functions-000450.c		
106fea33c	106fea3cf	decompiled	chunks/007/functions-000450.c		
106fea3d0	106fea55f	decompiled	chunks/007/functions-000450.c		
106fea560	106fea5bf	decompiled	chunks/007/functions-000450.c		
106fea5c0	106fea793	decompiled	chunks/007/functions-000450.c	-[SCMainCameraViewControllerStartupWorkflow performApplicationWillEnterForeground:notification:]	
106fea794	106fea8db	decompiled	chunks/007/functions-000450.c		
106fea8dc	106fea923	decompiled	chunks/007/functions-000450.c		
106fea924	106fea997	decompiled	chunks/007/functions-000450.c	-[SCMainCameraViewControllerStartupWorkflow shouldHandleVolumeButtonEvents:]	
106fea998	106feaa37	decompiled	chunks/007/functions-000450.c		
106feaa38	106feaaf3	decompiled	chunks/007/functions-000450.c		
106feaaf4	106feace7	decompiled	chunks/007/functions-000450.c	-[SCMainCameraViewControllerStartupWorkflow _popVerticalViewsIfNeeded:]	
106feace8	106fead73	decompiled	chunks/007/functions-000450.c	-[SCMainCameraViewControllerStartupWorkflow _shouldOpenToCameraAfterBackgroundingOnViewController:]	
106fead74	106feb253	decompiled	chunks/007/functions-000450.c	-[SCMainCameraViewControllerStartupWorkflow .cxx_destruct]	
106feb254	106feb25b	decompiled	chunks/007/functions-000450.c	-[SCLegacyFeatureDelegateProviderImpl .cxx_destruct]	
106feb25c	106feb267	decompiled	chunks/007/functions-000450.c	-[SCCameraToGallerySwipeTransitionCoordinatorServices .cxx_destruct]	
106feb268	106feb303	decompiled	chunks/007/functions-000450.c	-[SCOnboardingTooltip initWithView:appearance:]	
106feb304	106feb3a7	decompiled	chunks/007/functions-000450.c	-[SCOnboardingTooltip tooltip]	
106feb3a8	106feb3ff	decompiled	chunks/007/functions-000450.c	-[SCOnboardingTooltip setAppearance:]	
106feb400	106feb40f	decompiled	chunks/007/functions-000450.c	-[SCOnboardingTooltip shouldShow]	
106feb410	106feb413	decompiled	chunks/007/functions-000450.c	-[SCOnboardingTooltip willShow]	
106feb414	106feb4bb	decompiled	chunks/007/functions-000450.c	-[SCOnboardingTooltip show]	
106feb4bc	106feb4c3	decompiled	chunks/007/functions-000450.c		
106feb4c4	106feb4cb	decompiled	chunks/007/functions-000450.c	-[SCOnboardingTooltip shouldHide]	
106feb4cc	106feb4cf	decompiled	chunks/007/functions-000450.c	-[SCOnboardingTooltip willHide]	
106feb4d0	106feb50f	decompiled	chunks/007/functions-000450.c	-[SCOnboardingTooltip hide]	
106feb510	106feb563	decompiled	chunks/007/functions-000450.c	-[SCOnboardingTooltip markCompleted]	
106feb564	106feb5b7	decompiled	chunks/007/functions-000451.c	-[SCOnboardingTooltip needsToBeCompleted]	
106feb5b8	106feb907	decompiled	chunks/007/functions-000451.c	-[SCOnboardingTooltip positionAtPoint:trianglePosition:]	
106feb908	106feb9a3	decompiled	chunks/007/functions-000451.c		
106feb9a4	106febb2b	decompiled	chunks/007/functions-000451.c		
106febb2c	106febb4b	decompiled	chunks/007/functions-000451.c	-[SCOnboardingTooltip _trianglePositionRespectingInterfaceLayoutDirection:isRTL:]	
106febb4c	106febb67	decompiled	chunks/007/functions-000451.c	-[SCOnboardingTooltip _triangleOffsetForTrianglePosition:]	
106febb68	106febcdb	decompiled	chunks/007/functions-000451.c	-[SCOnboardingTooltip _playShowAnimation]	
106febcdc	106febd13	decompiled	chunks/007/functions-000451.c		
106febd14	106febe83	decompiled	chunks/007/functions-000451.c	-[SCOnboardingTooltip _playHideAnimation]	
106febe84	106febeef	decompiled	chunks/007/functions-000451.c		
106febef0	106fec033	decompiled	chunks/007/functions-000451.c	-[SCOnboardingTooltip _triangleFrameForTrianglePosition:]	
106fec034	106fec293	decompiled	chunks/007/functions-000451.c	-[SCOnboardingTooltip _updateTooltip:]	
106fec294	106fec297	decompiled	chunks/007/functions-000451.c	-[SCOnboardingTooltip _tap:]	
106fec298	106fec29f	decompiled	chunks/007/functions-000451.c	-[SCOnboardingTooltip duration]	
106fec2a0	106fec2a7	decompiled	chunks/007/functions-000451.c	-[SCOnboardingTooltip setDuration:]	
106fec2a8	106fec2bf	decompiled	chunks/007/functions-000451.c	-[SCOnboardingTooltip view]	
106fec2c0	106fec2c7	decompiled	chunks/007/functions-000451.c	-[SCOnboardingTooltip isShowing]	
106fec2c8	106fec2cf	decompiled	chunks/007/functions-000451.c	-[SCOnboardingTooltip activated]	
106fec2d0	106fec2d7	decompiled	chunks/007/functions-000451.c	-[SCOnboardingTooltip setActivated:]	
106fec2d8	106fec2df	decompiled	chunks/007/functions-000451.c	-[SCOnboardingTooltip appearance]	
106fec2e0	106fec323	decompiled	chunks/007/functions-000451.c	-[SCOnboardingTooltip .cxx_destruct]	
106fec324	106fec3bb	decompiled	chunks/007/functions-000451.c	-[SCOnboardingTooltipAppearance initWithText:]	
106fec3bc	106fec473	decompiled	chunks/007/functions-000451.c	-[SCOnboardingTooltipAppearance initWithText:textColor:backgroundColor:]	
106fec474	106fec483	decompiled	chunks/007/functions-000451.c	-[SCOnboardingTooltipAppearance initWithText:textColor:backgroundColor:font:shadowOpacity:]	
106fec484	106fec5bf	decompiled	chunks/007/functions-000451.c	-[SCOnboardingTooltipAppearance initWithText:textColor:backgroundColor:font:shadowOpacity:shadowRadius:shadowOffset:]	
106fec5c0	106fec6a3	decompiled	chunks/007/functions-000451.c	-[SCOnboardingTooltipAppearance initWithAttributedString:backgroundColor:shadowOpacity:]	
106fec6a4	106fec6ab	decompiled	chunks/007/functions-000451.c	-[SCOnboardingTooltipAppearance text]	
106fec6ac	106fec6b3	decompiled	chunks/007/functions-000451.c	-[SCOnboardingTooltipAppearance attributedText]	
106fec6b4	106fec6bb	decompiled	chunks/007/functions-000451.c	-[SCOnboardingTooltipAppearance textColor]	
106fec6bc	106fec6c3	decompiled	chunks/007/functions-000451.c	-[SCOnboardingTooltipAppearance backgroundColor]	
106fec6c4	106fec6cb	decompiled	chunks/007/functions-000451.c	-[SCOnboardingTooltipAppearance font]	
106fec6cc	106fec6d3	decompiled	chunks/007/functions-000451.c	-[SCOnboardingTooltipAppearance shadowOpacity]	
106fec6d4	106fec6db	decompiled	chunks/007/functions-000451.c	-[SCOnboardingTooltipAppearance shadowRadius]	
106fec6dc	106fec6e3	decompiled	chunks/007/functions-000451.c	-[SCOnboardingTooltipAppearance shadowOffset]	
106fec6e4	106fec6eb	decompiled	chunks/007/functions-000451.c	-[SCOnboardingTooltipAppearance respectsRTLLayout]	
106fec6ec	106fec6f3	decompiled	chunks/007/functions-000451.c	-[SCOnboardingTooltipAppearance setRespectsRTLLayout:]	
106fec6f4	106fec6fb	decompiled	chunks/007/functions-000451.c	-[SCOnboardingTooltipAppearance accessibilityIdentifier]	
106fec6fc	106fec703	decompiled	chunks/007/functions-000451.c	-[SCOnboardingTooltipAppearance setAccessibilityIdentifier:]	
106fec704	106fec70b	decompiled	chunks/007/functions-000451.c	-[SCOnboardingTooltipAppearance triangleHidden]	
106fec70c	106fec713	decompiled	chunks/007/functions-000451.c	-[SCOnboardingTooltipAppearance setTriangleHidden:]	
106fec714	106fec71b	decompiled	chunks/007/functions-000451.c	-[SCOnboardingTooltipAppearance numberOfLines]	
106fec71c	106fec723	decompiled	chunks/007/functions-000451.c	-[SCOnboardingTooltipAppearance setNumberOfLines:]	
106fec724	106fec72b	decompiled	chunks/007/functions-000451.c	-[SCOnboardingTooltipAppearance textAlignment]	
106fec72c	106fec733	decompiled	chunks/007/functions-000451.c	-[SCOnboardingTooltipAppearance setTextAlignment:]	
106fec734	106fec73b	decompiled	chunks/007/functions-000451.c	-[SCOnboardingTooltipAppearance preferredWidth]	
106fec73c	106fec743	decompiled	chunks/007/functions-000451.c	-[SCOnboardingTooltipAppearance setPreferredWidth:]	
106fec744	106fec7a3	decompiled	chunks/007/functions-000451.c	-[SCOnboardingTooltipAppearance .cxx_destruct]	
106fec7a4	106fec7a7	decompiled	chunks/007/functions-000451.c	-[SCOnboardingTooltipManager setupTooltips:]	
106fec7a8	106fec81f	decompiled	chunks/007/functions-000451.c	-[SCOnboardingTooltipManager addTooltip:]	
106fec820	106fec89b	decompiled	chunks/007/functions-000451.c	-[SCOnboardingTooltipManager showTooltip]	
106fec89c	106fec8ab	decompiled	chunks/007/functions-000451.c	-[SCOnboardingTooltipManager hideTooltip]	
106fec8ac	106fec90b	decompiled	chunks/007/functions-000451.c	-[SCOnboardingTooltipManager markTooltipCompleted:]	
106fec90c	106feca17	decompiled	chunks/007/functions-000451.c	-[SCOnboardingTooltipManager getNextAvailableTooltip]	
106feca18	106feca1f	decompiled	chunks/007/functions-000451.c	-[SCOnboardingTooltipManager currentTooltip]	
106feca20	106feca27	decompiled	chunks/007/functions-000451.c	-[SCOnboardingTooltipManager tooltips]	
106feca28	106feca57	decompiled	chunks/007/functions-000451.c	-[SCOnboardingTooltipManager setTooltips:]	
106feca58	106feca87	decompiled	chunks/007/functions-000451.c	-[SCOnboardingTooltipManager .cxx_destruct]	
106feca88	106feca8b	decompiled	chunks/007/functions-000451.c	-[SCCameraViewController addUIAutomationOnlyUsedHelpers]	
106feca8c	106feca8f	decompiled	chunks/007/functions-000451.c	-[SCCameraViewController addPermissionHandlerNoOpButton]	
106feca90	106fecb73	decompiled	chunks/007/functions-000451.c	-[SCCameraAdaptiveLayoutHandler initWithCameraView:containingView:isLandscapeEnabled:cameraViewLayoutGuide:]	
106fecb74	106feccdb	decompiled	chunks/007/functions-000451.c	-[SCCameraAdaptiveLayoutHandler viewWillTransitionToSize:withTransitionCoordinator:]	
106feccdc	106fecd37	decompiled	chunks/007/functions-000451.c		
106fecd38	106fecd3f	decompiled	chunks/007/functions-000451.c	-[SCCameraAdaptiveLayoutHandler _currentInterfaceOrientation]	
106fecd40	106fecd73	decompiled	chunks/007/functions-000451.c	-[SCCameraAdaptiveLayoutHandler _deactivateAllConstraints]	
106fecd74	106fecd7b	decompiled	chunks/007/functions-000451.c	-[SCCameraAdaptiveLayoutHandler _isTransitioning]	
106fecd7c	106fecd83	decompiled	chunks/007/functions-000451.c	-[SCCameraAdaptiveLayoutHandler _setIsTransitioning:]	
106fecd84	106fed913	decompiled	chunks/007/functions-000451.c	-[SCCameraAdaptiveLayoutHandler _setupConstraints]	
106fed914	106fed95f	decompiled	chunks/007/functions-000451.c	-[SCCameraAdaptiveLayoutHandler _updateConstraints:]	
106fed960	106fed9db	decompiled	chunks/007/functions-000451.c	-[SCCameraAdaptiveLayoutHandler _updateTransformForCameraView]	
106fed9dc	106feda2f	decompiled	chunks/007/functions-000451.c	-[SCCameraAdaptiveLayoutHandler .cxx_destruct]	
106feda30	106feda47	decompiled	chunks/007/functions-000451.c	-[SCCameraViewController shouldBeSilentlyPresentedAndPauseOpera]	
106feda48	106feda4b	decompiled	chunks/007/functions-000451.c	-[SCCameraViewController presentingViewControllerForMusicFeature:]	
106feda4c	106feda53	decompiled	chunks/007/functions-000451.c	-[SCCameraViewController musicFeature:setVolumeButtonHandlingEnabled:]	
106feda54	106feda5f	decompiled	chunks/007/functions-000451.c	-[SCCameraViewController musicFeatureDidPresentMusicPicker:style:]	
106feda60	106feda6b	decompiled	chunks/007/functions-000451.c	-[SCCameraViewController musicFeatureDidDismissMusicPicker:style:]	
106feda6c	106fedb5b	decompiled	chunks/007/functions-000451.c	-[SCCameraViewController musicFeatureDidPresentMusicEditor:]	
106fedb5c	106fedc4b	decompiled	chunks/007/functions-000451.c	-[SCCameraViewController musicFeatureDidDismissMusicEditor:]	
106fedc4c	106fedd83	decompiled	chunks/007/functions-000451.c	-[SCCameraViewController musicFeature:didUpdateSelection:]	
106fedd84	106fedd87	decompiled	chunks/007/functions-000451.c	-[SCCameraViewController scanDelegate]	
106fedd88	106feddf3	decompiled	chunks/007/functions-000451.c	-[SCCameraViewController setAllCameraUIVisible:animated:]	
106feddf4	106feded3	decompiled	chunks/007/functions-000451.c	-[SCCameraViewController setCameraHeaderVisible:animated:]	
106feded4	106fedf4b	decompiled	chunks/007/functions-000451.c	-[SCCameraViewController setCameraToolbarVisible:animated:]	
106fedf4c	106fedf4f	decompiled	chunks/007/functions-000451.c	-[SCCameraViewController shakeToReportDelegate]	
106fedf50	106fee04b	decompiled	chunks/007/functions-000451.c	-[SCCameraViewController defaultProjectNameV2]	
106fee04c	106fee0cb	decompiled	chunks/007/functions-000451.c	-[SCCameraViewController defaultSubProjectName]	
106fee0cc	106fee20f	decompiled	chunks/007/functions-000451.c	-[SCCameraViewController jiraMetaInfo]	
106fee210	106fee2d3	decompiled	chunks/007/functions-000451.c		
106fee2d4	106fee2db	decompiled	chunks/007/functions-000451.c	-[SCCameraViewControllerInternalState searchEventAnnouncerCreator]	
106fee2dc	106fee2e3	decompiled	chunks/007/functions-000451.c	-[SCCameraViewControllerInternalState tabBarGradientView]	
106fee2e4	106fee313	decompiled	chunks/007/functions-000451.c	-[SCCameraViewControllerInternalState setTabBarGradientView:]	
106fee314	106fee31b	decompiled	chunks/007/functions-000451.c	-[SCCameraViewControllerInternalState navBarGradientView]	
106fee31c	106fee34b	decompiled	chunks/007/functions-000451.c	-[SCCameraViewControllerInternalState setNavBarGradientView:]	
106fee34c	106fee353	decompiled	chunks/007/functions-000451.c	-[SCCameraViewControllerInternalState cameraTopBlurView]	
106fee354	106fee383	decompiled	chunks/007/functions-000451.c	-[SCCameraViewControllerInternalState setCameraTopBlurView:]	
106fee384	106fee38b	decompiled	chunks/007/functions-000451.c	-[SCCameraViewControllerInternalState cameraBottomBlurView]	
106fee38c	106fee3bb	decompiled	chunks/007/functions-000451.c	-[SCCameraViewControllerInternalState setCameraBottomBlurView:]	
106fee3bc	106fee3eb	decompiled	chunks/007/functions-000451.c	-[SCCameraViewControllerInternalState setVolumeButtonHandler:]	
106fee3ec	106fee3f3	decompiled	chunks/007/functions-000451.c	-[SCCameraViewControllerInternalState duringLongPress]	
106fee3f4	106fee3fb	decompiled	chunks/007/functions-000451.c	-[SCCameraViewControllerInternalState setDuringLongPress:]	
106fee3fc	106fee403	decompiled	chunks/007/functions-000451.c	-[SCCameraViewControllerInternalState setOverlayItemsYOffset:]	
106fee404	106fee40b	decompiled	chunks/007/functions-000452.c	-[SCCameraViewControllerInternalState lastSuccessfulLensActivationTime]	
106fee40c	106fee413	decompiled	chunks/007/functions-000452.c	-[SCCameraViewControllerInternalState setCameraViewType:]	
106fee414	106fee41b	decompiled	chunks/007/functions-000452.c	-[SCCameraViewControllerInternalState setRecordingState:]	
106fee41c	106fee44b	decompiled	chunks/007/functions-000452.c	-[SCCameraViewControllerInternalState setLockRingingToken:]	
106fee44c	106fee453	decompiled	chunks/007/functions-000452.c	-[SCCameraViewControllerInternalState isResigningActive]	
106fee454	106fee45b	decompiled	chunks/007/functions-000452.c	-[SCCameraViewControllerInternalState setShouldRestoreStartRecordingState:]	
106fee45c	106fee463	decompiled	chunks/007/functions-000452.c	-[SCCameraViewControllerInternalState viewSourceType]	
106fee464	106fee46b	decompiled	chunks/007/functions-000452.c	-[SCCameraViewControllerInternalState setViewSourceType:]	
106fee46c	106fee49b	decompiled	chunks/007/functions-000452.c	-[SCCameraViewControllerInternalState setImageCaptureConfiguration:]	
106fee49c	106fee4cb	decompiled	chunks/007/functions-000452.c	-[SCCameraViewControllerInternalState setVideoCaptureConfiguration:]	
106fee4cc	106fee5a3	decompiled	chunks/007/functions-000452.c	-[SCCameraViewControllerInternalState .cxx_destruct]	
106fee5a4	106fee5cb	decompiled	chunks/007/functions-000452.c		
106fee5cc	106fee5d7	decompiled	chunks/007/functions-000452.c	+[SCCameraViewController announcerIdentifier]	
106fee5d8	106fee677	decompiled	chunks/007/functions-000452.c	-[SCCameraViewController initWithSystemScope:appStartExperimentReader:]	
106fee678	106fee67f	decompiled	chunks/007/functions-000452.c		
106fee680	106fee74f	decompiled	chunks/007/functions-000452.c	-[SCCameraViewController initWithStartupWorkflow:delegate:systemScope:appInsightsMetadataStorage:simpleSnapchatExperimentConfigProvider:appStartExperimentReader:]	
106fee750	106fee767	decompiled	chunks/007/functions-000452.c	-[SCCameraViewController initWithLensDataProvider:systemScope:appInsightsMetadataStorage:appStartExperimentReader:]	
106fee768	106fee843	decompiled	chunks/007/functions-000452.c		
106fee844	106fee887	decompiled	chunks/007/functions-000452.c	-[SCCameraViewController dealloc]	
106fee888	106fee88f	decompiled	chunks/007/functions-000452.c	-[SCCameraViewController currentAllocatedCameraCount]	
106fee890	106fee89f	decompiled	chunks/007/functions-000452.c	-[SCCameraViewController userSession]	
106fee8a0	106fee8a7	decompiled	chunks/007/functions-000452.c	+[SCCameraViewController cameraPageViewName]	
106fee8a8	106fee92b	decompiled	chunks/007/functions-000452.c	-[SCCameraViewController compatibilityZoomingMode]	
106fee92c	106ff001b	decompiled	chunks/007/functions-000452.c	-[SCCameraViewController startImageCaptureSessionWithSessionId:lensIntiatedCapture:initiatedRecording:captureTrigger:]	
106ff001c	106ff0ea3	decompiled	chunks/007/functions-000452.c	-[SCCameraViewController startVideoCaptureSessionForLensInitiatedCapture:]	
106ff0ea4	106ff0f07	decompiled	chunks/007/functions-000452.c	-[SCCameraViewController cameraLensesInfoProvider]	
106ff0f08	106ff0f3f	decompiled	chunks/007/functions-000452.c	-[SCCameraViewController cancelSnapCaptureSession]	
106ff0f40	106ff0f77	decompiled	chunks/007/functions-000452.c	-[SCCameraViewController finishSnapCaptureSession]	
106ff0f78	106ff10c7	decompiled	chunks/007/functions-000452.c	-[SCCameraViewController captureSessionIDForLog]	
106ff10c8	106ff10d7	decompiled	chunks/007/functions-000452.c	-[SCCameraViewController setSwipingState:]	
106ff10d8	106ff10e7	decompiled	chunks/007/functions-000452.c	-[SCCameraViewController isBlockingUnifiedCameraSwipe]	
106ff10e8	106ff1143	decompiled	chunks/007/functions-000452.c	-[SCCameraViewController recording]	
106ff1144	106ff116b	decompiled	chunks/007/functions-000452.c	-[SCCameraViewController preparingRecording]	
106ff116c	106ff11b7	decompiled	chunks/007/functions-000452.c	-[SCCameraViewController initiatedRecording]	
106ff11b8	106ff11df	decompiled	chunks/007/functions-000452.c	-[SCCameraViewController startedRecording]	
106ff11e0	106ff1207	decompiled	chunks/007/functions-000452.c	-[SCCameraViewController takingPicture]	
106ff1208	106ff122f	decompiled	chunks/007/functions-000452.c	-[SCCameraViewController hasTakenPicture]	
106ff1230	106ff1257	decompiled	chunks/007/functions-000452.c	-[SCCameraViewController finishingRecording]	
106ff1258	106ff127f	decompiled	chunks/007/functions-000452.c	-[SCCameraViewController preparingPreview]	
106ff1280	106ff12a7	decompiled	chunks/007/functions-000452.c	-[SCCameraViewController inCaptureCountingDown]	
106ff12a8	106ff131b	decompiled	chunks/007/functions-000452.c	-[SCCameraViewController shouldDisplayHandsFreeTooltip]	
106ff131c	106ff1423	decompiled	chunks/007/functions-000452.c	-[SCCameraViewController forceReloadViewWillAndDidAppearIfNeeded]	
106ff1424	106ff145f	decompiled	chunks/007/functions-000452.c		
106ff1460	106ff148f	decompiled	chunks/007/functions-000452.c	-[SCCameraViewController notifyUserAfterStartCameraIfNecessary]	
106ff1490	106ff1533	decompiled	chunks/007/functions-000452.c	-[SCCameraViewController refreshCameraPermissionUI]	
106ff1534	106ff1597	decompiled	chunks/007/functions-000452.c		
106ff1598	106ff171f	decompiled	chunks/007/functions-000452.c	-[SCCameraViewController _resolveCameraPermissionModeWithCompletion:]	
106ff1720	106ff17cb	decompiled	chunks/007/functions-000452.c		
106ff17cc	106ff18d3	decompiled	chunks/007/functions-000452.c	-[SCCameraViewController cameraPermissionAllowButtonTappedForMode:]	
106ff18d4	106ff192f	decompiled	chunks/007/functions-000452.c		
106ff1930	106ff1937	decompiled	chunks/007/functions-000452.c		
106ff1938	106ff196f	decompiled	chunks/007/functions-000452.c		
106ff1970	106ff1a4f	decompiled	chunks/007/functions-000452.c	-[SCCameraViewController cameraPermissionDidBecomeCameraReadyShouldStartCamera:]	
106ff1a50	106ff1bd7	decompiled	chunks/007/functions-000452.c	-[SCCameraViewController notifyUserOfMicrophoneUsageIfNecessary]	
106ff1bd8	106ff1ed3	decompiled	chunks/007/functions-000452.c		
106ff1ed4	106ff1f67	decompiled	chunks/007/functions-000452.c	-[SCCameraViewController notifyUserOfContactsUsageIfNecessary]	
106ff1f68	106ff1faf	decompiled	chunks/007/functions-000452.c	-[SCCameraViewController notifyUserOfAdsTrackingUsageIfNecessary]	
106ff1fb0	106ff20af	decompiled	chunks/007/functions-000452.c	-[SCCameraViewController notifyUserOfCameraRollUsageIfNecessary]	
106ff20b0	106ff20b3	decompiled	chunks/007/functions-000452.c		
106ff20b4	106ff223f	decompiled	chunks/007/functions-000452.c	-[SCCameraViewController notifyUserOfCameraAndMicrophoneUsageIfNecessary]	
106ff2240	106ff22d3	decompiled	chunks/007/functions-000452.c		
106ff22d4	106ff23d3	decompiled	chunks/007/functions-000452.c		
106ff23d4	106ff2453	decompiled	chunks/007/functions-000452.c	-[SCCameraViewController notifyUserOfDeniedCameraIfNecessary]	
106ff2454	106ff25e3	decompiled	chunks/007/functions-000452.c	-[SCCameraViewController _notifyUserOfDeniedCamera]	
106ff25e4	106ff25fb	decompiled	chunks/007/functions-000452.c		
106ff25fc	106ff26a7	decompiled	chunks/007/functions-000452.c		
106ff26a8	106ff26af	decompiled	chunks/007/functions-000452.c	-[SCCameraViewController notifyUserOfRestrictedCameraIfNecessary]	
106ff26b0	106ff2783	decompiled	chunks/007/functions-000452.c	-[SCCameraViewController _notifyUserOfRestrictedCameraIfNecessaryWithCompletion:]	
106ff2784	106ff284b	decompiled	chunks/007/functions-000452.c		
106ff284c	106ff28c3	decompiled	chunks/007/functions-000452.c	-[SCCameraViewController _alertCameraRestrictionOn:]	
106ff28c4	106ff2967	decompiled	chunks/007/functions-000452.c	-[SCCameraViewController _alertNoCamera:]	
106ff2968	106ff2b8b	decompiled	chunks/007/functions-000452.c	-[SCCameraViewController _alertWithTitle:description:completion:]	
106ff2b8c	106ff2bd7	decompiled	chunks/007/functions-000452.c		
106ff2bd8	106ff2beb	decompiled	chunks/007/functions-000452.c		
106ff2bec	106ff2bef	decompiled	chunks/007/functions-000452.c	-[SCCameraViewController _logNoCamera:authorization:]	
106ff2bf0	106ff2def	decompiled	chunks/007/functions-000452.c	-[SCCameraViewController viewWillDisappear:]	
106ff2df0	106ff2dfb	decompiled	chunks/007/functions-000452.c	-[SCCameraViewController headerProfileButtonCenterX]	
106ff2dfc	106ff2e07	decompiled	chunks/007/functions-000452.c	-[SCCameraViewController headerItemYOffset]	
106ff2e08	106ff3187	decompiled	chunks/007/functions-000452.c	-[SCCameraViewController viewDidDisappear:]	
106ff3188	106ff31cb	decompiled	chunks/007/functions-000452.c		
106ff31cc	106ff320f	decompiled	chunks/007/functions-000452.c	-[SCCameraViewController prefersStatusBarHidden]	
106ff3210	106ff322f	decompiled	chunks/007/functions-000452.c	-[SCCameraViewController preferredScreenEdgesDeferringSystemGestures]	
106ff3230	106ff329f	decompiled	chunks/007/functions-000452.c	-[SCCameraViewController didReceiveMemoryWarning]	
106ff32a0	106ff336f	decompiled	chunks/007/functions-000452.c	-[SCCameraViewController viewWillTransitionToSize:withTransitionCoordinator:]	
106ff3370	106ff3393	decompiled	chunks/007/functions-000452.c	-[SCCameraViewController _imageCaptureOrientationFixEnabled]	
106ff3394	106ff33b7	decompiled	chunks/007/functions-000452.c	-[SCCameraViewController _videoCaptureOrientationFixEnabled]	
106ff33b8	106ff3477	decompiled	chunks/007/functions-000452.c	-[SCCameraViewController _synchronizeCameraViewportOrientation]	
106ff3478	106ff34e7	decompiled	chunks/007/functions-000452.c	-[SCCameraViewController _lockInterfaceOrientation:]	
106ff34e8	106ff356b	decompiled	chunks/007/functions-000452.c	-[SCCameraViewController shouldPopToRootViewController]	
106ff356c	106ff3583	decompiled	chunks/007/functions-000452.c	-[SCCameraViewController shouldPopToRootViewControllerLater]	
106ff3584	106ff35a7	decompiled	chunks/007/functions-000452.c	-[SCCameraViewController timeBeforeReturningToCamera]	
106ff35a8	106ff36ef	decompiled	chunks/007/functions-000452.c	-[SCCameraViewController backgroundRestorationWindow]	
106ff36f0	106ff36f7	decompiled	chunks/007/functions-000452.c	-[SCCameraViewController shouldPreventOperaBackgroundDismiss]	
106ff36f8	106ff3713	decompiled	chunks/007/functions-000452.c	-[SCCameraViewController viewControllerPrefersSelfDismiss]	
106ff3714	106ff37af	decompiled	chunks/007/functions-000452.c	-[SCCameraViewController viewControllerDismissSelf:]	
106ff37b0	106ff37d7	decompiled	chunks/007/functions-000452.c	-[SCCameraViewController isInReplyingMode]	
106ff37d8	106ff3dc7	decompiled	chunks/007/functions-000452.c	-[SCCameraViewController setReplyWithConfiguration:cameraViewType:]	
106ff3dc8	106ff3dcb	decompiled	chunks/007/functions-000452.c		
106ff3dcc	106ff3e4b	decompiled	chunks/007/functions-000452.c	-[SCCameraViewController _snapSourceFromReplyParameters:]	
106ff3e4c	106ff40eb	decompiled	chunks/007/functions-000452.c	-[SCCameraViewController resetReplyConfiguration]	
106ff40ec	106ff4387	decompiled	chunks/007/functions-000453.c	-[SCCameraViewController viewDidEnterBackground]	
106ff4388	106ff439f	decompiled	chunks/007/functions-000453.c	-[SCCameraViewController viewWillEnterForeground]	
106ff43a0	106ff44bf	decompiled	chunks/007/functions-000453.c	-[SCCameraViewController viewWillResignActive]	
106ff44c0	106ff44ff	decompiled	chunks/007/functions-000453.c	-[SCCameraViewController postponedViewDidBecomeActive]	
106ff4500	106ff4503	decompiled	chunks/007/functions-000453.c	-[SCCameraViewController handleMediaServicesResetNotification:]	
106ff4504	106ff4507	decompiled	chunks/007/functions-000453.c	-[SCCameraViewController handleMediaServicesLostNotification:]	
106ff4508	106ff47f3	decompiled	chunks/007/functions-000453.c	-[SCCameraViewController showRecordedVideoIfNecessary]	
106ff47f4	106ff4827	decompiled	chunks/007/functions-000453.c		
106ff4828	106ff486b	decompiled	chunks/007/functions-000453.c	-[SCCameraViewController lensDataProvider]	
106ff486c	106ff4877	decompiled	chunks/007/functions-000453.c	-[SCCameraViewController setNavigationItemsHidden:includingAlwaysShowItems:animated:duration:]	
106ff4878	106ff4983	decompiled	chunks/007/functions-000453.c	-[SCCameraViewController setNavigationItemsHidden:includingAlwaysShowItems:withOffset:animated:duration:]	
106ff4984	106ff49e3	decompiled	chunks/007/functions-000453.c		
106ff49e4	106ff4b57	decompiled	chunks/007/functions-000453.c	-[SCCameraViewController _transitionToRecordingStateWithAnimationDuration:]	
106ff4b58	106ff4c3f	decompiled	chunks/007/functions-000453.c	-[SCCameraViewController _cancelPendingGesturesForRecordingStart]	
106ff4c40	106ff4d3f	decompiled	chunks/007/functions-000453.c	-[SCCameraViewController resetAll]	
106ff4d40	106ff4dcb	decompiled	chunks/007/functions-000453.c	-[SCCameraViewController isPressingCameraButtonOrVolumeButton]	
106ff4dcc	106ff4dd3	decompiled	chunks/007/functions-000453.c	-[SCCameraViewController presentingMemories]	
106ff4dd4	106ff5407	decompiled	chunks/007/functions-000453.c	-[SCCameraViewController longPressOnCameraTimer:]	
106ff5408	106ff5483	decompiled	chunks/007/functions-000453.c		
106ff5484	106ff550b	decompiled	chunks/007/functions-000453.c	-[SCCameraViewController processRecordingForLongPress:shouldStartRecording:]	
106ff550c	106ff570b	decompiled	chunks/007/functions-000453.c	-[SCCameraViewController _processStartRecordingWithLongPress:]	
106ff570c	106ff57b7	decompiled	chunks/007/functions-000453.c		
106ff57b8	106ff5a3b	decompiled	chunks/007/functions-000453.c	-[SCCameraViewController _initiateCapturePipeline]	
106ff5a3c	106ff5b23	decompiled	chunks/007/functions-000453.c		
106ff5b24	106ff5e23	decompiled	chunks/007/functions-000453.c	-[SCCameraViewController _processLongPressDidEnd:]	
106ff5e24	106ff652f	decompiled	chunks/007/functions-000453.c	-[SCCameraViewController _processLongPressCancelled:]	
106ff6530	106ff67eb	decompiled	chunks/007/functions-000453.c	-[SCCameraViewController _processLongPressDidEndForDirectorMode]	
106ff67ec	106ff6943	decompiled	chunks/007/functions-000453.c	-[SCCameraViewController _presentTimelineLimitReachedAlert]	
106ff6944	106ff6953	decompiled	chunks/007/functions-000453.c		
106ff6954	106ff6e6b	decompiled	chunks/007/functions-000453.c	-[SCCameraViewController longPress:]	
106ff6e6c	106ff6ed3	decompiled	chunks/007/functions-000453.c	-[SCCameraViewController _shouldResetLongPressGesture:]	
106ff6ed4	106ff6f7f	decompiled	chunks/007/functions-000453.c	-[SCCameraViewController batchCaptureVideoEnabled]	
106ff6f80	106ff6fdb	decompiled	chunks/007/functions-000453.c	-[SCCameraViewController startCameraWithContext:]	
106ff6fdc	106ff7013	decompiled	chunks/007/functions-000453.c	-[SCCameraViewController startDeviceMotionUpdates]	
106ff7014	106ff7097	decompiled	chunks/007/functions-000453.c	-[SCCameraViewController featureDoubleTapToToggleCameraDidTriger:]	
106ff7098	106ff709f	decompiled	chunks/007/functions-000453.c	-[SCCameraViewController prepareForRecordingWithMethod:]	
106ff70a0	106ff80ab	decompiled	chunks/007/functions-000453.c	-[SCCameraViewController prepareForRecordingWithMethod:hasMinimumRecordingDuration:]	
106ff80ac	106ff8107	decompiled	chunks/007/functions-000453.c		
106ff8108	106ff814b	decompiled	chunks/007/functions-000453.c		
106ff814c	106ff83b7	decompiled	chunks/007/functions-000453.c	-[SCCameraViewController _defaultRecordingDuration]	
106ff83b8	106ff849f	decompiled	chunks/007/functions-000453.c	-[SCCameraViewController _recordingSpeedMultiplier]	
106ff84a0	106ff857f	decompiled	chunks/007/functions-000453.c	-[SCCameraViewController componentRecordingDelayValue]	
106ff8580	106ff858f	decompiled	chunks/007/functions-000453.c	-[SCCameraViewController captureStillImage]	
106ff8590	106ff88eb	decompiled	chunks/007/functions-000453.c	-[SCCameraViewController tryCapturingStillImage]	
106ff88ec	106ff8bcf	decompiled	chunks/007/functions-000453.c	-[SCCameraViewController featureContainerView:setAllInterfaceElementsHidden:statusBarHidden:animated:duration:]	
106ff8bd0	106ff8dfb	decompiled	chunks/007/functions-000453.c	-[SCCameraViewController _updateARBarVisibility:animated:]	
106ff8dfc	106ff8eab	decompiled	chunks/007/functions-000453.c	-[SCCameraViewController setVolumeButtonHandlingEnabled:]	
106ff8eac	106ff8f27	decompiled	chunks/007/functions-000453.c	-[SCCameraViewController volumeButtonCaptureShouldHandleVolumeButtonEvents:]	
106ff8f28	106ff914b	decompiled	chunks/007/functions-000453.c	-[SCCameraViewController abortPressingVolumeButtonAndEndRecording]	
106ff914c	106ff94c3	decompiled	chunks/007/functions-000453.c	-[SCCameraViewController volumeButtonCaptureShouldAllowBegin:]	
106ff94c4	106ff96d3	decompiled	chunks/007/functions-000453.c	-[SCCameraViewController volumeButtonCaptureShouldAllowEnd:]	
106ff96d4	106ff9a27	decompiled	chunks/007/functions-000453.c	-[SCCameraViewController volumeButtonCaptureBegan]	
106ff9a28	106ff9f07	decompiled	chunks/007/functions-000453.c	-[SCCameraViewController volumeButtonCaptureEnded]	
106ff9f08	106ff9f4b	decompiled	chunks/007/functions-000453.c	-[SCCameraViewController hideCameraTimer]	
106ff9f4c	106ff9f8f	decompiled	chunks/007/functions-000453.c	-[SCCameraViewController showCameraTimer]	
106ff9f90	106ffa003	decompiled	chunks/007/functions-000453.c	-[SCCameraViewController setCameraViewHidden:]	
106ffa004	106ffa0cb	decompiled	chunks/007/functions-000453.c	-[SCCameraViewController replyCameraBackButtonPressed]	
106ffa0cc	106ffa23b	decompiled	chunks/007/functions-000453.c	-[SCCameraViewController allowSwipeToDismissInvokedByGesture:]	
106ffa23c	106ffa243	decompiled	chunks/007/functions-000453.c		
106ffa244	106ffa38b	decompiled	chunks/007/functions-000453.c	-[SCCameraViewController _exitModularCamera]	
106ffa38c	106ffa3c3	decompiled	chunks/007/functions-000453.c	-[SCCameraViewController shouldRecognizeButtonActions]	
106ffa3c4	106ffa407	decompiled	chunks/007/functions-000453.c	-[SCCameraViewController interactingWithCamera]	
106ffa408	106ffa41b	decompiled	chunks/007/functions-000453.c	-[SCCameraViewController appStartupDidComplete]	
106ffa41c	106ffab8b	decompiled	chunks/007/functions-000453.c	-[SCCameraViewController gestureRecognizerShouldBegin:]	
106ffab8c	106ffb0f7	decompiled	chunks/007/functions-000453.c	-[SCCameraViewController gestureRecognizer:shouldRecognizeSimultaneouslyWithGestureRecognizer:]	
106ffb0f8	106ffb577	decompiled	chunks/007/functions-000453.c	-[SCCameraViewController gestureRecognizer:shouldBeRequiredToFailByGestureRecognizer:]	
106ffb578	106ffba57	decompiled	chunks/007/functions-000453.c	-[SCCameraViewController gestureRecognizer:shouldReceiveTouch:]	
106ffba58	106ffbcf3	decompiled	chunks/007/functions-000453.c	-[SCCameraViewController _blockCameraSwipeDismissalIfNecessary:]	
106ffbcf4	106ffbd03	decompiled	chunks/007/functions-000453.c	-[SCCameraViewController resetIsBlockingUnifiedCameraSwipe]	
106ffbd04	106ffbd3b	decompiled	chunks/007/functions-000453.c	-[SCCameraViewController setSnapBackQuickTapDismissTimeout:]	
106ffbd3c	106ffbd3f	decompiled	chunks/007/functions-000453.c	-[SCCameraViewController insetPresentationContainerView]	
106ffbd40	106ffbd4f	decompiled	chunks/007/functions-000453.c	-[SCCameraViewController insetPresentationViewfinderView]	
106ffbd50	106ffbd87	decompiled	chunks/007/functions-000453.c	-[SCCameraViewController setSnapBackInsetPresentationLayoutCallback:]	
106ffbd88	106ffbdcb	decompiled	chunks/007/functions-000453.c	-[SCCameraViewController insetPresentationViewfinderLayoutGuide]	
106ffbdcc	106ffbe0f	decompiled	chunks/007/functions-000453.c	-[SCCameraViewController isInsetPresentationCaptureInFlight]	
106ffbe10	106ffbe1f	decompiled	chunks/007/functions-000453.c	-[SCCameraViewController isPresentingSnapBackInsetStyle]	
106ffbe20	106ffbe2f	decompiled	chunks/007/functions-000453.c	-[SCCameraViewController setIsSnapBackReplyCamera:]	
106ffbe30	106ffbe5b	decompiled	chunks/007/functions-000453.c	-[SCCameraViewController configureQuickTapDismissWindowWithTimeout:fasterDismissEnabled:]	
106ffbe5c	106ffbf83	decompiled	chunks/007/functions-000453.c	-[SCCameraViewController prepareForInsetPresentation]	
106ffbf84	106ffc08b	decompiled	chunks/007/functions-000453.c	-[SCCameraViewController transitionFromInsetPresentation]	
106ffc08c	106ffc103	decompiled	chunks/007/functions-000453.c	-[SCCameraViewController performInsetPresentationCapture]	
106ffc104	106ffc2b3	decompiled	chunks/007/functions-000453.c	-[SCCameraViewController beginInsetPresentationVideoCaptureWithRecordingDidBegin:]	
106ffc2b4	106ffc34f	decompiled	chunks/007/functions-000453.c	-[SCCameraViewController endInsetPresentationVideoCapture]	
106ffc350	106ffc3db	decompiled	chunks/007/functions-000453.c	-[SCCameraViewController requestInsetPresentationExit]	
106ffc3dc	106ffc4db	decompiled	chunks/007/functions-000453.c	-[SCCameraViewController _clearSnapBackDismissWindow]	
106ffc4dc	106ffc5fb	decompiled	chunks/007/functions-000453.c	-[SCCameraViewController _isSnapBackDismissEligibleInitialTapAtPoint:shouldReceiveTouch:]	
106ffc5fc	106ffc763	decompiled	chunks/007/functions-000453.c	-[SCCameraViewController _recordSnapBackInitialTouchIfNeeded:recognizer:point:shouldReceiveTouch:]	
106ffc764	106ffc817	decompiled	chunks/007/functions-000453.c	-[SCCameraViewController handlePinchFrom:]	
106ffc818	106ffcaaf	decompiled	chunks/007/functions-000453.c	-[SCCameraViewController handlePanFrom:]	
106ffcab0	106ffcfd7	decompiled	chunks/007/functions-000453.c	-[SCCameraViewController handleTapFrom:]	
106ffcfd8	106ffcfdb	decompiled	chunks/007/functions-000453.c	-[SCCameraViewController setSwipeNavigationEnabled:]	
106ffcfdc	106ffcfdf	decompiled	chunks/007/functions-000453.c	-[SCCameraViewController cameraNavigationItem]	
106ffcfe0	106ffd047	decompiled	chunks/007/functions-000453.c	-[SCCameraViewController stopDeviceMotionUpdates]	
106ffd048	106ffd0ab	decompiled	chunks/007/functions-000453.c	-[SCCameraViewController permissionStateMonitor]	
106ffd0ac	106ffd1b3	decompiled	chunks/007/functions-000453.c	-[SCCameraViewController startCamera:completion:]	
106ffd1b4	106ffd21f	decompiled	chunks/007/functions-000453.c		
106ffd220	106ffd3a7	decompiled	chunks/007/functions-000453.c	-[SCCameraViewController stopCamera:]	
106ffd3a8	106ffd413	decompiled	chunks/007/functions-000453.c		
106ffd414	106ffd5b3	decompiled	chunks/007/functions-000453.c	-[SCCameraViewController stopCameraSofty:]	
106ffd5b4	106ffd61f	decompiled	chunks/007/functions-000453.c		
106ffd620	106ffd623	decompiled	chunks/007/functions-000454.c	-[SCCameraViewController isCameraRunning]	
106ffd624	106ffd653	decompiled	chunks/007/functions-000454.c	-[SCCameraViewController stopCameraSoftly]	
106ffd654	106ffd68f	decompiled	chunks/007/functions-000454.c	-[SCCameraViewController stopCameraWithSoftDelay:]	
106ffd690	106ffd7e7	decompiled	chunks/007/functions-000454.c	-[SCCameraViewController _stopCameraSoftlyAndPreemptivelyFlushPreviewBuffer:softStopDelay:]	
106ffd7e8	106ffd8a7	decompiled	chunks/007/functions-000454.c	-[SCCameraViewController stopCameraImmediately]	
106ffd8a8	106ffd8b7	decompiled	chunks/007/functions-000454.c	-[SCCameraViewController prepareCameraViewForDismissal]	
106ffd8b8	106ffd8c7	decompiled	chunks/007/functions-000454.c	-[SCCameraViewController isDismissingAtSending]	
106ffd8c8	106ffdd27	decompiled	chunks/007/functions-000454.c	-[SCCameraViewController didCancelFromPreview]	
106ffdd28	106ffdd2b	decompiled	chunks/007/functions-000454.c	-[SCCameraViewController markCameraHelpTooltipAsCompletedIfNecessary]	
106ffdd2c	106ffde67	decompiled	chunks/007/functions-000454.c	-[SCCameraViewController handleDidCancelFromPreviewCompletion]	
106ffde68	106ffdedf	decompiled	chunks/007/functions-000454.c	-[SCCameraViewController didSendSnaps]	
106ffdee0	106ffdfb3	decompiled	chunks/007/functions-000454.c	-[SCCameraViewController didPostStories]	
106ffdfb4	106ffe01f	decompiled	chunks/007/functions-000454.c	-[SCCameraViewController didSaveSnap]	
106ffe020	106ffe423	decompiled	chunks/007/functions-000454.c	-[SCCameraViewController resetAfterSendingSnap]	
106ffe424	106ffe453	decompiled	chunks/007/functions-000454.c		
106ffe454	106ffe60b	decompiled	chunks/007/functions-000454.c	-[SCCameraViewController startObservingCameraPermission]	
106ffe60c	106ffe637	decompiled	chunks/007/functions-000454.c		
106ffe638	106ffe9eb	decompiled	chunks/007/functions-000454.c	-[SCCameraViewController startObservingCapturerStateUpdate:state:managedCapturerStateCoordinator:]	
106ffe9ec	106ffea8f	decompiled	chunks/007/functions-000454.c		
106ffea90	106ffead7	decompiled	chunks/007/functions-000454.c		
106ffead8	106ffeb7b	decompiled	chunks/007/functions-000454.c		
106ffeb7c	106ffebc3	decompiled	chunks/007/functions-000454.c		
106ffebc4	106ffed0f	decompiled	chunks/007/functions-000454.c		
106ffed10	106ffed67	decompiled	chunks/007/functions-000454.c		
106ffed68	106ffedcf	decompiled	chunks/007/functions-000454.c		
106ffedd0	106ffee1f	decompiled	chunks/007/functions-000454.c		
106ffee20	106ffee77	decompiled	chunks/007/functions-000454.c	-[SCCameraViewController stopObservingCapturerStateUpdate]	
106ffee78	106ffeeef	decompiled	chunks/007/functions-000454.c	-[SCCameraViewController didChangeRingFlashState:]	
106ffeef0	106ffeef3	decompiled	chunks/007/functions-000454.c	-[SCCameraViewController willCapturePhoto:sampleMetadata:]	
106ffeef4	106fff0b7	decompiled	chunks/007/functions-000454.c	-[SCCameraViewController didBeginRecording]	
106fff0b8	106fff16b	decompiled	chunks/007/functions-000454.c	-[SCCameraViewController _didCancelRecording]	
106fff16c	106fff39b	decompiled	chunks/007/functions-000454.c	-[SCCameraViewController _presentPreviewForImage]	
106fff39c	106fff3d3	decompiled	chunks/007/functions-000454.c	-[SCCameraViewController handleLensActivation]	
106fff3d4	106fff4d7	decompiled	chunks/007/functions-000454.c	-[SCCameraViewController activateLensBlockAfterUnlockWithActivationLens:lensLaunchData:activationSource:]	
106fff4d8	106fff677	decompiled	chunks/007/functions-000454.c		
106fff678	106fff81b	decompiled	chunks/007/functions-000454.c		
106fff81c	106fff84f	decompiled	chunks/007/functions-000454.c		
106fff850	106fff883	decompiled	chunks/007/functions-000454.c	-[SCCameraViewController tryToActivateLensAfterUnlockWithActivationLens:lensLaunchData:activationSource:]	
106fff884	106fffb9f	decompiled	chunks/007/functions-000454.c	-[SCCameraViewController onMusicSelectionStartedInDirectorMode:]	
106fffba0	106fffbcb	decompiled	chunks/007/functions-000454.c	-[SCCameraViewController navigationController:animationControllerForOperation:fromViewController:toViewController:]	
106fffbcc	106fffbcf	decompiled	chunks/007/functions-000454.c	-[SCCameraViewController featureZoomingIsInitiatedRecording:]	
106fffbd0	106fffc2b	decompiled	chunks/007/functions-000454.c	-[SCCameraViewController cameraFlipsWhileRecording]	
106fffc2c	106fffc87	decompiled	chunks/007/functions-000454.c	-[SCCameraViewController _ensureHapticsAllowedDuringRecording]	
106fffc88	106fffcc7	decompiled	chunks/007/functions-000454.c	-[SCCameraViewController _shouldDisablePreviewAfterCapture]	
106fffcc8	106fffe7f	decompiled	chunks/007/functions-000454.c	-[SCCameraViewController _logCameraFlipDuringCapture]	
106fffe80	106ffff4b	decompiled	chunks/007/functions-000454.c	-[SCCameraViewController _recordCurrentZoomStateForReset]	
106ffff4c	107000563	decompiled	chunks/007/functions-000454.c	-[SCCameraViewController activeCameraModes]	
107000564	107000d5b	decompiled	chunks/007/functions-000454.c	-[SCCameraViewController _detailedCameraModesFromActiveCameraModes:]	
107000d5c	107000e6b	decompiled	chunks/007/functions-000454.c	-[SCCameraViewController _activeFlashMode]	
107000e6c	107000e7b	decompiled	chunks/007/functions-000454.c	-[SCCameraViewController _audioSession]	
107000e7c	107000f73	decompiled	chunks/007/functions-000454.c		
107000f74	10700109b	decompiled	chunks/007/functions-000454.c		
10700109c	1070010eb	decompiled	chunks/007/functions-000454.c		
1070010ec	10700114b	decompiled	chunks/007/functions-000454.c	-[SCCameraViewController _handleContinuousCaptureSegmentEvent:]	
10700114c	1070015fb	decompiled	chunks/007/functions-000454.c		
1070015fc	107001603	decompiled	chunks/007/functions-000454.c		
107001604	107001767	decompiled	chunks/007/functions-000454.c	-[SCCameraViewController _continuousCaptureDidRequestPreview]	
107001768	1070017c7	decompiled	chunks/007/functions-000454.c	-[SCCameraViewController idleTimerManager]	
1070017c8	1070017ff	decompiled	chunks/007/functions-000454.c	-[SCCameraViewController _setScreenAutoLockDisabledIfNeeded:]	
107001800	107001803	decompiled	chunks/007/functions-000454.c	-[SCCameraViewController shouldDisableShakeToReportOnCurrentPage]	
107001804	107001817	decompiled	chunks/007/functions-000454.c	-[SCCameraViewController willStartCensoringScreenshot]	
107001818	10700182b	decompiled	chunks/007/functions-000454.c	-[SCCameraViewController willEndCensoringScreenshot]	
10700182c	1070019cf	decompiled	chunks/007/functions-000454.c	-[SCCameraViewController tryToActivateLensFromPushNotification:]	
1070019d0	107001a63	decompiled	chunks/007/functions-000454.c		
107001a64	107001aab	decompiled	chunks/007/functions-000454.c	-[SCCameraViewController isLensActive]	
107001aac	107001ab3	decompiled	chunks/007/functions-000454.c	-[SCCameraViewController turnLensesOff]	
107001ab4	107001aff	decompiled	chunks/007/functions-000454.c	-[SCCameraViewController turnLensesOffOnDisappear:]	
107001b00	107001c5b	decompiled	chunks/007/functions-000454.c	-[SCCameraViewController turnCameraModesOff]	
107001c5c	107001c8b	decompiled	chunks/007/functions-000454.c	-[SCCameraViewController clearAllEffects]	
107001c8c	107001d2b	decompiled	chunks/007/functions-000454.c	-[SCCameraViewController presentPreviewWithGeneratedVideoURL:]	
107001d2c	1070020c7	decompiled	chunks/007/functions-000454.c	-[SCCameraViewController _presentPreviewWithGeneratedVideoFile:]	
1070020c8	1070020cb	decompiled	chunks/007/functions-000454.c	-[SCCameraViewController onDetectCameraViewVisible:]	
1070020cc	107002153	decompiled	chunks/007/functions-000454.c	-[SCCameraViewController didTapMicrophoneNotification]	
107002154	107002213	decompiled	chunks/007/functions-000454.c	-[SCCameraViewController featureToggleCamera:willToggleToDevicePosition:]	
107002214	107002273	decompiled	chunks/007/functions-000454.c	-[SCCameraViewController featureToggleCamera:didToggleToDevicePosition:]	
107002274	1070022e3	decompiled	chunks/007/functions-000454.c		
1070022e4	1070022e7	decompiled	chunks/007/functions-000454.c	-[SCCameraViewController featureToggleCameraIsRecording:]	
1070022e8	1070022eb	decompiled	chunks/007/functions-000454.c	-[SCCameraViewController featureToggleCameraIsTakingPicture:]	
1070022ec	107002343	decompiled	chunks/007/functions-000454.c	-[SCCameraViewController exposeCaptureServiceScope:]	
107002344	10700237f	decompiled	chunks/007/functions-000454.c	-[SCCameraViewController removeCaptureServiceScope]	
107002380	107002567	decompiled	chunks/007/functions-000454.c	-[SCCameraViewController captureComponent:willCompleteWithStillImageData:discardRelatedData:captureConfiguration:]	
107002568	10700260f	decompiled	chunks/007/functions-000454.c	-[SCCameraViewController captureComponent:didCompleteWithError:]	
107002610	10700282b	decompiled	chunks/007/functions-000454.c	-[SCCameraViewController captureComponent:didCompleteRecoveryWithImage:recoveryData:]	
10700282c	10700294f	decompiled	chunks/007/functions-000454.c	-[SCCameraViewController imageCaptureDidComplete]	
107002950	107002997	decompiled	chunks/007/functions-000454.c	-[SCCameraViewController featureToggleCameraButtonDidTap:]	
107002998	107002f7f	decompiled	chunks/007/functions-000454.c	-[SCCameraViewController videoCaptureWillStartRecordingWithCaptureConfiguration:]	
107002f80	10700305b	decompiled	chunks/007/functions-000454.c		
10700305c	107003067	decompiled	chunks/007/functions-000454.c	-[SCCameraViewController videoCaptureDidReachUnlimitedMovementThreshold]	
107003068	107003203	decompiled	chunks/007/functions-000454.c	-[SCCameraViewController captureComponent:willFinishRecordingWithVideoSize:placeholderImage:videoFuture:]	
107003204	1070037a7	decompiled	chunks/007/functions-000454.c	-[SCCameraViewController videoCaptureDidFinishRecordingWithRecordedVideo:captureConfiguration:]	
1070037a8	1070037c3	decompiled	chunks/007/functions-000454.c		
1070037c4	1070039bb	decompiled	chunks/007/functions-000454.c	-[SCCameraViewController videoCaptureDidAbortRecording]	
1070039bc	1070039f7	decompiled	chunks/007/functions-000454.c	-[SCCameraViewController videoCaptureDidFailRecording]	
1070039f8	107003a2b	decompiled	chunks/007/functions-000454.c	-[SCCameraViewController videoCaptureDidCancelRecording]	
107003a2c	107003b33	decompiled	chunks/007/functions-000454.c	-[SCCameraViewController videoCaptureRecordingTooShort]	
107003b34	107003c77	decompiled	chunks/007/functions-000454.c	-[SCCameraViewController videoCaptureDidReachEnd]	
107003c78	107003e2f	decompiled	chunks/007/functions-000454.c	-[SCCameraViewController videoCaptureDidStopRecording]	
107003e30	107003fb7	decompiled	chunks/007/functions-000454.c	-[SCCameraViewController videoCaptureDidCompleteRecoveryWithRecoveryData:videoFuture:]	
107003fb8	107003fbb	decompiled	chunks/007/functions-000454.c	-[SCCameraViewController videoCaptureShouldPrepareRecording]	
107003fbc	107003fbf	decompiled	chunks/007/functions-000454.c	-[SCCameraViewController videoCaptureShouldStartRecording]	
107003fc0	107004003	decompiled	chunks/007/functions-000455.c	-[SCCameraViewController videoCaptureShouldEndRecording]	
107004004	107004007	decompiled	chunks/007/functions-000455.c	-[SCCameraViewController videoCaptureHasStartedRecording]	
107004008	10700400b	decompiled	chunks/007/functions-000455.c	-[SCCameraViewController didRemoveInvalidRecordedVideo]	
10700400c	107004143	decompiled	chunks/007/functions-000455.c	-[SCCameraViewController featureMultiSnap:willDisplayWithViewController:]	
107004144	10700414b	decompiled	chunks/007/functions-000455.c	-[SCCameraViewController featureMultiSnap:willResetWithViewController:]	
10700414c	107004233	decompiled	chunks/007/functions-000455.c	-[SCCameraViewController featureMultiSnap:didRecoverWithMultiSnapConfiguration:startRecordingTimestamp:]	
107004234	10700426f	decompiled	chunks/007/functions-000455.c	-[SCCameraViewController featureCaptionDidTap:]	
107004270	107004753	decompiled	chunks/007/functions-000455.c	-[SCCameraViewController featureTimerModeWillStartCountingDown:captureTrigger:]	
107004754	107004a8f	decompiled	chunks/007/functions-000455.c	-[SCCameraViewController featureTimerModeDidFinishCountingDown:]	
107004a90	107004cf7	decompiled	chunks/007/functions-000455.c	-[SCCameraViewController featureTimerModeDidAbortCountingDown:]	
107004cf8	107004d3f	decompiled	chunks/007/functions-000455.c	-[SCCameraViewController parentViewControllerForCameraFeature]	
107004d40	107004e7f	decompiled	chunks/007/functions-000455.c	-[SCCameraViewController featureTimerModeVideoTimerMaxDuration:]	
107004e80	107004f9b	decompiled	chunks/007/functions-000455.c	-[SCCameraViewController featureTimerModeVideoTimerStartOffset:]	
107004f9c	10700502f	decompiled	chunks/007/functions-000455.c	-[SCCameraViewController featureTimerModeWillPresentVideoTimerDurationTray:]	
107005030	1070050c3	decompiled	chunks/007/functions-000455.c	-[SCCameraViewController featureTimerModeDidDismissVideoTimerDurationTray:]	
1070050c4	1070050db	decompiled	chunks/007/functions-000455.c	-[SCCameraViewController shouldStartRecordingRingAnimationEarly]	
1070050dc	10700511f	decompiled	chunks/007/functions-000455.c	-[SCCameraViewController _activeLens]	
107005120	107005193	decompiled	chunks/007/functions-000455.c	-[SCCameraViewController _isBatchCaptureActive]	
107005194	107005243	decompiled	chunks/007/functions-000455.c	-[SCCameraViewController _hasBatchCaptureSegments]	
107005244	1070052a3	decompiled	chunks/007/functions-000455.c	-[SCCameraViewController _shouldShowBatchCaptureAlertWhenExit]	
1070052a4	107005317	decompiled	chunks/007/functions-000455.c	-[SCCameraViewController _ringFlashWidgetShouldDisablePageNavigation]	
107005318	10700538b	decompiled	chunks/007/functions-000455.c	-[SCCameraViewController _isSpeedModeActive]	
10700538c	1070053cb	decompiled	chunks/007/functions-000455.c	-[SCCameraViewController _isDirectorMode]	
1070053cc	1070054e7	decompiled	chunks/007/functions-000455.c	-[SCCameraViewController _isHandsFreeCameraModeActive]	
1070054e8	10700550f	decompiled	chunks/007/functions-000455.c		
107005510	10700562b	decompiled	chunks/007/functions-000455.c	-[SCCameraViewController _isContinuousCaptureActive]	
10700562c	107005653	decompiled	chunks/007/functions-000455.c		
107005654	107005763	decompiled	chunks/007/functions-000455.c	-[SCCameraViewController _shouldUseRegularTimerPipelineForContinuousCaptureResume]	
107005764	1070057db	decompiled	chunks/007/functions-000455.c	-[SCCameraViewController _isContinuousCaptureTapToggleEnabled]	
1070057dc	1070057f3	decompiled	chunks/007/functions-000455.c	-[SCCameraViewController isCoolRecordingEnabled]	
1070057f4	1070058d3	decompiled	chunks/007/functions-000455.c	-[SCCameraViewController _coolRecordingRingStyle]	
1070058d4	107005947	decompiled	chunks/007/functions-000455.c	-[SCCameraViewController _isMusicFavoritesButtonActive]	
107005948	107005c73	decompiled	chunks/007/functions-000455.c	-[SCCameraViewController _showBatchCaptureDiscardAlertWhenExit]	
107005c74	107005d8b	decompiled	chunks/007/functions-000455.c		
107005d8c	107005dbf	decompiled	chunks/007/functions-000455.c		
107005dc0	107005dcf	decompiled	chunks/007/functions-000455.c		
107005dd0	10700602b	decompiled	chunks/007/functions-000455.c	-[SCCameraViewController _showTimelineDiscardAlertWhenExit]	
10700602c	1070060eb	decompiled	chunks/007/functions-000455.c		
1070060ec	10700611f	decompiled	chunks/007/functions-000455.c		
107006120	10700612f	decompiled	chunks/007/functions-000455.c		
107006130	10700642b	decompiled	chunks/007/functions-000455.c	-[SCCameraViewController _showTimelineDraftAddSnapAlert]	
10700642c	1070064eb	decompiled	chunks/007/functions-000455.c		
1070064ec	10700651f	decompiled	chunks/007/functions-000455.c		
107006520	1070065df	decompiled	chunks/007/functions-000455.c		
1070065e0	107006613	decompiled	chunks/007/functions-000455.c		
107006614	107006623	decompiled	chunks/007/functions-000455.c		
107006624	1070066fb	decompiled	chunks/007/functions-000455.c	-[SCCameraViewController _captureBitrateLadderConfig]	
1070066fc	107006783	decompiled	chunks/007/functions-000455.c	-[SCCameraViewController presentViewController:animated:completion:]	
107006784	10700678b	decompiled	chunks/007/functions-000455.c	-[SCCameraViewController isMainCameraBeingOverlaid]	
10700678c	107006d3b	decompiled	chunks/007/functions-000455.c	-[SCCameraViewController featureDirectorMode:didCaptureVideo:withError:]	
107006d3c	107006d3f	decompiled	chunks/007/functions-000455.c	-[SCCameraViewController featureDirectorModeDidAbortRecording:]	
107006d40	107006e0b	decompiled	chunks/007/functions-000455.c	-[SCCameraViewController featureDirectorModeDidRecoverFromPreviousSession:]	
107006e0c	107006f4f	decompiled	chunks/007/functions-000455.c	-[SCCameraViewController featureDirectorModeDidRequestPresentPreview:]	
107006f50	107006f53	decompiled	chunks/007/functions-000455.c	-[SCCameraViewController featureDirectorModeExitMode:]	
107006f54	107006fbf	decompiled	chunks/007/functions-000455.c	-[SCCameraViewController featureDirectorModeDidTapMusicButton:]	
107006fc0	107007077	decompiled	chunks/007/functions-000455.c	-[SCCameraViewController featureDirectorModeWillPresentMemoriesPicker:]	
107007078	10700712f	decompiled	chunks/007/functions-000455.c	-[SCCameraViewController featureDirectorModeDidDismissMemoriesPicker:]	
107007130	107007133	decompiled	chunks/007/functions-000455.c	-[SCCameraViewController featureDirectorModeWillPresentDraftsGrid:]	
107007134	107007137	decompiled	chunks/007/functions-000455.c	-[SCCameraViewController featureDirectorModeDidDismissDraftsGrid:]	
107007138	10700713b	decompiled	chunks/007/functions-000455.c	-[SCCameraViewController previewWorkflowDelegateForDirectorMode:]	
10700713c	10700754f	decompiled	chunks/007/functions-000455.c	-[SCCameraViewController cameraViewInitialFrameForDirectorModePresenting:]	
107007550	1070075b7	decompiled	chunks/007/functions-000455.c	-[SCCameraViewController featureDirectorMode:didUpdateTotalContentDuration:]	
1070075b8	10700765b	decompiled	chunks/007/functions-000455.c	-[SCCameraViewController _resetViewForContinuousCapture]	
10700765c	107007713	decompiled	chunks/007/functions-000455.c	-[SCCameraViewController featureContextShortcut:didBecomeActiveWithId:snapSource:]	
107007714	10700776b	decompiled	chunks/007/functions-000455.c	-[SCCameraViewController featureBatchCapture:didBecomeActive:]	
10700776c	1070077eb	decompiled	chunks/007/functions-000455.c	-[SCCameraViewController featureBatchCapture:didCaptureImage:withError:]	
1070077ec	10700784f	decompiled	chunks/007/functions-000455.c	-[SCCameraViewController featureBatchCapture:didCaptureVideo:withError:]	
107007850	10700798f	decompiled	chunks/007/functions-000455.c	-[SCCameraViewController featureBatchCaptureDidPressReviewAndEdit:]	
107007990	107007a8b	decompiled	chunks/007/functions-000455.c	-[SCCameraViewController featureBatchCapture:previewButtonDidBecomeVisible:]	
107007a8c	107007acb	decompiled	chunks/007/functions-000455.c	-[SCCameraViewController featureBatchCaptureUnsavedSegmentCount:]	
107007acc	107008063	decompiled	chunks/007/functions-000455.c	-[SCCameraViewController _setupAfterCaptureInBatchMode:mediaType:withError:]	
107008064	107008067	decompiled	chunks/007/functions-000455.c	-[SCCameraViewController featureMemoriesWillScrollToGallery:withExitEvent:]	
107008068	10700806b	decompiled	chunks/007/functions-000455.c	-[SCCameraViewController featureMemoriesWillScrollToCamera:withExitEvent:]	
10700806c	10700806f	decompiled	chunks/007/functions-000455.c	-[SCCameraViewController featureMemoriesDidScrollToGallery:]	
107008070	107008073	decompiled	chunks/007/functions-000455.c	-[SCCameraViewController featureMemoriesDidScrollToCamera:]	
107008074	1070080b3	decompiled	chunks/007/functions-000455.c	-[SCCameraViewController _isMainCamera]	
1070080b4	107008113	decompiled	chunks/007/functions-000455.c	-[SCCameraViewController _isFrontCamera]	
107008114	10700817b	decompiled	chunks/007/functions-000455.c	-[SCCameraViewController _stopCameraForModalPresentation]	
10700817c	10700828f	decompiled	chunks/007/functions-000455.c	-[SCCameraViewController _startCameraForModalDismissal]	
107008290	107008293	decompiled	chunks/007/functions-000455.c	-[SCCameraViewController featureMemoriesPresentMemoriesAddSnapsPicker:]	
107008294	10700831b	decompiled	chunks/007/functions-000455.c	-[SCCameraViewController featureMemoriesPreloadCameraScreenForPresentation]	
10700831c	1070083e7	decompiled	chunks/007/functions-000455.c	-[SCCameraViewController didScreenshot]	
1070083e8	10700846b	decompiled	chunks/007/functions-000455.c	-[SCCameraViewController previewPresenterDelegate]	
10700846c	1070084e3	decompiled	chunks/007/functions-000455.c	-[SCCameraViewController isPresentingPreview]	
1070084e4	1070084eb	decompiled	chunks/007/functions-000455.c	-[SCCameraViewController defaultCustomStatusBarStyle]	
1070084ec	107008523	decompiled	chunks/007/functions-000455.c	-[SCCameraViewController customStatusBarStyleForViewController]	
107008524	10700862f	decompiled	chunks/007/functions-000455.c	-[SCCameraViewController _mediaServicesWereReset]	
107008630	1070087f7	decompiled	chunks/007/functions-000455.c		
1070087f8	1070088ff	decompiled	chunks/007/functions-000455.c	-[SCCameraViewController _mediaServicesWereLost]	
107008900	107008a23	decompiled	chunks/007/functions-000455.c		
107008a24	107008b5b	decompiled	chunks/007/functions-000455.c	-[SCCameraViewController _checkRestrictedCamera:]	
107008b5c	107008cab	decompiled	chunks/007/functions-000455.c		
107008cac	107008cc3	decompiled	chunks/007/functions-000455.c		
107008cc4	107008ccb	decompiled	chunks/007/functions-000455.c	-[SCCameraViewController shouldAddBottomCardCorners]	
107008ccc	107008ce3	decompiled	chunks/007/functions-000455.c	-[SCCameraViewController shouldAddTopCardCorners]	
107008ce4	107008ee3	decompiled	chunks/007/functions-000455.c	-[SCCameraViewController _shouldCaptureFromVideoWithDevicePosition:lightingCondition:nightModeEnabled:]	
107008ee4	107008eeb	decompiled	chunks/007/functions-000455.c	-[SCCameraViewController _shouldPreventSnapIfGalleryPresent]	
107008eec	107008fcf	decompiled	chunks/007/functions-000455.c	-[SCCameraViewController _shouldApplySuperResolution]	
107008fd0	107009013	decompiled	chunks/007/functions-000455.c	-[SCCameraViewController _isReplyCamera]	
107009014	107009087	decompiled	chunks/007/functions-000455.c	-[SCCameraViewController _isHDModeActive]	
107009088	107009833	decompiled	chunks/007/functions-000456.c	-[SCCameraViewController _shouldKeepVideoSizeAsOutputSize]	
107009834	1070098bf	decompiled	chunks/007/functions-000456.c	-[SCCameraViewController _isCaptureButtonBlockedForLens:]	
1070098c0	107009963	decompiled	chunks/007/functions-000456.c	-[SCCameraViewController _handleBlockedCaptureButtonTap:]	
107009964	107009a5b	decompiled	chunks/007/functions-000456.c	-[SCCameraViewController _isTurnBasedReplyForLens:]	
107009a5c	107009ae3	decompiled	chunks/007/functions-000456.c	-[SCCameraViewController modularCallUIWillAppearOnCamera]	
107009ae4	107009c93	decompiled	chunks/007/functions-000456.c	-[SCCameraViewController presentPreviewAfterModularCallDismissalForRecordedVideo:captureConfiguration:managedCapturerState:]	
107009c94	107009cef	decompiled	chunks/007/functions-000456.c	-[SCCameraViewController _handleBlockedCaptureOnVolumeButton]	
107009cf0	107009d0f	decompiled	chunks/007/functions-000456.c	-[SCCameraViewController delegate]	
107009d10	107009d2f	decompiled	chunks/007/functions-000456.c	-[SCCameraViewController previewWorkflowDelegate]	
107009d30	107009d6f	decompiled	chunks/007/functions-000456.c	-[SCCameraViewController setStartupWorkflow:]	
107009d70	107009d8f	decompiled	chunks/007/functions-000456.c	-[SCCameraViewController snapDocManagerServices]	
107009d90	107009d9f	decompiled	chunks/007/functions-000456.c	-[SCCameraViewController cameraSnapModelServices]	
107009da0	107009daf	decompiled	chunks/007/functions-000456.c	-[SCCameraViewController composerServices]	
107009db0	107009dbf	decompiled	chunks/007/functions-000456.c	-[SCCameraViewController cameraRequestHandlerServices]	
107009dc0	107009ddf	decompiled	chunks/007/functions-000456.c	-[SCCameraViewController touchController]	
107009de0	107009def	decompiled	chunks/007/functions-000456.c	-[SCCameraViewController cameraStabilityServices]	
107009df0	107009e0f	decompiled	chunks/007/functions-000456.c	-[SCCameraViewController navigationServices]	
107009e10	107009e2f	decompiled	chunks/007/functions-000456.c	-[SCCameraViewController coreCameraLogger]	
107009e30	107009e4f	decompiled	chunks/007/functions-000456.c	-[SCCameraViewController cameraUserBlizzardLogger]	
107009e50	107009e6f	decompiled	chunks/007/functions-000456.c	-[SCCameraViewController nightModeServices]	
107009e70	107009e83	decompiled	chunks/007/functions-000456.c	-[SCCameraViewController setNightModeServices:]	
107009e84	107009e93	decompiled	chunks/007/functions-000456.c	-[SCCameraViewController cameraGrapheneLogger]	
107009e94	107009eb3	decompiled	chunks/007/functions-000456.c	-[SCCameraViewController permissionStateLogger]	
107009eb4	107009ed3	decompiled	chunks/007/functions-000456.c	-[SCCameraViewController soundEffects]	
107009ed4	107009ee3	decompiled	chunks/007/functions-000456.c	-[SCCameraViewController screenshotLogger]	
107009ee4	107009f03	decompiled	chunks/007/functions-000456.c	-[SCCameraViewController launchDataStore]	
107009f04	107009f13	decompiled	chunks/007/functions-000456.c	-[SCCameraViewController legacyLensLogger]	
107009f14	107009f53	decompiled	chunks/007/functions-000456.c	-[SCCameraViewController setLegacyLensLogger:]	
107009f54	107009f93	decompiled	chunks/007/functions-000456.c	-[SCCameraViewController setUserTrackedLogger:]	
107009f94	107009fb3	decompiled	chunks/007/functions-000456.c	-[SCCameraViewController timelineDataProvider]	
107009fb4	107009fc7	decompiled	chunks/007/functions-000456.c	-[SCCameraViewController setTimelineDataProvider:]	
107009fc8	10700a007	decompiled	chunks/007/functions-000456.c	-[SCCameraViewController setShortcutContextAction:]	
10700a008	10700a047	decompiled	chunks/007/functions-000456.c	-[SCCameraViewController setApplicationLifecycleEvents:]	
10700a048	10700a067	decompiled	chunks/007/functions-000456.c	-[SCCameraViewController lensCarouselStudySettings]	
10700a068	10700a07b	decompiled	chunks/007/functions-000456.c	-[SCCameraViewController setLensCarouselStudySettings:]	
10700a07c	10700a09b	decompiled	chunks/007/functions-000456.c	-[SCCameraViewController arBarAdapter]	
10700a09c	10700a0af	decompiled	chunks/007/functions-000456.c	-[SCCameraViewController setArBarAdapter:]	
10700a0b0	10700a0cf	decompiled	chunks/007/functions-000456.c	-[SCCameraViewController locationPermissionsManager]	
10700a0d0	10700a0e3	decompiled	chunks/007/functions-000456.c	-[SCCameraViewController setLocationPermissionsManager:]	
10700a0e4	10700a103	decompiled	chunks/007/functions-000456.c	-[SCCameraViewController systemConfiguration]	
10700a104	10700a117	decompiled	chunks/007/functions-000456.c	-[SCCameraViewController setSystemConfiguration:]	
10700a118	10700a137	decompiled	chunks/007/functions-000456.c	-[SCCameraViewController customVolumeServices]	
10700a138	10700a14b	decompiled	chunks/007/functions-000456.c	-[SCCameraViewController setCustomVolumeServices:]	
10700a14c	10700a16b	decompiled	chunks/007/functions-000456.c	-[SCCameraViewController secretFeatureCheckingServices]	
10700a16c	10700a17f	decompiled	chunks/007/functions-000456.c	-[SCCameraViewController setSecretFeatureCheckingServices:]	
10700a180	10700a19f	decompiled	chunks/007/functions-000456.c	-[SCCameraViewController simpleSnapchatExperimentConfigProvider]	
10700a1a0	10700a1b3	decompiled	chunks/007/functions-000456.c	-[SCCameraViewController setSimpleSnapchatExperimentConfigProvider:]	
10700a1b4	10700a1d3	decompiled	chunks/007/functions-000456.c	-[SCCameraViewController permissionRequestService]	
10700a1d4	10700a1e7	decompiled	chunks/007/functions-000456.c	-[SCCameraViewController setPermissionRequestService:]	
10700a1e8	10700a1f7	decompiled	chunks/007/functions-000456.c	-[SCCameraViewController lensPlusTierService]	
10700a1f8	10700a237	decompiled	chunks/007/functions-000456.c	-[SCCameraViewController setLensPlusTierService:]	
10700a238	10700a277	decompiled	chunks/007/functions-000456.c	-[SCCameraViewController setSnapEditorTweakServices:]	
10700a278	10700a297	decompiled	chunks/007/functions-000456.c	-[SCCameraViewController cameraModeActivationController]	
10700a298	10700a2ab	decompiled	chunks/007/functions-000456.c	-[SCCameraViewController setCameraModeActivationController:]	
10700a2ac	10700a2bf	decompiled	chunks/007/functions-000456.c	-[SCCameraViewController setPreviewPresenterDelegate:]	
10700a2c0	10700a2cf	decompiled	chunks/007/functions-000456.c	-[SCCameraViewController previewFilterDataProviderFactory]	
10700a2d0	10700a2ef	decompiled	chunks/007/functions-000456.c	-[SCCameraViewController snapchattersDataFetcher]	
10700a2f0	10700a303	decompiled	chunks/007/functions-000456.c	-[SCCameraViewController setSnapchattersDataFetcher:]	
10700a304	10700a323	decompiled	chunks/007/functions-000456.c	-[SCCameraViewController cameraBIPAScopeExposer]	
10700a324	10700a337	decompiled	chunks/007/functions-000456.c	-[SCCameraViewController setCameraBIPAScopeExposer:]	
10700a338	10700a357	decompiled	chunks/007/functions-000456.c	-[SCCameraViewController cameraBIPAScopeServices]	
10700a358	10700a36b	decompiled	chunks/007/functions-000456.c	-[SCCameraViewController setCameraBIPAScopeServices:]	
10700a36c	10700a37b	decompiled	chunks/007/functions-000456.c	-[SCCameraViewController isCameraHardwareRequestHandlerActive]	
10700a37c	10700a38b	decompiled	chunks/007/functions-000456.c	-[SCCameraViewController lensCarouselManagerFuture]	
10700a38c	10700a39b	decompiled	chunks/007/functions-000456.c	-[SCCameraViewController deeplinkUnlockDeferredBlock]	
10700a39c	10700a3a7	decompiled	chunks/007/functions-000456.c	-[SCCameraViewController setDeeplinkUnlockDeferredBlock:]	
10700a3a8	10700a3b7	decompiled	chunks/007/functions-000456.c	-[SCCameraViewController setPressingCameraButton:]	
10700a3b8	10700a3c7	decompiled	chunks/007/functions-000456.c	-[SCCameraViewController deepLinkBitmojiController]	
10700a3c8	10700a407	decompiled	chunks/007/functions-000456.c	-[SCCameraViewController setDeepLinkBitmojiController:]	
10700a408	10700a417	decompiled	chunks/007/functions-000456.c	-[SCCameraViewController longPressStartTime]	
10700a418	10700a427	decompiled	chunks/007/functions-000456.c	-[SCCameraViewController setLongPressStartTime:]	
10700a428	10700a437	decompiled	chunks/007/functions-000456.c	-[SCCameraViewController snapBackFasterDismissEnabled]	
10700a438	10700a447	decompiled	chunks/007/functions-000456.c	-[SCCameraViewController setSnapBackFasterDismissEnabled:]	
10700a448	10700a457	decompiled	chunks/007/functions-000456.c	-[SCCameraViewController isSnapBackReplyCamera]	
10700a458	10700a467	decompiled	chunks/007/functions-000456.c	-[SCCameraViewController geofilterCount]	
10700a468	10700a477	decompiled	chunks/007/functions-000456.c	-[SCCameraViewController setGeofilterCount:]	
10700a478	10700a487	decompiled	chunks/007/functions-000456.c	-[SCCameraViewController geolensCount]	
10700a488	10700a497	decompiled	chunks/007/functions-000456.c	-[SCCameraViewController setGeolensCount:]	
10700a498	10700a4a7	decompiled	chunks/007/functions-000456.c	-[SCCameraViewController isPreviewWarmedUp]	
10700a4a8	10700a4b7	decompiled	chunks/007/functions-000456.c	-[SCCameraViewController setIsPreviewWarmedUp:]	
10700a4b8	10700a9db	decompiled	chunks/007/functions-000456.c	-[SCCameraViewController .cxx_destruct]	
10700a9dc	10700aa0b	decompiled	chunks/007/functions-000456.c	-[SCCameraViewfinderLayoutController initWithCameraView:containingView:]	
10700aa0c	10700aa7f	decompiled	chunks/007/functions-000456.c	-[SCCameraViewfinderLayoutController _activateTierConstraintForPositionTier:]	
10700aa80	10700aa87	decompiled	chunks/007/functions-000456.c	-[SCCameraViewfinderLayoutController systemSafeAreaGuide]	
10700aa88	10700ab43	decompiled	chunks/007/functions-000456.c	-[SCCameraViewfinderLayoutController .cxx_destruct]	
10700ab44	10700ab93	decompiled	chunks/007/functions-000456.c	-[SCCameraViewControllerStartupWorkflow dealloc]	
10700ab94	10700ac2f	decompiled	chunks/007/functions-000456.c		
10700ac30	10700ad93	decompiled	chunks/007/functions-000456.c		
10700ad94	10700ae13	decompiled	chunks/007/functions-000456.c		
10700ae14	10700af23	decompiled	chunks/007/functions-000456.c	-[SCCameraViewControllerStartupWorkflow performViewWillTransitionToSize:size:withTransitionCoordinator:]	
10700af24	10700af6f	decompiled	chunks/007/functions-000456.c		
10700af70	10700afff	decompiled	chunks/007/functions-000456.c		
10700b000	10700b04b	decompiled	chunks/007/functions-000456.c		
10700b04c	10700b317	decompiled	chunks/007/functions-000456.c		
10700b318	10700b437	decompiled	chunks/007/functions-000456.c		
10700b438	10700b43b	decompiled	chunks/007/functions-000456.c	-[SCCameraViewControllerStartupWorkflow performApplicationWillEnterForeground:notification:]	
10700b43c	10700b4f3	decompiled	chunks/007/functions-000456.c	-[SCCameraViewControllerStartupWorkflow resetEffectiveScale:]	
10700b4f4	10700b7fb	decompiled	chunks/007/functions-000456.c	-[SCCameraViewControllerStartupWorkflow logPageViewAndStartCameraWhenViewAppears:]	
10700b7fc	10700b80f	decompiled	chunks/007/functions-000456.c	-[SCCameraViewControllerStartupWorkflow prepareForCameraViewControllerDismissal]	
10700b810	10700b82b	decompiled	chunks/007/functions-000456.c	-[SCCameraViewControllerStartupWorkflow cameraViewWasDismissed:]	
10700b82c	10700b877	decompiled	chunks/007/functions-000457.c		
10700b878	10700b9cf	decompiled	chunks/007/functions-000457.c	-[SCCameraViewControllerStartupWorkflow _startHandlingVolumeButtonEvents:]	
10700b9d0	10700baff	decompiled	chunks/007/functions-000457.c	-[SCCameraViewControllerStartupWorkflow shouldHandleVolumeButtonEvents:]	
10700bb00	10700bb1b	decompiled	chunks/007/functions-000457.c	-[SCCameraViewControllerStartupWorkflow startCamera:devicePosition:context:]	
10700bb1c	10700bb73	decompiled	chunks/007/functions-000457.c		
10700bb74	10700bc07	decompiled	chunks/007/functions-000457.c		
10700bc08	10700bc0b	decompiled	chunks/007/functions-000457.c	-[SCCameraViewControllerStartupWorkflow didSetupVideoPreviewAfterStartingCamera:]	
10700bc0c	10700bc77	decompiled	chunks/007/functions-000457.c	-[SCCameraViewControllerStartupWorkflow hidePrivacyView:]	
10700bc78	10700bce3	decompiled	chunks/007/functions-000457.c	-[SCCameraViewControllerStartupWorkflow showPrivacyView:]	
10700bce4	10700bd93	decompiled	chunks/007/functions-000457.c		
10700bd94	10700bdef	decompiled	chunks/007/functions-000457.c	-[SCCameraViewControllerStartupWorkflow _tabBarGradientView:]	
10700bdf0	10700be4b	decompiled	chunks/007/functions-000457.c	-[SCCameraViewControllerStartupWorkflow _navBarGradientView:]	
10700be4c	10700beb7	decompiled	chunks/007/functions-000457.c	-[SCCameraViewControllerStartupWorkflow cameraSetupAfterStart:]	
10700beb8	10700c1af	decompiled	chunks/007/functions-000457.c	-[SCCameraViewControllerStartupWorkflow _recoverContinuousCaptureWithSnapSessionContext:contentLossReason:viewController:]	
10700c1b0	10700c2b7	decompiled	chunks/007/functions-000457.c		
10700c2b8	10700c3cb	decompiled	chunks/007/functions-000457.c		
10700c3cc	10700c5ff	decompiled	chunks/007/functions-000457.c		
10700c600	10700c63f	decompiled	chunks/007/functions-000457.c	-[SCCameraViewControllerStartupWorkflow _disposePreviewRecoveryObserver]	
10700c640	10700c80f	decompiled	chunks/007/functions-000457.c	-[SCCameraViewControllerStartupWorkflow _beginObservingForPreviewRecoveryCancellation:snapRecovery:isDirectorModeRecovery:]	
10700c810	10700c913	decompiled	chunks/007/functions-000457.c		
10700c914	10700c91f	decompiled	chunks/007/functions-000457.c		
10700c920	10700cb07	decompiled	chunks/007/functions-000457.c		
10700cb08	10700cb0b	decompiled	chunks/007/functions-000457.c		
10700cb0c	10700ceeb	decompiled	chunks/007/functions-000457.c		
10700ceec	10700cf33	decompiled	chunks/007/functions-000457.c		
10700cf34	10700cfbb	decompiled	chunks/007/functions-000457.c		
10700cfbc	10700d003	decompiled	chunks/007/functions-000457.c		
10700d004	10700d07b	decompiled	chunks/007/functions-000457.c	-[SCCameraViewControllerStartupWorkflow backgroundPerformer]	
10700d07c	10700d0f3	decompiled	chunks/007/functions-000457.c	-[SCCameraViewControllerStartupWorkflow continuousCaptureRecoveryPerformer]	
10700d0f4	10700d103	decompiled	chunks/007/functions-000457.c	-[SCCameraViewControllerStartupWorkflow cameraViewIsBeingDismissed]	
10700d104	10700d143	decompiled	chunks/007/functions-000457.c	-[SCCameraViewControllerStartupWorkflow setBackgroundPerformer:]	
10700d144	10700d243	decompiled	chunks/007/functions-000457.c	-[SCCameraViewControllerStartupWorkflow .cxx_destruct]	
10700d244	10700d2eb	decompiled	chunks/007/functions-000457.c		
10700d2ec	10700d43f	decompiled	chunks/007/functions-000457.c	-[SCCameraBottomStackView pointInside:withEvent:]	
10700d440	10700d4b3	decompiled	chunks/007/functions-000457.c	-[SCCameraBottomStackView hitTest:withEvent:]	
10700d4b4	10700d563	decompiled	chunks/007/functions-000457.c	-[SCCameraBottomContainer initWithParentView:bottomAnchorView:]	
10700d564	10700d893	decompiled	chunks/007/functions-000457.c	-[SCCameraBottomContainer stackView]	
10700d894	10700d897	decompiled	chunks/007/functions-000457.c	-[SCCameraBottomContainer containerView]	
10700d898	10700d8f3	decompiled	chunks/007/functions-000457.c	-[SCCameraBottomContainer count]	
10700d8f4	10700d9ab	decompiled	chunks/007/functions-000457.c	-[SCCameraBottomContainer appendSubview:]	
10700d9ac	10700da67	decompiled	chunks/007/functions-000457.c	-[SCCameraBottomContainer prependSubview:]	
10700da68	10700da6f	decompiled	chunks/007/functions-000457.c	-[SCCameraBottomContainer containerHeightObservable]	
10700da70	10700daaf	decompiled	chunks/007/functions-000457.c	-[SCCameraBottomContainer .cxx_destruct]	
10700dab0	10700daeb	decompiled	chunks/007/functions-000457.c	-[SCCameraBottomControlContainer updateCenterYOffset:]	
10700daec	10700dc07	decompiled	chunks/007/functions-000457.c	-[SCCameraBottomControlContainer initWithParentView:topAnchor:bottomAnchor:centerXAnchor:layoutConfig:]	
10700dc08	10700dd83	decompiled	chunks/007/functions-000457.c	-[SCCameraBottomControlContainer appendSubview:position:size:]	
10700dd84	10700df03	decompiled	chunks/007/functions-000457.c	-[SCCameraBottomControlContainer prependSubview:position:size:]	
10700df04	10700df3b	decompiled	chunks/007/functions-000457.c	-[SCCameraBottomControlContainer setContainerHidden:]	
10700df3c	10700df97	decompiled	chunks/007/functions-000457.c	-[SCCameraBottomControlContainer _createStackView]	
10700df98	10700dff3	decompiled	chunks/007/functions-000457.c	-[SCCameraBottomControlContainer _stackViewWithPosition:]	
10700dff4	10700e10f	decompiled	chunks/007/functions-000457.c	-[SCCameraBottomControlContainer _verticalLayoutConstraintForView:containerView:]	
10700e110	10700e247	decompiled	chunks/007/functions-000457.c	-[SCCameraBottomControlContainer pointInsideContainerFromPoint:inView:]	
10700e248	10700e497	decompiled	chunks/007/functions-000457.c	-[SCCameraBottomControlContainer containerView]	
10700e498	10700e71f	decompiled	chunks/007/functions-000457.c	-[SCCameraBottomControlContainer leftStackView]	
10700e720	10700e9bf	decompiled	chunks/007/functions-000457.c	-[SCCameraBottomControlContainer centerStackView]	
10700e9c0	10700ec4b	decompiled	chunks/007/functions-000457.c	-[SCCameraBottomControlContainer rightStackView]	
10700ec4c	10700eccf	decompiled	chunks/007/functions-000457.c	-[SCCameraBottomControlContainer .cxx_destruct]	
10700ecd0	10700ed87	decompiled	chunks/007/functions-000457.c	-[SCCameraHelpTooltipView initWithFrame:text:]	
10700ed88	10700ee3f	decompiled	chunks/007/functions-000457.c	-[SCCameraHelpTooltipView initWithHostBounds:text:]	
10700ee40	10700ee47	decompiled	chunks/007/functions-000457.c	-[SCCameraHelpTooltipView updateHostBounds:]	
10700ee48	10700ee8f	decompiled	chunks/007/functions-000457.c	-[SCCameraHelpTooltipView traitCollectionDidChange:]	
10700ee90	10700f257	decompiled	chunks/007/functions-000457.c	-[SCCameraHelpTooltipView _setUpWithText:]	
10700f258	10700f413	decompiled	chunks/007/functions-000457.c	-[SCCameraHelpTooltipView _setUpLegacyLabelConstraints]	
10700f414	10700f64b	decompiled	chunks/007/functions-000457.c	-[SCCameraHelpTooltipView _updateHostBounds:usesRuntimeHostGeometry:]	
10700f64c	10700f6b7	decompiled	chunks/007/functions-000457.c	-[SCCameraHelpTooltipView _legacyHostBounds]	
10700f6b8	10700f8bb	decompiled	chunks/007/functions-000457.c	-[SCCameraHelpTooltipView _backgroundPath]	
10700f8bc	10700f913	decompiled	chunks/007/functions-000457.c	-[SCCameraHelpTooltipView _updateBackgroundColor]	
10700f914	10700f953	decompiled	chunks/007/functions-000457.c	-[SCCameraHelpTooltipView .cxx_destruct]	
10700f954	10700fa23	decompiled	chunks/007/functions-000457.c	-[SCCameraMediaPickerContainer initWithParentView:bottomAnchor:centerXAnchor:]	
10700fa24	10700faf3	decompiled	chunks/007/functions-000457.c	-[SCCameraMediaPickerContainer initWithParentView:topAnchor:centerXAnchor:]	
10700faf4	10700ff17	decompiled	chunks/007/functions-000457.c	-[SCCameraMediaPickerContainer stackView]	
10700ff18	10700ff1b	decompiled	chunks/007/functions-000457.c	-[SCCameraMediaPickerContainer containerView]	
10700ff1c	10700ff77	decompiled	chunks/007/functions-000457.c	-[SCCameraMediaPickerContainer count]	
10700ff78	10701002f	decompiled	chunks/007/functions-000457.c	-[SCCameraMediaPickerContainer appendSubview:]	
107010030	1070100eb	decompiled	chunks/007/functions-000457.c	-[SCCameraMediaPickerContainer prependSubview:]	
1070100ec	1070100f3	decompiled	chunks/007/functions-000457.c	-[SCCameraMediaPickerContainer containerHeightObservable]	
1070100f4	107010143	decompiled	chunks/007/functions-000457.c	-[SCCameraMediaPickerContainer .cxx_destruct]	
107010144	107010183	decompiled	chunks/007/functions-000457.c	-[SCCameraOverlayFooterLayoutController setBottomOffset:]	
107010184	1070101b3	decompiled	chunks/007/functions-000457.c	-[SCCameraOverlayFooterLayoutController .cxx_destruct]	
1070101b4	10701027f	decompiled	chunks/007/functions-000457.c	-[SCCameraOverlayTopAreaLayoutController initWithOverlayView:cameraViewLayoutGuide:]	
107010280	1070102a3	decompiled	chunks/007/functions-000457.c	+[SCCameraOverlayTopAreaLayoutController resolvedDirectorModeTopInsetWithSystemSafeAreaTop:viewfinderTop:displayScale:]	
1070102a4	1070102cb	decompiled	chunks/007/functions-000457.c	-[SCCameraOverlayTopAreaLayoutController systemSafeAreaLayoutGuide]	
1070102cc	1070102f3	decompiled	chunks/007/functions-000457.c	-[SCCameraOverlayTopAreaLayoutController directorModeTopLayoutGuide]	
1070102f4	1070102f7	decompiled	chunks/007/functions-000457.c	-[SCCameraOverlayTopAreaLayoutController overlayDidMoveToWindow]	
1070102f8	1070102fb	decompiled	chunks/007/functions-000457.c	-[SCCameraOverlayTopAreaLayoutController overlaySafeAreaInsetsDidChange]	
1070102fc	1070102ff	decompiled	chunks/007/functions-000457.c	-[SCCameraOverlayTopAreaLayoutController overlayDidLayoutSubviews]	
107010300	107010303	decompiled	chunks/007/functions-000457.c	-[SCCameraOverlayTopAreaLayoutController overlayBoundsDidChange]	
107010304	107010573	decompiled	chunks/007/functions-000457.c	-[SCCameraOverlayTopAreaLayoutController installRuntimeReplyButtonConstraintsForButton:]	
107010574	1070107e3	decompiled	chunks/007/functions-000457.c	-[SCCameraOverlayTopAreaLayoutController installRuntimeDirectorExitButtonConstraintsForButton:]	
1070107e4	1070107e7	decompiled	chunks/007/functions-000457.c	-[SCCameraOverlayTopAreaLayoutController invalidate]	
1070107e8	10701082b	decompiled	chunks/007/functions-000457.c	-[SCCameraOverlayTopAreaLayoutController dealloc]	
10701082c	107010a97	decompiled	chunks/007/functions-000457.c	-[SCCameraOverlayTopAreaLayoutController _installSystemSafeAreaLayoutGuideInOverlayView:]	
107010a98	107010ceb	decompiled	chunks/007/functions-000457.c	-[SCCameraOverlayTopAreaLayoutController _installDirectorModeTopLayoutGuideInOverlayView:]	
107010cec	10701125f	decompiled	chunks/007/functions-000457.c	-[SCCameraOverlayTopAreaLayoutController _synchronize]	
107011260	1070113c3	decompiled	chunks/007/functions-000457.c	-[SCCameraOverlayTopAreaLayoutController _invalidate]	
1070113c4	107011583	decompiled	chunks/007/functions-000457.c	-[SCCameraOverlayTopAreaLayoutController .cxx_destruct]	
107011584	10701158b	decompiled	chunks/007/functions-000457.c	-[SCCameraOverlayView accessibilityElements]	
10701158c	1070115eb	decompiled	chunks/007/functions-000457.c	-[SCCameraOverlayView _appendHidableFooterViewContainers:]	
1070115ec	107011703	decompiled	chunks/007/functions-000457.c	-[SCCameraOverlayView setCameraFooterViewsHiddenForHandsFreeInterstitial:]	
107011704	1070117cf	decompiled	chunks/007/functions-000457.c	-[SCCameraOverlayView hidableBottomViewContainer]	
1070117d0	107011837	decompiled	chunks/007/functions-000458.c	-[SCCameraOverlayView hidableTopLeftViewContainer]	
107011838	1070118c7	decompiled	chunks/007/functions-000458.c	-[SCCameraOverlayView bottomViewContainer]	
1070118c8	10701190b	decompiled	chunks/007/functions-000458.c	-[SCCameraOverlayView _createHidableViewContainer:]	
10701190c	10701195b	decompiled	chunks/007/functions-000458.c	-[SCCameraOverlayView _createHidableFooterViewContainer:]	
10701195c	107011c03	decompiled	chunks/007/functions-000458.c	-[SCCameraOverlayView hidableBottomLensCollectionViewContainer]	
107011c04	107011c5f	decompiled	chunks/007/functions-000458.c	-[SCCameraOverlayView updateDirectorModeThumbnailOverlapContribution:]	
107011c60	107011db3	decompiled	chunks/007/functions-000458.c	-[SCCameraOverlayView hidableBottomMediaPickerContainer]	
107011db4	107011df7	decompiled	chunks/007/functions-000458.c	-[SCCameraOverlayView _isIpad]	
107011df8	107011dff	decompiled	chunks/007/functions-000458.c	-[SCCameraOverlayView isAccessibilityElement]	
107011e00	107011e07	decompiled	chunks/007/functions-000458.c	-[SCCameraOverlayView convertPointIntoWindowPoint:]	
107011e08	107011f6b	decompiled	chunks/007/functions-000458.c	-[SCCameraOverlayView normalizedPointsForLensGesture:]	
107011f6c	10701233b	decompiled	chunks/007/functions-000458.c	-[SCCameraOverlayView updateLensGestureViewFrameWithFrameRenderRegion:]	
10701233c	10701236b	decompiled	chunks/007/functions-000458.c	-[SCCameraOverlayView interruptButtonTouchesBeforeRecording]	
10701236c	1070123db	decompiled	chunks/007/functions-000458.c	-[SCCameraOverlayView setAlpha:]	
1070123dc	10701241f	decompiled	chunks/007/functions-000458.c	-[SCCameraOverlayView cameraSystemSafeAreaLayoutGuide]	
107012420	107012463	decompiled	chunks/007/functions-000458.c	-[SCCameraOverlayView cameraDirectorModeTopLayoutGuide]	
107012464	1070124a3	decompiled	chunks/007/functions-000458.c		
1070124a4	1070126b3	decompiled	chunks/007/functions-000458.c	-[SCCameraOverlayView _createReplyCameraBackButton]	
1070126b4	107012717	decompiled	chunks/007/functions-000458.c	-[SCCameraOverlayView setReplyCameraBackButtonStyle:]	
107012718	10701283f	decompiled	chunks/007/functions-000458.c	-[SCCameraOverlayView _setReplyCameraBackButton:withStyle:]	
107012840	10701289f	decompiled	chunks/007/functions-000458.c	-[SCCameraOverlayView setCameraPermissionMode:]	
1070128a0	107012ae3	decompiled	chunks/007/functions-000458.c	-[SCCameraOverlayView _createCameraPermissionView]	
107012ae4	107012c23	decompiled	chunks/007/functions-000458.c	-[SCCameraOverlayView _dismissTooltip:animated:delay:completion:]	
107012c24	107012cd3	decompiled	chunks/007/functions-000458.c		
107012cd4	107012e9f	decompiled	chunks/007/functions-000458.c	-[SCCameraOverlayView _makeLensesActiviationTooltip]	
107012ea0	107012f0b	decompiled	chunks/007/functions-000458.c	-[SCCameraOverlayView lensesActivationTooltip]	
107012f0c	107012f47	decompiled	chunks/007/functions-000458.c	-[SCCameraOverlayView cameraTimerCopy]	
107012f48	107012f7b	decompiled	chunks/007/functions-000458.c	-[SCCameraOverlayView insertSubview:atIndex:]	
107012f7c	107012fdb	decompiled	chunks/007/functions-000458.c	-[SCCameraOverlayView _insertSublayer:atIndexInFrontOfLiveDisplay:]	
107012fdc	10701318b	decompiled	chunks/007/functions-000458.c	-[SCCameraOverlayView _showCameraHelpTooltip:]	
10701318c	1070131b7	decompiled	chunks/007/functions-000458.c		
1070131b8	1070131f7	decompiled	chunks/007/functions-000458.c	-[SCCameraOverlayView _hideCameraHelpTooltip]	
1070131f8	10701325b	decompiled	chunks/007/functions-000458.c	-[SCCameraOverlayView _logTakePhotoTooltipShownWithOneAttempt]	
10701325c	1070132bf	decompiled	chunks/007/functions-000458.c	-[SCCameraOverlayView _logTakePhotoTooltipCompleteWithOneAttempt]	
1070132c0	107013323	decompiled	chunks/007/functions-000458.c	-[SCCameraOverlayView _logLensTooltipShownWithOneAttempt]	
107013324	107013387	decompiled	chunks/007/functions-000458.c	-[SCCameraOverlayView _logLensTooltipCompleteWithOneAttempt]	
107013388	1070133c3	decompiled	chunks/007/functions-000458.c	-[SCCameraOverlayView _hideCameraHelpTooltipWithLogging]	
1070133c4	10701341b	decompiled	chunks/007/functions-000458.c	-[SCCameraOverlayView showLensesActivationTooltip]	
10701341c	10701344b	decompiled	chunks/007/functions-000458.c	-[SCCameraOverlayView showLensesActivationTooltipWithText:]	
10701344c	10701348b	decompiled	chunks/007/functions-000458.c	-[SCCameraOverlayView hideLensesActivationTooltipAnimated:]	
10701348c	10701365b	decompiled	chunks/007/functions-000458.c	-[SCCameraOverlayView setLensesActivationTooltipVisible:text:animated:]	
10701365c	107013693	decompiled	chunks/007/functions-000458.c		
107013694	1070136cb	decompiled	chunks/007/functions-000458.c		
1070136cc	107013717	decompiled	chunks/007/functions-000458.c	-[SCCameraOverlayView isLensesActivationTooltipVisible]	
107013718	107013a0f	decompiled	chunks/007/functions-000458.c	-[SCCameraOverlayView showSnapBackQuickTapToDismissTooltip]	
107013a10	107013a1b	decompiled	chunks/007/functions-000458.c		
107013a1c	107013aaf	decompiled	chunks/007/functions-000458.c	-[SCCameraOverlayView hideSnapBackQuickTapToDismissTooltip]	
107013ab0	107013ac7	decompiled	chunks/007/functions-000458.c		
107013ac8	107013b03	decompiled	chunks/007/functions-000458.c		
107013b04	107013d03	decompiled	chunks/007/functions-000458.c	-[SCCameraOverlayView _buildSnapBackDismissTooltip]	
107013d04	10701401b	decompiled	chunks/007/functions-000458.c	-[SCCameraOverlayView showHandsFreeTapToRecordTooltip]	
10701401c	107014027	decompiled	chunks/007/functions-000458.c		
107014028	107014117	decompiled	chunks/007/functions-000458.c	-[SCCameraOverlayView hideHandsFreeTapToRecordTooltip]	
107014118	10701412b	decompiled	chunks/007/functions-000458.c		
10701412c	10701432b	decompiled	chunks/007/functions-000458.c	-[SCCameraOverlayView _buildHandsFreeTapToRecordTooltip]	
10701432c	107014457	decompiled	chunks/007/functions-000458.c	-[SCCameraOverlayView setCameraButtonHidden:backButtonHidden:]	
107014458	1070144bb	decompiled	chunks/007/functions-000458.c	-[SCCameraOverlayView cameraTimerFrame]	
1070144bc	107014583	decompiled	chunks/007/functions-000458.c	-[SCCameraOverlayView cameraTimerFrameInView:]	
107014584	107014597	decompiled	chunks/007/functions-000458.c	-[SCCameraOverlayView stopCameraTimerAnimationAndSaveState:]	
107014598	1070145e3	decompiled	chunks/007/functions-000458.c		
1070145e4	107014647	decompiled	chunks/007/functions-000458.c	-[SCCameraOverlayView dealloc]	
107014648	1070148a7	decompiled	chunks/007/functions-000458.c		
1070148a8	1070148b7	decompiled	chunks/007/functions-000458.c	-[SCCameraOverlayView cancelPendingAccessoryButtonGestures]	
1070148b8	107014a23	decompiled	chunks/007/functions-000458.c	-[SCCameraOverlayView _cancelActiveGesturesOnView:]	
107014a24	107014a7f	decompiled	chunks/007/functions-000458.c	-[SCCameraOverlayView resetTapGestureRecognizers]	
107014a80	107014adb	decompiled	chunks/007/functions-000458.c	-[SCCameraOverlayView resetLongPressGestureRecognizer]	
107014adc	107014b37	decompiled	chunks/007/functions-000458.c	-[SCCameraOverlayView resetPanGestureRecognizer]	
107014b38	107014b3b	decompiled	chunks/007/functions-000458.c	-[SCCameraOverlayView configureCameraTimerGestureRecognizerOnLensesCarousel]	
107014b3c	107014b77	decompiled	chunks/007/functions-000458.c	-[SCCameraOverlayView restoreLongPressOnCameraTimerGestureRecognizer]	
107014b78	107014b87	decompiled	chunks/007/functions-000458.c	-[SCCameraOverlayView setPanGestureRecognizerEnabled:]	
107014b88	107014bbf	decompiled	chunks/007/functions-000458.c	-[SCCameraOverlayView setSwipeNavigationRecognizerEnabled:]	
107014bc0	107014c17	decompiled	chunks/007/functions-000458.c	-[SCCameraOverlayView setCameraTimerButtonEnabled:]	
107014c18	107014da7	decompiled	chunks/007/functions-000458.c	-[SCCameraOverlayView setReplicatorViewHidden:animated:duration:delay:requestId:position:]	
107014da8	107014f03	decompiled	chunks/007/functions-000458.c	-[SCCameraOverlayView _handleReplicatorView:hidden:animated:duration:delay:]	
107014f04	107014f0f	decompiled	chunks/007/functions-000458.c		
107014f10	107014f3f	decompiled	chunks/007/functions-000458.c		
107014f40	107014f8b	decompiled	chunks/007/functions-000458.c	-[SCCameraOverlayView _coolRecordingDiameter]	
107014f8c	107014faf	decompiled	chunks/007/functions-000458.c	-[SCCameraOverlayView point:insideFrame:]	
107014fb0	1070152c7	decompiled	chunks/007/functions-000458.c	-[SCCameraOverlayView pointInsideButton:]	
1070152c8	107015467	decompiled	chunks/007/functions-000458.c	-[SCCameraOverlayView pointInsideCameraButton:]	
107015468	10701556f	decompiled	chunks/007/functions-000458.c	-[SCCameraOverlayView pointInsideAdjustedCameraTimerButton:]	
107015570	107015673	decompiled	chunks/007/functions-000458.c	-[SCCameraOverlayView _adjustedCameraTimerFrameForGivenTapTargetScale]	
107015674	107015733	decompiled	chunks/007/functions-000458.c	-[SCCameraOverlayView pointInsideReplyButton:]	
107015734	1070158cf	decompiled	chunks/007/functions-000458.c	-[SCCameraOverlayView showLongPressAnimationAtPoint:]	
1070158d0	107015943	decompiled	chunks/007/functions-000458.c	-[SCCameraOverlayView moveLongPressAnimationToPoint:]	
107015944	1070159b7	decompiled	chunks/007/functions-000458.c	-[SCCameraOverlayView hideLongPressAnimationWithSuccess:]	
1070159b8	1070159bf	decompiled	chunks/007/functions-000458.c		
1070159c0	1070159ef	decompiled	chunks/007/functions-000458.c	-[SCCameraOverlayView throbLongPressView]	
1070159f0	107015a07	decompiled	chunks/007/functions-000458.c	-[SCCameraOverlayView isLongPressOnCameraTimerGestureRecognizer:]	
107015a08	107015a67	decompiled	chunks/007/functions-000458.c	-[SCCameraOverlayView isLongPressGestureRecognizer:]	
107015a68	107015ac7	decompiled	chunks/007/functions-000458.c	-[SCCameraOverlayView isTapGestureRecognizer:]	
107015ac8	107015b27	decompiled	chunks/007/functions-000458.c	-[SCCameraOverlayView isPinchGestureRecognizer:]	
107015b28	107015b87	decompiled	chunks/007/functions-000458.c	-[SCCameraOverlayView isPanGestureRecognizer:]	
107015b88	107015bdb	decompiled	chunks/007/functions-000458.c	-[SCCameraOverlayView isSwipeGestureRecognizerForProfileToolTip:]	
107015bdc	107015c5b	decompiled	chunks/007/functions-000458.c	-[SCCameraOverlayView hideDismissButtonForRecording]	
107015c5c	107015c6b	decompiled	chunks/007/functions-000458.c	-[SCCameraOverlayView setAllInterfaceElementsHidden:statusBarHidden:animated:duration:]	
107015c6c	107015d63	decompiled	chunks/007/functions-000458.c	-[SCCameraOverlayView setAllInterfaceElementsHidden:statusBarHidden:cameraButtonHidden:backButtonHidden:animated:duration:]	
107015d64	107015e6f	decompiled	chunks/007/functions-000458.c	-[SCCameraOverlayView experimental_setExclusiveView:withBackButton:]	
107015e70	107015efb	decompiled	chunks/007/functions-000458.c	-[SCCameraOverlayView prepareForTransitionIn]	
107015efc	107015f9f	decompiled	chunks/007/functions-000458.c	-[SCCameraOverlayView beginTransitionIn]	
107015fa0	107015fdb	decompiled	chunks/007/functions-000459.c	-[SCCameraOverlayView prepareForTransitionOut]	
107015fdc	10701607f	decompiled	chunks/007/functions-000459.c	-[SCCameraOverlayView beginTransitionOut]	
107016080	1070160af	decompiled	chunks/007/functions-000459.c	-[SCCameraOverlayView onFeatureStartsLoading]	
1070160b0	1070160b3	decompiled	chunks/007/functions-000459.c	-[SCCameraOverlayView onFeatureCompletesLoading]	
1070160b4	1070160d7	decompiled	chunks/007/functions-000459.c	-[SCCameraOverlayView onFeatureAbortsLoading]	
1070160d8	1070160e7	decompiled	chunks/007/functions-000459.c	-[SCCameraOverlayView cameraViewFinderTopAnchor]	
1070160e8	10701617b	decompiled	chunks/007/functions-000459.c	-[SCCameraOverlayView _removeLoadingIndicator]	
10701617c	1070166c3	decompiled	chunks/007/functions-000459.c	-[SCCameraOverlayView loadingIndicatorView]	
1070166c4	10701688f	decompiled	chunks/007/functions-000459.c	-[SCCameraOverlayView hitTest:withEvent:]	
107016890	107016a83	decompiled	chunks/007/functions-000459.c	-[SCCameraOverlayView _alwaysInteractiveHitTest:withEvent:]	
107016a84	107016c6f	decompiled	chunks/007/functions-000459.c	-[SCCameraOverlayView loadingTimeDebugLabel]	
107016c70	107016c73	decompiled	chunks/007/functions-000459.c	-[SCCameraOverlayView _showLoadingTimeOnDebugLabel]	
107016c74	107016cb7	decompiled	chunks/007/functions-000459.c	-[SCCameraOverlayView _removeLoadingTimeDebugLabel]	
107016cb8	107016cc7	decompiled	chunks/007/functions-000459.c	-[SCCameraOverlayView galleryIcon]	
107016cc8	107016d07	decompiled	chunks/007/functions-000459.c	-[SCCameraOverlayView setGalleryIcon:]	
107016d08	107016d47	decompiled	chunks/007/functions-000459.c	-[SCCameraOverlayView setLongPressOnCameraTimerGestureRecognizer:]	
107016d48	107016d57	decompiled	chunks/007/functions-000459.c	-[SCCameraOverlayView topReplicatorView]	
107016d58	107016d97	decompiled	chunks/007/functions-000459.c	-[SCCameraOverlayView setTopReplicatorView:]	
107016d98	107016db7	decompiled	chunks/007/functions-000459.c	-[SCCameraOverlayView gestureRecognizerDelegateForLensTouchProcessor]	
107016db8	107016dc7	decompiled	chunks/007/functions-000459.c	-[SCCameraOverlayView bottomReplicatorView]	
107016dc8	107016e07	decompiled	chunks/007/functions-000459.c	-[SCCameraOverlayView setBottomReplicatorView:]	
107016e08	107016e17	decompiled	chunks/007/functions-000459.c	-[SCCameraOverlayView shouldIgnoreVisibilityChange]	
107016e18	107016e27	decompiled	chunks/007/functions-000459.c	-[SCCameraOverlayView setShouldIgnoreVisibilityChange:]	
107016e28	107016e37	decompiled	chunks/007/functions-000459.c	-[SCCameraOverlayView cameraTimerLayoutGuide]	
107016e38	107016e77	decompiled	chunks/007/functions-000459.c	-[SCCameraOverlayView setZoomFactorsViewContainer:]	
107016e78	107016e87	decompiled	chunks/007/functions-000459.c	-[SCCameraOverlayView hidableMediaPickerButtonContainer]	
107016e88	107016ec7	decompiled	chunks/007/functions-000459.c	-[SCCameraOverlayView setHidableMediaPickerButtonContainer:]	
107016ec8	107016ed7	decompiled	chunks/007/functions-000459.c	-[SCCameraOverlayView hidableLensExplorerButtonContainer]	
107016ed8	107016f17	decompiled	chunks/007/functions-000459.c	-[SCCameraOverlayView setHidableLensExplorerButtonContainer:]	
107016f18	107016f27	decompiled	chunks/007/functions-000459.c	-[SCCameraOverlayView hidableARBarContainer]	
107016f28	107016f67	decompiled	chunks/007/functions-000459.c	-[SCCameraOverlayView setHidableARBarContainer:]	
107016f68	107016f77	decompiled	chunks/007/functions-000459.c	-[SCCameraOverlayView hidableHandsFreeInterstitialFooterContainer]	
107016f78	107016fb7	decompiled	chunks/007/functions-000459.c	-[SCCameraOverlayView setHidableHandsFreeInterstitialFooterContainer:]	
107016fb8	107016fc7	decompiled	chunks/007/functions-000459.c	-[SCCameraOverlayView scanVerticalToolbarContainer]	
107016fc8	107016fd7	decompiled	chunks/007/functions-000459.c	-[SCCameraOverlayView containerLayoutGuide]	
107016fd8	107016fe7	decompiled	chunks/007/functions-000459.c	-[SCCameraOverlayView memoriesSideButtonTooltipContainer]	
107016fe8	107016ff7	decompiled	chunks/007/functions-000459.c	-[SCCameraOverlayView shouldDisplayVideoHelp]	
107016ff8	107017037	decompiled	chunks/007/functions-000459.c	-[SCCameraOverlayView setCameraTimer:]	
107017038	107017047	decompiled	chunks/007/functions-000459.c	-[SCCameraOverlayView bottomConstraint]	
107017048	107017087	decompiled	chunks/007/functions-000459.c	-[SCCameraOverlayView setBottomConstraint:]	
107017088	107017097	decompiled	chunks/007/functions-000459.c	-[SCCameraOverlayView lensNavigationItem]	
107017098	1070170d7	decompiled	chunks/007/functions-000459.c	-[SCCameraOverlayView setLensNavigationItem:]	
1070170d8	107017117	decompiled	chunks/007/functions-000459.c	-[SCCameraOverlayView setHovaNavigationLineSeparator:]	
107017118	107017127	decompiled	chunks/007/functions-000459.c	-[SCCameraOverlayView UIAutomationUsedElements]	
107017128	107017167	decompiled	chunks/007/functions-000459.c	-[SCCameraOverlayView setUIAutomationUsedElements:]	
107017168	1070171a7	decompiled	chunks/007/functions-000459.c	-[SCCameraOverlayView setHidableViewContainer:]	
1070171a8	1070171b7	decompiled	chunks/007/functions-000459.c	-[SCCameraOverlayView cameraOverlayFooterView]	
1070171b8	1070171f7	decompiled	chunks/007/functions-000459.c	-[SCCameraOverlayView setCameraOverlayFooterView:]	
1070171f8	107017237	decompiled	chunks/007/functions-000459.c	-[SCCameraOverlayView setReplyCameraBackButton:]	
107017238	107017247	decompiled	chunks/007/functions-000459.c	-[SCCameraOverlayView permissionView]	
107017248	107017287	decompiled	chunks/007/functions-000459.c	-[SCCameraOverlayView setPermissionView:]	
107017288	1070172c7	decompiled	chunks/007/functions-000459.c	-[SCCameraOverlayView setProfileButton:]	
1070172c8	107017307	decompiled	chunks/007/functions-000459.c	-[SCCameraOverlayView setLensesActivationTooltip:]	
107017308	107017327	decompiled	chunks/007/functions-000459.c	-[SCCameraOverlayView longPressAnimationView]	
107017328	10701733b	decompiled	chunks/007/functions-000459.c	-[SCCameraOverlayView setLongPressAnimationView:]	
10701733c	10701735b	decompiled	chunks/007/functions-000459.c	-[SCCameraOverlayView longPressParticleView]	
10701735c	10701736f	decompiled	chunks/007/functions-000459.c	-[SCCameraOverlayView setLongPressParticleView:]	
107017370	10701737f	decompiled	chunks/007/functions-000459.c	-[SCCameraOverlayView timerForHideProfileTooltip]	
107017380	1070173bf	decompiled	chunks/007/functions-000459.c	-[SCCameraOverlayView setTimerForHideProfileTooltip:]	
1070173c0	1070177e3	decompiled	chunks/007/functions-000459.c	-[SCCameraOverlayView .cxx_destruct]	
1070177e4	107017887	decompiled	chunks/007/functions-000459.c	-[SCCameraPermissionView initWithDelegate:]	
107017888	107017dbf	decompiled	chunks/007/functions-000459.c	-[SCCameraPermissionView _buildContent]	
107017dc0	107017deb	decompiled	chunks/007/functions-000459.c		
107017dec	1070182a7	decompiled	chunks/007/functions-000459.c	-[SCCameraPermissionView _iconRow]	
1070182a8	10701846b	decompiled	chunks/007/functions-000459.c	-[SCCameraPermissionView setMode:]	
10701846c	1070184b7	decompiled	chunks/007/functions-000459.c	-[SCCameraPermissionView _didTapAllow]	
1070184b8	107018513	decompiled	chunks/007/functions-000459.c	-[SCCameraPermissionView .cxx_destruct]	
107018514	10701859b	decompiled	chunks/007/functions-000459.c	-[SCCameraTopLeftContainer initWithCameraContainerView:]	
10701859c	1070188a7	decompiled	chunks/007/functions-000459.c	-[SCCameraTopLeftContainer stackView]	
1070188a8	1070188ab	decompiled	chunks/007/functions-000459.c	-[SCCameraTopLeftContainer containerView]	
1070188ac	107018907	decompiled	chunks/007/functions-000459.c	-[SCCameraTopLeftContainer count]	
107018908	1070189bf	decompiled	chunks/007/functions-000459.c	-[SCCameraTopLeftContainer appendSubview:]	
1070189c0	107018a7b	decompiled	chunks/007/functions-000459.c	-[SCCameraTopLeftContainer prependSubview:]	
107018a7c	107018a83	decompiled	chunks/007/functions-000459.c	-[SCCameraTopLeftContainer containerHeightObservable]	
107018a84	107018abb	decompiled	chunks/007/functions-000459.c	-[SCCameraTopLeftContainer .cxx_destruct]	
107018abc	107018ad3	decompiled	chunks/007/functions-000459.c		
107018ad4	107018b57	decompiled	chunks/007/functions-000459.c	-[SCLongPressGestureRecognizer reset]	
107018b58	107018d2b	decompiled	chunks/007/functions-000459.c	-[SCLongPressGestureRecognizer touchesBegan:withEvent:]	
107018d2c	107019073	decompiled	chunks/007/functions-000459.c	-[SCLongPressGestureRecognizer touchesMoved:withEvent:]	
107019074	1070190a7	decompiled	chunks/007/functions-000459.c	-[SCLongPressGestureRecognizer setEnabled:]	
1070190a8	1070190ef	decompiled	chunks/007/functions-000459.c	-[SCLongPressGestureRecognizer isUnlimitedMovementAllowed]	
1070190f0	107019147	decompiled	chunks/007/functions-000459.c	-[SCLongPressGestureRecognizer addGestureProcessor:]	
107019148	10701919f	decompiled	chunks/007/functions-000459.c	-[SCLongPressGestureRecognizer removeGestureProcessor:]	
1070191a0	1070191af	decompiled	chunks/007/functions-000459.c	-[SCLongPressGestureRecognizer allowableMovementAfterBegan]	
1070191b0	1070191bf	decompiled	chunks/007/functions-000459.c	-[SCLongPressGestureRecognizer setAllowableMovementAfterBegan:]	
1070191c0	1070191cf	decompiled	chunks/007/functions-000459.c	-[SCLongPressGestureRecognizer timeBeforeUnlimitedMovementAllowed]	
1070191d0	1070191df	decompiled	chunks/007/functions-000459.c	-[SCLongPressGestureRecognizer setTimeBeforeUnlimitedMovementAllowed:]	
1070191e0	1070191ef	decompiled	chunks/007/functions-000459.c	-[SCLongPressGestureRecognizer forceOfAllTouches]	
1070191f0	1070191ff	decompiled	chunks/007/functions-000459.c	-[SCLongPressGestureRecognizer maximumPossibleForceOfAllTouches]	
107019200	10701920f	decompiled	chunks/007/functions-000459.c	-[SCLongPressGestureRecognizer userInfo]	
107019210	10701921b	decompiled	chunks/007/functions-000459.c	-[SCLongPressGestureRecognizer setUserInfo:]	
10701921c	10701922b	decompiled	chunks/007/functions-000459.c	-[SCLongPressGestureRecognizer failedByMovement]	
10701922c	10701923b	decompiled	chunks/007/functions-000459.c	-[SCLongPressGestureRecognizer setFailedByMovement:]	
10701923c	10701927b	decompiled	chunks/007/functions-000459.c	-[SCLongPressGestureRecognizer .cxx_destruct]	
10701927c	1070192ab	decompiled	chunks/007/functions-000459.c	-[SCCameraTimerImpl _cameraTimerRingBaseDiameter]	
1070192ac	1070193ef	decompiled	chunks/007/functions-000459.c	-[SCCameraTimerImpl _prepareRecordingSpinner]	
1070193f0	10701941f	decompiled	chunks/007/functions-000459.c	-[SCCameraTimerImpl _shouldHideLensIconDuringCapture]	
107019420	10701946b	decompiled	chunks/007/functions-000459.c	-[SCCameraTimerImpl startRecordingWithSpeedMultiplier:]	
10701946c	10701947b	decompiled	chunks/007/functions-000459.c	-[SCCameraTimerImpl onSpeedModeDidChange:]	
10701947c	10701949b	decompiled	chunks/007/functions-000459.c	-[SCCameraTimerImpl onLensCarouselOpenStateChanged:]	
