address	end_address	status	pseudocode_file	runtime_label	error
100ab3504	100ab357b	decompiled	chunks/008/functions-000559.c	-[SCStoriesSnapMedia .cxx_destruct]	
100ab357c	100ab35cf	decompiled	chunks/008/functions-000559.c	-[SCStoriesSnapIdentifiers .cxx_destruct]	
100ab35d0	100ab362f	decompiled	chunks/008/functions-000559.c	-[SCStoriesSnapAttributes .cxx_destruct]	
100ab3630	100ab365f	decompiled	chunks/008/functions-000559.c		
100ab3660	100ab36a7	decompiled	chunks/008/functions-000559.c		
100ab36a8	100ab36b7	decompiled	chunks/008/functions-000559.c		
100ab36b8	100ab37bb	decompiled	chunks/008/functions-000560.c		
100ab37bc	100ab389f	decompiled	chunks/008/functions-000560.c		
100ab38a0	100ab38ab	decompiled	chunks/008/functions-000560.c	+[SCSnapchattersIncomingFriendsSyncToken table]	
100ab38ac	100ab39eb	decompiled	chunks/008/functions-000560.c	+[SCSnapchattersIncomingFriendsSyncToken immutableObjectParse:bufferSize:]	
100ab39ec	100ab3aa3	decompiled	chunks/008/functions-000560.c	-[SCSnapchattersIncomingFriendsSyncToken initWithCursor:lastFullSyncTs:rankingProfileId:lastFullRankTs:]	
100ab3aa4	100ab3aab	decompiled	chunks/008/functions-000560.c		
100ab3aac	100ab3ad7	decompiled	chunks/008/functions-000560.c		
100ab3ad8	100ab476f	decompiled	chunks/008/functions-000560.c		
100ab4770	100ab4777	decompiled	chunks/008/functions-000560.c	-[SCDocObject changesTimestamp]	
100ab4778	100ab47f7	decompiled	chunks/008/functions-000560.c		
100ab47f8	100ab4833	decompiled	chunks/008/functions-000560.c		
100ab4834	100ab4847	decompiled	chunks/008/functions-000560.c		
100ab4848	100ab4e47	decompiled	chunks/008/functions-000560.c		
100ab4e48	100ab4eaf	decompiled	chunks/008/functions-000560.c	+[IncomingFriendSyncRequest descriptor]	
100ab4eb0	100ab4f23	decompiled	chunks/008/functions-000560.c	-[SCLegacyMediaServices initWithLegacyMediaCache:]	
100ab4f24	100ab5073	decompiled	chunks/008/functions-000560.c	-[SCLegacyMediaEntryPoint _clearCacheOnBackground]	
100ab5074	100ab518b	decompiled	chunks/008/functions-000560.c		
100ab518c	100ab51f3	decompiled	chunks/008/functions-000560.c	+[SyncToken descriptor]	
100ab51f4	100ab5203	decompiled	chunks/008/functions-000560.c	-[SCSnapchattersIncomingFriendsSyncToken cursor]	
100ab5204	100ab5237	decompiled	chunks/008/functions-000560.c		
100ab5238	100ab524b	decompiled	chunks/008/functions-000560.c		
100ab524c	100ab525b	decompiled	chunks/008/functions-000560.c	-[SCSnapchattersIncomingFriendsSyncToken lastFullSyncTs]	
100ab525c	100ab526b	decompiled	chunks/008/functions-000560.c	-[SCSnapchattersIncomingFriendsSyncToken rankingProfileId]	
100ab526c	100ab5297	decompiled	chunks/008/functions-000560.c	-[SCSnapchattersIncomingFriendsSyncToken lastFullRankTs]	
100ab5298	100ab547f	decompiled	chunks/008/functions-000560.c		
100ab5480	100ab549b	decompiled	chunks/008/functions-000560.c		
100ab549c	100ab551b	decompiled	chunks/008/functions-000560.c	-[SCSCLegacyTalkServicesSaberEntryPoint init]	
100ab551c	100ab55c7	decompiled	chunks/008/functions-000560.c	-[SCSCLegacyTalkServicesSaberEntryPoint setValue:forIvarName:]	
100ab55c8	100ab57cb	decompiled	chunks/008/functions-000560.c		
100ab57cc	100ab57d7	decompiled	chunks/008/functions-000560.c	-[SCSCLegacyTalkServicesSaberEntryPoint setBeginIn:]	
100ab57d8	100ab582b	decompiled	chunks/008/functions-000560.c		
100ab582c	100ab586b	decompiled	chunks/008/functions-000560.c		
100ab586c	100ab5993	decompiled	chunks/008/functions-000560.c		
100ab5994	100ab599b	decompiled	chunks/008/functions-000560.c	-[SCNGrpcCallOptionsBuilder addPreferredLocale]	
100ab599c	100ab5a83	decompiled	chunks/008/functions-000560.c	-[SCNGrpcCallOptionsBuilder addPreferredLocale:]	
100ab5a84	100ab5a8f	decompiled	chunks/008/functions-000560.c	-[SCSCLegacyTalkServicesSaberEntryPoint setAdlActiveUserSessionScopeGraphBridgeServices:]	
100ab5a90	100ab5af3	decompiled	chunks/008/functions-000560.c	-[SCSCLegacyTalkServicesSaberEntryPoint setSCLegacyTalkServicesExposer:]	
100ab5af4	100ab5b1b	decompiled	chunks/008/functions-000560.c	-[SCSCLegacyTalkServicesSaberEntryPoint begin]	
100ab5b1c	100ab5c9f	decompiled	chunks/008/functions-000560.c		
100ab5ca0	100ab5cab	decompiled	chunks/008/functions-000560.c	-[SCSCLegacyTalkServicesSaberEntryPoint beginIn]	
100ab5cac	100ab5cef	decompiled	chunks/008/functions-000560.c		
100ab5cf0	100ab5cfb	decompiled	chunks/008/functions-000560.c	-[SCSCLegacyTalkServicesSaberEntryPoint adlActiveUserSessionScopeGraphBridgeServices]	
100ab5cfc	100ab5d43	decompiled	chunks/008/functions-000560.c	-[SCSCLegacyTalkServicesSaberEntryPoint sCLegacyTalkServicesExposer]	
100ab5d44	100ab5d63	decompiled	chunks/008/functions-000560.c		
100ab5d64	100ab5d73	decompiled	chunks/008/functions-000560.c		
100ab5d74	100ab5e0b	decompiled	chunks/008/functions-000560.c		
100ab5e0c	100ab5e33	decompiled	chunks/008/functions-000560.c	-[SCNGrpcCallOptionsBuilder addHeaders:]	
100ab5e34	100ab5e37	decompiled	chunks/008/functions-000560.c		
100ab5e38	100ab5f1b	decompiled	chunks/008/functions-000560.c	-[UNIFriendRequests incomingFriendSyncWithRequest:callOptionsBuilder:handler:]	
100ab5f1c	100ab5f83	decompiled	chunks/008/functions-000560.c	+[IncomingFriendSyncResponse descriptor]	
100ab5f84	100ab6317	decompiled	chunks/008/functions-000560.c	-[SCSnapchattersFetchService fetchFriendsWithDeltaFriendToken:deltaIncomingFriendToken:callbackQueue:completionBlock:]	
100ab6318	100ab6323	decompiled	chunks/008/functions-000560.c		
100ab6324	100ab6333	decompiled	chunks/008/functions-000560.c	+[_TtC16AddFriendsTweaks18SCAddFriendsTweaks addFriendsAmiFriendsRoutingTagFromTweak]	
100ab6334	100ab639b	decompiled	chunks/008/functions-000560.c		
100ab639c	100ab6403	decompiled	chunks/008/functions-000560.c	-[SCSojuMessageBuilder init]	
100ab6404	100ab640f	decompiled	chunks/008/functions-000560.c	+[SOJUFriendsRequestBuilder messageClass]	
100ab6410	100ab64b7	decompiled	chunks/008/functions-000560.c	-[SCSojuMessage init]	
100ab64b8	100ab6d1f	decompiled	chunks/008/functions-000560.c	+[SCSojuMessage fieldsRegistry]	
100ab6d20	100ab6d8b	decompiled	chunks/008/functions-000560.c	-[SCSojuMessageFieldsRegistry init]	
100ab6d8c	100ab6e3f	decompiled	chunks/008/functions-000560.c	+[SOJUFriendsRequest registerMessageFields:]	
100ab6e40	100ab6e4b	decompiled	chunks/008/functions-000560.c		
100ab6e4c	100ab6f13	decompiled	chunks/008/functions-000560.c	-[SCSojuMessageFieldsRegistry appendFieldWithSEL:jsonFieldNameOverride:jsonNamingStrategy:type:messageClass:stringToEnumFunc:enumToStringFunc:fieldSpecifier:]	
100ab6f14	100ab6feb	decompiled	chunks/008/functions-000560.c	-[SCSojuMessageField initWitFieldSel:jsonFieldNameOverride:messageClass:fieldType:fieldSpecifier:jsonNamingStategy:stringToEnumFunc:enumToStringFunc:fieldIndex:]	
100ab6fec	100ab701f	decompiled	chunks/008/functions-000560.c	-[GPBCodedOutputStream writeUInt64:value:]	
100ab7020	100ab70cb	decompiled	chunks/008/functions-000560.c		
100ab70cc	100ab7303	decompiled	chunks/008/functions-000560.c		
100ab7304	100ab733b	decompiled	chunks/008/functions-000560.c		
100ab733c	100ab73bf	decompiled	chunks/008/functions-000560.c		
100ab73c0	100ab743f	decompiled	chunks/008/functions-000560.c	-[SCSCNativeNotificationHandlingServicesSaberEntryPoint init]	
100ab7440	100ab74eb	decompiled	chunks/008/functions-000560.c	-[SCSCNativeNotificationHandlingServicesSaberEntryPoint setValue:forIvarName:]	
100ab74ec	100ab76ef	decompiled	chunks/008/functions-000560.c		
100ab76f0	100ab76fb	decompiled	chunks/008/functions-000560.c	-[SCSCNativeNotificationHandlingServicesSaberEntryPoint setBeginIn:]	
100ab76fc	100ab774f	decompiled	chunks/008/functions-000560.c		
100ab7750	100ab775b	decompiled	chunks/008/functions-000560.c	-[SCSCNativeNotificationHandlingServicesSaberEntryPoint setPushActiveUserSessionScopeGraphBridgeServices:]	
100ab775c	100ab77bf	decompiled	chunks/008/functions-000560.c	-[SCSCNativeNotificationHandlingServicesSaberEntryPoint setSCNativeNotificationHandlingServicesExposer:]	
100ab77c0	100ab77e7	decompiled	chunks/008/functions-000560.c	-[SCSCNativeNotificationHandlingServicesSaberEntryPoint begin]	
100ab77e8	100ab796b	decompiled	chunks/008/functions-000560.c		
100ab796c	100ab7977	decompiled	chunks/008/functions-000560.c	-[SCSCNativeNotificationHandlingServicesSaberEntryPoint beginIn]	
100ab7978	100ab79bb	decompiled	chunks/008/functions-000560.c		
100ab79bc	100ab79c7	decompiled	chunks/008/functions-000560.c	-[SCSCNativeNotificationHandlingServicesSaberEntryPoint pushActiveUserSessionScopeGraphBridgeServices]	
100ab79c8	100ab7a0f	decompiled	chunks/008/functions-000560.c	-[SCSCNativeNotificationHandlingServicesSaberEntryPoint sCNativeNotificationHandlingServicesExposer]	
100ab7a10	100ab7a2f	decompiled	chunks/008/functions-000560.c		
100ab7a30	100ab7aaf	decompiled	chunks/008/functions-000560.c	-[SCSCNetworkImageServicesSaberEntryPoint init]	
100ab7ab0	100ab7b5b	decompiled	chunks/008/functions-000560.c	-[SCSCNetworkImageServicesSaberEntryPoint setValue:forIvarName:]	
100ab7b5c	100ab7d5f	decompiled	chunks/008/functions-000560.c		
100ab7d60	100ab7d6b	decompiled	chunks/008/functions-000560.c	-[SCSCNetworkImageServicesSaberEntryPoint setBeginIn:]	
100ab7d6c	100ab7dbf	decompiled	chunks/008/functions-000560.c		
100ab7dc0	100ab7dcb	decompiled	chunks/008/functions-000560.c	-[SCSCNetworkImageServicesSaberEntryPoint setCmActiveUserSessionScopeGraphBridgeServices:]	
100ab7dcc	100ab7e2f	decompiled	chunks/008/functions-000560.c	-[SCSCNetworkImageServicesSaberEntryPoint setSCNetworkImageServicesExposer:]	
100ab7e30	100ab7e57	decompiled	chunks/008/functions-000560.c	-[SCSCNetworkImageServicesSaberEntryPoint begin]	
100ab7e58	100ab7fdb	decompiled	chunks/008/functions-000560.c		
100ab7fdc	100ab7fe7	decompiled	chunks/008/functions-000560.c	-[SCSCNetworkImageServicesSaberEntryPoint beginIn]	
100ab7fe8	100ab802b	decompiled	chunks/008/functions-000560.c		
100ab802c	100ab8037	decompiled	chunks/008/functions-000560.c	-[SCSCNetworkImageServicesSaberEntryPoint cmActiveUserSessionScopeGraphBridgeServices]	
100ab8038	100ab807f	decompiled	chunks/008/functions-000560.c	-[SCSCNetworkImageServicesSaberEntryPoint sCNetworkImageServicesExposer]	
100ab8080	100ab809f	decompiled	chunks/008/functions-000560.c		
100ab80a0	100ab811f	decompiled	chunks/008/functions-000560.c	-[SCSCNotificationDataServicesSaberEntryPoint init]	
100ab8120	100ab81cb	decompiled	chunks/008/functions-000560.c	-[SCSCNotificationDataServicesSaberEntryPoint setValue:forIvarName:]	
100ab81cc	100ab83cf	decompiled	chunks/008/functions-000560.c		
100ab83d0	100ab83db	decompiled	chunks/008/functions-000560.c	-[SCSCNotificationDataServicesSaberEntryPoint setBeginIn:]	
100ab83dc	100ab842f	decompiled	chunks/008/functions-000561.c		
100ab8430	100ab843b	decompiled	chunks/008/functions-000561.c	-[SCSCNotificationDataServicesSaberEntryPoint setPushActiveUserSessionScopeGraphBridgeServices:]	
100ab843c	100ab849f	decompiled	chunks/008/functions-000561.c	-[SCSCNotificationDataServicesSaberEntryPoint setSCNotificationDataServicesExposer:]	
100ab84a0	100ab84c7	decompiled	chunks/008/functions-000561.c	-[SCSCNotificationDataServicesSaberEntryPoint begin]	
100ab84c8	100ab864b	decompiled	chunks/008/functions-000561.c		
100ab864c	100ab8657	decompiled	chunks/008/functions-000561.c	-[SCSCNotificationDataServicesSaberEntryPoint beginIn]	
100ab8658	100ab869b	decompiled	chunks/008/functions-000561.c		
100ab869c	100ab86a7	decompiled	chunks/008/functions-000561.c	-[SCSCNotificationDataServicesSaberEntryPoint pushActiveUserSessionScopeGraphBridgeServices]	
100ab86a8	100ab86ef	decompiled	chunks/008/functions-000561.c	-[SCSCNotificationDataServicesSaberEntryPoint sCNotificationDataServicesExposer]	
100ab86f0	100ab870f	decompiled	chunks/008/functions-000561.c		
100ab8710	100ab878f	decompiled	chunks/008/functions-000561.c	-[SCSCNotificationStartupLoggingServicesSaberEntryPoint init]	
100ab8790	100ab883b	decompiled	chunks/008/functions-000561.c	-[SCSCNotificationStartupLoggingServicesSaberEntryPoint setValue:forIvarName:]	
100ab883c	100ab8a3f	decompiled	chunks/008/functions-000561.c		
100ab8a40	100ab8a4b	decompiled	chunks/008/functions-000561.c	-[SCSCNotificationStartupLoggingServicesSaberEntryPoint setBeginIn:]	
100ab8a4c	100ab8a9f	decompiled	chunks/008/functions-000561.c		
100ab8aa0	100ab8aab	decompiled	chunks/008/functions-000561.c	-[SCSCNotificationStartupLoggingServicesSaberEntryPoint setPushActiveUserSessionScopeGraphBridgeServices:]	
100ab8aac	100ab8b0f	decompiled	chunks/008/functions-000561.c	-[SCSCNotificationStartupLoggingServicesSaberEntryPoint setSCNotificationStartupLoggingServicesExposer:]	
100ab8b10	100ab8b37	decompiled	chunks/008/functions-000561.c	-[SCSCNotificationStartupLoggingServicesSaberEntryPoint begin]	
100ab8b38	100ab8cbb	decompiled	chunks/008/functions-000561.c		
100ab8cbc	100ab8cc7	decompiled	chunks/008/functions-000561.c	-[SCSCNotificationStartupLoggingServicesSaberEntryPoint beginIn]	
100ab8cc8	100ab8d0b	decompiled	chunks/008/functions-000561.c		
100ab8d0c	100ab8d17	decompiled	chunks/008/functions-000561.c	-[SCSCNotificationStartupLoggingServicesSaberEntryPoint pushActiveUserSessionScopeGraphBridgeServices]	
100ab8d18	100ab8d5f	decompiled	chunks/008/functions-000561.c	-[SCSCNotificationStartupLoggingServicesSaberEntryPoint sCNotificationStartupLoggingServicesExposer]	
100ab8d60	100ab8d7f	decompiled	chunks/008/functions-000561.c		
100ab8d80	100ab8d87	decompiled	chunks/008/functions-000561.c		
100ab8d88	100ab8ddb	decompiled	chunks/008/functions-000561.c		
100ab8ddc	100ab8e5b	decompiled	chunks/008/functions-000561.c	-[SCSCPasskeyStoreServicesSaberEntryPoint init]	
100ab8e5c	100ab8f07	decompiled	chunks/008/functions-000561.c	-[SCSCPasskeyStoreServicesSaberEntryPoint setValue:forIvarName:]	
100ab8f08	100ab910b	decompiled	chunks/008/functions-000561.c		
100ab910c	100ab9117	decompiled	chunks/008/functions-000561.c	-[SCSCPasskeyStoreServicesSaberEntryPoint setBeginIn:]	
100ab9118	100ab916b	decompiled	chunks/008/functions-000561.c		
100ab916c	100ab9177	decompiled	chunks/008/functions-000561.c	-[SCSCPasskeyStoreServicesSaberEntryPoint setActivActiveUserSessionScopeGraphBridgeServices:]	
100ab9178	100ab91db	decompiled	chunks/008/functions-000561.c	-[SCSCPasskeyStoreServicesSaberEntryPoint setSCPasskeyStoreServicesExposer:]	
100ab91dc	100ab9203	decompiled	chunks/008/functions-000561.c	-[SCSCPasskeyStoreServicesSaberEntryPoint begin]	
100ab9204	100ab9387	decompiled	chunks/008/functions-000561.c		
100ab9388	100ab9393	decompiled	chunks/008/functions-000561.c	-[SCSCPasskeyStoreServicesSaberEntryPoint beginIn]	
100ab9394	100ab93d7	decompiled	chunks/008/functions-000561.c		
100ab93d8	100ab93e3	decompiled	chunks/008/functions-000561.c	-[SCSCPasskeyStoreServicesSaberEntryPoint activActiveUserSessionScopeGraphBridgeServices]	
100ab93e4	100ab942b	decompiled	chunks/008/functions-000561.c	-[SCSCPasskeyStoreServicesSaberEntryPoint sCPasskeyStoreServicesExposer]	
100ab942c	100ab944b	decompiled	chunks/008/functions-000561.c		
100ab944c	100ab9453	decompiled	chunks/008/functions-000561.c		
100ab9454	100ab94a7	decompiled	chunks/008/functions-000561.c		
100ab94a8	100ab9527	decompiled	chunks/008/functions-000561.c	-[SCSCPlaybackLegacyHLSServiceSaberEntryPoint init]	
100ab9528	100ab95d3	decompiled	chunks/008/functions-000561.c	-[SCSCPlaybackLegacyHLSServiceSaberEntryPoint setValue:forIvarName:]	
100ab95d4	100ab97d7	decompiled	chunks/008/functions-000561.c		
100ab97d8	100ab97e3	decompiled	chunks/008/functions-000561.c	-[SCSCPlaybackLegacyHLSServiceSaberEntryPoint setBeginIn:]	
100ab97e4	100ab9837	decompiled	chunks/008/functions-000561.c		
100ab9838	100ab9843	decompiled	chunks/008/functions-000561.c	-[SCSCPlaybackLegacyHLSServiceSaberEntryPoint setPlaybackActiveUserSessionScopeGraphBridgeServices:]	
100ab9844	100ab98a7	decompiled	chunks/008/functions-000561.c	-[SCSCPlaybackLegacyHLSServiceSaberEntryPoint setSCPlaybackLegacyHLSServiceExposer:]	
100ab98a8	100ab98cf	decompiled	chunks/008/functions-000561.c	-[SCSCPlaybackLegacyHLSServiceSaberEntryPoint begin]	
100ab98d0	100ab9a53	decompiled	chunks/008/functions-000561.c		
100ab9a54	100ab9a5f	decompiled	chunks/008/functions-000561.c	-[SCSCPlaybackLegacyHLSServiceSaberEntryPoint beginIn]	
100ab9a60	100ab9aa3	decompiled	chunks/008/functions-000561.c		
100ab9aa4	100ab9aaf	decompiled	chunks/008/functions-000561.c	-[SCSCPlaybackLegacyHLSServiceSaberEntryPoint playbackActiveUserSessionScopeGraphBridgeServices]	
100ab9ab0	100ab9af7	decompiled	chunks/008/functions-000561.c	-[SCSCPlaybackLegacyHLSServiceSaberEntryPoint sCPlaybackLegacyHLSServiceExposer]	
100ab9af8	100ab9b17	decompiled	chunks/008/functions-000561.c		
100ab9b18	100ab9bdf	decompiled	chunks/008/functions-000561.c		
100ab9be0	100ab9be3	decompiled	chunks/008/functions-000561.c		
100ab9be4	100ab9c8b	decompiled	chunks/008/functions-000561.c		
100ab9c8c	100ab9c9f	decompiled	chunks/008/functions-000561.c	-[SCSnapchattersIncomingFriendsSyncToken .cxx_destruct]	
100ab9ca0	100ab9d1f	decompiled	chunks/008/functions-000561.c	-[SCSCPlaybackMediaResolutionServiceSaberEntryPoint init]	
100ab9d20	100ab9dcb	decompiled	chunks/008/functions-000561.c	-[SCSCPlaybackMediaResolutionServiceSaberEntryPoint setValue:forIvarName:]	
100ab9dcc	100ab9fcf	decompiled	chunks/008/functions-000561.c		
100ab9fd0	100ab9fdb	decompiled	chunks/008/functions-000561.c	-[SCSCPlaybackMediaResolutionServiceSaberEntryPoint setBeginIn:]	
100ab9fdc	100aba02f	decompiled	chunks/008/functions-000561.c		
100aba030	100aba03b	decompiled	chunks/008/functions-000561.c	-[SCSCPlaybackMediaResolutionServiceSaberEntryPoint setPlaybackActiveUserSessionScopeGraphBridgeServices:]	
100aba03c	100aba09f	decompiled	chunks/008/functions-000561.c	-[SCSCPlaybackMediaResolutionServiceSaberEntryPoint setSCPlaybackMediaResolutionServiceExposer:]	
100aba0a0	100aba0c7	decompiled	chunks/008/functions-000561.c	-[SCSCPlaybackMediaResolutionServiceSaberEntryPoint begin]	
100aba0c8	100aba24b	decompiled	chunks/008/functions-000561.c		
100aba24c	100aba257	decompiled	chunks/008/functions-000561.c	-[SCSCPlaybackMediaResolutionServiceSaberEntryPoint beginIn]	
100aba258	100aba29b	decompiled	chunks/008/functions-000561.c		
100aba29c	100aba2a7	decompiled	chunks/008/functions-000561.c	-[SCSCPlaybackMediaResolutionServiceSaberEntryPoint playbackActiveUserSessionScopeGraphBridgeServices]	
100aba2a8	100aba2ef	decompiled	chunks/008/functions-000561.c	-[SCSCPlaybackMediaResolutionServiceSaberEntryPoint sCPlaybackMediaResolutionServiceExposer]	
100aba2f0	100aba30f	decompiled	chunks/008/functions-000561.c		
100aba310	100aba36f	decompiled	chunks/008/functions-000561.c		
100aba370	100aba3ab	decompiled	chunks/008/functions-000561.c		
100aba3ac	100aba3c3	decompiled	chunks/008/functions-000561.c	-[SCGrpcEventLogger logNetworkEventEnabled]	
100aba3c4	100aba443	decompiled	chunks/008/functions-000561.c	-[SCSCSRLensEffectPluginCameraLifecycleProxyServicesSaberEntryPoint init]	
100aba444	100aba4ef	decompiled	chunks/008/functions-000561.c	-[SCSCSRLensEffectPluginCameraLifecycleProxyServicesSaberEntryPoint setValue:forIvarName:]	
100aba4f0	100aba6f3	decompiled	chunks/008/functions-000561.c		
100aba6f4	100aba6ff	decompiled	chunks/008/functions-000561.c	-[SCSCSRLensEffectPluginCameraLifecycleProxyServicesSaberEntryPoint setBeginIn:]	
100aba700	100aba753	decompiled	chunks/008/functions-000561.c		
100aba754	100aba75f	decompiled	chunks/008/functions-000561.c	-[SCSCSRLensEffectPluginCameraLifecycleProxyServicesSaberEntryPoint setLensActiveUserSessionScopeGraphBridgeServices:]	
100aba760	100aba7c3	decompiled	chunks/008/functions-000561.c	-[SCSCSRLensEffectPluginCameraLifecycleProxyServicesSaberEntryPoint setSCSRLensEffectPluginCameraLifecycleProxyServicesExposer:]	
100aba7c4	100aba7eb	decompiled	chunks/008/functions-000561.c	-[SCSCSRLensEffectPluginCameraLifecycleProxyServicesSaberEntryPoint begin]	
100aba7ec	100aba96f	decompiled	chunks/008/functions-000561.c		
100aba970	100aba97b	decompiled	chunks/008/functions-000561.c	-[SCSCSRLensEffectPluginCameraLifecycleProxyServicesSaberEntryPoint beginIn]	
100aba97c	100aba9bf	decompiled	chunks/008/functions-000561.c		
100aba9c0	100aba9cb	decompiled	chunks/008/functions-000561.c	-[SCSCSRLensEffectPluginCameraLifecycleProxyServicesSaberEntryPoint lensActiveUserSessionScopeGraphBridgeServices]	
100aba9cc	100abaa13	decompiled	chunks/008/functions-000561.c	-[SCSCSRLensEffectPluginCameraLifecycleProxyServicesSaberEntryPoint sCSRLensEffectPluginCameraLifecycleProxyServicesExposer]	
100abaa14	100abaa33	decompiled	chunks/008/functions-000561.c		
100abaa34	100abaa4f	decompiled	chunks/008/functions-000561.c		
100abaa50	100abaacf	decompiled	chunks/008/functions-000561.c	-[SCSCSendObservabilityLoggingServicesSaberEntryPoint init]	
100abaad0	100abab7b	decompiled	chunks/008/functions-000561.c	-[SCSCSendObservabilityLoggingServicesSaberEntryPoint setValue:forIvarName:]	
100abab7c	100abad7f	decompiled	chunks/008/functions-000561.c		
100abad80	100abada7	decompiled	chunks/008/functions-000561.c	-[SCSCSendObservabilityLoggingServicesSaberEntryPoint setBeginIn:]	
100abada8	100abadc7	decompiled	chunks/008/functions-000561.c		
100abadc8	100abadd3	decompiled	chunks/008/functions-000561.c		
100abadd4	100abadff	decompiled	chunks/008/functions-000561.c		
100abae00	100abae07	decompiled	chunks/008/functions-000561.c		
100abae08	100abae5b	decompiled	chunks/008/functions-000562.c		
100abae5c	100abae67	decompiled	chunks/008/functions-000562.c	-[SCSCSendObservabilityLoggingServicesSaberEntryPoint setActiveUserSessionScopeGraphBridgeServices:]	
100abae68	100abaecb	decompiled	chunks/008/functions-000562.c	-[SCSCSendObservabilityLoggingServicesSaberEntryPoint setSCSendObservabilityLoggingServicesExposer:]	
100abaecc	100abaef3	decompiled	chunks/008/functions-000562.c	-[SCSCSendObservabilityLoggingServicesSaberEntryPoint begin]	
100abaef4	100abb077	decompiled	chunks/008/functions-000562.c		
100abb078	100abb083	decompiled	chunks/008/functions-000562.c	-[SCSCSendObservabilityLoggingServicesSaberEntryPoint beginIn]	
100abb084	100abb0c7	decompiled	chunks/008/functions-000562.c		
100abb0c8	100abb0d3	decompiled	chunks/008/functions-000562.c	-[SCSCSendObservabilityLoggingServicesSaberEntryPoint activeUserSessionScopeGraphBridgeServices]	
100abb0d4	100abb11b	decompiled	chunks/008/functions-000562.c	-[SCSCSendObservabilityLoggingServicesSaberEntryPoint sCSendObservabilityLoggingServicesExposer]	
100abb11c	100abb13b	decompiled	chunks/008/functions-000562.c		
100abb13c	100abb15f	decompiled	chunks/008/functions-000562.c		
100abb160	100abb237	decompiled	chunks/008/functions-000562.c		
100abb238	100abb2b7	decompiled	chunks/008/functions-000562.c	-[SCSCSnapProMessagingServicesSaberEntryPoint init]	
100abb2b8	100abb363	decompiled	chunks/008/functions-000562.c	-[SCSCSnapProMessagingServicesSaberEntryPoint setValue:forIvarName:]	
100abb364	100abb567	decompiled	chunks/008/functions-000562.c		
100abb568	100abb573	decompiled	chunks/008/functions-000562.c	-[SCSCSnapProMessagingServicesSaberEntryPoint setBeginIn:]	
100abb574	100abb5c7	decompiled	chunks/008/functions-000562.c		
100abb5c8	100abb5d3	decompiled	chunks/008/functions-000562.c	-[SCSCSnapProMessagingServicesSaberEntryPoint setCreatorsActiveUserSessionScopeGraphBridgeServices:]	
100abb5d4	100abb6fb	decompiled	chunks/008/functions-000562.c		
100abb6fc	100abb75f	decompiled	chunks/008/functions-000562.c	-[SCSCSnapProMessagingServicesSaberEntryPoint setSCSnapProMessagingServicesExposer:]	
100abb760	100abb787	decompiled	chunks/008/functions-000562.c	-[SCSCSnapProMessagingServicesSaberEntryPoint begin]	
100abb788	100abb90b	decompiled	chunks/008/functions-000562.c		
100abb90c	100abb917	decompiled	chunks/008/functions-000562.c	-[SCSCSnapProMessagingServicesSaberEntryPoint beginIn]	
100abb918	100abb95b	decompiled	chunks/008/functions-000562.c		
100abb95c	100abb967	decompiled	chunks/008/functions-000562.c	-[SCSCSnapProMessagingServicesSaberEntryPoint creatorsActiveUserSessionScopeGraphBridgeServices]	
100abb968	100abb9af	decompiled	chunks/008/functions-000562.c	-[SCSCSnapProMessagingServicesSaberEntryPoint sCSnapProMessagingServicesExposer]	
100abb9b0	100abb9cf	decompiled	chunks/008/functions-000562.c		
100abb9d0	100abba4f	decompiled	chunks/008/functions-000562.c	-[SCSCTextSendingServicesSaberEntryPoint init]	
100abba50	100abbafb	decompiled	chunks/008/functions-000562.c	-[SCSCTextSendingServicesSaberEntryPoint setValue:forIvarName:]	
100abbafc	100abbcff	decompiled	chunks/008/functions-000562.c		
100abbd00	100abbd0b	decompiled	chunks/008/functions-000562.c	-[SCSCTextSendingServicesSaberEntryPoint setBeginIn:]	
100abbd0c	100abbd5f	decompiled	chunks/008/functions-000562.c		
100abbd60	100abbd6b	decompiled	chunks/008/functions-000562.c	-[SCSCTextSendingServicesSaberEntryPoint setConvoActiveUserSessionScopeGraphBridgeServices:]	
100abbd6c	100abbdcf	decompiled	chunks/008/functions-000562.c	-[SCSCTextSendingServicesSaberEntryPoint setSCTextSendingServicesExposer:]	
100abbdd0	100abbdf7	decompiled	chunks/008/functions-000562.c	-[SCSCTextSendingServicesSaberEntryPoint begin]	
100abbdf8	100abbf7b	decompiled	chunks/008/functions-000562.c		
100abbf7c	100abbf87	decompiled	chunks/008/functions-000562.c	-[SCSCTextSendingServicesSaberEntryPoint beginIn]	
100abbf88	100abbfcb	decompiled	chunks/008/functions-000562.c		
100abbfcc	100abbfd7	decompiled	chunks/008/functions-000562.c	-[SCSCTextSendingServicesSaberEntryPoint convoActiveUserSessionScopeGraphBridgeServices]	
100abbfd8	100abc01f	decompiled	chunks/008/functions-000562.c	-[SCSCTextSendingServicesSaberEntryPoint sCTextSendingServicesExposer]	
100abc020	100abc03f	decompiled	chunks/008/functions-000562.c		
100abc040	100abc0bf	decompiled	chunks/008/functions-000562.c	-[SCSCUnlockablesMetricsServicesSaberEntryPoint init]	
100abc0c0	100abc16b	decompiled	chunks/008/functions-000562.c	-[SCSCUnlockablesMetricsServicesSaberEntryPoint setValue:forIvarName:]	
100abc16c	100abc36f	decompiled	chunks/008/functions-000562.c		
100abc370	100abc37b	decompiled	chunks/008/functions-000562.c	-[SCSCUnlockablesMetricsServicesSaberEntryPoint setBeginIn:]	
100abc37c	100abc3cf	decompiled	chunks/008/functions-000562.c		
100abc3d0	100abc3db	decompiled	chunks/008/functions-000562.c	-[SCSCUnlockablesMetricsServicesSaberEntryPoint setAdclActiveUserSessionScopeGraphBridgeServices:]	
100abc3dc	100abc43f	decompiled	chunks/008/functions-000562.c	-[SCSCUnlockablesMetricsServicesSaberEntryPoint setSCUnlockablesMetricsServicesExposer:]	
100abc440	100abc467	decompiled	chunks/008/functions-000562.c	-[SCSCUnlockablesMetricsServicesSaberEntryPoint begin]	
100abc468	100abc5eb	decompiled	chunks/008/functions-000562.c		
100abc5ec	100abc5f7	decompiled	chunks/008/functions-000562.c	-[SCSCUnlockablesMetricsServicesSaberEntryPoint beginIn]	
100abc5f8	100abc63b	decompiled	chunks/008/functions-000562.c		
100abc63c	100abc647	decompiled	chunks/008/functions-000562.c	-[SCSCUnlockablesMetricsServicesSaberEntryPoint adclActiveUserSessionScopeGraphBridgeServices]	
100abc648	100abc68f	decompiled	chunks/008/functions-000562.c	-[SCSCUnlockablesMetricsServicesSaberEntryPoint sCUnlockablesMetricsServicesExposer]	
100abc690	100abc6af	decompiled	chunks/008/functions-000562.c		
100abc6b0	100abc71b	decompiled	chunks/008/functions-000562.c	-[SCSaturnActiveUserSessionScopeGraphBridgeSaberEntryPoint init]	
100abc71c	100abc7c7	decompiled	chunks/008/functions-000562.c	-[SCSaturnActiveUserSessionScopeGraphBridgeSaberEntryPoint setValue:forIvarName:]	
100abc7c8	100abc95f	decompiled	chunks/008/functions-000562.c		
100abc960	100abc9b7	decompiled	chunks/008/functions-000562.c	-[SCSaturnActiveUserSessionScopeGraphBridgeSaberEntryPoint setBeginIn:]	
100abc9b8	100abca1b	decompiled	chunks/008/functions-000562.c	-[SCSaturnActiveUserSessionScopeGraphBridgeSaberEntryPoint setSaturnActiveUserSessionScopeGraphBridgeServicesExposer:]	
100abca1c	100abca43	decompiled	chunks/008/functions-000562.c	-[SCSaturnActiveUserSessionScopeGraphBridgeSaberEntryPoint begin]	
100abca44	100abcb77	decompiled	chunks/008/functions-000562.c		
100abcb78	100abcbbf	decompiled	chunks/008/functions-000562.c	-[SCSaturnActiveUserSessionScopeGraphBridgeSaberEntryPoint beginIn]	
100abcbc0	100abcc07	decompiled	chunks/008/functions-000562.c	-[SCSaturnActiveUserSessionScopeGraphBridgeSaberEntryPoint saturnActiveUserSessionScopeGraphBridgeServicesExposer]	
100abcc08	100abcc27	decompiled	chunks/008/functions-000562.c		
100abcc28	100abccf7	decompiled	chunks/008/functions-000562.c		
100abccf8	100abcd63	decompiled	chunks/008/functions-000562.c	-[SCSearchActiveUserSessionScopeGraphBridgeSaberEntryPoint init]	
100abcd64	100abce0f	decompiled	chunks/008/functions-000562.c	-[SCSearchActiveUserSessionScopeGraphBridgeSaberEntryPoint setValue:forIvarName:]	
100abce10	100abcfa7	decompiled	chunks/008/functions-000562.c		
100abcfa8	100abcfff	decompiled	chunks/008/functions-000562.c	-[SCSearchActiveUserSessionScopeGraphBridgeSaberEntryPoint setBeginIn:]	
100abd000	100abd063	decompiled	chunks/008/functions-000562.c	-[SCSearchActiveUserSessionScopeGraphBridgeSaberEntryPoint setSearchActiveUserSessionScopeGraphBridgeServicesExposer:]	
100abd064	100abd08b	decompiled	chunks/008/functions-000562.c	-[SCSearchActiveUserSessionScopeGraphBridgeSaberEntryPoint begin]	
100abd08c	100abd1bf	decompiled	chunks/008/functions-000562.c		
100abd1c0	100abd207	decompiled	chunks/008/functions-000562.c	-[SCSearchActiveUserSessionScopeGraphBridgeSaberEntryPoint beginIn]	
100abd208	100abd24f	decompiled	chunks/008/functions-000562.c	-[SCSearchActiveUserSessionScopeGraphBridgeSaberEntryPoint searchActiveUserSessionScopeGraphBridgeServicesExposer]	
100abd250	100abd26f	decompiled	chunks/008/functions-000562.c		
100abd270	100abd33f	decompiled	chunks/008/functions-000562.c		
100abd340	100abd3ab	decompiled	chunks/008/functions-000562.c	-[SCSemcActiveUserSessionScopeGraphBridgeSaberEntryPoint init]	
100abd3ac	100abd457	decompiled	chunks/008/functions-000562.c	-[SCSemcActiveUserSessionScopeGraphBridgeSaberEntryPoint setValue:forIvarName:]	
100abd458	100abd5ef	decompiled	chunks/008/functions-000562.c		
100abd5f0	100abd647	decompiled	chunks/008/functions-000562.c	-[SCSemcActiveUserSessionScopeGraphBridgeSaberEntryPoint setBeginIn:]	
100abd648	100abd6ab	decompiled	chunks/008/functions-000562.c	-[SCSemcActiveUserSessionScopeGraphBridgeSaberEntryPoint setSemcActiveUserSessionScopeGraphBridgeServicesExposer:]	
100abd6ac	100abd6d3	decompiled	chunks/008/functions-000562.c	-[SCSemcActiveUserSessionScopeGraphBridgeSaberEntryPoint begin]	
100abd6d4	100abd807	decompiled	chunks/008/functions-000562.c		
100abd808	100abd84f	decompiled	chunks/008/functions-000562.c	-[SCSemcActiveUserSessionScopeGraphBridgeSaberEntryPoint beginIn]	
100abd850	100abd897	decompiled	chunks/008/functions-000562.c	-[SCSemcActiveUserSessionScopeGraphBridgeSaberEntryPoint semcActiveUserSessionScopeGraphBridgeServicesExposer]	
100abd898	100abd8b7	decompiled	chunks/008/functions-000562.c		
100abd8b8	100abd987	decompiled	chunks/008/functions-000562.c		
100abd988	100abd9f3	decompiled	chunks/008/functions-000562.c	-[SCSharingActiveUserSessionScopeGraphBridgeSaberEntryPoint init]	
100abd9f4	100abda9f	decompiled	chunks/008/functions-000562.c	-[SCSharingActiveUserSessionScopeGraphBridgeSaberEntryPoint setValue:forIvarName:]	
100abdaa0	100abdc37	decompiled	chunks/008/functions-000562.c		
100abdc38	100abdc8f	decompiled	chunks/008/functions-000562.c	-[SCSharingActiveUserSessionScopeGraphBridgeSaberEntryPoint setBeginIn:]	
100abdc90	100abdcf3	decompiled	chunks/008/functions-000562.c	-[SCSharingActiveUserSessionScopeGraphBridgeSaberEntryPoint setSharingActiveUserSessionScopeGraphBridgeServicesExposer:]	
100abdcf4	100abdd1b	decompiled	chunks/008/functions-000562.c	-[SCSharingActiveUserSessionScopeGraphBridgeSaberEntryPoint begin]	
100abdd1c	100abde4f	decompiled	chunks/008/functions-000562.c		
100abde50	100abde97	decompiled	chunks/008/functions-000562.c	-[SCSharingActiveUserSessionScopeGraphBridgeSaberEntryPoint beginIn]	
100abde98	100abdedf	decompiled	chunks/008/functions-000562.c	-[SCSharingActiveUserSessionScopeGraphBridgeSaberEntryPoint sharingActiveUserSessionScopeGraphBridgeServicesExposer]	
100abdee0	100abdeff	decompiled	chunks/008/functions-000562.c		
100abdf00	100abdfcf	decompiled	chunks/008/functions-000562.c		
100abdfd0	100abe03b	decompiled	chunks/008/functions-000562.c	-[SCSigActiveUserSessionScopeGraphBridgeSaberEntryPoint init]	
100abe03c	100abe0e7	decompiled	chunks/008/functions-000563.c	-[SCSigActiveUserSessionScopeGraphBridgeSaberEntryPoint setValue:forIvarName:]	
100abe0e8	100abe27f	decompiled	chunks/008/functions-000563.c		
100abe280	100abe2d7	decompiled	chunks/008/functions-000563.c	-[SCSigActiveUserSessionScopeGraphBridgeSaberEntryPoint setBeginIn:]	
100abe2d8	100abe33b	decompiled	chunks/008/functions-000563.c	-[SCSigActiveUserSessionScopeGraphBridgeSaberEntryPoint setSigActiveUserSessionScopeGraphBridgeServicesExposer:]	
100abe33c	100abe363	decompiled	chunks/008/functions-000563.c	-[SCSigActiveUserSessionScopeGraphBridgeSaberEntryPoint begin]	
100abe364	100abe497	decompiled	chunks/008/functions-000563.c		
100abe498	100abe4df	decompiled	chunks/008/functions-000563.c	-[SCSigActiveUserSessionScopeGraphBridgeSaberEntryPoint beginIn]	
100abe4e0	100abe527	decompiled	chunks/008/functions-000563.c	-[SCSigActiveUserSessionScopeGraphBridgeSaberEntryPoint sigActiveUserSessionScopeGraphBridgeServicesExposer]	
100abe528	100abe547	decompiled	chunks/008/functions-000563.c		
100abe548	100abe617	decompiled	chunks/008/functions-000563.c		
100abe618	100abe697	decompiled	chunks/008/functions-000563.c	-[SCSongGenerationServicesSaberEntryPoint init]	
100abe698	100abe743	decompiled	chunks/008/functions-000563.c	-[SCSongGenerationServicesSaberEntryPoint setValue:forIvarName:]	
100abe744	100abe947	decompiled	chunks/008/functions-000563.c		
100abe948	100abe953	decompiled	chunks/008/functions-000563.c	-[SCSongGenerationServicesSaberEntryPoint setBeginIn:]	
100abe954	100abe9a7	decompiled	chunks/008/functions-000563.c		
100abe9a8	100abe9b3	decompiled	chunks/008/functions-000563.c	-[SCSongGenerationServicesSaberEntryPoint setPlusActiveUserSessionScopeGraphBridgeServices:]	
100abe9b4	100abea17	decompiled	chunks/008/functions-000563.c	-[SCSongGenerationServicesSaberEntryPoint setSongGenerationServicesExposer:]	
100abea18	100abea3f	decompiled	chunks/008/functions-000563.c	-[SCSongGenerationServicesSaberEntryPoint begin]	
100abea40	100abebc3	decompiled	chunks/008/functions-000563.c		
100abebc4	100abebcf	decompiled	chunks/008/functions-000563.c	-[SCSongGenerationServicesSaberEntryPoint beginIn]	
100abebd0	100abec13	decompiled	chunks/008/functions-000563.c		
100abec14	100abec1f	decompiled	chunks/008/functions-000563.c	-[SCSongGenerationServicesSaberEntryPoint plusActiveUserSessionScopeGraphBridgeServices]	
100abec20	100abec67	decompiled	chunks/008/functions-000563.c	-[SCSongGenerationServicesSaberEntryPoint songGenerationServicesExposer]	
100abec68	100abec87	decompiled	chunks/008/functions-000563.c		
100abec88	100abec8f	decompiled	chunks/008/functions-000563.c		
100abec90	100abecfb	decompiled	chunks/008/functions-000563.c		
100abecfc	100abeda7	decompiled	chunks/008/functions-000563.c		
100abeda8	100abf16f	decompiled	chunks/008/functions-000563.c		
100abf170	100abf193	decompiled	chunks/008/functions-000563.c		
100abf194	100abf1a7	decompiled	chunks/008/functions-000563.c		
100abf1a8	100abf24b	decompiled	chunks/008/functions-000563.c	-[UNISCMinervaMinervaServiceFactory initWithUnifiedGRPCClientFactory:circumstanceEngine:]	
100abf24c	100abf25f	decompiled	chunks/008/functions-000563.c		
100abf260	100abf32b	decompiled	chunks/008/functions-000563.c	-[SCMinervaAISongGrpcServiceImpl initWithMinervaService:minervaProtoModelsConverter:grpcCallOptionsBuilder:]	
100abf32c	100abf3a3	decompiled	chunks/008/functions-000563.c		
100abf3a4	100abf40f	decompiled	chunks/008/functions-000563.c	-[SCSpecengActiveUserSessionScopeGraphBridgeSaberEntryPoint init]	
100abf410	100abf4bb	decompiled	chunks/008/functions-000563.c	-[SCSpecengActiveUserSessionScopeGraphBridgeSaberEntryPoint setValue:forIvarName:]	
100abf4bc	100abf653	decompiled	chunks/008/functions-000563.c		
100abf654	100abf6ab	decompiled	chunks/008/functions-000563.c	-[SCSpecengActiveUserSessionScopeGraphBridgeSaberEntryPoint setBeginIn:]	
100abf6ac	100abf70f	decompiled	chunks/008/functions-000563.c	-[SCSpecengActiveUserSessionScopeGraphBridgeSaberEntryPoint setSpecengActiveUserSessionScopeGraphBridgeServicesExposer:]	
100abf710	100abf737	decompiled	chunks/008/functions-000563.c	-[SCSpecengActiveUserSessionScopeGraphBridgeSaberEntryPoint begin]	
100abf738	100abf86b	decompiled	chunks/008/functions-000563.c		
100abf86c	100abf8b3	decompiled	chunks/008/functions-000563.c	-[SCSpecengActiveUserSessionScopeGraphBridgeSaberEntryPoint beginIn]	
100abf8b4	100abf8fb	decompiled	chunks/008/functions-000563.c	-[SCSpecengActiveUserSessionScopeGraphBridgeSaberEntryPoint specengActiveUserSessionScopeGraphBridgeServicesExposer]	
100abf8fc	100abf91b	decompiled	chunks/008/functions-000563.c		
100abf91c	100abf9eb	decompiled	chunks/008/functions-000563.c		
100abf9ec	100abfa6b	decompiled	chunks/008/functions-000563.c	-[SCSCSpectaclesAppStatusServicesSaberEntryPoint init]	
100abfa6c	100abfb17	decompiled	chunks/008/functions-000563.c	-[SCSCSpectaclesAppStatusServicesSaberEntryPoint setValue:forIvarName:]	
100abfb18	100abfd1b	decompiled	chunks/008/functions-000563.c		
100abfd1c	100abfd27	decompiled	chunks/008/functions-000563.c	-[SCSCSpectaclesAppStatusServicesSaberEntryPoint setBeginIn:]	
100abfd28	100abfd7b	decompiled	chunks/008/functions-000563.c		
100abfd7c	100abfd87	decompiled	chunks/008/functions-000563.c	-[SCSCSpectaclesAppStatusServicesSaberEntryPoint setSpecengActiveUserSessionScopeGraphBridgeServices:]	
100abfd88	100abfdeb	decompiled	chunks/008/functions-000563.c	-[SCSCSpectaclesAppStatusServicesSaberEntryPoint setSCSpectaclesAppStatusServicesExposer:]	
100abfdec	100abfe13	decompiled	chunks/008/functions-000563.c	-[SCSCSpectaclesAppStatusServicesSaberEntryPoint begin]	
100abfe14	100abff97	decompiled	chunks/008/functions-000563.c		
100abff98	100abffa3	decompiled	chunks/008/functions-000563.c	-[SCSCSpectaclesAppStatusServicesSaberEntryPoint beginIn]	
100abffa4	100abffe7	decompiled	chunks/008/functions-000563.c		
100abffe8	100abfff3	decompiled	chunks/008/functions-000563.c	-[SCSCSpectaclesAppStatusServicesSaberEntryPoint specengActiveUserSessionScopeGraphBridgeServices]	
100abfff4	100ac003b	decompiled	chunks/008/functions-000563.c	-[SCSCSpectaclesAppStatusServicesSaberEntryPoint sCSpectaclesAppStatusServicesExposer]	
100ac003c	100ac005b	decompiled	chunks/008/functions-000563.c		
100ac005c	100ac00db	decompiled	chunks/008/functions-000563.c	-[SCSCSpectaclesAsyncQueuesSaberEntryPoint init]	
100ac00dc	100ac0187	decompiled	chunks/008/functions-000563.c	-[SCSCSpectaclesAsyncQueuesSaberEntryPoint setValue:forIvarName:]	
100ac0188	100ac038b	decompiled	chunks/008/functions-000563.c		
100ac038c	100ac0397	decompiled	chunks/008/functions-000563.c	-[SCSCSpectaclesAsyncQueuesSaberEntryPoint setBeginIn:]	
100ac0398	100ac03eb	decompiled	chunks/008/functions-000563.c		
100ac03ec	100ac03f7	decompiled	chunks/008/functions-000563.c	-[SCSCSpectaclesAsyncQueuesSaberEntryPoint setSpecengActiveUserSessionScopeGraphBridgeServices:]	
100ac03f8	100ac045b	decompiled	chunks/008/functions-000563.c	-[SCSCSpectaclesAsyncQueuesSaberEntryPoint setSCSpectaclesAsyncQueuesExposer:]	
100ac045c	100ac0483	decompiled	chunks/008/functions-000563.c	-[SCSCSpectaclesAsyncQueuesSaberEntryPoint begin]	
100ac0484	100ac0607	decompiled	chunks/008/functions-000563.c		
100ac0608	100ac0613	decompiled	chunks/008/functions-000563.c	-[SCSCSpectaclesAsyncQueuesSaberEntryPoint beginIn]	
100ac0614	100ac0657	decompiled	chunks/008/functions-000563.c		
100ac0658	100ac0663	decompiled	chunks/008/functions-000563.c	-[SCSCSpectaclesAsyncQueuesSaberEntryPoint specengActiveUserSessionScopeGraphBridgeServices]	
100ac0664	100ac06ab	decompiled	chunks/008/functions-000563.c	-[SCSCSpectaclesAsyncQueuesSaberEntryPoint sCSpectaclesAsyncQueuesExposer]	
100ac06ac	100ac06cb	decompiled	chunks/008/functions-000563.c		
100ac06cc	100ac06d3	decompiled	chunks/008/functions-000563.c		
100ac06d4	100ac0727	decompiled	chunks/008/functions-000563.c		
100ac0728	100ac07a7	decompiled	chunks/008/functions-000563.c	-[SCSCSpectaclesBluetoothCentralManagerServicesSaberEntryPoint init]	
100ac07a8	100ac0853	decompiled	chunks/008/functions-000563.c	-[SCSCSpectaclesBluetoothCentralManagerServicesSaberEntryPoint setValue:forIvarName:]	
100ac0854	100ac0a57	decompiled	chunks/008/functions-000563.c		
100ac0a58	100ac0a63	decompiled	chunks/008/functions-000563.c	-[SCSCSpectaclesBluetoothCentralManagerServicesSaberEntryPoint setBeginIn:]	
100ac0a64	100ac0ab7	decompiled	chunks/008/functions-000563.c		
100ac0ab8	100ac0ac3	decompiled	chunks/008/functions-000563.c	-[SCSCSpectaclesBluetoothCentralManagerServicesSaberEntryPoint setSpecengActiveUserSessionScopeGraphBridgeServices:]	
100ac0ac4	100ac0b27	decompiled	chunks/008/functions-000563.c	-[SCSCSpectaclesBluetoothCentralManagerServicesSaberEntryPoint setSCSpectaclesBluetoothCentralManagerServicesExposer:]	
100ac0b28	100ac0b4f	decompiled	chunks/008/functions-000563.c	-[SCSCSpectaclesBluetoothCentralManagerServicesSaberEntryPoint begin]	
100ac0b50	100ac0cd3	decompiled	chunks/008/functions-000563.c		
100ac0cd4	100ac0cdf	decompiled	chunks/008/functions-000563.c	-[SCSCSpectaclesBluetoothCentralManagerServicesSaberEntryPoint beginIn]	
100ac0ce0	100ac0d23	decompiled	chunks/008/functions-000563.c		
100ac0d24	100ac0d2f	decompiled	chunks/008/functions-000563.c	-[SCSCSpectaclesBluetoothCentralManagerServicesSaberEntryPoint specengActiveUserSessionScopeGraphBridgeServices]	
100ac0d30	100ac0d77	decompiled	chunks/008/functions-000563.c	-[SCSCSpectaclesBluetoothCentralManagerServicesSaberEntryPoint sCSpectaclesBluetoothCentralManagerServicesExposer]	
100ac0d78	100ac0d97	decompiled	chunks/008/functions-000563.c		
100ac0d98	100ac0d9f	decompiled	chunks/008/functions-000563.c		
100ac0da0	100ac0df3	decompiled	chunks/008/functions-000563.c		
100ac0df4	100ac0e73	decompiled	chunks/008/functions-000563.c	-[SCSCSpectaclesContentStatusServicesSaberEntryPoint init]	
100ac0e74	100ac0f1f	decompiled	chunks/008/functions-000563.c	-[SCSCSpectaclesContentStatusServicesSaberEntryPoint setValue:forIvarName:]	
100ac0f20	100ac1123	decompiled	chunks/008/functions-000563.c		
100ac1124	100ac112f	decompiled	chunks/008/functions-000563.c	-[SCSCSpectaclesContentStatusServicesSaberEntryPoint setBeginIn:]	
100ac1130	100ac1183	decompiled	chunks/008/functions-000563.c		
100ac1184	100ac118f	decompiled	chunks/008/functions-000563.c	-[SCSCSpectaclesContentStatusServicesSaberEntryPoint setSpecengActiveUserSessionScopeGraphBridgeServices:]	
100ac1190	100ac11f3	decompiled	chunks/008/functions-000563.c	-[SCSCSpectaclesContentStatusServicesSaberEntryPoint setSCSpectaclesContentStatusServicesExposer:]	
100ac11f4	100ac121b	decompiled	chunks/008/functions-000563.c	-[SCSCSpectaclesContentStatusServicesSaberEntryPoint begin]	
100ac121c	100ac139f	decompiled	chunks/008/functions-000563.c		
100ac13a0	100ac13ab	decompiled	chunks/008/functions-000564.c	-[SCSCSpectaclesContentStatusServicesSaberEntryPoint beginIn]	
100ac13ac	100ac13ef	decompiled	chunks/008/functions-000564.c		
100ac13f0	100ac13fb	decompiled	chunks/008/functions-000564.c	-[SCSCSpectaclesContentStatusServicesSaberEntryPoint specengActiveUserSessionScopeGraphBridgeServices]	
100ac13fc	100ac1443	decompiled	chunks/008/functions-000564.c	-[SCSCSpectaclesContentStatusServicesSaberEntryPoint sCSpectaclesContentStatusServicesExposer]	
100ac1444	100ac1463	decompiled	chunks/008/functions-000564.c		
100ac1464	100ac146b	decompiled	chunks/008/functions-000564.c		
100ac146c	100ac14bf	decompiled	chunks/008/functions-000564.c		
100ac14c0	100ac153f	decompiled	chunks/008/functions-000564.c	-[SCSCSpectaclesNetworkConnectivityServicesSaberEntryPoint init]	
100ac1540	100ac15eb	decompiled	chunks/008/functions-000564.c	-[SCSCSpectaclesNetworkConnectivityServicesSaberEntryPoint setValue:forIvarName:]	
100ac15ec	100ac17ef	decompiled	chunks/008/functions-000564.c		
100ac17f0	100ac17fb	decompiled	chunks/008/functions-000564.c	-[SCSCSpectaclesNetworkConnectivityServicesSaberEntryPoint setBeginIn:]	
100ac17fc	100ac184f	decompiled	chunks/008/functions-000564.c		
100ac1850	100ac185b	decompiled	chunks/008/functions-000564.c	-[SCSCSpectaclesNetworkConnectivityServicesSaberEntryPoint setSpecengActiveUserSessionScopeGraphBridgeServices:]	
100ac185c	100ac18bf	decompiled	chunks/008/functions-000564.c	-[SCSCSpectaclesNetworkConnectivityServicesSaberEntryPoint setSCSpectaclesNetworkConnectivityServicesExposer:]	
100ac18c0	100ac18e7	decompiled	chunks/008/functions-000564.c	-[SCSCSpectaclesNetworkConnectivityServicesSaberEntryPoint begin]	
100ac18e8	100ac1a6b	decompiled	chunks/008/functions-000564.c		
100ac1a6c	100ac1a77	decompiled	chunks/008/functions-000564.c	-[SCSCSpectaclesNetworkConnectivityServicesSaberEntryPoint beginIn]	
100ac1a78	100ac1abb	decompiled	chunks/008/functions-000564.c		
100ac1abc	100ac1ac7	decompiled	chunks/008/functions-000564.c	-[SCSCSpectaclesNetworkConnectivityServicesSaberEntryPoint specengActiveUserSessionScopeGraphBridgeServices]	
100ac1ac8	100ac1b0f	decompiled	chunks/008/functions-000564.c	-[SCSCSpectaclesNetworkConnectivityServicesSaberEntryPoint sCSpectaclesNetworkConnectivityServicesExposer]	
100ac1b10	100ac1b2f	decompiled	chunks/008/functions-000564.c		
100ac1b30	100ac1b37	decompiled	chunks/008/functions-000564.c		
100ac1b38	100ac1b8b	decompiled	chunks/008/functions-000564.c		
100ac1b8c	100ac1c0b	decompiled	chunks/008/functions-000564.c	-[SCSCSpectaclesNotificationsServicesSaberEntryPoint init]	
100ac1c0c	100ac1cb7	decompiled	chunks/008/functions-000564.c	-[SCSCSpectaclesNotificationsServicesSaberEntryPoint setValue:forIvarName:]	
100ac1cb8	100ac1ebb	decompiled	chunks/008/functions-000564.c		
100ac1ebc	100ac1ec7	decompiled	chunks/008/functions-000564.c	-[SCSCSpectaclesNotificationsServicesSaberEntryPoint setBeginIn:]	
100ac1ec8	100ac1f1b	decompiled	chunks/008/functions-000564.c		
100ac1f1c	100ac1f27	decompiled	chunks/008/functions-000564.c	-[SCSCSpectaclesNotificationsServicesSaberEntryPoint setSpecengActiveUserSessionScopeGraphBridgeServices:]	
100ac1f28	100ac1f8b	decompiled	chunks/008/functions-000564.c	-[SCSCSpectaclesNotificationsServicesSaberEntryPoint setSCSpectaclesNotificationsServicesExposer:]	
100ac1f8c	100ac1fb3	decompiled	chunks/008/functions-000564.c	-[SCSCSpectaclesNotificationsServicesSaberEntryPoint begin]	
100ac1fb4	100ac2137	decompiled	chunks/008/functions-000564.c		
100ac2138	100ac2143	decompiled	chunks/008/functions-000564.c	-[SCSCSpectaclesNotificationsServicesSaberEntryPoint beginIn]	
100ac2144	100ac2187	decompiled	chunks/008/functions-000564.c		
100ac2188	100ac2193	decompiled	chunks/008/functions-000564.c	-[SCSCSpectaclesNotificationsServicesSaberEntryPoint specengActiveUserSessionScopeGraphBridgeServices]	
100ac2194	100ac21db	decompiled	chunks/008/functions-000564.c	-[SCSCSpectaclesNotificationsServicesSaberEntryPoint sCSpectaclesNotificationsServicesExposer]	
100ac21dc	100ac21fb	decompiled	chunks/008/functions-000564.c		
100ac21fc	100ac2203	decompiled	chunks/008/functions-000564.c		
100ac2204	100ac2257	decompiled	chunks/008/functions-000564.c		
100ac2258	100ac22d7	decompiled	chunks/008/functions-000564.c	-[SCSCSpectaclesServicesSaberEntryPoint init]	
100ac22d8	100ac2383	decompiled	chunks/008/functions-000564.c	-[SCSCSpectaclesServicesSaberEntryPoint setValue:forIvarName:]	
100ac2384	100ac2587	decompiled	chunks/008/functions-000564.c		
100ac2588	100ac2593	decompiled	chunks/008/functions-000564.c	-[SCSCSpectaclesServicesSaberEntryPoint setBeginIn:]	
100ac2594	100ac25e7	decompiled	chunks/008/functions-000564.c		
100ac25e8	100ac25f3	decompiled	chunks/008/functions-000564.c	-[SCSCSpectaclesServicesSaberEntryPoint setSpecengActiveUserSessionScopeGraphBridgeServices:]	
100ac25f4	100ac2657	decompiled	chunks/008/functions-000564.c	-[SCSCSpectaclesServicesSaberEntryPoint setSCSpectaclesServicesExposer:]	
100ac2658	100ac267f	decompiled	chunks/008/functions-000564.c	-[SCSCSpectaclesServicesSaberEntryPoint begin]	
100ac2680	100ac2803	decompiled	chunks/008/functions-000564.c		
100ac2804	100ac280f	decompiled	chunks/008/functions-000564.c	-[SCSCSpectaclesServicesSaberEntryPoint beginIn]	
100ac2810	100ac2853	decompiled	chunks/008/functions-000564.c		
100ac2854	100ac285f	decompiled	chunks/008/functions-000564.c	-[SCSCSpectaclesServicesSaberEntryPoint specengActiveUserSessionScopeGraphBridgeServices]	
100ac2860	100ac28a7	decompiled	chunks/008/functions-000564.c	-[SCSCSpectaclesServicesSaberEntryPoint sCSpectaclesServicesExposer]	
100ac28a8	100ac28c7	decompiled	chunks/008/functions-000564.c		
100ac28c8	100ac2947	decompiled	chunks/008/functions-000564.c	-[SCSCSpectaclesUIAutomationServicesSaberEntryPoint init]	
100ac2948	100ac29f3	decompiled	chunks/008/functions-000564.c	-[SCSCSpectaclesUIAutomationServicesSaberEntryPoint setValue:forIvarName:]	
100ac29f4	100ac2bf7	decompiled	chunks/008/functions-000564.c		
100ac2bf8	100ac2c03	decompiled	chunks/008/functions-000564.c	-[SCSCSpectaclesUIAutomationServicesSaberEntryPoint setBeginIn:]	
100ac2c04	100ac2c57	decompiled	chunks/008/functions-000564.c		
100ac2c58	100ac2c63	decompiled	chunks/008/functions-000564.c	-[SCSCSpectaclesUIAutomationServicesSaberEntryPoint setSpecengActiveUserSessionScopeGraphBridgeServices:]	
100ac2c64	100ac2cc7	decompiled	chunks/008/functions-000564.c	-[SCSCSpectaclesUIAutomationServicesSaberEntryPoint setSCSpectaclesUIAutomationServicesExposer:]	
100ac2cc8	100ac2cef	decompiled	chunks/008/functions-000564.c	-[SCSCSpectaclesUIAutomationServicesSaberEntryPoint begin]	
100ac2cf0	100ac2e73	decompiled	chunks/008/functions-000564.c		
100ac2e74	100ac2e7f	decompiled	chunks/008/functions-000564.c	-[SCSCSpectaclesUIAutomationServicesSaberEntryPoint beginIn]	
100ac2e80	100ac2ec3	decompiled	chunks/008/functions-000564.c		
100ac2ec4	100ac2ecf	decompiled	chunks/008/functions-000564.c	-[SCSCSpectaclesUIAutomationServicesSaberEntryPoint specengActiveUserSessionScopeGraphBridgeServices]	
100ac2ed0	100ac2f17	decompiled	chunks/008/functions-000564.c	-[SCSCSpectaclesUIAutomationServicesSaberEntryPoint sCSpectaclesUIAutomationServicesExposer]	
100ac2f18	100ac2f37	decompiled	chunks/008/functions-000564.c		
100ac2f38	100ac2f3f	decompiled	chunks/008/functions-000564.c		
100ac2f40	100ac2f93	decompiled	chunks/008/functions-000564.c		
100ac2f94	100ac2fff	decompiled	chunks/008/functions-000564.c	-[SCSpotActiveUserSessionScopeGraphBridgeSaberEntryPoint init]	
100ac3000	100ac30ab	decompiled	chunks/008/functions-000564.c	-[SCSpotActiveUserSessionScopeGraphBridgeSaberEntryPoint setValue:forIvarName:]	
100ac30ac	100ac3243	decompiled	chunks/008/functions-000564.c		
100ac3244	100ac329b	decompiled	chunks/008/functions-000564.c	-[SCSpotActiveUserSessionScopeGraphBridgeSaberEntryPoint setBeginIn:]	
100ac329c	100ac32ff	decompiled	chunks/008/functions-000564.c	-[SCSpotActiveUserSessionScopeGraphBridgeSaberEntryPoint setSpotActiveUserSessionScopeGraphBridgeServicesExposer:]	
100ac3300	100ac3327	decompiled	chunks/008/functions-000564.c	-[SCSpotActiveUserSessionScopeGraphBridgeSaberEntryPoint begin]	
100ac3328	100ac345b	decompiled	chunks/008/functions-000564.c		
100ac345c	100ac34a3	decompiled	chunks/008/functions-000564.c	-[SCSpotActiveUserSessionScopeGraphBridgeSaberEntryPoint beginIn]	
100ac34a4	100ac34eb	decompiled	chunks/008/functions-000564.c	-[SCSpotActiveUserSessionScopeGraphBridgeSaberEntryPoint spotActiveUserSessionScopeGraphBridgeServicesExposer]	
100ac34ec	100ac350b	decompiled	chunks/008/functions-000564.c		
100ac350c	100ac35db	decompiled	chunks/008/functions-000564.c		
100ac35dc	100ac3647	decompiled	chunks/008/functions-000564.c	-[SCStrActiveUserSessionScopeGraphBridgeSaberEntryPoint init]	
100ac3648	100ac36f3	decompiled	chunks/008/functions-000564.c	-[SCStrActiveUserSessionScopeGraphBridgeSaberEntryPoint setValue:forIvarName:]	
100ac36f4	100ac388b	decompiled	chunks/008/functions-000564.c		
100ac388c	100ac38e3	decompiled	chunks/008/functions-000564.c	-[SCStrActiveUserSessionScopeGraphBridgeSaberEntryPoint setBeginIn:]	
100ac38e4	100ac3947	decompiled	chunks/008/functions-000564.c	-[SCStrActiveUserSessionScopeGraphBridgeSaberEntryPoint setStrActiveUserSessionScopeGraphBridgeServicesExposer:]	
100ac3948	100ac396f	decompiled	chunks/008/functions-000564.c	-[SCStrActiveUserSessionScopeGraphBridgeSaberEntryPoint begin]	
100ac3970	100ac3aa3	decompiled	chunks/008/functions-000564.c		
100ac3aa4	100ac3aeb	decompiled	chunks/008/functions-000564.c	-[SCStrActiveUserSessionScopeGraphBridgeSaberEntryPoint beginIn]	
100ac3aec	100ac3b33	decompiled	chunks/008/functions-000564.c	-[SCStrActiveUserSessionScopeGraphBridgeSaberEntryPoint strActiveUserSessionScopeGraphBridgeServicesExposer]	
100ac3b34	100ac3b53	decompiled	chunks/008/functions-000564.c		
100ac3b54	100ac3c23	decompiled	chunks/008/functions-000564.c		
100ac3c24	100ac3ca3	decompiled	chunks/008/functions-000564.c	-[SCSCCreatorSettingsServiceSaberEntryPoint init]	
100ac3ca4	100ac3d4f	decompiled	chunks/008/functions-000564.c	-[SCSCCreatorSettingsServiceSaberEntryPoint setValue:forIvarName:]	
100ac3d50	100ac3f53	decompiled	chunks/008/functions-000564.c		
100ac3f54	100ac3f5f	decompiled	chunks/008/functions-000564.c	-[SCSCCreatorSettingsServiceSaberEntryPoint setBeginIn:]	
100ac3f60	100ac3fb3	decompiled	chunks/008/functions-000564.c		
100ac3fb4	100ac3fbf	decompiled	chunks/008/functions-000564.c	-[SCSCCreatorSettingsServiceSaberEntryPoint setStrActiveUserSessionScopeGraphBridgeServices:]	
100ac3fc0	100ac4023	decompiled	chunks/008/functions-000564.c	-[SCSCCreatorSettingsServiceSaberEntryPoint setSCCreatorSettingsServiceExposer:]	
100ac4024	100ac404b	decompiled	chunks/008/functions-000564.c	-[SCSCCreatorSettingsServiceSaberEntryPoint begin]	
100ac404c	100ac41cf	decompiled	chunks/008/functions-000564.c		
100ac41d0	100ac41db	decompiled	chunks/008/functions-000565.c	-[SCSCCreatorSettingsServiceSaberEntryPoint beginIn]	
100ac41dc	100ac421f	decompiled	chunks/008/functions-000565.c		
100ac4220	100ac422b	decompiled	chunks/008/functions-000565.c	-[SCSCCreatorSettingsServiceSaberEntryPoint strActiveUserSessionScopeGraphBridgeServices]	
100ac422c	100ac4273	decompiled	chunks/008/functions-000565.c	-[SCSCCreatorSettingsServiceSaberEntryPoint sCCreatorSettingsServiceExposer]	
100ac4274	100ac4293	decompiled	chunks/008/functions-000565.c		
100ac4294	100ac4313	decompiled	chunks/008/functions-000565.c	-[SCSCDiscoverFeedDataServicesSaberEntryPoint init]	
100ac4314	100ac43bf	decompiled	chunks/008/functions-000565.c	-[SCSCDiscoverFeedDataServicesSaberEntryPoint setValue:forIvarName:]	
100ac43c0	100ac45c3	decompiled	chunks/008/functions-000565.c		
100ac45c4	100ac45cf	decompiled	chunks/008/functions-000565.c	-[SCSCDiscoverFeedDataServicesSaberEntryPoint setBeginIn:]	
100ac45d0	100ac4623	decompiled	chunks/008/functions-000565.c		
100ac4624	100ac462f	decompiled	chunks/008/functions-000565.c	-[SCSCDiscoverFeedDataServicesSaberEntryPoint setStrActiveUserSessionScopeGraphBridgeServices:]	
100ac4630	100ac4693	decompiled	chunks/008/functions-000565.c	-[SCSCDiscoverFeedDataServicesSaberEntryPoint setSCDiscoverFeedDataServicesExposer:]	
100ac4694	100ac46bb	decompiled	chunks/008/functions-000565.c	-[SCSCDiscoverFeedDataServicesSaberEntryPoint begin]	
100ac46bc	100ac483f	decompiled	chunks/008/functions-000565.c		
100ac4840	100ac484b	decompiled	chunks/008/functions-000565.c	-[SCSCDiscoverFeedDataServicesSaberEntryPoint beginIn]	
100ac484c	100ac488f	decompiled	chunks/008/functions-000565.c		
100ac4890	100ac489b	decompiled	chunks/008/functions-000565.c	-[SCSCDiscoverFeedDataServicesSaberEntryPoint strActiveUserSessionScopeGraphBridgeServices]	
100ac489c	100ac48e3	decompiled	chunks/008/functions-000565.c	-[SCSCDiscoverFeedDataServicesSaberEntryPoint sCDiscoverFeedDataServicesExposer]	
100ac48e4	100ac4903	decompiled	chunks/008/functions-000565.c		
100ac4904	100ac4983	decompiled	chunks/008/functions-000565.c	-[SCSCDiscoverFeedLoggingServicesSaberEntryPoint init]	
100ac4984	100ac4a2f	decompiled	chunks/008/functions-000565.c	-[SCSCDiscoverFeedLoggingServicesSaberEntryPoint setValue:forIvarName:]	
100ac4a30	100ac4c33	decompiled	chunks/008/functions-000565.c		
100ac4c34	100ac4c3f	decompiled	chunks/008/functions-000565.c	-[SCSCDiscoverFeedLoggingServicesSaberEntryPoint setBeginIn:]	
100ac4c40	100ac4c93	decompiled	chunks/008/functions-000565.c		
100ac4c94	100ac4c9f	decompiled	chunks/008/functions-000565.c	-[SCSCDiscoverFeedLoggingServicesSaberEntryPoint setStrActiveUserSessionScopeGraphBridgeServices:]	
100ac4ca0	100ac4d03	decompiled	chunks/008/functions-000565.c	-[SCSCDiscoverFeedLoggingServicesSaberEntryPoint setSCDiscoverFeedLoggingServicesExposer:]	
100ac4d04	100ac4d2b	decompiled	chunks/008/functions-000565.c	-[SCSCDiscoverFeedLoggingServicesSaberEntryPoint begin]	
100ac4d2c	100ac4eaf	decompiled	chunks/008/functions-000565.c		
100ac4eb0	100ac4ebb	decompiled	chunks/008/functions-000565.c	-[SCSCDiscoverFeedLoggingServicesSaberEntryPoint beginIn]	
100ac4ebc	100ac4eff	decompiled	chunks/008/functions-000565.c		
100ac4f00	100ac4f0b	decompiled	chunks/008/functions-000565.c	-[SCSCDiscoverFeedLoggingServicesSaberEntryPoint strActiveUserSessionScopeGraphBridgeServices]	
100ac4f0c	100ac4f53	decompiled	chunks/008/functions-000565.c	-[SCSCDiscoverFeedLoggingServicesSaberEntryPoint sCDiscoverFeedLoggingServicesExposer]	
100ac4f54	100ac4f73	decompiled	chunks/008/functions-000565.c		
100ac4f74	100ac4ff3	decompiled	chunks/008/functions-000565.c	-[SCSCDiscoverFeedNotificationServicesSaberEntryPoint init]	
100ac4ff4	100ac509f	decompiled	chunks/008/functions-000565.c	-[SCSCDiscoverFeedNotificationServicesSaberEntryPoint setValue:forIvarName:]	
100ac50a0	100ac52a3	decompiled	chunks/008/functions-000565.c		
100ac52a4	100ac52af	decompiled	chunks/008/functions-000565.c	-[SCSCDiscoverFeedNotificationServicesSaberEntryPoint setBeginIn:]	
100ac52b0	100ac5303	decompiled	chunks/008/functions-000565.c		
100ac5304	100ac530f	decompiled	chunks/008/functions-000565.c	-[SCSCDiscoverFeedNotificationServicesSaberEntryPoint setStrActiveUserSessionScopeGraphBridgeServices:]	
100ac5310	100ac5373	decompiled	chunks/008/functions-000565.c	-[SCSCDiscoverFeedNotificationServicesSaberEntryPoint setSCDiscoverFeedNotificationServicesExposer:]	
100ac5374	100ac539b	decompiled	chunks/008/functions-000565.c	-[SCSCDiscoverFeedNotificationServicesSaberEntryPoint begin]	
100ac539c	100ac551f	decompiled	chunks/008/functions-000565.c		
100ac5520	100ac552b	decompiled	chunks/008/functions-000565.c	-[SCSCDiscoverFeedNotificationServicesSaberEntryPoint beginIn]	
100ac552c	100ac556f	decompiled	chunks/008/functions-000565.c		
100ac5570	100ac557b	decompiled	chunks/008/functions-000565.c	-[SCSCDiscoverFeedNotificationServicesSaberEntryPoint strActiveUserSessionScopeGraphBridgeServices]	
100ac557c	100ac55c3	decompiled	chunks/008/functions-000565.c	-[SCSCDiscoverFeedNotificationServicesSaberEntryPoint sCDiscoverFeedNotificationServicesExposer]	
100ac55c4	100ac55e3	decompiled	chunks/008/functions-000565.c		
100ac55e4	100ac5663	decompiled	chunks/008/functions-000565.c	-[SCSCDiscoverFeedRankingServicesSaberEntryPoint init]	
100ac5664	100ac570f	decompiled	chunks/008/functions-000565.c	-[SCSCDiscoverFeedRankingServicesSaberEntryPoint setValue:forIvarName:]	
100ac5710	100ac5913	decompiled	chunks/008/functions-000565.c		
100ac5914	100ac591f	decompiled	chunks/008/functions-000565.c	-[SCSCDiscoverFeedRankingServicesSaberEntryPoint setBeginIn:]	
100ac5920	100ac5973	decompiled	chunks/008/functions-000565.c		
100ac5974	100ac597f	decompiled	chunks/008/functions-000565.c	-[SCSCDiscoverFeedRankingServicesSaberEntryPoint setStrActiveUserSessionScopeGraphBridgeServices:]	
100ac5980	100ac59e3	decompiled	chunks/008/functions-000565.c	-[SCSCDiscoverFeedRankingServicesSaberEntryPoint setSCDiscoverFeedRankingServicesExposer:]	
100ac59e4	100ac5a0b	decompiled	chunks/008/functions-000565.c	-[SCSCDiscoverFeedRankingServicesSaberEntryPoint begin]	
100ac5a0c	100ac5b8f	decompiled	chunks/008/functions-000565.c		
100ac5b90	100ac5b9b	decompiled	chunks/008/functions-000565.c	-[SCSCDiscoverFeedRankingServicesSaberEntryPoint beginIn]	
100ac5b9c	100ac5bdf	decompiled	chunks/008/functions-000565.c		
100ac5be0	100ac5beb	decompiled	chunks/008/functions-000565.c	-[SCSCDiscoverFeedRankingServicesSaberEntryPoint strActiveUserSessionScopeGraphBridgeServices]	
100ac5bec	100ac5c33	decompiled	chunks/008/functions-000565.c	-[SCSCDiscoverFeedRankingServicesSaberEntryPoint sCDiscoverFeedRankingServicesExposer]	
100ac5c34	100ac5c53	decompiled	chunks/008/functions-000565.c		
100ac5c54	100ac5cd3	decompiled	chunks/008/functions-000565.c	-[SCSCLegacyStoriesServicesSaberEntryPoint init]	
100ac5cd4	100ac5d7f	decompiled	chunks/008/functions-000565.c	-[SCSCLegacyStoriesServicesSaberEntryPoint setValue:forIvarName:]	
100ac5d80	100ac5f83	decompiled	chunks/008/functions-000565.c		
100ac5f84	100ac5f8f	decompiled	chunks/008/functions-000565.c	-[SCSCLegacyStoriesServicesSaberEntryPoint setBeginIn:]	
100ac5f90	100ac5fe3	decompiled	chunks/008/functions-000565.c		
100ac5fe4	100ac5fef	decompiled	chunks/008/functions-000565.c	-[SCSCLegacyStoriesServicesSaberEntryPoint setStrActiveUserSessionScopeGraphBridgeServices:]	
100ac5ff0	100ac6053	decompiled	chunks/008/functions-000565.c	-[SCSCLegacyStoriesServicesSaberEntryPoint setSCLegacyStoriesServicesExposer:]	
100ac6054	100ac607b	decompiled	chunks/008/functions-000565.c	-[SCSCLegacyStoriesServicesSaberEntryPoint begin]	
100ac607c	100ac61ff	decompiled	chunks/008/functions-000565.c		
100ac6200	100ac620b	decompiled	chunks/008/functions-000565.c	-[SCSCLegacyStoriesServicesSaberEntryPoint beginIn]	
100ac620c	100ac624f	decompiled	chunks/008/functions-000565.c		
100ac6250	100ac625b	decompiled	chunks/008/functions-000565.c	-[SCSCLegacyStoriesServicesSaberEntryPoint strActiveUserSessionScopeGraphBridgeServices]	
100ac625c	100ac62a3	decompiled	chunks/008/functions-000565.c	-[SCSCLegacyStoriesServicesSaberEntryPoint sCLegacyStoriesServicesExposer]	
100ac62a4	100ac62c3	decompiled	chunks/008/functions-000565.c		
100ac62c4	100ac62cb	decompiled	chunks/008/functions-000565.c		
100ac62cc	100ac631f	decompiled	chunks/008/functions-000565.c		
100ac6320	100ac639f	decompiled	chunks/008/functions-000565.c	-[SCSCMyStoriesServicesSaberEntryPoint init]	
100ac63a0	100ac644b	decompiled	chunks/008/functions-000565.c	-[SCSCMyStoriesServicesSaberEntryPoint setValue:forIvarName:]	
100ac644c	100ac664f	decompiled	chunks/008/functions-000565.c		
100ac6650	100ac665b	decompiled	chunks/008/functions-000565.c	-[SCSCMyStoriesServicesSaberEntryPoint setBeginIn:]	
100ac665c	100ac66af	decompiled	chunks/008/functions-000565.c		
100ac66b0	100ac66bb	decompiled	chunks/008/functions-000565.c	-[SCSCMyStoriesServicesSaberEntryPoint setStrActiveUserSessionScopeGraphBridgeServices:]	
100ac66bc	100ac671f	decompiled	chunks/008/functions-000565.c	-[SCSCMyStoriesServicesSaberEntryPoint setSCMyStoriesServicesExposer:]	
100ac6720	100ac6747	decompiled	chunks/008/functions-000565.c	-[SCSCMyStoriesServicesSaberEntryPoint begin]	
100ac6748	100ac68cb	decompiled	chunks/008/functions-000565.c		
100ac68cc	100ac68d7	decompiled	chunks/008/functions-000565.c	-[SCSCMyStoriesServicesSaberEntryPoint beginIn]	
100ac68d8	100ac691b	decompiled	chunks/008/functions-000565.c		
100ac691c	100ac6927	decompiled	chunks/008/functions-000565.c	-[SCSCMyStoriesServicesSaberEntryPoint strActiveUserSessionScopeGraphBridgeServices]	
100ac6928	100ac696f	decompiled	chunks/008/functions-000565.c	-[SCSCMyStoriesServicesSaberEntryPoint sCMyStoriesServicesExposer]	
100ac6970	100ac698f	decompiled	chunks/008/functions-000565.c		
100ac6990	100ac6a0f	decompiled	chunks/008/functions-000565.c	-[SCSCOurStoriesServicesSaberEntryPoint init]	
100ac6a10	100ac6abb	decompiled	chunks/008/functions-000565.c	-[SCSCOurStoriesServicesSaberEntryPoint setValue:forIvarName:]	
100ac6abc	100ac6cbf	decompiled	chunks/008/functions-000565.c		
100ac6cc0	100ac6ccb	decompiled	chunks/008/functions-000565.c	-[SCSCOurStoriesServicesSaberEntryPoint setBeginIn:]	
100ac6ccc	100ac6d1f	decompiled	chunks/008/functions-000565.c		
100ac6d20	100ac6d2b	decompiled	chunks/008/functions-000565.c	-[SCSCOurStoriesServicesSaberEntryPoint setStrActiveUserSessionScopeGraphBridgeServices:]	
100ac6d2c	100ac6d8f	decompiled	chunks/008/functions-000565.c	-[SCSCOurStoriesServicesSaberEntryPoint setSCOurStoriesServicesExposer:]	
100ac6d90	100ac6db7	decompiled	chunks/008/functions-000565.c	-[SCSCOurStoriesServicesSaberEntryPoint begin]	
100ac6db8	100ac6f3b	decompiled	chunks/008/functions-000565.c		
100ac6f3c	100ac6f47	decompiled	chunks/008/functions-000566.c	-[SCSCOurStoriesServicesSaberEntryPoint beginIn]	
100ac6f48	100ac6f8b	decompiled	chunks/008/functions-000566.c		
100ac6f8c	100ac6f97	decompiled	chunks/008/functions-000566.c	-[SCSCOurStoriesServicesSaberEntryPoint strActiveUserSessionScopeGraphBridgeServices]	
100ac6f98	100ac6fdf	decompiled	chunks/008/functions-000566.c	-[SCSCOurStoriesServicesSaberEntryPoint sCOurStoriesServicesExposer]	
100ac6fe0	100ac6fff	decompiled	chunks/008/functions-000566.c		
100ac7000	100ac707f	decompiled	chunks/008/functions-000566.c	-[SCSCStoriesBlizzardLoggingServicesSaberEntryPoint init]	
100ac7080	100ac712b	decompiled	chunks/008/functions-000566.c	-[SCSCStoriesBlizzardLoggingServicesSaberEntryPoint setValue:forIvarName:]	
100ac712c	100ac732f	decompiled	chunks/008/functions-000566.c		
100ac7330	100ac733b	decompiled	chunks/008/functions-000566.c	-[SCSCStoriesBlizzardLoggingServicesSaberEntryPoint setBeginIn:]	
100ac733c	100ac738f	decompiled	chunks/008/functions-000566.c		
100ac7390	100ac739b	decompiled	chunks/008/functions-000566.c	-[SCSCStoriesBlizzardLoggingServicesSaberEntryPoint setStrActiveUserSessionScopeGraphBridgeServices:]	
100ac739c	100ac73ff	decompiled	chunks/008/functions-000566.c	-[SCSCStoriesBlizzardLoggingServicesSaberEntryPoint setSCStoriesBlizzardLoggingServicesExposer:]	
100ac7400	100ac7427	decompiled	chunks/008/functions-000566.c	-[SCSCStoriesBlizzardLoggingServicesSaberEntryPoint begin]	
100ac7428	100ac75ab	decompiled	chunks/008/functions-000566.c		
100ac75ac	100ac75b7	decompiled	chunks/008/functions-000566.c	-[SCSCStoriesBlizzardLoggingServicesSaberEntryPoint beginIn]	
100ac75b8	100ac75fb	decompiled	chunks/008/functions-000566.c		
100ac75fc	100ac7607	decompiled	chunks/008/functions-000566.c	-[SCSCStoriesBlizzardLoggingServicesSaberEntryPoint strActiveUserSessionScopeGraphBridgeServices]	
100ac7608	100ac764f	decompiled	chunks/008/functions-000566.c	-[SCSCStoriesBlizzardLoggingServicesSaberEntryPoint sCStoriesBlizzardLoggingServicesExposer]	
100ac7650	100ac766f	decompiled	chunks/008/functions-000566.c		
100ac7670	100ac76ef	decompiled	chunks/008/functions-000566.c	-[SCSCStoriesMetricServicesSaberEntryPoint init]	
100ac76f0	100ac779b	decompiled	chunks/008/functions-000566.c	-[SCSCStoriesMetricServicesSaberEntryPoint setValue:forIvarName:]	
100ac779c	100ac799f	decompiled	chunks/008/functions-000566.c		
100ac79a0	100ac79ab	decompiled	chunks/008/functions-000566.c	-[SCSCStoriesMetricServicesSaberEntryPoint setBeginIn:]	
100ac79ac	100ac79ff	decompiled	chunks/008/functions-000566.c		
100ac7a00	100ac7a0b	decompiled	chunks/008/functions-000566.c	-[SCSCStoriesMetricServicesSaberEntryPoint setStrActiveUserSessionScopeGraphBridgeServices:]	
100ac7a0c	100ac7a6f	decompiled	chunks/008/functions-000566.c	-[SCSCStoriesMetricServicesSaberEntryPoint setSCStoriesMetricServicesExposer:]	
100ac7a70	100ac7a97	decompiled	chunks/008/functions-000566.c	-[SCSCStoriesMetricServicesSaberEntryPoint begin]	
100ac7a98	100ac7c1b	decompiled	chunks/008/functions-000566.c		
100ac7c1c	100ac7c27	decompiled	chunks/008/functions-000566.c	-[SCSCStoriesMetricServicesSaberEntryPoint beginIn]	
100ac7c28	100ac7c6b	decompiled	chunks/008/functions-000566.c		
100ac7c6c	100ac7c77	decompiled	chunks/008/functions-000566.c	-[SCSCStoriesMetricServicesSaberEntryPoint strActiveUserSessionScopeGraphBridgeServices]	
100ac7c78	100ac7cbf	decompiled	chunks/008/functions-000566.c	-[SCSCStoriesMetricServicesSaberEntryPoint sCStoriesMetricServicesExposer]	
100ac7cc0	100ac7cdf	decompiled	chunks/008/functions-000566.c		
100ac7ce0	100ac7d5f	decompiled	chunks/008/functions-000566.c	-[SCSCStoriesPreferencesServicesSaberEntryPoint init]	
100ac7d60	100ac7e0b	decompiled	chunks/008/functions-000566.c	-[SCSCStoriesPreferencesServicesSaberEntryPoint setValue:forIvarName:]	
100ac7e0c	100ac800f	decompiled	chunks/008/functions-000566.c		
100ac8010	100ac801b	decompiled	chunks/008/functions-000566.c	-[SCSCStoriesPreferencesServicesSaberEntryPoint setBeginIn:]	
100ac801c	100ac806f	decompiled	chunks/008/functions-000566.c		
100ac8070	100ac807b	decompiled	chunks/008/functions-000566.c	-[SCSCStoriesPreferencesServicesSaberEntryPoint setStrActiveUserSessionScopeGraphBridgeServices:]	
100ac807c	100ac80df	decompiled	chunks/008/functions-000566.c	-[SCSCStoriesPreferencesServicesSaberEntryPoint setSCStoriesPreferencesServicesExposer:]	
100ac80e0	100ac8107	decompiled	chunks/008/functions-000566.c	-[SCSCStoriesPreferencesServicesSaberEntryPoint begin]	
100ac8108	100ac828b	decompiled	chunks/008/functions-000566.c		
100ac828c	100ac8297	decompiled	chunks/008/functions-000566.c	-[SCSCStoriesPreferencesServicesSaberEntryPoint beginIn]	
100ac8298	100ac82db	decompiled	chunks/008/functions-000566.c		
100ac82dc	100ac82e7	decompiled	chunks/008/functions-000566.c	-[SCSCStoriesPreferencesServicesSaberEntryPoint strActiveUserSessionScopeGraphBridgeServices]	
100ac82e8	100ac832f	decompiled	chunks/008/functions-000566.c	-[SCSCStoriesPreferencesServicesSaberEntryPoint sCStoriesPreferencesServicesExposer]	
100ac8330	100ac834f	decompiled	chunks/008/functions-000566.c		
100ac8350	100ac83cf	decompiled	chunks/008/functions-000566.c	-[SCSCStoriesServicesSaberEntryPoint init]	
100ac83d0	100ac847b	decompiled	chunks/008/functions-000566.c	-[SCSCStoriesServicesSaberEntryPoint setValue:forIvarName:]	
100ac847c	100ac867f	decompiled	chunks/008/functions-000566.c		
100ac8680	100ac868b	decompiled	chunks/008/functions-000566.c	-[SCSCStoriesServicesSaberEntryPoint setBeginIn:]	
100ac868c	100ac86df	decompiled	chunks/008/functions-000566.c		
100ac86e0	100ac86eb	decompiled	chunks/008/functions-000566.c	-[SCSCStoriesServicesSaberEntryPoint setStrActiveUserSessionScopeGraphBridgeServices:]	
100ac86ec	100ac874f	decompiled	chunks/008/functions-000566.c	-[SCSCStoriesServicesSaberEntryPoint setSCStoriesServicesExposer:]	
100ac8750	100ac8777	decompiled	chunks/008/functions-000566.c	-[SCSCStoriesServicesSaberEntryPoint begin]	
100ac8778	100ac88fb	decompiled	chunks/008/functions-000566.c		
100ac88fc	100ac8907	decompiled	chunks/008/functions-000566.c	-[SCSCStoriesServicesSaberEntryPoint beginIn]	
100ac8908	100ac894b	decompiled	chunks/008/functions-000566.c		
100ac894c	100ac8957	decompiled	chunks/008/functions-000566.c	-[SCSCStoriesServicesSaberEntryPoint strActiveUserSessionScopeGraphBridgeServices]	
100ac8958	100ac899f	decompiled	chunks/008/functions-000566.c	-[SCSCStoriesServicesSaberEntryPoint sCStoriesServicesExposer]	
100ac89a0	100ac89bf	decompiled	chunks/008/functions-000566.c		
100ac89c0	100ac8a3f	decompiled	chunks/008/functions-000566.c	-[SCSCStoriesSnapReadReceiptServiceSaberEntryPoint init]	
100ac8a40	100ac8aeb	decompiled	chunks/008/functions-000566.c	-[SCSCStoriesSnapReadReceiptServiceSaberEntryPoint setValue:forIvarName:]	
100ac8aec	100ac8cef	decompiled	chunks/008/functions-000566.c		
100ac8cf0	100ac8cfb	decompiled	chunks/008/functions-000566.c	-[SCSCStoriesSnapReadReceiptServiceSaberEntryPoint setBeginIn:]	
100ac8cfc	100ac8d4f	decompiled	chunks/008/functions-000566.c		
100ac8d50	100ac8d5b	decompiled	chunks/008/functions-000566.c	-[SCSCStoriesSnapReadReceiptServiceSaberEntryPoint setStrActiveUserSessionScopeGraphBridgeServices:]	
100ac8d5c	100ac8dbf	decompiled	chunks/008/functions-000566.c	-[SCSCStoriesSnapReadReceiptServiceSaberEntryPoint setSCStoriesSnapReadReceiptServiceExposer:]	
100ac8dc0	100ac8de7	decompiled	chunks/008/functions-000566.c	-[SCSCStoriesSnapReadReceiptServiceSaberEntryPoint begin]	
100ac8de8	100ac8f6b	decompiled	chunks/008/functions-000566.c		
100ac8f6c	100ac8f77	decompiled	chunks/008/functions-000566.c	-[SCSCStoriesSnapReadReceiptServiceSaberEntryPoint beginIn]	
100ac8f78	100ac8fbb	decompiled	chunks/008/functions-000566.c		
100ac8fbc	100ac8fc7	decompiled	chunks/008/functions-000566.c	-[SCSCStoriesSnapReadReceiptServiceSaberEntryPoint strActiveUserSessionScopeGraphBridgeServices]	
100ac8fc8	100ac900f	decompiled	chunks/008/functions-000566.c	-[SCSCStoriesSnapReadReceiptServiceSaberEntryPoint sCStoriesSnapReadReceiptServiceExposer]	
100ac9010	100ac902f	decompiled	chunks/008/functions-000566.c		
100ac9030	100ac90af	decompiled	chunks/008/functions-000566.c	-[SCSCStoriesSnapchatterServicesSaberEntryPoint init]	
100ac90b0	100ac915b	decompiled	chunks/008/functions-000566.c	-[SCSCStoriesSnapchatterServicesSaberEntryPoint setValue:forIvarName:]	
100ac915c	100ac935f	decompiled	chunks/008/functions-000566.c		
100ac9360	100ac936b	decompiled	chunks/008/functions-000566.c	-[SCSCStoriesSnapchatterServicesSaberEntryPoint setBeginIn:]	
100ac936c	100ac93bf	decompiled	chunks/008/functions-000566.c		
100ac93c0	100ac93cb	decompiled	chunks/008/functions-000566.c	-[SCSCStoriesSnapchatterServicesSaberEntryPoint setStrActiveUserSessionScopeGraphBridgeServices:]	
100ac93cc	100ac942f	decompiled	chunks/008/functions-000566.c	-[SCSCStoriesSnapchatterServicesSaberEntryPoint setSCStoriesSnapchatterServicesExposer:]	
100ac9430	100ac9457	decompiled	chunks/008/functions-000566.c	-[SCSCStoriesSnapchatterServicesSaberEntryPoint begin]	
100ac9458	100ac95db	decompiled	chunks/008/functions-000566.c		
100ac95dc	100ac95e7	decompiled	chunks/008/functions-000566.c	-[SCSCStoriesSnapchatterServicesSaberEntryPoint beginIn]	
100ac95e8	100ac962b	decompiled	chunks/008/functions-000566.c		
100ac962c	100ac9637	decompiled	chunks/008/functions-000566.c	-[SCSCStoriesSnapchatterServicesSaberEntryPoint strActiveUserSessionScopeGraphBridgeServices]	
100ac9638	100ac967f	decompiled	chunks/008/functions-000566.c	-[SCSCStoriesSnapchatterServicesSaberEntryPoint sCStoriesSnapchatterServicesExposer]	
100ac9680	100ac969f	decompiled	chunks/008/functions-000566.c		
100ac96a0	100ac971f	decompiled	chunks/008/functions-000566.c	-[SCSCStoryShareSendingServicesSaberEntryPoint init]	
100ac9720	100ac97cb	decompiled	chunks/008/functions-000566.c	-[SCSCStoryShareSendingServicesSaberEntryPoint setValue:forIvarName:]	
100ac97cc	100ac99cf	decompiled	chunks/008/functions-000566.c		
100ac99d0	100ac99db	decompiled	chunks/008/functions-000566.c	-[SCSCStoryShareSendingServicesSaberEntryPoint setBeginIn:]	
100ac99dc	100ac9a2f	decompiled	chunks/008/functions-000566.c		
100ac9a30	100ac9a3b	decompiled	chunks/008/functions-000566.c	-[SCSCStoryShareSendingServicesSaberEntryPoint setStrActiveUserSessionScopeGraphBridgeServices:]	
100ac9a3c	100ac9a9f	decompiled	chunks/008/functions-000566.c	-[SCSCStoryShareSendingServicesSaberEntryPoint setSCStoryShareSendingServicesExposer:]	
100ac9aa0	100ac9ac7	decompiled	chunks/008/functions-000566.c	-[SCSCStoryShareSendingServicesSaberEntryPoint begin]	
100ac9ac8	100ac9c4b	decompiled	chunks/008/functions-000566.c		
100ac9c4c	100ac9c57	decompiled	chunks/008/functions-000566.c	-[SCSCStoryShareSendingServicesSaberEntryPoint beginIn]	
100ac9c58	100ac9c9b	decompiled	chunks/008/functions-000566.c		
100ac9c9c	100ac9ca7	decompiled	chunks/008/functions-000567.c	-[SCSCStoryShareSendingServicesSaberEntryPoint strActiveUserSessionScopeGraphBridgeServices]	
100ac9ca8	100ac9cef	decompiled	chunks/008/functions-000567.c	-[SCSCStoryShareSendingServicesSaberEntryPoint sCStoryShareSendingServicesExposer]	
100ac9cf0	100ac9d0f	decompiled	chunks/008/functions-000567.c		
100ac9d10	100ac9d8f	decompiled	chunks/008/functions-000567.c	-[SCVideoSuperResolutionModelServiceSaberEntryPoint init]	
100ac9d90	100ac9e3b	decompiled	chunks/008/functions-000567.c	-[SCVideoSuperResolutionModelServiceSaberEntryPoint setValue:forIvarName:]	
100ac9e3c	100aca03f	decompiled	chunks/008/functions-000567.c		
100aca040	100aca04b	decompiled	chunks/008/functions-000567.c	-[SCVideoSuperResolutionModelServiceSaberEntryPoint setBeginIn:]	
100aca04c	100aca09f	decompiled	chunks/008/functions-000567.c		
100aca0a0	100aca0ab	decompiled	chunks/008/functions-000567.c	-[SCVideoSuperResolutionModelServiceSaberEntryPoint setPlaybackActiveUserSessionScopeGraphBridgeServices:]	
100aca0ac	100aca10f	decompiled	chunks/008/functions-000567.c	-[SCVideoSuperResolutionModelServiceSaberEntryPoint setVideoSuperResolutionModelServiceExposer:]	
100aca110	100aca137	decompiled	chunks/008/functions-000567.c	-[SCVideoSuperResolutionModelServiceSaberEntryPoint begin]	
100aca138	100aca2bb	decompiled	chunks/008/functions-000567.c		
100aca2bc	100aca2c7	decompiled	chunks/008/functions-000567.c	-[SCVideoSuperResolutionModelServiceSaberEntryPoint beginIn]	
100aca2c8	100aca30b	decompiled	chunks/008/functions-000567.c		
100aca30c	100aca317	decompiled	chunks/008/functions-000567.c	-[SCVideoSuperResolutionModelServiceSaberEntryPoint playbackActiveUserSessionScopeGraphBridgeServices]	
100aca318	100aca35f	decompiled	chunks/008/functions-000567.c	-[SCVideoSuperResolutionModelServiceSaberEntryPoint videoSuperResolutionModelServiceExposer]	
100aca360	100aca37f	decompiled	chunks/008/functions-000567.c		
100aca380	100aca387	decompiled	chunks/008/functions-000567.c		
100aca388	100aca3db	decompiled	chunks/008/functions-000567.c		
100aca3dc	100aca4cf	decompiled	chunks/008/functions-000567.c	-[SCGrpcEventLogger logRequestStarted:serviceMethodName:feature:streaming:]	
100aca4d0	100aca55b	decompiled	chunks/008/functions-000567.c		
100aca55c	100aca5c7	decompiled	chunks/008/functions-000567.c	-[SCActivUserNavigationScopeGraphBridgeSaberEntryPoint init]	
100aca5c8	100aca673	decompiled	chunks/008/functions-000567.c	-[SCActivUserNavigationScopeGraphBridgeSaberEntryPoint setValue:forIvarName:]	
100aca674	100aca80b	decompiled	chunks/008/functions-000567.c		
100aca80c	100aca863	decompiled	chunks/008/functions-000567.c	-[SCActivUserNavigationScopeGraphBridgeSaberEntryPoint setBeginIn:]	
100aca864	100aca8c7	decompiled	chunks/008/functions-000567.c	-[SCActivUserNavigationScopeGraphBridgeSaberEntryPoint setActivUserNavigationScopeGraphBridgeServicesExposer:]	
100aca8c8	100aca8ef	decompiled	chunks/008/functions-000567.c	-[SCActivUserNavigationScopeGraphBridgeSaberEntryPoint begin]	
100aca8f0	100acaa23	decompiled	chunks/008/functions-000567.c		
100acaa24	100acaa6b	decompiled	chunks/008/functions-000567.c	-[SCActivUserNavigationScopeGraphBridgeSaberEntryPoint beginIn]	
100acaa6c	100acaab3	decompiled	chunks/008/functions-000567.c	-[SCActivUserNavigationScopeGraphBridgeSaberEntryPoint activUserNavigationScopeGraphBridgeServicesExposer]	
100acaab4	100acaad3	decompiled	chunks/008/functions-000567.c		
100acaad4	100acaba3	decompiled	chunks/008/functions-000567.c		
100acaba4	100acac0f	decompiled	chunks/008/functions-000567.c	-[SCAdclUserNavigationScopeGraphBridgeSaberEntryPoint init]	
100acac10	100acacbb	decompiled	chunks/008/functions-000567.c	-[SCAdclUserNavigationScopeGraphBridgeSaberEntryPoint setValue:forIvarName:]	
100acacbc	100acae53	decompiled	chunks/008/functions-000567.c		
100acae54	100acaeab	decompiled	chunks/008/functions-000567.c	-[SCAdclUserNavigationScopeGraphBridgeSaberEntryPoint setBeginIn:]	
100acaeac	100acaf0f	decompiled	chunks/008/functions-000567.c	-[SCAdclUserNavigationScopeGraphBridgeSaberEntryPoint setAdclUserNavigationScopeGraphBridgeServicesExposer:]	
100acaf10	100acaf37	decompiled	chunks/008/functions-000567.c	-[SCAdclUserNavigationScopeGraphBridgeSaberEntryPoint begin]	
100acaf38	100acb06b	decompiled	chunks/008/functions-000567.c		
100acb06c	100acb0b3	decompiled	chunks/008/functions-000567.c	-[SCAdclUserNavigationScopeGraphBridgeSaberEntryPoint beginIn]	
100acb0b4	100acb0fb	decompiled	chunks/008/functions-000567.c	-[SCAdclUserNavigationScopeGraphBridgeSaberEntryPoint adclUserNavigationScopeGraphBridgeServicesExposer]	
100acb0fc	100acb11b	decompiled	chunks/008/functions-000567.c		
100acb11c	100acb1eb	decompiled	chunks/008/functions-000567.c		
100acb1ec	100acb257	decompiled	chunks/008/functions-000567.c	-[SCAdlUserNavigationScopeGraphBridgeSaberEntryPoint init]	
100acb258	100acb303	decompiled	chunks/008/functions-000567.c	-[SCAdlUserNavigationScopeGraphBridgeSaberEntryPoint setValue:forIvarName:]	
100acb304	100acb49b	decompiled	chunks/008/functions-000567.c		
100acb49c	100acb4f3	decompiled	chunks/008/functions-000567.c	-[SCAdlUserNavigationScopeGraphBridgeSaberEntryPoint setBeginIn:]	
100acb4f4	100acb557	decompiled	chunks/008/functions-000567.c	-[SCAdlUserNavigationScopeGraphBridgeSaberEntryPoint setAdlUserNavigationScopeGraphBridgeServicesExposer:]	
100acb558	100acb57f	decompiled	chunks/008/functions-000567.c	-[SCAdlUserNavigationScopeGraphBridgeSaberEntryPoint begin]	
100acb580	100acb6b3	decompiled	chunks/008/functions-000567.c		
100acb6b4	100acb6fb	decompiled	chunks/008/functions-000567.c	-[SCAdlUserNavigationScopeGraphBridgeSaberEntryPoint beginIn]	
100acb6fc	100acb743	decompiled	chunks/008/functions-000567.c	-[SCAdlUserNavigationScopeGraphBridgeSaberEntryPoint adlUserNavigationScopeGraphBridgeServicesExposer]	
100acb744	100acb763	decompiled	chunks/008/functions-000567.c		
100acb764	100acb833	decompiled	chunks/008/functions-000567.c		
100acb834	100acb89f	decompiled	chunks/008/functions-000567.c	-[SCAdsUserNavigationScopeGraphBridgeSaberEntryPoint init]	
100acb8a0	100acb94b	decompiled	chunks/008/functions-000567.c	-[SCAdsUserNavigationScopeGraphBridgeSaberEntryPoint setValue:forIvarName:]	
100acb94c	100acbae3	decompiled	chunks/008/functions-000567.c		
100acbae4	100acbb3b	decompiled	chunks/008/functions-000567.c	-[SCAdsUserNavigationScopeGraphBridgeSaberEntryPoint setBeginIn:]	
100acbb3c	100acbb9f	decompiled	chunks/008/functions-000567.c	-[SCAdsUserNavigationScopeGraphBridgeSaberEntryPoint setAdsUserNavigationScopeGraphBridgeServicesExposer:]	
100acbba0	100acbbc7	decompiled	chunks/008/functions-000567.c	-[SCAdsUserNavigationScopeGraphBridgeSaberEntryPoint begin]	
100acbbc8	100acbcfb	decompiled	chunks/008/functions-000567.c		
100acbcfc	100acbd43	decompiled	chunks/008/functions-000567.c	-[SCAdsUserNavigationScopeGraphBridgeSaberEntryPoint beginIn]	
100acbd44	100acbd8b	decompiled	chunks/008/functions-000567.c	-[SCAdsUserNavigationScopeGraphBridgeSaberEntryPoint adsUserNavigationScopeGraphBridgeServicesExposer]	
100acbd8c	100acbdab	decompiled	chunks/008/functions-000567.c		
100acbdac	100acbe7b	decompiled	chunks/008/functions-000567.c		
100acbe7c	100acbee7	decompiled	chunks/008/functions-000567.c	-[SCAppinsUserNavigationScopeGraphBridgeSaberEntryPoint init]	
100acbee8	100acbf93	decompiled	chunks/008/functions-000567.c	-[SCAppinsUserNavigationScopeGraphBridgeSaberEntryPoint setValue:forIvarName:]	
100acbf94	100acc12b	decompiled	chunks/008/functions-000567.c		
100acc12c	100acc183	decompiled	chunks/008/functions-000567.c	-[SCAppinsUserNavigationScopeGraphBridgeSaberEntryPoint setBeginIn:]	
100acc184	100acc1e7	decompiled	chunks/008/functions-000567.c	-[SCAppinsUserNavigationScopeGraphBridgeSaberEntryPoint setAppinsUserNavigationScopeGraphBridgeServicesExposer:]	
100acc1e8	100acc20f	decompiled	chunks/008/functions-000567.c	-[SCAppinsUserNavigationScopeGraphBridgeSaberEntryPoint begin]	
100acc210	100acc343	decompiled	chunks/008/functions-000567.c		
100acc344	100acc38b	decompiled	chunks/008/functions-000567.c	-[SCAppinsUserNavigationScopeGraphBridgeSaberEntryPoint beginIn]	
100acc38c	100acc3d3	decompiled	chunks/008/functions-000567.c	-[SCAppinsUserNavigationScopeGraphBridgeSaberEntryPoint appinsUserNavigationScopeGraphBridgeServicesExposer]	
100acc3d4	100acc3f3	decompiled	chunks/008/functions-000567.c		
100acc3f4	100acc4c3	decompiled	chunks/008/functions-000567.c		
100acc4c4	100acc52f	decompiled	chunks/008/functions-000567.c	-[SCAradsUserNavigationScopeGraphBridgeSaberEntryPoint init]	
100acc530	100acc5db	decompiled	chunks/008/functions-000567.c	-[SCAradsUserNavigationScopeGraphBridgeSaberEntryPoint setValue:forIvarName:]	
100acc5dc	100acc773	decompiled	chunks/008/functions-000567.c		
100acc774	100acc7cb	decompiled	chunks/008/functions-000567.c	-[SCAradsUserNavigationScopeGraphBridgeSaberEntryPoint setBeginIn:]	
100acc7cc	100acc82f	decompiled	chunks/008/functions-000567.c	-[SCAradsUserNavigationScopeGraphBridgeSaberEntryPoint setAradsUserNavigationScopeGraphBridgeServicesExposer:]	
100acc830	100acc857	decompiled	chunks/008/functions-000567.c	-[SCAradsUserNavigationScopeGraphBridgeSaberEntryPoint begin]	
100acc858	100acc98b	decompiled	chunks/008/functions-000567.c		
100acc98c	100acc9d3	decompiled	chunks/008/functions-000567.c	-[SCAradsUserNavigationScopeGraphBridgeSaberEntryPoint beginIn]	
100acc9d4	100acca1b	decompiled	chunks/008/functions-000567.c	-[SCAradsUserNavigationScopeGraphBridgeSaberEntryPoint aradsUserNavigationScopeGraphBridgeServicesExposer]	
100acca1c	100acca3b	decompiled	chunks/008/functions-000567.c		
100acca3c	100accb0b	decompiled	chunks/008/functions-000567.c		
100accb0c	100accb77	decompiled	chunks/008/functions-000567.c	-[SCBmUserNavigationScopeGraphBridgeSaberEntryPoint init]	
100accb78	100accc23	decompiled	chunks/008/functions-000567.c	-[SCBmUserNavigationScopeGraphBridgeSaberEntryPoint setValue:forIvarName:]	
100accc24	100accdbb	decompiled	chunks/008/functions-000567.c		
100accdbc	100acce13	decompiled	chunks/008/functions-000567.c	-[SCBmUserNavigationScopeGraphBridgeSaberEntryPoint setBeginIn:]	
100acce14	100acce77	decompiled	chunks/008/functions-000567.c	-[SCBmUserNavigationScopeGraphBridgeSaberEntryPoint setBmUserNavigationScopeGraphBridgeServicesExposer:]	
100acce78	100acce9f	decompiled	chunks/008/functions-000567.c	-[SCBmUserNavigationScopeGraphBridgeSaberEntryPoint begin]	
100accea0	100accfd3	decompiled	chunks/008/functions-000567.c		
100accfd4	100acd01b	decompiled	chunks/008/functions-000567.c	-[SCBmUserNavigationScopeGraphBridgeSaberEntryPoint beginIn]	
100acd01c	100acd063	decompiled	chunks/008/functions-000567.c	-[SCBmUserNavigationScopeGraphBridgeSaberEntryPoint bmUserNavigationScopeGraphBridgeServicesExposer]	
100acd064	100acd083	decompiled	chunks/008/functions-000567.c		
100acd084	100acd153	decompiled	chunks/008/functions-000567.c		
100acd154	100acd1d3	decompiled	chunks/008/functions-000567.c	-[SCCallUILaunchingServicesSaberEntryPoint init]	
100acd1d4	100acd27f	decompiled	chunks/008/functions-000567.c	-[SCCallUILaunchingServicesSaberEntryPoint setValue:forIvarName:]	
100acd280	100acd483	decompiled	chunks/008/functions-000568.c		
100acd484	100acd48f	decompiled	chunks/008/functions-000568.c	-[SCCallUILaunchingServicesSaberEntryPoint setBeginIn:]	
100acd490	100acd4e3	decompiled	chunks/008/functions-000568.c		
100acd4e4	100acd4ef	decompiled	chunks/008/functions-000568.c	-[SCCallUILaunchingServicesSaberEntryPoint setAdlUserNavigationScopeGraphBridgeServices:]	
100acd4f0	100acd553	decompiled	chunks/008/functions-000568.c	-[SCCallUILaunchingServicesSaberEntryPoint setCallUILaunchingServicesExposer:]	
100acd554	100acd57b	decompiled	chunks/008/functions-000568.c	-[SCCallUILaunchingServicesSaberEntryPoint begin]	
100acd57c	100acd6ff	decompiled	chunks/008/functions-000568.c		
100acd700	100acd70b	decompiled	chunks/008/functions-000568.c	-[SCCallUILaunchingServicesSaberEntryPoint beginIn]	
100acd70c	100acd74f	decompiled	chunks/008/functions-000568.c		
100acd750	100acd75b	decompiled	chunks/008/functions-000568.c	-[SCCallUILaunchingServicesSaberEntryPoint adlUserNavigationScopeGraphBridgeServices]	
100acd75c	100acd7a3	decompiled	chunks/008/functions-000568.c	-[SCCallUILaunchingServicesSaberEntryPoint callUILaunchingServicesExposer]	
100acd7a4	100acd7c3	decompiled	chunks/008/functions-000568.c		
100acd7c4	100acd82f	decompiled	chunks/008/functions-000568.c	-[SCCameoUserNavigationScopeGraphBridgeSaberEntryPoint init]	
100acd830	100acd8db	decompiled	chunks/008/functions-000568.c	-[SCCameoUserNavigationScopeGraphBridgeSaberEntryPoint setValue:forIvarName:]	
100acd8dc	100acda73	decompiled	chunks/008/functions-000568.c		
100acda74	100acdacb	decompiled	chunks/008/functions-000568.c	-[SCCameoUserNavigationScopeGraphBridgeSaberEntryPoint setBeginIn:]	
100acdacc	100acdb2f	decompiled	chunks/008/functions-000568.c	-[SCCameoUserNavigationScopeGraphBridgeSaberEntryPoint setCameoUserNavigationScopeGraphBridgeServicesExposer:]	
100acdb30	100acdb57	decompiled	chunks/008/functions-000568.c	-[SCCameoUserNavigationScopeGraphBridgeSaberEntryPoint begin]	
100acdb58	100acdc8b	decompiled	chunks/008/functions-000568.c		
100acdc8c	100acdcd3	decompiled	chunks/008/functions-000568.c	-[SCCameoUserNavigationScopeGraphBridgeSaberEntryPoint beginIn]	
100acdcd4	100acdd1b	decompiled	chunks/008/functions-000568.c	-[SCCameoUserNavigationScopeGraphBridgeSaberEntryPoint cameoUserNavigationScopeGraphBridgeServicesExposer]	
100acdd1c	100acdd3b	decompiled	chunks/008/functions-000568.c		
100acdd3c	100acde0b	decompiled	chunks/008/functions-000568.c		
100acde0c	100acde77	decompiled	chunks/008/functions-000568.c	-[SCCameraUserNavigationScopeGraphBridgeSaberEntryPoint init]	
100acde78	100acdf23	decompiled	chunks/008/functions-000568.c	-[SCCameraUserNavigationScopeGraphBridgeSaberEntryPoint setValue:forIvarName:]	
100acdf24	100ace0bb	decompiled	chunks/008/functions-000568.c		
100ace0bc	100ace113	decompiled	chunks/008/functions-000568.c	-[SCCameraUserNavigationScopeGraphBridgeSaberEntryPoint setBeginIn:]	
100ace114	100ace177	decompiled	chunks/008/functions-000568.c	-[SCCameraUserNavigationScopeGraphBridgeSaberEntryPoint setCameraUserNavigationScopeGraphBridgeServicesExposer:]	
100ace178	100ace19f	decompiled	chunks/008/functions-000568.c	-[SCCameraUserNavigationScopeGraphBridgeSaberEntryPoint begin]	
100ace1a0	100ace2d3	decompiled	chunks/008/functions-000568.c		
100ace2d4	100ace31b	decompiled	chunks/008/functions-000568.c	-[SCCameraUserNavigationScopeGraphBridgeSaberEntryPoint beginIn]	
100ace31c	100ace363	decompiled	chunks/008/functions-000568.c	-[SCCameraUserNavigationScopeGraphBridgeSaberEntryPoint cameraUserNavigationScopeGraphBridgeServicesExposer]	
100ace364	100ace383	decompiled	chunks/008/functions-000568.c		
100ace384	100ace453	decompiled	chunks/008/functions-000568.c		
100ace454	100ace4bf	decompiled	chunks/008/functions-000568.c	-[SCCmpUserNavigationScopeGraphBridgeSaberEntryPoint init]	
100ace4c0	100ace56b	decompiled	chunks/008/functions-000568.c	-[SCCmpUserNavigationScopeGraphBridgeSaberEntryPoint setValue:forIvarName:]	
100ace56c	100ace703	decompiled	chunks/008/functions-000568.c		
100ace704	100ace75b	decompiled	chunks/008/functions-000568.c	-[SCCmpUserNavigationScopeGraphBridgeSaberEntryPoint setBeginIn:]	
100ace75c	100ace7bf	decompiled	chunks/008/functions-000568.c	-[SCCmpUserNavigationScopeGraphBridgeSaberEntryPoint setCmpUserNavigationScopeGraphBridgeServicesExposer:]	
100ace7c0	100ace7e7	decompiled	chunks/008/functions-000568.c	-[SCCmpUserNavigationScopeGraphBridgeSaberEntryPoint begin]	
100ace7e8	100ace91b	decompiled	chunks/008/functions-000568.c		
100ace91c	100ace963	decompiled	chunks/008/functions-000568.c	-[SCCmpUserNavigationScopeGraphBridgeSaberEntryPoint beginIn]	
100ace964	100ace9ab	decompiled	chunks/008/functions-000568.c	-[SCCmpUserNavigationScopeGraphBridgeSaberEntryPoint cmpUserNavigationScopeGraphBridgeServicesExposer]	
100ace9ac	100ace9cb	decompiled	chunks/008/functions-000568.c		
100ace9cc	100acea9b	decompiled	chunks/008/functions-000568.c		
100acea9c	100aceb07	decompiled	chunks/008/functions-000568.c	-[SCComUserNavigationScopeGraphBridgeSaberEntryPoint init]	
100aceb08	100acebb3	decompiled	chunks/008/functions-000568.c	-[SCComUserNavigationScopeGraphBridgeSaberEntryPoint setValue:forIvarName:]	
100acebb4	100aced4b	decompiled	chunks/008/functions-000568.c		
100aced4c	100aceda3	decompiled	chunks/008/functions-000568.c	-[SCComUserNavigationScopeGraphBridgeSaberEntryPoint setBeginIn:]	
100aceda4	100acee07	decompiled	chunks/008/functions-000568.c	-[SCComUserNavigationScopeGraphBridgeSaberEntryPoint setComUserNavigationScopeGraphBridgeServicesExposer:]	
100acee08	100acee2f	decompiled	chunks/008/functions-000568.c	-[SCComUserNavigationScopeGraphBridgeSaberEntryPoint begin]	
100acee30	100acef63	decompiled	chunks/008/functions-000568.c		
100acef64	100acefab	decompiled	chunks/008/functions-000568.c	-[SCComUserNavigationScopeGraphBridgeSaberEntryPoint beginIn]	
100acefac	100aceff3	decompiled	chunks/008/functions-000568.c	-[SCComUserNavigationScopeGraphBridgeSaberEntryPoint comUserNavigationScopeGraphBridgeServicesExposer]	
100aceff4	100acf013	decompiled	chunks/008/functions-000568.c		
100acf014	100acf0e3	decompiled	chunks/008/functions-000568.c		
100acf0e4	100acf0eb	decompiled	chunks/008/functions-000568.c	+[SCCommunitiesFeedSyncEntryPoint context]	
100acf0ec	100acf157	decompiled	chunks/008/functions-000568.c	-[SCContextUserNavigationScopeGraphBridgeSaberEntryPoint init]	
100acf158	100acf203	decompiled	chunks/008/functions-000568.c	-[SCContextUserNavigationScopeGraphBridgeSaberEntryPoint setValue:forIvarName:]	
100acf204	100acf39b	decompiled	chunks/008/functions-000568.c		
100acf39c	100acf3f3	decompiled	chunks/008/functions-000568.c	-[SCContextUserNavigationScopeGraphBridgeSaberEntryPoint setBeginIn:]	
100acf3f4	100acf457	decompiled	chunks/008/functions-000568.c	-[SCContextUserNavigationScopeGraphBridgeSaberEntryPoint setContextUserNavigationScopeGraphBridgeServicesExposer:]	
100acf458	100acf47f	decompiled	chunks/008/functions-000568.c	-[SCContextUserNavigationScopeGraphBridgeSaberEntryPoint begin]	
100acf480	100acf5b3	decompiled	chunks/008/functions-000568.c		
100acf5b4	100acf5fb	decompiled	chunks/008/functions-000568.c	-[SCContextUserNavigationScopeGraphBridgeSaberEntryPoint beginIn]	
100acf5fc	100acf643	decompiled	chunks/008/functions-000568.c	-[SCContextUserNavigationScopeGraphBridgeSaberEntryPoint contextUserNavigationScopeGraphBridgeServicesExposer]	
100acf644	100acf663	decompiled	chunks/008/functions-000568.c		
100acf664	100acf733	decompiled	chunks/008/functions-000568.c		
100acf734	100acf79f	decompiled	chunks/008/functions-000568.c	-[SCConvoUserNavigationScopeGraphBridgeSaberEntryPoint init]	
100acf7a0	100acf84b	decompiled	chunks/008/functions-000568.c	-[SCConvoUserNavigationScopeGraphBridgeSaberEntryPoint setValue:forIvarName:]	
100acf84c	100acf9e3	decompiled	chunks/008/functions-000568.c		
100acf9e4	100acfa3b	decompiled	chunks/008/functions-000568.c	-[SCConvoUserNavigationScopeGraphBridgeSaberEntryPoint setBeginIn:]	
100acfa3c	100acfa9f	decompiled	chunks/008/functions-000568.c	-[SCConvoUserNavigationScopeGraphBridgeSaberEntryPoint setConvoUserNavigationScopeGraphBridgeServicesExposer:]	
100acfaa0	100acfac7	decompiled	chunks/008/functions-000568.c	-[SCConvoUserNavigationScopeGraphBridgeSaberEntryPoint begin]	
100acfac8	100acfbfb	decompiled	chunks/008/functions-000568.c		
100acfbfc	100acfc43	decompiled	chunks/008/functions-000568.c	-[SCConvoUserNavigationScopeGraphBridgeSaberEntryPoint beginIn]	
100acfc44	100acfc8b	decompiled	chunks/008/functions-000568.c	-[SCConvoUserNavigationScopeGraphBridgeSaberEntryPoint convoUserNavigationScopeGraphBridgeServicesExposer]	
100acfc8c	100acfcab	decompiled	chunks/008/functions-000568.c		
100acfcac	100acfd7b	decompiled	chunks/008/functions-000568.c		
100acfd7c	100acfde7	decompiled	chunks/008/functions-000568.c	-[SCCreateUserNavigationScopeGraphBridgeSaberEntryPoint init]	
100acfde8	100acfe93	decompiled	chunks/008/functions-000568.c	-[SCCreateUserNavigationScopeGraphBridgeSaberEntryPoint setValue:forIvarName:]	
100acfe94	100ad002b	decompiled	chunks/008/functions-000568.c		
100ad002c	100ad0083	decompiled	chunks/008/functions-000568.c	-[SCCreateUserNavigationScopeGraphBridgeSaberEntryPoint setBeginIn:]	
100ad0084	100ad00e7	decompiled	chunks/008/functions-000568.c	-[SCCreateUserNavigationScopeGraphBridgeSaberEntryPoint setCreateUserNavigationScopeGraphBridgeServicesExposer:]	
100ad00e8	100ad010f	decompiled	chunks/008/functions-000568.c	-[SCCreateUserNavigationScopeGraphBridgeSaberEntryPoint begin]	
100ad0110	100ad0243	decompiled	chunks/008/functions-000568.c		
100ad0244	100ad028b	decompiled	chunks/008/functions-000568.c	-[SCCreateUserNavigationScopeGraphBridgeSaberEntryPoint beginIn]	
100ad028c	100ad02d3	decompiled	chunks/008/functions-000568.c	-[SCCreateUserNavigationScopeGraphBridgeSaberEntryPoint createUserNavigationScopeGraphBridgeServicesExposer]	
100ad02d4	100ad02f3	decompiled	chunks/008/functions-000568.c		
100ad02f4	100ad03c3	decompiled	chunks/008/functions-000568.c		
100ad03c4	100ad0443	decompiled	chunks/008/functions-000568.c	-[SCCreateStickerSpotlightOperaPluginServicesSaberEntryPoint init]	
100ad0444	100ad04ef	decompiled	chunks/008/functions-000568.c	-[SCCreateStickerSpotlightOperaPluginServicesSaberEntryPoint setValue:forIvarName:]	
100ad04f0	100ad06f3	decompiled	chunks/008/functions-000568.c		
100ad06f4	100ad06ff	decompiled	chunks/008/functions-000568.c	-[SCCreateStickerSpotlightOperaPluginServicesSaberEntryPoint setBeginIn:]	
100ad0700	100ad0753	decompiled	chunks/008/functions-000568.c		
100ad0754	100ad075f	decompiled	chunks/008/functions-000568.c	-[SCCreateStickerSpotlightOperaPluginServicesSaberEntryPoint setCreateUserNavigationScopeGraphBridgeServices:]	
100ad0760	100ad07c3	decompiled	chunks/008/functions-000568.c	-[SCCreateStickerSpotlightOperaPluginServicesSaberEntryPoint setCreateStickerSpotlightOperaPluginServicesExposer:]	
100ad07c4	100ad07eb	decompiled	chunks/008/functions-000568.c	-[SCCreateStickerSpotlightOperaPluginServicesSaberEntryPoint begin]	
100ad07ec	100ad096f	decompiled	chunks/008/functions-000568.c		
100ad0970	100ad097b	decompiled	chunks/008/functions-000568.c	-[SCCreateStickerSpotlightOperaPluginServicesSaberEntryPoint beginIn]	
100ad097c	100ad09bf	decompiled	chunks/008/functions-000569.c		
100ad09c0	100ad09cb	decompiled	chunks/008/functions-000569.c	-[SCCreateStickerSpotlightOperaPluginServicesSaberEntryPoint createUserNavigationScopeGraphBridgeServices]	
100ad09cc	100ad0a13	decompiled	chunks/008/functions-000569.c	-[SCCreateStickerSpotlightOperaPluginServicesSaberEntryPoint createStickerSpotlightOperaPluginServicesExposer]	
100ad0a14	100ad0a33	decompiled	chunks/008/functions-000569.c		
100ad0a34	100ad0a3b	decompiled	chunks/008/functions-000569.c		
100ad0a3c	100ad0a8f	decompiled	chunks/008/functions-000569.c		
100ad0a90	100ad0afb	decompiled	chunks/008/functions-000569.c	-[SCCreatorsUserNavigationScopeGraphBridgeSaberEntryPoint init]	
100ad0afc	100ad0ba7	decompiled	chunks/008/functions-000569.c	-[SCCreatorsUserNavigationScopeGraphBridgeSaberEntryPoint setValue:forIvarName:]	
100ad0ba8	100ad0d3f	decompiled	chunks/008/functions-000569.c		
100ad0d40	100ad0d97	decompiled	chunks/008/functions-000569.c	-[SCCreatorsUserNavigationScopeGraphBridgeSaberEntryPoint setBeginIn:]	
100ad0d98	100ad0dfb	decompiled	chunks/008/functions-000569.c	-[SCCreatorsUserNavigationScopeGraphBridgeSaberEntryPoint setCreatorsUserNavigationScopeGraphBridgeServicesExposer:]	
100ad0dfc	100ad0e23	decompiled	chunks/008/functions-000569.c	-[SCCreatorsUserNavigationScopeGraphBridgeSaberEntryPoint begin]	
100ad0e24	100ad0f57	decompiled	chunks/008/functions-000569.c		
100ad0f58	100ad0f9f	decompiled	chunks/008/functions-000569.c	-[SCCreatorsUserNavigationScopeGraphBridgeSaberEntryPoint beginIn]	
100ad0fa0	100ad0fe7	decompiled	chunks/008/functions-000569.c	-[SCCreatorsUserNavigationScopeGraphBridgeSaberEntryPoint creatorsUserNavigationScopeGraphBridgeServicesExposer]	
100ad0fe8	100ad1007	decompiled	chunks/008/functions-000569.c		
100ad1008	100ad10d7	decompiled	chunks/008/functions-000569.c		
100ad10d8	100ad1143	decompiled	chunks/008/functions-000569.c	-[SCFrndUserNavigationScopeGraphBridgeSaberEntryPoint init]	
100ad1144	100ad11ef	decompiled	chunks/008/functions-000569.c	-[SCFrndUserNavigationScopeGraphBridgeSaberEntryPoint setValue:forIvarName:]	
100ad11f0	100ad1387	decompiled	chunks/008/functions-000569.c		
100ad1388	100ad13df	decompiled	chunks/008/functions-000569.c	-[SCFrndUserNavigationScopeGraphBridgeSaberEntryPoint setBeginIn:]	
100ad13e0	100ad1443	decompiled	chunks/008/functions-000569.c	-[SCFrndUserNavigationScopeGraphBridgeSaberEntryPoint setFrndUserNavigationScopeGraphBridgeServicesExposer:]	
100ad1444	100ad146b	decompiled	chunks/008/functions-000569.c	-[SCFrndUserNavigationScopeGraphBridgeSaberEntryPoint begin]	
100ad146c	100ad159f	decompiled	chunks/008/functions-000569.c		
100ad15a0	100ad15e7	decompiled	chunks/008/functions-000569.c	-[SCFrndUserNavigationScopeGraphBridgeSaberEntryPoint beginIn]	
100ad15e8	100ad162f	decompiled	chunks/008/functions-000569.c	-[SCFrndUserNavigationScopeGraphBridgeSaberEntryPoint frndUserNavigationScopeGraphBridgeServicesExposer]	
100ad1630	100ad164f	decompiled	chunks/008/functions-000569.c		
100ad1650	100ad171f	decompiled	chunks/008/functions-000569.c		
100ad1720	100ad178b	decompiled	chunks/008/functions-000569.c	-[SCLensUserNavigationScopeGraphBridgeSaberEntryPoint init]	
100ad178c	100ad1837	decompiled	chunks/008/functions-000569.c	-[SCLensUserNavigationScopeGraphBridgeSaberEntryPoint setValue:forIvarName:]	
100ad1838	100ad19cf	decompiled	chunks/008/functions-000569.c		
100ad19d0	100ad1a27	decompiled	chunks/008/functions-000569.c	-[SCLensUserNavigationScopeGraphBridgeSaberEntryPoint setBeginIn:]	
100ad1a28	100ad1a8b	decompiled	chunks/008/functions-000569.c	-[SCLensUserNavigationScopeGraphBridgeSaberEntryPoint setLensUserNavigationScopeGraphBridgeServicesExposer:]	
100ad1a8c	100ad1ab3	decompiled	chunks/008/functions-000569.c	-[SCLensUserNavigationScopeGraphBridgeSaberEntryPoint begin]	
100ad1ab4	100ad1be7	decompiled	chunks/008/functions-000569.c		
100ad1be8	100ad1c2f	decompiled	chunks/008/functions-000569.c	-[SCLensUserNavigationScopeGraphBridgeSaberEntryPoint beginIn]	
100ad1c30	100ad1c77	decompiled	chunks/008/functions-000569.c	-[SCLensUserNavigationScopeGraphBridgeSaberEntryPoint lensUserNavigationScopeGraphBridgeServicesExposer]	
100ad1c78	100ad1c97	decompiled	chunks/008/functions-000569.c		
100ad1c98	100ad1d67	decompiled	chunks/008/functions-000569.c		
100ad1d68	100ad1dd3	decompiled	chunks/008/functions-000569.c	-[SCMapsUserNavigationScopeGraphBridgeSaberEntryPoint init]	
100ad1dd4	100ad1e7f	decompiled	chunks/008/functions-000569.c	-[SCMapsUserNavigationScopeGraphBridgeSaberEntryPoint setValue:forIvarName:]	
100ad1e80	100ad2017	decompiled	chunks/008/functions-000569.c		
100ad2018	100ad206f	decompiled	chunks/008/functions-000569.c	-[SCMapsUserNavigationScopeGraphBridgeSaberEntryPoint setBeginIn:]	
100ad2070	100ad20d3	decompiled	chunks/008/functions-000569.c	-[SCMapsUserNavigationScopeGraphBridgeSaberEntryPoint setMapsUserNavigationScopeGraphBridgeServicesExposer:]	
100ad20d4	100ad20fb	decompiled	chunks/008/functions-000569.c	-[SCMapsUserNavigationScopeGraphBridgeSaberEntryPoint begin]	
100ad20fc	100ad222f	decompiled	chunks/008/functions-000569.c		
100ad2230	100ad2277	decompiled	chunks/008/functions-000569.c	-[SCMapsUserNavigationScopeGraphBridgeSaberEntryPoint beginIn]	
100ad2278	100ad22bf	decompiled	chunks/008/functions-000569.c	-[SCMapsUserNavigationScopeGraphBridgeSaberEntryPoint mapsUserNavigationScopeGraphBridgeServicesExposer]	
100ad22c0	100ad22df	decompiled	chunks/008/functions-000569.c		
100ad22e0	100ad23af	decompiled	chunks/008/functions-000569.c		
100ad23b0	100ad241b	decompiled	chunks/008/functions-000569.c	-[SCMchUserNavigationScopeGraphBridgeSaberEntryPoint init]	
100ad241c	100ad24c7	decompiled	chunks/008/functions-000569.c	-[SCMchUserNavigationScopeGraphBridgeSaberEntryPoint setValue:forIvarName:]	
100ad24c8	100ad265f	decompiled	chunks/008/functions-000569.c		
100ad2660	100ad26b7	decompiled	chunks/008/functions-000569.c	-[SCMchUserNavigationScopeGraphBridgeSaberEntryPoint setBeginIn:]	
100ad26b8	100ad271b	decompiled	chunks/008/functions-000569.c	-[SCMchUserNavigationScopeGraphBridgeSaberEntryPoint setMchUserNavigationScopeGraphBridgeServicesExposer:]	
100ad271c	100ad2743	decompiled	chunks/008/functions-000569.c	-[SCMchUserNavigationScopeGraphBridgeSaberEntryPoint begin]	
100ad2744	100ad2877	decompiled	chunks/008/functions-000569.c		
100ad2878	100ad28bf	decompiled	chunks/008/functions-000569.c	-[SCMchUserNavigationScopeGraphBridgeSaberEntryPoint beginIn]	
100ad28c0	100ad2907	decompiled	chunks/008/functions-000569.c	-[SCMchUserNavigationScopeGraphBridgeSaberEntryPoint mchUserNavigationScopeGraphBridgeServicesExposer]	
100ad2908	100ad2927	decompiled	chunks/008/functions-000569.c		
100ad2928	100ad29f7	decompiled	chunks/008/functions-000569.c		
100ad29f8	100ad2a63	decompiled	chunks/008/functions-000569.c	-[SCMemUserNavigationScopeGraphBridgeSaberEntryPoint init]	
100ad2a64	100ad2b0f	decompiled	chunks/008/functions-000569.c	-[SCMemUserNavigationScopeGraphBridgeSaberEntryPoint setValue:forIvarName:]	
100ad2b10	100ad2ca7	decompiled	chunks/008/functions-000569.c		
100ad2ca8	100ad2cff	decompiled	chunks/008/functions-000569.c	-[SCMemUserNavigationScopeGraphBridgeSaberEntryPoint setBeginIn:]	
100ad2d00	100ad2d63	decompiled	chunks/008/functions-000569.c	-[SCMemUserNavigationScopeGraphBridgeSaberEntryPoint setMemUserNavigationScopeGraphBridgeServicesExposer:]	
100ad2d64	100ad2d8b	decompiled	chunks/008/functions-000569.c	-[SCMemUserNavigationScopeGraphBridgeSaberEntryPoint begin]	
100ad2d8c	100ad2ebf	decompiled	chunks/008/functions-000569.c		
100ad2ec0	100ad2f07	decompiled	chunks/008/functions-000569.c	-[SCMemUserNavigationScopeGraphBridgeSaberEntryPoint beginIn]	
100ad2f08	100ad2f4f	decompiled	chunks/008/functions-000569.c	-[SCMemUserNavigationScopeGraphBridgeSaberEntryPoint memUserNavigationScopeGraphBridgeServicesExposer]	
100ad2f50	100ad2f6f	decompiled	chunks/008/functions-000569.c		
100ad2f70	100ad303f	decompiled	chunks/008/functions-000569.c		
100ad3040	100ad30bf	decompiled	chunks/008/functions-000569.c	-[SCMemoriesPreviewSaveDismissServicesSaberEntryPoint init]	
100ad30c0	100ad316b	decompiled	chunks/008/functions-000569.c	-[SCMemoriesPreviewSaveDismissServicesSaberEntryPoint setValue:forIvarName:]	
100ad316c	100ad336f	decompiled	chunks/008/functions-000569.c		
100ad3370	100ad337b	decompiled	chunks/008/functions-000569.c	-[SCMemoriesPreviewSaveDismissServicesSaberEntryPoint setBeginIn:]	
100ad337c	100ad33cf	decompiled	chunks/008/functions-000569.c		
100ad33d0	100ad33db	decompiled	chunks/008/functions-000569.c	-[SCMemoriesPreviewSaveDismissServicesSaberEntryPoint setMemUserNavigationScopeGraphBridgeServices:]	
100ad33dc	100ad343f	decompiled	chunks/008/functions-000569.c	-[SCMemoriesPreviewSaveDismissServicesSaberEntryPoint setMemoriesPreviewSaveDismissServicesExposer:]	
100ad3440	100ad3467	decompiled	chunks/008/functions-000569.c	-[SCMemoriesPreviewSaveDismissServicesSaberEntryPoint begin]	
100ad3468	100ad35eb	decompiled	chunks/008/functions-000569.c		
100ad35ec	100ad35f7	decompiled	chunks/008/functions-000569.c	-[SCMemoriesPreviewSaveDismissServicesSaberEntryPoint beginIn]	
100ad35f8	100ad363b	decompiled	chunks/008/functions-000569.c		
100ad363c	100ad3647	decompiled	chunks/008/functions-000569.c	-[SCMemoriesPreviewSaveDismissServicesSaberEntryPoint memUserNavigationScopeGraphBridgeServices]	
100ad3648	100ad368f	decompiled	chunks/008/functions-000569.c	-[SCMemoriesPreviewSaveDismissServicesSaberEntryPoint memoriesPreviewSaveDismissServicesExposer]	
100ad3690	100ad36af	decompiled	chunks/008/functions-000569.c		
100ad36b0	100ad36b7	decompiled	chunks/008/functions-000569.c		
100ad36b8	100ad370b	decompiled	chunks/008/functions-000569.c		
100ad370c	100ad3777	decompiled	chunks/008/functions-000569.c	-[SCMusicUserNavigationScopeGraphBridgeSaberEntryPoint init]	
100ad3778	100ad3823	decompiled	chunks/008/functions-000569.c	-[SCMusicUserNavigationScopeGraphBridgeSaberEntryPoint setValue:forIvarName:]	
100ad3824	100ad39bb	decompiled	chunks/008/functions-000569.c		
100ad39bc	100ad3a13	decompiled	chunks/008/functions-000569.c	-[SCMusicUserNavigationScopeGraphBridgeSaberEntryPoint setBeginIn:]	
100ad3a14	100ad3a77	decompiled	chunks/008/functions-000569.c	-[SCMusicUserNavigationScopeGraphBridgeSaberEntryPoint setMusicUserNavigationScopeGraphBridgeServicesExposer:]	
100ad3a78	100ad3a9f	decompiled	chunks/008/functions-000569.c	-[SCMusicUserNavigationScopeGraphBridgeSaberEntryPoint begin]	
