address	end_address	status	pseudocode_file	runtime_label	error
107b6a208	107b6a217	decompiled	chunks/001/functions-000089.c	-[SCOperaSubscribeButtonTextView isAnimating]	
107b6a218	107b6a25b	decompiled	chunks/001/functions-000089.c	-[SCOperaSubscribeButtonTextView updateIsSubscribed:]	
107b6a25c	107b6a29f	decompiled	chunks/001/functions-000089.c	-[SCOperaSubscribeButtonTextView updateIsSubscribedWithNoAnimations:]	
107b6a2a0	107b6a327	decompiled	chunks/001/functions-000090.c	-[SCOperaSubscribeButtonTextView _subscribeButtonViewTapped]	
107b6a328	107b6a347	decompiled	chunks/001/functions-000090.c	+[SCOperaSubscribeButtonTextView _expectedWidthWithLabel:]	
107b6a348	107b6a483	decompiled	chunks/001/functions-000090.c	-[SCOperaSubscribeButtonTextView _animateButtonToIsSubscribed:]	
107b6a484	107b6a4bb	decompiled	chunks/001/functions-000090.c		
107b6a4bc	107b6a5a3	decompiled	chunks/001/functions-000090.c		
107b6a5a4	107b6a5ff	decompiled	chunks/001/functions-000090.c		
107b6a600	107b6a60f	decompiled	chunks/001/functions-000090.c	-[SCOperaSubscribeButtonTextView _setIsButtonAnimating:]	
107b6a610	107b6a68f	decompiled	chunks/001/functions-000090.c	-[SCOperaSubscribeButtonTextView _setDetailsForIsSubscribed:shouldUseScaleTransform:]	
107b6a690	107b6a6df	decompiled	chunks/001/functions-000090.c	-[SCOperaSubscribeButtonTextView _scaleViewToIdentity]	
107b6a6e0	107b6a73f	decompiled	chunks/001/functions-000090.c	-[SCOperaSubscribeButtonTextView _setTitleLabelForIsSubscribed:]	
107b6a740	107b6a74f	decompiled	chunks/001/functions-000090.c	-[SCOperaSubscribeButtonTextView isSubscribed]	
107b6a750	107b6a75f	decompiled	chunks/001/functions-000090.c	-[SCOperaSubscribeButtonTextView setIsSubscribed:]	
107b6a760	107b6a77f	decompiled	chunks/001/functions-000090.c	-[SCOperaSubscribeButtonTextView delegate]	
107b6a780	107b6a793	decompiled	chunks/001/functions-000090.c	-[SCOperaSubscribeButtonTextView setDelegate:]	
107b6a794	107b6a873	decompiled	chunks/001/functions-000090.c	-[SCOperaSubscribeButtonTextView .cxx_destruct]	
107b6a874	107b6a983	decompiled	chunks/001/functions-000090.c	-[SCOperaToggleView updateVisibilityWithProperties:isVisibleKey:animationDurationKey:]	
107b6a984	107b6aa27	decompiled	chunks/001/functions-000090.c	-[SCOperaToggleView initWithFrame:]	
107b6aa28	107b6aa7f	decompiled	chunks/001/functions-000090.c	-[SCOperaToggleView layoutSubviews]	
107b6aa80	107b6aa87	decompiled	chunks/001/functions-000090.c	-[SCOperaToggleView setVisible:]	
107b6aa88	107b6ab9f	decompiled	chunks/001/functions-000090.c	-[SCOperaToggleView setVisible:animationDuration:]	
107b6aba0	107b6acb7	decompiled	chunks/001/functions-000090.c		
107b6acb8	107b6ace7	decompiled	chunks/001/functions-000090.c		
107b6ace8	107b6acf7	decompiled	chunks/001/functions-000090.c	-[SCOperaToggleView isVisible]	
107b6acf8	107b6ad07	decompiled	chunks/001/functions-000090.c	-[SCOperaToggleView contentView]	
107b6ad08	107b6ad47	decompiled	chunks/001/functions-000090.c	-[SCOperaToggleView setContentView:]	
107b6ad48	107b6ad5b	decompiled	chunks/001/functions-000090.c	-[SCOperaToggleView .cxx_destruct]	
107b6ad5c	107b6af8b	decompiled	chunks/001/functions-000090.c	-[SCOperaInlineVideo initWithParameters:scrollViewYOffset:]	
107b6af8c	107b6af93	decompiled	chunks/001/functions-000090.c	-[SCOperaInlineVideo screenshot]	
107b6af94	107b6afc3	decompiled	chunks/001/functions-000090.c	-[SCOperaInlineVideo setScreenshot:]	
107b6afc4	107b6afcf	decompiled	chunks/001/functions-000090.c	-[SCOperaInlineVideo frame]	
107b6afd0	107b6afd7	decompiled	chunks/001/functions-000090.c	-[SCOperaInlineVideo videoID]	
107b6afd8	107b6afdf	decompiled	chunks/001/functions-000090.c	-[SCOperaInlineVideo videoURL]	
107b6afe0	107b6afe7	decompiled	chunks/001/functions-000090.c	-[SCOperaInlineVideo firstFrameImageKey]	
107b6afe8	107b6afef	decompiled	chunks/001/functions-000090.c	-[SCOperaInlineVideo playButton]	
107b6aff0	107b6b043	decompiled	chunks/001/functions-000090.c	-[SCOperaInlineVideo .cxx_destruct]	
107b6b044	107b6b107	decompiled	chunks/001/functions-000090.c	-[SCOperaInlineVideoDismissalAnimator initWithBlackView:startingFrame:endingFrame:]	
107b6b108	107b6b10b	decompiled	chunks/001/functions-000090.c	-[SCOperaInlineVideoDismissalAnimator startInteractiveTransition:]	
107b6b10c	107b6b12f	decompiled	chunks/001/functions-000090.c	-[SCOperaInlineVideoDismissalAnimator animateTransition:]	
107b6b130	107b6b36f	decompiled	chunks/001/functions-000090.c	-[SCOperaInlineVideoDismissalAnimator startAnimatingWithContext:]	
107b6b370	107b6b3fb	decompiled	chunks/001/functions-000090.c		
107b6b3fc	107b6b403	decompiled	chunks/001/functions-000090.c	-[SCOperaInlineVideoDismissalAnimator transitionDuration:]	
107b6b404	107b6b45b	decompiled	chunks/001/functions-000090.c	-[SCOperaInlineVideoDismissalAnimator shouldDismissWithVelocity:translation:]	
107b6b45c	107b6b50b	decompiled	chunks/001/functions-000090.c	-[SCOperaInlineVideoDismissalAnimator finishDismiss]	
107b6b50c	107b6b5ef	decompiled	chunks/001/functions-000090.c		
107b6b5f0	107b6b65b	decompiled	chunks/001/functions-000090.c		
107b6b65c	107b6b703	decompiled	chunks/001/functions-000090.c	-[SCOperaInlineVideoDismissalAnimator cancelTransition]	
107b6b704	107b6b79b	decompiled	chunks/001/functions-000090.c		
107b6b79c	107b6b807	decompiled	chunks/001/functions-000090.c		
107b6b808	107b6b863	decompiled	chunks/001/functions-000090.c	-[SCOperaInlineVideoDismissalAnimator ratio:]	
107b6b864	107b6b927	decompiled	chunks/001/functions-000090.c	-[SCOperaInlineVideoDismissalAnimator didPan:]	
107b6b928	107b6b9d7	decompiled	chunks/001/functions-000090.c	-[SCOperaInlineVideoDismissalAnimator finishPan:]	
107b6b9d8	107b6b9ef	decompiled	chunks/001/functions-000090.c	-[SCOperaInlineVideoDismissalAnimator delegate]	
107b6b9f0	107b6b9fb	decompiled	chunks/001/functions-000090.c	-[SCOperaInlineVideoDismissalAnimator setDelegate:]	
107b6b9fc	107b6ba4b	decompiled	chunks/001/functions-000090.c	-[SCOperaInlineVideoDismissalAnimator .cxx_destruct]	
107b6ba4c	107b6bb0f	decompiled	chunks/001/functions-000090.c	-[SCOperaInlineVideoPresentationAnimator initWithStartingFrame:endingFrame:blackView:]	
107b6bb10	107b6be93	decompiled	chunks/001/functions-000090.c	-[SCOperaInlineVideoPresentationAnimator animateTransition:]	
107b6be94	107b6bf87	decompiled	chunks/001/functions-000090.c		
107b6bf88	107b6c00f	decompiled	chunks/001/functions-000090.c		
107b6c010	107b6c01b	decompiled	chunks/001/functions-000090.c		
107b6c01c	107b6c067	decompiled	chunks/001/functions-000090.c	-[SCOperaInlineVideoPresentationAnimator rotationTransform]	
107b6c068	107b6c06f	decompiled	chunks/001/functions-000090.c	-[SCOperaInlineVideoPresentationAnimator transitionDuration:]	
107b6c070	107b6c07b	decompiled	chunks/001/functions-000090.c	-[SCOperaInlineVideoPresentationAnimator .cxx_destruct]	
107b6c07c	107b6c103	decompiled	chunks/001/functions-000090.c	-[SCOperaInlineVideoTransitioningDelegate initWithStartingFrame:endingFrame:]	
107b6c104	107b6c13f	decompiled	chunks/001/functions-000090.c	-[SCOperaInlineVideoTransitioningDelegate presentationWillBegin]	
107b6c140	107b6c183	decompiled	chunks/001/functions-000090.c	-[SCOperaInlineVideoTransitioningDelegate didFinishAnimating:cancelled:]	
107b6c184	107b6c21f	decompiled	chunks/001/functions-000090.c	-[SCOperaInlineVideoTransitioningDelegate animationControllerForPresentedController:presentingController:sourceController:]	
107b6c220	107b6c2c7	decompiled	chunks/001/functions-000090.c	-[SCOperaInlineVideoTransitioningDelegate setupDismissalAnimation]	
107b6c2c8	107b6c41b	decompiled	chunks/001/functions-000090.c	-[SCOperaInlineVideoTransitioningDelegate handleDownPan:]	
107b6c41c	107b6c443	decompiled	chunks/001/functions-000090.c	-[SCOperaInlineVideoTransitioningDelegate animationControllerForDismissedController:]	
107b6c444	107b6c47f	decompiled	chunks/001/functions-000090.c	-[SCOperaInlineVideoTransitioningDelegate interactionControllerForDismissal:]	
107b6c480	107b6c4e3	decompiled	chunks/001/functions-000090.c	-[SCOperaInlineVideoTransitioningDelegate shouldUseInteractiveTransition]	
107b6c4e4	107b6c52b	decompiled	chunks/001/functions-000090.c	-[SCOperaInlineVideoTransitioningDelegate .cxx_destruct]	
107b6c52c	107b6c5d7	decompiled	chunks/001/functions-000090.c	-[SCOperaMultiWebViewWrapper init]	
107b6c5d8	107b6c647	decompiled	chunks/001/functions-000090.c	-[SCOperaMultiWebViewWrapper webViewWrapperForUrl:]	
107b6c648	107b6c74b	decompiled	chunks/001/functions-000090.c	-[SCOperaMultiWebViewWrapper setWebViewWrapper:forUrl:]	
107b6c74c	107b6c79f	decompiled	chunks/001/functions-000090.c	-[SCOperaMultiWebViewWrapper initialLoadUrlForWebViewWrapper:]	
107b6c7a0	107b6c863	decompiled	chunks/001/functions-000090.c	-[SCOperaMultiWebViewWrapper setDidFinishLoadingTimestamp:forWebViewWrapper:]	
107b6c864	107b6c8b7	decompiled	chunks/001/functions-000090.c	-[SCOperaMultiWebViewWrapper didFinishLoadingTimestampForWebViewWrapper:]	
107b6c8b8	107b6c9cf	decompiled	chunks/001/functions-000090.c	-[SCOperaMultiWebViewWrapper tearDown]	
107b6c9d0	107b6ca17	decompiled	chunks/001/functions-000090.c	-[SCOperaMultiWebViewWrapper .cxx_destruct]	
107b6ca18	107b6ca5b	decompiled	chunks/001/functions-000090.c	-[SCOperaWebViewAVControlScript init]	
107b6ca5c	107b6ca5f	decompiled	chunks/001/functions-000090.c	-[SCOperaWebViewAVControlScript didShowWebView:]	
107b6ca60	107b6cac3	decompiled	chunks/001/functions-000090.c	-[SCOperaWebViewAVControlScript didHideWebView:]	
107b6cac4	107b6cb73	decompiled	chunks/001/functions-000090.c	-[SCOperaWebViewAudioController initWithOperaWebViewWrapper:audioSession:]	
107b6cb74	107b6cbbf	decompiled	chunks/001/functions-000090.c	-[SCOperaWebViewAudioController dealloc]	
107b6cbc0	107b6cbcb	decompiled	chunks/001/functions-000090.c	-[SCOperaWebViewAudioController muteWebView]	
107b6cbcc	107b6cbd7	decompiled	chunks/001/functions-000090.c	-[SCOperaWebViewAudioController unmuteWebView]	
107b6cbd8	107b6cca3	decompiled	chunks/001/functions-000090.c	-[SCOperaWebViewAudioController eval:]	
107b6cca4	107b6cd2b	decompiled	chunks/001/functions-000090.c	-[SCOperaWebViewAudioController syncMuteStatus]	
107b6cd2c	107b6cd3f	decompiled	chunks/001/functions-000090.c		
107b6cd40	107b6cd43	decompiled	chunks/001/functions-000090.c	-[SCOperaWebViewAudioController audioSession:didChangeVolume:]	
107b6cd44	107b6cd73	decompiled	chunks/001/functions-000090.c	-[SCOperaWebViewAudioController .cxx_destruct]	
107b6cd74	107b6d353	decompiled	chunks/001/functions-000090.c	-[SCOperaWebViewHeaderView initWithFrame:useWebviewStandardization:enableActionMenuButton:]	
107b6d354	107b6d383	decompiled	chunks/001/functions-000090.c	-[SCOperaWebViewHeaderView operaWebViewHeaderViewDidPressActionMenuButton]	
107b6d384	107b6d73b	decompiled	chunks/001/functions-000090.c	-[SCOperaWebViewHeaderView layoutSubviews]	
107b6d73c	107b6d7c3	decompiled	chunks/001/functions-000090.c	-[SCOperaWebViewHeaderView setFaviconForURL:]	
107b6d7c4	107b6d86f	decompiled	chunks/001/functions-000090.c	-[SCOperaWebViewHeaderView updateUrl:]	
107b6d870	107b6d89f	decompiled	chunks/001/functions-000090.c	-[SCOperaWebViewHeaderView setUrlBarLoadingText:]	
107b6d8a0	107b6d8b7	decompiled	chunks/001/functions-000090.c	-[SCOperaWebViewHeaderView gestureRecognizer:shouldRecognizeSimultaneouslyWithGestureRecognizer:]	
107b6d8b8	107b6d8bf	decompiled	chunks/001/functions-000090.c	-[SCOperaWebViewHeaderView gestureRecognizer:shouldReceiveTouch:]	
107b6d8c0	107b6d8c7	decompiled	chunks/001/functions-000091.c	-[SCOperaWebViewHeaderView gestureRecognizer:shouldReceivePress:]	
107b6d8c8	107b6d923	decompiled	chunks/001/functions-000091.c	-[SCOperaWebViewHeaderView didLongPressExitButton:]	
107b6d924	107b6d9fb	decompiled	chunks/001/functions-000091.c	-[SCOperaWebViewHeaderView didTap:]	
107b6d9fc	107b6da0b	decompiled	chunks/001/functions-000091.c	-[SCOperaWebViewHeaderView setShimmering:]	
107b6da0c	107b6da1f	decompiled	chunks/001/functions-000091.c	-[SCOperaWebViewHeaderView hideActionMenuButton]	
107b6da20	107b6da33	decompiled	chunks/001/functions-000091.c	-[SCOperaWebViewHeaderView showActionMenuButton]	
107b6da34	107b6da43	decompiled	chunks/001/functions-000091.c	-[SCOperaWebViewHeaderView urlBarView]	
107b6da44	107b6da53	decompiled	chunks/001/functions-000091.c	-[SCOperaWebViewHeaderView exitButton]	
107b6da54	107b6da73	decompiled	chunks/001/functions-000091.c	-[SCOperaWebViewHeaderView delegate]	
107b6da74	107b6da87	decompiled	chunks/001/functions-000091.c	-[SCOperaWebViewHeaderView setDelegate:]	
107b6da88	107b6db73	decompiled	chunks/001/functions-000091.c	-[SCOperaWebViewHeaderView .cxx_destruct]	
107b6db74	107b6dbfb	decompiled	chunks/001/functions-000091.c	-[SCOperaWebViewNavigationItem initWithUrl:urlType:]	
107b6dbfc	107b6dc1f	decompiled	chunks/001/functions-000091.c	-[SCOperaWebViewNavigationItem copyWithZone:]	
107b6dc20	107b6dc73	decompiled	chunks/001/functions-000091.c	-[SCOperaWebViewNavigationItem hash]	
107b6dc74	107b6dd13	decompiled	chunks/001/functions-000091.c	-[SCOperaWebViewNavigationItem isEqual:]	
107b6dd14	107b6dd1b	decompiled	chunks/001/functions-000091.c	-[SCOperaWebViewNavigationItem url]	
107b6dd1c	107b6dd23	decompiled	chunks/001/functions-000091.c	-[SCOperaWebViewNavigationItem urlType]	
107b6dd24	107b6dd2f	decompiled	chunks/001/functions-000091.c	-[SCOperaWebViewNavigationItem .cxx_destruct]	
107b6dd30	107b6dee3	decompiled	chunks/001/functions-000091.c	-[SCOperaWebViewWrapper initWithUrlInterceptor:enableJavaScriptBridge:safeBrowsingChecker:configDict:audioSession:]	
107b6dee4	107b6e3c3	decompiled	chunks/001/functions-000091.c	-[SCOperaWebViewWrapper resetWebViewWithConfigDict:enableJavaScriptBridge:]	
107b6e3c4	107b6e59b	decompiled	chunks/001/functions-000091.c		
107b6e59c	107b6e623	decompiled	chunks/001/functions-000091.c	-[SCOperaWebViewWrapper tearDown]	
107b6e624	107b6e6e3	decompiled	chunks/001/functions-000091.c	-[SCOperaWebViewWrapper dealloc]	
107b6e6e4	107b6e80f	decompiled	chunks/001/functions-000091.c		
107b6e810	107b6e817	decompiled	chunks/001/functions-000091.c		
107b6e818	107b6e923	decompiled	chunks/001/functions-000091.c	-[SCOperaWebViewWrapper showPendingUI]	
107b6e924	107b6ef53	decompiled	chunks/001/functions-000091.c	-[SCOperaWebViewWrapper webView:decidePolicyForNavigationAction:decisionHandler:]	
107b6ef54	107b6ef6b	decompiled	chunks/001/functions-000091.c		
107b6ef6c	107b6f32b	decompiled	chunks/001/functions-000091.c	-[SCOperaWebViewWrapper webView:shouldStartLoadWithRequest:navigationType:]	
107b6f32c	107b6f343	decompiled	chunks/001/functions-000091.c		
107b6f344	107b6f38b	decompiled	chunks/001/functions-000091.c	-[SCOperaWebViewWrapper webView:didUpdateProgress:]	
107b6f38c	107b6f407	decompiled	chunks/001/functions-000091.c	-[SCOperaWebViewWrapper webViewDidStartLoad:]	
107b6f408	107b6f4df	decompiled	chunks/001/functions-000091.c	-[SCOperaWebViewWrapper webViewDidFinishLoad:]	
107b6f4e0	107b6f4f7	decompiled	chunks/001/functions-000091.c	-[SCOperaWebViewWrapper webView:didReceiveServerRedirectForProvisionalNavigation:]	
107b6f4f8	107b6f503	decompiled	chunks/001/functions-000091.c	-[SCOperaWebViewWrapper webView:didCommitNavigation:]	
107b6f504	107b6f593	decompiled	chunks/001/functions-000091.c	-[SCOperaWebViewWrapper webView:didReceiveResponse:]	
107b6f594	107b6f7d3	decompiled	chunks/001/functions-000091.c	-[SCOperaWebViewWrapper webView:didFailLoadWithError:]	
107b6f7d4	107b6f88b	decompiled	chunks/001/functions-000091.c		
107b6f88c	107b6f8a7	decompiled	chunks/001/functions-000091.c	-[SCOperaWebViewWrapper _shouldOverrideAllowlisted]	
107b6f8a8	107b6f91f	decompiled	chunks/001/functions-000091.c	-[SCOperaWebViewWrapper showSafeBrowsingWarning:urlType:]	
107b6f920	107b6f953	decompiled	chunks/001/functions-000091.c	-[SCOperaWebViewWrapper showConnectionError]	
107b6f954	107b6f987	decompiled	chunks/001/functions-000091.c	-[SCOperaWebViewWrapper showGeneralError]	
107b6f988	107b6f9bf	decompiled	chunks/001/functions-000091.c	-[SCOperaWebViewWrapper webBrowsingURLInterceptor:didClickCancelForLeavingAppForURL:]	
107b6f9c0	107b6f9f7	decompiled	chunks/001/functions-000091.c	-[SCOperaWebViewWrapper webBrowsingURLInterceptor:didClickOKForLeavingAppForURL:]	
107b6f9f8	107b6fa07	decompiled	chunks/001/functions-000091.c	-[SCOperaWebViewWrapper urlInterceptorConfigUpdates]	
107b6fa08	107b6fb5f	decompiled	chunks/001/functions-000091.c	-[SCOperaWebViewWrapper runSafeBrowsingCheckOnUrl:]	
107b6fb60	107b6fc73	decompiled	chunks/001/functions-000091.c		
107b6fc74	107b6fca7	decompiled	chunks/001/functions-000091.c		
107b6fca8	107b6fcfb	decompiled	chunks/001/functions-000091.c	-[SCOperaWebViewWrapper _didCheckSafeBrowsingForURL:urlType:]	
107b6fcfc	107b6fdd7	decompiled	chunks/001/functions-000091.c	-[SCOperaWebViewWrapper _navigationItemForURL:]	
107b6fdd8	107b6fe8f	decompiled	chunks/001/functions-000091.c	-[SCOperaWebViewWrapper _navigationActionItemForTargetId:]	
107b6fe90	107b6ff8b	decompiled	chunks/001/functions-000091.c	-[SCOperaWebViewWrapper _updateNavigationItem:]	
107b6ff8c	107b70043	decompiled	chunks/001/functions-000091.c	-[SCOperaWebViewWrapper _updateNavigationActionItem:targetId:]	
107b70044	107b701f7	decompiled	chunks/001/functions-000091.c	-[SCOperaWebViewWrapper _checkSafeBrowsingForURL:webView:targetId:]	
107b701f8	107b70287	decompiled	chunks/001/functions-000091.c		
107b70288	107b702cb	decompiled	chunks/001/functions-000091.c		
107b702cc	107b705b3	decompiled	chunks/001/functions-000091.c	-[SCOperaWebViewWrapper _handleCheckResultForURL:webView:navigationAction:urlType:]	
107b705b4	107b707b3	decompiled	chunks/001/functions-000091.c	-[SCOperaWebViewWrapper _cancelActionHandlersForURL:]	
107b707b4	107b7086b	decompiled	chunks/001/functions-000091.c	-[SCOperaWebViewWrapper notifyWebPageOnShow:]	
107b7086c	107b7092b	decompiled	chunks/001/functions-000091.c	-[SCOperaWebViewWrapper notifyWebPageOnHide]	
107b7092c	107b709a3	decompiled	chunks/001/functions-000091.c	-[SCOperaWebViewWrapper notifyWebPageDidFinishLoad]	
107b709a4	107b709ab	decompiled	chunks/001/functions-000091.c	-[SCOperaWebViewWrapper _id]	
107b709ac	107b709b3	decompiled	chunks/001/functions-000091.c	-[SCOperaWebViewWrapper webView]	
107b709b4	107b709cb	decompiled	chunks/001/functions-000091.c	-[SCOperaWebViewWrapper delegate]	
107b709cc	107b709d7	decompiled	chunks/001/functions-000091.c	-[SCOperaWebViewWrapper setDelegate:]	
107b709d8	107b709df	decompiled	chunks/001/functions-000091.c	-[SCOperaWebViewWrapper pageLoadErrorCount]	
107b709e0	107b709e7	decompiled	chunks/001/functions-000091.c	-[SCOperaWebViewWrapper pageLoadCount]	
107b709e8	107b709ef	decompiled	chunks/001/functions-000091.c	-[SCOperaWebViewWrapper firstPageErrorCode]	
107b709f0	107b709f7	decompiled	chunks/001/functions-000091.c	-[SCOperaWebViewWrapper firstPageHttpStatusCode]	
107b709f8	107b709ff	decompiled	chunks/001/functions-000091.c	-[SCOperaWebViewWrapper redirectCount]	
107b70a00	107b70a07	decompiled	chunks/001/functions-000091.c	-[SCOperaWebViewWrapper didLoadStart]	
107b70a08	107b70a0f	decompiled	chunks/001/functions-000091.c	-[SCOperaWebViewWrapper didLoadSucceed]	
107b70a10	107b70b07	decompiled	chunks/001/functions-000091.c	-[SCOperaWebViewWrapper .cxx_destruct]	
107b70b08	107b70bd3	decompiled	chunks/001/functions-000091.c	-[SCOperaRemoteWebJavascriptBridge init]	
107b70bd4	107b70fbb	decompiled	chunks/001/functions-000091.c	-[SCOperaRemoteWebJavascriptBridge userContentController:didReceiveScriptMessage:]	
107b70fbc	107b70ff3	decompiled	chunks/001/functions-000091.c	-[SCOperaRemoteWebJavascriptBridge addActionCallback:]	
107b70ff4	107b7105b	decompiled	chunks/001/functions-000091.c	-[SCOperaRemoteWebJavascriptBridge evaluateJavaScript:completionHandler:]	
107b7105c	107b71063	decompiled	chunks/001/functions-000091.c	-[SCOperaRemoteWebJavascriptBridge userContentController]	
107b71064	107b7107b	decompiled	chunks/001/functions-000091.c	-[SCOperaRemoteWebJavascriptBridge webView]	
107b7107c	107b71087	decompiled	chunks/001/functions-000091.c	-[SCOperaRemoteWebJavascriptBridge setWebView:]	
107b71088	107b710bf	decompiled	chunks/001/functions-000091.c	-[SCOperaRemoteWebJavascriptBridge .cxx_destruct]	
107b710c0	107b71a03	decompiled	chunks/001/functions-000091.c	-[SCOperaRemoteWebLayerView updateWithConfig:webView:operaViewBounds:]	
107b71a04	107b71a37	decompiled	chunks/001/functions-000091.c	-[SCOperaRemoteWebLayerView teardown]	
107b71a38	107b720a3	decompiled	chunks/001/functions-000091.c	-[SCOperaRemoteWebLayerView layoutSubviews]	
107b720a4	107b720b3	decompiled	chunks/001/functions-000091.c	-[SCOperaRemoteWebLayerView scrollView]	
107b720b4	107b72157	decompiled	chunks/001/functions-000091.c	-[SCOperaRemoteWebLayerView loadRequest:]	
107b72158	107b72167	decompiled	chunks/001/functions-000091.c	-[SCOperaRemoteWebLayerView reload]	
107b72168	107b72177	decompiled	chunks/001/functions-000091.c	-[SCOperaRemoteWebLayerView stopLoading]	
107b72178	107b725af	decompiled	chunks/001/functions-000091.c	-[SCOperaRemoteWebLayerView initNavButtons]	
107b725b0	107b7290f	decompiled	chunks/001/functions-000091.c	-[SCOperaRemoteWebLayerView initGestureRecognizers]	
107b72910	107b729c7	decompiled	chunks/001/functions-000091.c	-[SCOperaRemoteWebLayerView exitButtonTouchUp]	
107b729c8	107b72a67	decompiled	chunks/001/functions-000091.c	-[SCOperaRemoteWebLayerView animateButtonPress:scaleFactor:]	
107b72a68	107b72ab7	decompiled	chunks/001/functions-000091.c		
107b72ab8	107b72b83	decompiled	chunks/001/functions-000091.c	-[SCOperaRemoteWebLayerView resetInactivityTimer]	
107b72b84	107b72bcf	decompiled	chunks/001/functions-000091.c	-[SCOperaRemoteWebLayerView inactivityTimePeriodReached]	
107b72bd0	107b72cc7	decompiled	chunks/001/functions-000091.c	-[SCOperaRemoteWebLayerView hideNavButtons]	
107b72cc8	107b72e53	decompiled	chunks/001/functions-000091.c	-[SCOperaRemoteWebLayerView showApplicableButtons]	
107b72e54	107b72ea3	decompiled	chunks/001/functions-000091.c	-[SCOperaRemoteWebLayerView dismissKeyboard]	
107b72ea4	107b730bb	decompiled	chunks/001/functions-000091.c	-[SCOperaRemoteWebLayerView cardRotatedWithAngle:yTranslation:]	
107b730bc	107b7319f	decompiled	chunks/001/functions-000091.c	-[SCOperaRemoteWebLayerView setAnchorPoint:]	
107b731a0	107b731f3	decompiled	chunks/001/functions-000092.c	-[SCOperaRemoteWebLayerView resetURLBarTransform]	
107b731f4	107b73233	decompiled	chunks/001/functions-000092.c	-[SCOperaRemoteWebLayerView scrollToTop:]	
107b73234	107b73503	decompiled	chunks/001/functions-000092.c	-[SCOperaRemoteWebLayerView attachmentPulled:]	
107b73504	107b73527	decompiled	chunks/001/functions-000092.c	-[SCOperaRemoteWebLayerView shiftURLBar:withPercentOffset:]	
107b73528	107b7354b	decompiled	chunks/001/functions-000092.c	-[SCOperaRemoteWebLayerView didSwipeDown:]	
107b7354c	107b7356f	decompiled	chunks/001/functions-000092.c	-[SCOperaRemoteWebLayerView didSwipeUp:]	
107b73570	107b73593	decompiled	chunks/001/functions-000092.c	-[SCOperaRemoteWebLayerView didTap:]	
107b73594	107b73647	decompiled	chunks/001/functions-000092.c	-[SCOperaRemoteWebLayerView buttonPressed:]	
107b73648	107b73757	decompiled	chunks/001/functions-000092.c	-[SCOperaRemoteWebLayerView didLongPressBackButton:]	
107b73758	107b73867	decompiled	chunks/001/functions-000092.c	-[SCOperaRemoteWebLayerView didLongPressForwardButton:]	
107b73868	107b739d3	decompiled	chunks/001/functions-000092.c	-[SCOperaRemoteWebLayerView didLongPressShareButton:]	
107b739d4	107b73acf	decompiled	chunks/001/functions-000092.c	-[SCOperaRemoteWebLayerView didLongPressExitButton:]	
107b73ad0	107b73bff	decompiled	chunks/001/functions-000092.c	-[SCOperaRemoteWebLayerView didLongPressXExitButton:]	
107b73c00	107b73c0f	decompiled	chunks/001/functions-000092.c	-[SCOperaRemoteWebLayerView isLongPressingNavButton]	
107b73c10	107b73c1f	decompiled	chunks/001/functions-000092.c	-[SCOperaRemoteWebLayerView didPressImmersiveModeExitButton]	
107b73c20	107b73cd3	decompiled	chunks/001/functions-000092.c	-[SCOperaRemoteWebLayerView gestureRecognizer:shouldRecognizeSimultaneouslyWithGestureRecognizer:]	
107b73cd4	107b73d4f	decompiled	chunks/001/functions-000092.c	-[SCOperaRemoteWebLayerView webViewDidStartLoad]	
107b73d50	107b73daf	decompiled	chunks/001/functions-000092.c	-[SCOperaRemoteWebLayerView webViewDidFinishLoad]	
107b73db0	107b73ee7	decompiled	chunks/001/functions-000092.c	-[SCOperaRemoteWebLayerView operaWebViewHeaderViewDidPressExitButton:buttonRecognizer:]	
107b73ee8	107b73f1b	decompiled	chunks/001/functions-000092.c	-[SCOperaRemoteWebLayerView operaWebViewHeaderViewDidPressActionMenuButton]	
107b73f1c	107b73f23	decompiled	chunks/001/functions-000092.c	-[SCOperaRemoteWebLayerView operaWebViewHeaderViewDidPressOutsideExitButton:]	
107b73f24	107b73f33	decompiled	chunks/001/functions-000092.c	-[SCOperaRemoteWebLayerView errorStateViewDidTapToRetry]	
107b73f34	107b7414b	decompiled	chunks/001/functions-000092.c	-[SCOperaRemoteWebLayerView updateNavButtons]	
107b7414c	107b74233	decompiled	chunks/001/functions-000092.c	-[SCOperaRemoteWebLayerView updateUrl:overrideAllowlisted:]	
107b74234	107b742e3	decompiled	chunks/001/functions-000092.c	-[SCOperaRemoteWebLayerView setUrlBarLoadingText:]	
107b742e4	107b7434b	decompiled	chunks/001/functions-000092.c	-[SCOperaRemoteWebLayerView setFaviconForURL:]	
107b7434c	107b7450f	decompiled	chunks/001/functions-000092.c	-[SCOperaRemoteWebLayerView updateProgress:]	
107b74510	107b7458b	decompiled	chunks/001/functions-000092.c	-[SCOperaRemoteWebLayerView isUrlAllowlisted:]	
107b7458c	107b745db	decompiled	chunks/001/functions-000092.c	-[SCOperaRemoteWebLayerView _showUrlBar]	
107b745dc	107b7463f	decompiled	chunks/001/functions-000092.c	-[SCOperaRemoteWebLayerView _hideUrlBar]	
107b74640	107b7466b	decompiled	chunks/001/functions-000092.c	-[SCOperaRemoteWebLayerView _updateUrlBarState:]	
107b7466c	107b74857	decompiled	chunks/001/functions-000092.c	-[SCOperaRemoteWebLayerView setShareButtonVisibility:]	
107b74858	107b748e3	decompiled	chunks/001/functions-000092.c	-[SCOperaRemoteWebLayerView createSafeBrowsingWarningView]	
107b748e4	107b74923	decompiled	chunks/001/functions-000092.c	-[SCOperaRemoteWebLayerView hideSafeBrowsingWarning]	
107b74924	107b7499f	decompiled	chunks/001/functions-000092.c	-[SCOperaRemoteWebLayerView showSafeBrowsingWarning:urlType:]	
107b749a0	107b74adf	decompiled	chunks/001/functions-000092.c	-[SCOperaRemoteWebLayerView createConnectionErrorView]	
107b74ae0	107b74b2f	decompiled	chunks/001/functions-000092.c	-[SCOperaRemoteWebLayerView hideConnectionErrorView]	
107b74b30	107b74b5b	decompiled	chunks/001/functions-000092.c	-[SCOperaRemoteWebLayerView showConnectionError]	
107b74b5c	107b74b87	decompiled	chunks/001/functions-000092.c	-[SCOperaRemoteWebLayerView showGeneralError]	
107b74b88	107b74beb	decompiled	chunks/001/functions-000092.c	-[SCOperaRemoteWebLayerView _presentConnectionErrorView]	
107b74bec	107b74c97	decompiled	chunks/001/functions-000092.c	-[SCOperaRemoteWebLayerView goBackFromSafeBrowsing]	
107b74c98	107b74cef	decompiled	chunks/001/functions-000092.c	-[SCOperaRemoteWebLayerView learnMoreFromSafeBrowsing]	
107b74cf0	107b74d5f	decompiled	chunks/001/functions-000092.c	-[SCOperaRemoteWebLayerView didIgnoreSafeBrowsingWarning:]	
107b74d60	107b74e23	decompiled	chunks/001/functions-000092.c	-[SCOperaRemoteWebLayerView hideWebView]	
107b74e24	107b74f17	decompiled	chunks/001/functions-000092.c	-[SCOperaRemoteWebLayerView showWebView]	
107b74f18	107b74f23	decompiled	chunks/001/functions-000092.c		
107b74f24	107b74f37	decompiled	chunks/001/functions-000092.c	-[SCOperaRemoteWebLayerView viewDidEnterBackgroundNotification]	
107b74f38	107b74feb	decompiled	chunks/001/functions-000092.c	-[SCOperaRemoteWebLayerView setupWebViewAfterBackground:]	
107b74fec	107b750ff	decompiled	chunks/001/functions-000092.c	-[SCOperaRemoteWebLayerView resetWebView:webView:]	
107b75100	107b752e3	decompiled	chunks/001/functions-000092.c	-[SCOperaRemoteWebLayerView _fadeOutHeaderView:]	
107b752e4	107b75447	decompiled	chunks/001/functions-000092.c	-[SCOperaRemoteWebLayerView _fadeInHeaderView:]	
107b75448	107b75457	decompiled	chunks/001/functions-000092.c	-[SCOperaRemoteWebLayerView didResetWebview]	
107b75458	107b75473	decompiled	chunks/001/functions-000092.c	-[SCOperaRemoteWebLayerView getCurrentLoadProgress]	
107b75474	107b7548f	decompiled	chunks/001/functions-000092.c	-[SCOperaRemoteWebLayerView isLoadComplete]	
107b75490	107b754af	decompiled	chunks/001/functions-000092.c	-[SCOperaRemoteWebLayerView delegate]	
107b754b0	107b754c3	decompiled	chunks/001/functions-000092.c	-[SCOperaRemoteWebLayerView setDelegate:]	
107b754c4	107b754d3	decompiled	chunks/001/functions-000092.c	-[SCOperaRemoteWebLayerView learnAboutSafeBrowsingMoreUrl]	
107b754d4	107b75513	decompiled	chunks/001/functions-000092.c	-[SCOperaRemoteWebLayerView setLearnAboutSafeBrowsingMoreUrl:]	
107b75514	107b75523	decompiled	chunks/001/functions-000092.c	-[SCOperaRemoteWebLayerView webView]	
107b75524	107b7576f	decompiled	chunks/001/functions-000092.c	-[SCOperaRemoteWebLayerView .cxx_destruct]	
107b75770	107b7577f	decompiled	chunks/001/functions-000092.c	-[SCOperaRemoteWebLayerViewController initWithConfiguration:layerViewControllerConfiguration:operaDependencies:eventAnnouncer:bandwidthEstimator:]	
107b75780	107b758a7	decompiled	chunks/001/functions-000092.c	-[SCOperaRemoteWebLayerViewController initWithConfiguration:layerViewControllerConfiguration:operaDependencies:kvoController:eventAnnouncer:bandwidthEstimator:]	
107b758a8	107b75a2b	decompiled	chunks/001/functions-000092.c	-[SCOperaRemoteWebLayerViewController viewDidFullyAppear]	
107b75a2c	107b75a87	decompiled	chunks/001/functions-000092.c	-[SCOperaRemoteWebLayerViewController neighborViewDidFullyAppearWithCurrentViewRelativePosition:neighborsInfoProvider:]	
107b75a88	107b75ab7	decompiled	chunks/001/functions-000092.c	-[SCOperaRemoteWebLayerViewController viewDidPartiallyAppearWithCurrentViewRelativePosition:]	
107b75ab8	107b75d5f	decompiled	chunks/001/functions-000092.c	-[SCOperaRemoteWebLayerViewController viewDidFullyDisappear]	
107b75d60	107b75deb	decompiled	chunks/001/functions-000092.c	-[SCOperaRemoteWebLayerViewController didFinishLoadingTimestamp]	
107b75dec	107b75e8f	decompiled	chunks/001/functions-000092.c	-[SCOperaRemoteWebLayerViewController setDidFinishLoadingTimestamp:]	
107b75e90	107b75f8f	decompiled	chunks/001/functions-000092.c	-[SCOperaRemoteWebLayerViewController shareableMedia]	
107b75f90	107b76003	decompiled	chunks/001/functions-000092.c	-[SCOperaRemoteWebLayerViewController _enableJavaScriptBridge]	
107b76004	107b765ab	decompiled	chunks/001/functions-000092.c	-[SCOperaRemoteWebLayerViewController currentViewParameters]	
107b765ac	107b765bb	decompiled	chunks/001/functions-000092.c	-[SCOperaRemoteWebLayerViewController scrollView]	
107b765bc	107b7667b	decompiled	chunks/001/functions-000092.c	-[SCOperaRemoteWebLayerViewController clearLayerViewRequest]	
107b7667c	107b7679f	decompiled	chunks/001/functions-000092.c	-[SCOperaRemoteWebLayerViewController teardown]	
107b767a0	107b767ef	decompiled	chunks/001/functions-000092.c	-[SCOperaRemoteWebLayerViewController _resetOperaPageMetrics]	
107b767f0	107b768fb	decompiled	chunks/001/functions-000092.c	-[SCOperaRemoteWebLayerViewController pageabilityForRelativePosition:gestureRecognizer:]	
107b768fc	107b76a83	decompiled	chunks/001/functions-000092.c	-[SCOperaRemoteWebLayerViewController triggerContextMenuForWebviewWrapper:]	
107b76a84	107b76b1f	decompiled	chunks/001/functions-000092.c	-[SCOperaRemoteWebLayerViewController isShareable]	
107b76b20	107b76b63	decompiled	chunks/001/functions-000092.c	-[SCOperaRemoteWebLayerViewController _reloadIfNecessary]	
107b76b64	107b76b6b	decompiled	chunks/001/functions-000092.c	-[SCOperaRemoteWebLayerViewController canHandleRoundCorner]	
107b76b6c	107b76b6f	decompiled	chunks/001/functions-000092.c	-[SCOperaRemoteWebLayerViewController didUpdateBottomPageViewProperties:]	
107b76b70	107b76b83	decompiled	chunks/001/functions-000092.c	-[SCOperaRemoteWebLayerViewController setupPlaybackAnalyticsTracker:]	
107b76b84	107b76c53	decompiled	chunks/001/functions-000092.c	-[SCOperaRemoteWebLayerViewController loadView]	
107b76c54	107b7719b	decompiled	chunks/001/functions-000092.c	-[SCOperaRemoteWebLayerViewController didReceiveUpdateProperties:]	
107b7719c	107b7726f	decompiled	chunks/001/functions-000092.c	-[SCOperaRemoteWebLayerViewController updateViewWithHorizontalPageOffset:isCurrentPage:]	
107b77270	107b77587	decompiled	chunks/001/functions-000092.c	-[SCOperaRemoteWebLayerViewController updateViewWithPreviousLayer:currentLayer:]	
107b77588	107b78097	decompiled	chunks/001/functions-000092.c	-[SCOperaRemoteWebLayerViewController _configDict]	
107b78098	107b780e7	decompiled	chunks/001/functions-000092.c		
107b780e8	107b78153	decompiled	chunks/001/functions-000092.c	-[SCOperaRemoteWebLayerViewController dealloc]	
107b78154	107b781ef	decompiled	chunks/001/functions-000092.c	-[SCOperaRemoteWebLayerViewController didReceiveMemoryWarning]	
107b781f0	107b78293	decompiled	chunks/001/functions-000092.c	-[SCOperaRemoteWebLayerViewController loadUrlRequest]	
107b78294	107b783a7	decompiled	chunks/001/functions-000092.c	-[SCOperaRemoteWebLayerViewController _loadUrlRequestForNonMultiWebViews]	
107b783a8	107b7848f	decompiled	chunks/001/functions-000092.c	-[SCOperaRemoteWebLayerViewController _loadUrlRequestForMultiWebViews]	
107b78490	107b785cf	decompiled	chunks/001/functions-000092.c	-[SCOperaRemoteWebLayerViewController updateProgress:webviewWrapper:]	
107b785d0	107b785f7	decompiled	chunks/001/functions-000092.c	-[SCOperaRemoteWebLayerViewController updateUrl:overrideAllowlisted:webviewWrapper:]	
107b785f8	107b7861f	decompiled	chunks/001/functions-000092.c	-[SCOperaRemoteWebLayerViewController setUrlBarLoadingText:webviewWrapper:]	
107b78620	107b78647	decompiled	chunks/001/functions-000092.c	-[SCOperaRemoteWebLayerViewController didStartLoadForWebviewWrapper:]	
107b78648	107b78833	decompiled	chunks/001/functions-000092.c	-[SCOperaRemoteWebLayerViewController didFinishLoadForWebviewWrapper:]	
107b78834	107b788cb	decompiled	chunks/001/functions-000092.c		
107b788cc	107b78a0f	decompiled	chunks/001/functions-000092.c	-[SCOperaRemoteWebLayerViewController didReceiveResponseForWebviewWrapper:response:]	
107b78a10	107b78a37	decompiled	chunks/001/functions-000093.c	-[SCOperaRemoteWebLayerViewController showSafeBrowsingWarning:urlType:webviewWrapper:]	
107b78a38	107b78aa3	decompiled	chunks/001/functions-000093.c	-[SCOperaRemoteWebLayerViewController showConnectionErrorForWebviewWrapper:]	
107b78aa4	107b78b0f	decompiled	chunks/001/functions-000093.c	-[SCOperaRemoteWebLayerViewController showGeneralErrorForWebviewWrapper:]	
107b78b10	107b78b1f	decompiled	chunks/001/functions-000093.c	-[SCOperaRemoteWebLayerViewController isVisible]	
107b78b20	107b78b3b	decompiled	chunks/001/functions-000093.c	-[SCOperaRemoteWebLayerViewController didClickOkInExternalOpenDialogForWebviewWrapper:]	
107b78b3c	107b78b57	decompiled	chunks/001/functions-000093.c	-[SCOperaRemoteWebLayerViewController didClickCancelInExternalOpenDialogForWebviewWrapper:]	
107b78b58	107b78b7f	decompiled	chunks/001/functions-000093.c	-[SCOperaRemoteWebLayerViewController didResetWebviewForWebviewWrapper:]	
107b78b80	107b78bdf	decompiled	chunks/001/functions-000093.c	-[SCOperaRemoteWebLayerViewController didFinalizePerformanceMetricsForWebViewWrapper:]	
107b78be0	107b78cd3	decompiled	chunks/001/functions-000093.c	-[SCOperaRemoteWebLayerViewController _sendMediaStartsToDisplayIfNecessary]	
107b78cd4	107b78d63	decompiled	chunks/001/functions-000093.c	-[SCOperaRemoteWebLayerViewController _sendWebViewDidFinishLoading]	
107b78d64	107b78da7	decompiled	chunks/001/functions-000093.c	-[SCOperaRemoteWebLayerViewController _closeWebview]	
107b78da8	107b78e3b	decompiled	chunks/001/functions-000093.c	-[SCOperaRemoteWebLayerViewController _shouldForceExternalBrowser]	
107b78e3c	107b78f63	decompiled	chunks/001/functions-000093.c	-[SCOperaRemoteWebLayerViewController _openInExternalBrowserAndClose]	
107b78f64	107b78f8f	decompiled	chunks/001/functions-000093.c		
107b78f90	107b78fd3	decompiled	chunks/001/functions-000093.c	-[SCOperaRemoteWebLayerViewController _didTapSubscriptionButton]	
107b78fd4	107b79053	decompiled	chunks/001/functions-000093.c	-[SCOperaRemoteWebLayerViewController _layoutSubscribeView]	
107b79054	107b7905b	decompiled	chunks/001/functions-000093.c	-[SCOperaRemoteWebLayerViewController _layoutSubscribeViewWithContentFrame:]	
107b7905c	107b79063	decompiled	chunks/001/functions-000093.c	-[SCOperaRemoteWebLayerViewController _layoutSubscribeViewWithContentBounds:]	
107b79064	107b790ab	decompiled	chunks/001/functions-000093.c	-[SCOperaRemoteWebLayerViewController _layoutSubscribeViewWithY:]	
107b790ac	107b790af	decompiled	chunks/001/functions-000093.c	-[SCOperaRemoteWebLayerViewController remoteWebLayerViewDidPressExitButton:]	
107b790b0	107b791a7	decompiled	chunks/001/functions-000093.c	-[SCOperaRemoteWebLayerViewController remoteWebLayerView:didShareURL:]	
107b791a8	107b792e7	decompiled	chunks/001/functions-000093.c	-[SCOperaRemoteWebLayerViewController operaWebViewHeaderViewDidPressActionMenuButton]	
107b792e8	107b792ef	decompiled	chunks/001/functions-000093.c	-[SCOperaRemoteWebLayerViewController gestureRecognizer:shouldRecognizeSimultaneouslyWithGestureRecognizer:]	
107b792f0	107b7935f	decompiled	chunks/001/functions-000093.c	-[SCOperaRemoteWebLayerViewController mediaViewFrame]	
107b79360	107b793f3	decompiled	chunks/001/functions-000093.c	-[SCOperaRemoteWebLayerViewController mediaHeightToWidthAspectRatio]	
107b793f4	107b79433	decompiled	chunks/001/functions-000093.c	-[SCOperaRemoteWebLayerViewController isOverlay]	
107b79434	107b79637	decompiled	chunks/001/functions-000093.c	-[SCOperaRemoteWebLayerViewController _setupLayerViewWithWebViewWrapper:]	
107b79638	107b79647	decompiled	chunks/001/functions-000093.c	-[SCOperaRemoteWebLayerViewController currentWebViewWrapper]	
107b79648	107b79687	decompiled	chunks/001/functions-000093.c	-[SCOperaRemoteWebLayerViewController setCurrentWebViewWrapper:]	
107b79688	107b79743	decompiled	chunks/001/functions-000093.c	-[SCOperaRemoteWebLayerViewController .cxx_destruct]	
107b79744	107b7974b	decompiled	chunks/001/functions-000093.c	-[SCOperaWebLayerViewController scrollView]	
107b7974c	107b7980b	decompiled	chunks/001/functions-000093.c	-[SCOperaWebLayerViewController initWithConfiguration:layerViewControllerConfiguration:operaDependencies:eventAnnouncer:bandwidthEstimator:]	
107b7980c	107b798c3	decompiled	chunks/001/functions-000093.c	-[SCOperaWebLayerViewController initInstanceVars]	
107b798c4	107b798d3	decompiled	chunks/001/functions-000093.c	-[SCOperaWebLayerViewController pause]	
107b798d4	107b798e3	decompiled	chunks/001/functions-000093.c	-[SCOperaWebLayerViewController resume]	
107b798e4	107b798f3	decompiled	chunks/001/functions-000093.c	-[SCOperaWebLayerViewController setVolume:]	
107b798f4	107b79947	decompiled	chunks/001/functions-000093.c	-[SCOperaWebLayerViewController viewDidFullyAppear]	
107b79948	107b7999b	decompiled	chunks/001/functions-000093.c	-[SCOperaWebLayerViewController viewDidFullyDisappear]	
107b7999c	107b799ef	decompiled	chunks/001/functions-000093.c	-[SCOperaWebLayerViewController teardown]	
107b799f0	107b79b3f	decompiled	chunks/001/functions-000093.c	-[SCOperaWebLayerViewController reset]	
107b79b40	107b79b87	decompiled	chunks/001/functions-000093.c	-[SCOperaWebLayerViewController viewDidLoad]	
107b79b88	107b79bab	decompiled	chunks/001/functions-000093.c	-[SCOperaWebLayerViewController setupTapGestureRecognizers]	
107b79bac	107b79c5f	decompiled	chunks/001/functions-000093.c	-[SCOperaWebLayerViewController viewDidDisappear:]	
107b79c60	107b79c67	decompiled	chunks/001/functions-000093.c	-[SCOperaWebLayerViewController shouldDisableTransitioningDelegate]	
107b79c68	107b79d33	decompiled	chunks/001/functions-000093.c	-[SCOperaWebLayerViewController _handlePanGesture:]	
107b79d34	107b79dcf	decompiled	chunks/001/functions-000093.c	-[SCOperaWebLayerViewController _setupTapGesture]	
107b79dd0	107b79e0f	decompiled	chunks/001/functions-000093.c	-[SCOperaWebLayerViewController _didTap:]	
107b79e10	107b79ef7	decompiled	chunks/001/functions-000093.c	-[SCOperaWebLayerViewController _setUpTapToOpenInlineVideoRecognizer]	
107b79ef8	107b79f07	decompiled	chunks/001/functions-000093.c	-[SCOperaWebLayerViewController longPressGestureRecognizer]	
107b79f08	107b79f47	decompiled	chunks/001/functions-000093.c	-[SCOperaWebLayerViewController setLongPressGestureRecognizer:]	
107b79f48	107b7a027	decompiled	chunks/001/functions-000093.c	-[SCOperaWebLayerViewController .cxx_destruct]	
107b7a028	107b7a037	decompiled	chunks/001/functions-000093.c	-[SCOperaWebLayerViewController inlineVideoCount]	
107b7a038	107b7a113	decompiled	chunks/001/functions-000093.c	-[SCOperaWebLayerViewController addVideoParams:]	
107b7a114	107b7a2af	decompiled	chunks/001/functions-000093.c	-[SCOperaWebLayerViewController addInlineVideoWithParameters:]	
107b7a2b0	107b7a5f3	decompiled	chunks/001/functions-000093.c	-[SCOperaWebLayerViewController playProperVideoIfAvailable]	
107b7a5f4	107b7a617	decompiled	chunks/001/functions-000093.c	-[SCOperaWebLayerViewController didResetWebView]	
107b7a618	107b7a6bf	decompiled	chunks/001/functions-000093.c	-[SCOperaWebLayerViewController replacePreviousInlineVideoWithScreenshot]	
107b7a6c0	107b7a823	decompiled	chunks/001/functions-000093.c	-[SCOperaWebLayerViewController updateCurrentInlineVideoScreenshot]	
107b7a824	107b7a96b	decompiled	chunks/001/functions-000093.c	-[SCOperaWebLayerViewController setupScreenshotHidingViewForVideo:]	
107b7a96c	107b7a9af	decompiled	chunks/001/functions-000093.c	-[SCOperaWebLayerViewController isPresentingInlineVideo]	
107b7a9b0	107b7b033	decompiled	chunks/001/functions-000093.c	-[SCOperaWebLayerViewController playInlineVideo:]	
107b7b034	107b7b17f	decompiled	chunks/001/functions-000093.c	-[SCOperaWebLayerViewController tearDownInlineVideos]	
107b7b180	107b7b287	decompiled	chunks/001/functions-000093.c	-[SCOperaWebLayerViewController tearDownCurrentInlineInlineVideo]	
107b7b288	107b7b58b	decompiled	chunks/001/functions-000093.c	-[SCOperaWebLayerViewController expandInlineVideo:]	
107b7b58c	107b7b813	decompiled	chunks/001/functions-000093.c	-[SCOperaWebLayerViewController fetchInlineVideoFirstFrameImage:]	
107b7b814	107b7b86f	decompiled	chunks/001/functions-000093.c		
107b7b870	107b7b873	decompiled	chunks/001/functions-000093.c		
107b7b874	107b7b927	decompiled	chunks/001/functions-000093.c	-[SCOperaWebLayerViewController didReceiveInlineVideoFirstFrameImageData:forKey:fromURL:]	
107b7b928	107b7bac7	decompiled	chunks/001/functions-000093.c	-[SCOperaWebLayerViewController didTapToOpenInlineVideo:]	
107b7bac8	107b7bb6b	decompiled	chunks/001/functions-000093.c	-[SCOperaWebLayerViewController didTapVideo:]	
107b7bb6c	107b7bdc3	decompiled	chunks/001/functions-000093.c	-[SCOperaWebLayerViewController gestureRecognizerShouldBegin:]	
107b7bdc4	107b7bdf7	decompiled	chunks/001/functions-000093.c	-[SCOperaWebLayerViewController gestureRecognizer:shouldRecognizeSimultaneouslyWithGestureRecognizer:]	
107b7bdf8	107b7be2f	decompiled	chunks/001/functions-000093.c	-[SCOperaWebLayerViewController gestureRecognizer:shouldBeRequiredToFailByGestureRecognizer:]	
107b7be30	107b7be33	decompiled	chunks/001/functions-000093.c	-[SCOperaWebLayerViewController remoteVideoViewControllerDidRotateToLandscape:]	
107b7be34	107b7be3f	decompiled	chunks/001/functions-000093.c	-[SCOperaWebLayerViewController remoteVideoViewControllerDidPressExitButton]	
107b7be40	107b7be4f	decompiled	chunks/001/functions-000093.c	-[SCOperaWebLayerViewController remoteVideoViewControllerWasPresented]	
107b7be50	107b7c187	decompiled	chunks/001/functions-000093.c	-[SCOperaWebLayerViewController remoteVideoViewControllerDidDisappear:]	
107b7c188	107b7c193	decompiled	chunks/001/functions-000093.c		
107b7c194	107b7c25b	decompiled	chunks/001/functions-000093.c	-[SCOperaWebLayerViewController remoteVideoViewControllerDidFinishPlaying]	
107b7c25c	107b7c25f	decompiled	chunks/001/functions-000093.c	-[SCOperaWebLayerViewController remoteVideoViewControllerDidPressShowActionMenuButton]	
107b7c260	107b7c263	decompiled	chunks/001/functions-000093.c	-[SCOperaWebLayerViewController pageIsFullyVisible:]	
107b7c264	107b7c267	decompiled	chunks/001/functions-000093.c	-[SCOperaWebLayerViewController pageIsPartiallyVisible:]	
107b7c268	107b7c26f	decompiled	chunks/001/functions-000093.c	-[SCOperaWebLayerViewController relativePositionForPageId:]	
107b7c270	107b7c273	decompiled	chunks/001/functions-000093.c	-[SCOperaWebLayerViewController setImageForBackdrop:]	
107b7c274	107b7c287	decompiled	chunks/001/functions-000093.c	-[SCOperaWebLayerViewController safeInsetsForPage]	
107b7c288	107b7c28f	decompiled	chunks/001/functions-000093.c	-[SCOperaWebLayerViewController isPaused]	
107b7c290	107b7c337	decompiled	chunks/001/functions-000093.c	-[SCOperaWebLayerViewController scrollViewDidScroll:]	
107b7c338	107b7c33b	decompiled	chunks/001/functions-000093.c	-[SCOperaWebLayerViewController scrollViewDidEndDecelerating:]	
107b7c33c	107b7c347	decompiled	chunks/001/functions-000093.c	-[SCOperaWebLayerViewController scrollViewDidEndDragging:willDecelerate:]	
107b7c348	107b7c34b	decompiled	chunks/001/functions-000093.c	-[SCOperaWebLayerViewController scrollViewDidEndScrollingAnimation:]	
107b7c34c	107b7c41f	decompiled	chunks/001/functions-000093.c	-[SCOperaWebLayerViewController _scrollViewDidEndScrolling]	
107b7c420	107b7c5af	decompiled	chunks/001/functions-000093.c	-[SCOperaWebLayerViewController _sendSubviewScrollViewStopEvent]	
107b7c5b0	107b7c71b	decompiled	chunks/001/functions-000093.c	-[SCOperaWebLayerViewController _sendSubviewScrollViewIsAtTopBoundaryEvent:]	
107b7c71c	107b7c7fb	decompiled	chunks/001/functions-000093.c	+[SCOperaLocalWebJavascriptBridge shared]	
107b7c7fc	107b7c843	decompiled	chunks/001/functions-000093.c	-[SCOperaLocalWebJavascriptBridge init]	
107b7c844	107b7c8db	decompiled	chunks/001/functions-000093.c	-[SCOperaLocalWebJavascriptBridge initWithMainPerformer:]	
107b7c8dc	107b7c9bf	decompiled	chunks/001/functions-000093.c	-[SCOperaLocalWebJavascriptBridge bridgeFunction:URL:parameters:]	
107b7c9c0	107b7ca03	decompiled	chunks/001/functions-000093.c		
107b7ca04	107b7ca0b	decompiled	chunks/001/functions-000093.c	-[SCOperaLocalWebJavascriptBridge addInlineVideoListener:]	
107b7ca0c	107b7caeb	decompiled	chunks/001/functions-000093.c	-[SCOperaLocalWebJavascriptBridge initializationJS]	
107b7caec	107b7cc1b	decompiled	chunks/001/functions-000094.c	-[SCOperaLocalWebJavascriptBridge _addInlineVideoWithURL:parameters:]	
107b7cc1c	107b7cc4b	decompiled	chunks/001/functions-000094.c	-[SCOperaLocalWebJavascriptBridge .cxx_destruct]	
107b7cc4c	107b7cceb	decompiled	chunks/001/functions-000094.c	-[SCOperaLocalWebJavascriptBridgeAdapter initWithListener:]	
107b7ccec	107b7cdd3	decompiled	chunks/001/functions-000094.c	-[SCOperaLocalWebJavascriptBridgeAdapter userContentController:didReceiveScriptMessage:]	
107b7cdd4	107b7ceab	decompiled	chunks/001/functions-000094.c	-[SCOperaLocalWebJavascriptBridgeAdapter install:]	
107b7ceac	107b7cebb	decompiled	chunks/001/functions-000094.c	+[SCOperaLocalWebJavascriptBridgeAdapter uninstall:]	
107b7cebc	107b7ced3	decompiled	chunks/001/functions-000094.c	-[SCOperaLocalWebJavascriptBridgeAdapter javascriptBridge:didAddInlineVideoWithURL:parameters:]	
107b7ced4	107b7cf03	decompiled	chunks/001/functions-000094.c	-[SCOperaLocalWebJavascriptBridgeAdapter .cxx_destruct]	
107b7cf04	107b7cf8b	decompiled	chunks/001/functions-000094.c	+[SCOperaLocalWebProxy shared]	
107b7cf8c	107b7cfb3	decompiled	chunks/001/functions-000094.c		
107b7cfb4	107b7d03f	decompiled	chunks/001/functions-000094.c	-[SCOperaLocalWebProxy init]	
107b7d040	107b7d0ab	decompiled	chunks/001/functions-000094.c	-[SCOperaLocalWebProxy setBaseURL:forProxyBaseURL:]	
107b7d0ac	107b7d2a7	decompiled	chunks/001/functions-000094.c	-[SCOperaLocalWebProxy urlForProxy:]	
107b7d2a8	107b7d2b3	decompiled	chunks/001/functions-000094.c	-[SCOperaLocalWebProxy .cxx_destruct]	
107b7d2b4	107b7d317	decompiled	chunks/001/functions-000094.c	+[SCOperaLocalWebURLProtocol bridgeFunctionName:]	
107b7d318	107b7d597	decompiled	chunks/001/functions-000094.c	+[SCOperaLocalWebURLProtocol bridgeParameters:]	
107b7d598	107b7d857	decompiled	chunks/001/functions-000094.c	-[SCOperaLocalWebURLProtocol startLoading]	
107b7d858	107b7d85b	decompiled	chunks/001/functions-000094.c	-[SCOperaLocalWebURLProtocol stopLoading]	
107b7d85c	107b7d883	decompiled	chunks/001/functions-000094.c	+[SCOperaLocalWebURLProtocol canonicalRequestForRequest:]	
107b7d884	107b7d887	decompiled	chunks/001/functions-000094.c	+[SCOperaLocalWebURLProtocol canInitWithRequest:]	
107b7d888	107b7d9b3	decompiled	chunks/001/functions-000094.c	+[SCOperaLocalWebURLProtocol _isSCOperaLocalWebRequest:]	
107b7d9b4	107b7da53	decompiled	chunks/001/functions-000094.c	-[SCOperaLocalWebURLProtocol _invokeJavascriptBridgeWithFunction:query:URL:]	
107b7da54	107b7da5f	decompiled	chunks/001/functions-000094.c	-[SCOperaWebView initWithFrame:]	
107b7da60	107b7db03	decompiled	chunks/001/functions-000094.c	-[SCOperaWebView initWithFrame:configurationDict:]	
107b7db04	107b7e047	decompiled	chunks/001/functions-000094.c	-[SCOperaWebView setupConfig:]	
107b7e048	107b7e253	decompiled	chunks/001/functions-000094.c	-[SCOperaWebView setupWebView:configDict:]	
107b7e254	107b7e2bb	decompiled	chunks/001/functions-000094.c		
107b7e2bc	107b7e2ef	decompiled	chunks/001/functions-000094.c		
107b7e2f0	107b7e417	decompiled	chunks/001/functions-000094.c	-[SCOperaWebView dealloc]	
107b7e418	107b7e50b	decompiled	chunks/001/functions-000094.c	-[SCOperaWebView loadRequest:]	
107b7e50c	107b7e51b	decompiled	chunks/001/functions-000094.c	-[SCOperaWebView canGoBack]	
107b7e51c	107b7e52b	decompiled	chunks/001/functions-000094.c	-[SCOperaWebView canGoForward]	
107b7e52c	107b7e553	decompiled	chunks/001/functions-000094.c	-[SCOperaWebView goBack]	
107b7e554	107b7e57b	decompiled	chunks/001/functions-000094.c	-[SCOperaWebView goForward]	
107b7e57c	107b7e58b	decompiled	chunks/001/functions-000094.c	-[SCOperaWebView estimatedProgress]	
107b7e58c	107b7e59b	decompiled	chunks/001/functions-000094.c	-[SCOperaWebView isLoading]	
107b7e59c	107b7e5ab	decompiled	chunks/001/functions-000094.c	-[SCOperaWebView stopLoading]	
107b7e5ac	107b7e627	decompiled	chunks/001/functions-000094.c	-[SCOperaWebView reload]	
107b7e628	107b7e637	decompiled	chunks/001/functions-000094.c	-[SCOperaWebView URL]	
107b7e638	107b7e667	decompiled	chunks/001/functions-000094.c	-[SCOperaWebView request]	
107b7e668	107b7e677	decompiled	chunks/001/functions-000094.c	-[SCOperaWebView pageTitle]	
107b7e678	107b7e687	decompiled	chunks/001/functions-000094.c	-[SCOperaWebView scrollView]	
107b7e688	107b7e697	decompiled	chunks/001/functions-000094.c	-[SCOperaWebView viewPrintFormatter]	
107b7e698	107b7e717	decompiled	chunks/001/functions-000094.c	-[SCOperaWebView setFrame:]	
107b7e718	107b7e727	decompiled	chunks/001/functions-000094.c	-[SCOperaWebView evaluateJavaScript:completionHandler:]	
107b7e728	107b7e803	decompiled	chunks/001/functions-000094.c	-[SCOperaWebView webView:decidePolicyForNavigationResponse:decisionHandler:]	
107b7e804	107b7ea87	decompiled	chunks/001/functions-000094.c	-[SCOperaWebView webView:decidePolicyForNavigationAction:decisionHandler:]	
107b7ea88	107b7ea8b	decompiled	chunks/001/functions-000094.c	-[SCOperaWebView webViewWebContentProcessDidTerminate:]	
107b7ea8c	107b7eb53	decompiled	chunks/001/functions-000094.c	-[SCOperaWebView webView:didStartProvisionalNavigation:]	
107b7eb54	107b7ec23	decompiled	chunks/001/functions-000094.c	-[SCOperaWebView webView:didReceiveServerRedirectForProvisionalNavigation:]	
107b7ec24	107b7ecaf	decompiled	chunks/001/functions-000094.c	-[SCOperaWebView webView:didCommitNavigation:]	
107b7ecb0	107b7ed4f	decompiled	chunks/001/functions-000094.c	-[SCOperaWebView webView:didFinishNavigation:]	
107b7ed50	107b7ee4b	decompiled	chunks/001/functions-000094.c	-[SCOperaWebView webView:didFailNavigation:withError:]	
107b7ee4c	107b7ef47	decompiled	chunks/001/functions-000094.c	-[SCOperaWebView webView:didFailProvisionalNavigation:withError:]	
107b7ef48	107b7efc3	decompiled	chunks/001/functions-000094.c	-[SCOperaWebView addPassesViewControllerDidFinish:]	
107b7efc4	107b7f067	decompiled	chunks/001/functions-000094.c	-[SCOperaWebView webView:createWebViewWithConfiguration:forNavigationAction:windowFeatures:]	
107b7f068	107b7f0af	decompiled	chunks/001/functions-000094.c	-[SCOperaWebView userContentController:didReceiveScriptMessage:]	
107b7f0b0	107b7f0bb	decompiled	chunks/001/functions-000094.c	-[SCOperaWebView convertFromWKNavigationType:]	
107b7f0bc	107b7f18b	decompiled	chunks/001/functions-000094.c	-[SCOperaWebView performPrerender]	
107b7f18c	107b7f18f	decompiled	chunks/001/functions-000094.c		
107b7f190	107b7f223	decompiled	chunks/001/functions-000094.c	-[SCOperaWebView _updateProgress]	
107b7f224	107b7f29b	decompiled	chunks/001/functions-000094.c	-[SCOperaWebView _enableSwipeNavigationIfAllowed:]	
107b7f29c	107b7f2bb	decompiled	chunks/001/functions-000094.c	-[SCOperaWebView delegate]	
107b7f2bc	107b7f2cf	decompiled	chunks/001/functions-000094.c	-[SCOperaWebView setDelegate:]	
107b7f2d0	107b7f2df	decompiled	chunks/001/functions-000094.c	-[SCOperaWebView wkWebView]	
107b7f2e0	107b7f31f	decompiled	chunks/001/functions-000094.c	-[SCOperaWebView setWkWebView:]	
107b7f320	107b7f32f	decompiled	chunks/001/functions-000094.c	-[SCOperaWebView wkRequest]	
107b7f330	107b7f36f	decompiled	chunks/001/functions-000094.c	-[SCOperaWebView setWkRequest:]	
107b7f370	107b7f37f	decompiled	chunks/001/functions-000094.c	-[SCOperaWebView favicon]	
107b7f380	107b7f3bf	decompiled	chunks/001/functions-000094.c	-[SCOperaWebView setFavicon:]	
107b7f3c0	107b7f48f	decompiled	chunks/001/functions-000094.c	-[SCOperaWebView .cxx_destruct]	
107b7f490	107b7f51b	decompiled	chunks/001/functions-000094.c		
107b7f51c	107b7f577	decompiled	chunks/001/functions-000094.c		
107b7f578	107b7faa3	decompiled	chunks/001/functions-000094.c		
107b7faa4	107b7fb5f	decompiled	chunks/001/functions-000094.c		
107b7fb60	107b7fbd3	decompiled	chunks/001/functions-000094.c		
107b7fbd4	107b7ffd3	decompiled	chunks/001/functions-000094.c	-[SCOperaRemoteVideoController initWithVideoID:videoURL:configuration:operaDependencies:eventAnnouncer:operaPage:notificationCenter:kvoController:isInline:playerQueueManager:delegate:videoViewModel:remoteVideoProxy:bandwidthEstimator:]	
107b7ffd4	107b8002f	decompiled	chunks/001/functions-000094.c	-[SCOperaRemoteVideoController dealloc]	
107b80030	107b8003b	decompiled	chunks/001/functions-000094.c	-[SCOperaRemoteVideoController didReceiveMemoryWarning]	
107b8003c	107b80047	decompiled	chunks/001/functions-000094.c	-[SCOperaRemoteVideoController setupPlaybackAnalyticsTracker:]	
107b80048	107b8017b	decompiled	chunks/001/functions-000094.c	-[SCOperaRemoteVideoController _observePlaybackEventLifecycle]	
107b8017c	107b802b3	decompiled	chunks/001/functions-000094.c		
107b802b4	107b8030b	decompiled	chunks/001/functions-000094.c		
107b8030c	107b80413	decompiled	chunks/001/functions-000094.c	-[SCOperaRemoteVideoController _observeChangeOfCurrentItem]	
107b80414	107b8051f	decompiled	chunks/001/functions-000094.c		
107b80520	107b806d3	decompiled	chunks/001/functions-000094.c	-[SCOperaRemoteVideoController _observePlaybackBufferForPlayerItem:]	
107b806d4	107b807a7	decompiled	chunks/001/functions-000094.c		
107b807a8	107b807ef	decompiled	chunks/001/functions-000094.c		
107b807f0	107b808e7	decompiled	chunks/001/functions-000094.c	-[SCOperaRemoteVideoController _observeMediaServicesWereLostNotification]	
107b808e8	107b809b7	decompiled	chunks/001/functions-000094.c		
107b809b8	107b80a83	decompiled	chunks/001/functions-000094.c	-[SCOperaRemoteVideoController _unobservePlayerItem:]	
107b80a84	107b80d0f	decompiled	chunks/001/functions-000094.c	-[SCOperaRemoteVideoController _didBecomeReady:]	
107b80d10	107b80e33	decompiled	chunks/001/functions-000094.c		
107b80e34	107b80faf	decompiled	chunks/001/functions-000094.c		
107b80fb0	107b8113f	decompiled	chunks/001/functions-000094.c	-[SCOperaRemoteVideoController _didSetToPlay:]	
107b81140	107b81207	decompiled	chunks/001/functions-000094.c	-[SCOperaRemoteVideoController _didProgress:progress:]	
107b81208	107b8135b	decompiled	chunks/001/functions-000094.c	-[SCOperaRemoteVideoController _didPause:]	
107b8135c	107b813eb	decompiled	chunks/001/functions-000094.c	-[SCOperaRemoteVideoController _didStall:]	
107b813ec	107b81597	decompiled	chunks/001/functions-000094.c	-[SCOperaRemoteVideoController _didEnd:]	
107b81598	107b81823	decompiled	chunks/001/functions-000094.c	-[SCOperaRemoteVideoController _didFail:error:]	
107b81824	107b8184b	decompiled	chunks/001/functions-000095.c	-[SCOperaRemoteVideoController _playerDidResumeFromStall]	
107b8184c	107b81977	decompiled	chunks/001/functions-000095.c	-[SCOperaRemoteVideoController _addVideoOutput:]	
107b81978	107b819b3	decompiled	chunks/001/functions-000095.c	-[SCOperaRemoteVideoController _removeVideoOutput:]	
107b819b4	107b81a7f	decompiled	chunks/001/functions-000095.c	-[SCOperaRemoteVideoController _addCaptionsOutput:]	
107b81a80	107b81ad3	decompiled	chunks/001/functions-000095.c	-[SCOperaRemoteVideoController _removeCaptionsOutput:]	
107b81ad4	107b81b37	decompiled	chunks/001/functions-000095.c	-[SCOperaRemoteVideoController legibleOutput:didOutputAttributedStrings:nativeSampleBuffers:forItemTime:]	
107b81b38	107b81fef	decompiled	chunks/001/functions-000095.c	-[SCOperaRemoteVideoController state:didChangeTag:]	
107b81ff0	107b81ff7	decompiled	chunks/001/functions-000095.c	-[SCOperaRemoteVideoController updateWithAction:]	
107b81ff8	107b82167	decompiled	chunks/001/functions-000095.c	-[SCOperaRemoteVideoController _updateViewModelForProgress:captions:]	
107b82168	107b8247b	decompiled	chunks/001/functions-000095.c	-[SCOperaRemoteVideoController _toggleCaption:]	
107b8247c	107b8267f	decompiled	chunks/001/functions-000095.c	-[SCOperaRemoteVideoController _updateCaptionBasedOnCurrentDisplayStrategy]	
107b82680	107b8285f	decompiled	chunks/001/functions-000095.c	-[SCOperaRemoteVideoController _configureRemoteVideo]	
107b82860	107b829af	decompiled	chunks/001/functions-000095.c	-[SCOperaRemoteVideoController _startBufferingVideo]	
107b829b0	107b829bf	decompiled	chunks/001/functions-000095.c		
107b829c0	107b82aaf	decompiled	chunks/001/functions-000095.c	-[SCOperaRemoteVideoController _terminateVideo]	
107b82ab0	107b82b67	decompiled	chunks/001/functions-000095.c	-[SCOperaRemoteVideoController setProgress:forIndex:]	
107b82b68	107b82d8f	decompiled	chunks/001/functions-000095.c	-[SCOperaRemoteVideoController _setPlayerItemsFromProperties:]	
107b82d90	107b82e0b	decompiled	chunks/001/functions-000095.c	-[SCOperaRemoteVideoController didFetchVideoPropertiesWithSuccess:]	
107b82e0c	107b82e47	decompiled	chunks/001/functions-000095.c	-[SCOperaRemoteVideoController _seekToTime:completionHandler:]	
107b82e48	107b82fb7	decompiled	chunks/001/functions-000095.c	-[SCOperaRemoteVideoController _seekToTime:tolerance:completionHandler:]	
107b82fb8	107b83043	decompiled	chunks/001/functions-000095.c		
107b83044	107b8304b	decompiled	chunks/001/functions-000095.c	-[SCOperaRemoteVideoController seekToTime:]	
107b8304c	107b8304f	decompiled	chunks/001/functions-000095.c	-[SCOperaRemoteVideoController remoteVideoProxyDidAttemptStartup]	
107b83050	107b830e3	decompiled	chunks/001/functions-000095.c	-[SCOperaRemoteVideoController _totalVideoDurationSeconds]	
107b830e4	107b83277	decompiled	chunks/001/functions-000095.c	-[SCOperaRemoteVideoController _numberOfBytesTransferred]	
107b83278	107b8332f	decompiled	chunks/001/functions-000095.c	-[SCOperaRemoteVideoController imageSnapshotFromPlayer]	
107b83330	107b835a7	decompiled	chunks/001/functions-000095.c	-[SCOperaRemoteVideoController toggleVolume:]	
107b835a8	107b835af	decompiled	chunks/001/functions-000095.c	-[SCOperaRemoteVideoController showCaption:]	
107b835b0	107b835bb	decompiled	chunks/001/functions-000095.c	-[SCOperaRemoteVideoController showCaption:saveState:]	
107b835bc	107b835c7	decompiled	chunks/001/functions-000095.c	-[SCOperaRemoteVideoController startBuffering]	
107b835c8	107b836ef	decompiled	chunks/001/functions-000095.c	-[SCOperaRemoteVideoController playVideo:]	
107b836f0	107b83743	decompiled	chunks/001/functions-000095.c	-[SCOperaRemoteVideoController isPaused]	
107b83744	107b8376f	decompiled	chunks/001/functions-000095.c	-[SCOperaRemoteVideoController pauseVideo]	
107b83770	107b8378f	decompiled	chunks/001/functions-000095.c	-[SCOperaRemoteVideoController isShowingVideoFrame]	
107b83790	107b8393b	decompiled	chunks/001/functions-000095.c	-[SCOperaRemoteVideoController viewDidFullyAppear]	
107b8393c	107b83947	decompiled	chunks/001/functions-000095.c	-[SCOperaRemoteVideoController viewDidFullyDisappear]	
107b83948	107b839bf	decompiled	chunks/001/functions-000095.c	-[SCOperaRemoteVideoController sendEventDidChangeConfiguration]	
107b839c0	107b83ab3	decompiled	chunks/001/functions-000095.c	-[SCOperaRemoteVideoController _sendMediaStartsToDisplayIfNecessary]	
107b83ab4	107b83ef3	decompiled	chunks/001/functions-000095.c	-[SCOperaRemoteVideoController videoParameters]	
107b83ef4	107b83f43	decompiled	chunks/001/functions-000095.c	-[SCOperaRemoteVideoController tearDown]	
107b83f44	107b83f4b	decompiled	chunks/001/functions-000095.c	-[SCOperaRemoteVideoController videoViewModelObserver]	
107b83f4c	107b83f53	decompiled	chunks/001/functions-000095.c	-[SCOperaRemoteVideoController shouldShowCaption]	
107b83f54	107b8409b	decompiled	chunks/001/functions-000095.c	-[SCOperaRemoteVideoController .cxx_destruct]	
107b8409c	107b840c7	decompiled	chunks/001/functions-000095.c	-[SCOperaRemoteVideoState shouldShowActivityIndicator]	
107b840c8	107b840ef	decompiled	chunks/001/functions-000095.c	-[SCOperaRemoteVideoState shouldShowPlayButton]	
107b840f0	107b8411b	decompiled	chunks/001/functions-000095.c	-[SCOperaRemoteVideoState shouldShowPlayerView]	
107b8411c	107b841b7	decompiled	chunks/001/functions-000095.c	-[SCOperaRemoteVideoState initWithDelegate:preloadHelper:]	
107b841b8	107b8426b	decompiled	chunks/001/functions-000095.c	-[SCOperaRemoteVideoState setStateTag:]	
107b8426c	107b842af	decompiled	chunks/001/functions-000095.c	-[SCOperaRemoteVideoState clear]	
107b842b0	107b84917	decompiled	chunks/001/functions-000095.c	-[SCOperaRemoteVideoState updateWithAction:]	
107b84918	107b8493b	decompiled	chunks/001/functions-000095.c	+[SCOperaRemoteVideoState descriptionForStateTag:]	
107b8493c	107b8495b	decompiled	chunks/001/functions-000095.c	+[SCOperaRemoteVideoState descriptionForAction:]	
107b8495c	107b84973	decompiled	chunks/001/functions-000095.c	-[SCOperaRemoteVideoState delegate]	
107b84974	107b8497f	decompiled	chunks/001/functions-000095.c	-[SCOperaRemoteVideoState setDelegate:]	
107b84980	107b84997	decompiled	chunks/001/functions-000095.c	-[SCOperaRemoteVideoState preloadHelper]	
107b84998	107b849a3	decompiled	chunks/001/functions-000095.c	-[SCOperaRemoteVideoState setPreloadHelper:]	
107b849a4	107b849ab	decompiled	chunks/001/functions-000095.c	-[SCOperaRemoteVideoState stateTag]	
107b849ac	107b849b3	decompiled	chunks/001/functions-000095.c	-[SCOperaRemoteVideoState isViewVisible]	
107b849b4	107b849bb	decompiled	chunks/001/functions-000095.c	-[SCOperaRemoteVideoState setIsViewVisible:]	
107b849bc	107b849c3	decompiled	chunks/001/functions-000095.c	-[SCOperaRemoteVideoState stateTagHistory]	
107b849c4	107b849f3	decompiled	chunks/001/functions-000095.c	-[SCOperaRemoteVideoState setStateTagHistory:]	
107b849f4	107b84a27	decompiled	chunks/001/functions-000095.c	-[SCOperaRemoteVideoState .cxx_destruct]	
107b84a28	107b84bc3	decompiled	chunks/001/functions-000095.c	+[SCOperaLongFormVideoViewController remoteVideoViewControllerWithConfiguration:operaDependencies:eventAnnouncer:isInline:bandwidthEstimator:]	
107b84bc4	107b84bcb	decompiled	chunks/001/functions-000095.c		
107b84bcc	107b84ea3	decompiled	chunks/001/functions-000095.c	-[SCOperaLongFormVideoViewController initWithVideoId:configuration:operaDependencies:eventAnnouncer:operaPage:isInline:firstFrameImageKey:primaryColor:kvoController:imageProvider:motionManager:bandwidthEstimator:]	
107b84ea4	107b853ab	decompiled	chunks/001/functions-000095.c	-[SCOperaLongFormVideoViewController updateWithVideoId:videoURL:operaPage:firstFrameImageKey:primaryColor:videoRotationEnabled:showActionMenuButtonEnabled:imageProvider:]	
107b853ac	107b853c3	decompiled	chunks/001/functions-000095.c		
107b853c4	107b85443	decompiled	chunks/001/functions-000095.c		
107b85444	107b854a3	decompiled	chunks/001/functions-000095.c	-[SCOperaLongFormVideoViewController dealloc]	
107b854a4	107b854f3	decompiled	chunks/001/functions-000095.c	-[SCOperaLongFormVideoViewController didReceiveMemoryWarning]	
107b854f4	107b854fb	decompiled	chunks/001/functions-000095.c	-[SCOperaLongFormVideoViewController prefersStatusBarHidden]	
107b854fc	107b85503	decompiled	chunks/001/functions-000095.c	-[SCOperaLongFormVideoViewController canHandleRoundCorner]	
107b85504	107b85507	decompiled	chunks/001/functions-000095.c	-[SCOperaLongFormVideoViewController didUpdateBottomPageViewProperties:]	
107b85508	107b8550f	decompiled	chunks/001/functions-000095.c	-[SCOperaLongFormVideoViewController isPausedForAttachment]	
107b85510	107b85517	decompiled	chunks/001/functions-000095.c	-[SCOperaLongFormVideoViewController mediaIsBeingPreparedForDisplay]	
107b85518	107b8552f	decompiled	chunks/001/functions-000095.c	-[SCOperaLongFormVideoViewController setupPlaybackAnalyticsTracker:]	
107b85530	107b85537	decompiled	chunks/001/functions-000095.c	-[SCOperaLongFormVideoViewController pageabilityForRelativePosition:gestureRecognizer:]	
107b85538	107b85573	decompiled	chunks/001/functions-000095.c	-[SCOperaLongFormVideoViewController pause]	
107b85574	107b85583	decompiled	chunks/001/functions-000095.c	-[SCOperaLongFormVideoViewController isPaused]	
107b85584	107b855eb	decompiled	chunks/001/functions-000095.c	-[SCOperaLongFormVideoViewController resume]	
107b855ec	107b855ef	decompiled	chunks/001/functions-000095.c	-[SCOperaLongFormVideoViewController setPausedForAttachment:]	
107b855f0	107b8563b	decompiled	chunks/001/functions-000095.c	-[SCOperaLongFormVideoViewController setVolume:]	
107b8563c	107b8564b	decompiled	chunks/001/functions-000095.c	-[SCOperaLongFormVideoViewController loadVideo]	
107b8564c	107b8565b	decompiled	chunks/001/functions-000095.c	-[SCOperaLongFormVideoViewController playVideo:]	
107b8565c	107b8565f	decompiled	chunks/001/functions-000095.c	-[SCOperaLongFormVideoViewController start]	
107b85660	107b85663	decompiled	chunks/001/functions-000095.c	-[SCOperaLongFormVideoViewController stop]	
107b85664	107b85703	decompiled	chunks/001/functions-000095.c	-[SCOperaLongFormVideoViewController teardown]	
107b85704	107b8588b	decompiled	chunks/001/functions-000095.c	-[SCOperaLongFormVideoViewController loadView]	
107b8588c	107b858a3	decompiled	chunks/001/functions-000095.c		
107b858a4	107b859c7	decompiled	chunks/001/functions-000095.c	-[SCOperaLongFormVideoViewController viewDidAppear:]	
107b859c8	107b85b8b	decompiled	chunks/001/functions-000095.c	-[SCOperaLongFormVideoViewController viewDidFullyAppear]	
107b85b8c	107b85b8f	decompiled	chunks/001/functions-000095.c	-[SCOperaLongFormVideoViewController viewDidPartiallyAppearWithCurrentViewRelativePosition:]	
107b85b90	107b85b93	decompiled	chunks/001/functions-000095.c	-[SCOperaLongFormVideoViewController viewWillFullyAppear]	
107b85b94	107b85c37	decompiled	chunks/001/functions-000095.c	-[SCOperaLongFormVideoViewController viewWillDisappear:]	
107b85c38	107b85d23	decompiled	chunks/001/functions-000095.c	-[SCOperaLongFormVideoViewController viewDidDisappear:]	
107b85d24	107b85e4f	decompiled	chunks/001/functions-000095.c	-[SCOperaLongFormVideoViewController viewDidFullyDisappear]	
107b85e50	107b85eb3	decompiled	chunks/001/functions-000095.c	-[SCOperaLongFormVideoViewController didTapRemoteVideoView:]	
107b85eb4	107b85f1b	decompiled	chunks/001/functions-000095.c	-[SCOperaLongFormVideoViewController fadeInControls]	
107b85f1c	107b85f23	decompiled	chunks/001/functions-000095.c		
107b85f24	107b85f77	decompiled	chunks/001/functions-000095.c	-[SCOperaLongFormVideoViewController fadeOutControls]	
107b85f78	107b86033	decompiled	chunks/001/functions-000096.c	-[SCOperaLongFormVideoViewController _setupControlsFadeTimer]	
107b86034	107b86087	decompiled	chunks/001/functions-000096.c	-[SCOperaLongFormVideoViewController invalidateControlsFadeTimerAndShowControls]	
107b86088	107b8608f	decompiled	chunks/001/functions-000096.c	-[SCOperaLongFormVideoViewController isOverlay]	
107b86090	107b8609f	decompiled	chunks/001/functions-000096.c	-[SCOperaLongFormVideoViewController mediaHeightToWidthAspectRatio]	
107b860a0	107b860af	decompiled	chunks/001/functions-000096.c	-[SCOperaLongFormVideoViewController mediaViewFrame]	
107b860b0	107b861f3	decompiled	chunks/001/functions-000096.c	-[SCOperaLongFormVideoViewController _observePlaybackLifecycleEvent]	
107b861f4	107b862cf	decompiled	chunks/001/functions-000096.c		
107b862d0	107b862d7	decompiled	chunks/001/functions-000096.c		
107b862d8	107b8646b	decompiled	chunks/001/functions-000096.c		
107b8646c	107b8646f	decompiled	chunks/001/functions-000096.c		
107b86470	107b864ab	decompiled	chunks/001/functions-000096.c		
107b864ac	107b864b7	decompiled	chunks/001/functions-000096.c		
107b864b8	107b865ef	decompiled	chunks/001/functions-000096.c	-[SCOperaLongFormVideoViewController _observePlayerItemPresentationSize]	
107b865f0	107b866bf	decompiled	chunks/001/functions-000096.c		
107b866c0	107b86803	decompiled	chunks/001/functions-000096.c	-[SCOperaLongFormVideoViewController _observeViewModelChange]	
107b86804	107b8685b	decompiled	chunks/001/functions-000096.c		
107b8685c	107b8688f	decompiled	chunks/001/functions-000096.c	-[SCOperaLongFormVideoViewController motionManagerDidUpdateRotation:translation:]	
107b86890	107b869cf	decompiled	chunks/001/functions-000096.c	-[SCOperaLongFormVideoViewController _updateLayerViewTransformWithRotation:]	
107b869d0	107b86a3b	decompiled	chunks/001/functions-000096.c	-[SCOperaLongFormVideoViewController _updateRollDegreeWithCurrentRotation:]	
107b86a3c	107b86a77	decompiled	chunks/001/functions-000096.c	-[SCOperaLongFormVideoViewController videoControlsView:didEndSeekingWithPlayButtonToggled:]	
107b86a78	107b86a7b	decompiled	chunks/001/functions-000096.c	-[SCOperaLongFormVideoViewController videoControlsSeekingProgressDidUpdate:seekingTargetTime:]	
107b86a7c	107b86a8b	decompiled	chunks/001/functions-000096.c	-[SCOperaLongFormVideoViewController videoControlsView:didSeekToTime:reason:seekingToleranceDisabled:]	
107b86a8c	107b86aa3	decompiled	chunks/001/functions-000096.c	-[SCOperaLongFormVideoViewController videoControlsView:didToggleCaption:]	
107b86aa4	107b86ae7	decompiled	chunks/001/functions-000096.c	-[SCOperaLongFormVideoViewController videoControlsView:didTogglePlay:]	
107b86ae8	107b86b33	decompiled	chunks/001/functions-000096.c	-[SCOperaLongFormVideoViewController videoControlsView:didToggleRotateLeft:]	
107b86b34	107b86b37	decompiled	chunks/001/functions-000096.c	-[SCOperaLongFormVideoViewController videoControlsView:didToggleControlsVisibility:]	
107b86b38	107b86b6b	decompiled	chunks/001/functions-000096.c	-[SCOperaLongFormVideoViewController videoControlsView:didToggleVolume:]	
107b86b6c	107b86b83	decompiled	chunks/001/functions-000096.c	-[SCOperaLongFormVideoViewController videoControlsViewDidBeginSeeking:pauseOnSeek:]	
107b86b84	107b86bb7	decompiled	chunks/001/functions-000096.c	-[SCOperaLongFormVideoViewController videoControlsViewDidPressExit:]	
107b86bb8	107b86c23	decompiled	chunks/001/functions-000096.c	-[SCOperaLongFormVideoViewController videoControlsViewDidPressShowActionMenuButton:]	
107b86c24	107b86c27	decompiled	chunks/001/functions-000096.c	-[SCOperaLongFormVideoViewController videoControlsViewDidPressSendButton:]	
107b86c28	107b86c2b	decompiled	chunks/001/functions-000096.c	-[SCOperaLongFormVideoViewController videoControlsViewCurrentTime:]	
107b86c2c	107b86c2f	decompiled	chunks/001/functions-000096.c	-[SCOperaLongFormVideoViewController videoControlsViewDuration:]	
107b86c30	107b86c87	decompiled	chunks/001/functions-000096.c	-[SCOperaLongFormVideoViewController currentTime]	
107b86c88	107b86cff	decompiled	chunks/001/functions-000096.c	-[SCOperaLongFormVideoViewController duration]	
107b86d00	107b86d33	decompiled	chunks/001/functions-000096.c	-[SCOperaLongFormVideoViewController totalVideoDurationSeconds]	
107b86d34	107b86e6f	decompiled	chunks/001/functions-000096.c	-[SCOperaLongFormVideoViewController rotateVideoBasedOnOrientation]	
107b86e70	107b86ebf	decompiled	chunks/001/functions-000096.c	-[SCOperaLongFormVideoViewController supportedInterfaceOrientations]	
107b86ec0	107b8715f	decompiled	chunks/001/functions-000096.c	-[SCOperaLongFormVideoViewController setTargetOrientation:andRotateView:]	
107b87160	107b8728f	decompiled	chunks/001/functions-000096.c	-[SCOperaLongFormVideoViewController rotateVideoWithTransform:]	
107b87290	107b87397	decompiled	chunks/001/functions-000096.c		
107b87398	107b873d7	decompiled	chunks/001/functions-000096.c		
107b873d8	107b8744b	decompiled	chunks/001/functions-000096.c	-[SCOperaLongFormVideoViewController didRotateFromInterfaceOrientation:]	
107b8744c	107b8749b	decompiled	chunks/001/functions-000096.c	-[SCOperaLongFormVideoViewController preferredInterfaceOrientationForPresentation]	
107b8749c	107b874ab	decompiled	chunks/001/functions-000096.c	-[SCOperaLongFormVideoViewController updateWithScreenshot:]	
107b874ac	107b874c7	decompiled	chunks/001/functions-000096.c	-[SCOperaLongFormVideoViewController didSetFullscreen:]	
107b874c8	107b874db	decompiled	chunks/001/functions-000096.c	-[SCOperaLongFormVideoViewController setResumeVideoPosition:]	
107b874dc	107b874eb	decompiled	chunks/001/functions-000096.c	-[SCOperaLongFormVideoViewController videoParameters]	
107b874ec	107b877bb	decompiled	chunks/001/functions-000096.c	-[SCOperaLongFormVideoViewController additionalVideoParamters]	
107b877bc	107b87aab	decompiled	chunks/001/functions-000096.c	-[SCOperaLongFormVideoViewController imageSnapshot]	
107b87aac	107b87afb	decompiled	chunks/001/functions-000096.c	-[SCOperaLongFormVideoViewController snapshotFromPlayer]	
107b87afc	107b87b0b	decompiled	chunks/001/functions-000096.c	-[SCOperaLongFormVideoViewController isShowingVideoFrame]	
107b87b0c	107b87b13	decompiled	chunks/001/functions-000096.c	-[SCOperaLongFormVideoViewController shouldBeSilentlyPresentedAndPauseOpera]	
107b87b14	107b87b1b	decompiled	chunks/001/functions-000096.c	-[SCOperaLongFormVideoViewController shouldAlwaysBeSilentlyPresented]	
107b87b1c	107b87b2b	decompiled	chunks/001/functions-000096.c	-[SCOperaLongFormVideoViewController videoID]	
107b87b2c	107b87b4b	decompiled	chunks/001/functions-000096.c	-[SCOperaLongFormVideoViewController delegate]	
107b87b4c	107b87b5f	decompiled	chunks/001/functions-000096.c	-[SCOperaLongFormVideoViewController setDelegate:]	
107b87b60	107b87b7f	decompiled	chunks/001/functions-000096.c	-[SCOperaLongFormVideoViewController pageableViewControllerDelegate]	
107b87b80	107b87b93	decompiled	chunks/001/functions-000096.c	-[SCOperaLongFormVideoViewController setPageableViewControllerDelegate:]	
107b87b94	107b87d07	decompiled	chunks/001/functions-000096.c	-[SCOperaLongFormVideoViewController .cxx_destruct]	
107b87d08	107b87e27	decompiled	chunks/001/functions-000096.c	-[SCOperaPlayerQueueManager initWithKVOController:configuration:configProvider:notificationCenter:]	
107b87e28	107b87e83	decompiled	chunks/001/functions-000096.c	-[SCOperaPlayerQueueManager dealloc]	
107b87e84	107b88137	decompiled	chunks/001/functions-000096.c	-[SCOperaPlayerQueueManager _setupPlayer]	
107b88138	107b8814f	decompiled	chunks/001/functions-000096.c		
107b88150	107b88397	decompiled	chunks/001/functions-000096.c	-[SCOperaPlayerQueueManager promoteItem:]	
107b88398	107b88427	decompiled	chunks/001/functions-000096.c	-[SCOperaPlayerQueueManager insertItem:]	
107b88428	107b88493	decompiled	chunks/001/functions-000096.c	-[SCOperaPlayerQueueManager removeItem:]	
107b88494	107b8849b	decompiled	chunks/001/functions-000096.c	-[SCOperaPlayerQueueManager removeAll]	
107b8849c	107b884ff	decompiled	chunks/001/functions-000096.c	-[SCOperaPlayerQueueManager advance]	
107b88500	107b88503	decompiled	chunks/001/functions-000096.c	-[SCOperaPlayerQueueManager didReceiveMediaServicesWereResetNotification]	
107b88504	107b885e7	decompiled	chunks/001/functions-000096.c	-[SCOperaPlayerQueueManager _automaticallyMinimizeStallingIfNecessary:]	
107b885e8	107b88623	decompiled	chunks/001/functions-000096.c	-[SCOperaPlayerQueueManager _playerStatusDidChange]	
107b88624	107b8862b	decompiled	chunks/001/functions-000096.c	-[SCOperaPlayerQueueManager _clearKVOObserversForPlayerItem:]	
107b8862c	107b88663	decompiled	chunks/001/functions-000096.c	-[SCOperaPlayerQueueManager _clearTimeObserverTokenIfNecessary]	
107b88664	107b88687	decompiled	chunks/001/functions-000096.c	-[SCOperaPlayerQueueManager _clearObserversForCurrentItem:]	
107b88688	107b886cb	decompiled	chunks/001/functions-000096.c	-[SCOperaPlayerQueueManager _observersForPlayerItem:]	
107b886cc	107b887df	decompiled	chunks/001/functions-000096.c	-[SCOperaPlayerQueueManager _observerStatusForPlayerItem:]	
107b887e0	107b8898f	decompiled	chunks/001/functions-000096.c		
107b88990	107b88b6f	decompiled	chunks/001/functions-000096.c	-[SCOperaPlayerQueueManager _observeEndOfPlaybackForPlayerItem:]	
107b88b70	107b88bdb	decompiled	chunks/001/functions-000096.c		
107b88bdc	107b88cb7	decompiled	chunks/001/functions-000096.c		
107b88cb8	107b88da3	decompiled	chunks/001/functions-000096.c	-[SCOperaPlayerQueueManager _observerStatusForPlayer]	
107b88da4	107b88f1f	decompiled	chunks/001/functions-000096.c		
107b88f20	107b89013	decompiled	chunks/001/functions-000096.c	-[SCOperaPlayerQueueManager _observeProgressOfPlayer]	
107b89014	107b89137	decompiled	chunks/001/functions-000096.c		
107b89138	107b8913f	decompiled	chunks/001/functions-000096.c	-[SCOperaPlayerQueueManager player]	
107b89140	107b89147	decompiled	chunks/001/functions-000096.c	-[SCOperaPlayerQueueManager playbackLifecycleEventObserver]	
107b89148	107b891a7	decompiled	chunks/001/functions-000096.c	-[SCOperaPlayerQueueManager .cxx_destruct]	
107b891a8	107b89297	decompiled	chunks/001/functions-000096.c	+[SCOperaRemoteVideoView viewWithFrame:delegate:primaryColor:disableControls:hideControls:showActionMenuButtonEnabled:]	
107b89298	107b893cf	decompiled	chunks/001/functions-000096.c	-[SCOperaRemoteVideoView initWithFrame:delegate:primaryColor:disableControls:hideControls:showActionMenuButtonEnabled:]	
107b893d0	107b8947b	decompiled	chunks/001/functions-000096.c	-[SCOperaRemoteVideoView _setupPlayerView]	
107b8947c	107b8951f	decompiled	chunks/001/functions-000096.c	-[SCOperaRemoteVideoView _setupCaptionLabel]	
107b89520	107b895ab	decompiled	chunks/001/functions-000096.c	-[SCOperaRemoteVideoView updateWithPrimaryColor:showActionMenuButtonEnabled:]	
107b895ac	107b895e3	decompiled	chunks/001/functions-000096.c	-[SCOperaRemoteVideoView setRotateButtonVisible:]	
107b895e4	107b89637	decompiled	chunks/001/functions-000096.c	-[SCOperaRemoteVideoView _setupTapGestureRecognizer]	
107b89638	107b89723	decompiled	chunks/001/functions-000096.c	-[SCOperaRemoteVideoView setupControlsViewWithPrimaryColor:hideControls:showActionMenuButtonEnabled:]	
107b89724	107b8987b	decompiled	chunks/001/functions-000096.c	-[SCOperaRemoteVideoView setupSpinnerWithPrimaryColor:]	
107b8987c	107b899d7	decompiled	chunks/001/functions-000096.c	-[SCOperaRemoteVideoView setupFirstFrameView:]	
107b899d8	107b89b07	decompiled	chunks/001/functions-000096.c	-[SCOperaRemoteVideoView setupScreenshot:]	
107b89b08	107b89f43	decompiled	chunks/001/functions-000096.c	-[SCOperaRemoteVideoView layoutSubviews]	
107b89f44	107b8a163	decompiled	chunks/001/functions-000097.c	-[SCOperaRemoteVideoView _updateScreenshotFrame]	
107b8a164	107b8a1a3	decompiled	chunks/001/functions-000097.c	-[SCOperaRemoteVideoView showActivityIndicator:]	
107b8a1a4	107b8a263	decompiled	chunks/001/functions-000097.c	-[SCOperaRemoteVideoView fadeInControlsWithDuration:completion:]	
107b8a264	107b8a29b	decompiled	chunks/001/functions-000097.c		
107b8a29c	107b8a303	decompiled	chunks/001/functions-000097.c	-[SCOperaRemoteVideoView fadeOutControlsWithDuration:completion:]	
107b8a304	107b8a33b	decompiled	chunks/001/functions-000097.c		
107b8a33c	107b8a377	decompiled	chunks/001/functions-000097.c	-[SCOperaRemoteVideoView _didTap]	
107b8a378	107b8a37f	decompiled	chunks/001/functions-000097.c	-[SCOperaRemoteVideoView gestureRecognizer:shouldReceiveTouch:]	
107b8a380	107b8a717	decompiled	chunks/001/functions-000097.c	-[SCOperaRemoteVideoView setViewModel:]	
107b8a718	107b8a7cb	decompiled	chunks/001/functions-000097.c	-[SCOperaRemoteVideoView mediaViewFrame]	
107b8a7cc	107b8a8d7	decompiled	chunks/001/functions-000097.c	-[SCOperaRemoteVideoView mediaHeightToWidthAspectRatio]	
107b8a8d8	107b8a91f	decompiled	chunks/001/functions-000097.c	-[SCOperaRemoteVideoView setAspectRatio:forceLayout:]	
107b8a920	107b8a92f	decompiled	chunks/001/functions-000097.c	-[SCOperaRemoteVideoView firstFrameImageView]	
107b8a930	107b8a96f	decompiled	chunks/001/functions-000097.c	-[SCOperaRemoteVideoView setFirstFrameImageView:]	
107b8a970	107b8a97f	decompiled	chunks/001/functions-000097.c	-[SCOperaRemoteVideoView controlsView]	
107b8a980	107b8a9bf	decompiled	chunks/001/functions-000097.c	-[SCOperaRemoteVideoView setControlsView:]	
107b8a9c0	107b8a9cf	decompiled	chunks/001/functions-000097.c	-[SCOperaRemoteVideoView activityIndicator]	
107b8a9d0	107b8aa0f	decompiled	chunks/001/functions-000097.c	-[SCOperaRemoteVideoView setActivityIndicator:]	
107b8aa10	107b8aa1f	decompiled	chunks/001/functions-000097.c	-[SCOperaRemoteVideoView screenshot]	
107b8aa20	107b8aa5f	decompiled	chunks/001/functions-000097.c	-[SCOperaRemoteVideoView setScreenshot:]	
107b8aa60	107b8aa6f	decompiled	chunks/001/functions-000097.c	-[SCOperaRemoteVideoView playerView]	
107b8aa70	107b8aaaf	decompiled	chunks/001/functions-000097.c	-[SCOperaRemoteVideoView setPlayerView:]	
107b8aab0	107b8ab4b	decompiled	chunks/001/functions-000097.c	-[SCOperaRemoteVideoView .cxx_destruct]	
107b8ab4c	107b8ab8f	decompiled	chunks/001/functions-000097.c	+[SCOperaRemoteVideoViewProvider remoteVideoViewControllerWithConfiguration:operaDependencies:eventAnnouncer:isInline:bandwidthEstimator:]	
107b8ab90	107b8ac33	decompiled	chunks/001/functions-000097.c	-[SCOperaRemoteVideoViewProvider updateWithVideoId:videoURL:operaPage:firstFrameImageKey:primaryColor:videoRotationEnabled:showActionMenuButtonEnabled:imageProvider:]	
107b8ac34	107b8ac87	decompiled	chunks/001/functions-000097.c	-[SCOperaRemoteVideoViewProvider canHandleRoundCorner]	
107b8ac88	107b8ace7	decompiled	chunks/001/functions-000097.c	-[SCOperaRemoteVideoViewProvider didUpdateBottomPageViewProperties:]	
107b8ace8	107b8ad3b	decompiled	chunks/001/functions-000097.c	-[SCOperaRemoteVideoViewProvider isPausedForAttachment]	
107b8ad3c	107b8ad8f	decompiled	chunks/001/functions-000097.c	-[SCOperaRemoteVideoViewProvider mediaIsBeingPreparedForDisplay]	
107b8ad90	107b8adef	decompiled	chunks/001/functions-000097.c	-[SCOperaRemoteVideoViewProvider neighborViewDidFullyAppearWithCurrentViewRelativePosition:neighborsInfoProvider:]	
107b8adf0	107b8ae4f	decompiled	chunks/001/functions-000097.c	-[SCOperaRemoteVideoViewProvider pageabilityForRelativePosition:gestureRecognizer:]	
107b8ae50	107b8aea3	decompiled	chunks/001/functions-000097.c	-[SCOperaRemoteVideoViewProvider didTryPagingWhenPagingDisabled:]	
107b8aea4	107b8aef7	decompiled	chunks/001/functions-000097.c	-[SCOperaRemoteVideoViewProvider pageableViewControllerDelegate]	
107b8aef8	107b8af4b	decompiled	chunks/001/functions-000097.c	-[SCOperaRemoteVideoViewProvider pause]	
107b8af4c	107b8af9f	decompiled	chunks/001/functions-000097.c	-[SCOperaRemoteVideoViewProvider resume]	
107b8afa0	107b8afff	decompiled	chunks/001/functions-000097.c	-[SCOperaRemoteVideoViewProvider setPageableViewControllerDelegate:]	
107b8b000	107b8b053	decompiled	chunks/001/functions-000097.c	-[SCOperaRemoteVideoViewProvider setPausedForAttachment:]	
107b8b054	107b8b0a7	decompiled	chunks/001/functions-000097.c	-[SCOperaRemoteVideoViewProvider overridePauseStateToPause]	
107b8b0a8	107b8b0fb	decompiled	chunks/001/functions-000097.c	-[SCOperaRemoteVideoViewProvider overridePauseStateToResume]	
107b8b0fc	107b8b14f	decompiled	chunks/001/functions-000097.c	-[SCOperaRemoteVideoViewProvider setVolume:]	
107b8b150	107b8b1a3	decompiled	chunks/001/functions-000097.c	-[SCOperaRemoteVideoViewProvider setMuted:]	
107b8b1a4	107b8b1f7	decompiled	chunks/001/functions-000097.c	-[SCOperaRemoteVideoViewProvider start]	
107b8b1f8	107b8b24b	decompiled	chunks/001/functions-000097.c	-[SCOperaRemoteVideoViewProvider stop]	
107b8b24c	107b8b29f	decompiled	chunks/001/functions-000097.c	-[SCOperaRemoteVideoViewProvider teardown]	
107b8b2a0	107b8b2f3	decompiled	chunks/001/functions-000097.c	-[SCOperaRemoteVideoViewProvider viewWillBeginTransitionIn:]	
107b8b2f4	107b8b347	decompiled	chunks/001/functions-000097.c	-[SCOperaRemoteVideoViewProvider viewDidCancelTransitionIn]	
107b8b348	107b8b39b	decompiled	chunks/001/functions-000097.c	-[SCOperaRemoteVideoViewProvider viewWillBeginTransitionOut]	
107b8b39c	107b8b3ef	decompiled	chunks/001/functions-000097.c	-[SCOperaRemoteVideoViewProvider viewDidCancelTransitionOut:]	
107b8b3f0	107b8b443	decompiled	chunks/001/functions-000097.c	-[SCOperaRemoteVideoViewProvider viewDidFullyAppear]	
107b8b444	107b8b497	decompiled	chunks/001/functions-000097.c	-[SCOperaRemoteVideoViewProvider viewWillFullyDisappear]	
107b8b498	107b8b4eb	decompiled	chunks/001/functions-000097.c	-[SCOperaRemoteVideoViewProvider viewDidFullyDisappear]	
107b8b4ec	107b8b53f	decompiled	chunks/001/functions-000097.c	-[SCOperaRemoteVideoViewProvider viewDidPartiallyAppearWithCurrentViewRelativePosition:]	
107b8b540	107b8b593	decompiled	chunks/001/functions-000097.c	-[SCOperaRemoteVideoViewProvider viewWillFullyAppear]	
107b8b594	107b8b5e7	decompiled	chunks/001/functions-000097.c	-[SCOperaRemoteVideoViewProvider audioSessionDidBeginInterruption]	
107b8b5e8	107b8b63b	decompiled	chunks/001/functions-000097.c	-[SCOperaRemoteVideoViewProvider audioSessionDidEndInterruption]	
107b8b63c	107b8b68f	decompiled	chunks/001/functions-000097.c	-[SCOperaRemoteVideoViewProvider isOverlay]	
107b8b690	107b8b6e3	decompiled	chunks/001/functions-000097.c	-[SCOperaRemoteVideoViewProvider mediaHeightToWidthAspectRatio]	
107b8b6e4	107b8b737	decompiled	chunks/001/functions-000097.c	-[SCOperaRemoteVideoViewProvider mediaViewFrame]	
107b8b738	107b8b78b	decompiled	chunks/001/functions-000097.c	-[SCOperaRemoteVideoViewProvider currentTime]	
107b8b78c	107b8b7df	decompiled	chunks/001/functions-000097.c	-[SCOperaRemoteVideoViewProvider duration]	
107b8b7e0	107b8b83f	decompiled	chunks/001/functions-000097.c	-[SCOperaRemoteVideoViewProvider updateWithScreenshot:]	
107b8b840	107b8b893	decompiled	chunks/001/functions-000097.c	-[SCOperaRemoteVideoViewProvider didSetFullscreen:]	
107b8b894	107b8b89b	decompiled	chunks/001/functions-000097.c	-[SCOperaRemoteVideoViewProvider isShowingVideoFrame]	
107b8b89c	107b8b8ef	decompiled	chunks/001/functions-000097.c	-[SCOperaRemoteVideoViewProvider loadVideo]	
107b8b8f0	107b8b943	decompiled	chunks/001/functions-000097.c	-[SCOperaRemoteVideoViewProvider playVideo:]	
107b8b944	107b8b997	decompiled	chunks/001/functions-000097.c	-[SCOperaRemoteVideoViewProvider isPaused]	
107b8b998	107b8b9eb	decompiled	chunks/001/functions-000097.c	-[SCOperaRemoteVideoViewProvider setResumeVideoPosition:]	
107b8b9ec	107b8ba3f	decompiled	chunks/001/functions-000097.c	-[SCOperaRemoteVideoViewProvider totalVideoDurationSeconds]	
107b8ba40	107b8ba93	decompiled	chunks/001/functions-000097.c	-[SCOperaRemoteVideoViewProvider videoParameters]	
107b8ba94	107b8bae7	decompiled	chunks/001/functions-000097.c	-[SCOperaRemoteVideoViewProvider rotateVideoBasedOnOrientation]	
107b8bae8	107b8bb3b	decompiled	chunks/001/functions-000097.c	-[SCOperaRemoteVideoViewProvider imageSnapshot]	
107b8bb3c	107b8bb8f	decompiled	chunks/001/functions-000097.c	-[SCOperaRemoteVideoViewProvider snapshotFromPlayer]	
107b8bb90	107b8bbef	decompiled	chunks/001/functions-000097.c	-[SCOperaRemoteVideoViewProvider setupPlaybackAnalyticsTracker:]	
107b8bbf0	107b8bbf3	decompiled	chunks/001/functions-000097.c	-[SCOperaRemoteVideoViewProvider videoControlsViewCurrentTime:]	
107b8bbf4	107b8bbf7	decompiled	chunks/001/functions-000097.c	-[SCOperaRemoteVideoViewProvider videoControlsViewDuration:]	
107b8bbf8	107b8bc07	decompiled	chunks/001/functions-000097.c	-[SCOperaRemoteVideoViewProvider videoID]	
107b8bc08	107b8bc27	decompiled	chunks/001/functions-000097.c	-[SCOperaRemoteVideoViewProvider delegate]	
107b8bc28	107b8bc3b	decompiled	chunks/001/functions-000097.c	-[SCOperaRemoteVideoViewProvider setDelegate:]	
107b8bc3c	107b8bc77	decompiled	chunks/001/functions-000097.c	-[SCOperaRemoteVideoViewProvider .cxx_destruct]	
107b8bc78	107b8bcdb	decompiled	chunks/001/functions-000097.c	+[SCOperaPlaybackLifecycleEvent didBecomeReadyWithPlayerItem:]	
107b8bcdc	107b8bd47	decompiled	chunks/001/functions-000097.c	+[SCOperaPlaybackLifecycleEvent didEndWithPlayerItem:]	
107b8bd48	107b8bddf	decompiled	chunks/001/functions-000097.c	+[SCOperaPlaybackLifecycleEvent didFailWithPlayerItem:error:]	
107b8bde0	107b8be4b	decompiled	chunks/001/functions-000097.c	+[SCOperaPlaybackLifecycleEvent didPauseWithPlayerItem:]	
107b8be4c	107b8bec7	decompiled	chunks/001/functions-000097.c	+[SCOperaPlaybackLifecycleEvent didProgressWithPlayerItem:progress:]	
107b8bec8	107b8bf33	decompiled	chunks/001/functions-000097.c	+[SCOperaPlaybackLifecycleEvent didSetToPlayWithPlayerItem:]	
107b8bf34	107b8bf9f	decompiled	chunks/001/functions-000097.c	+[SCOperaPlaybackLifecycleEvent didStallWithPlayerItem:]	
107b8bfa0	107b8bfc3	decompiled	chunks/001/functions-000097.c	-[SCOperaPlaybackLifecycleEvent copyWithZone:]	
107b8bfc4	107b8c0a7	decompiled	chunks/001/functions-000097.c	-[SCOperaPlaybackLifecycleEvent hash]	
107b8c0a8	107b8c0eb	decompiled	chunks/001/functions-000097.c	-[SCOperaPlaybackLifecycleEvent internalInit]	
107b8c0ec	107b8c267	decompiled	chunks/001/functions-000097.c	-[SCOperaPlaybackLifecycleEvent isEqual:]	
107b8c268	107b8c403	decompiled	chunks/001/functions-000097.c	-[SCOperaPlaybackLifecycleEvent matchDidBecomeReady:didSetToPlay:didProgress:didPause:didStall:didEnd:didFail:]	
107b8c404	107b8c47b	decompiled	chunks/001/functions-000097.c	-[SCOperaPlaybackLifecycleEvent .cxx_destruct]	
107b8c47c	107b8c703	decompiled	chunks/001/functions-000097.c	-[SCDiscoverSnapDocFetcher initWithUserSession:circumstanceEngine:networkRequester:bitmojiFriendAvatarProvider:bitmojiAvatarProvider:snapchattersDataFetcher:networkConnectivityMonitor:locationProvider:adRenderDataParser:]	
107b8c704	107b8c70f	decompiled	chunks/001/functions-000097.c	-[SCDiscoverSnapDocFetcher prefetchFullSnapDocForSnapDocIfNeeded:editionId:publisherId:completion:]	
107b8c710	107b8c71b	decompiled	chunks/001/functions-000097.c	-[SCDiscoverSnapDocFetcher fetchFullSnapDocForSnapDocIfNeeded:editionId:publisherId:completion:]	
107b8c71c	107b8c7bb	decompiled	chunks/001/functions-000097.c	-[SCDiscoverSnapDocFetcher cleanCaches:]	
107b8c7bc	107b8c7cf	decompiled	chunks/001/functions-000097.c		
107b8c7d0	107b8ca9f	decompiled	chunks/001/functions-000097.c	-[SCDiscoverSnapDocFetcher _fetchFullSnapDocWithRequestSnapDocIfNeeded:editionId:publisherId:userInitiated:completion:]	
107b8caa0	107b8cb93	decompiled	chunks/001/functions-000097.c		
107b8cb94	107b8cdd3	decompiled	chunks/001/functions-000097.c	-[SCDiscoverSnapDocFetcher _updateSnapDocDataModelForStory:]	
107b8cdd4	107b8cdd7	decompiled	chunks/001/functions-000098.c		
107b8cdd8	107b8ce37	decompiled	chunks/001/functions-000098.c		
107b8ce38	107b8cf97	decompiled	chunks/001/functions-000098.c	-[SCDiscoverSnapDocFetcher _updateSnapDoc:]	
107b8cf98	107b8cfc3	decompiled	chunks/001/functions-000098.c		
107b8cfc4	107b8d137	decompiled	chunks/001/functions-000098.c	-[SCDiscoverSnapDocFetcher _fetchFullSnapDocWithRequestSnapDoc:editionId:publisherId:userInitiated:completion:]	
107b8d138	107b8d16f	decompiled	chunks/001/functions-000098.c		
107b8d170	107b8d3bf	decompiled	chunks/001/functions-000098.c	-[SCDiscoverSnapDocFetcher _fetchFullSnapDocWithRequestSnapDoc:editionId:publisherId:completion:]	
107b8d3c0	107b8d527	decompiled	chunks/001/functions-000098.c		
107b8d528	107b8d563	decompiled	chunks/001/functions-000098.c		
107b8d564	107b8d6f7	decompiled	chunks/001/functions-000098.c	-[SCDiscoverSnapDocFetcher _fetchFullSnapDocWithRequestSnapDoc:editionId:publisherId:story:completion:]	
107b8d6f8	107b8d747	decompiled	chunks/001/functions-000098.c		
107b8d748	107b8d8c7	decompiled	chunks/001/functions-000098.c	-[SCDiscoverSnapDocFetcher fullSnapDocForRequestSnapDoc:completion:]	
107b8d8c8	107b8d8fb	decompiled	chunks/001/functions-000098.c		
107b8d8fc	107b8dae3	decompiled	chunks/001/functions-000098.c	-[SCDiscoverSnapDocFetcher fullSnapDocForRequestSnapDocHelper:completion:]	
107b8dae4	107b8db1b	decompiled	chunks/001/functions-000098.c		
107b8db1c	107b8db97	decompiled	chunks/001/functions-000098.c		
107b8db98	107b8dc3f	decompiled	chunks/001/functions-000098.c	-[SCDiscoverSnapDocFetcher .cxx_destruct]	
107b8dc40	107b8dd4f	decompiled	chunks/001/functions-000098.c		
107b8dd50	107b8de13	decompiled	chunks/001/functions-000098.c		
107b8de14	107b8df97	decompiled	chunks/001/functions-000098.c		
107b8df98	107b8dfc7	decompiled	chunks/001/functions-000098.c		
107b8dfc8	107b8e017	decompiled	chunks/001/functions-000098.c		
107b8e018	107b8e023	decompiled	chunks/001/functions-000098.c		
107b8e024	107b8e133	decompiled	chunks/001/functions-000098.c		
107b8e134	107b8e263	decompiled	chunks/001/functions-000098.c		
107b8e264	107b8e2e7	decompiled	chunks/001/functions-000098.c		
107b8e2e8	107b8e52f	decompiled	chunks/001/functions-000098.c	-[SCSnapDocOperaMediaManager initWithSnapDocMediaResolver:circumstanceEngine:imageDownloader:grapheneRegistry:playbackAssetCompositor:playbackAssetRepository:]	
107b8e530	107b8e543	decompiled	chunks/001/functions-000098.c	-[SCSnapDocOperaMediaManager updateOperaNavigationStyle:]	
107b8e544	107b8e66b	decompiled	chunks/001/functions-000098.c	-[SCSnapDocOperaMediaManager prepareForSnapDocKey:snapDoc:completion:]	
107b8e66c	107b8e71b	decompiled	chunks/001/functions-000098.c		
107b8e71c	107b8e727	decompiled	chunks/001/functions-000098.c		
107b8e728	107b8e84f	decompiled	chunks/001/functions-000098.c	-[SCSnapDocOperaMediaManager getPagePropertiesForSnapDocKey:snapDoc:completion:]	
107b8e850	107b8e887	decompiled	chunks/001/functions-000098.c		
107b8e888	107b8e9b7	decompiled	chunks/001/functions-000098.c	-[SCSnapDocOperaMediaManager mediaPrefetchRequestForSnapDocKey:snapDoc:trigger:importance:completePrefetch:]	
107b8e9b8	107b8ea73	decompiled	chunks/001/functions-000098.c	-[SCSnapDocOperaMediaManager removePreparedPropertiesForSnapDocKey:snapDoc:]	
107b8ea74	107b8ea83	decompiled	chunks/001/functions-000098.c	-[SCSnapDocOperaMediaManager increaseCounter]	
107b8ea84	107b8eb3b	decompiled	chunks/001/functions-000098.c	-[SCSnapDocOperaMediaManager decreaseCounter]	
107b8eb3c	107b8eb67	decompiled	chunks/001/functions-000098.c		
107b8eb68	107b8ed5f	decompiled	chunks/001/functions-000098.c	-[SCSnapDocOperaMediaManager imageForKey:completion:]	
107b8ed60	107b8edfb	decompiled	chunks/001/functions-000098.c		
107b8edfc	107b8ee17	decompiled	chunks/001/functions-000098.c		
107b8ee18	107b8ef1b	decompiled	chunks/001/functions-000098.c	-[SCSnapDocOperaMediaManager videoAssetForKey:]	
107b8ef1c	107b8ef6b	decompiled	chunks/001/functions-000098.c	-[SCSnapDocOperaMediaManager videoAssetFutureForKey:]	
107b8ef6c	107b8ef6f	decompiled	chunks/001/functions-000098.c	-[SCSnapDocOperaMediaManager resetVideoAssetForKey:]	
107b8ef70	107b8f05b	decompiled	chunks/001/functions-000098.c	-[SCSnapDocOperaMediaManager _getImagePlaceholder:]	
107b8f05c	107b8f18f	decompiled	chunks/001/functions-000098.c		
107b8f190	107b8f1cf	decompiled	chunks/001/functions-000098.c		
107b8f1d0	107b8f31b	decompiled	chunks/001/functions-000098.c	-[SCSnapDocOperaMediaManager _getImageFromDiskForKey:completion:]	
107b8f31c	107b8f48f	decompiled	chunks/001/functions-000098.c		
107b8f490	107b8f49f	decompiled	chunks/001/functions-000098.c		
107b8f4a0	107b8f4e7	decompiled	chunks/001/functions-000098.c		
107b8f4e8	107b8f527	decompiled	chunks/001/functions-000098.c	-[SCSnapDocOperaMediaManager _clearLoadedAVAssets]	
107b8f528	107b8f52f	decompiled	chunks/001/functions-000098.c	-[SCSnapDocOperaMediaManager _clearCachedImages]	
107b8f530	107b8f58b	decompiled	chunks/001/functions-000098.c	-[SCSnapDocOperaMediaManager _resetVideoAssetForKey:]	
107b8f58c	107b8f663	decompiled	chunks/001/functions-000098.c	-[SCSnapDocOperaMediaManager _addNotifications]	
107b8f664	107b8f66f	decompiled	chunks/001/functions-000098.c	-[SCSnapDocOperaMediaManager didReceiveMediaServicesWereLostNotification]	
107b8f670	107b8f6df	decompiled	chunks/001/functions-000098.c	-[SCSnapDocOperaMediaManager didReceiveMediaServicesWereResetNotification]	
107b8f6e0	107b8f753	decompiled	chunks/001/functions-000098.c	-[SCSnapDocOperaMediaManager _didReceiveMemoryWarning:]	
107b8f754	107b8fa53	decompiled	chunks/001/functions-000098.c	-[SCSnapDocOperaMediaManager _prepareForSnapDocKey:snapDoc:completion:]	
107b8fa54	107b8fafb	decompiled	chunks/001/functions-000098.c		
107b8fafc	107b8fc07	decompiled	chunks/001/functions-000098.c		
107b8fc08	107b8fdb3	decompiled	chunks/001/functions-000098.c		
107b8fdb4	107b8fe0b	decompiled	chunks/001/functions-000098.c		
107b8fe0c	107b90967	decompiled	chunks/001/functions-000098.c	-[SCSnapDocOperaMediaManager _prepareVideoAssetForSnapDocKey:snapDoc:playbackMediaResult:completion:]	
107b90968	107b9099f	decompiled	chunks/001/functions-000098.c		
107b909a0	107b90ba3	decompiled	chunks/001/functions-000098.c		
107b90ba4	107b90c13	decompiled	chunks/001/functions-000098.c		
107b90c14	107b90c2b	decompiled	chunks/001/functions-000098.c		
107b90c2c	107b90c43	decompiled	chunks/001/functions-000098.c	-[SCSnapDocOperaMediaManager _loadSubtitlesOnDemand]	
107b90c44	107b91033	decompiled	chunks/001/functions-000098.c	-[SCSnapDocOperaMediaManager _updatePagePropertiesForVideoAsset:subtitleAsset:compositeAsset:languageCode:videoContentResult:snapDocKey:snapDoc:baseImage:baseImageContentResult:overlayImage:overlayContentResult:firstFrameImage:firstFrameContentResult:isServerSideFirstFrame:completion:]	
107b91034	107b912bf	decompiled	chunks/001/functions-000098.c	-[SCSnapDocOperaMediaManager composeVideoAssetWithKey:subtitleEnabled:languageId:subtitleAsset:completion:]	
107b912c0	107b912d7	decompiled	chunks/001/functions-000098.c		
107b912d8	107b913d7	decompiled	chunks/001/functions-000098.c		
107b913d8	107b9142f	decompiled	chunks/001/functions-000098.c		
107b91430	107b9153f	decompiled	chunks/001/functions-000098.c	-[SCSnapDocOperaMediaManager _composeWithVideoAsset:subtitleAsset:desiredLanguageCode:completion:]	
107b91540	107b9155b	decompiled	chunks/001/functions-000098.c		
107b9155c	107b916af	decompiled	chunks/001/functions-000098.c	-[SCSnapDocOperaMediaManager _getPagePropertiesForSnapDocKey:snapDoc:completion:]	
107b916b0	107b91797	decompiled	chunks/001/functions-000098.c	-[SCSnapDocOperaMediaManager _setVideoAsset:contentResult:snapDocKey:pageProperties:]	
107b91798	107b917f7	decompiled	chunks/001/functions-000098.c	-[SCSnapDocOperaMediaManager _getVideoAssetForKey:]	
107b917f8	107b918bb	decompiled	chunks/001/functions-000098.c	-[SCSnapDocOperaMediaManager _removeVideoAssetForSnapDocKey:]	
107b918bc	107b918cf	decompiled	chunks/001/functions-000098.c	-[SCSnapDocOperaMediaManager _setSubtitleAsset:pageProperties:]	
107b918d0	107b91a47	decompiled	chunks/001/functions-000098.c	-[SCSnapDocOperaMediaManager _setCompositeAsset:snapDocKey:languageCode:pageProperties:]	
107b91a48	107b91af3	decompiled	chunks/001/functions-000098.c	-[SCSnapDocOperaMediaManager _setBaseImage:contentResult:snapDocKey:pageProperties:]	
107b91af4	107b91b9f	decompiled	chunks/001/functions-000098.c	-[SCSnapDocOperaMediaManager _setOverlayImage:contentResult:snapDocKey:pageProperties:]	
107b91ba0	107b91c4b	decompiled	chunks/001/functions-000098.c	-[SCSnapDocOperaMediaManager _setFirstFrameImage:contentResult:snapDocKey:pageProperties:]	
107b91c4c	107b91d27	decompiled	chunks/001/functions-000098.c	-[SCSnapDocOperaMediaManager _setImageHelper:contentResult:pagePropertyKey:pagePropertyValue:pageProperties:]	
107b91d28	107b91d9f	decompiled	chunks/001/functions-000098.c	-[SCSnapDocOperaMediaManager _setImageHelperForKey:image:contentResult:]	
107b91da0	107b91daf	decompiled	chunks/001/functions-000098.c	-[SCSnapDocOperaMediaManager _setPlaceHolderImage:]	
107b91db0	107b91e67	decompiled	chunks/001/functions-000098.c	-[SCSnapDocOperaMediaManager _removeImagesForSnapDocKey:]	
107b91e68	107b91ecb	decompiled	chunks/001/functions-000098.c	-[SCSnapDocOperaMediaManager _preparedPagePropertiesForSnapDocKey:snapDoc:]	
107b91ecc	107b91f3b	decompiled	chunks/001/functions-000098.c	-[SCSnapDocOperaMediaManager _setPreparedPageProperties:forSnapDocKey:snapDoc:]	
107b91f3c	107b91f83	decompiled	chunks/001/functions-000098.c	-[SCSnapDocOperaMediaManager _removePagePropertiesForSnapDocKey:snapDoc:]	
107b91f84	107b92067	decompiled	chunks/001/functions-000098.c	-[SCSnapDocOperaMediaManager _setError:forSnapDocKey:snapDoc:]	
107b92068	107b920cb	decompiled	chunks/001/functions-000098.c	-[SCSnapDocOperaMediaManager _errorsPagePropertiesForSnapDocKey:snapDoc:]	
107b920cc	107b9213b	decompiled	chunks/001/functions-000098.c	-[SCSnapDocOperaMediaManager _setErrorsPageProperties:forSnapDocKey:snapDoc:]	
107b9213c	107b92183	decompiled	chunks/001/functions-000098.c	-[SCSnapDocOperaMediaManager _removeErrorsPagePropertiesForSnapDocKey:snapDoc:]	
107b92184	107b921cb	decompiled	chunks/001/functions-000098.c	-[SCSnapDocOperaMediaManager _cleanAllCaches]	
107b921cc	107b921e7	decompiled	chunks/001/functions-000098.c	-[SCSnapDocOperaMediaManager _setContentResultForKey:contentResult:]	
107b921e8	107b92213	decompiled	chunks/001/functions-000098.c	-[SCSnapDocOperaMediaManager _contentResultForKey:]	
107b92214	107b92283	decompiled	chunks/001/functions-000098.c	-[SCSnapDocOperaMediaManager contentResultForSnapDocKey:]	
107b92284	107b9228b	decompiled	chunks/001/functions-000099.c	-[SCSnapDocOperaMediaManager _clearAllContentResult]	
107b9228c	107b923cb	decompiled	chunks/001/functions-000099.c	-[SCSnapDocOperaMediaManager _logFirstFrameGenerationIsServerSide:useFirstFrame:mediaContextType:]	
107b923cc	107b923e7	decompiled	chunks/001/functions-000099.c	-[SCSnapDocOperaMediaManager _stringFromLocalFirstFrameGenerationType:]	
107b923e8	107b9249b	decompiled	chunks/001/functions-000099.c	-[SCSnapDocOperaMediaManager .cxx_destruct]	
107b9249c	107b9250f	decompiled	chunks/001/functions-000099.c	-[SCSnapDocOperaParser initWithSnapDocOperaPageResolver:]	
107b92510	107b92613	decompiled	chunks/001/functions-000099.c	-[SCSnapDocOperaParser pagePropertiesForSnapDoc:]	
107b92614	107b9261f	decompiled	chunks/001/functions-000099.c	-[SCSnapDocOperaParser .cxx_destruct]	
107b92620	107b926af	decompiled	chunks/001/functions-000099.c		
107b926b0	107b928df	decompiled	chunks/001/functions-000099.c		
107b928e0	107b92bbb	decompiled	chunks/001/functions-000099.c	-[SCSnapDocConfigurer initWithUserSession:circumstanceEngine:snapDocMediaResolver:snapDocParser:networkRequester:bitmojiFriendAvatarProvider:bitmojiAvatarProvider:snapchattersDataFetcher:networkConnectivityMonitor:locationProvider:adRenderDataParser:]	
107b92bbc	107b92c43	decompiled	chunks/001/functions-000099.c	-[SCSnapDocConfigurer isFullSnapDoc:]	
107b92c44	107b92da7	decompiled	chunks/001/functions-000099.c	-[SCSnapDocConfigurer fullSnapDocForRequestSnapDoc:completion:]	
107b92da8	107b92f23	decompiled	chunks/001/functions-000099.c	-[SCSnapDocConfigurer fullSnapDocForRequestSnapDoc:]	
107b92f24	107b92f3b	decompiled	chunks/001/functions-000099.c		
107b92f3c	107b92faf	decompiled	chunks/001/functions-000099.c		
107b92fb0	107b930af	decompiled	chunks/001/functions-000099.c	-[SCSnapDocConfigurer queryPlaybackMediaStatusForSnapDoc:completion:]	
107b930b0	107b93147	decompiled	chunks/001/functions-000099.c		
107b93148	107b9315b	decompiled	chunks/001/functions-000099.c		
107b9315c	107b93243	decompiled	chunks/001/functions-000099.c	-[SCSnapDocConfigurer queryPlaybackMediaStatusForSnapDoc:]	
107b93244	107b932eb	decompiled	chunks/001/functions-000099.c		
107b932ec	107b9345b	decompiled	chunks/001/functions-000099.c	-[SCSnapDocConfigurer fetchMediaDataForSnapDoc:editionId:publisherId:completionQueue:trigger:completion:]	
107b9345c	107b9353b	decompiled	chunks/001/functions-000099.c		
107b9353c	107b936b3	decompiled	chunks/001/functions-000099.c	-[SCSnapDocConfigurer prefetchMediaDataForSnapDoc:editionId:publisherId:completionQueue:trigger:completion:]	
107b936b4	107b9373f	decompiled	chunks/001/functions-000099.c		
107b93740	107b93877	decompiled	chunks/001/functions-000099.c	-[SCSnapDocConfigurer cancelQueuedRequestForSnapDoc:]	
107b93878	107b938ab	decompiled	chunks/001/functions-000099.c		
107b938ac	107b93937	decompiled	chunks/001/functions-000099.c	-[SCSnapDocConfigurer operaPagePropertiesForSnapDoc:]	
107b93938	107b9393f	decompiled	chunks/001/functions-000099.c	+[SCSnapDocConfigurer convertToSnapDocV3:]	
107b93940	107b9398f	decompiled	chunks/001/functions-000099.c	-[SCSnapDocConfigurer cleanCaches:]	
107b93990	107b93ab3	decompiled	chunks/001/functions-000099.c	-[SCSnapDocConfigurer _updateWithError:fullSnapDocDataModel:completionQueue:completion:]	
107b93ab4	107b93acf	decompiled	chunks/001/functions-000099.c		
107b93ad0	107b93d8b	decompiled	chunks/001/functions-000099.c	-[SCSnapDocConfigurer _prefetchSnapDocContentManagerMediaResourcesForFullSnapDoc:completionQueue:trigger:completion:]	
107b93d8c	107b93e03	decompiled	chunks/001/functions-000099.c		
107b93e04	107b9417b	decompiled	chunks/001/functions-000099.c	-[SCSnapDocConfigurer _fetchSnapDocContentManagerMediaResourcesForFullSnapDoc:completionQueue:completion:]	
107b9417c	107b941db	decompiled	chunks/001/functions-000099.c		
107b941dc	107b9433f	decompiled	chunks/001/functions-000099.c	-[SCSnapDocConfigurer _addCancellableRequest:snapDoc:]	
107b94340	107b94373	decompiled	chunks/001/functions-000099.c		
107b94374	107b943db	decompiled	chunks/001/functions-000099.c	-[SCSnapDocConfigurer _updateCancellableRequest:forIdentifier:]	
107b943dc	107b94453	decompiled	chunks/001/functions-000099.c	-[SCSnapDocConfigurer _cancelCancellableRequestForIdentifier:]	
107b94454	107b9458b	decompiled	chunks/001/functions-000099.c	-[SCSnapDocConfigurer _removeCancellableRequestForSnapDoc:]	
107b9458c	107b945bf	decompiled	chunks/001/functions-000099.c		
107b945c0	107b94603	decompiled	chunks/001/functions-000099.c	-[SCSnapDocConfigurer _removeCancellableRequestForIdentifier:]	
107b94604	107b94803	decompiled	chunks/001/functions-000099.c	-[SCSnapDocConfigurer _queryPlaybackMediaStatusForSnapDoc:isAsynchronous:completion:]	
107b94804	107b94833	decompiled	chunks/001/functions-000099.c		
107b94834	107b94893	decompiled	chunks/001/functions-000099.c	-[SCSnapDocConfigurer .cxx_destruct]	
107b94894	107b9494f	decompiled	chunks/001/functions-000099.c	-[SCOperaChromePropertiesPlugin initWithNavigationStyle:userAccountCreationTimestamp:grapheneRegistry:circumstanceEngine:viewLocation:]	
107b94950	107b9495b	decompiled	chunks/001/functions-000099.c	-[SCOperaChromePropertiesPlugin type]	
107b9495c	107b94963	decompiled	chunks/001/functions-000099.c	-[SCOperaChromePropertiesPlugin playlistDataSource]	
107b94964	107b94967	decompiled	chunks/001/functions-000099.c	-[SCOperaChromePropertiesPlugin setExtraInfo:]	
107b94968	107b9496b	decompiled	chunks/001/functions-000099.c	-[SCOperaChromePropertiesPlugin addEventListenersWithEventAnnouncing:]	
107b9496c	107b9496f	decompiled	chunks/001/functions-000099.c	-[SCOperaChromePropertiesPlugin setPlaylistItemController:]	
107b94970	107b94973	decompiled	chunks/001/functions-000099.c	-[SCOperaChromePropertiesPlugin extraPropertiesProvider]	
107b94974	107b94abb	decompiled	chunks/001/functions-000099.c	-[SCOperaChromePropertiesPlugin extraPropertiesForDataModel:item:baseOperaPage:completion:]	
107b94abc	107b94aeb	decompiled	chunks/001/functions-000099.c	-[SCOperaChromePropertiesPlugin .cxx_destruct]	
107b94aec	107b94b17	decompiled	chunks/001/functions-000099.c	+[SCGrapheneSnapDocPlaybackMetric snapDocFirstFrame]	
107b94b18	107b94b43	decompiled	chunks/001/functions-000099.c	+[SCGrapheneSnapDocPlaybackMetric snapDocFirstFrameGen]	
107b94b44	107b94b6f	decompiled	chunks/001/functions-000099.c	+[SCGrapheneSnapDocPlaybackMetric subtitlesMissLanguage]	
107b94b70	107b94c0f	decompiled	chunks/001/functions-000099.c	-[SCGrapheneSnapDocPlaybackMetric description]	
107b94c10	107b94d67	decompiled	chunks/001/functions-000099.c	-[SCGrapheneRegistry snapDocPlaybackGraphene]	
107b94d68	107b94f17	decompiled	chunks/001/functions-000099.c		
107b94f18	107b94f63	decompiled	chunks/001/functions-000099.c	+[SCWebBrowserLayer layerWithPage:]	
107b94f64	107b955d7	decompiled	chunks/001/functions-000099.c	-[SCWebBrowserLayer initWithPage:]	
107b955d8	107b955df	decompiled	chunks/001/functions-000099.c	-[SCWebBrowserLayer type]	
107b955e0	107b95b2b	decompiled	chunks/001/functions-000099.c	-[SCWebBrowserLayer isEqual:]	
107b95b2c	107b95b33	decompiled	chunks/001/functions-000099.c	-[SCWebBrowserLayer url]	
107b95b34	107b95b4b	decompiled	chunks/001/functions-000099.c	-[SCWebBrowserLayer page]	
107b95b4c	107b95b57	decompiled	chunks/001/functions-000099.c	-[SCWebBrowserLayer setPage:]	
107b95b58	107b95b5f	decompiled	chunks/001/functions-000099.c	-[SCWebBrowserLayer delayLoadUntilScheduledToTakeOver]	
107b95b60	107b95b67	decompiled	chunks/001/functions-000099.c	-[SCWebBrowserLayer allowPreloading]	
107b95b68	107b95b6f	decompiled	chunks/001/functions-000099.c	-[SCWebBrowserLayer allowPrefetching]	
107b95b70	107b95b77	decompiled	chunks/001/functions-000099.c	-[SCWebBrowserLayer prefetchHints]	
107b95b78	107b95b7f	decompiled	chunks/001/functions-000099.c	-[SCWebBrowserLayer prefetchMode]	
107b95b80	107b95b87	decompiled	chunks/001/functions-000099.c	-[SCWebBrowserLayer prefetchBaseUrl]	
107b95b88	107b95b8f	decompiled	chunks/001/functions-000099.c	-[SCWebBrowserLayer multiWebViewsCount]	
107b95b90	107b95b97	decompiled	chunks/001/functions-000099.c	-[SCWebBrowserLayer multiWebViewsDefaultInteractiveIndex]	
107b95b98	107b95b9f	decompiled	chunks/001/functions-000099.c	-[SCWebBrowserLayer webBrowserConfig]	
107b95ba0	107b95ba7	decompiled	chunks/001/functions-000099.c	-[SCWebBrowserLayer additionalScriptControllers]	
107b95ba8	107b95baf	decompiled	chunks/001/functions-000099.c	-[SCWebBrowserLayer onlyAllowCloseButtonDismissal]	
107b95bb0	107b95bb7	decompiled	chunks/001/functions-000099.c	-[SCWebBrowserLayer enableSafariBrowserHideTray]	
107b95bb8	107b95bbf	decompiled	chunks/001/functions-000099.c	-[SCWebBrowserLayer initialRedirectQueryItemsToRetain]	
107b95bc0	107b95bc7	decompiled	chunks/001/functions-000099.c	-[SCWebBrowserLayer enableExternalBrowser]	
107b95bc8	107b95bcf	decompiled	chunks/001/functions-000099.c	-[SCWebBrowserLayer enableWebViewDisplayFix]	
107b95bd0	107b95bd7	decompiled	chunks/001/functions-000099.c	-[SCWebBrowserLayer hasServerRedirect]	
107b95bd8	107b95bdf	decompiled	chunks/001/functions-000099.c	-[SCWebBrowserLayer expectedServerRedirectResolvedUrlPrefix]	
107b95be0	107b95be7	decompiled	chunks/001/functions-000099.c	-[SCWebBrowserLayer expectedServerRedirectCount]	
107b95be8	107b95bef	decompiled	chunks/001/functions-000099.c	-[SCWebBrowserLayer enableUsePrefetchHintsPreLoadedWebView]	
107b95bf0	107b95bf7	decompiled	chunks/001/functions-000099.c	-[SCWebBrowserLayer enableRefreshPrefetchHintsLoad]	
107b95bf8	107b95bff	decompiled	chunks/001/functions-000099.c	-[SCWebBrowserLayer prefetchHintsId]	
107b95c00	107b95c07	decompiled	chunks/001/functions-000099.c	-[SCWebBrowserLayer browserClientId]	
107b95c08	107b95c0f	decompiled	chunks/001/functions-000099.c	-[SCWebBrowserLayer adRequestClientId]	
107b95c10	107b95c17	decompiled	chunks/001/functions-000099.c	-[SCWebBrowserLayer adType]	
107b95c18	107b95c1f	decompiled	chunks/001/functions-000099.c	-[SCWebBrowserLayer adProductType]	
107b95c20	107b95c27	decompiled	chunks/001/functions-000099.c	-[SCWebBrowserLayer snapIndex]	
107b95c28	107b95c2f	decompiled	chunks/001/functions-000099.c	-[SCWebBrowserLayer enablePeeking]	
107b95c30	107b95c37	decompiled	chunks/001/functions-000099.c	-[SCWebBrowserLayer isRedirectEXB]	
107b95c38	107b95c3f	decompiled	chunks/001/functions-000099.c	-[SCWebBrowserLayer disallowPrivacyPrompt]	
107b95c40	107b95c47	decompiled	chunks/001/functions-000099.c	-[SCWebBrowserLayer adConfig]	
