address	end_address	status	pseudocode_file	runtime_label	error
108e0039c	108e003ab	decompiled	chunks/001/functions-000110.c	-[SCFeatureSettingsService setGalleryBackupOnCellular:]	
108e003ac	108e003b3	decompiled	chunks/001/functions-000110.c	-[SCFeatureSettingsService gallery_back_up_on_cellular_client_value:]	
108e003b4	108e003bb	decompiled	chunks/001/functions-000110.c	-[SCFeatureSettingsService gallery_back_up_on_cellular_server_value:]	
108e003bc	108e003cb	decompiled	chunks/001/functions-000110.c	-[SCFeatureSettingsService galleryBackupOnCellular]	
108e003cc	108e003d7	decompiled	chunks/001/functions-000110.c	-[SCFeatureSettingsService isGalleryFlashbackStoriesEnabled]	
108e003d8	108e003e3	decompiled	chunks/001/functions-000110.c	-[SCFeatureSettingsService galleryFlashbackStoriesEnabledServerParam]	
108e003e4	108e003f3	decompiled	chunks/001/functions-000110.c	-[SCFeatureSettingsService setGalleryFlashbackStoriesEnabled:]	
108e003f4	108e003fb	decompiled	chunks/001/functions-000110.c	-[SCFeatureSettingsService gallery_flashback_stories_enabled_client_value:]	
108e003fc	108e00403	decompiled	chunks/001/functions-000110.c	-[SCFeatureSettingsService gallery_flashback_stories_enabled_server_value:]	
108e00404	108e00413	decompiled	chunks/001/functions-000110.c	-[SCFeatureSettingsService galleryFlashbackStoriesEnabled]	
108e00414	108e0041f	decompiled	chunks/001/functions-000110.c	-[SCFeatureSettingsService isGalleryCollectionsSyncRequiredAvailable]	
108e00420	108e0042b	decompiled	chunks/001/functions-000110.c	-[SCFeatureSettingsService galleryCollectionsSyncRequiredServerParam]	
108e0042c	108e0043b	decompiled	chunks/001/functions-000110.c	-[SCFeatureSettingsService setGalleryCollectionsSyncRequired:]	
108e0043c	108e00443	decompiled	chunks/001/functions-000110.c	-[SCFeatureSettingsService gallery_collections_sync_required_client_value:]	
108e00444	108e0044b	decompiled	chunks/001/functions-000110.c	-[SCFeatureSettingsService gallery_collections_sync_required_server_value:]	
108e0044c	108e0045b	decompiled	chunks/001/functions-000110.c	-[SCFeatureSettingsService galleryCollectionsSyncRequired]	
108e0045c	108e00467	decompiled	chunks/001/functions-000110.c	-[SCFeatureSettingsService isGallerySyncRequired]	
108e00468	108e00473	decompiled	chunks/001/functions-000110.c	-[SCFeatureSettingsService gallerySyncRequiredServerParam]	
108e00474	108e00483	decompiled	chunks/001/functions-000110.c	-[SCFeatureSettingsService setGallerySyncRequired:]	
108e00484	108e0048b	decompiled	chunks/001/functions-000110.c	-[SCFeatureSettingsService gallery_sync_required_client_value:]	
108e0048c	108e00493	decompiled	chunks/001/functions-000110.c	-[SCFeatureSettingsService gallery_sync_required_server_value:]	
108e00494	108e004a3	decompiled	chunks/001/functions-000110.c	-[SCFeatureSettingsService gallerySyncRequired]	
108e004a4	108e004af	decompiled	chunks/001/functions-000110.c	-[SCFeatureSettingsService isGalleryPrivateGalleryEnabledAvailable]	
108e004b0	108e004bb	decompiled	chunks/001/functions-000110.c	-[SCFeatureSettingsService galleryPrivateGalleryEnabledServerParam]	
108e004bc	108e004cb	decompiled	chunks/001/functions-000110.c	-[SCFeatureSettingsService setGalleryPrivateGalleryEnabled:]	
108e004cc	108e004d3	decompiled	chunks/001/functions-000110.c	-[SCFeatureSettingsService gallery_private_gallery_enabled_client_value:]	
108e004d4	108e004db	decompiled	chunks/001/functions-000110.c	-[SCFeatureSettingsService gallery_private_gallery_enabled_server_value:]	
108e004dc	108e004eb	decompiled	chunks/001/functions-000110.c	-[SCFeatureSettingsService galleryPrivateGalleryEnabled]	
108e004ec	108e004f7	decompiled	chunks/001/functions-000110.c	-[SCFeatureSettingsService isGalleryTopSecretPrivateGalleryEnabledAvailable]	
108e004f8	108e00503	decompiled	chunks/001/functions-000110.c	-[SCFeatureSettingsService galleryTopSecretPrivateGalleryEnabledServerParam]	
108e00504	108e00513	decompiled	chunks/001/functions-000110.c	-[SCFeatureSettingsService setGalleryTopSecretPrivateGalleryEnabled:]	
108e00514	108e0051b	decompiled	chunks/001/functions-000110.c	-[SCFeatureSettingsService gallery_top_secret_private_gallery_enabled_client_value:]	
108e0051c	108e00523	decompiled	chunks/001/functions-000110.c	-[SCFeatureSettingsService gallery_top_secret_private_gallery_enabled_server_value:]	
108e00524	108e00533	decompiled	chunks/001/functions-000110.c	-[SCFeatureSettingsService galleryTopSecretPrivateGalleryEnabled]	
108e00534	108e0053f	decompiled	chunks/001/functions-000110.c	-[SCFeatureSettingsService isGallerySaveToPrivateGalleryByDefaultAvailable]	
108e00540	108e0054b	decompiled	chunks/001/functions-000110.c	-[SCFeatureSettingsService gallerySaveToPrivateGalleryByDefaultServerParam]	
108e0054c	108e0055b	decompiled	chunks/001/functions-000110.c	-[SCFeatureSettingsService setGallerySaveToPrivateGalleryByDefault:]	
108e0055c	108e00563	decompiled	chunks/001/functions-000110.c	-[SCFeatureSettingsService gallery_save_to_private_gallery_by_default_client_value:]	
108e00564	108e0056b	decompiled	chunks/001/functions-000110.c	-[SCFeatureSettingsService gallery_save_to_private_gallery_by_default_server_value:]	
108e0056c	108e0057b	decompiled	chunks/001/functions-000110.c	-[SCFeatureSettingsService gallerySaveToPrivateGalleryByDefault]	
108e0057c	108e00587	decompiled	chunks/001/functions-000110.c	-[SCFeatureSettingsService isGallerySnapSaveOptionAvailable]	
108e00588	108e00593	decompiled	chunks/001/functions-000110.c	-[SCFeatureSettingsService gallerySnapSaveOptionServerParam]	
108e00594	108e005a3	decompiled	chunks/001/functions-000110.c	-[SCFeatureSettingsService setGallerySnapSaveOption:]	
108e005a4	108e005cb	decompiled	chunks/001/functions-000110.c	-[SCFeatureSettingsService gallery_snap_save_option_client_value:]	
108e005cc	108e005f3	decompiled	chunks/001/functions-000110.c	-[SCFeatureSettingsService gallery_snap_save_option_server_value:]	
108e005f4	108e00607	decompiled	chunks/001/functions-000110.c	-[SCFeatureSettingsService gallerySnapSaveOption]	
108e00608	108e00613	decompiled	chunks/001/functions-000110.c	-[SCFeatureSettingsService isGalleryForcedResyncRequiredAvailable]	
108e00614	108e0061f	decompiled	chunks/001/functions-000110.c	-[SCFeatureSettingsService galleryForcedResyncRequiredServerParam]	
108e00620	108e0062f	decompiled	chunks/001/functions-000110.c	-[SCFeatureSettingsService setGalleryForcedResyncRequired:]	
108e00630	108e00637	decompiled	chunks/001/functions-000110.c	-[SCFeatureSettingsService gallery_forced_resync_required_client_value:]	
108e00638	108e0063f	decompiled	chunks/001/functions-000110.c	-[SCFeatureSettingsService gallery_forced_resync_required_server_value:]	
108e00640	108e0064f	decompiled	chunks/001/functions-000110.c	-[SCFeatureSettingsService galleryForcedResyncRequired]	
108e00650	108e0065b	decompiled	chunks/001/functions-000110.c	-[SCFeatureSettingsService isGalleryStoryAutoSavingAvailable]	
108e0065c	108e00667	decompiled	chunks/001/functions-000110.c	-[SCFeatureSettingsService galleryStoryAutoSavingServerParam]	
108e00668	108e00677	decompiled	chunks/001/functions-000110.c	-[SCFeatureSettingsService setGalleryStoryAutoSaving:]	
108e00678	108e0067f	decompiled	chunks/001/functions-000110.c	-[SCFeatureSettingsService gallery_story_auto_saving_client_value:]	
108e00680	108e00687	decompiled	chunks/001/functions-000110.c	-[SCFeatureSettingsService gallery_story_auto_saving_server_value:]	
108e00688	108e00697	decompiled	chunks/001/functions-000110.c	-[SCFeatureSettingsService galleryStoryAutoSaving]	
108e00698	108e006a3	decompiled	chunks/001/functions-000110.c	-[SCFeatureSettingsService isSeenMemoriesAutoSavePostsTooltipAvailable]	
108e006a4	108e006af	decompiled	chunks/001/functions-000110.c	-[SCFeatureSettingsService seenMemoriesAutoSavePostsTooltipServerParam]	
108e006b0	108e006bf	decompiled	chunks/001/functions-000110.c	-[SCFeatureSettingsService setSeenMemoriesAutoSavePostsTooltip:]	
108e006c0	108e006c7	decompiled	chunks/001/functions-000110.c	-[SCFeatureSettingsService seen_memories_auto_save_posts_tooltip_client_value:]	
108e006c8	108e006cf	decompiled	chunks/001/functions-000110.c	-[SCFeatureSettingsService seen_memories_auto_save_posts_tooltip_server_value:]	
108e006d0	108e006df	decompiled	chunks/001/functions-000110.c	-[SCFeatureSettingsService seenMemoriesAutoSavePostsTooltip]	
108e006e0	108e006eb	decompiled	chunks/001/functions-000110.c	-[SCFeatureSettingsService isfirstMemoriesSaveBadgeAvailable]	
108e006ec	108e006f7	decompiled	chunks/001/functions-000110.c	-[SCFeatureSettingsService firstMemoriesSaveBadgeServerParam]	
108e006f8	108e00707	decompiled	chunks/001/functions-000110.c	-[SCFeatureSettingsService setFirstMemoriesSaveBadge:]	
108e00708	108e0070f	decompiled	chunks/001/functions-000110.c	-[SCFeatureSettingsService first_memories_save_badge_client_value:]	
108e00710	108e00717	decompiled	chunks/001/functions-000110.c	-[SCFeatureSettingsService first_memories_save_badge_server_value:]	
108e00718	108e00727	decompiled	chunks/001/functions-000110.c	-[SCFeatureSettingsService firstMemoriesSaveBadge]	
108e00728	108e00733	decompiled	chunks/001/functions-000110.c	-[SCFeatureSettingsService isScreenshopEnabledAvailable]	
108e00734	108e0073f	decompiled	chunks/001/functions-000110.c	-[SCFeatureSettingsService screenshopEnabledServerParam]	
108e00740	108e0074f	decompiled	chunks/001/functions-000110.c	-[SCFeatureSettingsService setScreenshopEnabled:]	
108e00750	108e00757	decompiled	chunks/001/functions-000110.c	-[SCFeatureSettingsService memories_enabled_screenshop_client_value:]	
108e00758	108e0075f	decompiled	chunks/001/functions-000110.c	-[SCFeatureSettingsService memories_enabled_screenshop_server_value:]	
108e00760	108e0076f	decompiled	chunks/001/functions-000110.c	-[SCFeatureSettingsService screenshopEnabled]	
108e00770	108e0077b	decompiled	chunks/001/functions-000110.c	-[SCFeatureSettingsService isScreenshopEducationalUnitSeenCountAvailable]	
108e0077c	108e00787	decompiled	chunks/001/functions-000110.c	-[SCFeatureSettingsService screenshopEducationalUnitSeenCountServerParam]	
108e00788	108e00797	decompiled	chunks/001/functions-000110.c	-[SCFeatureSettingsService setScreenshopEducationalUnitSeenCount:]	
108e00798	108e0079f	decompiled	chunks/001/functions-000110.c	-[SCFeatureSettingsService screenshop_educational_unit_seen_count_client_value:]	
108e007a0	108e007a7	decompiled	chunks/001/functions-000110.c	-[SCFeatureSettingsService screenshop_educational_unit_seen_count_server_value:]	
108e007a8	108e007b7	decompiled	chunks/001/functions-000110.c	-[SCFeatureSettingsService screenshopEducationalUnitSeenCount]	
108e007b8	108e007c3	decompiled	chunks/001/functions-000110.c	-[SCFeatureSettingsService isScreenshopEducationalUnitDismissCountAvailable]	
108e007c4	108e007cf	decompiled	chunks/001/functions-000110.c	-[SCFeatureSettingsService screenshopEducationalUnitDismissCountServerParam]	
108e007d0	108e007df	decompiled	chunks/001/functions-000110.c	-[SCFeatureSettingsService setScreenshopEducationalUnitDismissCount:]	
108e007e0	108e007e7	decompiled	chunks/001/functions-000110.c	-[SCFeatureSettingsService screenshop_educational_unit_dismiss_count_client_value:]	
108e007e8	108e007ef	decompiled	chunks/001/functions-000110.c	-[SCFeatureSettingsService screenshop_educational_unit_dismiss_count_server_value:]	
108e007f0	108e007ff	decompiled	chunks/001/functions-000110.c	-[SCFeatureSettingsService screenshopEducationalUnitDismissCount]	
108e00800	108e0080b	decompiled	chunks/001/functions-000110.c	-[SCFeatureSettingsService isScreenshopEducationalUnitDismissTimestampAvailable]	
108e0080c	108e00817	decompiled	chunks/001/functions-000110.c	-[SCFeatureSettingsService screenshopEducationalUnitDismissTimestampServerParam]	
108e00818	108e00827	decompiled	chunks/001/functions-000110.c	-[SCFeatureSettingsService setScreenshopEducationalUnitDismissTimestamp:]	
108e00828	108e0082f	decompiled	chunks/001/functions-000110.c	-[SCFeatureSettingsService screenshop_educational_unit_dismiss_timestamp_client_value:]	
108e00830	108e00837	decompiled	chunks/001/functions-000110.c	-[SCFeatureSettingsService screenshop_educational_unit_dismiss_timestamp_server_value:]	
108e00838	108e00847	decompiled	chunks/001/functions-000110.c	-[SCFeatureSettingsService screenshopEducationalUnitDismissTimestamp]	
108e00848	108e00853	decompiled	chunks/001/functions-000110.c	-[SCFeatureSettingsService isFirstMemoriesSaveTooltipSeenCountAvailable]	
108e00854	108e0085f	decompiled	chunks/001/functions-000110.c	-[SCFeatureSettingsService firstMemoriesSaveTooltipSeenCountServerParam]	
108e00860	108e0086f	decompiled	chunks/001/functions-000110.c	-[SCFeatureSettingsService setFirstMemoriesSaveTooltipSeenCount:]	
108e00870	108e00877	decompiled	chunks/001/functions-000110.c	-[SCFeatureSettingsService first_memories_save_tooltip_seen_count_client_value:]	
108e00878	108e0087f	decompiled	chunks/001/functions-000110.c	-[SCFeatureSettingsService first_memories_save_tooltip_seen_count_server_value:]	
108e00880	108e0088f	decompiled	chunks/001/functions-000110.c	-[SCFeatureSettingsService firstMemoriesSaveTooltipSeenCount]	
108e00890	108e0089b	decompiled	chunks/001/functions-000111.c	-[SCFeatureSettingsService hasSeenMemoriesCameraRollOnboardingPrompt]	
108e0089c	108e008a7	decompiled	chunks/001/functions-000111.c	-[SCFeatureSettingsService seenMemoriesCameraRollOnboardingPromptServerParam]	
108e008a8	108e008b7	decompiled	chunks/001/functions-000111.c	-[SCFeatureSettingsService setSeenMemoriesCameraRollOnboardingPrompt:]	
108e008b8	108e008bf	decompiled	chunks/001/functions-000111.c	-[SCFeatureSettingsService memories_camera_roll_tab_tooltip_client_value:]	
108e008c0	108e008c7	decompiled	chunks/001/functions-000111.c	-[SCFeatureSettingsService memories_camera_roll_tab_tooltip_server_value:]	
108e008c8	108e008d7	decompiled	chunks/001/functions-000111.c	-[SCFeatureSettingsService seenMemoriesCameraRollOnboardingPrompt]	
108e008d8	108e008e3	decompiled	chunks/001/functions-000111.c	-[SCFeatureSettingsService hasSeenSaveAndReplaceTooltip]	
108e008e4	108e008ef	decompiled	chunks/001/functions-000111.c	-[SCFeatureSettingsService seenSaveAndReplaceTooltipServerParam]	
108e008f0	108e008ff	decompiled	chunks/001/functions-000111.c	-[SCFeatureSettingsService setSeenSaveAndReplaceTooltip:]	
108e00900	108e00907	decompiled	chunks/001/functions-000111.c	-[SCFeatureSettingsService save_and_replace_tooltip_tooltip_client_value:]	
108e00908	108e0090f	decompiled	chunks/001/functions-000111.c	-[SCFeatureSettingsService save_and_replace_tooltip_tooltip_server_value:]	
108e00910	108e0091f	decompiled	chunks/001/functions-000111.c	-[SCFeatureSettingsService seenSaveAndReplaceTooltip]	
108e00920	108e0092b	decompiled	chunks/001/functions-000111.c	-[SCFeatureSettingsService isTimelineDraftBannerFirstSeenTimestampAvailable]	
108e0092c	108e00937	decompiled	chunks/001/functions-000111.c	-[SCFeatureSettingsService timelineDraftBannerFirstSeenTimestampServerParam]	
108e00938	108e00947	decompiled	chunks/001/functions-000111.c	-[SCFeatureSettingsService setTimelineDraftBannerFirstSeenTimestamp:]	
108e00948	108e0094f	decompiled	chunks/001/functions-000111.c	-[SCFeatureSettingsService timeline_draft_banner_first_seen_timestamp_client_value:]	
108e00950	108e00957	decompiled	chunks/001/functions-000111.c	-[SCFeatureSettingsService timeline_draft_banner_first_seen_timestamp_server_value:]	
108e00958	108e00967	decompiled	chunks/001/functions-000111.c	-[SCFeatureSettingsService timelineDraftBannerFirstSeenTimestamp]	
108e00968	108e00973	decompiled	chunks/001/functions-000111.c	-[SCFeatureSettingsService isNumTimesSeenSendToAutoSaveToMemoriesPromptAvailable]	
108e00974	108e0097f	decompiled	chunks/001/functions-000111.c	-[SCFeatureSettingsService numTimesSeenSendToAutoSaveToMemoriesPromptServerParam]	
108e00980	108e0098f	decompiled	chunks/001/functions-000111.c	-[SCFeatureSettingsService setNumTimesSeenSendToAutoSaveToMemoriesPrompt:]	
108e00990	108e00997	decompiled	chunks/001/functions-000111.c	-[SCFeatureSettingsService send_to_auto_save_prompt_num_times_seen_client_value:]	
108e00998	108e0099f	decompiled	chunks/001/functions-000111.c	-[SCFeatureSettingsService send_to_auto_save_prompt_num_times_seen_server_value:]	
108e009a0	108e009af	decompiled	chunks/001/functions-000111.c	-[SCFeatureSettingsService numTimesSeenSendToAutoSaveToMemoriesPrompt]	
108e009b0	108e009bb	decompiled	chunks/001/functions-000111.c	-[SCFeatureSettingsService isLastTimeSeenSendToAutoSaveToMemoriesPromptAvailable]	
108e009bc	108e009c7	decompiled	chunks/001/functions-000111.c	-[SCFeatureSettingsService lastTimeSeenSendToAutoSaveToMemoriesPromptServerParam]	
108e009c8	108e009d7	decompiled	chunks/001/functions-000111.c	-[SCFeatureSettingsService setLastTimeSeenSendToAutoSaveToMemoriesPrompt:]	
108e009d8	108e009df	decompiled	chunks/001/functions-000111.c	-[SCFeatureSettingsService send_to_auto_save_prompt_last_seen_timestamp_seconds_client_value:]	
108e009e0	108e009e7	decompiled	chunks/001/functions-000111.c	-[SCFeatureSettingsService send_to_auto_save_prompt_last_seen_timestamp_seconds_server_value:]	
108e009e8	108e009f7	decompiled	chunks/001/functions-000111.c	-[SCFeatureSettingsService lastTimeSeenSendToAutoSaveToMemoriesPrompt]	
108e009f8	108e00a03	decompiled	chunks/001/functions-000111.c	-[SCFeatureSettingsService isDontShowSendToAutoSaveToMemoriesPromptAvailable]	
108e00a04	108e00a0f	decompiled	chunks/001/functions-000111.c	-[SCFeatureSettingsService dontShowSendToAutoSaveToMemoriesPromptServerParam]	
108e00a10	108e00a1f	decompiled	chunks/001/functions-000111.c	-[SCFeatureSettingsService setDontShowSendToAutoSaveToMemoriesPrompt:]	
108e00a20	108e00a27	decompiled	chunks/001/functions-000111.c	-[SCFeatureSettingsService send_to_auto_save_prompt_override_do_not_show_client_value:]	
108e00a28	108e00a2f	decompiled	chunks/001/functions-000111.c	-[SCFeatureSettingsService send_to_auto_save_prompt_override_do_not_show_server_value:]	
108e00a30	108e00a3f	decompiled	chunks/001/functions-000111.c	-[SCFeatureSettingsService dontShowSendToAutoSaveToMemoriesPrompt]	
108e00a40	108e00a4b	decompiled	chunks/001/functions-000111.c	-[SCFeatureSettingsService wasMemoriesWidgetAdded]	
108e00a4c	108e00a57	decompiled	chunks/001/functions-000111.c	-[SCFeatureSettingsService memoriesWidgetAddedServerParam]	
108e00a58	108e00a67	decompiled	chunks/001/functions-000111.c	-[SCFeatureSettingsService setMemoriesWidgetAdded:]	
108e00a68	108e00a6f	decompiled	chunks/001/functions-000111.c	-[SCFeatureSettingsService memories_widget_added_client_value:]	
108e00a70	108e00a77	decompiled	chunks/001/functions-000111.c	-[SCFeatureSettingsService memories_widget_added_server_value:]	
108e00a78	108e00a87	decompiled	chunks/001/functions-000111.c	-[SCFeatureSettingsService memoriesWidgetAdded]	
108e00a88	108e00a93	decompiled	chunks/001/functions-000111.c	-[SCFeatureSettingsService isNumTimesSeenMemoriesWidgetEducationBannerAvailable]	
108e00a94	108e00a9f	decompiled	chunks/001/functions-000111.c	-[SCFeatureSettingsService numTimesSeenMemoriesWidgetEducationBannerServerParam]	
108e00aa0	108e00aaf	decompiled	chunks/001/functions-000111.c	-[SCFeatureSettingsService setNumTimesSeenMemoriesWidgetEducationBanner:]	
108e00ab0	108e00ab7	decompiled	chunks/001/functions-000111.c	-[SCFeatureSettingsService memories_widget_education_banner_num_times_seen_client_value:]	
108e00ab8	108e00abf	decompiled	chunks/001/functions-000111.c	-[SCFeatureSettingsService memories_widget_education_banner_num_times_seen_server_value:]	
108e00ac0	108e00acf	decompiled	chunks/001/functions-000111.c	-[SCFeatureSettingsService numTimesSeenMemoriesWidgetEducationBanner]	
108e00ad0	108e00adb	decompiled	chunks/001/functions-000111.c	-[SCFeatureSettingsService isLastTimeSeenMemoriesWidgetEducationBannerAvailable]	
108e00adc	108e00ae7	decompiled	chunks/001/functions-000111.c	-[SCFeatureSettingsService lastTimeSeenMemoriesWidgetEducationBannerServerParam]	
108e00ae8	108e00af7	decompiled	chunks/001/functions-000111.c	-[SCFeatureSettingsService setLastTimeSeenMemoriesWidgetEducationBanner:]	
108e00af8	108e00aff	decompiled	chunks/001/functions-000111.c	-[SCFeatureSettingsService memories_widget_education_banner_last_seen_timestamp_seconds_client_value:]	
108e00b00	108e00b07	decompiled	chunks/001/functions-000111.c	-[SCFeatureSettingsService memories_widget_education_banner_last_seen_timestamp_seconds_server_value:]	
108e00b08	108e00b17	decompiled	chunks/001/functions-000111.c	-[SCFeatureSettingsService lastTimeSeenMemoriesWidgetEducationBanner]	
108e00b18	108e00b23	decompiled	chunks/001/functions-000111.c	-[SCFeatureSettingsService getMemoriesLivePhotoPlaybackStyle]	
108e00b24	108e00b2f	decompiled	chunks/001/functions-000111.c	-[SCFeatureSettingsService memoriesLivePhotoPlaybackStyleServerParam]	
108e00b30	108e00b3f	decompiled	chunks/001/functions-000111.c	-[SCFeatureSettingsService setMemoriesLivePhotoPlaybackStyle:]	
108e00b40	108e00b67	decompiled	chunks/001/functions-000111.c	-[SCFeatureSettingsService camera_roll_live_photo_playback_style_client_value:]	
108e00b68	108e00b8f	decompiled	chunks/001/functions-000111.c	-[SCFeatureSettingsService camera_roll_live_photo_playback_style_server_value:]	
108e00b90	108e00ba3	decompiled	chunks/001/functions-000111.c	-[SCFeatureSettingsService memoriesLivePhotoPlaybackStyle]	
108e00ba4	108e00baf	decompiled	chunks/001/functions-000111.c	-[SCFeatureSettingsService isScreenshopAdsDataPermissionAvailable]	
108e00bb0	108e00bbb	decompiled	chunks/001/functions-000111.c	-[SCFeatureSettingsService screenshopAdsDataPermissionServerParam]	
108e00bbc	108e00bcb	decompiled	chunks/001/functions-000111.c	-[SCFeatureSettingsService setScreenshopAdsDataPermission:]	
108e00bcc	108e00bd3	decompiled	chunks/001/functions-000111.c	-[SCFeatureSettingsService commerce_screenshop_ads_data_permission_client_value:]	
108e00bd4	108e00bdb	decompiled	chunks/001/functions-000111.c	-[SCFeatureSettingsService commerce_screenshop_ads_data_permission_server_value:]	
108e00bdc	108e00beb	decompiled	chunks/001/functions-000111.c	-[SCFeatureSettingsService screenshopAdsDataPermission]	
108e00bec	108e00bf7	decompiled	chunks/001/functions-000111.c	-[SCFeatureSettingsService isAddALensTooltipSeenCountAvailable]	
108e00bf8	108e00c03	decompiled	chunks/001/functions-000111.c	-[SCFeatureSettingsService addALensTooltipSeenCountServerParam]	
108e00c04	108e00c13	decompiled	chunks/001/functions-000111.c	-[SCFeatureSettingsService setAddALensTooltipSeenCount:]	
108e00c14	108e00c1b	decompiled	chunks/001/functions-000111.c	-[SCFeatureSettingsService add_a_lens_tooltip_seen_count_client_value:]	
108e00c1c	108e00c23	decompiled	chunks/001/functions-000111.c	-[SCFeatureSettingsService add_a_lens_tooltip_seen_count_server_value:]	
108e00c24	108e00c33	decompiled	chunks/001/functions-000111.c	-[SCFeatureSettingsService addALensTooltipSeenCount]	
108e00c34	108e00d7b	decompiled	chunks/001/functions-000111.c		
108e00d7c	108e00e77	decompiled	chunks/001/functions-000111.c		
108e00e78	108e00f43	decompiled	chunks/001/functions-000111.c		
108e00f44	108e00f4b	decompiled	chunks/001/functions-000111.c	-[SCGalleryPreviewVisibleSaveLatency saveType]	
108e00f4c	108e00f53	decompiled	chunks/001/functions-000111.c	-[SCGalleryPreviewVisibleSaveLatency setSaveType:]	
108e00f54	108e00f5b	decompiled	chunks/001/functions-000111.c	-[SCGalleryPreviewVisibleSaveLatency savingStartTime]	
108e00f5c	108e00f63	decompiled	chunks/001/functions-000111.c	-[SCGalleryPreviewVisibleSaveLatency setSavingStartTime:]	
108e00f64	108e00f6b	decompiled	chunks/001/functions-000111.c	-[SCGalleryPreviewVisibleSaveLatency savingPreprocessingEndTime]	
108e00f6c	108e00f73	decompiled	chunks/001/functions-000111.c	-[SCGalleryPreviewVisibleSaveLatency setSavingPreprocessingEndTime:]	
108e00f74	108e00f7b	decompiled	chunks/001/functions-000111.c	-[SCGalleryPreviewVisibleSaveLatency savingToGalleryEndTime]	
108e00f7c	108e00f83	decompiled	chunks/001/functions-000111.c	-[SCGalleryPreviewVisibleSaveLatency setSavingToGalleryEndTime:]	
108e00f84	108e00f8b	decompiled	chunks/001/functions-000111.c	-[SCGalleryPreviewVisibleSaveLatency savingAnimationEndTime]	
108e00f8c	108e00f93	decompiled	chunks/001/functions-000111.c	-[SCGalleryPreviewVisibleSaveLatency setSavingAnimationEndTime:]	
108e00f94	108e00f9b	decompiled	chunks/001/functions-000111.c	-[SCGalleryPreviewVisibleSaveLatency status]	
108e00f9c	108e00fcb	decompiled	chunks/001/functions-000111.c	-[SCGalleryPreviewVisibleSaveLatency setStatus:]	
108e00fcc	108e00fd7	decompiled	chunks/001/functions-000111.c	-[SCGalleryPreviewVisibleSaveLatency .cxx_destruct]	
108e00fd8	108e0106b	decompiled	chunks/001/functions-000111.c	-[SCGalleryPreviewVisibleSaveLatencyLogger initWithUserTrackedLogger:]	
108e0106c	108e019ff	decompiled	chunks/001/functions-000111.c	-[SCGalleryPreviewVisibleSaveLatencyLogger _logPreviewVisibleSaveLatencyWithSaveSessionId:]	
108e01a00	108e01abb	decompiled	chunks/001/functions-000111.c	-[SCGalleryPreviewVisibleSaveLatencyLogger didStartSavingWithSaveSessionId:sessionStatus:shouldSaveToMemories:shouldSaveToCameraRoll:]	
108e01abc	108e01b17	decompiled	chunks/001/functions-000111.c	-[SCGalleryPreviewVisibleSaveLatencyLogger logPreviewVisibleSaveLatencySplitWithSaveSessionId:splitName:]	
108e01b18	108e01b9f	decompiled	chunks/001/functions-000111.c	-[SCGalleryPreviewVisibleSaveLatencyLogger logPreviewVisibleSaveLatencyEndWithSaveSessionId:didFinishSavingSucceeded:]	
108e01ba0	108e01bfb	decompiled	chunks/001/functions-000111.c	-[SCGalleryPreviewVisibleSaveLatencyLogger _removePreviewVisibleSaveLatencyWithSaveSessionId:]	
108e01bfc	108e01c77	decompiled	chunks/001/functions-000111.c	-[SCGalleryPreviewVisibleSaveLatencyLogger _setPreviewVisibleSaveLatency:forSaveSessionId:]	
108e01c78	108e01cef	decompiled	chunks/001/functions-000111.c	-[SCGalleryPreviewVisibleSaveLatencyLogger _previewVisibleSaveLatencyForSaveSessionId:]	
108e01cf0	108e01d1f	decompiled	chunks/001/functions-000111.c	-[SCGalleryPreviewVisibleSaveLatencyLogger .cxx_destruct]	
108e01d20	108e01da7	decompiled	chunks/001/functions-000111.c		
108e01da8	108e01ddf	decompiled	chunks/001/functions-000111.c		
108e01de0	108e01f5b	decompiled	chunks/001/functions-000111.c	-[SCMemoriesSaveLoggingListenerAnnouncer description]	
108e01f5c	108e01fbb	decompiled	chunks/001/functions-000112.c		
108e01fbc	108e02267	decompiled	chunks/001/functions-000112.c	-[SCMemoriesSaveLoggingListenerAnnouncer addListener:]	
108e02268	108e023a7	decompiled	chunks/001/functions-000112.c		
108e023a8	108e023ef	decompiled	chunks/001/functions-000112.c		
108e023f0	108e0261f	decompiled	chunks/001/functions-000112.c	-[SCMemoriesSaveLoggingListenerAnnouncer removeListener:]	
108e02620	108e02703	decompiled	chunks/001/functions-000112.c	-[SCMemoriesSaveLoggingListenerAnnouncer didLogDirectSnapSaveEventWithLoggingParams:]	
108e02704	108e027e7	decompiled	chunks/001/functions-000112.c	-[SCMemoriesSaveLoggingListenerAnnouncer didLogGeofilterDirectSnapSaveEventWithLoggingParams:]	
108e027e8	108e0280f	decompiled	chunks/001/functions-000112.c	-[SCMemoriesSaveLoggingListenerAnnouncer .cxx_destruct]	
108e02810	108e0282f	decompiled	chunks/001/functions-000112.c	-[SCMemoriesSaveLoggingListenerAnnouncer .cxx_construct]	
108e02830	108e02843	decompiled	chunks/001/functions-000112.c		
108e02844	108e0289b	decompiled	chunks/001/functions-000112.c		
108e0289c	108e028ab	decompiled	chunks/001/functions-000112.c		
108e028ac	108e028cb	decompiled	chunks/001/functions-000112.c		
108e028cc	108e02933	decompiled	chunks/001/functions-000112.c		
108e02934	108e02937	decompiled	chunks/001/functions-000112.c		
108e02938	108e02a0f	decompiled	chunks/001/functions-000112.c	-[SCMemoriesSavingSessionParams initWithSessionId:savingToGallerySessionId:captureSessionId:]	
108e02a10	108e02a33	decompiled	chunks/001/functions-000112.c	-[SCMemoriesSavingSessionParams copyWithZone:]	
108e02a34	108e02ab3	decompiled	chunks/001/functions-000112.c	-[SCMemoriesSavingSessionParams hash]	
108e02ab4	108e02b73	decompiled	chunks/001/functions-000112.c	-[SCMemoriesSavingSessionParams isEqual:]	
108e02b74	108e02b7b	decompiled	chunks/001/functions-000112.c	-[SCMemoriesSavingSessionParams sessionId]	
108e02b7c	108e02b83	decompiled	chunks/001/functions-000112.c	-[SCMemoriesSavingSessionParams savingToGallerySessionId]	
108e02b84	108e02b8b	decompiled	chunks/001/functions-000112.c	-[SCMemoriesSavingSessionParams captureSessionId]	
108e02b8c	108e02bc7	decompiled	chunks/001/functions-000112.c	-[SCMemoriesSavingSessionParams .cxx_destruct]	
108e02bc8	108e02f1f	decompiled	chunks/001/functions-000112.c	-[SCMemoriesSavingSessionStatus initWithCoder:]	
108e02f20	108e0321b	decompiled	chunks/001/functions-000112.c	-[SCMemoriesSavingSessionStatus initWithSavingToGallerySessionId:savingToCameraRollSessionId:savingSource:snapCount:savingStartTime:isPreviewSave:previewLogParams:hasCameraSaveError:hasGallerySaveError:cameraSaveError:gallerySaveError:isManualSave:hasCameos:galleryType:gallerySnapId:galleryCaptureSessionId:galleryMediaId:galleryEntryId:didSaveToCameraRollSuccess:totalMediaSize:saveToGallery:saveToCameraRoll:saveToDraft:transcodingStartTime:transcodingEndTime:hasTranscodingForPreviewBlob:hasTranscodingForCameraRoll:transcodingError:]	
108e0321c	108e0323f	decompiled	chunks/001/functions-000112.c	-[SCMemoriesSavingSessionStatus copyWithZone:]	
108e03240	108e034a7	decompiled	chunks/001/functions-000112.c	-[SCMemoriesSavingSessionStatus encodeWithCoder:]	
108e034a8	108e03637	decompiled	chunks/001/functions-000112.c	-[SCMemoriesSavingSessionStatus hash]	
108e03638	108e03937	decompiled	chunks/001/functions-000112.c	-[SCMemoriesSavingSessionStatus isEqual:]	
108e03938	108e0393f	decompiled	chunks/001/functions-000112.c	-[SCMemoriesSavingSessionStatus savingToGallerySessionId]	
108e03940	108e03947	decompiled	chunks/001/functions-000112.c	-[SCMemoriesSavingSessionStatus savingToCameraRollSessionId]	
108e03948	108e0394f	decompiled	chunks/001/functions-000112.c	-[SCMemoriesSavingSessionStatus savingSource]	
108e03950	108e03957	decompiled	chunks/001/functions-000112.c	-[SCMemoriesSavingSessionStatus snapCount]	
108e03958	108e0395f	decompiled	chunks/001/functions-000112.c	-[SCMemoriesSavingSessionStatus savingStartTime]	
108e03960	108e03967	decompiled	chunks/001/functions-000112.c	-[SCMemoriesSavingSessionStatus isPreviewSave]	
108e03968	108e0396f	decompiled	chunks/001/functions-000112.c	-[SCMemoriesSavingSessionStatus previewLogParams]	
108e03970	108e03977	decompiled	chunks/001/functions-000112.c	-[SCMemoriesSavingSessionStatus hasCameraSaveError]	
108e03978	108e0397f	decompiled	chunks/001/functions-000112.c	-[SCMemoriesSavingSessionStatus hasGallerySaveError]	
108e03980	108e03987	decompiled	chunks/001/functions-000112.c	-[SCMemoriesSavingSessionStatus cameraSaveError]	
108e03988	108e0398f	decompiled	chunks/001/functions-000112.c	-[SCMemoriesSavingSessionStatus gallerySaveError]	
108e03990	108e03997	decompiled	chunks/001/functions-000112.c	-[SCMemoriesSavingSessionStatus isManualSave]	
108e03998	108e0399f	decompiled	chunks/001/functions-000112.c	-[SCMemoriesSavingSessionStatus hasCameos]	
108e039a0	108e039a7	decompiled	chunks/001/functions-000112.c	-[SCMemoriesSavingSessionStatus galleryType]	
108e039a8	108e039af	decompiled	chunks/001/functions-000112.c	-[SCMemoriesSavingSessionStatus gallerySnapId]	
108e039b0	108e039b7	decompiled	chunks/001/functions-000112.c	-[SCMemoriesSavingSessionStatus galleryCaptureSessionId]	
108e039b8	108e039bf	decompiled	chunks/001/functions-000112.c	-[SCMemoriesSavingSessionStatus galleryMediaId]	
108e039c0	108e039c7	decompiled	chunks/001/functions-000112.c	-[SCMemoriesSavingSessionStatus galleryEntryId]	
108e039c8	108e039cf	decompiled	chunks/001/functions-000112.c	-[SCMemoriesSavingSessionStatus didSaveToCameraRollSuccess]	
108e039d0	108e039d7	decompiled	chunks/001/functions-000112.c	-[SCMemoriesSavingSessionStatus totalMediaSize]	
108e039d8	108e039df	decompiled	chunks/001/functions-000112.c	-[SCMemoriesSavingSessionStatus saveToGallery]	
108e039e0	108e039e7	decompiled	chunks/001/functions-000112.c	-[SCMemoriesSavingSessionStatus saveToCameraRoll]	
108e039e8	108e039ef	decompiled	chunks/001/functions-000112.c	-[SCMemoriesSavingSessionStatus saveToDraft]	
108e039f0	108e039f7	decompiled	chunks/001/functions-000112.c	-[SCMemoriesSavingSessionStatus transcodingStartTime]	
108e039f8	108e039ff	decompiled	chunks/001/functions-000112.c	-[SCMemoriesSavingSessionStatus transcodingEndTime]	
108e03a00	108e03a07	decompiled	chunks/001/functions-000112.c	-[SCMemoriesSavingSessionStatus hasTranscodingForPreviewBlob]	
108e03a08	108e03a0f	decompiled	chunks/001/functions-000112.c	-[SCMemoriesSavingSessionStatus hasTranscodingForCameraRoll]	
108e03a10	108e03a17	decompiled	chunks/001/functions-000112.c	-[SCMemoriesSavingSessionStatus transcodingError]	
108e03a18	108e03aa7	decompiled	chunks/001/functions-000112.c	-[SCMemoriesSavingSessionStatus .cxx_destruct]	
108e03aa8	108e03ac3	decompiled	chunks/001/functions-000112.c	+[SCMemoriesSavingSessionStatusBuilder memoriesSavingSessionStatus]	
108e03ac4	108e040a3	decompiled	chunks/001/functions-000112.c	+[SCMemoriesSavingSessionStatusBuilder memoriesSavingSessionStatusFromExistingMemoriesSavingSessionStatus:]	
108e040a4	108e0415f	decompiled	chunks/001/functions-000112.c	-[SCMemoriesSavingSessionStatusBuilder build]	
108e04160	108e04197	decompiled	chunks/001/functions-000112.c	-[SCMemoriesSavingSessionStatusBuilder withSavingToGallerySessionId:]	
108e04198	108e041cf	decompiled	chunks/001/functions-000112.c	-[SCMemoriesSavingSessionStatusBuilder withSavingToCameraRollSessionId:]	
108e041d0	108e041d7	decompiled	chunks/001/functions-000112.c	-[SCMemoriesSavingSessionStatusBuilder withSavingSource:]	
108e041d8	108e041df	decompiled	chunks/001/functions-000112.c	-[SCMemoriesSavingSessionStatusBuilder withSnapCount:]	
108e041e0	108e041e7	decompiled	chunks/001/functions-000112.c	-[SCMemoriesSavingSessionStatusBuilder withSavingStartTime:]	
108e041e8	108e041ef	decompiled	chunks/001/functions-000112.c	-[SCMemoriesSavingSessionStatusBuilder withIsPreviewSave:]	
108e041f0	108e04227	decompiled	chunks/001/functions-000112.c	-[SCMemoriesSavingSessionStatusBuilder withPreviewLogParams:]	
108e04228	108e0422f	decompiled	chunks/001/functions-000112.c	-[SCMemoriesSavingSessionStatusBuilder withHasCameraSaveError:]	
108e04230	108e04237	decompiled	chunks/001/functions-000112.c	-[SCMemoriesSavingSessionStatusBuilder withHasGallerySaveError:]	
108e04238	108e0426f	decompiled	chunks/001/functions-000112.c	-[SCMemoriesSavingSessionStatusBuilder withCameraSaveError:]	
108e04270	108e042a7	decompiled	chunks/001/functions-000112.c	-[SCMemoriesSavingSessionStatusBuilder withGallerySaveError:]	
108e042a8	108e042af	decompiled	chunks/001/functions-000112.c	-[SCMemoriesSavingSessionStatusBuilder withIsManualSave:]	
108e042b0	108e042b7	decompiled	chunks/001/functions-000112.c	-[SCMemoriesSavingSessionStatusBuilder withHasCameos:]	
108e042b8	108e042bf	decompiled	chunks/001/functions-000112.c	-[SCMemoriesSavingSessionStatusBuilder withGalleryType:]	
108e042c0	108e042f7	decompiled	chunks/001/functions-000112.c	-[SCMemoriesSavingSessionStatusBuilder withGallerySnapId:]	
108e042f8	108e0432f	decompiled	chunks/001/functions-000112.c	-[SCMemoriesSavingSessionStatusBuilder withGalleryCaptureSessionId:]	
108e04330	108e04367	decompiled	chunks/001/functions-000112.c	-[SCMemoriesSavingSessionStatusBuilder withGalleryMediaId:]	
108e04368	108e0439f	decompiled	chunks/001/functions-000112.c	-[SCMemoriesSavingSessionStatusBuilder withGalleryEntryId:]	
108e043a0	108e043a7	decompiled	chunks/001/functions-000112.c	-[SCMemoriesSavingSessionStatusBuilder withDidSaveToCameraRollSuccess:]	
108e043a8	108e043af	decompiled	chunks/001/functions-000112.c	-[SCMemoriesSavingSessionStatusBuilder withTotalMediaSize:]	
108e043b0	108e043b7	decompiled	chunks/001/functions-000112.c	-[SCMemoriesSavingSessionStatusBuilder withSaveToGallery:]	
108e043b8	108e043bf	decompiled	chunks/001/functions-000112.c	-[SCMemoriesSavingSessionStatusBuilder withSaveToCameraRoll:]	
108e043c0	108e043c7	decompiled	chunks/001/functions-000112.c	-[SCMemoriesSavingSessionStatusBuilder withSaveToDraft:]	
108e043c8	108e043cf	decompiled	chunks/001/functions-000112.c	-[SCMemoriesSavingSessionStatusBuilder withTranscodingStartTime:]	
108e043d0	108e043d7	decompiled	chunks/001/functions-000112.c	-[SCMemoriesSavingSessionStatusBuilder withTranscodingEndTime:]	
108e043d8	108e043df	decompiled	chunks/001/functions-000112.c	-[SCMemoriesSavingSessionStatusBuilder withHasTranscodingForPreviewBlob:]	
108e043e0	108e043e7	decompiled	chunks/001/functions-000112.c	-[SCMemoriesSavingSessionStatusBuilder withHasTranscodingForCameraRoll:]	
108e043e8	108e0441f	decompiled	chunks/001/functions-000112.c	-[SCMemoriesSavingSessionStatusBuilder withTranscodingError:]	
108e04420	108e044af	decompiled	chunks/001/functions-000112.c	-[SCMemoriesSavingSessionStatusBuilder .cxx_destruct]	
108e044b0	108e0483b	decompiled	chunks/001/functions-000112.c		
108e0483c	108e04937	decompiled	chunks/001/functions-000112.c		
108e04938	108e0496f	decompiled	chunks/001/functions-000112.c		
108e04970	108e04d9b	decompiled	chunks/001/functions-000112.c		
108e04d9c	108e04deb	decompiled	chunks/001/functions-000112.c		
108e04dec	108e04dff	decompiled	chunks/001/functions-000112.c		
108e04e00	108e04edb	decompiled	chunks/001/functions-000112.c	-[SCAutoCaptionsTextView initWithIsEditable:]	
108e04edc	108e04eff	decompiled	chunks/001/functions-000112.c	+[SCAutoCaptionsTextView editableTextView]	
108e04f00	108e04f23	decompiled	chunks/001/functions-000112.c	+[SCAutoCaptionsTextView uneditableTextView]	
108e04f24	108e04f63	decompiled	chunks/001/functions-000112.c	-[SCAutoCaptionsTextView setText:]	
108e04f64	108e04fab	decompiled	chunks/001/functions-000113.c	-[SCAutoCaptionsTextView setFrame:]	
108e04fac	108e0503f	decompiled	chunks/001/functions-000113.c	-[SCAutoCaptionsTextView sizeThatFits:]	
108e05040	108e05043	decompiled	chunks/001/functions-000113.c	-[SCAutoCaptionsTextView layoutManagerDidInvalidateLayout:]	
108e05044	108e05183	decompiled	chunks/001/functions-000113.c	-[SCAutoCaptionsTextView _redrawLineBackgrounds]	
108e05184	108e0519b	decompiled	chunks/001/functions-000113.c		
108e0519c	108e051ef	decompiled	chunks/001/functions-000113.c		
108e051f0	108e052ff	decompiled	chunks/001/functions-000113.c	-[SCAutoCaptionsTextView _removeLineBackgrounds]	
108e05300	108e0542b	decompiled	chunks/001/functions-000113.c	-[SCAutoCaptionsTextView _addLineBackgrounds:]	
108e0542c	108e0551b	decompiled	chunks/001/functions-000113.c	-[SCAutoCaptionsTextView _backgroundLayerForLineRect:]	
108e0551c	108e05547	decompiled	chunks/001/functions-000113.c	-[SCAutoCaptionsTextView .cxx_destruct]	
108e05548	108e056b7	decompiled	chunks/001/functions-000113.c		
108e056b8	108e057eb	decompiled	chunks/001/functions-000113.c	-[SCPreviewAutoCaptionsView initWithText:]	
108e057ec	108e057fb	decompiled	chunks/001/functions-000113.c	-[SCPreviewAutoCaptionsView text]	
108e057fc	108e05813	decompiled	chunks/001/functions-000113.c	-[SCPreviewAutoCaptionsView isTracking]	
108e05814	108e05843	decompiled	chunks/001/functions-000113.c	-[SCPreviewAutoCaptionsView trajectoryManager]	
108e05844	108e05853	decompiled	chunks/001/functions-000113.c	-[SCPreviewAutoCaptionsView targetTrajectory]	
108e05854	108e058b3	decompiled	chunks/001/functions-000113.c	-[SCPreviewAutoCaptionsView enableTrackingWithManager:]	
108e058b4	108e058eb	decompiled	chunks/001/functions-000113.c	-[SCPreviewAutoCaptionsView disableTracking]	
108e058ec	108e059b3	decompiled	chunks/001/functions-000113.c	-[SCPreviewAutoCaptionsView trajectoryManager:didOutputTransform:shouldAnimate:]	
108e059b4	108e05a1f	decompiled	chunks/001/functions-000113.c		
108e05a20	108e05a83	decompiled	chunks/001/functions-000113.c	+[SCPreviewAutoCaptionsView canContainText:]	
108e05a84	108e05acb	decompiled	chunks/001/functions-000113.c	-[SCPreviewAutoCaptionsView _isRTL]	
108e05acc	108e05b0b	decompiled	chunks/001/functions-000113.c	-[SCPreviewAutoCaptionsView .cxx_destruct]	
108e05b0c	108e05d17	decompiled	chunks/001/functions-000113.c	-[SCGeoFilterImagesFetchRequest initWithGeoFilters:skipLensContent:updateBlock:completeBlock:]	
108e05d18	108e05f0f	decompiled	chunks/001/functions-000113.c	-[SCGeoFilterImagesFetchRequest fetchWithFilterContext:userSession:]	
108e05f10	108e05f43	decompiled	chunks/001/functions-000113.c		
108e05f44	108e06047	decompiled	chunks/001/functions-000113.c	-[SCGeoFilterImagesFetchRequest _getDisplayNameAndfetchImageWithFilterContext:userSession:]	
108e06048	108e060d3	decompiled	chunks/001/functions-000113.c		
108e060d4	108e06203	decompiled	chunks/001/functions-000113.c	-[SCGeoFilterImagesFetchRequest _fetchImageWithFilterContext:userSession:displayName:]	
108e06204	108e0628f	decompiled	chunks/001/functions-000113.c		
108e06290	108e06423	decompiled	chunks/001/functions-000113.c	-[SCGeoFilterImagesFetchRequest _ucoDataFetcherWithContext:completion:]	
108e06424	108e064ab	decompiled	chunks/001/functions-000113.c		
108e064ac	108e06793	decompiled	chunks/001/functions-000113.c	-[SCGeoFilterImagesFetchRequest _fetchImageWithFilterContext:userSession:displayName:ucoDataFetcher:]	
108e06794	108e0691b	decompiled	chunks/001/functions-000113.c		
108e0691c	108e0695b	decompiled	chunks/001/functions-000113.c		
108e0695c	108e0697f	decompiled	chunks/001/functions-000113.c	-[SCGeoFilterImagesFetchRequest cancel]	
108e06980	108e0699b	decompiled	chunks/001/functions-000113.c	-[SCGeoFilterImagesFetchRequest _updateCallbackWithGeoFilterImage:geoFilterAppearanceSetting:]	
108e0699c	108e069ef	decompiled	chunks/001/functions-000113.c	-[SCGeoFilterImagesFetchRequest _completeCallbackWithSucceeded:cancelled:]	
108e069f0	108e06a5b	decompiled	chunks/001/functions-000113.c	-[SCGeoFilterImagesFetchRequest .cxx_destruct]	
108e06a5c	108e06af3	decompiled	chunks/001/functions-000113.c	-[SCGeoFilterImagesFetcher initWithContextData:]	
108e06af4	108e06b07	decompiled	chunks/001/functions-000113.c	-[SCGeoFilterImagesFetcher fetchGeoFilterImagesWithGeoFilters:userSession:updateBlock:completeBlock:]	
108e06b08	108e06bd7	decompiled	chunks/001/functions-000113.c	-[SCGeoFilterImagesFetcher fetchGeoFilterImagesWithGeoFilters:skipLensContent:userSession:updateBlock:completeBlock:]	
108e06bd8	108e06ddb	decompiled	chunks/001/functions-000113.c	-[SCGeoFilterImagesFetcher updateGeoFilter:userSession:updateBlock:]	
108e06ddc	108e06eef	decompiled	chunks/001/functions-000113.c	-[SCGeoFilterImagesFetcher cancel]	
108e06ef0	108e06f2b	decompiled	chunks/001/functions-000113.c	-[SCGeoFilterImagesFetcher .cxx_destruct]	
108e06f2c	108e06fcf	decompiled	chunks/001/functions-000113.c	-[SCUcoMemoriesSpectaclesServices initWithUcoDataFetcher:ucoViewModelGenerator:]	
108e06fd0	108e06fd7	decompiled	chunks/001/functions-000113.c	-[SCUcoMemoriesSpectaclesServices ucoDataFetcher]	
108e06fd8	108e06fdf	decompiled	chunks/001/functions-000113.c	-[SCUcoMemoriesSpectaclesServices ucoViewModelGenerator]	
108e06fe0	108e0708b	decompiled	chunks/001/functions-000113.c	-[SCUcoMemoriesSpectaclesServices .cxx_destruct]	
108e0708c	108e07093	decompiled	chunks/001/functions-000113.c		
108e07094	108e0710f	decompiled	chunks/001/functions-000113.c		
108e07110	108e07117	decompiled	chunks/001/functions-000113.c		
108e07118	108e07193	decompiled	chunks/001/functions-000113.c		
108e07194	108e0719b	decompiled	chunks/001/functions-000113.c		
108e0719c	108e07217	decompiled	chunks/001/functions-000113.c		
108e07218	108e0721f	decompiled	chunks/001/functions-000113.c		
108e07220	108e0729b	decompiled	chunks/001/functions-000113.c		
108e0729c	108e072a3	decompiled	chunks/001/functions-000113.c		
108e072a4	108e0731f	decompiled	chunks/001/functions-000113.c		
108e07320	108e07327	decompiled	chunks/001/functions-000113.c		
108e07328	108e07333	decompiled	chunks/001/functions-000113.c	-[SCBitmojiFriendInfoServices .cxx_destruct]	
108e07334	108e0733b	decompiled	chunks/001/functions-000113.c	-[SCBitmojiUserServices userLinkingServices]	
108e0733c	108e07343	decompiled	chunks/001/functions-000113.c	-[SCBitmojiUserServices userLinkingContentServices]	
108e07344	108e07373	decompiled	chunks/001/functions-000113.c	-[SCBitmojiUserServices .cxx_destruct]	
108e07374	108e0742f	decompiled	chunks/001/functions-000113.c	-[SCCTPCTItemInstance imageWithCTPItemViewService:imageSize:feature:disposableBag:completion:]	
108e07430	108e075cb	decompiled	chunks/001/functions-000113.c	-[SCCTPCTItemInstance imageWithCTPItemViewService:imageSize:feature:presentationModelType:disposableBag:completion:]	
108e075cc	108e07687	decompiled	chunks/001/functions-000113.c		
108e07688	108e077cb	decompiled	chunks/001/functions-000113.c		
108e077cc	108e077e7	decompiled	chunks/001/functions-000113.c		
108e077e8	108e07983	decompiled	chunks/001/functions-000113.c	-[SCCTPCTItemInstance animatedImageWithCTPItemViewService:imageSize:feature:presentationModelType:disposableBag:completion:]	
108e07984	108e07a3f	decompiled	chunks/001/functions-000113.c		
108e07a40	108e07b87	decompiled	chunks/001/functions-000113.c		
108e07b88	108e07ba3	decompiled	chunks/001/functions-000113.c		
108e07ba4	108e07ed7	decompiled	chunks/001/functions-000113.c		
108e07ed8	108e0819b	decompiled	chunks/001/functions-000113.c		
108e0819c	108e081b3	decompiled	chunks/001/functions-000113.c		
108e081b4	108e082a3	decompiled	chunks/001/functions-000113.c		
108e082a4	108e0835f	decompiled	chunks/001/functions-000113.c		
108e08360	108e0863b	decompiled	chunks/001/functions-000113.c		
108e0863c	108e08783	decompiled	chunks/001/functions-000113.c	-[SCUserSession dynamicCaptionFetcher]	
108e08784	108e0878b	decompiled	chunks/001/functions-000113.c		
108e0878c	108e0883b	decompiled	chunks/001/functions-000113.c		
108e0883c	108e089a7	decompiled	chunks/001/functions-000113.c	-[SCCaptionDataProviderAggregatorImpl initWithRemoteDataSource:initWithLocalDataSource:captionFetcher:grapheneLogger:]	
108e089a8	108e08b1f	decompiled	chunks/001/functions-000113.c	-[SCCaptionDataProviderAggregatorImpl _initializeDataSourceObserving]	
108e08b20	108e08baf	decompiled	chunks/001/functions-000113.c		
108e08bb0	108e08c1b	decompiled	chunks/001/functions-000113.c	-[SCCaptionDataProviderAggregatorImpl captionStyleForIndex:]	
108e08c1c	108e08c1f	decompiled	chunks/001/functions-000113.c	-[SCCaptionDataProviderAggregatorImpl loadCaptionStyles]	
108e08c20	108e08c47	decompiled	chunks/001/functions-000113.c	-[SCCaptionDataProviderAggregatorImpl captionFetcher]	
108e08c48	108e08c83	decompiled	chunks/001/functions-000113.c	-[SCCaptionDataProviderAggregatorImpl totalNumberOfStyles]	
108e08c84	108e08df3	decompiled	chunks/001/functions-000113.c	-[SCCaptionDataProviderAggregatorImpl findAvailableCaptionStyleByStyleId:]	
108e08df4	108e08f1f	decompiled	chunks/001/functions-000113.c	-[SCCaptionDataProviderAggregatorImpl indexOfCaptionStyle:]	
108e08f20	108e08f27	decompiled	chunks/001/functions-000113.c	-[SCCaptionDataProviderAggregatorImpl updateRecentsWithCaptionStyle:]	
108e08f28	108e08f63	decompiled	chunks/001/functions-000113.c	-[SCCaptionDataProviderAggregatorImpl allStyles]	
108e08f64	108e08f9f	decompiled	chunks/001/functions-000113.c	-[SCCaptionDataProviderAggregatorImpl allStylesWithoutRecents]	
108e08fa0	108e090af	decompiled	chunks/001/functions-000113.c	-[SCCaptionDataProviderAggregatorImpl _didUpdateFromRemote:]	
108e090b0	108e0917f	decompiled	chunks/001/functions-000113.c	-[SCCaptionDataProviderAggregatorImpl _didUpdateFromLocal:]	
108e09180	108e0939f	decompiled	chunks/001/functions-000113.c	-[SCCaptionDataProviderAggregatorImpl _updateChangeInCaptionStylesWithLocalCaptionStyles:remoteCaptionStyles:]	
108e093a0	108e095b3	decompiled	chunks/001/functions-000113.c	-[SCCaptionDataProviderAggregatorImpl _updateAllStylesWithoutRecentsFromChangeInRemoteCaptionStyles:]	
108e095b4	108e09673	decompiled	chunks/001/functions-000113.c	-[SCCaptionDataProviderAggregatorImpl _addStyleIfPossibleWithStyle:styleIds:availableStyles:]	
108e09674	108e096af	decompiled	chunks/001/functions-000113.c	-[SCCaptionDataProviderAggregatorImpl _allCaptionStyles]	
108e096b0	108e096ef	decompiled	chunks/001/functions-000114.c	-[SCCaptionDataProviderAggregatorImpl _setAllCaptionStyles:]	
108e096f0	108e0972b	decompiled	chunks/001/functions-000114.c	-[SCCaptionDataProviderAggregatorImpl _localCaptionStyles]	
108e0972c	108e0976b	decompiled	chunks/001/functions-000114.c	-[SCCaptionDataProviderAggregatorImpl _setLocalCaptionStyles:]	
108e0976c	108e097a7	decompiled	chunks/001/functions-000114.c	-[SCCaptionDataProviderAggregatorImpl _remoteCaptionStyles]	
108e097a8	108e097f3	decompiled	chunks/001/functions-000114.c	-[SCCaptionDataProviderAggregatorImpl _setRemoteCaptionStyles:]	
108e097f4	108e0982f	decompiled	chunks/001/functions-000114.c	-[SCCaptionDataProviderAggregatorImpl _allCaptionStylesNoRecents]	
108e09830	108e0986f	decompiled	chunks/001/functions-000114.c	-[SCCaptionDataProviderAggregatorImpl _setAllCaptionStylesNoRecents:]	
108e09870	108e09887	decompiled	chunks/001/functions-000114.c	-[SCCaptionDataProviderAggregatorImpl delegate]	
108e09888	108e09893	decompiled	chunks/001/functions-000114.c	-[SCCaptionDataProviderAggregatorImpl setDelegate:]	
108e09894	108e0989f	decompiled	chunks/001/functions-000114.c	-[SCCaptionDataProviderAggregatorImpl allCaptionStylesArray]	
108e098a0	108e098a7	decompiled	chunks/001/functions-000114.c	-[SCCaptionDataProviderAggregatorImpl setAllCaptionStylesArray:]	
108e098a8	108e098b3	decompiled	chunks/001/functions-000114.c	-[SCCaptionDataProviderAggregatorImpl remoteCaptionStylesArray]	
108e098b4	108e098bb	decompiled	chunks/001/functions-000114.c	-[SCCaptionDataProviderAggregatorImpl setRemoteCaptionStylesArray:]	
108e098bc	108e098c7	decompiled	chunks/001/functions-000114.c	-[SCCaptionDataProviderAggregatorImpl localCaptionStylesArray]	
108e098c8	108e098cf	decompiled	chunks/001/functions-000114.c	-[SCCaptionDataProviderAggregatorImpl setLocalCaptionStylesArray:]	
108e098d0	108e098db	decompiled	chunks/001/functions-000114.c	-[SCCaptionDataProviderAggregatorImpl allCaptionStylesNoRecentsArray]	
108e098dc	108e098e3	decompiled	chunks/001/functions-000114.c	-[SCCaptionDataProviderAggregatorImpl setAllCaptionStylesNoRecentsArray:]	
108e098e4	108e0997b	decompiled	chunks/001/functions-000114.c	-[SCCaptionDataProviderAggregatorImpl .cxx_destruct]	
108e0997c	108e09a43	decompiled	chunks/001/functions-000114.c	-[SCCaptionDataProviderCTPDataSource initWithCTPRepositoryServices:grapheneLogger:creativeToolsABProvider:]	
108e09a44	108e09b67	decompiled	chunks/001/functions-000114.c	-[SCCaptionDataProviderCTPDataSource _setupFeedsObserving]	
108e09b68	108e09bd3	decompiled	chunks/001/functions-000114.c		
108e09bd4	108e09c23	decompiled	chunks/001/functions-000114.c	-[SCCaptionDataProviderCTPDataSource captionStyleObservable]	
108e09c24	108e09c83	decompiled	chunks/001/functions-000114.c	-[SCCaptionDataProviderCTPDataSource _parseCTPFeedResponse]	
108e09c84	108e09eef	decompiled	chunks/001/functions-000114.c		
108e09ef0	108e09f7f	decompiled	chunks/001/functions-000114.c		
108e09f80	108e09f93	decompiled	chunks/001/functions-000114.c		
108e09f94	108e0a1af	decompiled	chunks/001/functions-000114.c	-[SCCaptionDataProviderCTPDataSource _convertToDynamicCaptionStyles:]	
108e0a1b0	108e0a1b3	decompiled	chunks/001/functions-000114.c	-[SCCaptionDataProviderCTPDataSource _validateRemoteCaptionStyle:]	
108e0a1b4	108e0a2d3	decompiled	chunks/001/functions-000114.c	-[SCCaptionDataProviderCTPDataSource _logInvalidContentMediaOnCaptionStyle:]	
108e0a2d4	108e0a367	decompiled	chunks/001/functions-000114.c	-[SCCaptionDataProviderCTPDataSource _convertCTPItemToDynamicCaptionStyle:]	
108e0a368	108e0a3d3	decompiled	chunks/001/functions-000114.c	-[SCCaptionDataProviderCTPDataSource .cxx_destruct]	
108e0a3d4	108e0a49b	decompiled	chunks/001/functions-000114.c	-[SCCaptionDataProviderLocalDataSource initWithUserPreferences:creativeToolsABProvider:]	
108e0a49c	108e0a77f	decompiled	chunks/001/functions-000114.c	-[SCCaptionDataProviderLocalDataSource _initializeRecentIdsAndPreloadStylesFromRemoteStyles:]	
108e0a780	108e0a78f	decompiled	chunks/001/functions-000114.c		
108e0a790	108e0aa97	decompiled	chunks/001/functions-000114.c	-[SCCaptionDataProviderLocalDataSource updateRecentsWithCaptionStyle:]	
108e0aa98	108e0aa9b	decompiled	chunks/001/functions-000114.c	-[SCCaptionDataProviderLocalDataSource setupRecentsWithRemoteCaptionStyles:]	
108e0aa9c	108e0aceb	decompiled	chunks/001/functions-000114.c	-[SCCaptionDataProviderLocalDataSource _availableStylesWithRecentStyleIds:]	
108e0acec	108e0ada7	decompiled	chunks/001/functions-000114.c	-[SCCaptionDataProviderLocalDataSource _addStyleIfPossibleWithStyle:styleIds:availableStyles:]	
108e0ada8	108e0adcf	decompiled	chunks/001/functions-000114.c	-[SCCaptionDataProviderLocalDataSource captionStyleObservable]	
108e0add0	108e0ae27	decompiled	chunks/001/functions-000114.c	-[SCCaptionDataProviderLocalDataSource _saveRecentStyleIds:]	
108e0ae28	108e0ae9f	decompiled	chunks/001/functions-000114.c	-[SCCaptionDataProviderLocalDataSource recentStyleIds]	
108e0aea0	108e0b0cb	decompiled	chunks/001/functions-000114.c	-[SCCaptionDataProviderLocalDataSource _availableStylesWithRecentStyles:]	
108e0b0cc	108e0b0cf	decompiled	chunks/001/functions-000114.c	-[SCCaptionDataProviderLocalDataSource predefinedStyles]	
108e0b0d0	108e0b117	decompiled	chunks/001/functions-000114.c	-[SCCaptionDataProviderLocalDataSource .cxx_destruct]	
108e0b118	108e0b1d7	decompiled	chunks/001/functions-000114.c		
108e0b1d8	108e0b3a3	decompiled	chunks/001/functions-000114.c		
108e0b3a4	108e0b41f	decompiled	chunks/001/functions-000114.c	-[SCCaptionDataProviderServicesEntryPoint .cxx_destruct]	
108e0b420	108e0b5a7	decompiled	chunks/001/functions-000114.c	-[SCDynamicCaptionFetcherImpl initWithGrapheneLogger:]	
108e0b5a8	108e0b79f	decompiled	chunks/001/functions-000114.c	-[SCDynamicCaptionFetcherImpl prepareCaptionStyle:completionBlock:]	
108e0b7a0	108e0b7ef	decompiled	chunks/001/functions-000114.c		
108e0b7f0	108e0bb7b	decompiled	chunks/001/functions-000114.c	-[SCDynamicCaptionFetcherImpl _prepareCaptionStyle:startTime:completionBlock:]	
108e0bb7c	108e0bb8b	decompiled	chunks/001/functions-000114.c		
108e0bb8c	108e0bbc3	decompiled	chunks/001/functions-000114.c		
108e0bbc4	108e0bdef	decompiled	chunks/001/functions-000114.c	-[SCDynamicCaptionFetcherImpl _handlePreparedCaptionStyle:startTime:completionBlock:]	
108e0bdf0	108e0bedf	decompiled	chunks/001/functions-000114.c	-[SCDynamicCaptionFetcherImpl _prepareImageAssets:collectorBlock:]	
108e0bee0	108e0bef3	decompiled	chunks/001/functions-000114.c		
108e0bef4	108e0c0f3	decompiled	chunks/001/functions-000114.c	-[SCDynamicCaptionFetcherImpl _registerFont:collectorBlock:]	
108e0c0f4	108e0c37f	decompiled	chunks/001/functions-000114.c		
108e0c380	108e0c3ef	decompiled	chunks/001/functions-000114.c	-[SCDynamicCaptionFetcherImpl _fontInstalled:]	
108e0c3f0	108e0c413	decompiled	chunks/001/functions-000114.c	-[SCDynamicCaptionFetcherImpl _cacheFontFile:forKey:]	
108e0c414	108e0c553	decompiled	chunks/001/functions-000114.c	-[SCDynamicCaptionFetcherImpl fetchAssetFromURLString:completionBlock:]	
108e0c554	108e0c8bb	decompiled	chunks/001/functions-000114.c		
108e0c8bc	108e0c8d7	decompiled	chunks/001/functions-000114.c		
108e0c8d8	108e0c967	decompiled	chunks/001/functions-000114.c		
108e0c968	108e0cb3f	decompiled	chunks/001/functions-000114.c	-[SCDynamicCaptionFetcherImpl loadDependencyOfCaptionStyles:completeBlock:]	
108e0cb40	108e0cb8f	decompiled	chunks/001/functions-000114.c		
108e0cb90	108e0cbcb	decompiled	chunks/001/functions-000114.c	-[SCDynamicCaptionFetcherImpl clearCache]	
108e0cbcc	108e0cbd3	decompiled	chunks/001/functions-000114.c	-[SCDynamicCaptionFetcherImpl isFontCachedForURL:]	
108e0cbd4	108e0cc23	decompiled	chunks/001/functions-000114.c	-[SCDynamicCaptionFetcherImpl maxLoadingDurationWithGrapheneLogging]	
108e0cc24	108e0cc27	decompiled	chunks/001/functions-000114.c	-[SCDynamicCaptionFetcherImpl captionResourceFromURL:resourceBlock:]	
108e0cc28	108e0cc87	decompiled	chunks/001/functions-000114.c	-[SCDynamicCaptionFetcherImpl .cxx_destruct]	
108e0cc88	108e0cc93	decompiled	chunks/001/functions-000114.c	-[SCCaptionDataProviderServices .cxx_destruct]	
108e0cc94	108e0cdc7	decompiled	chunks/001/functions-000114.c		
108e0cdc8	108e0cdd7	decompiled	chunks/001/functions-000114.c		
108e0cdd8	108e0cf9f	decompiled	chunks/001/functions-000114.c		
108e0cfa0	108e0cfa7	decompiled	chunks/001/functions-000114.c		
108e0cfa8	108e0d07b	decompiled	chunks/001/functions-000114.c		
108e0d07c	108e0d1c3	decompiled	chunks/001/functions-000114.c		
108e0d1c4	108e0d1d3	decompiled	chunks/001/functions-000114.c		
108e0d1d4	108e0dda3	decompiled	chunks/001/functions-000114.c		
108e0dda4	108e0e67b	decompiled	chunks/001/functions-000114.c		
108e0e67c	108e0e79f	decompiled	chunks/001/functions-000114.c		
108e0e7a0	108e0e7ef	decompiled	chunks/001/functions-000114.c		
108e0e7f0	108e0fb33	decompiled	chunks/001/functions-000114.c		
108e0fb34	108e0ff77	decompiled	chunks/001/functions-000114.c		
108e0ff78	108e105f3	decompiled	chunks/001/functions-000114.c		
108e105f4	108e10697	decompiled	chunks/001/functions-000114.c		
108e10698	108e10857	decompiled	chunks/001/functions-000114.c		
108e10858	108e1090f	decompiled	chunks/001/functions-000114.c		
108e10910	108e109e7	decompiled	chunks/001/functions-000114.c		
108e109e8	108e10b1b	decompiled	chunks/001/functions-000114.c		
108e10b1c	108e10c17	decompiled	chunks/001/functions-000114.c		
108e10c18	108e10c87	decompiled	chunks/001/functions-000114.c	-[SCCaptionBigTextPlusView setKillSwitchProvider:]	
108e10c88	108e10fd3	decompiled	chunks/001/functions-000114.c	-[SCCaptionBigTextPlusView initWithState:editingDelegate:isLagunaMedia:shouldEnableUserTagging:initialTransform:originalContentBounds:captionCarouselContainerView:superviewBounds:superviewContentBounds:superviewEdgeInsets:useFirstNameForTagging:]	
108e10fd4	108e11137	decompiled	chunks/001/functions-000114.c	-[SCCaptionBigTextPlusView initWithState:editingDelegate:resourceDelegate:isLagunaMedia:shouldEnableUserTagging:initialTransform:originalContentBounds:captionCarouselContainerView:superviewBounds:superviewContentBounds:superviewEdgeInsets:useFirstNameForTagging:shouldKeepStyles:]	
108e11138	108e1128b	decompiled	chunks/001/functions-000114.c	-[SCCaptionBigTextPlusView initWithState:editingDelegate:backgroundImage:isLagunaMedia:shouldEnableUserTagging:initialTransform:originalContentBounds:captionCarouselContainerView:superviewBounds:superviewContentBounds:superviewEdgeInsets:useFirstNameForTagging:shouldKeepStyles:]	
108e1128c	108e1130f	decompiled	chunks/001/functions-000114.c	-[SCCaptionBigTextPlusView setEditing:]	
108e11310	108e11317	decompiled	chunks/001/functions-000114.c	-[SCCaptionBigTextPlusView alignment]	
108e11318	108e113d7	decompiled	chunks/001/functions-000114.c	-[SCCaptionBigTextPlusView setAlignment:]	
108e113d8	108e113e3	decompiled	chunks/001/functions-000114.c		
108e113e4	108e113e7	decompiled	chunks/001/functions-000115.c	-[SCCaptionBigTextPlusView editingTextView]	
108e113e8	108e12413	decompiled	chunks/001/functions-000115.c	-[SCCaptionBigTextPlusView initializeViewsWithState:backgroundImage:shouldKeepStyles:]	
108e12414	108e124db	decompiled	chunks/001/functions-000115.c	-[SCCaptionBigTextPlusView alignCaption:]	
108e124dc	108e124e7	decompiled	chunks/001/functions-000115.c		
108e124e8	108e124ef	decompiled	chunks/001/functions-000115.c	-[SCCaptionBigTextPlusView _initializeLastRotation]	
108e124f0	108e1266b	decompiled	chunks/001/functions-000115.c	-[SCCaptionBigTextPlusView _initializeLastLocations:]	
108e1266c	108e126c7	decompiled	chunks/001/functions-000115.c	-[SCCaptionBigTextPlusView updateAnchor:rotation:scale:]	
108e126c8	108e1270b	decompiled	chunks/001/functions-000115.c	-[SCCaptionBigTextPlusView dealloc]	
108e1270c	108e127df	decompiled	chunks/001/functions-000115.c	-[SCCaptionBigTextPlusView tearDownAndRemoveFromSuperview]	
108e127e0	108e127e7	decompiled	chunks/001/functions-000115.c		
108e127e8	108e12803	decompiled	chunks/001/functions-000115.c	-[SCCaptionBigTextPlusView clearText]	
108e12804	108e12807	decompiled	chunks/001/functions-000115.c	-[SCCaptionBigTextPlusView view]	
108e12808	108e1286b	decompiled	chunks/001/functions-000115.c	-[SCCaptionBigTextPlusView _configureTextViewBasedOnEditMode]	
108e1286c	108e12afb	decompiled	chunks/001/functions-000115.c	-[SCCaptionBigTextPlusView _setTopAlphaGradientEnabled:]	
108e12afc	108e12b3b	decompiled	chunks/001/functions-000115.c	-[SCCaptionBigTextPlusView _resetFontSizeAndUpdatePosition]	
108e12b3c	108e12b93	decompiled	chunks/001/functions-000115.c	-[SCCaptionBigTextPlusView addObservers]	
108e12b94	108e12be3	decompiled	chunks/001/functions-000115.c	-[SCCaptionBigTextPlusView removeObservers]	
108e12be4	108e12d1f	decompiled	chunks/001/functions-000115.c	-[SCCaptionBigTextPlusView inputKeyboardWillChangeFrame:]	
108e12d20	108e12d27	decompiled	chunks/001/functions-000115.c		
108e12d28	108e12d63	decompiled	chunks/001/functions-000115.c	-[SCCaptionBigTextPlusView isHidden]	
108e12d64	108e12d67	decompiled	chunks/001/functions-000115.c	-[SCCaptionBigTextPlusView isEditing]	
108e12d68	108e12dab	decompiled	chunks/001/functions-000115.c	-[SCCaptionBigTextPlusView text]	
108e12dac	108e12dd3	decompiled	chunks/001/functions-000115.c	-[SCCaptionBigTextPlusView captionStyle]	
108e12dd4	108e12dfb	decompiled	chunks/001/functions-000115.c	-[SCCaptionBigTextPlusView pickedColor]	
108e12dfc	108e1304f	decompiled	chunks/001/functions-000115.c	-[SCCaptionBigTextPlusView searchableNameForFriendFiltering]	
108e13050	108e13097	decompiled	chunks/001/functions-000115.c	-[SCCaptionBigTextPlusView usernamesForTagging]	
108e13098	108e130df	decompiled	chunks/001/functions-000115.c	-[SCCaptionBigTextPlusView topicsInCaption]	
108e130e0	108e130e7	decompiled	chunks/001/functions-000115.c	-[SCCaptionBigTextPlusView setCaptionExitSource:]	
108e130e8	108e130ef	decompiled	chunks/001/functions-000115.c	-[SCCaptionBigTextPlusView captionExitSource]	
108e130f0	108e13107	decompiled	chunks/001/functions-000115.c	-[SCCaptionBigTextPlusView taggedUsers]	
108e13108	108e131db	decompiled	chunks/001/functions-000115.c	-[SCCaptionBigTextPlusView addTaggedUser:]	
108e131dc	108e13273	decompiled	chunks/001/functions-000115.c		
108e13274	108e1338f	decompiled	chunks/001/functions-000115.c	-[SCCaptionBigTextPlusView addTaggedUsers:]	
108e13390	108e133d3	decompiled	chunks/001/functions-000115.c	-[SCCaptionBigTextPlusView hasTaggedUsers]	
108e133d4	108e13403	decompiled	chunks/001/functions-000115.c	-[SCCaptionBigTextPlusView setTopics:]	
108e13404	108e13447	decompiled	chunks/001/functions-000115.c	-[SCCaptionBigTextPlusView attributedText]	
108e13448	108e1344b	decompiled	chunks/001/functions-000115.c	-[SCCaptionBigTextPlusView isFullscreen]	
108e1344c	108e134db	decompiled	chunks/001/functions-000115.c	-[SCCaptionBigTextPlusView captionPresent]	
108e134dc	108e13503	decompiled	chunks/001/functions-000115.c	-[SCCaptionBigTextPlusView textContainerView]	
108e13504	108e1354f	decompiled	chunks/001/functions-000115.c	-[SCCaptionBigTextPlusView textSize]	
108e13550	108e135e7	decompiled	chunks/001/functions-000115.c	-[SCCaptionBigTextPlusView stopTagging]	
108e135e8	108e13637	decompiled	chunks/001/functions-000115.c	-[SCCaptionBigTextPlusView _getCombinedTaggedItemsDictionary]	
108e13638	108e13713	decompiled	chunks/001/functions-000115.c	-[SCCaptionBigTextPlusView _removeTagFromCaptionIfNeededForText:range:]	
108e13714	108e13a17	decompiled	chunks/001/functions-000115.c	-[SCCaptionBigTextPlusView _replaceTextWithFormattedTag:updateDictionaryHandler:]	
108e13a18	108e13ab3	decompiled	chunks/001/functions-000115.c		
108e13ab4	108e13b33	decompiled	chunks/001/functions-000115.c	-[SCCaptionBigTextPlusView setUserInteractionEnabled:]	
108e13b34	108e13b6b	decompiled	chunks/001/functions-000115.c	-[SCCaptionBigTextPlusView setHidden:]	
108e13b6c	108e13c2b	decompiled	chunks/001/functions-000115.c	-[SCCaptionBigTextPlusView setTextFromTagging:]	
108e13c2c	108e13d1b	decompiled	chunks/001/functions-000115.c	-[SCCaptionBigTextPlusView setPromptText:]	
108e13d1c	108e13e27	decompiled	chunks/001/functions-000115.c	-[SCCaptionBigTextPlusView setText:]	
108e13e28	108e13ea7	decompiled	chunks/001/functions-000115.c		
108e13ea8	108e13eb3	decompiled	chunks/001/functions-000115.c		
108e13eb4	108e13f53	decompiled	chunks/001/functions-000115.c	-[SCCaptionBigTextPlusView setCaptionStyle:appliedStyle:]	
108e13f54	108e13fbb	decompiled	chunks/001/functions-000115.c	-[SCCaptionBigTextPlusView _applyCaptionStyleUpdates]	
108e13fbc	108e1403f	decompiled	chunks/001/functions-000115.c	-[SCCaptionBigTextPlusView _changeFontSizeBasedOnScale]	
108e14040	108e14097	decompiled	chunks/001/functions-000115.c	-[SCCaptionBigTextPlusView _changeScaleBasedOnFontSize]	
108e14098	108e140bb	decompiled	chunks/001/functions-000115.c	-[SCCaptionBigTextPlusView _maxTextWidth]	
108e140bc	108e140ef	decompiled	chunks/001/functions-000115.c	-[SCCaptionBigTextPlusView _contentWidth]	
108e140f0	108e141e7	decompiled	chunks/001/functions-000115.c	-[SCCaptionBigTextPlusView _centerFromAnchorPoint:]	
108e141e8	108e14257	decompiled	chunks/001/functions-000115.c	-[SCCaptionBigTextPlusView _anchorFromCenterPoint:]	
108e14258	108e14303	decompiled	chunks/001/functions-000115.c	-[SCCaptionBigTextPlusView _anchorFromCenterPoint:textWidth:]	
108e14304	108e1433f	decompiled	chunks/001/functions-000115.c	-[SCCaptionBigTextPlusView _verticalCoordinate]	
108e14340	108e145a7	decompiled	chunks/001/functions-000115.c	-[SCCaptionBigTextPlusView textViewDidChange:]	
108e145a8	108e14957	decompiled	chunks/001/functions-000115.c	-[SCCaptionBigTextPlusView textView:shouldChangeTextInRange:replacementText:]	
108e14958	108e14a8f	decompiled	chunks/001/functions-000115.c		
108e14a90	108e14aeb	decompiled	chunks/001/functions-000115.c		
108e14aec	108e14b43	decompiled	chunks/001/functions-000115.c	-[SCCaptionBigTextPlusView textViewDidBeginEditing:]	
108e14b44	108e14d2f	decompiled	chunks/001/functions-000115.c	-[SCCaptionBigTextPlusView textViewDidChangeSelection:]	
108e14d30	108e14dc7	decompiled	chunks/001/functions-000115.c	-[SCCaptionBigTextPlusView textPasteConfigurationSupporting:transformPasteItem:]	
108e14dc8	108e14ed7	decompiled	chunks/001/functions-000115.c		
108e14ed8	108e14f2b	decompiled	chunks/001/functions-000115.c	-[SCCaptionBigTextPlusView startEditingAnimated:]	
108e14f2c	108e14fa3	decompiled	chunks/001/functions-000115.c	-[SCCaptionBigTextPlusView stopEditingAnimated:]	
108e14fa4	108e1501b	decompiled	chunks/001/functions-000115.c	-[SCCaptionBigTextPlusView _prepareToStartEditing]	
108e1501c	108e1512f	decompiled	chunks/001/functions-000115.c	-[SCCaptionBigTextPlusView _didStartEditingAnimated:]	
108e15130	108e15147	decompiled	chunks/001/functions-000115.c		
108e15148	108e15187	decompiled	chunks/001/functions-000115.c		
108e15188	108e151d3	decompiled	chunks/001/functions-000115.c	-[SCCaptionBigTextPlusView _prepareToStopEditing]	
108e151d4	108e1533f	decompiled	chunks/001/functions-000115.c	-[SCCaptionBigTextPlusView _didStopEditingAnimated:]	
108e15340	108e1534b	decompiled	chunks/001/functions-000115.c		
108e1534c	108e153b7	decompiled	chunks/001/functions-000115.c		
108e153b8	108e1552f	decompiled	chunks/001/functions-000115.c	-[SCCaptionBigTextPlusView tap:]	
108e15530	108e155d3	decompiled	chunks/001/functions-000115.c	-[SCCaptionBigTextPlusView pan:]	
108e155d4	108e1582b	decompiled	chunks/001/functions-000115.c	-[SCCaptionBigTextPlusView pinch:]	
108e1582c	108e158bf	decompiled	chunks/001/functions-000115.c	-[SCCaptionBigTextPlusView rotation:]	
108e158c0	108e15acf	decompiled	chunks/001/functions-000115.c	-[SCCaptionBigTextPlusView textFrameContainsGesture:]	
108e15ad0	108e15ad3	decompiled	chunks/001/functions-000115.c	-[SCCaptionBigTextPlusView resizeForEditing]	
108e15ad4	108e15ae7	decompiled	chunks/001/functions-000115.c	-[SCCaptionBigTextPlusView _resize]	
108e15ae8	108e15bf7	decompiled	chunks/001/functions-000115.c	-[SCCaptionBigTextPlusView _textOrigin]	
108e15bf8	108e15c73	decompiled	chunks/001/functions-000115.c	-[SCCaptionBigTextPlusView _setTextOrigin:]	
108e15c74	108e15cbb	decompiled	chunks/001/functions-000115.c		
108e15cbc	108e15dd7	decompiled	chunks/001/functions-000115.c	-[SCCaptionBigTextPlusView _adjustTextContainerInsetsRetainingOrigin:]	
108e15dd8	108e15df7	decompiled	chunks/001/functions-000115.c		
108e15df8	108e165e3	decompiled	chunks/001/functions-000115.c	-[SCCaptionBigTextPlusView _resizeWithScreenWidthInEditingMode:updateLastLocation:shouldChangeFont:didTextViewChange:]	
108e165e4	108e1663f	decompiled	chunks/001/functions-000115.c		
108e16640	108e16727	decompiled	chunks/001/functions-000115.c		
108e16728	108e169a3	decompiled	chunks/001/functions-000115.c	-[SCCaptionBigTextPlusView _setTextContainerViewBoundsAndTextScrollViewFrameWithSize:]	
108e169a4	108e16a7f	decompiled	chunks/001/functions-000115.c	-[SCCaptionBigTextPlusView _getFontWithAppliedStyle:fontSize:]	
108e16a80	108e16cf7	decompiled	chunks/001/functions-000115.c	-[SCCaptionBigTextPlusView _updateEditModeFrameLoc]	
108e16cf8	108e16e17	decompiled	chunks/001/functions-000115.c	-[SCCaptionBigTextPlusView _updateCaptionStyleCarouselViewFrame]	
108e16e18	108e16e93	decompiled	chunks/001/functions-000115.c	-[SCCaptionBigTextPlusView _notifyEditingLayoutDidUpdate]	
108e16e94	108e1710b	decompiled	chunks/001/functions-000116.c	-[SCCaptionBigTextPlusView _findRightFontSize:]	
108e1710c	108e171b7	decompiled	chunks/001/functions-000116.c	-[SCCaptionBigTextPlusView viewDidLayoutSubviewsWithSuperviewBounds:superviewContentBounds:superviewEdgeInsets:]	
108e171b8	108e17237	decompiled	chunks/001/functions-000116.c	-[SCCaptionBigTextPlusView colorChanged:]	
108e17238	108e1723f	decompiled	chunks/001/functions-000116.c	-[SCCaptionBigTextPlusView isPinningSupported]	
108e17240	108e17247	decompiled	chunks/001/functions-000116.c	-[SCCaptionBigTextPlusView gestureRecognizer:shouldRecognizeSimultaneouslyWithGestureRecognizer:]	
108e17248	108e17297	decompiled	chunks/001/functions-000116.c	-[SCCaptionBigTextPlusView gestureRecognizer:shouldRequireFailureOfGestureRecognizer:]	
108e17298	108e1751b	decompiled	chunks/001/functions-000116.c	-[SCCaptionBigTextPlusView _adjustAnimationsSpeedForView:withSpeed:]	
108e1751c	108e176d3	decompiled	chunks/001/functions-000116.c	-[SCCaptionBigTextPlusView _adjustKeyboardAnimationSpeed:]	
108e176d4	108e176df	decompiled	chunks/001/functions-000116.c	-[SCCaptionBigTextPlusView setCaptionDismissedPollsSuggestion]	
108e176e0	108e176e7	decompiled	chunks/001/functions-000116.c	-[SCCaptionBigTextPlusView setCaptionStylePreference:]	
108e176e8	108e17d63	decompiled	chunks/001/functions-000116.c	-[SCCaptionBigTextPlusView _updateCaptionStyleColor:]	
108e17d64	108e17e67	decompiled	chunks/001/functions-000116.c		
108e17e68	108e17ea7	decompiled	chunks/001/functions-000116.c	-[SCCaptionBigTextPlusView _updateCaptionStyle]	
108e17ea8	108e17f23	decompiled	chunks/001/functions-000116.c	-[SCCaptionBigTextPlusView _needUpdateColor]	
108e17f24	108e17fe3	decompiled	chunks/001/functions-000116.c	-[SCCaptionBigTextPlusView _setTextTransform]	
108e17fe4	108e1828b	decompiled	chunks/001/functions-000116.c		
108e1828c	108e1838f	decompiled	chunks/001/functions-000116.c	-[SCCaptionBigTextPlusView _setTextBackground]	
108e18390	108e1858f	decompiled	chunks/001/functions-000116.c	-[SCCaptionBigTextPlusView _setFontBorderWithTextIsEditing:]	
108e18590	108e185db	decompiled	chunks/001/functions-000116.c		
108e185dc	108e1865b	decompiled	chunks/001/functions-000116.c		
108e1865c	108e18937	decompiled	chunks/001/functions-000116.c	-[SCCaptionBigTextPlusView _setShadows]	
108e18938	108e18a8b	decompiled	chunks/001/functions-000116.c	-[SCCaptionBigTextPlusView _removeAllShadows]	
108e18a8c	108e18cb7	decompiled	chunks/001/functions-000116.c	-[SCCaptionBigTextPlusView _createTextView]	
108e18cb8	108e18cff	decompiled	chunks/001/functions-000116.c		
108e18d00	108e18e9f	decompiled	chunks/001/functions-000116.c	-[SCCaptionBigTextPlusView _manipulateCaptionTextViewsWithActionBlock:]	
108e18ea0	108e1902f	decompiled	chunks/001/functions-000116.c	-[SCCaptionBigTextPlusView _setFontColor]	
108e19030	108e190f7	decompiled	chunks/001/functions-000116.c	-[SCCaptionBigTextPlusView _shouldShowCaptionStyleOptions]	
108e190f8	108e192af	decompiled	chunks/001/functions-000116.c	-[SCCaptionBigTextPlusView _patternImageForGradientColors:colorStops:colorGradientAngleDegree:]	
108e192b0	108e19303	decompiled	chunks/001/functions-000116.c	-[SCCaptionBigTextPlusView removePromptTextIfNecessary]	
108e19304	108e19437	decompiled	chunks/001/functions-000116.c	-[SCCaptionBigTextPlusView shareLoggingParameters]	
108e19438	108e198ff	decompiled	chunks/001/functions-000116.c	-[SCCaptionBigTextPlusView state]	
108e19900	108e19927	decompiled	chunks/001/functions-000116.c	-[SCCaptionBigTextPlusView alignableTouchControlView]	
108e19928	108e199ff	decompiled	chunks/001/functions-000116.c	-[SCCaptionBigTextPlusView alignableContentRect]	
108e19a00	108e19b8f	decompiled	chunks/001/functions-000116.c	-[SCCaptionBigTextPlusView shouldProcessGesture:]	
108e19b90	108e19c63	decompiled	chunks/001/functions-000116.c	-[SCCaptionBigTextPlusView updateAnchorState:withGestureRecognizer:]	
108e19c64	108e19ca3	decompiled	chunks/001/functions-000116.c	-[SCCaptionBigTextPlusView deletableView]	
108e19ca4	108e19ccb	decompiled	chunks/001/functions-000116.c	-[SCCaptionBigTextPlusView trackableView]	
108e19ccc	108e19cd3	decompiled	chunks/001/functions-000116.c	-[SCCaptionBigTextPlusView isTracking]	
108e19cd4	108e19d17	decompiled	chunks/001/functions-000116.c	-[SCCaptionBigTextPlusView isTimed]	
108e19d18	108e19d73	decompiled	chunks/001/functions-000116.c	-[SCCaptionBigTextPlusView trackingTrajectoryState]	
108e19d74	108e19df7	decompiled	chunks/001/functions-000116.c	-[SCCaptionBigTextPlusView durationEnabledState]	
108e19df8	108e19dff	decompiled	chunks/001/functions-000116.c	-[SCCaptionBigTextPlusView durationEnabledToolType]	
108e19e00	108e19e07	decompiled	chunks/001/functions-000116.c	-[SCCaptionBigTextPlusView isSelfResizing]	
108e19e08	108e19e0f	decompiled	chunks/001/functions-000116.c	-[SCCaptionBigTextPlusView uniqueId]	
108e19e10	108e19e17	decompiled	chunks/001/functions-000116.c	-[SCCaptionBigTextPlusView setUniqueId:]	
108e19e18	108e19e1f	decompiled	chunks/001/functions-000116.c	-[SCCaptionBigTextPlusView playbackLayerId]	
108e19e20	108e19e27	decompiled	chunks/001/functions-000116.c	-[SCCaptionBigTextPlusView setPlaybackLayerId:]	
108e19e28	108e19e2f	decompiled	chunks/001/functions-000116.c	-[SCCaptionBigTextPlusView userTaggingStartIndex]	
108e19e30	108e19e37	decompiled	chunks/001/functions-000116.c	-[SCCaptionBigTextPlusView setUserTaggingStartIndex:]	
108e19e38	108e19e3f	decompiled	chunks/001/functions-000116.c	-[SCCaptionBigTextPlusView editCapabilities]	
108e19e40	108e19e47	decompiled	chunks/001/functions-000116.c	-[SCCaptionBigTextPlusView setEditCapabilities:]	
108e19e48	108e19e4f	decompiled	chunks/001/functions-000116.c	-[SCCaptionBigTextPlusView generatedMagicCaptionText]	
108e19e50	108e19e57	decompiled	chunks/001/functions-000116.c	-[SCCaptionBigTextPlusView setGeneratedMagicCaptionText:]	
108e19e58	108e19e5f	decompiled	chunks/001/functions-000116.c	-[SCCaptionBigTextPlusView hasPromptText]	
108e19e60	108e19e77	decompiled	chunks/001/functions-000116.c	-[SCCaptionBigTextPlusView killSwitchProvider]	
108e19e78	108e19e83	decompiled	chunks/001/functions-000116.c	-[SCCaptionBigTextPlusView superviewBounds]	
108e19e84	108e19e8f	decompiled	chunks/001/functions-000116.c	-[SCCaptionBigTextPlusView setSuperviewBounds:]	
108e19e90	108e19e9b	decompiled	chunks/001/functions-000116.c	-[SCCaptionBigTextPlusView superviewContentBounds]	
108e19e9c	108e19ea7	decompiled	chunks/001/functions-000116.c	-[SCCaptionBigTextPlusView setSuperviewContentBounds:]	
108e19ea8	108e19eaf	decompiled	chunks/001/functions-000116.c	-[SCCaptionBigTextPlusView containerView]	
108e19eb0	108e19edf	decompiled	chunks/001/functions-000116.c	-[SCCaptionBigTextPlusView setContainerView:]	
108e19ee0	108e19f0f	decompiled	chunks/001/functions-000116.c	-[SCCaptionBigTextPlusView setTextContainerView:]	
108e19f10	108e19f17	decompiled	chunks/001/functions-000116.c	-[SCCaptionBigTextPlusView captionCarouselContainerView]	
108e19f18	108e19f47	decompiled	chunks/001/functions-000116.c	-[SCCaptionBigTextPlusView setCaptionCarouselContainerView:]	
108e19f48	108e19f4f	decompiled	chunks/001/functions-000116.c	-[SCCaptionBigTextPlusView textScrollView]	
108e19f50	108e19f7f	decompiled	chunks/001/functions-000116.c	-[SCCaptionBigTextPlusView setTextScrollView:]	
108e19f80	108e19f87	decompiled	chunks/001/functions-000116.c	-[SCCaptionBigTextPlusView textView]	
108e19f88	108e19fb7	decompiled	chunks/001/functions-000116.c	-[SCCaptionBigTextPlusView setTextView:]	
108e19fb8	108e19fbf	decompiled	chunks/001/functions-000116.c	-[SCCaptionBigTextPlusView editing]	
108e19fc0	108e19fc7	decompiled	chunks/001/functions-000116.c	-[SCCaptionBigTextPlusView lastTranslationX]	
108e19fc8	108e19fcf	decompiled	chunks/001/functions-000116.c	-[SCCaptionBigTextPlusView setLastTranslationX:]	
108e19fd0	108e19fd7	decompiled	chunks/001/functions-000116.c	-[SCCaptionBigTextPlusView lastTranslationY]	
108e19fd8	108e19fdf	decompiled	chunks/001/functions-000116.c	-[SCCaptionBigTextPlusView setLastTranslationY:]	
108e19fe0	108e19fe7	decompiled	chunks/001/functions-000116.c	-[SCCaptionBigTextPlusView lastRotation]	
108e19fe8	108e19fef	decompiled	chunks/001/functions-000116.c	-[SCCaptionBigTextPlusView setLastRotation:]	
108e19ff0	108e19ff7	decompiled	chunks/001/functions-000116.c	-[SCCaptionBigTextPlusView lastScale]	
108e19ff8	108e19fff	decompiled	chunks/001/functions-000116.c	-[SCCaptionBigTextPlusView setLastScale:]	
108e1a000	108e1a007	decompiled	chunks/001/functions-000116.c	-[SCCaptionBigTextPlusView lastEditingScale]	
108e1a008	108e1a00f	decompiled	chunks/001/functions-000116.c	-[SCCaptionBigTextPlusView setLastEditingScale:]	
108e1a010	108e1a017	decompiled	chunks/001/functions-000116.c	-[SCCaptionBigTextPlusView lastPreviewScale]	
108e1a018	108e1a01f	decompiled	chunks/001/functions-000116.c	-[SCCaptionBigTextPlusView setLastPreviewScale:]	
108e1a020	108e1a027	decompiled	chunks/001/functions-000116.c	-[SCCaptionBigTextPlusView fontSize]	
108e1a028	108e1a02f	decompiled	chunks/001/functions-000116.c	-[SCCaptionBigTextPlusView setFontSize:]	
108e1a030	108e1a037	decompiled	chunks/001/functions-000116.c	-[SCCaptionBigTextPlusView editingFontSize]	
108e1a038	108e1a03f	decompiled	chunks/001/functions-000116.c	-[SCCaptionBigTextPlusView setEditingFontSize:]	
108e1a040	108e1a047	decompiled	chunks/001/functions-000116.c	-[SCCaptionBigTextPlusView fontSizeMultiplier]	
108e1a048	108e1a04f	decompiled	chunks/001/functions-000116.c	-[SCCaptionBigTextPlusView setFontSizeMultiplier:]	
108e1a050	108e1a057	decompiled	chunks/001/functions-000116.c	-[SCCaptionBigTextPlusView keyboardHeight]	
108e1a058	108e1a05f	decompiled	chunks/001/functions-000116.c	-[SCCaptionBigTextPlusView setKeyboardHeight:]	
108e1a060	108e1a067	decompiled	chunks/001/functions-000116.c	-[SCCaptionBigTextPlusView lineFragmentPadding]	
108e1a068	108e1a06f	decompiled	chunks/001/functions-000116.c	-[SCCaptionBigTextPlusView setLineFragmentPadding:]	
108e1a070	108e1a077	decompiled	chunks/001/functions-000116.c	-[SCCaptionBigTextPlusView colorChanged]	
108e1a078	108e1a07f	decompiled	chunks/001/functions-000116.c	-[SCCaptionBigTextPlusView setColorChanged:]	
108e1a080	108e1a087	decompiled	chunks/001/functions-000116.c	-[SCCaptionBigTextPlusView manuallyScaled]	
108e1a088	108e1a08f	decompiled	chunks/001/functions-000116.c	-[SCCaptionBigTextPlusView setManuallyScaled:]	
108e1a090	108e1a097	decompiled	chunks/001/functions-000116.c	-[SCCaptionBigTextPlusView isLagunaMedia]	
108e1a098	108e1a09f	decompiled	chunks/001/functions-000116.c	-[SCCaptionBigTextPlusView setIsLagunaMedia:]	
108e1a0a0	108e1a0ab	decompiled	chunks/001/functions-000116.c	-[SCCaptionBigTextPlusView originalContentBounds]	
108e1a0ac	108e1a0b7	decompiled	chunks/001/functions-000116.c	-[SCCaptionBigTextPlusView setOriginalContentBounds:]	
108e1a0b8	108e1a1bf	decompiled	chunks/001/functions-000116.c	-[SCCaptionBigTextPlusView .cxx_destruct]	
108e1a1c0	108e1a263	decompiled	chunks/001/functions-000117.c	-[SCCaptionControlledView initWithFrame:caption:]	
108e1a264	108e1a283	decompiled	chunks/001/functions-000117.c	-[SCCaptionControlledView caption]	
108e1a284	108e1a293	decompiled	chunks/001/functions-000117.c	-[SCCaptionControlledView .cxx_destruct]	
108e1a294	108e1a303	decompiled	chunks/001/functions-000117.c	-[SCCaptionDefaultTextView setKillSwitchProvider:]	
108e1a304	108e1a53f	decompiled	chunks/001/functions-000117.c	-[SCCaptionDefaultTextView initWithState:editingDelegate:resourceDelegate:isLagunaMedia:shouldEnableUserTagging:initialTransform:originalContentBounds:captionCarouselContainerView:superviewBounds:superviewContentBounds:superviewEdgeInsets:useFirstNameForTagging:shouldKeepStyles:]	
108e1a540	108e1a5ab	decompiled	chunks/001/functions-000117.c	-[SCCaptionDefaultTextView initWithState:editingDelegate:backgroundImage:isLagunaMedia:shouldEnableUserTagging:initialTransform:originalContentBounds:captionCarouselContainerView:superviewBounds:superviewContentBounds:superviewEdgeInsets:useFirstNameForTagging:shouldKeepStyles:]	
108e1a5ac	108e1a5b3	decompiled	chunks/001/functions-000117.c	-[SCCaptionDefaultTextView alignment]	
108e1a5b4	108e1a637	decompiled	chunks/001/functions-000117.c	-[SCCaptionDefaultTextView setEditing:]	
108e1a638	108e1a63f	decompiled	chunks/001/functions-000117.c	-[SCCaptionDefaultTextView setAlignment:]	
108e1a640	108e1a687	decompiled	chunks/001/functions-000117.c	-[SCCaptionDefaultTextView _setAlignment]	
108e1a688	108e1b04b	decompiled	chunks/001/functions-000117.c	-[SCCaptionDefaultTextView initializeViewsWithState:shouldKeepStyles:]	
108e1b04c	108e1b08f	decompiled	chunks/001/functions-000117.c	-[SCCaptionDefaultTextView dealloc]	
108e1b090	108e1b1fb	decompiled	chunks/001/functions-000117.c	-[SCCaptionDefaultTextView _setTextTransformWithLastTransform:]	
108e1b1fc	108e1b203	decompiled	chunks/001/functions-000117.c	-[SCCaptionDefaultTextView updateAnchor:rotation:scale:]	
108e1b204	108e1b28f	decompiled	chunks/001/functions-000117.c	-[SCCaptionDefaultTextView tearDownAndRemoveFromSuperview]	
108e1b290	108e1b293	decompiled	chunks/001/functions-000117.c	-[SCCaptionDefaultTextView view]	
108e1b294	108e1b2eb	decompiled	chunks/001/functions-000117.c	-[SCCaptionDefaultTextView _configureTextViewBasedOnEditMode]	
108e1b2ec	108e1b343	decompiled	chunks/001/functions-000117.c	-[SCCaptionDefaultTextView addObservers]	
108e1b344	108e1b393	decompiled	chunks/001/functions-000117.c	-[SCCaptionDefaultTextView removeObservers]	
108e1b394	108e1b673	decompiled	chunks/001/functions-000117.c	-[SCCaptionDefaultTextView inputKeyboardWillChangeFrame:]	
108e1b674	108e1b7db	decompiled	chunks/001/functions-000117.c		
108e1b7dc	108e1b88b	decompiled	chunks/001/functions-000117.c		
108e1b88c	108e1b88f	decompiled	chunks/001/functions-000117.c	-[SCCaptionDefaultTextView editingTextView]	
108e1b890	108e1b8cb	decompiled	chunks/001/functions-000117.c	-[SCCaptionDefaultTextView isHidden]	
108e1b8cc	108e1b90f	decompiled	chunks/001/functions-000117.c	-[SCCaptionDefaultTextView text]	
108e1b910	108e1b937	decompiled	chunks/001/functions-000117.c	-[SCCaptionDefaultTextView captionStyle]	
108e1b938	108e1bc73	decompiled	chunks/001/functions-000117.c	-[SCCaptionDefaultTextView searchableNameForFriendFiltering]	
108e1bc74	108e1bcbb	decompiled	chunks/001/functions-000117.c	-[SCCaptionDefaultTextView usernamesForTagging]	
108e1bcbc	108e1bd03	decompiled	chunks/001/functions-000117.c	-[SCCaptionDefaultTextView topicsInCaption]	
108e1bd04	108e1bd1b	decompiled	chunks/001/functions-000117.c	-[SCCaptionDefaultTextView taggedUsers]	
108e1bd1c	108e1bddb	decompiled	chunks/001/functions-000117.c	-[SCCaptionDefaultTextView addTaggedUser:]	
108e1bddc	108e1be73	decompiled	chunks/001/functions-000117.c		
108e1be74	108e1bf77	decompiled	chunks/001/functions-000117.c	-[SCCaptionDefaultTextView addTaggedUsers:]	
108e1bf78	108e1bfbb	decompiled	chunks/001/functions-000117.c	-[SCCaptionDefaultTextView hasTaggedUsers]	
108e1bfbc	108e1bfeb	decompiled	chunks/001/functions-000117.c	-[SCCaptionDefaultTextView setTopics:]	
108e1bfec	108e1bff3	decompiled	chunks/001/functions-000117.c	-[SCCaptionDefaultTextView isFullscreen]	
108e1bff4	108e1c083	decompiled	chunks/001/functions-000117.c	-[SCCaptionDefaultTextView captionPresent]	
108e1c084	108e1c0ab	decompiled	chunks/001/functions-000117.c	-[SCCaptionDefaultTextView textContainerView]	
108e1c0ac	108e1c0f7	decompiled	chunks/001/functions-000117.c	-[SCCaptionDefaultTextView textSize]	
108e1c0f8	108e1c147	decompiled	chunks/001/functions-000117.c	-[SCCaptionDefaultTextView _getCombinedTaggedItemsDictionary]	
108e1c148	108e1c223	decompiled	chunks/001/functions-000117.c	-[SCCaptionDefaultTextView _removeTagFromCaptionIfNeededForText:range:]	
108e1c224	108e1c5ef	decompiled	chunks/001/functions-000117.c	-[SCCaptionDefaultTextView _replaceTextWithFormattedTag:updateDictionaryHandler:]	
108e1c5f0	108e1c603	decompiled	chunks/001/functions-000117.c	-[SCCaptionDefaultTextView setCaptionDismissedPollsSuggestion]	
108e1c604	108e1c60b	decompiled	chunks/001/functions-000117.c	-[SCCaptionDefaultTextView setCaptionStylePreference:]	
108e1c60c	108e1c68b	decompiled	chunks/001/functions-000117.c	-[SCCaptionDefaultTextView setUserInteractionEnabled:]	
108e1c68c	108e1c6c3	decompiled	chunks/001/functions-000117.c	-[SCCaptionDefaultTextView setHidden:]	
108e1c6c4	108e1c7b7	decompiled	chunks/001/functions-000117.c	-[SCCaptionDefaultTextView setTextFromTagging:]	
108e1c7b8	108e1c8bf	decompiled	chunks/001/functions-000117.c	-[SCCaptionDefaultTextView setText:]	
108e1c8c0	108e1c9af	decompiled	chunks/001/functions-000117.c	-[SCCaptionDefaultTextView setPromptText:]	
108e1c9b0	108e1cb83	decompiled	chunks/001/functions-000117.c	-[SCCaptionDefaultTextView setCaptionStyle:appliedStyle:]	
108e1cb84	108e1cba7	decompiled	chunks/001/functions-000117.c	-[SCCaptionDefaultTextView maxTextWidth]	
108e1cba8	108e1cc07	decompiled	chunks/001/functions-000117.c	-[SCCaptionDefaultTextView contentWidth]	
108e1cc08	108e1cc57	decompiled	chunks/001/functions-000117.c	-[SCCaptionDefaultTextView contentMargin]	
108e1cc58	108e1ce03	decompiled	chunks/001/functions-000117.c	-[SCCaptionDefaultTextView textViewDidChange:]	
108e1ce04	108e1d09f	decompiled	chunks/001/functions-000117.c	-[SCCaptionDefaultTextView textView:shouldChangeTextInRange:replacementText:]	
108e1d0a0	108e1d13f	decompiled	chunks/001/functions-000117.c		
108e1d140	108e1d2d3	decompiled	chunks/001/functions-000117.c	-[SCCaptionDefaultTextView textViewDidBeginEditing:]	
108e1d2d4	108e1d4bf	decompiled	chunks/001/functions-000117.c	-[SCCaptionDefaultTextView textViewDidChangeSelection:]	
108e1d4c0	108e1d557	decompiled	chunks/001/functions-000117.c	-[SCCaptionDefaultTextView textPasteConfigurationSupporting:transformPasteItem:]	
108e1d558	108e1d667	decompiled	chunks/001/functions-000117.c		
108e1d668	108e1d6ff	decompiled	chunks/001/functions-000117.c	-[SCCaptionDefaultTextView stopTagging]	
108e1d700	108e1d7a7	decompiled	chunks/001/functions-000117.c	-[SCCaptionDefaultTextView startEditingAnimated:]	
108e1d7a8	108e1d877	decompiled	chunks/001/functions-000117.c	-[SCCaptionDefaultTextView stopEditingAnimated:]	
108e1d878	108e1d87f	decompiled	chunks/001/functions-000117.c		
108e1d880	108e1d8c3	decompiled	chunks/001/functions-000117.c	-[SCCaptionDefaultTextView prepareToStartEditing]	
108e1d8c4	108e1d90f	decompiled	chunks/001/functions-000117.c	-[SCCaptionDefaultTextView didStartEditingAnimated:]	
108e1d910	108e1d977	decompiled	chunks/001/functions-000117.c	-[SCCaptionDefaultTextView prepareToStopEditing]	
108e1d978	108e1da57	decompiled	chunks/001/functions-000117.c	-[SCCaptionDefaultTextView didStopEditingAnimated:]	
108e1da58	108e1daab	decompiled	chunks/001/functions-000117.c	-[SCCaptionDefaultTextView removePromptTextIfNecessary]	
108e1daac	108e1dc07	decompiled	chunks/001/functions-000117.c	-[SCCaptionDefaultTextView tap:]	
108e1dc08	108e1dd7b	decompiled	chunks/001/functions-000117.c	-[SCCaptionDefaultTextView pan:]	
108e1dd7c	108e1dd7f	decompiled	chunks/001/functions-000117.c	-[SCCaptionDefaultTextView pinch:]	
108e1dd80	108e1dd83	decompiled	chunks/001/functions-000117.c	-[SCCaptionDefaultTextView rotation:]	
108e1dd84	108e1de87	decompiled	chunks/001/functions-000117.c	-[SCCaptionDefaultTextView textFrameContainsGesture:]	
108e1de88	108e1deff	decompiled	chunks/001/functions-000117.c	-[SCCaptionDefaultTextView colorChanged:]	
108e1df00	108e1df27	decompiled	chunks/001/functions-000117.c	-[SCCaptionDefaultTextView pickedColor]	
108e1df28	108e1df2f	decompiled	chunks/001/functions-000117.c	-[SCCaptionDefaultTextView setCaptionExitSource:]	
108e1df30	108e1df37	decompiled	chunks/001/functions-000117.c	-[SCCaptionDefaultTextView captionExitSource]	
108e1df38	108e1df7b	decompiled	chunks/001/functions-000117.c	-[SCCaptionDefaultTextView attributedText]	
108e1df7c	108e1dfcf	decompiled	chunks/001/functions-000117.c	-[SCCaptionDefaultTextView adjustedYOffsetForContentBounds:textViewHeight:]	
108e1dfd0	108e1e11f	decompiled	chunks/001/functions-000117.c	-[SCCaptionDefaultTextView _textContainerViewFrameForAnimation]	
108e1e120	108e1e147	decompiled	chunks/001/functions-000117.c	-[SCCaptionDefaultTextView _textViewFrameForAnimation]	
108e1e148	108e1e20f	decompiled	chunks/001/functions-000117.c	-[SCCaptionDefaultTextView _captionCarouselContainerViewFrame]	
108e1e210	108e1e3b3	decompiled	chunks/001/functions-000117.c	-[SCCaptionDefaultTextView textContainerViewFrame]	
108e1e3b4	108e1e453	decompiled	chunks/001/functions-000117.c	-[SCCaptionDefaultTextView textViewFrame]	
108e1e454	108e1e49f	decompiled	chunks/001/functions-000117.c	-[SCCaptionDefaultTextView _updateLastVerticalWithY:]	
108e1e4a0	108e1e4db	decompiled	chunks/001/functions-000117.c	-[SCCaptionDefaultTextView _resetLayout]	
108e1e4dc	108e1e527	decompiled	chunks/001/functions-000117.c	-[SCCaptionDefaultTextView resizeForEditing]	
108e1e528	108e1e5b3	decompiled	chunks/001/functions-000117.c	-[SCCaptionDefaultTextView _notifyEditingLayoutDidUpdate]	
108e1e5b4	108e1e76f	decompiled	chunks/001/functions-000117.c	-[SCCaptionDefaultTextView viewDidLayoutSubviewsWithSuperviewBounds:superviewContentBounds:superviewEdgeInsets:]	
108e1e770	108e1e777	decompiled	chunks/001/functions-000117.c	-[SCCaptionDefaultTextView isPinningSupported]	
108e1e778	108e1e9fb	decompiled	chunks/001/functions-000117.c	-[SCCaptionDefaultTextView _adjustAnimationsSpeedForView:withSpeed:]	
108e1e9fc	108e1ebb3	decompiled	chunks/001/functions-000117.c	-[SCCaptionDefaultTextView _adjustKeyboardAnimationSpeed:]	
108e1ebb4	108e1ecb3	decompiled	chunks/001/functions-000117.c	-[SCCaptionDefaultTextView shareLoggingParameters]	
108e1ecb4	108e1f0a7	decompiled	chunks/001/functions-000117.c	-[SCCaptionDefaultTextView state]	
108e1f0a8	108e1f0af	decompiled	chunks/001/functions-000117.c	-[SCCaptionDefaultTextView alignableTouchControlView]	
108e1f0b0	108e1f0b3	decompiled	chunks/001/functions-000117.c	-[SCCaptionDefaultTextView alignableContentRect]	
108e1f0b4	108e1f0c3	decompiled	chunks/001/functions-000117.c	-[SCCaptionDefaultTextView shouldProcessGesture:]	
108e1f0c4	108e1f0c7	decompiled	chunks/001/functions-000117.c	-[SCCaptionDefaultTextView updateAnchorState:withGestureRecognizer:]	
108e1f0c8	108e1f107	decompiled	chunks/001/functions-000117.c	-[SCCaptionDefaultTextView deletableView]	
108e1f108	108e1f12f	decompiled	chunks/001/functions-000118.c	-[SCCaptionDefaultTextView trackableView]	
108e1f130	108e1f137	decompiled	chunks/001/functions-000118.c	-[SCCaptionDefaultTextView isTracking]	
108e1f138	108e1f17b	decompiled	chunks/001/functions-000118.c	-[SCCaptionDefaultTextView isTimed]	
108e1f17c	108e1f1d7	decompiled	chunks/001/functions-000118.c	-[SCCaptionDefaultTextView trackingTrajectoryState]	
108e1f1d8	108e1f25b	decompiled	chunks/001/functions-000118.c	-[SCCaptionDefaultTextView durationEnabledState]	
108e1f25c	108e1f263	decompiled	chunks/001/functions-000118.c	-[SCCaptionDefaultTextView durationEnabledToolType]	
108e1f264	108e1f26b	decompiled	chunks/001/functions-000118.c	-[SCCaptionDefaultTextView isSelfResizing]	
108e1f26c	108e1f273	decompiled	chunks/001/functions-000118.c	-[SCCaptionDefaultTextView uniqueId]	
108e1f274	108e1f27b	decompiled	chunks/001/functions-000118.c	-[SCCaptionDefaultTextView setUniqueId:]	
108e1f27c	108e1f283	decompiled	chunks/001/functions-000118.c	-[SCCaptionDefaultTextView playbackLayerId]	
108e1f284	108e1f28b	decompiled	chunks/001/functions-000118.c	-[SCCaptionDefaultTextView setPlaybackLayerId:]	
108e1f28c	108e1f293	decompiled	chunks/001/functions-000118.c	-[SCCaptionDefaultTextView userTaggingStartIndex]	
108e1f294	108e1f29b	decompiled	chunks/001/functions-000118.c	-[SCCaptionDefaultTextView setUserTaggingStartIndex:]	
108e1f29c	108e1f2a3	decompiled	chunks/001/functions-000118.c	-[SCCaptionDefaultTextView editCapabilities]	
108e1f2a4	108e1f2ab	decompiled	chunks/001/functions-000118.c	-[SCCaptionDefaultTextView setEditCapabilities:]	
108e1f2ac	108e1f2b3	decompiled	chunks/001/functions-000118.c	-[SCCaptionDefaultTextView generatedMagicCaptionText]	
108e1f2b4	108e1f2bb	decompiled	chunks/001/functions-000118.c	-[SCCaptionDefaultTextView setGeneratedMagicCaptionText:]	
108e1f2bc	108e1f2c3	decompiled	chunks/001/functions-000118.c	-[SCCaptionDefaultTextView hasPromptText]	
108e1f2c4	108e1f2db	decompiled	chunks/001/functions-000118.c	-[SCCaptionDefaultTextView killSwitchProvider]	
108e1f2dc	108e1f2f3	decompiled	chunks/001/functions-000118.c	-[SCCaptionDefaultTextView editingDelegate]	
108e1f2f4	108e1f2ff	decompiled	chunks/001/functions-000118.c	-[SCCaptionDefaultTextView setEditingDelegate:]	
108e1f300	108e1f30b	decompiled	chunks/001/functions-000118.c	-[SCCaptionDefaultTextView edgeMargins]	
108e1f30c	108e1f317	decompiled	chunks/001/functions-000118.c	-[SCCaptionDefaultTextView setEdgeMargins:]	
108e1f318	108e1f31f	decompiled	chunks/001/functions-000118.c	-[SCCaptionDefaultTextView containerView]	
108e1f320	108e1f34f	decompiled	chunks/001/functions-000118.c	-[SCCaptionDefaultTextView setContainerView:]	
108e1f350	108e1f357	decompiled	chunks/001/functions-000118.c	-[SCCaptionDefaultTextView isEditing]	
108e1f358	108e1f35f	decompiled	chunks/001/functions-000118.c	-[SCCaptionDefaultTextView lastVertical]	
108e1f360	108e1f367	decompiled	chunks/001/functions-000118.c	-[SCCaptionDefaultTextView setLastVertical:]	
108e1f368	108e1f36f	decompiled	chunks/001/functions-000118.c	-[SCCaptionDefaultTextView textView]	
108e1f370	108e1f39f	decompiled	chunks/001/functions-000118.c	-[SCCaptionDefaultTextView setTextView:]	
108e1f3a0	108e1f3a7	decompiled	chunks/001/functions-000118.c	-[SCCaptionDefaultTextView keyboardHeight]	
108e1f3a8	108e1f3af	decompiled	chunks/001/functions-000118.c	-[SCCaptionDefaultTextView setKeyboardHeight:]	
108e1f3b0	108e1f3bb	decompiled	chunks/001/functions-000118.c	-[SCCaptionDefaultTextView superviewBounds]	
108e1f3bc	108e1f3c7	decompiled	chunks/001/functions-000118.c	-[SCCaptionDefaultTextView setSuperviewBounds:]	
108e1f3c8	108e1f3d3	decompiled	chunks/001/functions-000118.c	-[SCCaptionDefaultTextView superviewContentBounds]	
108e1f3d4	108e1f3df	decompiled	chunks/001/functions-000118.c	-[SCCaptionDefaultTextView setSuperviewContentBounds:]	
108e1f3e0	108e1f47f	decompiled	chunks/001/functions-000118.c	-[SCCaptionDefaultTextView .cxx_destruct]	
108e1f480	108e1f5e7	decompiled	chunks/001/functions-000118.c	+[SCCaptionFactoryImpl captionForState:editingDelegate:resourceDelegate:isLagunaMedia:shouldEnableUserTagging:initialTransform:originalContentBounds:captionCarouselContainerView:superviewBounds:superviewContentBounds:superviewEdgeInsets:useFirstNameForTagging:shouldKeepStyles:]	
108e1f5e8	108e1f74f	decompiled	chunks/001/functions-000118.c	+[SCCaptionFactoryImpl captionForState:editingDelegate:backgroundImage:isLagunaMedia:shouldEnableUserTagging:initialTransform:originalContentBounds:captionCarouselContainerView:superviewBounds:superviewContentBounds:superviewEdgeInsets:useFirstNameForTagging:shouldKeepStyles:]	
108e1f750	108e1f7d7	decompiled	chunks/001/functions-000118.c	+[SCCaptionStateTaggedItem convertToTaggedItemFromSCSnapchatter:range:]	
108e1f7d8	108e1f89b	decompiled	chunks/001/functions-000118.c	-[SCCaptionStateTaggedItem user]	
108e1f89c	108e1f8b3	decompiled	chunks/001/functions-000118.c		
108e1f8b4	108e1f8f3	decompiled	chunks/001/functions-000118.c		
108e1f8f4	108e1f9a3	decompiled	chunks/001/functions-000118.c	-[SCCaptionStateTaggedItem range]	
108e1f9a4	108e1f9d3	decompiled	chunks/001/functions-000118.c		
108e1f9d4	108e1fd2f	decompiled	chunks/001/functions-000118.c	-[SCCaptionStyleResourceProviderImpl initWithPreferences:sessionRequestManager:]	
108e1fd30	108e1fdbf	decompiled	chunks/001/functions-000118.c	-[SCCaptionStyleResourceProviderImpl indexOfStyleInAvailableArray:]	
108e1fdc0	108e1fe3f	decompiled	chunks/001/functions-000118.c		
108e1fe40	108e2006b	decompiled	chunks/001/functions-000118.c	-[SCCaptionStyleResourceProviderImpl _prepareCaptionStyle:completeBlock:]	
108e2006c	108e20087	decompiled	chunks/001/functions-000118.c		
108e20088	108e2014b	decompiled	chunks/001/functions-000118.c		
108e2014c	108e2043f	decompiled	chunks/001/functions-000118.c	-[SCCaptionStyleResourceProviderImpl _registerFont:collectorBlock:]	
108e20440	108e20457	decompiled	chunks/001/functions-000118.c		
108e20458	108e2054f	decompiled	chunks/001/functions-000118.c		
108e20550	108e20833	decompiled	chunks/001/functions-000118.c		
108e20834	108e20a2b	decompiled	chunks/001/functions-000118.c	-[SCCaptionStyleResourceProviderImpl loadDependencyOfCaptionStyles:completeBlock:]	
108e20a2c	108e20a77	decompiled	chunks/001/functions-000118.c		
108e20a78	108e20d1f	decompiled	chunks/001/functions-000118.c	-[SCCaptionStyleResourceProviderImpl _updateAvailableCaptionStylesIfNecessary:controllerVersion:]	
108e20d20	108e20e57	decompiled	chunks/001/functions-000118.c		
108e20e58	108e2112f	decompiled	chunks/001/functions-000118.c		
108e21130	108e2114f	decompiled	chunks/001/functions-000118.c		
108e21150	108e211f3	decompiled	chunks/001/functions-000118.c	-[SCCaptionStyleResourceProviderImpl defaultCaptionStyles]	
108e211f4	108e2122f	decompiled	chunks/001/functions-000118.c	-[SCCaptionStyleResourceProviderImpl countOfDefaultStyle]	
108e21230	108e2129b	decompiled	chunks/001/functions-000118.c	-[SCCaptionStyleResourceProviderImpl _isCaptionStyleResourceTTLExpired]	
108e2129c	108e21307	decompiled	chunks/001/functions-000118.c	-[SCCaptionStyleResourceProviderImpl _updateLastCheckingTimestamp]	
108e21308	108e213e3	decompiled	chunks/001/functions-000118.c	-[SCCaptionStyleResourceProviderImpl _fetchOnDemandTypefaceWithURLString:completeBlock:]	
108e213e4	108e216d7	decompiled	chunks/001/functions-000118.c		
108e216d8	108e216f3	decompiled	chunks/001/functions-000118.c		
108e216f4	108e21763	decompiled	chunks/001/functions-000118.c		
108e21764	108e21787	decompiled	chunks/001/functions-000118.c	-[SCCaptionStyleResourceProviderImpl _cacheFontFile:forKey:]	
108e21788	108e21903	decompiled	chunks/001/functions-000118.c	-[SCCaptionStyleResourceProviderImpl initWithCoder:]	
108e21904	108e2198b	decompiled	chunks/001/functions-000118.c	-[SCCaptionStyleResourceProviderImpl encodeWithCoder:]	
108e2198c	108e219f3	decompiled	chunks/001/functions-000118.c	-[SCCaptionStyleResourceProviderImpl resetDownloader]	
108e219f4	108e21a0b	decompiled	chunks/001/functions-000118.c	-[SCCaptionStyleResourceProviderImpl delegate]	
108e21a0c	108e21a17	decompiled	chunks/001/functions-000118.c	-[SCCaptionStyleResourceProviderImpl setDelegate:]	
108e21a18	108e21a1f	decompiled	chunks/001/functions-000118.c	-[SCCaptionStyleResourceProviderImpl availableCaptionStyles]	
108e21a20	108e21a4f	decompiled	chunks/001/functions-000118.c	-[SCCaptionStyleResourceProviderImpl setAvailableCaptionStyles:]	
108e21a50	108e21a57	decompiled	chunks/001/functions-000118.c	-[SCCaptionStyleResourceProviderImpl currentControllerVersion]	
108e21a58	108e21a5f	decompiled	chunks/001/functions-000118.c	-[SCCaptionStyleResourceProviderImpl setCurrentControllerVersion:]	
108e21a60	108e21b03	decompiled	chunks/001/functions-000118.c	-[SCCaptionStyleResourceProviderImpl .cxx_destruct]	
108e21b04	108e2233b	decompiled	chunks/001/functions-000118.c		
108e2233c	108e22353	decompiled	chunks/001/functions-000118.c	-[SCCaptionTouchControlUIView isTracking]	
108e22354	108e22383	decompiled	chunks/001/functions-000118.c	-[SCCaptionTouchControlUIView trajectoryManager]	
108e22384	108e22393	decompiled	chunks/001/functions-000118.c	-[SCCaptionTouchControlUIView targetTrajectory]	
108e22394	108e223f3	decompiled	chunks/001/functions-000118.c	-[SCCaptionTouchControlUIView enableTrackingWithManager:]	
108e223f4	108e2242b	decompiled	chunks/001/functions-000118.c	-[SCCaptionTouchControlUIView disableTracking]	
108e2242c	108e224f3	decompiled	chunks/001/functions-000118.c	-[SCCaptionTouchControlUIView trajectoryManager:didOutputTransform:shouldAnimate:]	
108e224f4	108e225a7	decompiled	chunks/001/functions-000118.c		
108e225a8	108e225c7	decompiled	chunks/001/functions-000118.c	-[SCCaptionTouchControlUIView .cxx_destruct]	
108e225c8	108e226d7	decompiled	chunks/001/functions-000118.c		
108e226d8	108e22723	decompiled	chunks/001/functions-000118.c		
108e22724	108e227f3	decompiled	chunks/001/functions-000118.c		
108e227f4	108e22f3b	decompiled	chunks/001/functions-000118.c		
108e22f3c	108e2301f	decompiled	chunks/001/functions-000118.c		
108e23020	108e2327b	decompiled	chunks/001/functions-000118.c		
108e2327c	108e232ef	decompiled	chunks/001/functions-000118.c		
108e232f0	108e23307	decompiled	chunks/001/functions-000118.c		
108e23308	108e233d3	decompiled	chunks/001/functions-000118.c		
108e233d4	108e233eb	decompiled	chunks/001/functions-000118.c		
108e233ec	108e234b7	decompiled	chunks/001/functions-000118.c		
108e234b8	108e234cf	decompiled	chunks/001/functions-000119.c		
108e234d0	108e2363b	decompiled	chunks/001/functions-000119.c		
108e2363c	108e23653	decompiled	chunks/001/functions-000119.c		
108e23654	108e2376f	decompiled	chunks/001/functions-000119.c		
108e23770	108e238ff	decompiled	chunks/001/functions-000119.c		
108e23900	108e23a3b	decompiled	chunks/001/functions-000119.c		
108e23a3c	108e23d2f	decompiled	chunks/001/functions-000119.c		
108e23d30	108e23f8f	decompiled	chunks/001/functions-000119.c		
108e23f90	108e24157	decompiled	chunks/001/functions-000119.c		
108e24158	108e2426f	decompiled	chunks/001/functions-000119.c		
108e24270	108e242ef	decompiled	chunks/001/functions-000119.c		
108e242f0	108e24697	decompiled	chunks/001/functions-000119.c		
108e24698	108e24fdb	decompiled	chunks/001/functions-000119.c	+[SCCaptionUtils attributedStringFromSOJUGalleryCaption:]	
108e24fdc	108e251df	decompiled	chunks/001/functions-000119.c	+[SCCaptionUtils getColorArrayFromDynamicCaptionTextColor:pickedColor:colorIsChangeable:baseColor:]	
108e251e0	108e2559f	decompiled	chunks/001/functions-000119.c	+[SCCaptionUtils colorTransform:tranformParameters:baseColor:pickedColor:]	
108e255a0	108e258b7	decompiled	chunks/001/functions-000119.c	+[SCCaptionUtils gradientImageFromColors:colorStops:colorGradientAngleDegree:imageSize:drawingRects:]	
108e258b8	108e258cf	decompiled	chunks/001/functions-000119.c		
108e258d0	108e26393	decompiled	chunks/001/functions-000119.c		
108e26394	108e264c3	decompiled	chunks/001/functions-000119.c		
108e264c4	108e26713	decompiled	chunks/001/functions-000119.c		
108e26714	108e267b3	decompiled	chunks/001/functions-000119.c		
108e267b4	108e267fb	decompiled	chunks/001/functions-000119.c		
108e267fc	108e27147	decompiled	chunks/001/functions-000119.c		
108e27148	108e27177	decompiled	chunks/001/functions-000119.c		
108e27178	108e2720b	decompiled	chunks/001/functions-000119.c	+[SCCaptionUtils captionPresent:]	
108e2720c	108e2791f	decompiled	chunks/001/functions-000119.c	+[SCCaptionUtils removeTaggedItemAndUpdateDictionaryIfNecessary:textView:range:replacementTextLength:useFirstNameForTagging:]	
108e27920	108e27937	decompiled	chunks/001/functions-000119.c		
108e27938	108e27a03	decompiled	chunks/001/functions-000119.c		
108e27a04	108e27c47	decompiled	chunks/001/functions-000119.c	+[SCCaptionUtils addTaggedItemToDictionary:taggedItem:textLengthDiff:insertIndex:textLength:]	
108e27c48	108e27ddb	decompiled	chunks/001/functions-000119.c	+[SCCaptionUtils findPreviousTaggingPositionFromPosition:text:taggedItemsDictionary:]	
108e27ddc	108e27e3f	decompiled	chunks/001/functions-000119.c		
108e27e40	108e28067	decompiled	chunks/001/functions-000119.c	+[SCCaptionUtils deleteAndModifyTaggingForEditingCaption:currentTaggingIndex:]	
108e28068	108e2812b	decompiled	chunks/001/functions-000119.c	+[SCCaptionUtils appliedStyleFromCaptionStyle:captionStylePreference:shouldDefaultToAltStyle:]	
108e2812c	108e28233	decompiled	chunks/001/functions-000119.c	+[SCCaptionUtils findNextAppliedStyleFromCaption:]	
108e28234	108e282cf	decompiled	chunks/001/functions-000119.c	+[SCCaptionUtils isDynamicUnlockablesCaptionStyleTypeOfClassic:]	
108e282d0	108e2837b	decompiled	chunks/001/functions-000119.c	-[SCDynamicCaptionFontStyle doesHaveValidContentMedia]	
108e2837c	108e28593	decompiled	chunks/001/functions-000119.c	-[SCDynamicCaptionStyle styleIdsForInvalidContentMedia]	
108e28594	108e2866b	decompiled	chunks/001/functions-000119.c	-[SCPreviewCaptionBackgroundView initWithCaptionTextView:]	
108e2866c	108e286d3	decompiled	chunks/001/functions-000119.c	-[SCPreviewCaptionBackgroundView initWithCaptionTextView:resourceDelegate:]	
108e286d4	108e28743	decompiled	chunks/001/functions-000119.c	-[SCPreviewCaptionBackgroundView initWithCaptionTextView:backgroundImage:]	
108e28744	108e28783	decompiled	chunks/001/functions-000119.c	-[SCPreviewCaptionBackgroundView updateFrame]	
108e28784	108e288e3	decompiled	chunks/001/functions-000119.c	-[SCPreviewCaptionBackgroundView backgroundOverflowInsets]	
108e288e4	108e289b3	decompiled	chunks/001/functions-000119.c	-[SCPreviewCaptionBackgroundView backgroundOverflowOffSet]	
108e289b4	108e28a53	decompiled	chunks/001/functions-000119.c	-[SCPreviewCaptionBackgroundView drawRect:]	
108e28a54	108e28b53	decompiled	chunks/001/functions-000119.c	-[SCPreviewCaptionBackgroundView _updateBackgroundLayers]	
108e28b54	108e28c57	decompiled	chunks/001/functions-000119.c	-[SCPreviewCaptionBackgroundView _applyCustomBackgroundStyle]	
108e28c58	108e28ca7	decompiled	chunks/001/functions-000119.c	-[SCPreviewCaptionBackgroundView _applyLineBackgroundStyle]	
108e28ca8	108e28cbb	decompiled	chunks/001/functions-000119.c		
108e28cbc	108e28d0b	decompiled	chunks/001/functions-000119.c	-[SCPreviewCaptionBackgroundView _applyWordBackgroundStyle]	
108e28d0c	108e28d1f	decompiled	chunks/001/functions-000119.c		
108e28d20	108e28e3f	decompiled	chunks/001/functions-000119.c	-[SCPreviewCaptionBackgroundView _applyEntireBackgroundStyle]	
108e28e40	108e28e43	decompiled	chunks/001/functions-000119.c	-[SCPreviewCaptionBackgroundView _applyBubbleWrapBackgroundStyle]	
108e28e44	108e29007	decompiled	chunks/001/functions-000119.c	-[SCPreviewCaptionBackgroundView _addBackgroundForTextRange:textPadding:isLastLine:]	
108e29008	108e29103	decompiled	chunks/001/functions-000119.c	-[SCPreviewCaptionBackgroundView _adjustTextRect:withTextPadding:]	
108e29104	108e2940b	decompiled	chunks/001/functions-000119.c	-[SCPreviewCaptionBackgroundView _applyBrushBackgroundStyleWithTextRect:]	
108e2940c	108e297cf	decompiled	chunks/001/functions-000119.c	-[SCPreviewCaptionBackgroundView _applyRainbowBackgroundStyleWithTextRect:]	
108e297d0	108e297eb	decompiled	chunks/001/functions-000119.c		
108e297ec	108e29bf7	decompiled	chunks/001/functions-000119.c	-[SCPreviewCaptionBackgroundView _applyGlowBackgroundStyleWithTextRect:]	
108e29bf8	108e2a83b	decompiled	chunks/001/functions-000119.c	-[SCPreviewCaptionBackgroundView _applyBubbleWrapBackgroundStyleWithTextRect:]	
108e2a83c	108e2a9a7	decompiled	chunks/001/functions-000119.c		
108e2a9a8	108e2ab67	decompiled	chunks/001/functions-000119.c	-[SCPreviewCaptionBackgroundView shouldAdjustBubbleWrapLineRects:cornerRadius:]	
108e2ab68	108e2ae6f	decompiled	chunks/001/functions-000119.c	-[SCPreviewCaptionBackgroundView adjustBubbleWrapLineRects:cornerRadius:]	
108e2ae70	108e2b03b	decompiled	chunks/001/functions-000119.c	-[SCPreviewCaptionBackgroundView _removeBackgroundAndBoxShadowLayers]	
108e2b03c	108e2b8d7	decompiled	chunks/001/functions-000119.c	-[SCPreviewCaptionBackgroundView _addBackgroundAndBoxShadowLayers:imageURL:]	
108e2b8d8	108e2b9fb	decompiled	chunks/001/functions-000119.c		
108e2b9fc	108e2ba93	decompiled	chunks/001/functions-000119.c	-[SCPreviewCaptionBackgroundView _updateBackgroundImageView:image:]	
108e2ba94	108e2bbc7	decompiled	chunks/001/functions-000119.c	-[SCPreviewCaptionBackgroundView _getWordBackgroundRects:]	
108e2bbc8	108e2bdb3	decompiled	chunks/001/functions-000119.c		
108e2bdb4	108e2bf43	decompiled	chunks/001/functions-000119.c		
108e2bf44	108e2c25f	decompiled	chunks/001/functions-000119.c	-[SCPreviewCaptionBackgroundView _getLineBackgroundRects:]	
108e2c260	108e2c26f	decompiled	chunks/001/functions-000119.c	-[SCPreviewCaptionBackgroundView textBackgroundColor]	
108e2c270	108e2c27b	decompiled	chunks/001/functions-000119.c	-[SCPreviewCaptionBackgroundView setTextBackgroundColor:]	
108e2c27c	108e2c28b	decompiled	chunks/001/functions-000119.c	-[SCPreviewCaptionBackgroundView textBackgroundCornerRadius]	
108e2c28c	108e2c29b	decompiled	chunks/001/functions-000119.c	-[SCPreviewCaptionBackgroundView setTextBackgroundCornerRadius:]	
108e2c29c	108e2c2b3	decompiled	chunks/001/functions-000119.c	-[SCPreviewCaptionBackgroundView textRect]	
108e2c2b4	108e2c30b	decompiled	chunks/001/functions-000119.c	-[SCPreviewCaptionBackgroundView .cxx_destruct]	
108e2c30c	108e2c377	decompiled	chunks/001/functions-000119.c	-[SCPreviewCaptionContainerView didAddSubview:]	
108e2c378	108e2c407	decompiled	chunks/001/functions-000119.c	-[SCPreviewCaptionContainerView willRemoveSubview:]	
108e2c408	108e2c417	decompiled	chunks/001/functions-000119.c	-[SCPreviewCaptionContainerView subviewsCount]	
108e2c418	108e2c7cf	decompiled	chunks/001/functions-000119.c	-[SCPreviewCaptionEditingManagerLegacy initWithStaticCaptionsContainerView:originalContentBounds:superviewBounds:superviewContentBounds:isSpectacleMedia:shouldEnableUserTagging:userTaggingFriendsProvider:captionDataProvider:previewCaptionLogger:circumstanceEngine:valdiRuntimeProvider:dynamicCaptionFetcher:creativeToolsABProvider:previewView:asyncQueueProvider:networkingClient:customojiFeature:stickerContainer:captionStickerSuggestionsServices:stickerSuggestionsActionHandler:aiFontsEnabled:]	
108e2c7d0	108e2c877	decompiled	chunks/001/functions-000119.c	-[SCPreviewCaptionEditingManagerLegacy _setupBlackBackgroundView]	
108e2c878	108e2c8ef	decompiled	chunks/001/functions-000119.c	-[SCPreviewCaptionEditingManagerLegacy _updateEditingBackgroundViewsVisibility]	
108e2c8f0	108e2ca43	decompiled	chunks/001/functions-000119.c	-[SCPreviewCaptionEditingManagerLegacy _showRemixExplanationLabelIfNecessary]	
108e2ca44	108e2ca6f	decompiled	chunks/001/functions-000119.c	-[SCPreviewCaptionEditingManagerLegacy setText:]	
108e2ca70	108e2cdcb	decompiled	chunks/001/functions-000119.c	-[SCPreviewCaptionEditingManagerLegacy tap:]	
108e2cdcc	108e2ce1f	decompiled	chunks/001/functions-000119.c		
108e2ce20	108e2ce2b	decompiled	chunks/001/functions-000119.c	-[SCPreviewCaptionEditingManagerLegacy newCaptionWithState:shouldKeepStyles:]	
108e2ce2c	108e2cf13	decompiled	chunks/001/functions-000119.c	-[SCPreviewCaptionEditingManagerLegacy _newCaptionWithState:fromGesture:shouldKeepStyles:]	
108e2cf14	108e2d143	decompiled	chunks/001/functions-000119.c	-[SCPreviewCaptionEditingManagerLegacy _newCaptionWithState:fromGesture:defaultCaptionStyleType:shouldKeepStyles:]	
108e2d144	108e2d15b	decompiled	chunks/001/functions-000119.c		
108e2d15c	108e2d25b	decompiled	chunks/001/functions-000119.c		
108e2d25c	108e2d2e7	decompiled	chunks/001/functions-000119.c	-[SCPreviewCaptionEditingManagerLegacy deleteCaption:deleteType:]	
108e2d2e8	108e2d4c7	decompiled	chunks/001/functions-000119.c	-[SCPreviewCaptionEditingManagerLegacy captionButtonPressed]	
108e2d4c8	108e2d547	decompiled	chunks/001/functions-000119.c	-[SCPreviewCaptionEditingManagerLegacy alignmentPressed]	
108e2d548	108e2d59f	decompiled	chunks/001/functions-000119.c	-[SCPreviewCaptionEditingManagerLegacy updateLayoutWithSuperviewBounds:superviewContentBounds:superviewEdgeInset:]	
108e2d5a0	108e2d6bf	decompiled	chunks/001/functions-000119.c	-[SCPreviewCaptionEditingManagerLegacy _resetEditingCaptionWithGesture:]	
108e2d6c0	108e2d80b	decompiled	chunks/001/functions-000119.c	-[SCPreviewCaptionEditingManagerLegacy _replacementCaptionForUnavailableCaption:]	
108e2d80c	108e2d84f	decompiled	chunks/001/functions-000119.c	-[SCPreviewCaptionEditingManagerLegacy canStartEditingCaption]	
108e2d850	108e2d887	decompiled	chunks/001/functions-000119.c	-[SCPreviewCaptionEditingManagerLegacy prepareCaptionEditing]	
108e2d888	108e2d8c3	decompiled	chunks/001/functions-000119.c	-[SCPreviewCaptionEditingManagerLegacy didSwitchToStyleMode]	
