address	end_address	status	pseudocode_file	runtime_label	error
108e2d8c4	108e2d957	decompiled	chunks/001/functions-000120.c	-[SCPreviewCaptionEditingManagerLegacy willStopEditing]	
108e2d958	108e2def7	decompiled	chunks/001/functions-000120.c	-[SCPreviewCaptionEditingManagerLegacy stoppedEditing]	
108e2def8	108e2df2f	decompiled	chunks/001/functions-000120.c		
108e2df30	108e2dfb7	decompiled	chunks/001/functions-000120.c	-[SCPreviewCaptionEditingManagerLegacy didStartEditingCaption:]	
108e2dfb8	108e2dfeb	decompiled	chunks/001/functions-000120.c	-[SCPreviewCaptionEditingManagerLegacy captionEditingLayoutDidUpdate:]	
108e2dfec	108e2e03b	decompiled	chunks/001/functions-000120.c	-[SCPreviewCaptionEditingManagerLegacy textChanged]	
108e2e03c	108e2e043	decompiled	chunks/001/functions-000120.c	-[SCPreviewCaptionEditingManagerLegacy textViewDidChangeSelectionRange:text:]	
108e2e044	108e2e093	decompiled	chunks/001/functions-000120.c	-[SCPreviewCaptionEditingManagerLegacy captionDidMove:]	
108e2e094	108e2e0cf	decompiled	chunks/001/functions-000120.c	-[SCPreviewCaptionEditingManagerLegacy didSwitchToTaggingMode]	
108e2e0d0	108e2e2ab	decompiled	chunks/001/functions-000120.c	-[SCPreviewCaptionEditingManagerLegacy userToggledAppliedStyle]	
108e2e2ac	108e2e393	decompiled	chunks/001/functions-000120.c	-[SCPreviewCaptionEditingManagerLegacy _toggleCaptionStylePreferenceForState:]	
108e2e394	108e2e3fb	decompiled	chunks/001/functions-000120.c	-[SCPreviewCaptionEditingManagerLegacy caption:didPasteImageData:isAnimated:]	
108e2e3fc	108e2e45b	decompiled	chunks/001/functions-000120.c	-[SCPreviewCaptionEditingManagerLegacy canStopEditingCaption:]	
108e2e45c	108e2e627	decompiled	chunks/001/functions-000120.c	-[SCPreviewCaptionEditingManagerLegacy beginEditingWithText:carouselMode:defaultCaptionStyleType:openAction:customBackgroundView:]	
108e2e628	108e2e773	decompiled	chunks/001/functions-000120.c		
108e2e774	108e2e807	decompiled	chunks/001/functions-000120.c		
108e2e808	108e2e977	decompiled	chunks/001/functions-000120.c	-[SCPreviewCaptionEditingManagerLegacy _createCaptionFromState:shouldKeepStyles:]	
108e2e978	108e2eb0b	decompiled	chunks/001/functions-000120.c	-[SCPreviewCaptionEditingManagerLegacy _createCaptionStateWithRecentCaptionStyleType]	
108e2eb0c	108e2ed63	decompiled	chunks/001/functions-000120.c	-[SCPreviewCaptionEditingManagerLegacy _createCaptionStateWithDefaultCaptionStyleType:]	
108e2ed64	108e2ee7f	decompiled	chunks/001/functions-000120.c		
108e2ee80	108e2ef97	decompiled	chunks/001/functions-000120.c		
108e2ef98	108e2f2f7	decompiled	chunks/001/functions-000120.c		
108e2f2f8	108e2f5db	decompiled	chunks/001/functions-000120.c	-[SCPreviewCaptionEditingManagerLegacy _transferStateToCurrentMode:captionStyle:appliedStyle:]	
108e2f5dc	108e2f62b	decompiled	chunks/001/functions-000120.c	-[SCPreviewCaptionEditingManagerLegacy _constructCarouselControllerIfNecessary]	
108e2f62c	108e2f7f7	decompiled	chunks/001/functions-000120.c	-[SCPreviewCaptionEditingManagerLegacy _constructCaptionCarousel]	
108e2f7f8	108e2f8d7	decompiled	chunks/001/functions-000120.c	-[SCPreviewCaptionEditingManagerLegacy _setupStickerSuggestionsControllerIfNecessary]	
108e2f8d8	108e2fa7f	decompiled	chunks/001/functions-000120.c	-[SCPreviewCaptionEditingManagerLegacy _constructStickerSuggestionsController]	
108e2fa80	108e2fba3	decompiled	chunks/001/functions-000120.c	-[SCPreviewCaptionEditingManagerLegacy _showStickerSuggestionsIfAvailable]	
108e2fba4	108e2fbeb	decompiled	chunks/001/functions-000120.c		
108e2fbec	108e2fc23	decompiled	chunks/001/functions-000120.c	-[SCPreviewCaptionEditingManagerLegacy _hideStickerSuggestions]	
108e2fc24	108e2fe2f	decompiled	chunks/001/functions-000120.c	-[SCPreviewCaptionEditingManagerLegacy _updateCaptionStyleWithEvent:]	
108e2fe30	108e2fea3	decompiled	chunks/001/functions-000120.c	-[SCPreviewCaptionEditingManagerLegacy _updateEditingCaptionWithStyle:fromGesture:withStylePreference:]	
108e2fea4	108e2ff2b	decompiled	chunks/001/functions-000120.c	-[SCPreviewCaptionEditingManagerLegacy _appliedStyleForCaptionStyle:captionStylePreference:]	
108e2ff2c	108e30047	decompiled	chunks/001/functions-000120.c	-[SCPreviewCaptionEditingManagerLegacy _updateEditingCaptionWithCaptionStyle:appliedStyle:withGesture:]	
108e30048	108e30063	decompiled	chunks/001/functions-000120.c	-[SCPreviewCaptionEditingManagerLegacy _useFirstNamesForTagging]	
108e30064	108e3019f	decompiled	chunks/001/functions-000120.c	-[SCPreviewCaptionEditingManagerLegacy _beginEditingWithCaption:customBackgroundView:prepareCaptionBlock:]	
108e301a0	108e30393	decompiled	chunks/001/functions-000120.c	-[SCPreviewCaptionEditingManagerLegacy _layoutStickerSuggestionsForEditingCaption:]	
108e30394	108e303ff	decompiled	chunks/001/functions-000120.c	-[SCPreviewCaptionEditingManagerLegacy _resizeEditingCaptionForStickerSuggestionsIfNeeded]	
108e30400	108e304a7	decompiled	chunks/001/functions-000120.c	-[SCPreviewCaptionEditingManagerLegacy _prepareBackgroundsViewsForEditingWithCustomBackgroundView:]	
108e304a8	108e304af	decompiled	chunks/001/functions-000120.c	-[SCPreviewCaptionEditingManagerLegacy captionCarouselView]	
108e304b0	108e304b7	decompiled	chunks/001/functions-000120.c	-[SCPreviewCaptionEditingManagerLegacy captionScrollCount]	
108e304b8	108e304bf	decompiled	chunks/001/functions-000120.c	-[SCPreviewCaptionEditingManagerLegacy captionStyleLoadingTime]	
108e304c0	108e304c7	decompiled	chunks/001/functions-000120.c	-[SCPreviewCaptionEditingManagerLegacy updateCaptionStylesFromMemoriesWithSet:]	
108e304c8	108e304d7	decompiled	chunks/001/functions-000120.c	-[SCPreviewCaptionEditingManagerLegacy isCaptionToolOpened]	
108e304d8	108e304ff	decompiled	chunks/001/functions-000120.c	-[SCPreviewCaptionEditingManagerLegacy currentEditingCaption]	
108e30500	108e30503	decompiled	chunks/001/functions-000120.c	-[SCPreviewCaptionEditingManagerLegacy selectedStyleUpdated:]	
108e30504	108e3050b	decompiled	chunks/001/functions-000120.c	-[SCPreviewCaptionEditingManagerLegacy selectedColorUpdated:]	
108e3050c	108e3056f	decompiled	chunks/001/functions-000120.c	-[SCPreviewCaptionEditingManagerLegacy handleTaggedUser:taggingStartIndex:]	
108e30570	108e3058b	decompiled	chunks/001/functions-000120.c	-[SCPreviewCaptionEditingManagerLegacy handleExternalAction:]	
108e3058c	108e305ff	decompiled	chunks/001/functions-000120.c	-[SCPreviewCaptionEditingManagerLegacy didTapCustomojiButton]	
108e30600	108e30603	decompiled	chunks/001/functions-000120.c	-[SCPreviewCaptionEditingManagerLegacy updatedCarouselType:]	
108e30604	108e3074f	decompiled	chunks/001/functions-000120.c	-[SCPreviewCaptionEditingManagerLegacy _displayColorEyeDropperPicker]	
108e30750	108e3075f	decompiled	chunks/001/functions-000120.c		
108e30760	108e3079b	decompiled	chunks/001/functions-000120.c	-[SCPreviewCaptionEditingManagerLegacy _hideOverlay]	
108e3079c	108e3080b	decompiled	chunks/001/functions-000120.c	-[SCPreviewCaptionEditingManagerLegacy _hideEditingCaption]	
108e3080c	108e30913	decompiled	chunks/001/functions-000120.c	-[SCPreviewCaptionEditingManagerLegacy _displayEditingCaption]	
108e30914	108e30923	decompiled	chunks/001/functions-000120.c		
108e30924	108e30957	decompiled	chunks/001/functions-000120.c		
108e30958	108e309c3	decompiled	chunks/001/functions-000120.c	-[SCPreviewCaptionEditingManagerLegacy _handleTaggedSnapchatter:]	
108e309c4	108e309f7	decompiled	chunks/001/functions-000120.c	-[SCPreviewCaptionEditingManagerLegacy didFinishPickingWithColor:]	
108e309f8	108e30a47	decompiled	chunks/001/functions-000120.c	-[SCPreviewCaptionEditingManagerLegacy customojiPickerDidDismissWithDidSelectSticker:]	
108e30a48	108e30acb	decompiled	chunks/001/functions-000120.c	-[SCPreviewCaptionEditingManagerLegacy captionStickerSuggestionsControllerDidTapSticker:]	
108e30acc	108e30b17	decompiled	chunks/001/functions-000120.c	-[SCPreviewCaptionEditingManagerLegacy captionStickerSuggestionsControllerDidTapViewAll]	
108e30b18	108e30b63	decompiled	chunks/001/functions-000120.c	-[SCPreviewCaptionEditingManagerLegacy captionStickerSuggestionsControllerDidTapCutout]	
108e30b64	108e30b93	decompiled	chunks/001/functions-000120.c	-[SCPreviewCaptionEditingManagerLegacy captionStickerSuggestionsControllerDidUpdateAvailableSuggestions]	
108e30b94	108e30c0b	decompiled	chunks/001/functions-000120.c	-[SCPreviewCaptionEditingManagerLegacy _finishCaptionEditingForStickerSuggestionAction]	
108e30c0c	108e30c23	decompiled	chunks/001/functions-000120.c	-[SCPreviewCaptionEditingManagerLegacy delegate]	
108e30c24	108e30c2f	decompiled	chunks/001/functions-000120.c	-[SCPreviewCaptionEditingManagerLegacy setDelegate:]	
108e30c30	108e30c37	decompiled	chunks/001/functions-000120.c	-[SCPreviewCaptionEditingManagerLegacy editingCaption]	
108e30c38	108e30c3f	decompiled	chunks/001/functions-000120.c	-[SCPreviewCaptionEditingManagerLegacy blackBackgroundView]	
108e30c40	108e30d4b	decompiled	chunks/001/functions-000120.c	-[SCPreviewCaptionEditingManagerLegacy .cxx_destruct]	
108e30d4c	108e30deb	decompiled	chunks/001/functions-000120.c	-[SCPreviewCaptionTextView initWithFrame:]	
108e30dec	108e30edb	decompiled	chunks/001/functions-000120.c	-[SCPreviewCaptionTextView becomeFirstResponder]	
108e30edc	108e3101b	decompiled	chunks/001/functions-000120.c	-[SCPreviewCaptionTextView setTextViewWithAppliedStyle:currentFontSize:isTextEditing:]	
108e3101c	108e3113b	decompiled	chunks/001/functions-000120.c	-[SCPreviewCaptionTextView canPerformAction:withSender:]	
108e3113c	108e312db	decompiled	chunks/001/functions-000120.c	-[SCPreviewCaptionTextView textRect]	
108e312dc	108e3147f	decompiled	chunks/001/functions-000120.c	-[SCPreviewCaptionTextView lineRects]	
108e31480	108e31497	decompiled	chunks/001/functions-000120.c		
108e31498	108e314f7	decompiled	chunks/001/functions-000120.c		
108e314f8	108e3160f	decompiled	chunks/001/functions-000120.c	-[SCPreviewCaptionTextView layoutManager:shouldSetLineFragmentRect:lineFragmentUsedRect:baselineOffset:inTextContainer:forGlyphRange:]	
108e31610	108e3161f	decompiled	chunks/001/functions-000120.c	-[SCPreviewCaptionTextView scale]	
108e31620	108e3162f	decompiled	chunks/001/functions-000120.c	-[SCPreviewCaptionTextView setScale:]	
108e31630	108e3163f	decompiled	chunks/001/functions-000120.c	-[SCPreviewCaptionTextView showCaptionStyleOptions]	
108e31640	108e3164f	decompiled	chunks/001/functions-000120.c	-[SCPreviewCaptionTextView setShowCaptionStyleOptions:]	
108e31650	108e3165f	decompiled	chunks/001/functions-000120.c	-[SCPreviewCaptionTextView lineSpacing]	
108e31660	108e3167f	decompiled	chunks/001/functions-000120.c	-[SCPreviewCaptionTextView appliedStyle]	
108e31680	108e3168f	decompiled	chunks/001/functions-000120.c	-[SCPreviewCaptionTextView suppressesPasteConfigurationDuringFocus]	
108e31690	108e3169f	decompiled	chunks/001/functions-000120.c	-[SCPreviewCaptionTextView setSuppressesPasteConfigurationDuringFocus:]	
108e316a0	108e316af	decompiled	chunks/001/functions-000120.c	-[SCPreviewCaptionTextView .cxx_destruct]	
108e316b0	108e31783	decompiled	chunks/001/functions-000120.c	-[SCQuickCaptionManagerImpl initWithCaptionState:originalContentBounds:creativeToolsABProvider:]	
108e31784	108e31b3f	decompiled	chunks/001/functions-000120.c	-[SCQuickCaptionManagerImpl newViewForCurrentCaptionModeWithSuperviewBounds:superviewContentBounds:]	
108e31b40	108e31bf3	decompiled	chunks/001/functions-000120.c	-[SCQuickCaptionManagerImpl cleanUpLastMode]	
108e31bf4	108e31c8b	decompiled	chunks/001/functions-000120.c	-[SCQuickCaptionManagerImpl state]	
108e31c8c	108e31d27	decompiled	chunks/001/functions-000120.c	-[SCQuickCaptionManagerImpl isHidden]	
108e31d28	108e31dc7	decompiled	chunks/001/functions-000120.c	-[SCQuickCaptionManagerImpl text]	
108e31dc8	108e31e57	decompiled	chunks/001/functions-000120.c	-[SCQuickCaptionManagerImpl captionPresent]	
108e31e58	108e31efb	decompiled	chunks/001/functions-000120.c	-[SCQuickCaptionManagerImpl setText:]	
108e31efc	108e31f33	decompiled	chunks/001/functions-000120.c	-[SCQuickCaptionManagerImpl setHidden:]	
108e31f34	108e31f3b	decompiled	chunks/001/functions-000120.c	-[SCQuickCaptionManagerImpl caption]	
108e31f3c	108e31f6b	decompiled	chunks/001/functions-000120.c	-[SCQuickCaptionManagerImpl setCaption:]	
108e31f6c	108e31f73	decompiled	chunks/001/functions-000121.c	-[SCQuickCaptionManagerImpl initialState]	
108e31f74	108e31fa3	decompiled	chunks/001/functions-000121.c	-[SCQuickCaptionManagerImpl setInitialState:]	
108e31fa4	108e31fab	decompiled	chunks/001/functions-000121.c	-[SCQuickCaptionManagerImpl temporaryState]	
108e31fac	108e31fdb	decompiled	chunks/001/functions-000121.c	-[SCQuickCaptionManagerImpl setTemporaryState:]	
108e31fdc	108e31fe7	decompiled	chunks/001/functions-000121.c	-[SCQuickCaptionManagerImpl originalContentBounds]	
108e31fe8	108e31ff3	decompiled	chunks/001/functions-000121.c	-[SCQuickCaptionManagerImpl setOriginalContentBounds:]	
108e31ff4	108e31ffb	decompiled	chunks/001/functions-000121.c	-[SCQuickCaptionManagerImpl isLagunaMedia]	
108e31ffc	108e32003	decompiled	chunks/001/functions-000121.c	-[SCQuickCaptionManagerImpl setIsLagunaMedia:]	
108e32004	108e3201b	decompiled	chunks/001/functions-000121.c	-[SCQuickCaptionManagerImpl currentTransform]	
108e3201c	108e32033	decompiled	chunks/001/functions-000121.c	-[SCQuickCaptionManagerImpl setCurrentTransform:]	
108e32034	108e3206f	decompiled	chunks/001/functions-000121.c	-[SCQuickCaptionManagerImpl .cxx_destruct]	
108e32070	108e321cf	decompiled	chunks/001/functions-000121.c		
108e321d0	108e321ef	decompiled	chunks/001/functions-000121.c		
108e321f0	108e32263	decompiled	chunks/001/functions-000121.c		
108e32264	108e322ab	decompiled	chunks/001/functions-000121.c		
108e322ac	108e324b7	decompiled	chunks/001/functions-000121.c		
108e324b8	108e32663	decompiled	chunks/001/functions-000121.c		
108e32664	108e327d7	decompiled	chunks/001/functions-000121.c		
108e327d8	108e32913	decompiled	chunks/001/functions-000121.c		
108e32914	108e329df	decompiled	chunks/001/functions-000121.c		
108e329e0	108e32b8b	decompiled	chunks/001/functions-000121.c		
108e32b8c	108e32b9b	decompiled	chunks/001/functions-000121.c		
108e32b9c	108e32e57	decompiled	chunks/001/functions-000121.c		
108e32e58	108e32e5f	decompiled	chunks/001/functions-000121.c		
108e32e60	108e32ebf	decompiled	chunks/001/functions-000121.c		
108e32ec0	108e32fcf	decompiled	chunks/001/functions-000121.c		
108e32fd0	108e344d3	decompiled	chunks/001/functions-000121.c		
108e344d4	108e34807	decompiled	chunks/001/functions-000121.c		
108e34808	108e350fb	decompiled	chunks/001/functions-000121.c		
108e350fc	108e3598f	decompiled	chunks/001/functions-000121.c		
108e35990	108e35b23	decompiled	chunks/001/functions-000121.c		
108e35b24	108e35def	decompiled	chunks/001/functions-000121.c		
108e35df0	108e35e07	decompiled	chunks/001/functions-000121.c		
108e35e08	108e35edb	decompiled	chunks/001/functions-000121.c		
108e35edc	108e35f67	decompiled	chunks/001/functions-000121.c		
108e35f68	108e35fab	decompiled	chunks/001/functions-000121.c		
108e35fac	108e3757b	decompiled	chunks/001/functions-000121.c		
108e3757c	108e3761b	decompiled	chunks/001/functions-000121.c		
108e3761c	108e376ef	decompiled	chunks/001/functions-000121.c		
108e376f0	108e377db	decompiled	chunks/001/functions-000121.c		
108e377dc	108e37837	decompiled	chunks/001/functions-000121.c	-[SCUserSession captionStyleResourceProvider]	
108e37838	108e378f7	decompiled	chunks/001/functions-000121.c		
108e378f8	108e37fbf	decompiled	chunks/001/functions-000121.c	+[SCUserTaggingCaptionUtils extractUserTagsFromText:excludeCarouselTaggedItems:]	
108e37fc0	108e37fc7	decompiled	chunks/001/functions-000121.c		
108e37fc8	108e3802b	decompiled	chunks/001/functions-000121.c		
108e3802c	108e380fb	decompiled	chunks/001/functions-000121.c	+[SCUserTaggingCaptionUtils _partitionCharacterSet]	
108e380fc	108e388a7	decompiled	chunks/001/functions-000121.c		
108e388a8	108e388af	decompiled	chunks/001/functions-000121.c		
108e388b0	108e38ae3	decompiled	chunks/001/functions-000121.c	+[SCUserTaggingCaptionUtils handleCancelTagging:textView:userTaggingStartIndex:taggedItems:editingDelegate:]	
108e38ae4	108e38b1b	decompiled	chunks/001/functions-000121.c	+[SCSnapCropUtils initialize]	
108e38b1c	108e38bbf	decompiled	chunks/001/functions-000121.c	+[SCSnapCropUtils maxMediaAreaSize]	
108e38bc0	108e38c57	decompiled	chunks/001/functions-000121.c	+[SCSnapCropUtils defaultMaxMediaAreaFrame]	
108e38c58	108e38d4b	decompiled	chunks/001/functions-000121.c	+[SCSnapCropUtils defaultMaxMediaAreaFrameMatchingCapture]	
108e38d4c	108e38d63	decompiled	chunks/001/functions-000121.c	+[SCSnapCropUtils getRoundedScaleWithTargetScale:fillScale:]	
108e38d64	108e38fbb	decompiled	chunks/001/functions-000121.c	+[SCSnapCropUtils cropImageIfNeeded:croppingAspectRatio:]	
108e38fbc	108e39033	decompiled	chunks/001/functions-000121.c		
108e39034	108e390fb	decompiled	chunks/001/functions-000121.c		
108e390fc	108e3920b	decompiled	chunks/001/functions-000121.c	-[SCCaptionCarouselActionStyleModel toCaptionCarouselEventWithProtobufTransformer:]	
108e3920c	108e39223	decompiled	chunks/001/functions-000121.c	-[SCCaptionCarouselActionStyleModel _captionGestureTypeFromStyleGestureType:]	
108e39224	108e394ff	decompiled	chunks/001/functions-000121.c	-[SCComposerCaptionView initWithCaptionFetcher:]	
108e39500	108e39593	decompiled	chunks/001/functions-000121.c	-[SCComposerCaptionView _handleUpdateToStyle:]	
108e39594	108e39677	decompiled	chunks/001/functions-000121.c	-[SCComposerCaptionView _loadCaptionStyle:]	
108e39678	108e39737	decompiled	chunks/001/functions-000121.c		
108e39738	108e397af	decompiled	chunks/001/functions-000121.c		
108e397b0	108e3985b	decompiled	chunks/001/functions-000121.c	-[SCComposerCaptionView _setText:]	
108e3985c	108e398cb	decompiled	chunks/001/functions-000121.c	+[SCComposerCaptionView bindAttributes:]	
108e398cc	108e3997b	decompiled	chunks/001/functions-000121.c		
108e3997c	108e3997f	decompiled	chunks/001/functions-000121.c		
108e39980	108e3999b	decompiled	chunks/001/functions-000121.c		
108e3999c	108e399a7	decompiled	chunks/001/functions-000121.c		
108e399a8	108e399f7	decompiled	chunks/001/functions-000121.c	-[SCComposerCaptionView .cxx_destruct]	
108e399f8	108e39cd3	decompiled	chunks/001/functions-000121.c	-[SCCaptionCarouselController initWithValdiRuntime:captionFetcher:captionDataProvider:userTaggingFriendsProvider:previewCaptionLogger:delegate:asyncQueueProvider:creativeToolsABProvider:networkingClient:aiFontsEnabled:]	
108e39cd4	108e39d7f	decompiled	chunks/001/functions-000121.c	-[SCCaptionCarouselController _buildCarouselWithValdiRuntime:captionFetcher:]	
108e39d80	108e3a123	decompiled	chunks/001/functions-000121.c	-[SCCaptionCarouselController _captionCarouselContextViewFactoryWithValdiRuntime:captionFetcher:]	
108e3a124	108e3a1d7	decompiled	chunks/001/functions-000121.c		
108e3a1d8	108e3a257	decompiled	chunks/001/functions-000121.c		
108e3a258	108e3a31b	decompiled	chunks/001/functions-000121.c	-[SCCaptionCarouselController _captionViewFactoryWithValdiRuntime:captionFetcher:]	
108e3a31c	108e3a34b	decompiled	chunks/001/functions-000121.c		
108e3a34c	108e3a423	decompiled	chunks/001/functions-000121.c	-[SCCaptionCarouselController _updateCaptionStyles:]	
108e3a424	108e3a4af	decompiled	chunks/001/functions-000121.c		
108e3a4b0	108e3a4bb	decompiled	chunks/001/functions-000121.c		
108e3a4bc	108e3a513	decompiled	chunks/001/functions-000121.c	-[SCCaptionCarouselController _stateUpdateObservers]	
108e3a514	108e3a673	decompiled	chunks/001/functions-000121.c	-[SCCaptionCarouselController _stateEventHandling]	
108e3a674	108e3a783	decompiled	chunks/001/functions-000121.c		
108e3a784	108e3a81f	decompiled	chunks/001/functions-000121.c		
108e3a820	108e3a8d7	decompiled	chunks/001/functions-000121.c	-[SCCaptionCarouselController _metrics]	
108e3a8d8	108e3a94f	decompiled	chunks/001/functions-000121.c		
108e3a950	108e3a963	decompiled	chunks/001/functions-000121.c		
108e3a964	108e3a9eb	decompiled	chunks/001/functions-000121.c	-[SCCaptionCarouselController _captionEditorState]	
108e3a9ec	108e3ab43	decompiled	chunks/001/functions-000121.c		
108e3ab44	108e3ac8f	decompiled	chunks/001/functions-000121.c	-[SCCaptionCarouselController _appliedEntities]	
108e3ac90	108e3aca7	decompiled	chunks/001/functions-000121.c		
108e3aca8	108e3ad67	decompiled	chunks/001/functions-000121.c		
108e3ad68	108e3ae4f	decompiled	chunks/001/functions-000121.c		
108e3ae50	108e3afaf	decompiled	chunks/001/functions-000121.c		
108e3afb0	108e3afbb	decompiled	chunks/001/functions-000121.c		
108e3afbc	108e3b103	decompiled	chunks/001/functions-000121.c	-[SCCaptionCarouselController _searchEntitiesSubjectForEntityTypes:query:]	
108e3b104	108e3b1ab	decompiled	chunks/001/functions-000121.c		
108e3b1ac	108e3b1b7	decompiled	chunks/001/functions-000121.c		
108e3b1b8	108e3b2bf	decompiled	chunks/001/functions-000121.c	-[SCCaptionCarouselController _allEntitiesSubjectForEntityType:]	
108e3b2c0	108e3b367	decompiled	chunks/001/functions-000122.c		
108e3b368	108e3b373	decompiled	chunks/001/functions-000122.c		
108e3b374	108e3b613	decompiled	chunks/001/functions-000122.c	-[SCCaptionCarouselController _captionCarouselEntityModelFromSnapchatter:]	
108e3b614	108e3b683	decompiled	chunks/001/functions-000122.c	-[SCCaptionCarouselController _settings]	
108e3b684	108e3b76f	decompiled	chunks/001/functions-000122.c	-[SCCaptionCarouselController _setCurrentCaptionText:currentSelectedRange:]	
108e3b770	108e3b7c7	decompiled	chunks/001/functions-000122.c		
108e3b7c8	108e3b89f	decompiled	chunks/001/functions-000122.c	-[SCCaptionCarouselController _setCurrentCaptionColor:]	
108e3b8a0	108e3b8e7	decompiled	chunks/001/functions-000122.c		
108e3b8e8	108e3b9bf	decompiled	chunks/001/functions-000122.c	-[SCCaptionCarouselController _setCurrentCaptionStyle:]	
108e3b9c0	108e3ba13	decompiled	chunks/001/functions-000122.c		
108e3ba14	108e3ba1b	decompiled	chunks/001/functions-000122.c	-[SCCaptionCarouselController _getCurrentCaptionStyle]	
108e3ba1c	108e3ba97	decompiled	chunks/001/functions-000122.c	-[SCCaptionCarouselController _nativeCTItemForCaptionStyle:]	
108e3ba98	108e3bb5f	decompiled	chunks/001/functions-000122.c	-[SCCaptionCarouselController _dynamicCaptionStyleForNativeCTItem:]	
108e3bb60	108e3bbe7	decompiled	chunks/001/functions-000122.c	-[SCCaptionCarouselController _handleCarouselAction]	
108e3bbe8	108e3bcf3	decompiled	chunks/001/functions-000122.c		
108e3bcf4	108e3bd7b	decompiled	chunks/001/functions-000122.c	-[SCCaptionCarouselController _handleCarouselActionText:]	
108e3bd7c	108e3c1af	decompiled	chunks/001/functions-000122.c		
108e3c1b0	108e3c273	decompiled	chunks/001/functions-000122.c	-[SCCaptionCarouselController _handleCarouselActionStyleModel:]	
108e3c274	108e3c2ab	decompiled	chunks/001/functions-000122.c		
108e3c2ac	108e3c393	decompiled	chunks/001/functions-000122.c	-[SCCaptionCarouselController _handleCarouselActionColorModel:]	
108e3c394	108e3c45f	decompiled	chunks/001/functions-000122.c	-[SCCaptionCarouselController _handleCarouselActionExternalModel:]	
108e3c460	108e3c487	decompiled	chunks/001/functions-000122.c	-[SCCaptionCarouselController containerView]	
108e3c488	108e3c497	decompiled	chunks/001/functions-000122.c	-[SCCaptionCarouselController carouselMode]	
108e3c498	108e3c543	decompiled	chunks/001/functions-000122.c	-[SCCaptionCarouselController switchToCarouselMode:]	
108e3c544	108e3c553	decompiled	chunks/001/functions-000122.c	-[SCCaptionCarouselController setAndScrollToSelectedItemWithCaptionStyle:]	
108e3c554	108e3c603	decompiled	chunks/001/functions-000122.c	-[SCCaptionCarouselController selectedCaptionStyle]	
108e3c604	108e3c60b	decompiled	chunks/001/functions-000122.c	-[SCCaptionCarouselController captionScrollCount]	
108e3c60c	108e3c653	decompiled	chunks/001/functions-000122.c	-[SCCaptionCarouselController captionStyleLoadingTime]	
108e3c654	108e3c693	decompiled	chunks/001/functions-000122.c	-[SCCaptionCarouselController updateCaptionStylesFromMemoriesWithSet:]	
108e3c694	108e3c87f	decompiled	chunks/001/functions-000122.c	-[SCCaptionCarouselController willStartEditingCaption:]	
108e3c880	108e3c913	decompiled	chunks/001/functions-000122.c		
108e3c914	108e3c9a3	decompiled	chunks/001/functions-000122.c	-[SCCaptionCarouselController captionSelectionChanged:text:]	
108e3c9a4	108e3c9e7	decompiled	chunks/001/functions-000122.c	-[SCCaptionCarouselController prepareToStopCaptionEditing]	
108e3c9e8	108e3c9ef	decompiled	chunks/001/functions-000122.c	-[SCCaptionCarouselController captionDataProviderDidUpdate:captionStylesWithNoRecents:]	
108e3c9f0	108e3cab7	decompiled	chunks/001/functions-000122.c	-[SCCaptionCarouselController .cxx_destruct]	
108e3cab8	108e3cdfb	decompiled	chunks/001/functions-000122.c	-[SCCaptionStickerSuggestionsController initWithValdiRuntime:infoStickerDataProvider:captionStickerSuggestionsServices:delegate:]	
108e3cdfc	108e3cebf	decompiled	chunks/001/functions-000122.c		
108e3cec0	108e3cf67	decompiled	chunks/001/functions-000122.c		
108e3cf68	108e3d0e3	decompiled	chunks/001/functions-000122.c		
108e3d0e4	108e3d10b	decompiled	chunks/001/functions-000122.c	-[SCCaptionStickerSuggestionsController containerView]	
108e3d10c	108e3d14f	decompiled	chunks/001/functions-000122.c	-[SCCaptionStickerSuggestionsController hasRenderableSuggestions]	
108e3d150	108e3d1af	decompiled	chunks/001/functions-000122.c	-[SCCaptionStickerSuggestionsController refreshSuggestions]	
108e3d1b0	108e3d24f	decompiled	chunks/001/functions-000122.c	-[SCCaptionStickerSuggestionsController _didTapSticker:]	
108e3d250	108e3d27b	decompiled	chunks/001/functions-000122.c	-[SCCaptionStickerSuggestionsController _didTapViewAll]	
108e3d27c	108e3d2a7	decompiled	chunks/001/functions-000122.c	-[SCCaptionStickerSuggestionsController _didTapCutout]	
108e3d2a8	108e3d2f7	decompiled	chunks/001/functions-000122.c	-[SCCaptionStickerSuggestionsController .cxx_destruct]	
108e3d2f8	108e3d3c3	decompiled	chunks/001/functions-000122.c	-[SCCaptionStyleLabel init]	
108e3d3c4	108e3dc3f	decompiled	chunks/001/functions-000122.c	-[SCCaptionStyleLabel setCaptionStyle:isDynamicCaptionStyle:text:]	
108e3dc40	108e3dd6f	decompiled	chunks/001/functions-000122.c	-[SCCaptionStyleLabel drawTextInRect:]	
108e3dd70	108e3ded3	decompiled	chunks/001/functions-000122.c	-[SCCaptionStyleLabel _setShadows:attributeString:]	
108e3ded4	108e3e187	decompiled	chunks/001/functions-000122.c	-[SCCaptionStyleLabel _setFontColor:]	
108e3e188	108e3e19b	decompiled	chunks/001/functions-000122.c	-[SCCaptionStyleLabel .cxx_destruct]	
108e3e19c	108e3e223	decompiled	chunks/001/functions-000122.c	-[SCCaptionCarouselFeatureEvent initWithEntity:type:]	
108e3e224	108e3e247	decompiled	chunks/001/functions-000122.c	-[SCCaptionCarouselFeatureEvent copyWithZone:]	
108e3e248	108e3e2b3	decompiled	chunks/001/functions-000122.c	-[SCCaptionCarouselFeatureEvent hash]	
108e3e2b4	108e3e353	decompiled	chunks/001/functions-000122.c	-[SCCaptionCarouselFeatureEvent isEqual:]	
108e3e354	108e3e35b	decompiled	chunks/001/functions-000122.c	-[SCCaptionCarouselFeatureEvent entity]	
108e3e35c	108e3e363	decompiled	chunks/001/functions-000122.c	-[SCCaptionCarouselFeatureEvent type]	
108e3e364	108e3e36f	decompiled	chunks/001/functions-000122.c	-[SCCaptionCarouselFeatureEvent .cxx_destruct]	
108e3e370	108e3e3fb	decompiled	chunks/001/functions-000122.c	-[SCCaptionCarouselEvent initWithSelectedCaptionStyle:selectedIndex:gestureType:]	
108e3e3fc	108e3e41f	decompiled	chunks/001/functions-000122.c	-[SCCaptionCarouselEvent copyWithZone:]	
108e3e420	108e3e48f	decompiled	chunks/001/functions-000122.c	-[SCCaptionCarouselEvent hash]	
108e3e490	108e3e53f	decompiled	chunks/001/functions-000122.c	-[SCCaptionCarouselEvent isEqual:]	
108e3e540	108e3e547	decompiled	chunks/001/functions-000122.c	-[SCCaptionCarouselEvent selectedCaptionStyle]	
108e3e548	108e3e54f	decompiled	chunks/001/functions-000122.c	-[SCCaptionCarouselEvent selectedIndex]	
108e3e550	108e3e557	decompiled	chunks/001/functions-000122.c	-[SCCaptionCarouselEvent gestureType]	
108e3e558	108e3e563	decompiled	chunks/001/functions-000122.c	-[SCCaptionCarouselEvent .cxx_destruct]	
108e3e564	108e3e56f	decompiled	chunks/001/functions-000122.c	+[SCCreativeToolsNativeStickerSuggestionsCarousel componentPath]	
108e3e570	108e3e5a3	decompiled	chunks/001/functions-000122.c	-[SCCreativeToolsNativeStickerSuggestionsCarousel initWithViewModel:componentContext:runtime:]	
108e3e5a4	108e3e5f3	decompiled	chunks/001/functions-000122.c	-[SCCreativeToolsNativeStickerSuggestionsCarousel setViewModel:]	
108e3e5f4	108e3e637	decompiled	chunks/001/functions-000122.c	-[SCCreativeToolsNativeStickerSuggestionsCarousel viewModel]	
108e3e638	108e3e703	decompiled	chunks/001/functions-000122.c	-[SCCreativeToolsNativeStickerSuggestionsCarouselContext initWithOnStickerTapped:onViewAllTapped:onCutoutTapped:]	
108e3e704	108e3e717	decompiled	chunks/001/functions-000122.c	+[SCCreativeToolsNativeStickerSuggestionsCarouselContext valdiMarshallableObjectDescriptor]	
108e3e718	108e3e753	decompiled	chunks/001/functions-000122.c	-[SCCreativeToolsNativeStickerSuggestionsCarouselViewModel initWithStickersObservable:]	
108e3e754	108e3e777	decompiled	chunks/001/functions-000122.c	+[SCCreativeToolsNativeStickerSuggestionsCarouselViewModel valdiMarshallableObjectDescriptor]	
108e3e778	108e3e813	decompiled	chunks/001/functions-000122.c	-[CTPObservableDebounce initWithTimeout:parent:]	
108e3e814	108e3e8ab	decompiled	chunks/001/functions-000122.c	-[CTPObservableDebounce subscribe:]	
108e3e8ac	108e3e8bf	decompiled	chunks/001/functions-000122.c	-[CTPObservableDebounce .cxx_destruct]	
108e3e8c0	108e3e95f	decompiled	chunks/001/functions-000122.c	-[CTPObserverDebounce initWithObserver:timeout:]	
108e3e960	108e3e9bf	decompiled	chunks/001/functions-000122.c	-[CTPObserverDebounce _timeoutEndedWithNext:]	
108e3e9c0	108e3eb1b	decompiled	chunks/001/functions-000122.c	-[CTPObserverDebounce next:]	
108e3eb1c	108e3eb4f	decompiled	chunks/001/functions-000122.c		
108e3eb50	108e3eb57	decompiled	chunks/001/functions-000122.c	-[CTPObserverDebounce complete]	
108e3eb58	108e3eb93	decompiled	chunks/001/functions-000122.c	-[CTPObserverDebounce .cxx_destruct]	
108e3eb94	108e3ebd3	decompiled	chunks/001/functions-000122.c	-[SCObservable creativeTools_debounce:]	
108e3ebd4	108e3ebef	decompiled	chunks/001/functions-000122.c	-[SCObservable switchOnNext]	
108e3ebf0	108e3eca3	decompiled	chunks/001/functions-000122.c		
108e3eca4	108e3ecb3	decompiled	chunks/001/functions-000122.c		
108e3ecb4	108e3efcb	decompiled	chunks/001/functions-000122.c	+[SCCaptionHelpers gradientImageFromColors:colorStops:colorGradientAngleDegree:imageSize:drawingRects:]	
108e3efcc	108e3efe3	decompiled	chunks/001/functions-000122.c		
108e3efe4	108e3f0db	decompiled	chunks/001/functions-000122.c	+[SCCaptionHelpers fallBackToSystemfontOfSize:captionStyleId:]	
108e3f0dc	108e3f1b3	decompiled	chunks/001/functions-000122.c	-[SCCaptionStateUtils init]	
108e3f1b4	108e3f317	decompiled	chunks/001/functions-000122.c	-[SCCaptionStateUtils copyWithZone:]	
108e3f318	108e3f3d7	decompiled	chunks/001/functions-000122.c	+[SCCaptionStateUtils stateWithStyle:text:hidden:]	
108e3f3d8	108e3f41f	decompiled	chunks/001/functions-000122.c	+[SCCaptionStateUtils stateWithStyle:source:text:hidden:]	
108e3f420	108e3f653	decompiled	chunks/001/functions-000122.c	-[SCCaptionStateUtils isEqual:]	
108e3f654	108e3f65b	decompiled	chunks/001/functions-000122.c	-[SCCaptionStateUtils hash]	
108e3f65c	108e3f6c3	decompiled	chunks/001/functions-000122.c	-[SCCaptionStateUtils isClassicStyle]	
108e3f6c4	108e3f70b	decompiled	chunks/001/functions-000122.c	-[SCCaptionStateUtils isClassicStyleApplied]	
108e3f70c	108e3f713	decompiled	chunks/001/functions-000122.c	-[SCCaptionStateUtils stylePreference]	
108e3f714	108e3f71b	decompiled	chunks/001/functions-000123.c	-[SCCaptionStateUtils setStylePreference:]	
108e3f71c	108e3f723	decompiled	chunks/001/functions-000123.c	-[SCCaptionStateUtils attributedText]	
108e3f724	108e3f72b	decompiled	chunks/001/functions-000123.c	-[SCCaptionStateUtils setAttributedText:]	
108e3f72c	108e3f733	decompiled	chunks/001/functions-000123.c	-[SCCaptionStateUtils centerX]	
108e3f734	108e3f73b	decompiled	chunks/001/functions-000123.c	-[SCCaptionStateUtils setCenterX:]	
108e3f73c	108e3f743	decompiled	chunks/001/functions-000123.c	-[SCCaptionStateUtils centerY]	
108e3f744	108e3f74b	decompiled	chunks/001/functions-000123.c	-[SCCaptionStateUtils setCenterY:]	
108e3f74c	108e3f753	decompiled	chunks/001/functions-000123.c	-[SCCaptionStateUtils displayingFontSize]	
108e3f754	108e3f75b	decompiled	chunks/001/functions-000123.c	-[SCCaptionStateUtils setDisplayingFontSize:]	
108e3f75c	108e3f763	decompiled	chunks/001/functions-000123.c	-[SCCaptionStateUtils editing]	
108e3f764	108e3f76b	decompiled	chunks/001/functions-000123.c	-[SCCaptionStateUtils setEditing:]	
108e3f76c	108e3f773	decompiled	chunks/001/functions-000123.c	-[SCCaptionStateUtils editingFontSize]	
108e3f774	108e3f77b	decompiled	chunks/001/functions-000123.c	-[SCCaptionStateUtils setEditingFontSize:]	
108e3f77c	108e3f783	decompiled	chunks/001/functions-000123.c	-[SCCaptionStateUtils hidden]	
108e3f784	108e3f78b	decompiled	chunks/001/functions-000123.c	-[SCCaptionStateUtils setHidden:]	
108e3f78c	108e3f793	decompiled	chunks/001/functions-000123.c	-[SCCaptionStateUtils isTracking]	
108e3f794	108e3f79b	decompiled	chunks/001/functions-000123.c	-[SCCaptionStateUtils setIsTracking:]	
108e3f79c	108e3f7a3	decompiled	chunks/001/functions-000123.c	-[SCCaptionStateUtils keyboardHeight]	
108e3f7a4	108e3f7ab	decompiled	chunks/001/functions-000123.c	-[SCCaptionStateUtils setKeyboardHeight:]	
108e3f7ac	108e3f7b3	decompiled	chunks/001/functions-000123.c	-[SCCaptionStateUtils relativeSize]	
108e3f7b4	108e3f7bb	decompiled	chunks/001/functions-000123.c	-[SCCaptionStateUtils setRelativeSize:]	
108e3f7bc	108e3f7c3	decompiled	chunks/001/functions-000123.c	-[SCCaptionStateUtils rotation]	
108e3f7c4	108e3f7cb	decompiled	chunks/001/functions-000123.c	-[SCCaptionStateUtils setRotation:]	
108e3f7cc	108e3f7d3	decompiled	chunks/001/functions-000123.c	-[SCCaptionStateUtils text]	
108e3f7d4	108e3f7db	decompiled	chunks/001/functions-000123.c	-[SCCaptionStateUtils setText:]	
108e3f7dc	108e3f7e3	decompiled	chunks/001/functions-000123.c	-[SCCaptionStateUtils alignment]	
108e3f7e4	108e3f7eb	decompiled	chunks/001/functions-000123.c	-[SCCaptionStateUtils setAlignment:]	
108e3f7ec	108e3f7f3	decompiled	chunks/001/functions-000123.c	-[SCCaptionStateUtils captionStyle]	
108e3f7f4	108e3f823	decompiled	chunks/001/functions-000123.c	-[SCCaptionStateUtils setCaptionStyle:]	
108e3f824	108e3f82b	decompiled	chunks/001/functions-000123.c	-[SCCaptionStateUtils appliedStyle]	
108e3f82c	108e3f85b	decompiled	chunks/001/functions-000123.c	-[SCCaptionStateUtils setAppliedStyle:]	
108e3f85c	108e3f863	decompiled	chunks/001/functions-000123.c	-[SCCaptionStateUtils lastTextTransform]	
108e3f864	108e3f86b	decompiled	chunks/001/functions-000123.c	-[SCCaptionStateUtils setLastTextTransform:]	
108e3f86c	108e3f873	decompiled	chunks/001/functions-000123.c	-[SCCaptionStateUtils pickedColor]	
108e3f874	108e3f87b	decompiled	chunks/001/functions-000123.c	-[SCCaptionStateUtils setPickedColor:]	
108e3f87c	108e3f883	decompiled	chunks/001/functions-000123.c	-[SCCaptionStateUtils source]	
108e3f884	108e3f88b	decompiled	chunks/001/functions-000123.c	-[SCCaptionStateUtils setSource:]	
108e3f88c	108e3f893	decompiled	chunks/001/functions-000123.c	-[SCCaptionStateUtils taggedUsers]	
108e3f894	108e3f89b	decompiled	chunks/001/functions-000123.c	-[SCCaptionStateUtils setTaggedUsers:]	
108e3f89c	108e3f8a3	decompiled	chunks/001/functions-000123.c	-[SCCaptionStateUtils topics]	
108e3f8a4	108e3f8ab	decompiled	chunks/001/functions-000123.c	-[SCCaptionStateUtils setTopics:]	
108e3f8ac	108e3f8b3	decompiled	chunks/001/functions-000123.c	-[SCCaptionStateUtils trackingTrajectory]	
108e3f8b4	108e3f8bb	decompiled	chunks/001/functions-000123.c	-[SCCaptionStateUtils setTrackingTrajectory:]	
108e3f8bc	108e3f8c3	decompiled	chunks/001/functions-000123.c	-[SCCaptionStateUtils uniqueId]	
108e3f8c4	108e3f8cb	decompiled	chunks/001/functions-000123.c	-[SCCaptionStateUtils setUniqueId:]	
108e3f8cc	108e3f8d3	decompiled	chunks/001/functions-000123.c	-[SCCaptionStateUtils playbackLayerId]	
108e3f8d4	108e3f8db	decompiled	chunks/001/functions-000123.c	-[SCCaptionStateUtils setPlaybackLayerId:]	
108e3f8dc	108e3f8e3	decompiled	chunks/001/functions-000123.c	-[SCCaptionStateUtils userTaggingStartIndex]	
108e3f8e4	108e3f8eb	decompiled	chunks/001/functions-000123.c	-[SCCaptionStateUtils setUserTaggingStartIndex:]	
108e3f8ec	108e3f8f3	decompiled	chunks/001/functions-000123.c	-[SCCaptionStateUtils isTimed]	
108e3f8f4	108e3f8fb	decompiled	chunks/001/functions-000123.c	-[SCCaptionStateUtils setIsTimed:]	
108e3f8fc	108e3f903	decompiled	chunks/001/functions-000123.c	-[SCCaptionStateUtils taggedTextBounds]	
108e3f904	108e3f90b	decompiled	chunks/001/functions-000123.c	-[SCCaptionStateUtils setTaggedTextBounds:]	
108e3f90c	108e3f913	decompiled	chunks/001/functions-000123.c	-[SCCaptionStateUtils hasDismissedPollsSuggestions]	
108e3f914	108e3f91b	decompiled	chunks/001/functions-000123.c	-[SCCaptionStateUtils setHasDismissedPollsSuggestions:]	
108e3f91c	108e3f923	decompiled	chunks/001/functions-000123.c	-[SCCaptionStateUtils editCapabilities]	
108e3f924	108e3f92b	decompiled	chunks/001/functions-000123.c	-[SCCaptionStateUtils setEditCapabilities:]	
108e3f92c	108e3f933	decompiled	chunks/001/functions-000123.c	-[SCCaptionStateUtils generatedMagicCaptionText]	
108e3f934	108e3f93b	decompiled	chunks/001/functions-000123.c	-[SCCaptionStateUtils setGeneratedMagicCaptionText:]	
108e3f93c	108e3f9d7	decompiled	chunks/001/functions-000123.c	-[SCCaptionStateUtils .cxx_destruct]	
108e3f9d8	108e3fa43	decompiled	chunks/001/functions-000123.c	-[SCColorPickerDropletView initWithFrame:]	
108e3fa44	108e3fb03	decompiled	chunks/001/functions-000123.c	-[SCColorPickerDropletView initWithColorDropletView:]	
108e3fb04	108e3fc4b	decompiled	chunks/001/functions-000123.c	-[SCColorPickerDropletView _setupBorderView]	
108e3fc4c	108e3fc8f	decompiled	chunks/001/functions-000123.c	-[SCColorPickerDropletView borderShapeLayer]	
108e3fc90	108e3fd5b	decompiled	chunks/001/functions-000123.c	-[SCColorPickerDropletView setColor:]	
108e3fd5c	108e400c7	decompiled	chunks/001/functions-000123.c	-[SCColorPickerDropletView setCurrentPath:]	
108e400c8	108e400d7	decompiled	chunks/001/functions-000123.c	-[SCColorPickerDropletView color]	
108e400d8	108e400e7	decompiled	chunks/001/functions-000123.c	-[SCColorPickerDropletView borderView]	
108e400e8	108e40127	decompiled	chunks/001/functions-000123.c	-[SCColorPickerDropletView setBorderView:]	
108e40128	108e40167	decompiled	chunks/001/functions-000123.c	-[SCColorPickerDropletView .cxx_destruct]	
108e40168	108e401db	decompiled	chunks/001/functions-000123.c	-[SCColorPickerGradientView initWithPaletteModel:]	
108e401dc	108e40797	decompiled	chunks/001/functions-000123.c	-[SCColorPickerGradientView _setupColorsFromPalette:]	
108e40798	108e40ac3	decompiled	chunks/001/functions-000123.c	-[SCColorPickerGradientView _setupGradientView]	
108e40ac4	108e40bd7	decompiled	chunks/001/functions-000123.c	-[SCColorPickerGradientView layoutSubviews]	
108e40bd8	108e40c0f	decompiled	chunks/001/functions-000123.c	-[SCColorPickerGradientView pointInside:withEvent:]	
108e40c10	108e40e17	decompiled	chunks/001/functions-000123.c	-[SCColorPickerGradientView setMaskPath:]	
108e40e18	108e40e67	decompiled	chunks/001/functions-000123.c	-[SCColorPickerGradientView setAdjustingColorEnabled:]	
108e40e68	108e40e77	decompiled	chunks/001/functions-000123.c	-[SCColorPickerGradientView adjustSaturation:]	
108e40e78	108e40e87	decompiled	chunks/001/functions-000123.c	-[SCColorPickerGradientView adjustBrightness:]	
108e40e88	108e4102b	decompiled	chunks/001/functions-000123.c	-[SCColorPickerGradientView gradientColorForLocation:]	
108e4102c	108e4113b	decompiled	chunks/001/functions-000123.c	-[SCColorPickerGradientView locationForColor:]	
108e4113c	108e413d7	decompiled	chunks/001/functions-000123.c	-[SCColorPickerGradientView _adjustColors]	
108e413d8	108e414ab	decompiled	chunks/001/functions-000123.c	-[SCColorPickerGradientView reloadColorsFromPalette:]	
108e414ac	108e41533	decompiled	chunks/001/functions-000123.c		
108e41534	108e41543	decompiled	chunks/001/functions-000123.c	-[SCColorPickerGradientView animateForCompact]	
108e41544	108e41553	decompiled	chunks/001/functions-000123.c	-[SCColorPickerGradientView setAnimateForCompact:]	
108e41554	108e41563	decompiled	chunks/001/functions-000123.c	-[SCColorPickerGradientView maskPath]	
108e41564	108e41573	decompiled	chunks/001/functions-000123.c	-[SCColorPickerGradientView isAdjustingColorEnabled]	
108e41574	108e41583	decompiled	chunks/001/functions-000123.c	-[SCColorPickerGradientView gradientView]	
108e41584	108e415c3	decompiled	chunks/001/functions-000123.c	-[SCColorPickerGradientView setGradientView:]	
108e415c4	108e415d3	decompiled	chunks/001/functions-000123.c	-[SCColorPickerGradientView gradientViewForColorLookup]	
108e415d4	108e41613	decompiled	chunks/001/functions-000123.c	-[SCColorPickerGradientView setGradientViewForColorLookup:]	
108e41614	108e41623	decompiled	chunks/001/functions-000123.c	-[SCColorPickerGradientView shapeMaskView]	
108e41624	108e41663	decompiled	chunks/001/functions-000123.c	-[SCColorPickerGradientView setShapeMaskView:]	
108e41664	108e41673	decompiled	chunks/001/functions-000123.c	-[SCColorPickerGradientView currentColors]	
108e41674	108e416b3	decompiled	chunks/001/functions-000123.c	-[SCColorPickerGradientView setCurrentColors:]	
108e416b4	108e416c3	decompiled	chunks/001/functions-000123.c	-[SCColorPickerGradientView currentCGColors]	
108e416c4	108e41703	decompiled	chunks/001/functions-000123.c	-[SCColorPickerGradientView setCurrentCGColors:]	
108e41704	108e41713	decompiled	chunks/001/functions-000123.c	-[SCColorPickerGradientView adjustedBrightness]	
108e41714	108e41723	decompiled	chunks/001/functions-000123.c	-[SCColorPickerGradientView setAdjustedBrightness:]	
108e41724	108e41733	decompiled	chunks/001/functions-000124.c	-[SCColorPickerGradientView adjustedSaturation]	
108e41734	108e41743	decompiled	chunks/001/functions-000124.c	-[SCColorPickerGradientView setAdjustedSaturation:]	
108e41744	108e41753	decompiled	chunks/001/functions-000124.c	-[SCColorPickerGradientView adjustedAlpha]	
108e41754	108e41763	decompiled	chunks/001/functions-000124.c	-[SCColorPickerGradientView setAdjustedAlpha:]	
108e41764	108e41773	decompiled	chunks/001/functions-000124.c	-[SCColorPickerGradientView savedHue]	
108e41774	108e41783	decompiled	chunks/001/functions-000124.c	-[SCColorPickerGradientView setSavedHue:]	
108e41784	108e41793	decompiled	chunks/001/functions-000124.c	-[SCColorPickerGradientView useColorPickerV2]	
108e41794	108e417a3	decompiled	chunks/001/functions-000124.c	-[SCColorPickerGradientView setUseColorPickerV2:]	
108e417a4	108e41823	decompiled	chunks/001/functions-000124.c	-[SCColorPickerGradientView .cxx_destruct]	
108e41824	108e41893	decompiled	chunks/001/functions-000124.c	-[SCColorPickerView initWithColorPickerVersion:paletteType:orientation:]	
108e41894	108e418cb	decompiled	chunks/001/functions-000124.c	+[SCColorPickerView createColorPickerViewWithOrientation:]	
108e418cc	108e41907	decompiled	chunks/001/functions-000124.c	+[SCColorPickerView createPalettedColorPickerViewWithPaletteType:orientation:]	
108e41908	108e41cbf	decompiled	chunks/001/functions-000124.c	-[SCColorPickerView _setupViewWithColorPickerVersion:paletteType:orientation:]	
108e41cc0	108e41e33	decompiled	chunks/001/functions-000124.c	-[SCColorPickerView _createPaletteSwitchButton]	
108e41e34	108e41e9f	decompiled	chunks/001/functions-000124.c	-[SCColorPickerView sizeThatFits:]	
108e41ea0	108e42287	decompiled	chunks/001/functions-000124.c	-[SCColorPickerView layoutSubviews]	
108e42288	108e423c7	decompiled	chunks/001/functions-000124.c	-[SCColorPickerView longPress:]	
108e423c8	108e424a7	decompiled	chunks/001/functions-000124.c	-[SCColorPickerView _stateBeganGestureRecognizer:]	
108e424a8	108e424ef	decompiled	chunks/001/functions-000124.c		
108e424f0	108e426bf	decompiled	chunks/001/functions-000124.c	-[SCColorPickerView _stateChangedGestureRecognizer:]	
108e426c0	108e426fb	decompiled	chunks/001/functions-000124.c		
108e426fc	108e427db	decompiled	chunks/001/functions-000124.c	-[SCColorPickerView _stateEndedGestureRecognizer:]	
108e427dc	108e4293b	decompiled	chunks/001/functions-000124.c		
108e4293c	108e429df	decompiled	chunks/001/functions-000124.c	-[SCColorPickerView moveDropletToCenter]	
108e429e0	108e42ab7	decompiled	chunks/001/functions-000124.c	-[SCColorPickerView moveDropletToColor:]	
108e42ab8	108e42b8f	decompiled	chunks/001/functions-000124.c	-[SCColorPickerView setDelegate:]	
108e42b90	108e42d23	decompiled	chunks/001/functions-000124.c	-[SCColorPickerView _animatePathToDefault]	
108e42d24	108e42e03	decompiled	chunks/001/functions-000124.c	-[SCColorPickerView _updatePathsForLocation:]	
108e42e04	108e4315b	decompiled	chunks/001/functions-000124.c	-[SCColorPickerView _pathForLocation:]	
108e4315c	108e431e7	decompiled	chunks/001/functions-000124.c	-[SCColorPickerView _pathCurveForLocation:]	
108e431e8	108e4338f	decompiled	chunks/001/functions-000124.c	-[SCColorPickerView _shouldExpandHeightWithGesture:]	
108e43390	108e4347f	decompiled	chunks/001/functions-000124.c	-[SCColorPickerView _setDropletOriginY:offsetX:]	
108e43480	108e434df	decompiled	chunks/001/functions-000124.c	-[SCColorPickerView _setHeightExpanded:]	
108e434e0	108e4350b	decompiled	chunks/001/functions-000124.c	-[SCColorPickerView _colorContainerDefaultHeight]	
108e4350c	108e43517	decompiled	chunks/001/functions-000124.c	-[SCColorPickerView _defaultHeight]	
108e43518	108e43597	decompiled	chunks/001/functions-000124.c	-[SCColorPickerView _containerViewBounds]	
108e43598	108e43673	decompiled	chunks/001/functions-000124.c	-[SCColorPickerView hitTest:withEvent:]	
108e43674	108e436ff	decompiled	chunks/001/functions-000124.c	-[SCColorPickerView _gradientPickerTouchBounds]	
108e43700	108e4370f	decompiled	chunks/001/functions-000124.c	-[SCColorPickerView _colorAtLocation:]	
108e43710	108e4371f	decompiled	chunks/001/functions-000124.c	-[SCColorPickerView _locationForColor:]	
108e43720	108e4394f	decompiled	chunks/001/functions-000124.c	-[SCColorPickerView _updateDropletWithLocation:]	
108e43950	108e439af	decompiled	chunks/001/functions-000124.c		
108e439b0	108e43cf3	decompiled	chunks/001/functions-000124.c	-[SCColorPickerView _updateColorWithLocation:animateDroplet:]	
108e43cf4	108e43d2b	decompiled	chunks/001/functions-000124.c		
108e43d2c	108e43d63	decompiled	chunks/001/functions-000124.c	-[SCColorPickerView _paletteSwitchButtonHeight]	
108e43d64	108e43e3f	decompiled	chunks/001/functions-000124.c	-[SCColorPickerView _togglePaletteModel]	
108e43e40	108e43fab	decompiled	chunks/001/functions-000124.c	-[SCColorPickerView _updateSwitchViewWithPaletteModel]	
108e43fac	108e44017	decompiled	chunks/001/functions-000124.c	-[SCColorPickerView willAnimateColorPickerForViewMode:]	
108e44018	108e440b7	decompiled	chunks/001/functions-000124.c	-[SCColorPickerView animateColorPickerForViewMode:]	
108e440b8	108e4411b	decompiled	chunks/001/functions-000124.c	-[SCColorPickerView didAnimateColorPickerForViewMode:]	
108e4411c	108e4413b	decompiled	chunks/001/functions-000124.c	-[SCColorPickerView delegate]	
108e4413c	108e4414b	decompiled	chunks/001/functions-000124.c	-[SCColorPickerView dropletOriginY]	
108e4414c	108e4415b	decompiled	chunks/001/functions-000124.c	-[SCColorPickerView dropletView]	
108e4415c	108e4416b	decompiled	chunks/001/functions-000124.c	-[SCColorPickerView isHeightExpanded]	
108e4416c	108e4417b	decompiled	chunks/001/functions-000124.c	-[SCColorPickerView setHeightExpanded:]	
108e4417c	108e4418b	decompiled	chunks/001/functions-000124.c	-[SCColorPickerView isColorLocked]	
108e4418c	108e4419b	decompiled	chunks/001/functions-000124.c	-[SCColorPickerView setColorLocked:]	
108e4419c	108e44257	decompiled	chunks/001/functions-000124.c	-[SCColorPickerView .cxx_destruct]	
108e44258	108e44453	decompiled	chunks/001/functions-000124.c	-[SCDrawingDropletView initWithFrame:]	
108e44454	108e4449f	decompiled	chunks/001/functions-000124.c	-[SCDrawingDropletView sizeThatFits:]	
108e444a0	108e444bb	decompiled	chunks/001/functions-000124.c	-[SCDrawingDropletView isExpanded]	
108e444bc	108e444cb	decompiled	chunks/001/functions-000124.c	-[SCDrawingDropletView setDropletMode:]	
108e444cc	108e445c7	decompiled	chunks/001/functions-000124.c	-[SCDrawingDropletView setDropletMode:dropletSize:]	
108e445c8	108e446df	decompiled	chunks/001/functions-000124.c	-[SCDrawingDropletView setCurrentPath:]	
108e446e0	108e446eb	decompiled	chunks/001/functions-000124.c		
108e446ec	108e447af	decompiled	chunks/001/functions-000124.c	-[SCDrawingDropletView setPath:forShapeLayer:animatedShadow:]	
108e447b0	108e447f3	decompiled	chunks/001/functions-000124.c	-[SCDrawingDropletView contentShapeLayer]	
108e447f4	108e4484b	decompiled	chunks/001/functions-000124.c	+[SCDrawingDropletView sizeForDropletMode:]	
108e4484c	108e448f3	decompiled	chunks/001/functions-000124.c	+[SCDrawingDropletView pathForDropletMode:]	
108e448f4	108e44a93	decompiled	chunks/001/functions-000124.c	+[SCDrawingDropletView closedPath]	
108e44a94	108e44aaf	decompiled	chunks/001/functions-000124.c	+[SCDrawingDropletView largeClosedPath]	
108e44ab0	108e44c53	decompiled	chunks/001/functions-000124.c	+[SCDrawingDropletView largeClosedPathWithScale:]	
108e44c54	108e44eb3	decompiled	chunks/001/functions-000124.c	+[SCDrawingDropletView expandedPath]	
108e44eb4	108e44f03	decompiled	chunks/001/functions-000124.c	+[SCDrawingDropletView eyeDropperPath]	
108e44f04	108e44f13	decompiled	chunks/001/functions-000124.c	-[SCDrawingDropletView dropletMode]	
108e44f14	108e44f23	decompiled	chunks/001/functions-000124.c	-[SCDrawingDropletView contentView]	
108e44f24	108e44f63	decompiled	chunks/001/functions-000124.c	-[SCDrawingDropletView setContentView:]	
108e44f64	108e44fa3	decompiled	chunks/001/functions-000124.c	-[SCDrawingDropletView .cxx_destruct]	
108e44fa4	108e44faf	decompiled	chunks/001/functions-000124.c	-[SCDrawingPaletteModel _loadImageWithName:]	
108e44fb0	108e4535b	decompiled	chunks/001/functions-000124.c	-[SCDrawingPaletteModel initWithColorPickerVersion:]	
108e4535c	108e4538b	decompiled	chunks/001/functions-000124.c	+[SCDrawingPaletteModel createWithColorPickerVersion:]	
108e4538c	108e453b3	decompiled	chunks/001/functions-000124.c	-[SCDrawingPaletteModel gradientColorsForCurrentPalette]	
108e453b4	108e4542f	decompiled	chunks/001/functions-000124.c	-[SCDrawingPaletteModel alphaValueForCurrentPalette]	
108e45430	108e4545f	decompiled	chunks/001/functions-000124.c	-[SCDrawingPaletteModel nextPaletteType]	
108e45460	108e45487	decompiled	chunks/001/functions-000124.c	-[SCDrawingPaletteModel paletteIconForCurrentPalette]	
108e45488	108e454df	decompiled	chunks/001/functions-000124.c	-[SCDrawingPaletteModel _gradientColorsForPaletteType:]	
108e454e0	108e45aa7	decompiled	chunks/001/functions-000124.c	-[SCDrawingPaletteModel _createGradientColorsForPaletteType:]	
108e45aa8	108e45aaf	decompiled	chunks/001/functions-000124.c	-[SCDrawingPaletteModel _paletteIconForPaletteType:]	
108e45ab0	108e45ad7	decompiled	chunks/001/functions-000124.c	-[SCDrawingPaletteModel togglePalette]	
108e45ad8	108e45adf	decompiled	chunks/001/functions-000124.c	-[SCDrawingPaletteModel colorPickerVersion]	
108e45ae0	108e45ae7	decompiled	chunks/001/functions-000124.c	-[SCDrawingPaletteModel currentPaletteType]	
108e45ae8	108e45aef	decompiled	chunks/001/functions-000124.c	-[SCDrawingPaletteModel setCurrentPaletteType:]	
108e45af0	108e45b2b	decompiled	chunks/001/functions-000124.c	-[SCDrawingPaletteModel .cxx_destruct]	
108e45b2c	108e45ca7	decompiled	chunks/001/functions-000124.c	-[SCEyeDropperColorPickerView initWithFrame:screenshotReferenceView:delegate:]	
108e45ca8	108e45e73	decompiled	chunks/001/functions-000124.c	-[SCEyeDropperColorPickerView _createDotAndDropletViews]	
108e45e74	108e45f67	decompiled	chunks/001/functions-000124.c	-[SCEyeDropperColorPickerView _startColorEyeDropperWithScreenshot:]	
108e45f68	108e45fab	decompiled	chunks/001/functions-000124.c	-[SCEyeDropperColorPickerView dealloc]	
108e45fac	108e45fdf	decompiled	chunks/001/functions-000124.c	-[SCEyeDropperColorPickerView _deallocScreenshotBitmap]	
108e45fe0	108e46133	decompiled	chunks/001/functions-000124.c	-[SCEyeDropperColorPickerView _didLongPress:]	
108e46134	108e461a7	decompiled	chunks/001/functions-000124.c	-[SCEyeDropperColorPickerView _moveDropletViewBasedOnDotView]	
108e461a8	108e4625f	decompiled	chunks/001/functions-000125.c	-[SCEyeDropperColorPickerView _getScreenshotColorInLocation:]	
108e46260	108e4639b	decompiled	chunks/001/functions-000125.c	-[SCEyeDropperColorPickerView _generateImageBitmap:]	
108e4639c	108e463f7	decompiled	chunks/001/functions-000125.c	-[SCEyeDropperColorPickerView .cxx_destruct]	
108e463f8	108e4645f	decompiled	chunks/001/functions-000125.c	-[SCPreviewToolbarColorPickerViewImpl initWithColorPickerVersion:paletteType:]	
108e46460	108e46487	decompiled	chunks/001/functions-000125.c	+[SCPreviewToolbarColorPickerViewImpl createSingularColorPickerView]	
108e46488	108e464bb	decompiled	chunks/001/functions-000125.c	+[SCPreviewToolbarColorPickerViewImpl createPalettedColorPickerViewWithPaletteType:]	
108e464bc	108e46743	decompiled	chunks/001/functions-000125.c	-[SCPreviewToolbarColorPickerViewImpl _setupViewWithColorPickerVersion:paletteType:]	
108e46744	108e4679f	decompiled	chunks/001/functions-000125.c	-[SCPreviewToolbarColorPickerViewImpl sizeThatFits:]	
108e467a0	108e46a4f	decompiled	chunks/001/functions-000125.c	-[SCPreviewToolbarColorPickerViewImpl layoutSubviews]	
108e46a50	108e46b3b	decompiled	chunks/001/functions-000125.c	-[SCPreviewToolbarColorPickerViewImpl hitTest:withEvent:]	
108e46b3c	108e46bab	decompiled	chunks/001/functions-000125.c	-[SCPreviewToolbarColorPickerViewImpl animateViews:]	
108e46bac	108e46c73	decompiled	chunks/001/functions-000125.c	-[SCPreviewToolbarColorPickerViewImpl onPreAnimateForViews:]	
108e46c74	108e46ce3	decompiled	chunks/001/functions-000125.c	-[SCPreviewToolbarColorPickerViewImpl onPostAnimateForViews:]	
108e46ce4	108e46d9b	decompiled	chunks/001/functions-000125.c	-[SCPreviewToolbarColorPickerViewImpl setCompactButtonIcon:]	
108e46d9c	108e46e17	decompiled	chunks/001/functions-000125.c	-[SCPreviewToolbarColorPickerViewImpl setDelegate:]	
108e46e18	108e46e83	decompiled	chunks/001/functions-000125.c	-[SCPreviewToolbarColorPickerViewImpl moveDropletToCenter]	
108e46e84	108e46e93	decompiled	chunks/001/functions-000125.c	-[SCPreviewToolbarColorPickerViewImpl moveDropletToColor:]	
108e46e94	108e46f2b	decompiled	chunks/001/functions-000125.c	-[SCPreviewToolbarColorPickerViewImpl _containerViewBounds]	
108e46f2c	108e46fd7	decompiled	chunks/001/functions-000125.c	-[SCPreviewToolbarColorPickerViewImpl _tappedCompactButton]	
108e46fd8	108e47063	decompiled	chunks/001/functions-000125.c	-[SCPreviewToolbarColorPickerViewImpl _gradientPickerHitTest:]	
108e47064	108e4710b	decompiled	chunks/001/functions-000125.c	-[SCPreviewToolbarColorPickerViewImpl colorPickerView:didChangeColor:]	
108e4710c	108e4718f	decompiled	chunks/001/functions-000125.c	-[SCPreviewToolbarColorPickerViewImpl colorPickerView:didTogglePaletteToType:selectedColor:]	
108e47190	108e471cb	decompiled	chunks/001/functions-000125.c	-[SCPreviewToolbarColorPickerViewImpl colorPickerViewWillExpandSize:]	
108e471cc	108e47207	decompiled	chunks/001/functions-000125.c	-[SCPreviewToolbarColorPickerViewImpl colorPickerViewWillShrinkSize:]	
108e47208	108e47243	decompiled	chunks/001/functions-000125.c	-[SCPreviewToolbarColorPickerViewImpl colorPickerViewWillDragPickerOutsideBounds:]	
108e47244	108e4724f	decompiled	chunks/001/functions-000125.c	-[SCPreviewToolbarColorPickerViewImpl _colorPickerViewModeFromPaletteViewMode:]	
108e47250	108e4726f	decompiled	chunks/001/functions-000125.c	-[SCPreviewToolbarColorPickerViewImpl delegate]	
108e47270	108e47283	decompiled	chunks/001/functions-000125.c	-[SCPreviewToolbarColorPickerViewImpl previousBoundsSize]	
108e47284	108e47297	decompiled	chunks/001/functions-000125.c	-[SCPreviewToolbarColorPickerViewImpl setPreviousBoundsSize:]	
108e47298	108e472e3	decompiled	chunks/001/functions-000125.c	-[SCPreviewToolbarColorPickerViewImpl .cxx_destruct]	
108e472e4	108e47353	decompiled	chunks/001/functions-000125.c	-[SCPreviewToolBarPickerView init]	
108e47354	108e474d3	decompiled	chunks/001/functions-000125.c	-[SCPreviewToolBarPickerView switchPickerViewMode:withAnimation:withAnimationDuration:]	
108e474d4	108e4750f	decompiled	chunks/001/functions-000125.c		
108e47510	108e4752b	decompiled	chunks/001/functions-000125.c		
108e4752c	108e4753b	decompiled	chunks/001/functions-000125.c	-[SCPreviewToolBarPickerView viewMode]	
108e4753c	108e47567	decompiled	chunks/001/functions-000125.c	-[SCPreviewToolBarPickerView animateViews:]	
108e47568	108e475db	decompiled	chunks/001/functions-000125.c	-[SCPreviewToolBarPickerView onPreAnimateForViews:]	
108e475dc	108e4763b	decompiled	chunks/001/functions-000125.c	-[SCPreviewToolBarPickerView onPostAnimateForViews:]	
108e4763c	108e47697	decompiled	chunks/001/functions-000125.c	-[SCPreviewToolBarPickerView pointInside:withEvent:]	
108e47698	108e476b7	decompiled	chunks/001/functions-000125.c	-[SCPreviewToolBarPickerView viewModeDelegate]	
108e476b8	108e476cb	decompiled	chunks/001/functions-000125.c	-[SCPreviewToolBarPickerView setViewModeDelegate:]	
108e476cc	108e476db	decompiled	chunks/001/functions-000125.c	-[SCPreviewToolBarPickerView containerView]	
108e476dc	108e4771b	decompiled	chunks/001/functions-000125.c	-[SCPreviewToolBarPickerView setContainerView:]	
108e4771c	108e4772b	decompiled	chunks/001/functions-000125.c	-[SCPreviewToolBarPickerView compactButtonView]	
108e4772c	108e4776b	decompiled	chunks/001/functions-000125.c	-[SCPreviewToolBarPickerView setCompactButtonView:]	
108e4776c	108e4777b	decompiled	chunks/001/functions-000125.c	-[SCPreviewToolBarPickerView setViewMode:]	
108e4777c	108e477c7	decompiled	chunks/001/functions-000125.c	-[SCPreviewToolBarPickerView .cxx_destruct]	
108e477c8	108e4783b	decompiled	chunks/001/functions-000125.c	-[SCPreviewFeatureCaptionServices initWithCaption:]	
108e4783c	108e47843	decompiled	chunks/001/functions-000125.c	-[SCPreviewFeatureCaptionServices caption]	
108e47844	108e4784f	decompiled	chunks/001/functions-000125.c	-[SCPreviewFeatureCaptionServices .cxx_destruct]	
108e47850	108e4798f	decompiled	chunks/001/functions-000125.c	-[SCCaptionDisplayViewParams initWithShouldLayoutForEyewearMedia:shouldLayoutForUserTagging:originalContentBounds:captionCarouselContainerView:superviewBounds:superviewContentBounds:edgeInsets:]	
108e47990	108e479b3	decompiled	chunks/001/functions-000125.c	-[SCCaptionDisplayViewParams copyWithZone:]	
108e479b4	108e47c2b	decompiled	chunks/001/functions-000125.c	-[SCCaptionDisplayViewParams hash]	
108e47c2c	108e47d4f	decompiled	chunks/001/functions-000125.c	-[SCCaptionDisplayViewParams isEqual:]	
108e47d50	108e47d57	decompiled	chunks/001/functions-000125.c	-[SCCaptionDisplayViewParams shouldLayoutForEyewearMedia]	
108e47d58	108e47d5f	decompiled	chunks/001/functions-000125.c	-[SCCaptionDisplayViewParams shouldLayoutForUserTagging]	
108e47d60	108e47d6b	decompiled	chunks/001/functions-000125.c	-[SCCaptionDisplayViewParams originalContentBounds]	
108e47d6c	108e47d73	decompiled	chunks/001/functions-000125.c	-[SCCaptionDisplayViewParams captionCarouselContainerView]	
108e47d74	108e47d7f	decompiled	chunks/001/functions-000125.c	-[SCCaptionDisplayViewParams superviewBounds]	
108e47d80	108e47d8b	decompiled	chunks/001/functions-000125.c	-[SCCaptionDisplayViewParams superviewContentBounds]	
108e47d8c	108e47d97	decompiled	chunks/001/functions-000125.c	-[SCCaptionDisplayViewParams edgeInsets]	
108e47d98	108e47da3	decompiled	chunks/001/functions-000125.c	-[SCCaptionDisplayViewParams .cxx_destruct]	
108e47da4	108e4824b	decompiled	chunks/001/functions-000125.c	-[SCCaptionStyleSOJUWrapper initWithName:fontName:styleProperty:caps:kerning:leading:borderWidth:shadow:backgroundColor:fontColor:fontPatternImageUrl:fontColorMode:colorChangeable:rotation:effect:regularTypefaceUrl:boldTypefaceUrl:italicsTypefaceUrl:italicsBoldTypefaceUrl:backgroundCornerRadius:fontFamilyName:backgroundImageUrl:displayName:]	
108e4824c	108e4826f	decompiled	chunks/001/functions-000125.c	-[SCCaptionStyleSOJUWrapper copyWithZone:]	
108e48270	108e483df	decompiled	chunks/001/functions-000125.c	-[SCCaptionStyleSOJUWrapper hash]	
108e483e0	108e4867f	decompiled	chunks/001/functions-000125.c	-[SCCaptionStyleSOJUWrapper isEqual:]	
108e48680	108e48687	decompiled	chunks/001/functions-000125.c	-[SCCaptionStyleSOJUWrapper name]	
108e48688	108e4868f	decompiled	chunks/001/functions-000125.c	-[SCCaptionStyleSOJUWrapper fontName]	
108e48690	108e48697	decompiled	chunks/001/functions-000125.c	-[SCCaptionStyleSOJUWrapper styleProperty]	
108e48698	108e4869f	decompiled	chunks/001/functions-000125.c	-[SCCaptionStyleSOJUWrapper caps]	
108e486a0	108e486a7	decompiled	chunks/001/functions-000125.c	-[SCCaptionStyleSOJUWrapper kerning]	
108e486a8	108e486af	decompiled	chunks/001/functions-000125.c	-[SCCaptionStyleSOJUWrapper leading]	
108e486b0	108e486b7	decompiled	chunks/001/functions-000125.c	-[SCCaptionStyleSOJUWrapper borderWidth]	
108e486b8	108e486bf	decompiled	chunks/001/functions-000125.c	-[SCCaptionStyleSOJUWrapper shadow]	
108e486c0	108e486c7	decompiled	chunks/001/functions-000125.c	-[SCCaptionStyleSOJUWrapper backgroundColor]	
108e486c8	108e486cf	decompiled	chunks/001/functions-000125.c	-[SCCaptionStyleSOJUWrapper fontColor]	
108e486d0	108e486d7	decompiled	chunks/001/functions-000125.c	-[SCCaptionStyleSOJUWrapper fontPatternImageUrl]	
108e486d8	108e486df	decompiled	chunks/001/functions-000125.c	-[SCCaptionStyleSOJUWrapper fontColorMode]	
108e486e0	108e486e7	decompiled	chunks/001/functions-000125.c	-[SCCaptionStyleSOJUWrapper colorChangeable]	
108e486e8	108e486ef	decompiled	chunks/001/functions-000125.c	-[SCCaptionStyleSOJUWrapper rotation]	
108e486f0	108e486f7	decompiled	chunks/001/functions-000125.c	-[SCCaptionStyleSOJUWrapper effect]	
108e486f8	108e486ff	decompiled	chunks/001/functions-000125.c	-[SCCaptionStyleSOJUWrapper regularTypefaceUrl]	
108e48700	108e48707	decompiled	chunks/001/functions-000125.c	-[SCCaptionStyleSOJUWrapper boldTypefaceUrl]	
108e48708	108e4870f	decompiled	chunks/001/functions-000125.c	-[SCCaptionStyleSOJUWrapper italicsTypefaceUrl]	
108e48710	108e48717	decompiled	chunks/001/functions-000125.c	-[SCCaptionStyleSOJUWrapper italicsBoldTypefaceUrl]	
108e48718	108e4871f	decompiled	chunks/001/functions-000125.c	-[SCCaptionStyleSOJUWrapper backgroundCornerRadius]	
108e48720	108e48727	decompiled	chunks/001/functions-000125.c	-[SCCaptionStyleSOJUWrapper fontFamilyName]	
108e48728	108e4872f	decompiled	chunks/001/functions-000125.c	-[SCCaptionStyleSOJUWrapper backgroundImageUrl]	
108e48730	108e48737	decompiled	chunks/001/functions-000125.c	-[SCCaptionStyleSOJUWrapper displayName]	
108e48738	108e48863	decompiled	chunks/001/functions-000125.c	-[SCCaptionStyleSOJUWrapper .cxx_destruct]	
108e48864	108e4896f	decompiled	chunks/001/functions-000125.c	-[SCCaptionStyleShadowSOJUWrapper initWithColor:offsetX:offsetY:radius:]	
108e48970	108e48993	decompiled	chunks/001/functions-000125.c	-[SCCaptionStyleShadowSOJUWrapper copyWithZone:]	
108e48994	108e48a1f	decompiled	chunks/001/functions-000125.c	-[SCCaptionStyleShadowSOJUWrapper hash]	
108e48a20	108e48af7	decompiled	chunks/001/functions-000125.c	-[SCCaptionStyleShadowSOJUWrapper isEqual:]	
108e48af8	108e48aff	decompiled	chunks/001/functions-000125.c	-[SCCaptionStyleShadowSOJUWrapper color]	
108e48b00	108e48b07	decompiled	chunks/001/functions-000125.c	-[SCCaptionStyleShadowSOJUWrapper offsetX]	
108e48b08	108e48b0f	decompiled	chunks/001/functions-000125.c	-[SCCaptionStyleShadowSOJUWrapper offsetY]	
108e48b10	108e48b17	decompiled	chunks/001/functions-000125.c	-[SCCaptionStyleShadowSOJUWrapper radius]	
108e48b18	108e48b5f	decompiled	chunks/001/functions-000125.c	-[SCCaptionStyleShadowSOJUWrapper .cxx_destruct]	
108e48b60	108e48beb	decompiled	chunks/001/functions-000125.c	-[SCCaptionUserInputEvent initWithTextRange:changedText:]	
108e48bec	108e48c0f	decompiled	chunks/001/functions-000126.c	-[SCCaptionUserInputEvent copyWithZone:]	
108e48c10	108e48c73	decompiled	chunks/001/functions-000126.c	-[SCCaptionUserInputEvent hash]	
108e48c74	108e48d1f	decompiled	chunks/001/functions-000126.c	-[SCCaptionUserInputEvent isEqual:]	
108e48d20	108e48d2b	decompiled	chunks/001/functions-000126.c	-[SCCaptionUserInputEvent textRange]	
108e48d2c	108e48d33	decompiled	chunks/001/functions-000126.c	-[SCCaptionUserInputEvent changedText]	
108e48d34	108e48d3f	decompiled	chunks/001/functions-000126.c	-[SCCaptionUserInputEvent .cxx_destruct]	
108e48d40	108e48dab	decompiled	chunks/001/functions-000126.c	+[SCCaptionTaggingResult mentionResultWithSnapchatter:taggingIndex:]	
108e48dac	108e48dcf	decompiled	chunks/001/functions-000126.c	-[SCCaptionTaggingResult copyWithZone:]	
108e48dd0	108e48e47	decompiled	chunks/001/functions-000126.c	-[SCCaptionTaggingResult hash]	
108e48e48	108e48e8b	decompiled	chunks/001/functions-000126.c	-[SCCaptionTaggingResult internalInit]	
108e48e8c	108e48f3b	decompiled	chunks/001/functions-000126.c	-[SCCaptionTaggingResult isEqual:]	
108e48f3c	108e48f5f	decompiled	chunks/001/functions-000126.c	-[SCCaptionTaggingResult matchMentionResult:]	
108e48f60	108e48f6b	decompiled	chunks/001/functions-000126.c	-[SCCaptionTaggingResult .cxx_destruct]	
108e48f6c	108e48fdf	decompiled	chunks/001/functions-000126.c	-[SCPreviewFeatureStickerContainerServices initWithStickerContainer:]	
108e48fe0	108e48fe7	decompiled	chunks/001/functions-000126.c	-[SCPreviewFeatureStickerContainerServices stickerContainer]	
108e48fe8	108e48ff3	decompiled	chunks/001/functions-000126.c	-[SCPreviewFeatureStickerContainerServices .cxx_destruct]	
108e48ff4	108e490df	decompiled	chunks/001/functions-000126.c	-[SCPreviewStickerViewParams initWithCenter:isAnimated:isFromRecents:isFromSearch:isCreatedCustomSticker:isFromCutout:isRemovable:isMovable:isExcludedFromEditCount:isFromCaption:thumbnail:]	
108e490e0	108e49103	decompiled	chunks/001/functions-000126.c	-[SCPreviewStickerViewParams copyWithZone:]	
108e49104	108e49203	decompiled	chunks/001/functions-000126.c	-[SCPreviewStickerViewParams hash]	
108e49204	108e49347	decompiled	chunks/001/functions-000126.c	-[SCPreviewStickerViewParams isEqual:]	
108e49348	108e4934f	decompiled	chunks/001/functions-000126.c	-[SCPreviewStickerViewParams center]	
108e49350	108e49357	decompiled	chunks/001/functions-000126.c	-[SCPreviewStickerViewParams isAnimated]	
108e49358	108e4935f	decompiled	chunks/001/functions-000126.c	-[SCPreviewStickerViewParams isFromRecents]	
108e49360	108e49367	decompiled	chunks/001/functions-000126.c	-[SCPreviewStickerViewParams isFromSearch]	
108e49368	108e4936f	decompiled	chunks/001/functions-000126.c	-[SCPreviewStickerViewParams isCreatedCustomSticker]	
108e49370	108e49377	decompiled	chunks/001/functions-000126.c	-[SCPreviewStickerViewParams isFromCutout]	
108e49378	108e4937f	decompiled	chunks/001/functions-000126.c	-[SCPreviewStickerViewParams isRemovable]	
108e49380	108e49387	decompiled	chunks/001/functions-000126.c	-[SCPreviewStickerViewParams isMovable]	
108e49388	108e4938f	decompiled	chunks/001/functions-000126.c	-[SCPreviewStickerViewParams isExcludedFromEditCount]	
108e49390	108e49397	decompiled	chunks/001/functions-000126.c	-[SCPreviewStickerViewParams isFromCaption]	
108e49398	108e4939f	decompiled	chunks/001/functions-000126.c	-[SCPreviewStickerViewParams thumbnail]	
108e493a0	108e493ab	decompiled	chunks/001/functions-000126.c	-[SCPreviewStickerViewParams .cxx_destruct]	
108e493ac	108e493c7	decompiled	chunks/001/functions-000126.c	+[SCPreviewStickerViewParamsBuilder previewStickerViewParams]	
108e493c8	108e4960f	decompiled	chunks/001/functions-000126.c	+[SCPreviewStickerViewParamsBuilder previewStickerViewParamsFromExistingPreviewStickerViewParams:]	
108e49610	108e49677	decompiled	chunks/001/functions-000126.c	-[SCPreviewStickerViewParamsBuilder build]	
108e49678	108e4967f	decompiled	chunks/001/functions-000126.c	-[SCPreviewStickerViewParamsBuilder withCenter:]	
108e49680	108e49687	decompiled	chunks/001/functions-000126.c	-[SCPreviewStickerViewParamsBuilder withIsAnimated:]	
108e49688	108e4968f	decompiled	chunks/001/functions-000126.c	-[SCPreviewStickerViewParamsBuilder withIsFromRecents:]	
108e49690	108e49697	decompiled	chunks/001/functions-000126.c	-[SCPreviewStickerViewParamsBuilder withIsFromSearch:]	
108e49698	108e4969f	decompiled	chunks/001/functions-000126.c	-[SCPreviewStickerViewParamsBuilder withIsCreatedCustomSticker:]	
108e496a0	108e496a7	decompiled	chunks/001/functions-000126.c	-[SCPreviewStickerViewParamsBuilder withIsFromCutout:]	
108e496a8	108e496af	decompiled	chunks/001/functions-000126.c	-[SCPreviewStickerViewParamsBuilder withIsRemovable:]	
108e496b0	108e496b7	decompiled	chunks/001/functions-000126.c	-[SCPreviewStickerViewParamsBuilder withIsMovable:]	
108e496b8	108e496bf	decompiled	chunks/001/functions-000126.c	-[SCPreviewStickerViewParamsBuilder withIsExcludedFromEditCount:]	
108e496c0	108e496c7	decompiled	chunks/001/functions-000126.c	-[SCPreviewStickerViewParamsBuilder withIsFromCaption:]	
108e496c8	108e496ff	decompiled	chunks/001/functions-000126.c	-[SCPreviewStickerViewParamsBuilder withThumbnail:]	
108e49700	108e4970b	decompiled	chunks/001/functions-000126.c	-[SCPreviewStickerViewParamsBuilder .cxx_destruct]	
108e4970c	108e497e7	decompiled	chunks/001/functions-000126.c		
108e497e8	108e497ef	decompiled	chunks/001/functions-000126.c		
108e497f0	108e4988b	decompiled	chunks/001/functions-000126.c	-[SCUserSession userPreferences]	
108e4988c	108e49893	decompiled	chunks/001/functions-000126.c		
108e49894	108e49cab	decompiled	chunks/001/functions-000126.c	+[SCDynamicCaptionStyleUtils dynamicClassicCaptionStyle]	
108e49cac	108e49caf	decompiled	chunks/001/functions-000126.c	+[SCDynamicCaptionStyleUtils dynamicBigTextCaptionStyleWithAlignment:]	
108e49cb0	108e4a127	decompiled	chunks/001/functions-000126.c	+[SCDynamicCaptionStyleUtils dynamicBigTextCaptionStyleForOldSOJU]	
108e4a128	108e4a1a7	decompiled	chunks/001/functions-000126.c	+[SCDynamicCaptionStyleUtils carouselDummyCellCaptionStyle]	
108e4a1a8	108e4a1b7	decompiled	chunks/001/functions-000126.c	+[SCDynamicCaptionStyleUtils isBackgroundVisibleForStyleType:]	
108e4a1b8	108e4a72f	decompiled	chunks/001/functions-000126.c	+[SCDynamicCaptionStyleUtils _bubbleWrapCaptionStyleWithAlignment:]	
108e4a730	108e4a7a3	decompiled	chunks/001/functions-000126.c	-[SCCaptionGrapheneLoggerImpl initWithGrapheneRegistry:]	
108e4a7a4	108e4a85b	decompiled	chunks/001/functions-000126.c	-[SCCaptionGrapheneLoggerImpl logCaptionFontLoadSuccess:]	
108e4a85c	108e4a913	decompiled	chunks/001/functions-000126.c	-[SCCaptionGrapheneLoggerImpl logCaptionFontURLStringParseValid:]	
108e4a914	108e4a9cb	decompiled	chunks/001/functions-000126.c	-[SCCaptionGrapheneLoggerImpl logCaptionFontDownloadSuccess:]	
108e4a9cc	108e4aa4f	decompiled	chunks/001/functions-000126.c	-[SCCaptionGrapheneLoggerImpl logCaptionStyleLoadCount:]	
108e4aa50	108e4ab07	decompiled	chunks/001/functions-000126.c	-[SCCaptionGrapheneLoggerImpl logCaptionCarouselRemoteStyleLoadSuccess:]	
108e4ab08	108e4abbf	decompiled	chunks/001/functions-000126.c	-[SCCaptionGrapheneLoggerImpl logCaptionFontSource:]	
108e4abc0	108e4ac4b	decompiled	chunks/001/functions-000126.c	-[SCCaptionGrapheneLoggerImpl logCaptionFontLoadTime:]	
108e4ac4c	108e4acff	decompiled	chunks/001/functions-000126.c	-[SCCaptionGrapheneLoggerImpl logCaptionInvalidContentMedia:]	
108e4ad00	108e4ad0b	decompiled	chunks/001/functions-000126.c	-[SCCaptionGrapheneLoggerImpl .cxx_destruct]	
108e4ad0c	108e4ad3b	decompiled	chunks/001/functions-000126.c		
108e4ad3c	108e4ad73	decompiled	chunks/001/functions-000126.c	-[SCCaptionMetricsServiceProvider .cxx_destruct]	
108e4ad74	108e4ad9f	decompiled	chunks/001/functions-000126.c	+[SCGrapheneCaptionMetric captionFontLoad]	
108e4ada0	108e4adcb	decompiled	chunks/001/functions-000126.c	+[SCGrapheneCaptionMetric captionFontUrlParse]	
108e4adcc	108e4adf7	decompiled	chunks/001/functions-000126.c	+[SCGrapheneCaptionMetric captionFontDownload]	
108e4adf8	108e4ae23	decompiled	chunks/001/functions-000126.c	+[SCGrapheneCaptionMetric captionStyleLoadCount]	
108e4ae24	108e4ae4f	decompiled	chunks/001/functions-000126.c	+[SCGrapheneCaptionMetric captionCarouselNonStaticLoad]	
108e4ae50	108e4ae7b	decompiled	chunks/001/functions-000126.c	+[SCGrapheneCaptionMetric captionFontDataMissing]	
108e4ae7c	108e4af1b	decompiled	chunks/001/functions-000126.c	-[SCGrapheneCaptionMetric description]	
108e4af1c	108e4b08f	decompiled	chunks/001/functions-000126.c	-[SCGrapheneRegistry captionGraphene]	
108e4b090	108e4b097	decompiled	chunks/001/functions-000126.c	-[SCCaptionMetricsServices captionLogger]	
108e4b098	108e4b0a3	decompiled	chunks/001/functions-000126.c	-[SCCaptionMetricsServices .cxx_destruct]	
108e4b0a4	108e4b1bb	decompiled	chunks/001/functions-000126.c		
108e4b1bc	108e4b3fb	decompiled	chunks/001/functions-000126.c		
108e4b3fc	108e4b46f	decompiled	chunks/001/functions-000126.c	-[SCSnapEditorFilterDataProviderServices initWithFilterDataProvider:]	
108e4b470	108e4b477	decompiled	chunks/001/functions-000126.c	-[SCSnapEditorFilterDataProviderServices filterDataProvider]	
108e4b478	108e4b483	decompiled	chunks/001/functions-000126.c	-[SCSnapEditorFilterDataProviderServices .cxx_destruct]	
108e4b484	108e4b547	decompiled	chunks/001/functions-000126.c	-[SCPreviewFilterInfo initWithCoder:]	
108e4b548	108e4b5fb	decompiled	chunks/001/functions-000126.c	-[SCPreviewFilterInfo initWithId:type:filterValue:]	
108e4b5fc	108e4b61f	decompiled	chunks/001/functions-000126.c	-[SCPreviewFilterInfo copyWithZone:]	
108e4b620	108e4b693	decompiled	chunks/001/functions-000126.c	-[SCPreviewFilterInfo encodeWithCoder:]	
108e4b694	108e4b70b	decompiled	chunks/001/functions-000126.c	-[SCPreviewFilterInfo hash]	
108e4b70c	108e4b7c3	decompiled	chunks/001/functions-000126.c	-[SCPreviewFilterInfo isEqual:]	
108e4b7c4	108e4b7cb	decompiled	chunks/001/functions-000126.c	-[SCPreviewFilterInfo id]	
108e4b7cc	108e4b7d3	decompiled	chunks/001/functions-000126.c	-[SCPreviewFilterInfo type]	
108e4b7d4	108e4b7db	decompiled	chunks/001/functions-000126.c	-[SCPreviewFilterInfo filterValue]	
108e4b7dc	108e4b80b	decompiled	chunks/001/functions-000126.c	-[SCPreviewFilterInfo .cxx_destruct]	
108e4b80c	108e4b8f3	decompiled	chunks/001/functions-000126.c	-[SCVenueFilterInfo initWithName:venueId:locality:yOffset:]	
108e4b8f4	108e4b917	decompiled	chunks/001/functions-000126.c	-[SCVenueFilterInfo copyWithZone:]	
108e4b918	108e4b9bb	decompiled	chunks/001/functions-000126.c	-[SCVenueFilterInfo hash]	
108e4b9bc	108e4baaf	decompiled	chunks/001/functions-000126.c	-[SCVenueFilterInfo isEqual:]	
108e4bab0	108e4bab7	decompiled	chunks/001/functions-000126.c	-[SCVenueFilterInfo name]	
108e4bab8	108e4babf	decompiled	chunks/001/functions-000126.c	-[SCVenueFilterInfo venueId]	
108e4bac0	108e4bac7	decompiled	chunks/001/functions-000127.c	-[SCVenueFilterInfo locality]	
108e4bac8	108e4bacf	decompiled	chunks/001/functions-000127.c	-[SCVenueFilterInfo yOffset]	
108e4bad0	108e4bb0b	decompiled	chunks/001/functions-000127.c	-[SCVenueFilterInfo .cxx_destruct]	
108e4bb0c	108e4bc8b	decompiled	chunks/001/functions-000127.c		
108e4bc8c	108e4bd87	decompiled	chunks/001/functions-000127.c	-[SCCommerceStickerView initWithFrame:title:iconImageData:attachmentDataModel:]	
108e4bd88	108e4bf6f	decompiled	chunks/001/functions-000127.c	-[SCCommerceStickerView initWithFrame:title:iconImage:iconDownloader:attachmentDataModel:]	
108e4bf70	108e4c02b	decompiled	chunks/001/functions-000127.c		
108e4c02c	108e4c05f	decompiled	chunks/001/functions-000127.c		
108e4c060	108e4c367	decompiled	chunks/001/functions-000127.c	-[SCCommerceStickerView initWithItemInstance:iconDownloader:]	
108e4c368	108e4c423	decompiled	chunks/001/functions-000127.c		
108e4c424	108e4c457	decompiled	chunks/001/functions-000127.c		
108e4c458	108e4c66b	decompiled	chunks/001/functions-000127.c	-[SCCommerceStickerView _initSubViewsWithTitle:]	
108e4c66c	108e4c707	decompiled	chunks/001/functions-000127.c	-[SCCommerceStickerView _handleDidLoadIconImageData:]	
108e4c708	108e4c963	decompiled	chunks/001/functions-000127.c	-[SCCommerceStickerView _updateStyle:]	
108e4c964	108e4cb13	decompiled	chunks/001/functions-000127.c	-[SCCommerceStickerView layoutSubviews]	
108e4cb14	108e4cbef	decompiled	chunks/001/functions-000127.c	-[SCCommerceStickerView sizeThatFits:]	
108e4cbf0	108e4cbf7	decompiled	chunks/001/functions-000127.c	-[SCCommerceStickerView scaleLimit]	
108e4cbf8	108e4cc8b	decompiled	chunks/001/functions-000127.c	-[SCCommerceStickerView tappableElementBounds]	
108e4cc8c	108e4cca3	decompiled	chunks/001/functions-000127.c	-[SCCommerceStickerView cycleStickerToNextStyle]	
108e4cca4	108e4cca7	decompiled	chunks/001/functions-000127.c	-[SCCommerceStickerView willDisplay]	
108e4cca8	108e4ccab	decompiled	chunks/001/functions-000127.c	-[SCCommerceStickerView didEndDisplay]	
108e4ccac	108e4ccdb	decompiled	chunks/001/functions-000127.c	-[SCCommerceStickerView toCTItemInstance]	
108e4ccdc	108e4cd53	decompiled	chunks/001/functions-000127.c	-[SCCommerceStickerView loggingParameters]	
108e4cd54	108e4cd5f	decompiled	chunks/001/functions-000127.c	-[SCCommerceStickerView packId]	
108e4cd60	108e4cd6b	decompiled	chunks/001/functions-000127.c	-[SCCommerceStickerView shortLoggingName]	
108e4cd6c	108e4cd77	decompiled	chunks/001/functions-000127.c	-[SCCommerceStickerView stickerId]	
108e4cd78	108e4cd7f	decompiled	chunks/001/functions-000127.c	-[SCCommerceStickerView toCTPItem]	
108e4cd80	108e4cd87	decompiled	chunks/001/functions-000127.c	-[SCCommerceStickerView type]	
108e4cd88	108e4cd8f	decompiled	chunks/001/functions-000127.c	-[SCCommerceStickerView infoType]	
108e4cd90	108e4cd93	decompiled	chunks/001/functions-000127.c	-[SCCommerceStickerView encodeWithCoder:]	
108e4cd94	108e4cdb7	decompiled	chunks/001/functions-000127.c	-[SCCommerceStickerView copyWithZone:]	
108e4cdb8	108e4cdd3	decompiled	chunks/001/functions-000127.c	-[SCCommerceStickerView intrinsicSize]	
108e4cdd4	108e4cf9f	decompiled	chunks/001/functions-000127.c	-[SCCommerceStickerView _itemInstanceWithStyle:]	
108e4cfa0	108e4d127	decompiled	chunks/001/functions-000127.c		
108e4d128	108e4d137	decompiled	chunks/001/functions-000127.c	-[SCCommerceStickerView item]	
108e4d138	108e4d147	decompiled	chunks/001/functions-000127.c	-[SCCommerceStickerView itemInstance]	
108e4d148	108e4d157	decompiled	chunks/001/functions-000127.c	-[SCCommerceStickerView loadedFromCache]	
108e4d158	108e4d167	decompiled	chunks/001/functions-000127.c	-[SCCommerceStickerView setLoadedFromCache:]	
108e4d168	108e4d177	decompiled	chunks/001/functions-000127.c	-[SCCommerceStickerView imageView]	
108e4d178	108e4d217	decompiled	chunks/001/functions-000127.c	-[SCCommerceStickerView .cxx_destruct]	
108e4d218	108e4d3bb	decompiled	chunks/001/functions-000127.c	-[SCDiscoverDeeplinkStickerView initWithItemInstance:]	
108e4d3bc	108e4d49f	decompiled	chunks/001/functions-000127.c	-[SCDiscoverDeeplinkStickerView _setupImageView:]	
108e4d4a0	108e4d50f	decompiled	chunks/001/functions-000127.c		
108e4d510	108e4d5a7	decompiled	chunks/001/functions-000127.c	-[SCDiscoverDeeplinkStickerView imageView]	
108e4d5a8	108e4d5ab	decompiled	chunks/001/functions-000127.c	-[SCDiscoverDeeplinkStickerView didEndDisplay]	
108e4d5ac	108e4d5af	decompiled	chunks/001/functions-000127.c	-[SCDiscoverDeeplinkStickerView willDisplay]	
108e4d5b0	108e4d5bf	decompiled	chunks/001/functions-000127.c	-[SCDiscoverDeeplinkStickerView loadedFromCache]	
108e4d5c0	108e4d5cf	decompiled	chunks/001/functions-000127.c	-[SCDiscoverDeeplinkStickerView setLoadedFromCache:]	
108e4d5d0	108e4d5df	decompiled	chunks/001/functions-000127.c	-[SCDiscoverDeeplinkStickerView item]	
108e4d5e0	108e4d5ef	decompiled	chunks/001/functions-000127.c	-[SCDiscoverDeeplinkStickerView itemInstance]	
108e4d5f0	108e4d62f	decompiled	chunks/001/functions-000127.c	-[SCDiscoverDeeplinkStickerView .cxx_destruct]	
108e4d630	108e4d7ff	decompiled	chunks/001/functions-000127.c	-[SCGenericImageStickerView initWithItemInstance:contentDelivery:downloader:completeRenderingSubject:]	
108e4d800	108e4dd3f	decompiled	chunks/001/functions-000127.c	-[SCGenericImageStickerView _setupViews]	
108e4dd40	108e4df5f	decompiled	chunks/001/functions-000127.c	-[SCGenericImageStickerView _buildStickerImageView]	
108e4df60	108e4eb33	decompiled	chunks/001/functions-000127.c	-[SCGenericImageStickerView _buildTextPillView]	
108e4eb34	108e4ec27	decompiled	chunks/001/functions-000127.c	-[SCGenericImageStickerView _setImage:fromCache:]	
108e4ec28	108e4ec8f	decompiled	chunks/001/functions-000127.c	-[SCGenericImageStickerView _loadLocalImageURLString:]	
108e4ec90	108e4eef7	decompiled	chunks/001/functions-000127.c	-[SCGenericImageStickerView _loadRemoteImageURLString:]	
108e4eef8	108e4efbb	decompiled	chunks/001/functions-000127.c		
108e4efbc	108e4f027	decompiled	chunks/001/functions-000127.c		
108e4f028	108e4f193	decompiled	chunks/001/functions-000127.c	-[SCGenericImageStickerView _loadBoltImageURLString:]	
108e4f194	108e4f23b	decompiled	chunks/001/functions-000127.c		
108e4f23c	108e4f27b	decompiled	chunks/001/functions-000127.c		
108e4f27c	108e4f2f3	decompiled	chunks/001/functions-000127.c	-[SCGenericImageStickerView loggingParameters]	
108e4f2f4	108e4f2ff	decompiled	chunks/001/functions-000127.c	-[SCGenericImageStickerView packId]	
108e4f300	108e4f363	decompiled	chunks/001/functions-000127.c	-[SCGenericImageStickerView shortLoggingName]	
108e4f364	108e4f36f	decompiled	chunks/001/functions-000127.c	-[SCGenericImageStickerView stickerId]	
108e4f370	108e4f377	decompiled	chunks/001/functions-000127.c	-[SCGenericImageStickerView type]	
108e4f378	108e4f3a7	decompiled	chunks/001/functions-000127.c	-[SCGenericImageStickerView toCTPItem]	
108e4f3a8	108e4f3d7	decompiled	chunks/001/functions-000127.c	-[SCGenericImageStickerView toCTItemInstance]	
108e4f3d8	108e4f3df	decompiled	chunks/001/functions-000127.c	-[SCGenericImageStickerView infoType]	
108e4f3e0	108e4f3fb	decompiled	chunks/001/functions-000127.c	-[SCGenericImageStickerView intrinsicSize]	
108e4f3fc	108e4f3ff	decompiled	chunks/001/functions-000127.c	-[SCGenericImageStickerView encodeWithCoder:]	
108e4f400	108e4f423	decompiled	chunks/001/functions-000127.c	-[SCGenericImageStickerView copyWithZone:]	
108e4f424	108e4f42b	decompiled	chunks/001/functions-000127.c	-[SCGenericImageStickerView scaleLimit]	
108e4f42c	108e4f4cb	decompiled	chunks/001/functions-000127.c	-[SCGenericImageStickerView tappableElementBounds]	
108e4f4cc	108e4f5a3	decompiled	chunks/001/functions-000127.c	-[SCGenericImageStickerView imageView]	
108e4f5a4	108e4f5b3	decompiled	chunks/001/functions-000127.c	-[SCGenericImageStickerView didEndDisplay]	
108e4f5b4	108e4f5c3	decompiled	chunks/001/functions-000127.c	-[SCGenericImageStickerView willDisplay]	
108e4f5c4	108e4f5cb	decompiled	chunks/001/functions-000127.c	-[SCGenericImageStickerView animatedStickerImageFuture]	
108e4f5cc	108e4f69b	decompiled	chunks/001/functions-000127.c	-[SCGenericImageStickerView animatedStickerImage]	
108e4f69c	108e4f6ab	decompiled	chunks/001/functions-000127.c	-[SCGenericImageStickerView startAnimating]	
108e4f6ac	108e4f6bb	decompiled	chunks/001/functions-000127.c	-[SCGenericImageStickerView stopAnimating]	
108e4f6bc	108e4fa0f	decompiled	chunks/001/functions-000127.c	-[SCGenericImageStickerView _generateAnimatedImage]	
108e4fa10	108e4fa5f	decompiled	chunks/001/functions-000127.c		
108e4fa60	108e4fb07	decompiled	chunks/001/functions-000127.c	-[SCGenericImageStickerView _tappableElementBoundsForStickerImage]	
108e4fb08	108e4fbf3	decompiled	chunks/001/functions-000127.c	-[SCGenericImageStickerView _tappableElementBoundsForPillView]	
108e4fbf4	108e4fc4b	decompiled	chunks/001/functions-000127.c	-[SCGenericImageStickerView _tappableElementSizeForView:]	
108e4fc4c	108e4fc97	decompiled	chunks/001/functions-000127.c	-[SCGenericImageStickerView _tappableElementCenterForView:viewCenter:]	
108e4fc98	108e4fca7	decompiled	chunks/001/functions-000127.c	-[SCGenericImageStickerView loadedFromCache]	
108e4fca8	108e4fcb7	decompiled	chunks/001/functions-000127.c	-[SCGenericImageStickerView setLoadedFromCache:]	
108e4fcb8	108e4fcc7	decompiled	chunks/001/functions-000127.c	-[SCGenericImageStickerView item]	
108e4fcc8	108e4fcd7	decompiled	chunks/001/functions-000127.c	-[SCGenericImageStickerView itemInstance]	
108e4fcd8	108e4fdd7	decompiled	chunks/001/functions-000127.c	-[SCGenericImageStickerView .cxx_destruct]	
108e4fdd8	108e4ff07	decompiled	chunks/001/functions-000127.c	+[SCMetaSticker giphyMetaStickerWithInteractiveStickerPillType:]	
108e4ff08	108e50043	decompiled	chunks/001/functions-000127.c		
108e50044	108e50113	decompiled	chunks/001/functions-000127.c	-[SCPollsStickerView initWithPoll:isDynamicSticker:]	
108e50114	108e50163	decompiled	chunks/001/functions-000127.c	-[SCPollsStickerView initForStickerPicker]	
108e50164	108e50247	decompiled	chunks/001/functions-000127.c	-[SCPollsStickerView initWithPoll:results:]	
108e50248	108e503c7	decompiled	chunks/001/functions-000127.c	-[SCPollsStickerView initWithItemInstance:]	
108e503c8	108e504ab	decompiled	chunks/002/functions-000128.c	-[SCPollsStickerView layoutSubviews]	
108e504ac	108e50547	decompiled	chunks/002/functions-000128.c	-[SCPollsStickerView setPoll:]	
108e50548	108e506e7	decompiled	chunks/002/functions-000128.c	-[SCPollsStickerView _setupViewForStickerPicker]	
108e506e8	108e50b07	decompiled	chunks/002/functions-000128.c	-[SCPollsStickerView _setupViewForDynamicStickerWithResults:]	
108e50b08	108e50c1b	decompiled	chunks/002/functions-000128.c	-[SCPollsStickerView _pollContentLabel]	
108e50c1c	108e50c23	decompiled	chunks/002/functions-000128.c	-[SCPollsStickerView shouldReceiveTapsViaStickerContainer]	
108e50c24	108e50c2b	decompiled	chunks/002/functions-000128.c	-[SCPollsStickerView scaleLimit]	
108e50c2c	108e50d57	decompiled	chunks/002/functions-000128.c	-[SCPollsStickerView tappableElementBounds]	
108e50d58	108e50d5f	decompiled	chunks/002/functions-000128.c	-[SCPollsStickerView infoType]	
108e50d60	108e50d63	decompiled	chunks/002/functions-000128.c	-[SCPollsStickerView encodeWithCoder:]	
108e50d64	108e50d87	decompiled	chunks/002/functions-000128.c	-[SCPollsStickerView copyWithZone:]	
108e50d88	108e50daf	decompiled	chunks/002/functions-000128.c	-[SCPollsStickerView intrinsicSize]	
108e50db0	108e50db7	decompiled	chunks/002/functions-000128.c	-[SCPollsStickerView toCTPItem]	
108e50db8	108e50de7	decompiled	chunks/002/functions-000128.c	-[SCPollsStickerView toCTItemInstance]	
108e50de8	108e50def	decompiled	chunks/002/functions-000128.c	-[SCPollsStickerView type]	
108e50df0	108e50dfb	decompiled	chunks/002/functions-000128.c	-[SCPollsStickerView packId]	
108e50dfc	108e50e07	decompiled	chunks/002/functions-000128.c	-[SCPollsStickerView stickerId]	
108e50e08	108e50e7f	decompiled	chunks/002/functions-000128.c	-[SCPollsStickerView loggingParameters]	
108e50e80	108e50e8b	decompiled	chunks/002/functions-000128.c	-[SCPollsStickerView shortLoggingName]	
108e50e8c	108e50f23	decompiled	chunks/002/functions-000128.c	-[SCPollsStickerView imageView]	
108e50f24	108e50f27	decompiled	chunks/002/functions-000128.c	-[SCPollsStickerView didEndDisplay]	
108e50f28	108e50f2b	decompiled	chunks/002/functions-000128.c	-[SCPollsStickerView willDisplay]	
108e50f2c	108e50f3b	decompiled	chunks/002/functions-000128.c	-[SCPollsStickerView loadedFromCache]	
108e50f3c	108e50f4b	decompiled	chunks/002/functions-000128.c	-[SCPollsStickerView setLoadedFromCache:]	
108e50f4c	108e50f5b	decompiled	chunks/002/functions-000128.c	-[SCPollsStickerView item]	
108e50f5c	108e50f6b	decompiled	chunks/002/functions-000128.c	-[SCPollsStickerView itemInstance]	
108e50f6c	108e50f7b	decompiled	chunks/002/functions-000128.c	-[SCPollsStickerView poll]	
108e50f7c	108e50f8b	decompiled	chunks/002/functions-000128.c	-[SCPollsStickerView isDynamicSticker]	
108e50f8c	108e50ffb	decompiled	chunks/002/functions-000128.c	-[SCPollsStickerView .cxx_destruct]	
108e50ffc	108e51203	decompiled	chunks/002/functions-000128.c	+[SCQuestionStickerAddAlert questionStickerAddAlertWithAddAction:displayName:]	
108e51204	108e51237	decompiled	chunks/002/functions-000128.c		
108e51238	108e51247	decompiled	chunks/002/functions-000128.c		
108e51248	108e51557	decompiled	chunks/002/functions-000128.c	-[SCQuestionStickerNewQuestionButton initNewQuestionButton]	
108e51558	108e517c3	decompiled	chunks/002/functions-000128.c	-[SCQuestionStickerNewQuestionButton _setupNewQuestionLabel]	
108e517c4	108e51b2f	decompiled	chunks/002/functions-000128.c	-[SCQuestionStickerNewQuestionButton _setupDiceImageView]	
108e51b30	108e51b93	decompiled	chunks/002/functions-000128.c	-[SCQuestionStickerNewQuestionButton _buttonTapped]	
108e51b94	108e51ba3	decompiled	chunks/002/functions-000128.c	-[SCQuestionStickerNewQuestionButton tapAction]	
108e51ba4	108e51baf	decompiled	chunks/002/functions-000128.c	-[SCQuestionStickerNewQuestionButton setTapAction:]	
108e51bb0	108e51c0f	decompiled	chunks/002/functions-000128.c	-[SCQuestionStickerNewQuestionButton .cxx_destruct]	
108e51c10	108e51cdf	decompiled	chunks/002/functions-000128.c	-[SCQuestionStickerView initForStickerPicker]	
108e51ce0	108e51e0f	decompiled	chunks/002/functions-000128.c	-[SCQuestionStickerView initQuestionStickerViewWithPrompt:]	
108e51e10	108e51f1f	decompiled	chunks/002/functions-000128.c	-[SCQuestionStickerView initQuestionStickerViewWithPrompt:response:]	
108e51f20	108e52113	decompiled	chunks/002/functions-000128.c	-[SCQuestionStickerView initWithItemInstance:]	
108e52114	108e521fb	decompiled	chunks/002/functions-000128.c	-[SCQuestionStickerView _createContainerView]	
108e521fc	108e523ab	decompiled	chunks/002/functions-000128.c	-[SCQuestionStickerView _createPromptFieldWithPrompt:]	
108e523ac	108e52473	decompiled	chunks/002/functions-000128.c	-[SCQuestionStickerView _createReplyButton]	
108e52474	108e5254b	decompiled	chunks/002/functions-000128.c	-[SCQuestionStickerView _createStickerPickerPillView]	
108e5254c	108e52877	decompiled	chunks/002/functions-000128.c	-[SCQuestionStickerView _createPreviewPillView]	
108e52878	108e529b3	decompiled	chunks/002/functions-000128.c	-[SCQuestionStickerView _createPromptHeaderViewWithPrompt:]	
108e529b4	108e52a87	decompiled	chunks/002/functions-000128.c	-[SCQuestionStickerView _createResponseLabelWithResponse:]	
108e52a88	108e52c97	decompiled	chunks/002/functions-000128.c	-[SCQuestionStickerView _setupContainerViewLayout]	
108e52c98	108e52efb	decompiled	chunks/002/functions-000128.c	-[SCQuestionStickerView _setupPreviewPillViewLayout]	
108e52efc	108e53147	decompiled	chunks/002/functions-000128.c	-[SCQuestionStickerView _setupPromptViewLayout]	
108e53148	108e53327	decompiled	chunks/002/functions-000128.c	-[SCQuestionStickerView _setupReplyButtonLayout]	
108e53328	108e53787	decompiled	chunks/002/functions-000128.c	-[SCQuestionStickerView _setupPromptHeaderViewLayout]	
108e53788	108e53af7	decompiled	chunks/002/functions-000128.c	-[SCQuestionStickerView _setupResponseLabelLayout]	
108e53af8	108e53b8f	decompiled	chunks/002/functions-000128.c	+[SCQuestionStickerView questionStickerSharingNoticeLabel]	
108e53b90	108e53b9f	decompiled	chunks/002/functions-000128.c	-[SCQuestionStickerView becomeFirstResponder]	
108e53ba0	108e53c97	decompiled	chunks/002/functions-000128.c	-[SCQuestionStickerView textView:shouldChangeTextInRange:replacementText:]	
108e53c98	108e53cff	decompiled	chunks/002/functions-000128.c	-[SCQuestionStickerView textViewDidChange:]	
108e53d00	108e53d0f	decompiled	chunks/002/functions-000128.c	-[SCQuestionStickerView text]	
108e53d10	108e53dbf	decompiled	chunks/002/functions-000128.c	-[SCQuestionStickerView setText:]	
108e53dc0	108e53e4f	decompiled	chunks/002/functions-000128.c	-[SCQuestionStickerView updateWithInfoFromStickerView:]	
108e53e50	108e53e57	decompiled	chunks/002/functions-000128.c	-[SCQuestionStickerView shouldReceiveTapsViaStickerContainer]	
108e53e58	108e53e5b	decompiled	chunks/002/functions-000128.c	-[SCQuestionStickerView encodeWithCoder:]	
108e53e5c	108e53e7f	decompiled	chunks/002/functions-000128.c	-[SCQuestionStickerView copyWithZone:]	
108e53e80	108e53ea7	decompiled	chunks/002/functions-000128.c	-[SCQuestionStickerView intrinsicSize]	
108e53ea8	108e53eaf	decompiled	chunks/002/functions-000128.c	-[SCQuestionStickerView infoType]	
108e53eb0	108e53f27	decompiled	chunks/002/functions-000128.c	-[SCQuestionStickerView loggingParameters]	
108e53f28	108e53f33	decompiled	chunks/002/functions-000128.c	-[SCQuestionStickerView packId]	
108e53f34	108e53f3f	decompiled	chunks/002/functions-000128.c	-[SCQuestionStickerView shortLoggingName]	
108e53f40	108e53f4b	decompiled	chunks/002/functions-000128.c	-[SCQuestionStickerView stickerId]	
108e53f4c	108e53f53	decompiled	chunks/002/functions-000128.c	-[SCQuestionStickerView toCTPItem]	
108e53f54	108e53f83	decompiled	chunks/002/functions-000128.c	-[SCQuestionStickerView toCTItemInstance]	
108e53f84	108e53f8b	decompiled	chunks/002/functions-000128.c	-[SCQuestionStickerView type]	
108e53f8c	108e54083	decompiled	chunks/002/functions-000128.c	-[SCQuestionStickerView sizeThatFits:]	
108e54084	108e5410f	decompiled	chunks/002/functions-000128.c	-[SCQuestionStickerView tappableElementBounds]	
108e54110	108e541a7	decompiled	chunks/002/functions-000128.c	-[SCQuestionStickerView _tappableElementBoundsForContainer]	
108e541a8	108e541af	decompiled	chunks/002/functions-000128.c	-[SCQuestionStickerView scaleLimit]	
108e541b0	108e541b7	decompiled	chunks/002/functions-000128.c	-[SCQuestionStickerView shouldRespondToLongPress:]	
108e541b8	108e5424f	decompiled	chunks/002/functions-000128.c	-[SCQuestionStickerView imageView]	
108e54250	108e54253	decompiled	chunks/002/functions-000128.c	-[SCQuestionStickerView didEndDisplay]	
108e54254	108e54257	decompiled	chunks/002/functions-000128.c	-[SCQuestionStickerView willDisplay]	
108e54258	108e54387	decompiled	chunks/002/functions-000128.c	-[SCQuestionStickerView _itemInstanceWithPrompt:]	
108e54388	108e54397	decompiled	chunks/002/functions-000128.c	-[SCQuestionStickerView textInputDidChangeBlock]	
108e54398	108e543a3	decompiled	chunks/002/functions-000128.c	-[SCQuestionStickerView setTextInputDidChangeBlock:]	
108e543a4	108e543b3	decompiled	chunks/002/functions-000128.c	-[SCQuestionStickerView textInputDidReturnBlock]	
108e543b4	108e543bf	decompiled	chunks/002/functions-000128.c	-[SCQuestionStickerView setTextInputDidReturnBlock:]	
108e543c0	108e543cf	decompiled	chunks/002/functions-000128.c	-[SCQuestionStickerView loadedFromCache]	
108e543d0	108e543df	decompiled	chunks/002/functions-000128.c	-[SCQuestionStickerView setLoadedFromCache:]	
108e543e0	108e543ef	decompiled	chunks/002/functions-000128.c	-[SCQuestionStickerView item]	
108e543f0	108e543ff	decompiled	chunks/002/functions-000128.c	-[SCQuestionStickerView itemInstance]	
108e54400	108e544ff	decompiled	chunks/002/functions-000128.c	-[SCQuestionStickerView .cxx_destruct]	
108e54500	108e5484f	decompiled	chunks/002/functions-000128.c		
108e54850	108e54a27	decompiled	chunks/002/functions-000128.c	-[SCAltitudeStickerView initWithItemInstance:]	
108e54a28	108e54dab	decompiled	chunks/002/functions-000128.c	-[SCAltitudeStickerView initWithPickerFrame:altitude:]	
108e54dac	108e54e8f	decompiled	chunks/002/functions-000128.c	-[SCAltitudeStickerView initWithPreviewFrame:altitude:]	
108e54e90	108e54fdf	decompiled	chunks/002/functions-000128.c	-[SCAltitudeStickerView layoutSubviews]	
108e54fe0	108e550db	decompiled	chunks/002/functions-000128.c	-[SCAltitudeStickerView _setupPreviewViewWithAltitude:viewType:unit:frame:]	
108e550dc	108e5537b	decompiled	chunks/002/functions-000128.c	-[SCAltitudeStickerView _setupAltitudeNumberViewWithFrame:]	
108e5537c	108e55ab3	decompiled	chunks/002/functions-000129.c	-[SCAltitudeStickerView _setupAltitudeGaugeView]	
108e55ab4	108e55afb	decompiled	chunks/002/functions-000129.c	-[SCAltitudeStickerView _correctedAltitudeValue]	
108e55afc	108e55b7f	decompiled	chunks/002/functions-000129.c	-[SCAltitudeStickerView _unitString]	
108e55b80	108e55bf7	decompiled	chunks/002/functions-000129.c	-[SCAltitudeStickerView _unitString:]	
108e55bf8	108e55ccf	decompiled	chunks/002/functions-000129.c	-[SCAltitudeStickerView _updateAltitudeView]	
108e55cd0	108e55f9b	decompiled	chunks/002/functions-000129.c	-[SCAltitudeStickerView _setAltitudeToDisplayGauge]	
108e55f9c	108e56013	decompiled	chunks/002/functions-000129.c	-[SCAltitudeStickerView _setAltitudeNeedlePositions:]	
108e56014	108e56133	decompiled	chunks/002/functions-000129.c		
108e56134	108e564a3	decompiled	chunks/002/functions-000129.c	-[SCAltitudeStickerView _setAltitudeNumberView]	
108e564a4	108e56567	decompiled	chunks/002/functions-000129.c	-[SCAltitudeStickerView shouldRespondToTap:]	
108e56568	108e565bb	decompiled	chunks/002/functions-000129.c	-[SCAltitudeStickerView cycleStickerToNextStyle]	
108e565bc	108e565bf	decompiled	chunks/002/functions-000129.c	-[SCAltitudeStickerView encodeWithCoder:]	
108e565c0	108e565e3	decompiled	chunks/002/functions-000129.c	-[SCAltitudeStickerView copyWithZone:]	
108e565e4	108e565eb	decompiled	chunks/002/functions-000129.c	-[SCAltitudeStickerView loggingParameters]	
108e565ec	108e565f7	decompiled	chunks/002/functions-000129.c	-[SCAltitudeStickerView packId]	
108e565f8	108e56603	decompiled	chunks/002/functions-000129.c	-[SCAltitudeStickerView shortLoggingName]	
108e56604	108e5660b	decompiled	chunks/002/functions-000129.c	-[SCAltitudeStickerView stickerId]	
108e5660c	108e5663b	decompiled	chunks/002/functions-000129.c	-[SCAltitudeStickerView toCTItemInstance]	
108e5663c	108e56643	decompiled	chunks/002/functions-000129.c	-[SCAltitudeStickerView toCTPItem]	
108e56644	108e5664b	decompiled	chunks/002/functions-000129.c	-[SCAltitudeStickerView infoType]	
108e5664c	108e56653	decompiled	chunks/002/functions-000129.c	-[SCAltitudeStickerView type]	
108e56654	108e56663	decompiled	chunks/002/functions-000129.c	-[SCAltitudeStickerView intrinsicSize]	
108e56664	108e566fb	decompiled	chunks/002/functions-000129.c	-[SCAltitudeStickerView imageView]	
108e566fc	108e566ff	decompiled	chunks/002/functions-000129.c	-[SCAltitudeStickerView didEndDisplay]	
108e56700	108e56703	decompiled	chunks/002/functions-000129.c	-[SCAltitudeStickerView willDisplay]	
108e56704	108e5686b	decompiled	chunks/002/functions-000129.c	-[SCAltitudeStickerView _updateItemInstance]	
108e5686c	108e5687b	decompiled	chunks/002/functions-000129.c	-[SCAltitudeStickerView loadedFromCache]	
108e5687c	108e5688b	decompiled	chunks/002/functions-000129.c	-[SCAltitudeStickerView setLoadedFromCache:]	
108e5688c	108e5689b	decompiled	chunks/002/functions-000129.c	-[SCAltitudeStickerView item]	
108e5689c	108e568ab	decompiled	chunks/002/functions-000129.c	-[SCAltitudeStickerView itemInstance]	
108e568ac	108e568bb	decompiled	chunks/002/functions-000129.c	-[SCAltitudeStickerView unit]	
108e568bc	108e568cb	decompiled	chunks/002/functions-000129.c	-[SCAltitudeStickerView viewType]	
108e568cc	108e569bb	decompiled	chunks/002/functions-000129.c	-[SCAltitudeStickerView .cxx_destruct]	
108e569bc	108e56a1b	decompiled	chunks/002/functions-000129.c	-[SCAttachmentStickerView init]	
108e56a1c	108e56a8f	decompiled	chunks/002/functions-000129.c	-[SCAttachmentStickerView setImage:]	
108e56a90	108e56b13	decompiled	chunks/002/functions-000129.c	-[SCAttachmentStickerView setTitle:]	
108e56b14	108e56b97	decompiled	chunks/002/functions-000129.c	-[SCAttachmentStickerView setShortenedUrl:]	
108e56b98	108e56c43	decompiled	chunks/002/functions-000129.c	-[SCAttachmentStickerView tappableElementBounds]	
108e56c44	108e56c93	decompiled	chunks/002/functions-000129.c	-[SCAttachmentStickerView updateImage:title:]	
108e56c94	108e56d07	decompiled	chunks/002/functions-000129.c	-[SCAttachmentStickerView updateImage:]	
108e56d08	108e56d0f	decompiled	chunks/002/functions-000129.c	-[SCAttachmentStickerView scaleLimit]	
108e56d10	108e56d13	decompiled	chunks/002/functions-000129.c	-[SCAttachmentStickerView encodeWithCoder:]	
108e56d14	108e56d37	decompiled	chunks/002/functions-000129.c	-[SCAttachmentStickerView copyWithZone:]	
108e56d38	108e56dcf	decompiled	chunks/002/functions-000129.c	-[SCAttachmentStickerView _setupViews]	
108e56dd0	108e576b7	decompiled	chunks/002/functions-000129.c	-[SCAttachmentStickerView _setupImageViewAndLabels]	
108e576b8	108e577bf	decompiled	chunks/002/functions-000129.c	-[SCAttachmentStickerView _setupImageViewForPlaceholder]	
108e577c0	108e5783f	decompiled	chunks/002/functions-000129.c		
108e57840	108e57c2b	decompiled	chunks/002/functions-000129.c	-[SCAttachmentStickerView sizeThatFits:]	
108e57c2c	108e57d1b	decompiled	chunks/002/functions-000129.c	-[SCAttachmentStickerView _updateSize]	
108e57d1c	108e57d2b	decompiled	chunks/002/functions-000129.c	-[SCAttachmentStickerView image]	
108e57d2c	108e57d3b	decompiled	chunks/002/functions-000129.c	-[SCAttachmentStickerView title]	
108e57d3c	108e57d4b	decompiled	chunks/002/functions-000129.c	-[SCAttachmentStickerView shortenedUrl]	
108e57d4c	108e57d5b	decompiled	chunks/002/functions-000129.c	-[SCAttachmentStickerView url]	
108e57d5c	108e57d9b	decompiled	chunks/002/functions-000129.c	-[SCAttachmentStickerView setUrl:]	
108e57d9c	108e57e3b	decompiled	chunks/002/functions-000129.c	-[SCAttachmentStickerView .cxx_destruct]	
108e57e3c	108e57ebb	decompiled	chunks/002/functions-000129.c	-[SCBatteryStickerView initWithFrame:battery:]	
108e57ebc	108e57f3f	decompiled	chunks/002/functions-000129.c	-[SCBatteryStickerView initWithItemInstance:]	
108e57f40	108e57f5b	decompiled	chunks/002/functions-000129.c	-[SCBatteryStickerView _imageRect]	
108e57f5c	108e5812f	decompiled	chunks/002/functions-000129.c	-[SCBatteryStickerView _setupBatteryImageViewFromItemInstance:]	
108e58130	108e58133	decompiled	chunks/002/functions-000129.c	-[SCBatteryStickerView willDisplay]	
108e58134	108e58137	decompiled	chunks/002/functions-000129.c	-[SCBatteryStickerView didEndDisplay]	
108e58138	108e5813b	decompiled	chunks/002/functions-000129.c	-[SCBatteryStickerView encodeWithCoder:]	
108e5813c	108e5815f	decompiled	chunks/002/functions-000129.c	-[SCBatteryStickerView copyWithZone:]	
108e58160	108e58167	decompiled	chunks/002/functions-000129.c	-[SCBatteryStickerView loggingParameters]	
108e58168	108e5816f	decompiled	chunks/002/functions-000129.c	-[SCBatteryStickerView packId]	
108e58170	108e58177	decompiled	chunks/002/functions-000129.c	-[SCBatteryStickerView shortLoggingName]	
108e58178	108e5817f	decompiled	chunks/002/functions-000129.c	-[SCBatteryStickerView stickerId]	
108e58180	108e581af	decompiled	chunks/002/functions-000129.c	-[SCBatteryStickerView toCTItemInstance]	
108e581b0	108e581b7	decompiled	chunks/002/functions-000129.c	-[SCBatteryStickerView toCTPItem]	
108e581b8	108e581bf	decompiled	chunks/002/functions-000129.c	-[SCBatteryStickerView infoType]	
108e581c0	108e581c7	decompiled	chunks/002/functions-000129.c	-[SCBatteryStickerView type]	
108e581c8	108e581d7	decompiled	chunks/002/functions-000129.c	-[SCBatteryStickerView intrinsicSize]	
108e581d8	108e58307	decompiled	chunks/002/functions-000129.c	-[SCBatteryStickerView _itemInstanceWithBatteryStatus:]	
108e58308	108e5831f	decompiled	chunks/002/functions-000129.c	-[SCBatteryStickerView _batteryStickerMetadataLevelForSCBatteryStatus:]	
108e58320	108e5832f	decompiled	chunks/002/functions-000129.c	-[SCBatteryStickerView item]	
108e58330	108e5833f	decompiled	chunks/002/functions-000129.c	-[SCBatteryStickerView itemInstance]	
108e58340	108e5834f	decompiled	chunks/002/functions-000129.c	-[SCBatteryStickerView loadedFromCache]	
108e58350	108e5835f	decompiled	chunks/002/functions-000129.c	-[SCBatteryStickerView setLoadedFromCache:]	
108e58360	108e5836f	decompiled	chunks/002/functions-000129.c	-[SCBatteryStickerView imageView]	
108e58370	108e583bf	decompiled	chunks/002/functions-000129.c	-[SCBatteryStickerView .cxx_destruct]	
108e583c0	108e58463	decompiled	chunks/002/functions-000129.c	-[SCCustomViewMetaSticker initWithType:stickerId:packId:view:]	
108e58464	108e5846b	decompiled	chunks/002/functions-000129.c	-[SCCustomViewMetaSticker infoType]	
108e5846c	108e58493	decompiled	chunks/002/functions-000129.c	-[SCCustomViewMetaSticker intrinsicSize]	
108e58494	108e5872f	decompiled	chunks/002/functions-000129.c	-[SCCustomViewMetaSticker thumbnailImageWithUserSession:contexts:completion:]	
108e58730	108e5873f	decompiled	chunks/002/functions-000129.c	-[SCCustomViewMetaSticker view]	
108e58740	108e5874f	decompiled	chunks/002/functions-000129.c	-[SCCustomViewMetaSticker image]	
108e58750	108e5878f	decompiled	chunks/002/functions-000129.c	-[SCCustomViewMetaSticker .cxx_destruct]	
108e58790	108e58803	decompiled	chunks/002/functions-000129.c	-[SCGroupInviteSticker initWithProto:]	
108e58804	108e58893	decompiled	chunks/002/functions-000129.c	-[SCGroupInviteSticker groupName]	
108e58894	108e5889b	decompiled	chunks/002/functions-000129.c	-[SCGroupInviteSticker infoType]	
108e5889c	108e588ab	decompiled	chunks/002/functions-000129.c	-[SCGroupInviteSticker intrinsicSize]	
108e588ac	108e588b3	decompiled	chunks/002/functions-000129.c	-[SCGroupInviteSticker toCTPItem]	
108e588b4	108e588bb	decompiled	chunks/002/functions-000129.c	-[SCGroupInviteSticker toCTItemInstance]	
108e588bc	108e588c3	decompiled	chunks/002/functions-000129.c	-[SCGroupInviteSticker type]	
108e588c4	108e588cf	decompiled	chunks/002/functions-000129.c	-[SCGroupInviteSticker packId]	
108e588d0	108e588db	decompiled	chunks/002/functions-000129.c	-[SCGroupInviteSticker stickerId]	
108e588dc	108e58953	decompiled	chunks/002/functions-000129.c	-[SCGroupInviteSticker loggingParameters]	
108e58954	108e5895f	decompiled	chunks/002/functions-000129.c	-[SCGroupInviteSticker shortLoggingName]	
108e58960	108e58993	decompiled	chunks/002/functions-000129.c	-[SCGroupInviteSticker initWithCoder:]	
108e58994	108e58997	decompiled	chunks/002/functions-000129.c	-[SCGroupInviteSticker encodeWithCoder:]	
