address	end_address	status	pseudocode_file	runtime_label	error
10903f5a8	10903f5af	decompiled	chunks/003/functions-000250.c	-[SCImageProcessLensCommandV2 appliesInputTransform]	
10903f5b0	10903f5b7	decompiled	chunks/003/functions-000250.c	-[SCImageProcessLensCommandV2 appliesInputOrientation]	
10903f5b8	10903f5bf	decompiled	chunks/003/functions-000250.c	-[SCImageProcessLensCommandV2 isResourcesDownloaded]	
10903f5c0	10903f5c7	decompiled	chunks/003/functions-000250.c	-[SCImageProcessLensCommandV2 inputConstraint]	
10903f5c8	10903f7d7	decompiled	chunks/003/functions-000250.c	-[SCImageProcessLensCommandV2 loadWithContext:error:]	
10903f7d8	10903f86b	decompiled	chunks/003/functions-000250.c	-[SCImageProcessLensCommandV2 unloadWithError:]	
10903f86c	10904030b	decompiled	chunks/003/functions-000250.c	-[SCImageProcessLensCommandV2 runWithContext:pixelSize:bytesPerRow:outputPixelSize:renderRange:orientationFit:viewportTransform:negativeSpaceColor:error:]	
10904030c	109040323	decompiled	chunks/003/functions-000250.c		
109040324	10904058f	decompiled	chunks/003/functions-000250.c		
109040590	1090405b3	decompiled	chunks/003/functions-000250.c	-[SCImageProcessLensCommandV2 copyWithZone:]	
1090405b4	109040673	decompiled	chunks/003/functions-000250.c	-[SCImageProcessLensCommandV2 isEqual:]	
109040674	109040693	decompiled	chunks/003/functions-000250.c	-[SCImageProcessLensCommandV2 _didCompleteTaskWithError:]	
109040694	10904080b	decompiled	chunks/003/functions-000250.c	-[SCImageProcessLensCommandV2 _presentationTimeWithValue:offset:]	
10904080c	1090409b7	decompiled	chunks/003/functions-000250.c	-[SCImageProcessLensCommandV2 _fallbackCommandIfNeededWithPixelBuffer:context:pixelSize:bytesPerRow:outputPixelSize:renderRange:orientationFit:viewportTransform:negativeSpaceColor:error:]	
1090409b8	1090409c7	decompiled	chunks/003/functions-000250.c	-[SCImageProcessLensCommandV2 sessionTracker]	
1090409c8	1090409e7	decompiled	chunks/003/functions-000250.c	-[SCImageProcessLensCommandV2 delegate]	
1090409e8	1090409fb	decompiled	chunks/003/functions-000250.c	-[SCImageProcessLensCommandV2 setDelegate:]	
1090409fc	109040ac7	decompiled	chunks/003/functions-000250.c	-[SCImageProcessLensCommandV2 .cxx_destruct]	
109040ac8	109040b73	decompiled	chunks/003/functions-000250.c	-[SCImageProcessLensStackCommandV2 initWithCommands:isExportMode:]	
109040b74	109040cc7	decompiled	chunks/003/functions-000250.c	-[SCImageProcessLensStackCommandV2 lensIds]	
109040cc8	109040ce7	decompiled	chunks/003/functions-000250.c	-[SCImageProcessLensStackCommandV2 isDynamicLens]	
109040ce8	109040d07	decompiled	chunks/003/functions-000250.c	-[SCImageProcessLensStackCommandV2 isAnimatedLens]	
109040d08	109040e13	decompiled	chunks/003/functions-000250.c	-[SCImageProcessLensStackCommandV2 isEffectLoaded]	
109040e14	109040f1f	decompiled	chunks/003/functions-000250.c	-[SCImageProcessLensStackCommandV2 isEffectApplied]	
109040f20	10904102b	decompiled	chunks/003/functions-000250.c	-[SCImageProcessLensStackCommandV2 isLoaded]	
10904102c	10904118f	decompiled	chunks/003/functions-000250.c	-[SCImageProcessLensStackCommandV2 loadWithContext:error:]	
109041190	1090412d7	decompiled	chunks/003/functions-000250.c	-[SCImageProcessLensStackCommandV2 unloadWithError:]	
1090412d8	1090413cf	decompiled	chunks/003/functions-000250.c	-[SCImageProcessLensStackCommandV2 clearEffect]	
1090413d0	1090413f3	decompiled	chunks/003/functions-000250.c	-[SCImageProcessLensStackCommandV2 copyWithZone:]	
1090413f4	109041483	decompiled	chunks/003/functions-000250.c	-[SCImageProcessLensStackCommandV2 isEqual:]	
109041484	109041493	decompiled	chunks/003/functions-000250.c	-[SCImageProcessLensStackCommandV2 commands]	
109041494	1090414a7	decompiled	chunks/003/functions-000250.c	-[SCImageProcessLensStackCommandV2 .cxx_destruct]	
1090414a8	10904152b	decompiled	chunks/003/functions-000250.c	-[SCLensCommandSessionTracker init]	
10904152c	1090415b7	decompiled	chunks/003/functions-000250.c	-[SCLensCommandSessionTracker startSessionWithIsTranscoding:lensId:isVideo:]	
1090415b8	109041627	decompiled	chunks/003/functions-000250.c	-[SCLensCommandSessionTracker reportError:]	
109041628	109041657	decompiled	chunks/003/functions-000250.c	-[SCLensCommandSessionTracker _reportTrascodingAttempt]	
109041658	109041697	decompiled	chunks/003/functions-000250.c	-[SCLensCommandSessionTracker _reportFailedTrascoding]	
109041698	1090416c7	decompiled	chunks/003/functions-000250.c	-[SCLensCommandSessionTracker .cxx_destruct]	
1090416c8	1090416d3	decompiled	chunks/003/functions-000250.c		
1090416d4	1090417df	decompiled	chunks/003/functions-000250.c	-[SCLookseryAudioProcessingWrapper init]	
1090417e0	109041843	decompiled	chunks/003/functions-000250.c	-[SCLookseryAudioProcessingWrapper dealloc]	
109041844	10904192f	decompiled	chunks/003/functions-000250.c	-[SCLookseryAudioProcessingWrapper setupWithFormat:]	
109041930	10904198b	decompiled	chunks/003/functions-000250.c		
10904198c	1090419ff	decompiled	chunks/003/functions-000250.c	-[SCLookseryAudioProcessingWrapper setParametersWithAudioFilterStyleId:]	
109041a00	109041c93	decompiled	chunks/003/functions-000250.c	-[SCLookseryAudioProcessingWrapper _updateParametersWithCurrentAudioFilterStyleId]	
109041c94	109041ce7	decompiled	chunks/003/functions-000250.c		
109041ce8	109041e3f	decompiled	chunks/003/functions-000250.c		
109041e40	109041edf	decompiled	chunks/003/functions-000250.c	-[SCLookseryAudioProcessingWrapper _setDenoiseParameters]	
109041ee0	109042007	decompiled	chunks/003/functions-000250.c	-[SCLookseryAudioProcessingWrapper _loadPresetFromPath:completion:]	
109042008	1090421ab	decompiled	chunks/003/functions-000250.c		
1090421ac	10904221b	decompiled	chunks/003/functions-000250.c		
10904221c	109042283	decompiled	chunks/003/functions-000250.c		
109042284	1090422b3	decompiled	chunks/003/functions-000250.c		
1090422b4	10904236f	decompiled	chunks/003/functions-000250.c	-[SCLookseryAudioProcessingWrapper processBufferList:]	
109042370	1090423f7	decompiled	chunks/003/functions-000250.c		
1090423f8	109042427	decompiled	chunks/003/functions-000250.c	-[SCLookseryAudioProcessingWrapper .cxx_destruct]	
109042428	1090425c7	decompiled	chunks/003/functions-000250.c		
1090425c8	1090425ff	decompiled	chunks/003/functions-000250.c		
109042600	109042663	decompiled	chunks/003/functions-000250.c	-[SCLensEffectContentPathCacheImpl init]	
109042664	1090426f3	decompiled	chunks/003/functions-000250.c	-[SCLensEffectContentPathCacheImpl cacheContentPath:forEffectId:]	
1090426f4	109042787	decompiled	chunks/003/functions-000250.c	-[SCLensEffectContentPathCacheImpl cachedContentPathForEffectId:]	
109042788	109042793	decompiled	chunks/003/functions-000250.c	-[SCLensEffectContentPathCacheImpl .cxx_destruct]	
109042794	109042807	decompiled	chunks/003/functions-000250.c	-[SCGrapheneLensTranscodingMetric2 init]	
109042808	109042a37	decompiled	chunks/003/functions-000250.c		
109042a38	109042cf7	decompiled	chunks/003/functions-000250.c		
109042cf8	109042d2f	decompiled	chunks/003/functions-000250.c	-[SCRuntimeStatistics reset]	
109042d30	109042d83	decompiled	chunks/003/functions-000250.c	-[SCRuntimeStatistics mean]	
109042d84	109042ddb	decompiled	chunks/003/functions-000250.c	-[SCRuntimeStatistics variance]	
109042ddc	109042df3	decompiled	chunks/003/functions-000250.c	-[SCRuntimeStatistics standardDeviation]	
109042df4	109042e6b	decompiled	chunks/003/functions-000250.c		
109042e6c	109042f9b	decompiled	chunks/003/functions-000250.c		
109042f9c	109042fef	decompiled	chunks/003/functions-000250.c		
109042ff0	1090430fb	decompiled	chunks/003/functions-000250.c		
1090430fc	1090431a7	decompiled	chunks/003/functions-000250.c	-[SCCameraCapturerDebugViewTableViewCellModel initWithType:content:title:]	
1090431a8	1090431d7	decompiled	chunks/003/functions-000250.c	-[SCCameraCapturerDebugViewTableViewCellModel updateContent:]	
1090431d8	1090431df	decompiled	chunks/003/functions-000250.c	-[SCCameraCapturerDebugViewTableViewCellModel logType]	
1090431e0	1090431e7	decompiled	chunks/003/functions-000250.c	-[SCCameraCapturerDebugViewTableViewCellModel title]	
1090431e8	1090431ef	decompiled	chunks/003/functions-000250.c	-[SCCameraCapturerDebugViewTableViewCellModel content]	
1090431f0	10904321f	decompiled	chunks/003/functions-000250.c	-[SCCameraCapturerDebugViewTableViewCellModel .cxx_destruct]	
109043220	10904326f	decompiled	chunks/003/functions-000250.c	-[SCCameraCapturerDebugViewTableViewCell initWithStyle:reuseIdentifier:]	
109043270	10904340f	decompiled	chunks/003/functions-000250.c	-[SCCameraCapturerDebugViewTableViewCell configWithCellModel:]	
109043410	109043afb	decompiled	chunks/003/functions-000250.c	-[SCCameraCapturerDebugViewTableViewCell _setupUI]	
109043afc	109043b0f	decompiled	chunks/003/functions-000250.c	+[SCCameraCapturerDebugViewTableViewCell identifier]	
109043b10	109043b6f	decompiled	chunks/003/functions-000250.c	-[SCCameraCapturerDebugViewTableViewCell .cxx_destruct]	
109043b70	109043b77	decompiled	chunks/003/functions-000250.c	+[SCCameraCapturerDebugLoggerView shared]	
109043b78	109043bc7	decompiled	chunks/003/functions-000250.c	-[SCCameraCapturerDebugLoggerView init]	
109043bc8	109043bcb	decompiled	chunks/003/functions-000250.c	-[SCCameraCapturerDebugLoggerView show]	
109043bcc	109043bd3	decompiled	chunks/003/functions-000250.c	-[SCCameraCapturerDebugLoggerView hide]	
109043bd4	109043c1f	decompiled	chunks/003/functions-000250.c	-[SCCameraCapturerDebugLoggerView updateLogWithType:sizeInfo:]	
109043c20	109043c77	decompiled	chunks/003/functions-000250.c	+[SCCameraCapturerDebugLoggerView updateLogWithType:sizeInfo:]	
109043c78	109043d97	decompiled	chunks/003/functions-000250.c	-[SCCameraCapturerDebugLoggerView _init]	
109043d98	109043e87	decompiled	chunks/003/functions-000250.c		
109043e88	109043f17	decompiled	chunks/003/functions-000250.c	-[SCCameraCapturerDebugLoggerView _supportedLogTypes]	
109043f18	109043f3b	decompiled	chunks/003/functions-000250.c	-[SCCameraCapturerDebugLoggerView _titleFromLogType:]	
109043f3c	109044003	decompiled	chunks/003/functions-000250.c	-[SCCameraCapturerDebugLoggerView _toggleSize]	
109044004	10904402b	decompiled	chunks/003/functions-000250.c		
10904402c	1090440e7	decompiled	chunks/003/functions-000250.c	-[SCCameraCapturerDebugLoggerView _formatSizeToString:]	
1090440e8	1090440f7	decompiled	chunks/003/functions-000250.c	-[SCCameraCapturerDebugLoggerView _indexPathWithIndex:]	
1090440f8	1090440fb	decompiled	chunks/003/functions-000250.c	-[SCCameraCapturerDebugLoggerView _updateLogWithLogType:content:]	
1090440fc	1090441f7	decompiled	chunks/003/functions-000250.c	-[SCCameraCapturerDebugLoggerView tableView:cellForRowAtIndexPath:]	
1090441f8	1090441ff	decompiled	chunks/003/functions-000251.c	-[SCCameraCapturerDebugLoggerView tableView:numberOfRowsInSection:]	
109044200	10904420f	decompiled	chunks/003/functions-000251.c	-[SCCameraCapturerDebugLoggerView tableView:heightForRowAtIndexPath:]	
109044210	10904426f	decompiled	chunks/003/functions-000251.c	-[SCCameraCapturerDebugLoggerView .cxx_destruct]	
109044270	1090444f7	decompiled	chunks/003/functions-000251.c	-[SCCapturerBufferedVideoWriter initWithPerformer:speedRate:audioSampleRate:outputURL:videoInputAffineTransform:normalizeUprightInputTransform:delegate:copySampleBufferHandler:error:]	
1090444f8	109044bf3	decompiled	chunks/003/functions-000251.c	-[SCCapturerBufferedVideoWriter prepareWritingWithOutputSettings:]	
109044bf4	109044cdf	decompiled	chunks/003/functions-000251.c	-[SCCapturerBufferedVideoWriter appendVideoSampleBuffer:]	
109044ce0	109044e43	decompiled	chunks/003/functions-000251.c	-[SCCapturerBufferedVideoWriter appendAudioSampleBuffer:]	
109044e44	109044fff	decompiled	chunks/003/functions-000251.c	-[SCCapturerBufferedVideoWriter startWritingAtSourceTime:]	
109045000	10904503f	decompiled	chunks/003/functions-000251.c	-[SCCapturerBufferedVideoWriter cancelWriting]	
109045040	109045327	decompiled	chunks/003/functions-000251.c	-[SCCapturerBufferedVideoWriter finishWritingAtSourceTime:withCompletionHanlder:]	
109045328	1090454c3	decompiled	chunks/003/functions-000251.c		
1090454c4	109045693	decompiled	chunks/003/functions-000251.c		
109045694	109045707	decompiled	chunks/003/functions-000251.c	-[SCCapturerBufferedVideoWriter cleanUp]	
109045708	109045767	decompiled	chunks/003/functions-000251.c	-[SCCapturerBufferedVideoWriter dealloc]	
109045768	1090457fb	decompiled	chunks/003/functions-000251.c	-[SCCapturerBufferedVideoWriter assetWriterStatusChanged:]	
1090457fc	10904589b	decompiled	chunks/003/functions-000251.c	-[SCCapturerBufferedVideoWriter _appendVideoSampleBuffer:]	
10904589c	1090458eb	decompiled	chunks/003/functions-000251.c	-[SCCapturerBufferedVideoWriter _logVideoCMBufferQueueStatusWithContext:]	
1090458ec	1090459c3	decompiled	chunks/003/functions-000251.c	-[SCCapturerBufferedVideoWriter _adjustedTimeForTime:startTime:speedRate:]	
1090459c4	1090459cb	decompiled	chunks/003/functions-000251.c	-[SCCapturerBufferedVideoWriter countOfAudioSamplesAppended]	
1090459cc	1090459d3	decompiled	chunks/003/functions-000251.c	-[SCCapturerBufferedVideoWriter countOfVideoSamplesAppended]	
1090459d4	1090459db	decompiled	chunks/003/functions-000251.c	-[SCCapturerBufferedVideoWriter countOfAudioSamplesAppendedByUser]	
1090459dc	1090459e3	decompiled	chunks/003/functions-000251.c	-[SCCapturerBufferedVideoWriter countOfVideoSamplesAppendedByUser]	
1090459e4	1090459eb	decompiled	chunks/003/functions-000251.c	-[SCCapturerBufferedVideoWriter countOfAudioSamplesAppendFailed]	
1090459ec	1090459f3	decompiled	chunks/003/functions-000251.c	-[SCCapturerBufferedVideoWriter audioSampleAppendError]	
1090459f4	1090459fb	decompiled	chunks/003/functions-000251.c	-[SCCapturerBufferedVideoWriter isAudioWriterPrepared]	
1090459fc	109045a03	decompiled	chunks/003/functions-000251.c	-[SCCapturerBufferedVideoWriter isVideoWriterPrepared]	
109045a04	109045a8f	decompiled	chunks/003/functions-000251.c	-[SCCapturerBufferedVideoWriter .cxx_destruct]	
109045a90	109045bc3	decompiled	chunks/003/functions-000251.c		
109045bc4	109045c67	decompiled	chunks/003/functions-000251.c		
109045c68	109045e03	decompiled	chunks/003/functions-000251.c		
109045e04	109045e7b	decompiled	chunks/003/functions-000251.c		
109045e7c	1090460a7	decompiled	chunks/003/functions-000251.c		
1090460a8	1090461b3	decompiled	chunks/003/functions-000251.c		
1090461b4	1090461f3	decompiled	chunks/003/functions-000251.c		
1090461f4	10904637b	decompiled	chunks/003/functions-000251.c		
10904637c	109046467	decompiled	chunks/003/functions-000251.c		
109046468	10904647b	decompiled	chunks/003/functions-000251.c		
10904647c	10904651b	decompiled	chunks/003/functions-000251.c		
10904651c	109046797	decompiled	chunks/003/functions-000251.c		
109046798	1090468e3	decompiled	chunks/003/functions-000251.c		
1090468e4	109046b77	decompiled	chunks/003/functions-000251.c		
109046b78	109046d7f	decompiled	chunks/003/functions-000251.c		
109046d80	109046e27	decompiled	chunks/003/functions-000251.c		
109046e28	109046ed7	decompiled	chunks/003/functions-000251.c		
109046ed8	109046f53	decompiled	chunks/003/functions-000251.c	-[SCManagedVideoCacheSampleBufferHandler init]	
109046f54	109047007	decompiled	chunks/003/functions-000251.c	-[SCManagedVideoCacheSampleBufferHandler appendCachedVideoSampleBuffer:]	
109047008	1090470e7	decompiled	chunks/003/functions-000251.c	-[SCManagedVideoCacheSampleBufferHandler handleCachedSampleBuffersIfNeededWithPresentationTime:processingFrameBlock:completeBlock:]	
1090470e8	10904724b	decompiled	chunks/003/functions-000251.c	-[SCManagedVideoCacheSampleBufferHandler _shouldHandleCachedSampleBufferWithCurrentPresentationTime:]	
10904724c	109047363	decompiled	chunks/003/functions-000251.c	-[SCManagedVideoCacheSampleBufferHandler _handleCachedSampleBufferWithCurrentPresentationTime:callbackBlock:]	
109047364	10904745b	decompiled	chunks/003/functions-000251.c	-[SCManagedVideoCacheSampleBufferHandler _releaseCachedSampleBuffers]	
10904745c	109047463	decompiled	chunks/003/functions-000251.c	-[SCManagedVideoCacheSampleBufferHandler bufferedFrameCount]	
109047464	10904746f	decompiled	chunks/003/functions-000251.c	-[SCManagedVideoCacheSampleBufferHandler .cxx_destruct]	
109047470	1090474af	decompiled	chunks/003/functions-000251.c	-[SCManagedVideoCapturerAudioSignalMetrics init]	
1090474b0	1090476ff	decompiled	chunks/003/functions-000251.c	-[SCManagedVideoCapturerAudioSignalMetrics trackAudioSampleBuffer:]	
109047700	109047aab	decompiled	chunks/003/functions-000251.c	-[SCManagedVideoCapturerAudioSignalMetrics snapshotDictionary]	
109047aac	109047afb	decompiled	chunks/003/functions-000251.c	-[SCManagedVideoCapturerHandlerImpl videoFrameSampler]	
109047afc	109047b4b	decompiled	chunks/003/functions-000251.c	-[SCManagedVideoCapturerHandlerImpl sampleNextFrame:]	
109047b4c	109047c0b	decompiled	chunks/003/functions-000251.c	-[SCManagedVideoCapturerHandlerImpl managedVideoCapturerWillBeginVideoRecording:]	
109047c0c	109047c67	decompiled	chunks/003/functions-000251.c		
109047c68	109047d37	decompiled	chunks/003/functions-000251.c		
109047d38	109047def	decompiled	chunks/003/functions-000251.c	-[SCManagedVideoCapturerHandlerImpl managedVideoCapturer:didBeginVideoRecording:]	
109047df0	109047e67	decompiled	chunks/003/functions-000251.c		
109047e68	109047f43	decompiled	chunks/003/functions-000251.c		
109047f44	10904805b	decompiled	chunks/003/functions-000251.c	-[SCManagedVideoCapturerHandlerImpl managedVideoCapturer:didBeginAudioRecording:]	
10904805c	10904817b	decompiled	chunks/003/functions-000251.c	-[SCManagedVideoCapturerHandlerImpl managedVideoCapturer:willStopWithRecordedVideoFuture:videoSize:placeholderImage:session:]	
10904817c	109048233	decompiled	chunks/003/functions-000251.c		
109048234	109048317	decompiled	chunks/003/functions-000251.c		
109048318	109048423	decompiled	chunks/003/functions-000251.c	-[SCManagedVideoCapturerHandlerImpl managedVideoCapturer:didSucceedWithRecordedVideo:session:]	
109048424	1090484c7	decompiled	chunks/003/functions-000251.c		
1090484c8	1090485d7	decompiled	chunks/003/functions-000251.c		
1090485d8	1090486e3	decompiled	chunks/003/functions-000251.c	-[SCManagedVideoCapturerHandlerImpl managedVideoCapturer:didFailWithError:session:]	
1090486e4	109048787	decompiled	chunks/003/functions-000251.c		
109048788	109048897	decompiled	chunks/003/functions-000251.c		
109048898	10904897f	decompiled	chunks/003/functions-000251.c	-[SCManagedVideoCapturerHandlerImpl managedVideoCapturer:didCancelVideoRecording:]	
109048980	109048a0b	decompiled	chunks/003/functions-000251.c		
109048a0c	109048b1b	decompiled	chunks/003/functions-000251.c		
109048b1c	109048be3	decompiled	chunks/003/functions-000251.c	-[SCManagedVideoCapturerHandlerImpl managedVideoCapturer:didGetError:forType:session:]	
109048be4	109048da7	decompiled	chunks/003/functions-000251.c	-[SCManagedVideoCapturerHandlerImpl managedVideoCapturerGetExtraFrameHealthInfo:]	
109048da8	109048ec7	decompiled	chunks/003/functions-000251.c	-[SCManagedVideoCapturerHandlerImpl managedVideoCapturer:didAppendVideoSampleBuffer:presentationTimestamp:]	
109048ec8	10904905f	decompiled	chunks/003/functions-000251.c		
109049060	10904915b	decompiled	chunks/003/functions-000251.c		
10904915c	1090493d7	decompiled	chunks/003/functions-000251.c	-[SCManagedVideoCapturerHandlerImpl _videoRecordingCleanupWithVideoCapturer:]	
1090493d8	1090493db	decompiled	chunks/003/functions-000251.c		
1090493dc	1090493e3	decompiled	chunks/003/functions-000251.c	-[SCManagedVideoCapturerHandlerImpl cameraCaptureLensProvider]	
1090493e4	10904942f	decompiled	chunks/003/functions-000251.c	-[SCManagedVideoCapturerHandlerImpl .cxx_destruct]	
109049430	109049437	decompiled	chunks/003/functions-000251.c		
109049438	109049497	decompiled	chunks/003/functions-000251.c	-[SCManagedVideoCapturerImpl dealloc]	
109049498	10904949f	decompiled	chunks/003/functions-000251.c	-[SCManagedVideoCapturerImpl cameraCaptureLensProvider]	
1090494a0	1090494ff	decompiled	chunks/003/functions-000251.c	-[SCManagedVideoCapturerImpl audioCaptureSession]	
109049500	109049637	decompiled	chunks/003/functions-000251.c	-[SCManagedVideoCapturerImpl activeSession]	
109049638	10904979b	decompiled	chunks/003/functions-000251.c	-[SCManagedVideoCapturerImpl defaultSizeForDeviceFormat:shouldKeepVideoSizeAsOutputSize:]	
10904979c	10904993f	decompiled	chunks/003/functions-000251.c	-[SCManagedVideoCapturerImpl cropSize:toAspectRatio:]	
109049940	109049e4b	decompiled	chunks/003/functions-000251.c	-[SCManagedVideoCapturerImpl startRecordingAsynchronouslyWithOutputSettings:audioConfiguration:maxDuration:speedRate:aspectRatio:toURL:deviceFormat:devicePosition:videoOrientation:viewportOrientation:captureSessionID:isHEVCEncoderEnabled:H264BitrateMultiplier:captureBitrateLadderConfig:shouldKeepVideoSizeAsOutputSize:audioCaptureEnabledInConfiguration:shouldSyncVideoAndMusicPlayer:isHDModeActive:recordGestureStartTimestamp:shouldDisableBufferedRecording:captureOrientationFixEnabled:]	
109049e4c	109049ea7	decompiled	chunks/003/functions-000251.c		
109049ea8	10904a01f	decompiled	chunks/003/functions-000251.c	-[SCManagedVideoCapturerImpl _handleRetryBeginAudioRecordingErrorCode:error:micResult:]	
10904a020	10904a107	decompiled	chunks/003/functions-000251.c	-[SCManagedVideoCapturerImpl _activationErrorCodeFromSessionError:]	
10904a108	10904a20f	decompiled	chunks/003/functions-000251.c	-[SCManagedVideoCapturerImpl _shouldAttemptFrontMicRecovery:]	
10904a210	10904a327	decompiled	chunks/003/functions-000251.c	-[SCManagedVideoCapturerImpl _isPhoneCallActive]	
10904a328	10904a5bf	decompiled	chunks/003/functions-000251.c	-[SCManagedVideoCapturerImpl _captureAudioStateAtRecordingStart]	
10904a5c0	10904a81b	decompiled	chunks/003/functions-000251.c	-[SCManagedVideoCapturerImpl _handleQueueCreationResult:speedRate:devicePosition:logContext:block:]	
10904a81c	10904a857	decompiled	chunks/003/functions-000252.c		
10904a858	10904aa03	decompiled	chunks/003/functions-000252.c	-[SCManagedVideoCapturerImpl _beginAudioQueueRecordingWithPosition:speedRate:completeHandler:]	
10904aa04	10904aa47	decompiled	chunks/003/functions-000252.c		
10904aa48	10904ad17	decompiled	chunks/003/functions-000252.c	-[SCManagedVideoCapturerImpl _startAudioQueueRecordingWithPosition:speedRate:completeHandler:]	
10904ad18	10904ad83	decompiled	chunks/003/functions-000252.c		
10904ad84	10904af1b	decompiled	chunks/003/functions-000252.c	-[SCManagedVideoCapturerImpl _audioRecordingCompleteWithBlock:speedRate:devicePosition:error:]	
10904af1c	10904b0d3	decompiled	chunks/003/functions-000252.c		
10904b0d4	10904b183	decompiled	chunks/003/functions-000252.c		
10904b184	10904b2db	decompiled	chunks/003/functions-000252.c	-[SCManagedVideoCapturerImpl _appendInfo:forInfoKey:toError:]	
10904b2dc	10904b4a7	decompiled	chunks/003/functions-000252.c	-[SCManagedVideoCapturerImpl _retryRequestRecordingWithCompleteHandler:]	
10904b4a8	10904b537	decompiled	chunks/003/functions-000252.c		
10904b538	10904b673	decompiled	chunks/003/functions-000252.c	-[SCManagedVideoCapturerImpl _handleSessionContentionWithBlock:]	
10904b674	10904b6b7	decompiled	chunks/003/functions-000252.c		
10904b6b8	10904b86b	decompiled	chunks/003/functions-000252.c	-[SCManagedVideoCapturerImpl _attemptMicReactivationWithCompleteHandler:]	
10904b86c	10904b8af	decompiled	chunks/003/functions-000252.c		
10904b8b0	10904b8b7	decompiled	chunks/003/functions-000252.c	-[SCManagedVideoCapturerImpl sampleFrameWithCompletionHandler:]	
10904b8b8	10904b927	decompiled	chunks/003/functions-000252.c	-[SCManagedVideoCapturerImpl setMusicSyncInfo:]	
10904b928	10904ba27	decompiled	chunks/003/functions-000252.c	-[SCManagedVideoCapturerImpl videoWriterDidFailWritingWithError:callsite:]	
10904ba28	10904ba5b	decompiled	chunks/003/functions-000252.c		
10904ba5c	10904bb57	decompiled	chunks/003/functions-000252.c	-[SCManagedVideoCapturerImpl _videoWriterDidFailWritingWithError:callsite:]	
10904bb58	10904bc5b	decompiled	chunks/003/functions-000252.c	-[SCManagedVideoCapturerImpl _willStopRecording]	
10904bc5c	10904c0ef	decompiled	chunks/003/functions-000252.c	-[SCManagedVideoCapturerImpl _stopRecording]	
10904c0f0	10904c1f3	decompiled	chunks/003/functions-000252.c		
10904c1f4	10904c22f	decompiled	chunks/003/functions-000252.c		
10904c230	10904c337	decompiled	chunks/003/functions-000252.c	-[SCManagedVideoCapturerImpl stopRecordingAsynchronously]	
10904c338	10904c36b	decompiled	chunks/003/functions-000252.c		
10904c36c	10904c42f	decompiled	chunks/003/functions-000252.c	-[SCManagedVideoCapturerImpl _stopRecordingAsynchronouslyWithStopTime:]	
10904c430	10904c477	decompiled	chunks/003/functions-000252.c		
10904c478	10904c51f	decompiled	chunks/003/functions-000252.c	-[SCManagedVideoCapturerImpl cancelRecordingAsynchronously]	
10904c520	10904c54b	decompiled	chunks/003/functions-000252.c		
10904c54c	10904c62b	decompiled	chunks/003/functions-000252.c	-[SCManagedVideoCapturerImpl addTimedTask:]	
10904c62c	10904c65f	decompiled	chunks/003/functions-000252.c		
10904c660	10904c6c3	decompiled	chunks/003/functions-000252.c	-[SCManagedVideoCapturerImpl _addTimedTask:]	
10904c6c4	10904c713	decompiled	chunks/003/functions-000252.c	-[SCManagedVideoCapturerImpl _isStatusReadyForStopRecord]	
10904c714	10904c74b	decompiled	chunks/003/functions-000252.c	-[SCManagedVideoCapturerImpl _isEndSessionTimeValidForStopRecord]	
10904c74c	10904c7f7	decompiled	chunks/003/functions-000252.c	-[SCManagedVideoCapturerImpl clearTimedTasks]	
10904c7f8	10904c833	decompiled	chunks/003/functions-000252.c		
10904c834	10904c8bf	decompiled	chunks/003/functions-000252.c	-[SCManagedVideoCapturerImpl _cleanup]	
10904c8c0	10904c903	decompiled	chunks/003/functions-000252.c	-[SCManagedVideoCapturerImpl _resetAudioConfigLogging]	
10904c904	10904ca0f	decompiled	chunks/003/functions-000252.c	-[SCManagedVideoCapturerImpl _disposeAudioRecording]	
10904ca10	10904ca7f	decompiled	chunks/003/functions-000252.c		
10904ca80	10904caeb	decompiled	chunks/003/functions-000252.c	-[SCManagedVideoCapturerImpl _audioQueueDiagnosticsSnapshot]	
10904caec	10904cd27	decompiled	chunks/003/functions-000252.c	-[SCManagedVideoCapturerImpl _audioInputStateSnapshotAtRecordingEndWithActiveMicrophoneMode:]	
10904cd28	10904ceeb	decompiled	chunks/003/functions-000252.c	-[SCManagedVideoCapturerImpl _recordingEndAVSyncInfoExtrasWithActiveMicrophoneMode:]	
10904ceec	10904cf53	decompiled	chunks/003/functions-000252.c	-[SCManagedVideoCapturerImpl _setAudioQueueDiagnosticsEnabled:]	
10904cf54	10904d0a7	decompiled	chunks/003/functions-000252.c	-[SCManagedVideoCapturerImpl _checkVideoSizeForURL:]	
10904d0a8	10904d0e7	decompiled	chunks/003/functions-000252.c	-[SCManagedVideoCapturerImpl _isVideoSizeZero:]	
10904d0e8	10904d22f	decompiled	chunks/003/functions-000252.c	-[SCManagedVideoCapturerImpl _handleZeroVideoSizeForURL:videoPromise:]	
10904d230	10904d407	decompiled	chunks/003/functions-000252.c	-[SCManagedVideoCapturerImpl _checkAndReportVideoDurationForURL:videoPromise:]	
10904d408	10904d433	decompiled	chunks/003/functions-000252.c	-[SCManagedVideoCapturerImpl _isVideoDurationZero:]	
10904d434	10904d577	decompiled	chunks/003/functions-000252.c	-[SCManagedVideoCapturerImpl audioCaptureSession:didOutputSampleBuffer:]	
10904d578	10904d5c3	decompiled	chunks/003/functions-000252.c		
10904d5c4	10904d6a3	decompiled	chunks/003/functions-000252.c	-[SCManagedVideoCapturerImpl startObservingManagedVideoDataSourceOutputEvent:]	
10904d6a4	10904d74f	decompiled	chunks/003/functions-000252.c		
10904d750	10904d7a7	decompiled	chunks/003/functions-000252.c		
10904d7a8	10904d7d3	decompiled	chunks/003/functions-000252.c	-[SCManagedVideoCapturerImpl stopObservingManagedVideoDataSourceOutputEvent]	
10904d7d4	10904dad7	decompiled	chunks/003/functions-000252.c	-[SCManagedVideoCapturerImpl _didReceiveManagedVideoDataSourceEvent:devicePosition:]	
10904dad8	10904dc0b	decompiled	chunks/003/functions-000252.c		
10904dc0c	10904dc1b	decompiled	chunks/003/functions-000252.c		
10904dc1c	10904dc8b	decompiled	chunks/003/functions-000252.c		
10904dc8c	10904dda7	decompiled	chunks/003/functions-000252.c	-[SCManagedVideoCapturerImpl _generatePlaceholderImageWithPixelBuffer:]	
10904dda8	10904decf	decompiled	chunks/003/functions-000252.c		
10904ded0	10904df33	decompiled	chunks/003/functions-000252.c		
10904df34	10904e017	decompiled	chunks/003/functions-000252.c	-[SCManagedVideoCapturerImpl _processVideoSampleBuffer:]	
10904e018	10904e127	decompiled	chunks/003/functions-000252.c	-[SCManagedVideoCapturerImpl _processAudioSampleBuffer:]	
10904e128	10904e21b	decompiled	chunks/003/functions-000252.c	-[SCManagedVideoCapturerImpl _addVideoRawDataWithPixelBuffer:]	
10904e21c	10904e223	decompiled	chunks/003/functions-000252.c		
10904e224	10904e22b	decompiled	chunks/003/functions-000252.c	-[SCManagedVideoCapturerImpl removeListener:]	
10904e22c	10904e22f	decompiled	chunks/003/functions-000252.c	-[SCManagedVideoCapturerImpl startStreamingWithAudioConfiguration:]	
10904e230	10904e233	decompiled	chunks/003/functions-000252.c	-[SCManagedVideoCapturerImpl stopStreaming]	
10904e234	10904e24f	decompiled	chunks/003/functions-000252.c	-[SCManagedVideoCapturerImpl isStreaming]	
10904e250	10904e257	decompiled	chunks/003/functions-000252.c	-[SCManagedVideoCapturerImpl managedVideoCapturerTimeObserver:shouldProcessTimedTask:]	
10904e258	10904e27f	decompiled	chunks/003/functions-000252.c	-[SCManagedVideoCapturerImpl cameraCreationDelayLogger]	
10904e280	10904e2a7	decompiled	chunks/003/functions-000252.c	-[SCManagedVideoCapturerImpl cameraSnapCaptureLogger]	
10904e2a8	10904e6df	decompiled	chunks/003/functions-000252.c	-[SCManagedVideoCapturerImpl _startRecordingWithOutputSettings:audioConfiguration:startTime:maxDuration:speedRate:videoAspectRatio:placeholderImageAspectRatio:toURL:deviceFormat:devicePosition:sessionInfo:shouldKeepVideoSizeAsOutputSize:]	
10904e6e0	10904e733	decompiled	chunks/003/functions-000252.c		
10904e734	10904e7a7	decompiled	chunks/003/functions-000252.c		
10904e7a8	10904e897	decompiled	chunks/003/functions-000252.c	-[SCManagedVideoCapturerImpl _audioConfigDidCompleteWithStartTime:speedRate:placeholderImageAspectRatio:toURL:deviceFormat:devicePosition:sessionInfo:error:]	
10904e898	10904eeeb	decompiled	chunks/003/functions-000252.c	-[SCManagedVideoCapturerImpl _startRecordingCompletionWithOutputSettings:startTime:speedRate:toURL:deviceFormat:devicePosition:sessionInfo:]	
10904eeec	10904ef5b	decompiled	chunks/003/functions-000252.c		
10904ef5c	10904f05f	decompiled	chunks/003/functions-000252.c	-[SCManagedVideoCapturerImpl _videoCaptureFailWithError:session:captureSessionID:invalidPresentationTimeCount:callsite:]	
10904f060	10904f383	decompiled	chunks/003/functions-000252.c	-[SCManagedVideoCapturerImpl _videoWriteCompletionWithSessionId:recordedVideoPromise:status:error:]	
10904f384	10904f747	decompiled	chunks/003/functions-000252.c		
10904f748	10904f887	decompiled	chunks/003/functions-000252.c		
10904f888	10904f893	decompiled	chunks/003/functions-000252.c		
10904f894	10904fad3	decompiled	chunks/003/functions-000252.c	-[SCManagedVideoCapturerImpl _cancelRecording]	
10904fad4	10904fdd7	decompiled	chunks/003/functions-000252.c	-[SCManagedVideoCapturerImpl _handleOutputSampleBuffer:devicePosition:]	
10904fdd8	10904ff7b	decompiled	chunks/003/functions-000252.c	-[SCManagedVideoCapturerImpl _handleAudioOutputSampleBufferWithOptionalProcessing:]	
10904ff7c	109050157	decompiled	chunks/003/functions-000252.c	-[SCManagedVideoCapturerImpl _buildRecordingOutputSettingsWithOverrideSettings:deviceFormat:aspectRatio:shouldKeepVideoSizeAsOutputSize:]	
109050158	109050323	decompiled	chunks/003/functions-000252.c	-[SCManagedVideoCapturerImpl _defaultRecordingOutputSettingsWithDeviceFormat:aspectRatio:shouldKeepVideoSizeAsOutputSize:]	
109050324	1090517af	decompiled	chunks/003/functions-000252.c	-[SCManagedVideoCapturerImpl _buildSnapCaptureLogParametersWithCaptureSessionId:fileSizeInBytes:videoDurationMs:mediaSizeInPoints:countOfVideoSamplesAppended:countOfAudioSamplesAppended:countOfVideoSamplesAppendedByUser:countOfAudioSamplesAppendedByUser:countOfAudioSamplesAppendFailed:audioSampleAppendError:isVideoWriterPrepared:isAudioWriterPrepared:outputURL:audioQueueDiagnosticsSnapshot:audioSignalMetrics:recordingEndAVSyncInfoExtras:audioSessionConfigSkipReason:invalidPresentationTimeCount:assetWriterStatus:captureError:]	
1090517b0	10905189b	decompiled	chunks/003/functions-000252.c	-[SCManagedVideoCapturerImpl _logVideoSnapCaptureStatus:callsite:captureParameters:]	
10905189c	1090518e3	decompiled	chunks/003/functions-000252.c	-[SCManagedVideoCapturerImpl _errorCodeFromError:]	
1090518e4	109051bab	decompiled	chunks/003/functions-000252.c	-[SCManagedVideoCapturerImpl _appendAudioSessionErrors:forError:keyPrefix:]	
109051bac	109051d9f	decompiled	chunks/003/functions-000252.c	-[SCManagedVideoCapturerImpl _buildJsonDataFromError:]	
109051da0	109051db7	decompiled	chunks/003/functions-000252.c	-[SCManagedVideoCapturerImpl _skipAudioSessionInitialization]	
109051db8	109051dbf	decompiled	chunks/003/functions-000252.c	-[SCManagedVideoCapturerImpl isAsync]	
109051dc0	109051e6b	decompiled	chunks/003/functions-000252.c	-[SCManagedVideoCapturerImpl observeSampleBuffer:]	
109051e6c	109051e6f	decompiled	chunks/003/functions-000252.c	-[SCManagedVideoCapturerImpl observeSampleBufferAsynchronously:completion:]	
109051e70	109051f97	decompiled	chunks/003/functions-000252.c	-[SCManagedVideoCapturerImpl _resetFrontTorch]	
109051f98	109051f9f	decompiled	chunks/003/functions-000253.c	-[SCManagedVideoCapturerImpl performer]	
109051fa0	109051fa7	decompiled	chunks/003/functions-000253.c	-[SCManagedVideoCapturerImpl outputURL]	
109051fa8	109051fbb	decompiled	chunks/003/functions-000253.c	-[SCManagedVideoCapturerImpl firstWrittenAudioBufferDelay]	
109051fbc	109051fcf	decompiled	chunks/003/functions-000253.c	-[SCManagedVideoCapturerImpl setFirstWrittenAudioBufferDelay:]	
109051fd0	109051fd7	decompiled	chunks/003/functions-000253.c	-[SCManagedVideoCapturerImpl audioQueueStarted]	
109051fd8	109051fdf	decompiled	chunks/003/functions-000253.c	-[SCManagedVideoCapturerImpl audioCaptureEnabled]	
109051fe0	109051fe7	decompiled	chunks/003/functions-000253.c	-[SCManagedVideoCapturerImpl setAudioCaptureEnabled:]	
109051fe8	109051fef	decompiled	chunks/003/functions-000253.c	-[SCManagedVideoCapturerImpl audioProcessingEnabled]	
109051ff0	109051ff7	decompiled	chunks/003/functions-000253.c	-[SCManagedVideoCapturerImpl setAudioProcessingEnabled:]	
109051ff8	109052027	decompiled	chunks/003/functions-000253.c	-[SCManagedVideoCapturerImpl setCameraCreationDelayLogger:]	
109052028	109052057	decompiled	chunks/003/functions-000253.c	-[SCManagedVideoCapturerImpl setCameraSnapCaptureLogger:]	
109052058	10905205f	decompiled	chunks/003/functions-000253.c	-[SCManagedVideoCapturerImpl audioConfigurationError]	
109052060	10905208f	decompiled	chunks/003/functions-000253.c	-[SCManagedVideoCapturerImpl setAudioConfigurationError:]	
109052090	109052097	decompiled	chunks/003/functions-000253.c	-[SCManagedVideoCapturerImpl beginAudioRecordingError]	
109052098	1090520c7	decompiled	chunks/003/functions-000253.c	-[SCManagedVideoCapturerImpl setBeginAudioRecordingError:]	
1090520c8	1090520cf	decompiled	chunks/003/functions-000253.c	-[SCManagedVideoCapturerImpl frontMicAudioConfigurationError]	
1090520d0	1090520ff	decompiled	chunks/003/functions-000253.c	-[SCManagedVideoCapturerImpl setFrontMicAudioConfigurationError:]	
109052100	109052107	decompiled	chunks/003/functions-000253.c	-[SCManagedVideoCapturerImpl frontMicBeginAudioRecordingError]	
109052108	109052137	decompiled	chunks/003/functions-000253.c	-[SCManagedVideoCapturerImpl setFrontMicBeginAudioRecordingError:]	
109052138	10905213f	decompiled	chunks/003/functions-000253.c	-[SCManagedVideoCapturerImpl audioSamplesErased]	
109052140	109052147	decompiled	chunks/003/functions-000253.c	-[SCManagedVideoCapturerImpl setAudioSamplesErased:]	
109052148	10905214f	decompiled	chunks/003/functions-000253.c	-[SCManagedVideoCapturerImpl audioSamplesCopyFailure]	
109052150	109052157	decompiled	chunks/003/functions-000253.c	-[SCManagedVideoCapturerImpl setAudioSamplesCopyFailure:]	
109052158	10905215f	decompiled	chunks/003/functions-000253.c	-[SCManagedVideoCapturerImpl audioSamplesRestoreFailure]	
109052160	109052167	decompiled	chunks/003/functions-000253.c	-[SCManagedVideoCapturerImpl setAudioSamplesRestoreFailure:]	
109052168	10905216f	decompiled	chunks/003/functions-000253.c	-[SCManagedVideoCapturerImpl audioCaptureEnabledOnCaptureStart]	
109052170	109052177	decompiled	chunks/003/functions-000253.c	-[SCManagedVideoCapturerImpl setAudioCaptureEnabledOnCaptureStart:]	
109052178	10905217f	decompiled	chunks/003/functions-000253.c	-[SCManagedVideoCapturerImpl audioProcessingEnabledOnCaptureStart]	
109052180	109052187	decompiled	chunks/003/functions-000253.c	-[SCManagedVideoCapturerImpl setAudioProcessingEnabledOnCaptureStart:]	
109052188	10905218f	decompiled	chunks/003/functions-000253.c	-[SCManagedVideoCapturerImpl audioSamplesReceived]	
109052190	109052197	decompiled	chunks/003/functions-000253.c	-[SCManagedVideoCapturerImpl setAudioSamplesReceived:]	
109052198	10905219f	decompiled	chunks/003/functions-000253.c	-[SCManagedVideoCapturerImpl audioSamplesDroppedPreWrite]	
1090521a0	1090521a7	decompiled	chunks/003/functions-000253.c	-[SCManagedVideoCapturerImpl setAudioSamplesDroppedPreWrite:]	
1090521a8	1090521af	decompiled	chunks/003/functions-000253.c	-[SCManagedVideoCapturerImpl inputAvailableAtRecordingStart]	
1090521b0	1090521b7	decompiled	chunks/003/functions-000253.c	-[SCManagedVideoCapturerImpl setInputAvailableAtRecordingStart:]	
1090521b8	1090521bf	decompiled	chunks/003/functions-000253.c	-[SCManagedVideoCapturerImpl isPhoneCallActiveAtRecordingStart]	
1090521c0	1090521c7	decompiled	chunks/003/functions-000253.c	-[SCManagedVideoCapturerImpl setIsPhoneCallActiveAtRecordingStart:]	
1090521c8	1090521cf	decompiled	chunks/003/functions-000253.c	-[SCManagedVideoCapturerImpl availableInputsCountAtRecordingStart]	
1090521d0	1090521d7	decompiled	chunks/003/functions-000253.c	-[SCManagedVideoCapturerImpl setAvailableInputsCountAtRecordingStart:]	
1090521d8	1090521df	decompiled	chunks/003/functions-000253.c	-[SCManagedVideoCapturerImpl inputPortTypeAtRecordingStart]	
1090521e0	1090521e7	decompiled	chunks/003/functions-000253.c	-[SCManagedVideoCapturerImpl setInputPortTypeAtRecordingStart:]	
1090521e8	1090521ef	decompiled	chunks/003/functions-000253.c	-[SCManagedVideoCapturerImpl audioSessionCategoryAtRecordingStart]	
1090521f0	1090521f7	decompiled	chunks/003/functions-000253.c	-[SCManagedVideoCapturerImpl setAudioSessionCategoryAtRecordingStart:]	
1090521f8	1090521ff	decompiled	chunks/003/functions-000253.c	-[SCManagedVideoCapturerImpl audioSessionModeAtRecordingStart]	
109052200	109052207	decompiled	chunks/003/functions-000253.c	-[SCManagedVideoCapturerImpl setAudioSessionModeAtRecordingStart:]	
109052208	10905220f	decompiled	chunks/003/functions-000253.c	-[SCManagedVideoCapturerImpl audioSessionCategoryOptionsAtRecordingStart]	
109052210	109052217	decompiled	chunks/003/functions-000253.c	-[SCManagedVideoCapturerImpl setAudioSessionCategoryOptionsAtRecordingStart:]	
109052218	10905221f	decompiled	chunks/003/functions-000253.c	-[SCManagedVideoCapturerImpl routeInputPortTypeAtRecordingStart]	
109052220	109052227	decompiled	chunks/003/functions-000253.c	-[SCManagedVideoCapturerImpl setRouteInputPortTypeAtRecordingStart:]	
109052228	10905222f	decompiled	chunks/003/functions-000253.c	-[SCManagedVideoCapturerImpl routeOutputPortTypeAtRecordingStart]	
109052230	109052237	decompiled	chunks/003/functions-000253.c	-[SCManagedVideoCapturerImpl setRouteOutputPortTypeAtRecordingStart:]	
109052238	10905223f	decompiled	chunks/003/functions-000253.c	-[SCManagedVideoCapturerImpl secondaryAudioShouldBeSilencedHintAtRecordingStart]	
109052240	109052247	decompiled	chunks/003/functions-000253.c	-[SCManagedVideoCapturerImpl setSecondaryAudioShouldBeSilencedHintAtRecordingStart:]	
109052248	10905224f	decompiled	chunks/003/functions-000253.c	-[SCManagedVideoCapturerImpl availableMicDataSourcesAtRecordingStart]	
109052250	109052257	decompiled	chunks/003/functions-000253.c	-[SCManagedVideoCapturerImpl setAvailableMicDataSourcesAtRecordingStart:]	
109052258	10905225f	decompiled	chunks/003/functions-000253.c	-[SCManagedVideoCapturerImpl inputGainAtRecordingStart]	
109052260	109052267	decompiled	chunks/003/functions-000253.c	-[SCManagedVideoCapturerImpl setInputGainAtRecordingStart:]	
109052268	10905226f	decompiled	chunks/003/functions-000253.c	-[SCManagedVideoCapturerImpl inputGainSettableAtRecordingStart]	
109052270	109052277	decompiled	chunks/003/functions-000253.c	-[SCManagedVideoCapturerImpl setInputGainSettableAtRecordingStart:]	
109052278	10905227f	decompiled	chunks/003/functions-000253.c	-[SCManagedVideoCapturerImpl isInputMutedAtRecordingStart]	
109052280	1090522af	decompiled	chunks/003/functions-000253.c	-[SCManagedVideoCapturerImpl setIsInputMutedAtRecordingStart:]	
1090522b0	1090522b7	decompiled	chunks/003/functions-000253.c	-[SCManagedVideoCapturerImpl routeInputPortTypeAtQueueStart]	
1090522b8	1090522bf	decompiled	chunks/003/functions-000253.c	-[SCManagedVideoCapturerImpl setRouteInputPortTypeAtQueueStart:]	
1090522c0	1090522c7	decompiled	chunks/003/functions-000253.c	-[SCManagedVideoCapturerImpl routeInputSelectedDataSourceNameAtQueueStart]	
1090522c8	1090522cf	decompiled	chunks/003/functions-000253.c	-[SCManagedVideoCapturerImpl setRouteInputSelectedDataSourceNameAtQueueStart:]	
1090522d0	1090522d7	decompiled	chunks/003/functions-000253.c	-[SCManagedVideoCapturerImpl activeMicrophoneModeNameAtQueueStart]	
1090522d8	1090522df	decompiled	chunks/003/functions-000253.c	-[SCManagedVideoCapturerImpl setActiveMicrophoneModeNameAtQueueStart:]	
1090522e0	1090522e7	decompiled	chunks/003/functions-000253.c	-[SCManagedVideoCapturerImpl consecutiveSilentRecordingCountAtRecordingStart]	
1090522e8	1090522ef	decompiled	chunks/003/functions-000253.c	-[SCManagedVideoCapturerImpl setConsecutiveSilentRecordingCountAtRecordingStart:]	
1090522f0	10905256f	decompiled	chunks/003/functions-000253.c	-[SCManagedVideoCapturerImpl .cxx_destruct]	
109052570	10905259f	decompiled	chunks/003/functions-000253.c		
1090525a0	1090525ab	decompiled	chunks/003/functions-000253.c	-[SCManagedVideoCapturerMicCoordinator _session]	
1090525ac	1090525ef	decompiled	chunks/003/functions-000253.c	-[SCManagedVideoCapturerMicCoordinator prepareForNewRecording]	
1090525f0	109052773	decompiled	chunks/003/functions-000253.c	-[SCManagedVideoCapturerMicCoordinator pinFallbackMicIfNeededWithAudioCaptureEnabled:completion:]	
109052774	109052873	decompiled	chunks/003/functions-000253.c		
109052874	109052887	decompiled	chunks/003/functions-000253.c		
109052888	10905299b	decompiled	chunks/003/functions-000253.c	-[SCManagedVideoCapturerMicCoordinator _handlePinCompletionWithGeneration:success:error:completion:]	
10905299c	109052a37	decompiled	chunks/003/functions-000253.c	-[SCManagedVideoCapturerMicCoordinator avSyncInfoMarkers]	
109052a38	109052a87	decompiled	chunks/003/functions-000253.c	-[SCManagedVideoCapturerMicCoordinator recordingDidEnd]	
109052a88	109052a8f	decompiled	chunks/003/functions-000253.c	-[SCManagedVideoCapturerMicCoordinator tracker]	
109052a90	109052a97	decompiled	chunks/003/functions-000253.c	-[SCManagedVideoCapturerMicCoordinator pinnedForCurrentRecording]	
109052a98	109052adf	decompiled	chunks/003/functions-000253.c	-[SCManagedVideoCapturerMicCoordinator .cxx_destruct]	
109052ae0	109052b6b	decompiled	chunks/003/functions-000253.c	-[SCManagedVideoCapturerTimeObserver initWithDelegate:]	
109052b6c	109052b9b	decompiled	chunks/003/functions-000253.c	-[SCManagedVideoCapturerTimeObserver addTimedTask:]	
109052b9c	109052c37	decompiled	chunks/003/functions-000253.c		
109052c38	109052df3	decompiled	chunks/003/functions-000253.c	-[SCManagedVideoCapturerTimeObserver processTime:sessionStartTimeDelayInSecond:]	
109052df4	109052e7f	decompiled	chunks/003/functions-000253.c		
109052e80	109052eab	decompiled	chunks/003/functions-000253.c	-[SCManagedVideoCapturerTimeObserver .cxx_destruct]	
109052eac	109052ee7	decompiled	chunks/003/functions-000253.c	-[SCManagedVideoCopySampleBufferHandler init]	
109052ee8	109052f2b	decompiled	chunks/003/functions-000253.c	-[SCManagedVideoCopySampleBufferHandler dealloc]	
109052f2c	109052f93	decompiled	chunks/003/functions-000253.c	-[SCManagedVideoCopySampleBufferHandler cleanupPixelBufferPool]	
109052f94	1090530f3	decompiled	chunks/003/functions-000253.c	-[SCManagedVideoCopySampleBufferHandler copyVideoSampleBufferWithInputSampleBuffer:targetAspectRatio:]	
1090530f4	109053197	decompiled	chunks/003/functions-000253.c	-[SCManagedVideoCopySampleBufferHandler _createPixelBufferPoolIfNeededWithPixelBufferSize:]	
109053198	1090532eb	decompiled	chunks/003/functions-000253.c	-[SCManagedVideoCopySampleBufferHandler _createPixelBufferPoolWithPixelBufferSize:]	
1090532ec	10905331b	decompiled	chunks/003/functions-000253.c	-[SCManagedVideoFrameSamplerImpl sampleNextFrame:]	
10905331c	109053373	decompiled	chunks/003/functions-000253.c	-[SCManagedVideoFrameSamplerImpl ciContext]	
109053374	109053497	decompiled	chunks/003/functions-000253.c	-[SCManagedVideoFrameSamplerImpl didReceiveVideoSampleBuffer:]	
109053498	1090534d3	decompiled	chunks/003/functions-000253.c		
1090534d4	1090534db	decompiled	chunks/003/functions-000253.c	-[SCManagedVideoFrameSamplerImpl frameSampleBlock]	
1090534dc	1090534e3	decompiled	chunks/003/functions-000253.c	-[SCManagedVideoFrameSamplerImpl setFrameSampleBlock:]	
1090534e4	109053513	decompiled	chunks/003/functions-000254.c	-[SCManagedVideoFrameSamplerImpl setCiContext:]	
109053514	109053543	decompiled	chunks/003/functions-000254.c	-[SCManagedVideoFrameSamplerImpl .cxx_destruct]	
109053544	1090535ff	decompiled	chunks/003/functions-000254.c	-[SCManagedVideoMusicAVSyncer init]	
109053600	109053667	decompiled	chunks/003/functions-000254.c	-[SCManagedVideoMusicAVSyncer shouldSkipVideoFrameWithPresentationTime:]	
109053668	10905369f	decompiled	chunks/003/functions-000254.c	-[SCManagedVideoMusicAVSyncer presentationTimeForFrame:]	
1090536a0	1090536a7	decompiled	chunks/003/functions-000254.c	-[SCManagedVideoMusicAVSyncer musicPlayerReadyTimestamp]	
1090536a8	1090536af	decompiled	chunks/003/functions-000254.c	-[SCManagedVideoMusicAVSyncer setMusicPlayerReadyTimestamp:]	
1090536b0	1090536d3	decompiled	chunks/003/functions-000254.c	+[SCMicInputDescription nameForMicrophoneMode:]	
1090536d4	109053887	decompiled	chunks/003/functions-000254.c	+[SCMicInputDescription commaJoinedBuiltInMicDataSourceNamesFromInputs:]	
109053888	10905388f	decompiled	chunks/003/functions-000254.c		
109053890	109053923	decompiled	chunks/003/functions-000254.c	-[SCTimedTask initWithTargetTime:task:]	
109053924	109053937	decompiled	chunks/003/functions-000254.c	-[SCTimedTask targetTime]	
109053938	10905394b	decompiled	chunks/003/functions-000254.c	-[SCTimedTask setTargetTime:]	
10905394c	109053953	decompiled	chunks/003/functions-000254.c	-[SCTimedTask task]	
109053954	10905395b	decompiled	chunks/003/functions-000254.c	-[SCTimedTask setTask:]	
10905395c	109053967	decompiled	chunks/003/functions-000254.c	-[SCTimedTask .cxx_destruct]	
109053968	109053a07	decompiled	chunks/003/functions-000254.c	-[SCBrightnessSettleDetector init]	
109053a08	109053aaf	decompiled	chunks/003/functions-000254.c	-[SCBrightnessSettleDetector reset]	
109053ab0	109053d4b	decompiled	chunks/003/functions-000254.c	-[SCBrightnessSettleDetector observeEV:]	
109053d4c	109053d57	decompiled	chunks/003/functions-000254.c	-[SCBrightnessSettleDetector settled]	
109053d58	109053d5f	decompiled	chunks/003/functions-000254.c	-[SCBrightnessSettleDetector setSettled:]	
109053d60	109053d67	decompiled	chunks/003/functions-000254.c	-[SCBrightnessSettleDetector framesSeen]	
109053d68	109053d6f	decompiled	chunks/003/functions-000254.c	-[SCBrightnessSettleDetector setFramesSeen:]	
109053d70	109053d77	decompiled	chunks/003/functions-000254.c	-[SCBrightnessSettleDetector emaPrimed]	
109053d78	109053d7f	decompiled	chunks/003/functions-000254.c	-[SCBrightnessSettleDetector setEmaPrimed:]	
109053d80	109053d87	decompiled	chunks/003/functions-000254.c	-[SCBrightnessSettleDetector ema]	
109053d88	109053d8f	decompiled	chunks/003/functions-000254.c	-[SCBrightnessSettleDetector setEma:]	
109053d90	109053d97	decompiled	chunks/003/functions-000254.c	-[SCBrightnessSettleDetector ring]	
109053d98	109053dc7	decompiled	chunks/003/functions-000254.c	-[SCBrightnessSettleDetector setRing:]	
109053dc8	109053dcf	decompiled	chunks/003/functions-000254.c	-[SCBrightnessSettleDetector ringIndex]	
109053dd0	109053dd7	decompiled	chunks/003/functions-000254.c	-[SCBrightnessSettleDetector setRingIndex:]	
109053dd8	109053ddf	decompiled	chunks/003/functions-000254.c	-[SCBrightnessSettleDetector ringCount]	
109053de0	109053de7	decompiled	chunks/003/functions-000254.c	-[SCBrightnessSettleDetector setRingCount:]	
109053de8	109053df3	decompiled	chunks/003/functions-000254.c	-[SCBrightnessSettleDetector .cxx_destruct]	
109053df4	109053f67	decompiled	chunks/003/functions-000254.c		
109053f68	109053f6f	decompiled	chunks/003/functions-000254.c		
109053f70	1090541d7	decompiled	chunks/003/functions-000254.c		
1090541d8	10905434f	decompiled	chunks/003/functions-000254.c		
109054350	1090543ef	decompiled	chunks/003/functions-000254.c	-[SCSnapVideoFrameRawData initWithFrameNum:width:height:bytesPerRow:rawLumaData:]	
1090543f0	109054413	decompiled	chunks/003/functions-000254.c	-[SCSnapVideoFrameRawData copyWithZone:]	
109054414	1090544eb	decompiled	chunks/003/functions-000254.c	-[SCSnapVideoFrameRawData initWithCoder:]	
1090544ec	109054587	decompiled	chunks/003/functions-000254.c	-[SCSnapVideoFrameRawData encodeWithCoder:]	
109054588	10905458f	decompiled	chunks/003/functions-000254.c	-[SCSnapVideoFrameRawData preferFasterCoding]	
109054590	109054603	decompiled	chunks/003/functions-000254.c	-[SCSnapVideoFrameRawData encodeWithFasterCoder:]	
109054604	10905468f	decompiled	chunks/003/functions-000254.c	-[SCSnapVideoFrameRawData decodeWithFasterDecoder:]	
109054690	1090546f3	decompiled	chunks/003/functions-000254.c	-[SCSnapVideoFrameRawData setObject:forUInt64Key:]	
1090546f4	10905478f	decompiled	chunks/003/functions-000254.c	-[SCSnapVideoFrameRawData setSInt64:forUInt64Key:]	
109054790	1090547a3	decompiled	chunks/003/functions-000254.c	+[SCSnapVideoFrameRawData fasterCodingVersion]	
1090547a4	1090547af	decompiled	chunks/003/functions-000254.c	+[SCSnapVideoFrameRawData fasterCodingKeys]	
1090547b0	109054867	decompiled	chunks/003/functions-000254.c	-[SCSnapVideoFrameRawData isEqual:]	
109054868	10905490f	decompiled	chunks/003/functions-000254.c	-[SCSnapVideoFrameRawData hash]	
109054910	109054917	decompiled	chunks/003/functions-000254.c	-[SCSnapVideoFrameRawData frameNum]	
109054918	10905491f	decompiled	chunks/003/functions-000254.c	-[SCSnapVideoFrameRawData width]	
109054920	109054927	decompiled	chunks/003/functions-000254.c	-[SCSnapVideoFrameRawData height]	
109054928	10905492f	decompiled	chunks/003/functions-000254.c	-[SCSnapVideoFrameRawData bytesPerRow]	
109054930	109054937	decompiled	chunks/003/functions-000254.c	-[SCSnapVideoFrameRawData rawLumaData]	
109054938	109054943	decompiled	chunks/003/functions-000254.c	-[SCSnapVideoFrameRawData .cxx_destruct]	
109054944	109054aaf	decompiled	chunks/003/functions-000254.c	+[SCVideoContentComplexityAnalyzer deriveVideoContentComplexityWithVideoFrames:videoAsset:keyFrameInterval:]	
109054ab0	109054f47	decompiled	chunks/003/functions-000254.c	+[SCVideoFrameMeanSquaredErrorCollector videoFrameMeanSquaredErrorsWithVideoFrames:videoAsset:videoOrientation:keyFrameInterval:shouldScaleVideo:]	
109054f48	1090550bf	decompiled	chunks/003/functions-000254.c	+[SCVideoFrameMeanSquaredErrorCollector _rotatePixelBuffer:withRotationAngle:translationPoint:]	
1090550c0	109055113	decompiled	chunks/003/functions-000254.c		
109055114	10905526b	decompiled	chunks/003/functions-000254.c	+[SCVideoFrameMeanSquaredErrorCollector _scalePixelBuffer:withScaleX:ScaleY:]	
10905526c	10905532f	decompiled	chunks/003/functions-000254.c		
109055330	1090553af	decompiled	chunks/003/functions-000254.c	-[SCVideoFrameRawDataCollector initWithPerformer:]	
1090553b0	10905543f	decompiled	chunks/003/functions-000254.c	-[SCVideoFrameRawDataCollector prepareForCollectingVideoFrameRawDataWithRawDataURL:]	
109055440	109055483	decompiled	chunks/003/functions-000254.c		
109055484	109055527	decompiled	chunks/003/functions-000254.c	-[SCVideoFrameRawDataCollector collectVideoFrameRawDataWithImageBuffer:frameNum:completion:]	
109055528	1090557b3	decompiled	chunks/003/functions-000254.c		
1090557b4	1090558eb	decompiled	chunks/003/functions-000254.c	-[SCVideoFrameRawDataCollector drainFrameDataCollectionWithCompletionHandler:]	
1090558ec	109055a57	decompiled	chunks/003/functions-000254.c	+[SCVideoFrameRawDataCollector generateVideoFrameRawDataArrayWithRawDataURL:]	
109055a58	109055a87	decompiled	chunks/003/functions-000254.c	-[SCVideoFrameRawDataCollector .cxx_destruct]	
109055a88	109055c5f	decompiled	chunks/003/functions-000254.c		
109055c60	109055cdf	decompiled	chunks/003/functions-000254.c		
109055ce0	109055e77	decompiled	chunks/003/functions-000254.c	-[SCMediaCompositionDecoder initWithMediaInputs:shouldMuteAudio:enableStereoAudio:audioProcessingWrapper:audioProcessingSessionFactory:overrideAudioAsset:visualRenderSize:useIOSurfaceBacking:]	
109055e78	109055f23	decompiled	chunks/003/functions-000254.c	-[SCMediaCompositionDecoder prepareFetchingFrameWithError:]	
109055f24	109055f87	decompiled	chunks/003/functions-000254.c	-[SCMediaCompositionDecoder decodeNextAudioSampleBuffer]	
109055f88	109055f8f	decompiled	chunks/003/functions-000254.c	-[SCMediaCompositionDecoder audioProviderStatus]	
109055f90	1090560b3	decompiled	chunks/003/functions-000254.c	-[SCMediaCompositionDecoder decodeNextVideoFrame:]	
1090560b4	1090560bb	decompiled	chunks/003/functions-000254.c	-[SCMediaCompositionDecoder videoProviderStatus]	
1090560bc	1090560e3	decompiled	chunks/003/functions-000254.c	-[SCMediaCompositionDecoder cancelFetching]	
1090560e4	1090560ff	decompiled	chunks/003/functions-000254.c	-[SCMediaCompositionDecoder avgFrameDuration]	
109056100	10905640f	decompiled	chunks/003/functions-000254.c	-[SCMediaCompositionDecoder _prepareFetchingAudioFrameWithError:]	
109056410	109056717	decompiled	chunks/003/functions-000254.c	-[SCMediaCompositionDecoder _prepareFetchingVideoFrameWithError:]	
109056718	1090567f3	decompiled	chunks/003/functions-000254.c	-[SCMediaCompositionDecoder _prepareFetchingAudioFrameWithImageInput:error:]	
1090567f4	1090568fb	decompiled	chunks/003/functions-000254.c	-[SCMediaCompositionDecoder _prepareFetchingVideoFrameWithImageInput:error:]	
1090568fc	109056a2b	decompiled	chunks/003/functions-000254.c	-[SCMediaCompositionDecoder _prepareFetchingAudioFrameWithVideoInput:error:]	
109056a2c	109056bb7	decompiled	chunks/003/functions-000254.c	-[SCMediaCompositionDecoder _prepareFetchingVideoFrameWithVideoInput:error:]	
109056bb8	109056ee7	decompiled	chunks/003/functions-000254.c	-[SCMediaCompositionDecoder _startAudioDecodingWithAsset:timeRange:error:]	
109056ee8	109056fdf	decompiled	chunks/003/functions-000254.c	-[SCMediaCompositionDecoder _copyNextAudioSampleBufferAndSetOutputTimeStamp]	
109056fe0	109057183	decompiled	chunks/003/functions-000254.c	-[SCMediaCompositionDecoder _decodeNextVideoFrameAndSetOutputTimeStamp:]	
109057184	109057197	decompiled	chunks/003/functions-000254.c	-[SCMediaCompositionDecoder timeRange]	
109057198	1090571ab	decompiled	chunks/003/functions-000254.c	-[SCMediaCompositionDecoder setTimeRange:]	
1090571ac	109057217	decompiled	chunks/003/functions-000254.c	-[SCMediaCompositionDecoder .cxx_destruct]	
109057218	109057443	decompiled	chunks/003/functions-000254.c	-[SCVideoDecoder initWithVideoAsset:videoComposition:assetReaderCompositionOutputBuilder:assetAudioMix:shouldMuteAudio:enableStereoAudio:audioProcessingWrapper:audioProcessingSessionFactory:error:]	
109057444	109057a23	decompiled	chunks/003/functions-000254.c	-[SCVideoDecoder prepareFetchingFrameWithError:]	
109057a24	109057b5f	decompiled	chunks/003/functions-000254.c	-[SCVideoDecoder decodeNextAudioSampleBuffer]	
109057b60	109057b67	decompiled	chunks/003/functions-000254.c	-[SCVideoDecoder audioProviderStatus]	
109057b68	109057c83	decompiled	chunks/003/functions-000254.c	-[SCVideoDecoder decodeNextVideoFrame:]	
109057c84	109057c8b	decompiled	chunks/003/functions-000254.c	-[SCVideoDecoder videoProviderStatus]	
109057c8c	109057cbb	decompiled	chunks/003/functions-000254.c	-[SCVideoDecoder cancelFetching]	
109057cbc	109057ccf	decompiled	chunks/003/functions-000255.c	-[SCVideoDecoder avgFrameDuration]	
109057cd0	109057dff	decompiled	chunks/003/functions-000255.c	-[SCVideoDecoder _createAudioSampleBuffer:withPresentationTimeOffset:]	
109057e00	109057e17	decompiled	chunks/003/functions-000255.c	-[SCVideoDecoder timeRange]	
109057e18	109057e2f	decompiled	chunks/003/functions-000255.c	-[SCVideoDecoder setTimeRange:]	
109057e30	109057eb3	decompiled	chunks/003/functions-000255.c	-[SCVideoDecoder .cxx_destruct]	
109057eb4	10905811b	decompiled	chunks/003/functions-000255.c	+[SCVideoDecoderError stableTextForError:]	
10905811c	109058123	decompiled	chunks/003/functions-000255.c	-[SCVideoDecoderLogger init]	
109058124	1090581b7	decompiled	chunks/003/functions-000255.c	-[SCVideoDecoderLogger initWithGrapheneMetric:]	
1090581b8	10905822b	decompiled	chunks/003/functions-000255.c	-[SCVideoDecoderLogger logDecodeErrorWithProvider:error:]	
10905822c	109058237	decompiled	chunks/003/functions-000255.c	-[SCVideoDecoderLogger .cxx_destruct]	
109058238	1090582ff	decompiled	chunks/003/functions-000255.c	-[SCVideoReverseDecoder initWithVideoAsset:]	
109058300	10905834b	decompiled	chunks/003/functions-000255.c	-[SCVideoReverseDecoder dealloc]	
10905834c	10905871b	decompiled	chunks/003/functions-000255.c	-[SCVideoReverseDecoder prepareFetchingFrameWithError:]	
10905871c	1090587f3	decompiled	chunks/003/functions-000255.c		
1090587f4	1090587fb	decompiled	chunks/003/functions-000255.c	-[SCVideoReverseDecoder decodeNextAudioSampleBuffer]	
1090587fc	109058803	decompiled	chunks/003/functions-000255.c	-[SCVideoReverseDecoder audioProviderStatus]	
109058804	109058993	decompiled	chunks/003/functions-000255.c	-[SCVideoReverseDecoder _decodeGroupOfPicturesAtFrameIndex:]	
109058994	109058adb	decompiled	chunks/003/functions-000255.c	-[SCVideoReverseDecoder decodeNextVideoFrame:]	
109058adc	109058ae3	decompiled	chunks/003/functions-000255.c	-[SCVideoReverseDecoder videoProviderStatus]	
109058ae4	109058ae7	decompiled	chunks/003/functions-000255.c	-[SCVideoReverseDecoder cancelFetching]	
109058ae8	109058b03	decompiled	chunks/003/functions-000255.c	-[SCVideoReverseDecoder avgFrameDuration]	
109058b04	109058b17	decompiled	chunks/003/functions-000255.c	-[SCVideoReverseDecoder timeRange]	
109058b18	109058b2b	decompiled	chunks/003/functions-000255.c	-[SCVideoReverseDecoder setTimeRange:]	
109058b2c	109058b73	decompiled	chunks/003/functions-000255.c	-[SCVideoReverseDecoder .cxx_destruct]	
109058b74	109058c47	decompiled	chunks/003/functions-000255.c	-[SCVideoTranscodingStaticImageFrameProvider initWithImage:frameRate:duration:audioAsset:useIOSurfaceBacking:]	
109058c48	109058c8b	decompiled	chunks/003/functions-000255.c	-[SCVideoTranscodingStaticImageFrameProvider prepareFetchingFrameWithError:]	
109058c8c	109058cf3	decompiled	chunks/003/functions-000255.c	-[SCVideoTranscodingStaticImageFrameProvider decodeNextAudioSampleBuffer]	
109058cf4	109058d0f	decompiled	chunks/003/functions-000255.c	-[SCVideoTranscodingStaticImageFrameProvider audioProviderStatus]	
109058d10	109058e3b	decompiled	chunks/003/functions-000255.c	-[SCVideoTranscodingStaticImageFrameProvider decodeNextVideoFrame:]	
109058e3c	109058e7f	decompiled	chunks/003/functions-000255.c	-[SCVideoTranscodingStaticImageFrameProvider videoProviderStatus]	
109058e80	109058ebb	decompiled	chunks/003/functions-000255.c	-[SCVideoTranscodingStaticImageFrameProvider cancelFetching]	
109058ebc	109058ed7	decompiled	chunks/003/functions-000255.c	-[SCVideoTranscodingStaticImageFrameProvider avgFrameDuration]	
109058ed8	10905918f	decompiled	chunks/003/functions-000255.c	-[SCVideoTranscodingStaticImageFrameProvider _createIOSurfaceImagePixelBuffer]	
109059190	1090593d3	decompiled	chunks/003/functions-000255.c	-[SCVideoTranscodingStaticImageFrameProvider _createImagePixelBuffer]	
1090593d4	1090593db	decompiled	chunks/003/functions-000255.c		
1090593dc	109059403	decompiled	chunks/003/functions-000255.c	-[SCVideoTranscodingStaticImageFrameProvider _releasePixelBuffer]	
109059404	109059487	decompiled	chunks/003/functions-000255.c	-[SCVideoTranscodingStaticImageFrameProvider _prepareFetchingImageFrameWithError:]	
109059488	10905975b	decompiled	chunks/003/functions-000255.c	-[SCVideoTranscodingStaticImageFrameProvider _prepareFetchingAudioFrameWithError:]	
10905975c	109059773	decompiled	chunks/003/functions-000255.c	-[SCVideoTranscodingStaticImageFrameProvider timeRange]	
109059774	10905978b	decompiled	chunks/003/functions-000255.c	-[SCVideoTranscodingStaticImageFrameProvider setTimeRange:]	
10905978c	1090597df	decompiled	chunks/003/functions-000255.c	-[SCVideoTranscodingStaticImageFrameProvider .cxx_destruct]	
1090597e0	1090598a3	decompiled	chunks/003/functions-000255.c	-[SCVideoTranscodingStaticSampleBufferProvider initWithAsset:staticFrameConfig:]	
1090598a4	109059b3f	decompiled	chunks/003/functions-000255.c	-[SCVideoTranscodingStaticSampleBufferProvider prepareFetchingFrameWithError:]	
109059b40	109059b47	decompiled	chunks/003/functions-000255.c	-[SCVideoTranscodingStaticSampleBufferProvider decodeNextAudioSampleBuffer]	
109059b48	109059b4f	decompiled	chunks/003/functions-000255.c	-[SCVideoTranscodingStaticSampleBufferProvider audioProviderStatus]	
109059b50	109059c53	decompiled	chunks/003/functions-000255.c	-[SCVideoTranscodingStaticSampleBufferProvider decodeNextVideoFrame:]	
109059c54	109059c87	decompiled	chunks/003/functions-000255.c	-[SCVideoTranscodingStaticSampleBufferProvider videoProviderStatus]	
109059c88	109059cbf	decompiled	chunks/003/functions-000255.c	-[SCVideoTranscodingStaticSampleBufferProvider cancelFetching]	
109059cc0	109059cdb	decompiled	chunks/003/functions-000255.c	-[SCVideoTranscodingStaticSampleBufferProvider avgFrameDuration]	
109059cdc	109059cf3	decompiled	chunks/003/functions-000255.c	-[SCVideoTranscodingStaticSampleBufferProvider timeRange]	
109059cf4	109059d0b	decompiled	chunks/003/functions-000255.c	-[SCVideoTranscodingStaticSampleBufferProvider setTimeRange:]	
109059d0c	109059d53	decompiled	chunks/003/functions-000255.c	-[SCVideoTranscodingStaticSampleBufferProvider .cxx_destruct]	
109059d54	109059e27	decompiled	chunks/003/functions-000255.c	-[SCVideoEncoderInputPixelBufferAdaptor initWithAssetWriterInput:attributes:]	
109059e28	109059f8b	decompiled	chunks/003/functions-000255.c		
109059f8c	109059fcf	decompiled	chunks/003/functions-000255.c	-[SCVideoEncoderInputPixelBufferAdaptor appendPixelBuffer:withPresentationTime:]	
109059fd0	10905a01b	decompiled	chunks/003/functions-000255.c	-[SCVideoEncoderInputPixelBufferAdaptor createPixelBuffer]	
10905a01c	10905a05b	decompiled	chunks/003/functions-000255.c	-[SCVideoEncoderInputPixelBufferAdaptor createPixelBufferWithAttributes:]	
10905a05c	10905a15b	decompiled	chunks/003/functions-000255.c	-[SCVideoEncoderInputPixelBufferAdaptor _pixelBufferPoolWithAttributes:]	
10905a15c	10905a197	decompiled	chunks/003/functions-000255.c	-[SCVideoEncoderInputPixelBufferAdaptor .cxx_destruct]	
10905a198	10905a23f	decompiled	chunks/003/functions-000255.c	-[SCDelayedTranscodingTask initWithPerformer:transcodingTask:]	
10905a240	10905a247	decompiled	chunks/003/functions-000255.c	-[SCDelayedTranscodingTask performer]	
10905a248	10905a24f	decompiled	chunks/003/functions-000255.c	-[SCDelayedTranscodingTask transcodingTask]	
10905a250	10905a27f	decompiled	chunks/003/functions-000255.c	-[SCDelayedTranscodingTask .cxx_destruct]	
10905a280	10905a34f	decompiled	chunks/003/functions-000255.c	-[SCNGSMEAVCustomCompositor init]	
10905a350	10905a3a3	decompiled	chunks/003/functions-000255.c	-[SCNGSMEAVCustomCompositor dealloc]	
10905a3a4	10905a437	decompiled	chunks/003/functions-000255.c	-[SCNGSMEAVCustomCompositor sourcePixelBufferAttributes]	
10905a438	10905a4cb	decompiled	chunks/003/functions-000255.c	-[SCNGSMEAVCustomCompositor requiredPixelBufferAttributesForRenderContext]	
10905a4cc	10905a4d7	decompiled	chunks/003/functions-000255.c	-[SCNGSMEAVCustomCompositor setRenderSize:]	
10905a4d8	10905a51b	decompiled	chunks/003/functions-000255.c	-[SCNGSMEAVCustomCompositor setTotalDuration:]	
10905a51c	10905a54b	decompiled	chunks/003/functions-000255.c	-[SCNGSMEAVCustomCompositor setExpectedVideoTrackIDs:]	
10905a54c	10905a553	decompiled	chunks/003/functions-000255.c	-[SCNGSMEAVCustomCompositor setHasSegmentTransform:]	
10905a554	10905a59f	decompiled	chunks/003/functions-000255.c	-[SCNGSMEAVCustomCompositor setRenderInputImagesAsBGRA:]	
10905a5a0	10905a5ab	decompiled	chunks/003/functions-000255.c	-[SCNGSMEAVCustomCompositor setSessionTextureCacheEnabled:]	
10905a5ac	10905a5b3	decompiled	chunks/003/functions-000255.c	-[SCNGSMEAVCustomCompositor addSegmentInfoForTrackID:ngsmeInputID:timeRanges:images:]	
10905a5b4	10905a653	decompiled	chunks/003/functions-000255.c	-[SCNGSMEAVCustomCompositor setRenderEffects:]	
10905a654	10905a68f	decompiled	chunks/003/functions-000255.c		
10905a690	10905a757	decompiled	chunks/003/functions-000255.c	-[SCNGSMEAVCustomCompositor copyLastComposedPixelBuffer]	
10905a758	10905a823	decompiled	chunks/003/functions-000255.c	-[SCNGSMEAVCustomCompositor renderContextChanged:]	
10905a824	10905a8af	decompiled	chunks/003/functions-000255.c	-[SCNGSMEAVCustomCompositor startVideoCompositionRequest:]	
10905a8b0	10905a8eb	decompiled	chunks/003/functions-000255.c		
10905a8ec	10905a977	decompiled	chunks/003/functions-000255.c	-[SCNGSMEAVCustomCompositor _shouldEnableRenderPassGraphFlow]	
10905a978	10905ae2b	decompiled	chunks/003/functions-000255.c	-[SCNGSMEAVCustomCompositor _processCompositionRequestSingleTrackFlow:]	
10905ae2c	10905ae33	decompiled	chunks/003/functions-000255.c		
10905ae34	10905ae7f	decompiled	chunks/003/functions-000255.c		
10905ae80	10905b513	decompiled	chunks/003/functions-000255.c	-[SCNGSMEAVCustomCompositor _processCompositionRequestMultiTrackFlow:]	
10905b514	10905b52b	decompiled	chunks/003/functions-000255.c		
10905b52c	10905b6ab	decompiled	chunks/003/functions-000255.c		
10905b6ac	10905b873	decompiled	chunks/003/functions-000255.c	-[SCNGSMEAVCustomCompositor _reinitializeSingleInputProcessor]	
10905b874	10905b95f	decompiled	chunks/003/functions-000255.c	-[SCNGSMEAVCustomCompositor _isAtLastImageEnd:imageTimeRanges:]	
10905b960	10905b967	decompiled	chunks/003/functions-000255.c	-[SCNGSMEAVCustomCompositor playbackMode]	
10905b968	10905b96f	decompiled	chunks/003/functions-000255.c	-[SCNGSMEAVCustomCompositor setPlaybackMode:]	
10905b970	10905b977	decompiled	chunks/003/functions-000255.c	-[SCNGSMEAVCustomCompositor renderInputImagesAsBGRA]	
10905b978	10905b97f	decompiled	chunks/003/functions-000255.c	-[SCNGSMEAVCustomCompositor sessionTextureCacheEnabled]	
10905b980	10905b9f7	decompiled	chunks/003/functions-000255.c	-[SCNGSMEAVCustomCompositor .cxx_destruct]	
10905b9f8	10905b9ff	decompiled	chunks/003/functions-000255.c	-[SCNGSMECompositorLogger init]	
10905ba00	10905baa7	decompiled	chunks/003/functions-000255.c	-[SCNGSMECompositorLogger initWithGrapheneMetric:]	
10905baa8	10905bccf	decompiled	chunks/003/functions-000255.c	-[SCNGSMECompositorLogger logFrameProcessedWithDurationMs:outTime:mediaCount:]	
10905bcd0	10905bd6f	decompiled	chunks/003/functions-000255.c	-[SCNGSMECompositorLogger _logFrameProcessedReportingPeriodWithMediaCount:]	
10905bd70	10905bd83	decompiled	chunks/003/functions-000255.c	-[SCNGSMECompositorLogger timestampForNextReport]	
10905bd84	10905bd8b	decompiled	chunks/003/functions-000255.c	-[SCNGSMECompositorLogger reportingFrameCount]	
10905bd8c	10905bd93	decompiled	chunks/004/functions-000256.c	-[SCNGSMECompositorLogger reportingDurationMs]	
10905bd94	10905bd9f	decompiled	chunks/004/functions-000256.c	-[SCNGSMECompositorLogger .cxx_destruct]	
10905bda0	10905be1f	decompiled	chunks/004/functions-000256.c	-[SCNGSMEVideoProcessor init]	
10905be20	10905be73	decompiled	chunks/004/functions-000256.c	-[SCNGSMEVideoProcessor dealloc]	
10905be74	10905be7b	decompiled	chunks/004/functions-000256.c	-[SCNGSMEVideoProcessor setRenderSize:]	
10905be7c	10905beb3	decompiled	chunks/004/functions-000256.c	-[SCNGSMEVideoProcessor setRenderEffects:]	
10905beb4	10905bee3	decompiled	chunks/004/functions-000256.c	-[SCNGSMEVideoProcessor setIppRenderer:]	
10905bee4	10905bef7	decompiled	chunks/004/functions-000256.c	-[SCNGSMEVideoProcessor setTotalDuration:]	
10905bef8	10905bf83	decompiled	chunks/004/functions-000256.c	-[SCNGSMEVideoProcessor setupImageProcessor]	
10905bf84	10905c027	decompiled	chunks/004/functions-000256.c	-[SCNGSMEVideoProcessor blankPixelBuffer]	
10905c028	10905c38f	decompiled	chunks/004/functions-000256.c	-[SCNGSMEVideoProcessor addSegmentInfoForTrackID:ngsmeInputID:timeRanges:images:]	
10905c390	10905c3b7	decompiled	chunks/004/functions-000256.c	-[SCNGSMEVideoProcessor trackSegmentInfo]	
10905c3b8	10905c417	decompiled	chunks/004/functions-000256.c	-[SCNGSMEVideoProcessor renderInputs:trackIds:orientations:transforms:outputPixelBuffer:outputTimestamp:frameTimestamp:completionHandler:]	
10905c418	10905c49f	decompiled	chunks/004/functions-000256.c	-[SCNGSMEVideoProcessor renderInputsForPlayback:trackIds:orientations:transforms:outputTimestamp:frameTimestamp:completionHandler:]	
10905c4a0	10905ca3b	decompiled	chunks/004/functions-000256.c	-[SCNGSMEVideoProcessor _processInputs:trackIds:orientations:transforms:outputPixelBuffer:outputTimestamp:frameTimestamp:imageProcessor:outputRenderer:trackUnchangedFrames:completionHandler:]	
10905ca3c	10905ca47	decompiled	chunks/004/functions-000256.c		
10905ca48	10905cecf	decompiled	chunks/004/functions-000256.c	-[SCNGSMEVideoProcessor _createExportRenderEffects]	
10905ced0	10905cfab	decompiled	chunks/004/functions-000256.c	-[SCNGSMEVideoProcessor _exportImageCommandForCommand:]	
10905cfac	10905d03f	decompiled	chunks/004/functions-000256.c	-[SCNGSMEVideoProcessor setupExportImageProcessor]	
10905d040	10905d14f	decompiled	chunks/004/functions-000256.c	-[SCNGSMEVideoProcessor exportInputs:trackIds:orientations:transforms:outputPixelBuffer:outputTimestamp:frameTimestamp:completionHandler:]	
10905d150	10905d167	decompiled	chunks/004/functions-000256.c	-[SCNGSMEVideoProcessor commandProvider]	
10905d168	10905d173	decompiled	chunks/004/functions-000256.c	-[SCNGSMEVideoProcessor setCommandProvider:]	
10905d174	10905d17b	decompiled	chunks/004/functions-000256.c	-[SCNGSMEVideoProcessor renderInputImagesAsBGRA]	
10905d17c	10905d183	decompiled	chunks/004/functions-000256.c	-[SCNGSMEVideoProcessor setRenderInputImagesAsBGRA:]	
10905d184	10905d18b	decompiled	chunks/004/functions-000256.c	-[SCNGSMEVideoProcessor sessionTextureCacheEnabled]	
10905d18c	10905d193	decompiled	chunks/004/functions-000256.c	-[SCNGSMEVideoProcessor setSessionTextureCacheEnabled:]	
10905d194	10905d1ef	decompiled	chunks/004/functions-000256.c	-[SCNGSMEVideoProcessor .cxx_destruct]	
10905d1f0	10905d38f	decompiled	chunks/004/functions-000256.c	-[SCVideoExportImageProcessor initWithImageProcessQueue:viewportTransform:cpuBufferTransform:readColorSpaceFromInputPixelBuffers:colorSpace:GPUCommands:CPUCommands:backgroundCommand:outputSize:]	
10905d390	10905d3db	decompiled	chunks/004/functions-000256.c	-[SCVideoExportImageProcessor warmUpProcessing]	
10905d3dc	10905d707	decompiled	chunks/004/functions-000256.c	-[SCVideoExportImageProcessor processImageWithInputPixelBuffer:outputPixelBuffer:orientation:presentationTime:presentationTimeOffset:transcodingTaskId:completionHandler:]	
10905d708	10905d70b	decompiled	chunks/004/functions-000256.c		
10905d70c	10905d747	decompiled	chunks/004/functions-000256.c		
10905d748	10905d7cf	decompiled	chunks/004/functions-000256.c	-[SCVideoExportImageProcessor processImageWithGraphInputs:outputPixelBuffer:outputRenderer:presentationTime:transcodingTaskId:enableCPUFallback:completionHandler:]	
10905d7d0	10905d85b	decompiled	chunks/004/functions-000256.c	-[SCVideoExportImageProcessor _registerNotificationHandlers]	
10905d85c	10905d85f	decompiled	chunks/004/functions-000256.c	-[SCVideoExportImageProcessor cancelProcessing]	
10905d860	10905d8db	decompiled	chunks/004/functions-000256.c	-[SCVideoExportImageProcessor imageProcessCommandsInfo]	
10905d8dc	10905d957	decompiled	chunks/004/functions-000256.c		
10905d958	10905d99b	decompiled	chunks/004/functions-000256.c	-[SCVideoExportImageProcessor dealloc]	
10905d99c	10905da17	decompiled	chunks/004/functions-000256.c	-[SCVideoExportImageProcessor _cleanupCommands]	
10905da18	10905da1f	decompiled	chunks/004/functions-000256.c	-[SCVideoExportImageProcessor commandNeedAsyncWarmup]	
10905da20	10905da23	decompiled	chunks/004/functions-000256.c	-[SCVideoExportImageProcessor _imageLensCommandWarmupTimeout]	
10905da24	10905da27	decompiled	chunks/004/functions-000256.c	-[SCVideoExportImageProcessor _imageLensCommandWarmupComplete]	
10905da28	10905da87	decompiled	chunks/004/functions-000256.c	-[SCVideoExportImageProcessor _startOperationQueue]	
10905da88	10905daaf	decompiled	chunks/004/functions-000256.c	-[SCVideoExportImageProcessor _cleanupPendingOperationQueue]	
10905dab0	10905db27	decompiled	chunks/004/functions-000256.c	-[SCVideoExportImageProcessor .cxx_destruct]	
10905db28	10905db2b	decompiled	chunks/004/functions-000256.c	-[SCVideoMockImageProcessor warmUpProcessing]	
10905db2c	10905db3f	decompiled	chunks/004/functions-000256.c	-[SCVideoMockImageProcessor processImageWithInputPixelBuffer:outputPixelBuffer:orientation:presentationTime:presentationTimeOffset:transcodingTaskId:completionHandler:]	
10905db40	10905db87	decompiled	chunks/004/functions-000256.c	-[SCVideoMockImageProcessor processImageWithGraphInputs:outputPixelBuffer:outputRenderer:presentationTime:transcodingTaskId:enableCPUFallback:completionHandler:]	
10905db88	10905db8b	decompiled	chunks/004/functions-000256.c	-[SCVideoMockImageProcessor cancelProcessing]	
10905db8c	10905db97	decompiled	chunks/004/functions-000256.c	-[SCVideoMockImageProcessor imageProcessCommandsInfo]	
10905db98	10905dcab	decompiled	chunks/004/functions-000256.c	-[SCVideoTimedImageProcessor initWithImageProcessQueue:renderEffectDAGs:outputSize:createTextureCacheHolder:]	
10905dcac	10905dd6f	decompiled	chunks/004/functions-000256.c	-[SCVideoTimedImageProcessor warmUpProcessing]	
10905dd70	10905de5b	decompiled	chunks/004/functions-000256.c	-[SCVideoTimedImageProcessor _renderEffectDagIndexContainingPresentationTime:]	
10905de5c	10905e17b	decompiled	chunks/004/functions-000256.c	-[SCVideoTimedImageProcessor _renderEffectDagWithPresentationTime:error:]	
10905e17c	10905e393	decompiled	chunks/004/functions-000256.c	-[SCVideoTimedImageProcessor processImageWithInputPixelBuffer:outputPixelBuffer:orientation:presentationTime:presentationTimeOffset:transcodingTaskId:completionHandler:]	
10905e394	10905e62f	decompiled	chunks/004/functions-000256.c	-[SCVideoTimedImageProcessor processImageWithGraphInputs:outputPixelBuffer:outputRenderer:presentationTime:transcodingTaskId:enableCPUFallback:completionHandler:]	
10905e630	10905e6bf	decompiled	chunks/004/functions-000256.c	-[SCVideoTimedImageProcessor cancelProcessing]	
10905e6c0	10905e80b	decompiled	chunks/004/functions-000256.c	-[SCVideoTimedImageProcessor unloadGPUCommandsOrRenderPassesForRenderEffectDAG:]	
10905e80c	10905e9c3	decompiled	chunks/004/functions-000256.c	-[SCVideoTimedImageProcessor imageProcessCommandsInfo]	
10905e9c4	10905ea3f	decompiled	chunks/004/functions-000256.c		
10905ea40	10905eab3	decompiled	chunks/004/functions-000256.c	-[SCVideoTimedImageProcessor dealloc]	
10905eab4	10905eb1f	decompiled	chunks/004/functions-000256.c	-[SCVideoTimedImageProcessor _createPixelBufferPoolIfNeededWithSize:]	
10905eb20	10905eca7	decompiled	chunks/004/functions-000256.c	-[SCVideoTimedImageProcessor _createPixelBufferPoolWithSize:]	
10905eca8	10905ecdf	decompiled	chunks/004/functions-000256.c	-[SCVideoTimedImageProcessor _releasePixelBufferPool]	
10905ece0	10905ed33	decompiled	chunks/004/functions-000256.c	-[SCVideoTimedImageProcessor .cxx_destruct]	
10905ed34	10905eee3	decompiled	chunks/004/functions-000256.c	-[SCVideoTimedImageProcessorAdaptor initWithInputTrackId:videoSegments:imageProcessQueue:renderEffectDAGs:outputSize:videoSourceSize:circumstanceEngine:]	
10905eee4	10905f30f	decompiled	chunks/004/functions-000256.c	-[SCVideoTimedImageProcessorAdaptor _layerInstructionFromSegments:outputSize:videoSourceSize:]	
10905f310	10905f317	decompiled	chunks/004/functions-000256.c	-[SCVideoTimedImageProcessorAdaptor warmUpProcessing]	
10905f318	10905f52f	decompiled	chunks/004/functions-000256.c	-[SCVideoTimedImageProcessorAdaptor processImageWithInputPixelBuffer:outputPixelBuffer:orientation:presentationTime:presentationTimeOffset:transcodingTaskId:completionHandler:]	
10905f530	10905f56b	decompiled	chunks/004/functions-000256.c	-[SCVideoTimedImageProcessorAdaptor processImageWithGraphInputs:outputPixelBuffer:outputRenderer:presentationTime:transcodingTaskId:enableCPUFallback:completionHandler:]	
10905f56c	10905f573	decompiled	chunks/004/functions-000256.c	-[SCVideoTimedImageProcessorAdaptor cancelProcessing]	
10905f574	10905f57b	decompiled	chunks/004/functions-000256.c	-[SCVideoTimedImageProcessorAdaptor imageProcessCommandsInfo]	
10905f57c	10905f5cf	decompiled	chunks/004/functions-000256.c	-[SCVideoTimedImageProcessorAdaptor .cxx_destruct]	
10905f5d0	10905f8d7	decompiled	chunks/004/functions-000256.c	-[SCVideoTranscodingInputMediaProvider initWithInputVideoAsset:rawVideoDataURL:videoTransform:assetAudioMix:videoPlaybackRate:videoCreateTimeUtc:staticFrameConfig:timeRange:inputImage:frameRate:duration:inputImageAudioAsset:assetReaderCompositionOutputBuilder:presentationTimeOffset:fileEmbeddedMetadata:]	
10905f8d8	10905f8df	decompiled	chunks/004/functions-000256.c	-[SCVideoTranscodingInputMediaProvider inputVideoAsset]	
10905f8e0	10905f8e7	decompiled	chunks/004/functions-000256.c	-[SCVideoTranscodingInputMediaProvider rawVideoDataURL]	
10905f8e8	10905f8ef	decompiled	chunks/004/functions-000256.c	-[SCVideoTranscodingInputMediaProvider videoTransform]	
10905f8f0	10905f8f7	decompiled	chunks/004/functions-000256.c	-[SCVideoTranscodingInputMediaProvider assetAudioMix]	
10905f8f8	10905f8ff	decompiled	chunks/004/functions-000256.c	-[SCVideoTranscodingInputMediaProvider videoPlaybackRate]	
10905f900	10905f907	decompiled	chunks/004/functions-000256.c	-[SCVideoTranscodingInputMediaProvider videoCreateTimeUtc]	
10905f908	10905f90f	decompiled	chunks/004/functions-000256.c	-[SCVideoTranscodingInputMediaProvider staticFrameConfig]	
10905f910	10905f917	decompiled	chunks/004/functions-000256.c	-[SCVideoTranscodingInputMediaProvider timeRange]	
10905f918	10905f91f	decompiled	chunks/004/functions-000256.c	-[SCVideoTranscodingInputMediaProvider inputImage]	
10905f920	10905f927	decompiled	chunks/004/functions-000256.c	-[SCVideoTranscodingInputMediaProvider frameRate]	
10905f928	10905f92f	decompiled	chunks/004/functions-000256.c	-[SCVideoTranscodingInputMediaProvider duration]	
10905f930	10905f937	decompiled	chunks/004/functions-000256.c	-[SCVideoTranscodingInputMediaProvider presentationTimeOffset]	
10905f938	10905f93f	decompiled	chunks/004/functions-000256.c	-[SCVideoTranscodingInputMediaProvider inputImageAudioAsset]	
10905f940	10905f947	decompiled	chunks/004/functions-000256.c	-[SCVideoTranscodingInputMediaProvider fileEmbeddedMetadata]	
10905f948	10905f94f	decompiled	chunks/004/functions-000256.c	-[SCVideoTranscodingInputMediaProvider assetReaderCompositionOutputBuilder]	
10905f950	10905fa0f	decompiled	chunks/004/functions-000256.c	-[SCVideoTranscodingInputMediaProvider .cxx_destruct]	
10905fa10	10905fa7f	decompiled	chunks/004/functions-000256.c	+[SCVideoTranscodingRetryPolicy decisionForError:]	
10905fa80	10905fabf	decompiled	chunks/004/functions-000256.c	+[SCVideoTranscodingRetryPolicy retryDelayForAttemptIndex:baseDelayMs:]	
10905fac0	10905fbab	decompiled	chunks/004/functions-000256.c	+[SCVideoTranscodingRetryPolicy _isMediaServicesReset:]	
10905fbac	10905fcaf	decompiled	chunks/004/functions-000256.c	+[SCVideoTranscodingRetryPolicy _isMissingVideoTrack:]	
10905fcb0	10905fd2b	decompiled	chunks/004/functions-000256.c	+[SCVideoTranscodingRetryPolicy _integerFromUserInfoValue:]	
10905fd2c	10905fde7	decompiled	chunks/004/functions-000256.c	-[SCVideoTranscodingSession initWithInputMediaProvider:outputVideoURL:videoTranscodingConfiguration:imageProcessor:audioProcessingWrapper:audioProcessingSessionFactory:transcodingTaskId:circumstanceEngine:transcodingLogger:]	
10905fde8	10905fea3	decompiled	chunks/004/functions-000256.c	-[SCVideoTranscodingSession initWithInputMediaProvider:segmentDataOutputBlock:videoTranscodingConfiguration:imageProcessor:audioProcessingWrapper:audioProcessingSessionFactory:transcodingTaskId:circumstanceEngine:transcodingLogger:]	
10905fea4	1090604ff	decompiled	chunks/004/functions-000256.c	-[SCVideoTranscodingSession initWithInputMediaProvider:videoTranscodingConfiguration:imageProcessor:audioProcessingWrapper:audioProcessingSessionFactory:transcodingTaskId:circumstanceEngine:transcodingLogger:]	
109060500	10906059f	decompiled	chunks/004/functions-000256.c		
1090605a0	10906069f	decompiled	chunks/004/functions-000256.c	-[SCVideoTranscodingSession _stallDetectorDidReportEvent:stage:detail:markCount:secondsSinceLastMark:didEnterBackgroundInGap:]	
1090606a0	1090606d3	decompiled	chunks/004/functions-000257.c	-[SCVideoTranscodingSession dealloc]	
1090606d4	1090606db	decompiled	chunks/004/functions-000257.c	-[SCVideoTranscodingSession startRunningWithCompletionBlock:progressBlock:]	
1090606dc	10906088b	decompiled	chunks/004/functions-000257.c	-[SCVideoTranscodingSession startRunningWithCompletionBlock:progressBlock:statusBlock:]	
10906088c	109060a37	decompiled	chunks/004/functions-000257.c		
109060a38	109060bcb	decompiled	chunks/004/functions-000257.c	-[SCVideoTranscodingSession cancelRunning]	
109060bcc	109060c0b	decompiled	chunks/004/functions-000257.c		
109060c0c	109060c1b	decompiled	chunks/004/functions-000257.c	-[SCVideoTranscodingSession retryCount]	
109060c1c	109060cbf	decompiled	chunks/004/functions-000257.c	-[SCVideoTranscodingSession videoEncoderDidCompleteEncoding:]	
109060cc0	109060e13	decompiled	chunks/004/functions-000257.c		
109060e14	109060ea3	decompiled	chunks/004/functions-000257.c	-[SCVideoTranscodingSession videoEncoderDidCancelEncoding:]	
109060ea4	109060ec7	decompiled	chunks/004/functions-000257.c		
109060ec8	10906107f	decompiled	chunks/004/functions-000257.c	-[SCVideoTranscodingSession videoEncoder:didFailEncodingWithError:]	
109061080	109061193	decompiled	chunks/004/functions-000257.c	-[SCVideoTranscodingSession videoEncoder:didProgressWithPresentationTime:]	
109061194	10906129f	decompiled	chunks/004/functions-000257.c		
1090612a0	10906140f	decompiled	chunks/004/functions-000257.c	-[SCVideoTranscodingSession _setupVideoTranscodingSession]	
109061410	1090616bf	decompiled	chunks/004/functions-000257.c	-[SCVideoTranscodingSession _setupVideoFrameProvider]	
1090616c0	1090616d7	decompiled	chunks/004/functions-000257.c		
1090616d8	109061853	decompiled	chunks/004/functions-000257.c		
109061854	109061cf7	decompiled	chunks/004/functions-000257.c	-[SCVideoTranscodingSession _setupVideoEncoderWithFirstAudioSampleBuffer:firstVideoFrame:]	
109061cf8	109061fa3	decompiled	chunks/004/functions-000257.c		
109061fa4	10906203f	decompiled	chunks/004/functions-000257.c		
109062040	10906207f	decompiled	chunks/004/functions-000257.c	-[SCVideoTranscodingSession _startTranscoding]	
109062080	1090620bb	decompiled	chunks/004/functions-000257.c	-[SCVideoTranscodingSession _cancelTranscoding]	
1090620bc	109062163	decompiled	chunks/004/functions-000257.c	-[SCVideoTranscodingSession _cancelFrameFetching]	
109062164	10906223f	decompiled	chunks/004/functions-000257.c		
109062240	109062247	decompiled	chunks/004/functions-000257.c		
109062248	1090623cb	decompiled	chunks/004/functions-000257.c	-[SCVideoTranscodingSession _transcodingFailureHandler]	
1090623cc	10906241f	decompiled	chunks/004/functions-000257.c		
109062420	10906248b	decompiled	chunks/004/functions-000257.c	-[SCVideoTranscodingSession _isErrorAwareRetryEnabled]	
10906248c	1090624f7	decompiled	chunks/004/functions-000257.c	-[SCVideoTranscodingSession _retryBaseDelayMs]	
1090624f8	109062563	decompiled	chunks/004/functions-000257.c	-[SCVideoTranscodingSession _statusTickMinIntervalMs]	
109062564	1090625f3	decompiled	chunks/004/functions-000257.c	-[SCVideoTranscodingSession _shouldEmitEncodingTickWithProgress:]	
1090625f4	1090626eb	decompiled	chunks/004/functions-000257.c	-[SCVideoTranscodingSession _emitStatusWithPhase:progress:]	
1090626ec	10906272b	decompiled	chunks/004/functions-000257.c	-[SCVideoTranscodingSession _emitTerminalStatus]	
10906272c	109062783	decompiled	chunks/004/functions-000257.c	-[SCVideoTranscodingSession _resetFrameProvider]	
109062784	109062793	decompiled	chunks/004/functions-000257.c		
109062794	1090627c7	decompiled	chunks/004/functions-000257.c	-[SCVideoTranscodingSession _captureEncoderFrameCounts]	
1090627c8	10906286b	decompiled	chunks/004/functions-000257.c	-[SCVideoTranscodingSession _invokeCompletionBlock]	
10906286c	10906299b	decompiled	chunks/004/functions-000257.c	-[SCVideoTranscodingSession _logGrapheneConcurrentMetric]	
10906299c	1090629b3	decompiled	chunks/004/functions-000257.c	-[SCVideoTranscodingSession _bitrateMultiplierWithVideoContentComplexity:]	
1090629b4	109062a7f	decompiled	chunks/004/functions-000257.c	-[SCVideoTranscodingSession _retryTranscodingIfFails]	
109062a80	109062abf	decompiled	chunks/004/functions-000257.c	-[SCVideoTranscodingSession _teardownFailedAttempt]	
109062ac0	109062b03	decompiled	chunks/004/functions-000257.c	-[SCVideoTranscodingSession _increaseConcurrentTranscodingCount]	
109062b04	109062b57	decompiled	chunks/004/functions-000257.c	-[SCVideoTranscodingSession _decreaseConcurrentTranscodingCount]	
109062b58	109062c0f	decompiled	chunks/004/functions-000257.c	-[SCVideoTranscodingSession _logQueueTimeWithStartTime:didTimeOut:fixEnabled:]	
109062c10	109062c17	decompiled	chunks/004/functions-000257.c	-[SCVideoTranscodingSession status]	
109062c18	109062c1f	decompiled	chunks/004/functions-000257.c	-[SCVideoTranscodingSession outputHasAudio]	
109062c20	109062c27	decompiled	chunks/004/functions-000257.c	-[SCVideoTranscodingSession error]	
109062c28	109062c2f	decompiled	chunks/004/functions-000257.c	-[SCVideoTranscodingSession imageProcessingError]	
109062c30	109062c37	decompiled	chunks/004/functions-000257.c	-[SCVideoTranscodingSession qualityScore]	
109062c38	109062c3f	decompiled	chunks/004/functions-000257.c	-[SCVideoTranscodingSession overrideMaxFrameRate]	
109062c40	109062c47	decompiled	chunks/004/functions-000257.c	-[SCVideoTranscodingSession setOverrideMaxFrameRate:]	
109062c48	109062c4f	decompiled	chunks/004/functions-000257.c	-[SCVideoTranscodingSession frameProcessedCount]	
109062c50	109062c57	decompiled	chunks/004/functions-000257.c	-[SCVideoTranscodingSession muxerAudioProcessedFrameCount]	
109062c58	109062e1f	decompiled	chunks/004/functions-000257.c	-[SCVideoTranscodingSession .cxx_destruct]	
109062e20	109062e73	decompiled	chunks/004/functions-000257.c	+[SCVideoTranscodingSessionScheduler sharedInstance]	
109062e74	109062ea3	decompiled	chunks/004/functions-000257.c		
109062ea4	10906300f	decompiled	chunks/004/functions-000257.c	-[SCVideoTranscodingSessionScheduler initPrivate]	
109063010	10906303b	decompiled	chunks/004/functions-000257.c		
10906303c	1090630d3	decompiled	chunks/004/functions-000257.c	-[SCVideoTranscodingSessionScheduler scheduleTranscodingTask:forSession:priority:]	
1090630d4	10906313b	decompiled	chunks/004/functions-000257.c	-[SCVideoTranscodingSessionScheduler removeTranscodingSession:]	
10906313c	1090631bb	decompiled	chunks/004/functions-000257.c	-[SCVideoTranscodingSessionScheduler _runFirstTaskIfNeeded]	
1090631bc	10906326b	decompiled	chunks/004/functions-000257.c	-[SCVideoTranscodingSessionScheduler _runFirstTask]	
10906326c	1090632a7	decompiled	chunks/004/functions-000257.c	-[SCVideoTranscodingSessionScheduler .cxx_destruct]	
1090632a8	109063353	decompiled	chunks/004/functions-000257.c	-[SCVideoTranscodingSessionSchedulerQueue init]	
109063354	1090633a3	decompiled	chunks/004/functions-000257.c	-[SCVideoTranscodingSessionSchedulerQueue insert:withPriority:]	
1090633a4	109063413	decompiled	chunks/004/functions-000257.c	-[SCVideoTranscodingSessionSchedulerQueue pop]	
109063414	109063483	decompiled	chunks/004/functions-000257.c	-[SCVideoTranscodingSessionSchedulerQueue _firstSessionFromQueue:]	
109063484	1090634e7	decompiled	chunks/004/functions-000257.c	-[SCVideoTranscodingSessionSchedulerQueue remove:]	
1090634e8	1090635a3	decompiled	chunks/004/functions-000257.c	-[SCVideoTranscodingSessionSchedulerQueue _removeSession:fromQueue:]	
1090635a4	1090635df	decompiled	chunks/004/functions-000257.c	-[SCVideoTranscodingSessionSchedulerQueue .cxx_destruct]	
1090635e0	1090636b7	decompiled	chunks/004/functions-000257.c	-[SCVideoTranscodingStallDetector initWithStallThreshold:checkInterval:eventBlock:]	
1090636b8	1090636db	decompiled	chunks/004/functions-000257.c	-[SCVideoTranscodingStallDetector _applicationDidEnterBackground:]	
1090636dc	109063713	decompiled	chunks/004/functions-000257.c	-[SCVideoTranscodingStallDetector noteDidEnterBackgroundAtTime:]	
109063714	10906375b	decompiled	chunks/004/functions-000257.c	-[SCVideoTranscodingStallDetector dealloc]	
10906375c	109063887	decompiled	chunks/004/functions-000257.c	-[SCVideoTranscodingStallDetector start]	
109063888	1090638bb	decompiled	chunks/004/functions-000257.c		
1090638bc	10906392b	decompiled	chunks/004/functions-000257.c	-[SCVideoTranscodingStallDetector stop]	
10906392c	10906396b	decompiled	chunks/004/functions-000257.c	-[SCVideoTranscodingStallDetector markStage:]	
10906396c	1090639c7	decompiled	chunks/004/functions-000257.c	-[SCVideoTranscodingStallDetector markStage:detail:]	
1090639c8	109063b1b	decompiled	chunks/004/functions-000257.c	-[SCVideoTranscodingStallDetector markStage:detail:atTime:]	
109063b1c	109063bbb	decompiled	chunks/004/functions-000257.c	-[SCVideoTranscodingStallDetector stalledStageAtTime:stalledSeconds:didEnterBackgroundInGap:]	
109063bbc	109063c9b	decompiled	chunks/004/functions-000257.c	-[SCVideoTranscodingStallDetector checkForStallAtTime:]	
109063c9c	109063ce3	decompiled	chunks/004/functions-000257.c	-[SCVideoTranscodingStallDetector .cxx_destruct]	
109063ce4	109063dff	decompiled	chunks/004/functions-000257.c	-[SCVideoEncoder initWithPerformer:outputURL:settings:circumstanceEngine:delegate:]	
109063e00	109063f1f	decompiled	chunks/004/functions-000257.c	-[SCVideoEncoder initWithPerformer:settings:segmentDataOutputBlock:circumstanceEngine:delegate:]	
109063f20	10906411f	decompiled	chunks/004/functions-000257.c	-[SCVideoEncoder initWithPerformer:settings:circumstanceEngine:delegate:]	
109064120	10906419b	decompiled	chunks/004/functions-000257.c	-[SCVideoEncoder dealloc]	
10906419c	109064a37	decompiled	chunks/004/functions-000257.c	-[SCVideoEncoder prepareEncodingWithFirstAudioSampleBuffer:firstVideoFrame:videoFrameProcessingBlock:shouldFailEncodingForIPPError:error:]	
109064a38	109065747	decompiled	chunks/004/functions-000257.c	-[SCVideoEncoder startEncodingWithVideoTranscodingFrameProvider:frameProviderPerformer:]	
109065748	10906575f	decompiled	chunks/004/functions-000257.c		
109065760	1090657cf	decompiled	chunks/004/functions-000257.c		
1090657d0	109065abf	decompiled	chunks/004/functions-000257.c		
109065ac0	109065b97	decompiled	chunks/004/functions-000257.c		
109065b98	109065d63	decompiled	chunks/004/functions-000257.c		
109065d64	109065dab	decompiled	chunks/004/functions-000257.c		
109065dac	109065df3	decompiled	chunks/004/functions-000257.c	-[SCVideoEncoder cancelEncoding]	
109065df4	109065e7f	decompiled	chunks/004/functions-000257.c	-[SCVideoEncoder assetWriter:didOutputSegmentData:segmentType:segmentReport:]	
109065e80	10906606b	decompiled	chunks/004/functions-000257.c	-[SCVideoEncoder _completeEncoding]	
10906606c	1090660b7	decompiled	chunks/004/functions-000257.c		
1090660b8	109066127	decompiled	chunks/004/functions-000258.c	-[SCVideoEncoder _completeEncodingWithError:]	
109066128	10906617b	decompiled	chunks/004/functions-000258.c	-[SCVideoEncoder _createOutputPixelBuffer]	
10906617c	1090661c7	decompiled	chunks/004/functions-000258.c	-[SCVideoEncoder _isValidPixelBuffer:]	
1090661c8	10906635f	decompiled	chunks/004/functions-000258.c	-[SCVideoEncoder _assetWriterStatusChanged:]	
109066360	109066423	decompiled	chunks/004/functions-000258.c	-[SCVideoEncoder _cleanUpResourceOnCancel]	
109066424	109066497	decompiled	chunks/004/functions-000258.c		
109066498	1090664bf	decompiled	chunks/004/functions-000258.c	-[SCVideoEncoder _getSourcePixelBufferSizeWithInputSize:orientation:]	
1090664c0	10906668b	decompiled	chunks/004/functions-000258.c	-[SCVideoEncoder _videoEncoderAudioOutputSettingsForSampleBuffer:]	
10906668c	1090669bf	decompiled	chunks/004/functions-000258.c	-[SCVideoEncoder _videoEncoderVideoOutputSettings]	
1090669c0	109066ad7	decompiled	chunks/004/functions-000258.c	-[SCVideoEncoder _appendVideoSampleBuffer:]	
109066ad8	109066bf7	decompiled	chunks/004/functions-000258.c	-[SCVideoEncoder _convertPlaneInputPixelBuffer:outputPixelBuffer:orientation:planeIndex:]	
109066bf8	109066c37	decompiled	chunks/004/functions-000258.c	-[SCVideoEncoder _claimFrameFetchFailure]	
109066c38	109066ea7	decompiled	chunks/004/functions-000258.c	-[SCVideoEncoder _fetchNextVideoFrameWithTimeoutForFrameProvider:timedOut:]	
109066ea8	109066eb7	decompiled	chunks/004/functions-000258.c		
109066eb8	109066f5f	decompiled	chunks/004/functions-000258.c		
109066f60	1090672a7	decompiled	chunks/004/functions-000258.c	-[SCVideoEncoder _fetchNextVideoFrameWithFrameProvider:currentPresentationTime:maxFrameRate:]	
1090672a8	109067303	decompiled	chunks/004/functions-000258.c	-[SCVideoEncoder _cleanupForEncoding]	
109067304	10906730b	decompiled	chunks/004/functions-000258.c	-[SCVideoEncoder muxerAudioProcessedFrameCount]	
10906730c	109067313	decompiled	chunks/004/functions-000258.c	-[SCVideoEncoder setMuxerAudioProcessedFrameCount:]	
109067314	10906731f	decompiled	chunks/004/functions-000258.c	-[SCVideoEncoder encodingCancelled]	
109067320	109067327	decompiled	chunks/004/functions-000258.c	-[SCVideoEncoder setEncodingCancelled:]	
109067328	1090673ef	decompiled	chunks/004/functions-000258.c	-[SCVideoEncoder .cxx_destruct]	
1090673f0	10906744f	decompiled	chunks/004/functions-000258.c		
109067450	109067473	decompiled	chunks/004/functions-000258.c	-[SCVideoEncoderPixelBufferAttributes copyWithZone:]	
109067474	1090674d3	decompiled	chunks/004/functions-000258.c	-[SCVideoEncoderPixelBufferAttributes hash]	
1090674d4	10906757b	decompiled	chunks/004/functions-000258.c	-[SCVideoEncoderPixelBufferAttributes isEqual:]	
10906757c	109067707	decompiled	chunks/004/functions-000258.c		
109067708	10906772b	decompiled	chunks/004/functions-000258.c	-[SCVideoEncoderOutputSettings copyWithZone:]	
10906772c	10906792f	decompiled	chunks/004/functions-000258.c	-[SCVideoEncoderOutputSettings hash]	
109067930	109067b93	decompiled	chunks/004/functions-000258.c	-[SCVideoEncoderOutputSettings isEqual:]	
109067b94	109067bdb	decompiled	chunks/004/functions-000258.c	-[SCVideoEncoderOutputSettings .cxx_destruct]	
109067bdc	109067cc7	decompiled	chunks/004/functions-000258.c		
109067cc8	109067ceb	decompiled	chunks/004/functions-000258.c	-[SCNGSMEAVCustomCompositorImageSegmentsInfo copyWithZone:]	
109067cec	109067d6f	decompiled	chunks/004/functions-000258.c	-[SCNGSMEAVCustomCompositorImageSegmentsInfo hash]	
109067d70	109067e3f	decompiled	chunks/004/functions-000258.c	-[SCNGSMEAVCustomCompositorImageSegmentsInfo isEqual:]	
109067e40	109067e7b	decompiled	chunks/004/functions-000258.c	-[SCNGSMEAVCustomCompositorImageSegmentsInfo .cxx_destruct]	
109067e7c	109067e9f	decompiled	chunks/004/functions-000258.c	-[SCMediaCompositionImageInput copyWithZone:]	
109067ea0	109067f23	decompiled	chunks/004/functions-000258.c	-[SCMediaCompositionImageInput hash]	
109067f24	109067ff3	decompiled	chunks/004/functions-000258.c	-[SCMediaCompositionImageInput isEqual:]	
109067ff4	10906802f	decompiled	chunks/004/functions-000258.c	-[SCMediaCompositionImageInput .cxx_destruct]	
109068030	109068053	decompiled	chunks/004/functions-000258.c	-[SCMediaCompositionVideoInput copyWithZone:]	
109068054	1090680c7	decompiled	chunks/004/functions-000258.c	-[SCMediaCompositionVideoInput hash]	
1090680c8	10906816f	decompiled	chunks/004/functions-000258.c	-[SCMediaCompositionVideoInput isEqual:]	
109068170	10906819f	decompiled	chunks/004/functions-000258.c	-[SCMediaCompositionVideoInput .cxx_destruct]	
1090681a0	109068213	decompiled	chunks/004/functions-000258.c	-[SCGrapheneTranscodingConcurrencyCountMetric2 init]	
109068214	1090684d3	decompiled	chunks/004/functions-000258.c		
1090684d4	109068703	decompiled	chunks/004/functions-000258.c		
109068704	109068797	decompiled	chunks/004/functions-000258.c		
109068798	109068a57	decompiled	chunks/004/functions-000258.c		
109068a58	109068acb	decompiled	chunks/004/functions-000258.c	-[SCGrapheneNgsmeCompositorMetric2 init]	
109068acc	109068c3f	decompiled	chunks/004/functions-000258.c		
109068c40	109068db3	decompiled	chunks/004/functions-000258.c		
109068db4	109068e27	decompiled	chunks/004/functions-000258.c	-[SCGrapheneVideoDecodingMetric2 init]	
109068e28	109069057	decompiled	chunks/004/functions-000258.c		
109069058	1090691e7	decompiled	chunks/004/functions-000258.c	-[SCImageProcessColorFilterSessionImpl initWithQueue:commandManager:]	
1090691e8	10906932f	decompiled	chunks/004/functions-000258.c	-[SCImageProcessColorFilterSessionImpl setImage:withScaledImageFuture:]	
109069330	1090696af	decompiled	chunks/004/functions-000258.c		
1090696b0	10906975f	decompiled	chunks/004/functions-000258.c		
109069760	10906979b	decompiled	chunks/004/functions-000258.c	-[SCImageProcessColorFilterSessionImpl setRenderer:]	
10906979c	10906980b	decompiled	chunks/004/functions-000258.c	-[SCImageProcessColorFilterSessionImpl setViewportTransform:]	
10906980c	109069813	decompiled	chunks/004/functions-000258.c	-[SCImageProcessColorFilterSessionImpl setShouldRenderContinuously:]	
109069814	10906981b	decompiled	chunks/004/functions-000258.c	-[SCImageProcessColorFilterSessionImpl setShouldRenderFullSizeImageForExport:]	
10906981c	109069823	decompiled	chunks/004/functions-000258.c	-[SCImageProcessColorFilterSessionImpl setShouldAnimateBackgroundCommand:]	
109069824	109069847	decompiled	chunks/004/functions-000258.c	-[SCImageProcessColorFilterSessionImpl notifyInputCommandsChanged]	
109069848	10906988b	decompiled	chunks/004/functions-000258.c	-[SCImageProcessColorFilterSessionImpl setOffset:]	
10906988c	109069a1f	decompiled	chunks/004/functions-000258.c	-[SCImageProcessColorFilterSessionImpl filterImageWithCroppingAspectRatio:transcodingTaskId:useBackgroundAnimationCommand:imageFilteringCompletionHandler:]	
109069a20	109069a8b	decompiled	chunks/004/functions-000258.c		
109069a8c	109069aa3	decompiled	chunks/004/functions-000258.c		
109069aa4	109069b5f	decompiled	chunks/004/functions-000258.c	-[SCImageProcessColorFilterSessionImpl setBackgroundAnimationCommand:]	
109069b60	109069c1f	decompiled	chunks/004/functions-000258.c	-[SCImageProcessColorFilterSessionImpl _addBackgroundAnimationCommandUnloadRequest]	
109069c20	109069c8f	decompiled	chunks/004/functions-000258.c	-[SCImageProcessColorFilterSessionImpl _addUnloadRequestForCommands:]	
109069c90	109069ceb	decompiled	chunks/004/functions-000258.c	-[SCImageProcessColorFilterSessionImpl dealloc]	
109069cec	109069d17	decompiled	chunks/004/functions-000258.c	-[SCImageProcessColorFilterSessionImpl cleanup]	
109069d18	109069d9b	decompiled	chunks/004/functions-000258.c	-[SCImageProcessColorFilterSessionImpl cleanupCommandsAndRenderer]	
109069d9c	109069da3	decompiled	chunks/004/functions-000258.c	-[SCImageProcessColorFilterSessionImpl addListener:]	
109069da4	109069dab	decompiled	chunks/004/functions-000258.c	-[SCImageProcessColorFilterSessionImpl removeListener:]	
109069dac	109069e2b	decompiled	chunks/004/functions-000258.c	-[SCImageProcessColorFilterSessionImpl stopRunning]	
109069e2c	109069f4b	decompiled	chunks/004/functions-000258.c	-[SCImageProcessColorFilterSessionImpl startRunning]	
109069f4c	10906a10f	decompiled	chunks/004/functions-000258.c	-[SCImageProcessColorFilterSessionImpl _displayLinkCallback:]	
10906a110	10906a1e7	decompiled	chunks/004/functions-000258.c		
10906a1e8	10906a247	decompiled	chunks/004/functions-000258.c		
10906a248	10906a5e3	decompiled	chunks/004/functions-000258.c	-[SCImageProcessColorFilterSessionImpl _addRequestWithBackgroundAnimationCommand:imageFilteringCompletionHandler:croppingAspectRatio:backgroundColor:transcodingTaskID:requestCompletionHandler:resetShouldSubmitNewRequest:presentationTime:]	
10906a5e4	10906a6a3	decompiled	chunks/004/functions-000258.c	-[SCImageProcessColorFilterSessionImpl _presentationTime]	
10906a6a4	10906a71f	decompiled	chunks/004/functions-000258.c	-[SCImageProcessColorFilterSessionImpl _generateSessionId]	
10906a720	10906a72b	decompiled	chunks/004/functions-000258.c	-[SCImageProcessColorFilterSessionImpl _applicationWillResignActive:]	
10906a72c	10906a737	decompiled	chunks/004/functions-000258.c	-[SCImageProcessColorFilterSessionImpl _applicationDidBecomeActive:]	
10906a738	10906a73f	decompiled	chunks/004/functions-000258.c	-[SCImageProcessColorFilterSessionImpl appliesColorConversionDuringScaling]	
10906a740	10906a747	decompiled	chunks/004/functions-000258.c	-[SCImageProcessColorFilterSessionImpl setAppliesColorConversionDuringScaling:]	
10906a748	10906a813	decompiled	chunks/004/functions-000258.c	-[SCImageProcessColorFilterSessionImpl .cxx_destruct]	
10906a814	10906aa03	decompiled	chunks/004/functions-000258.c	-[SCImageProcessMultiPixelSession initWithQueue:images:presentationTimes:commands:viewportTransform:backgroundColors:]	
10906aa04	10906aaa3	decompiled	chunks/004/functions-000258.c	-[SCImageProcessMultiPixelSession dealloc]	
10906aaa4	10906ab33	decompiled	chunks/004/functions-000258.c	-[SCImageProcessMultiPixelSession runWithCompletion:]	
10906ab34	10906ab9f	decompiled	chunks/004/functions-000258.c		
10906aba0	10906afbf	decompiled	chunks/004/functions-000258.c	-[SCImageProcessMultiPixelSession _processImageAtIndex:]	
10906afc0	10906afd7	decompiled	chunks/004/functions-000258.c		
10906afd8	10906b023	decompiled	chunks/004/functions-000258.c		
10906b024	10906b08b	decompiled	chunks/004/functions-000258.c		
10906b08c	10906b0c7	decompiled	chunks/004/functions-000258.c		
10906b0c8	10906b0d7	decompiled	chunks/004/functions-000258.c	-[SCImageProcessMultiPixelSession _addImageToProcessedArray:]	
10906b0d8	10906b0df	decompiled	chunks/004/functions-000258.c	-[SCImageProcessMultiPixelSession useTransparentBackground]	
10906b0e0	10906b0e7	decompiled	chunks/004/functions-000259.c	-[SCImageProcessMultiPixelSession setUseTransparentBackground:]	
10906b0e8	10906b16b	decompiled	chunks/004/functions-000259.c	-[SCImageProcessMultiPixelSession .cxx_destruct]	
10906b16c	10906b1a3	decompiled	chunks/004/functions-000259.c	-[SCImageProcessPixelSession initWithQueue:image:outputSize:backgroundAnimationCommand:commands:orientation:viewportTransform:]	
10906b1a4	10906b333	decompiled	chunks/004/functions-000259.c	-[SCImageProcessPixelSession initWithQueue:image:outputSize:backgroundAnimationCommand:commands:orientation:viewportTransform:commandMapper:useOutputTextureEnable:]	
10906b334	10906b3d3	decompiled	chunks/004/functions-000259.c	-[SCImageProcessPixelSession dealloc]	
10906b3d4	10906b493	decompiled	chunks/004/functions-000259.c	-[SCImageProcessPixelSession startRunningWithCompletionHandler:atPresentationTime:]	
10906b494	10906b883	decompiled	chunks/004/functions-000259.c		
10906b884	10906b89b	decompiled	chunks/004/functions-000259.c		
10906b89c	10906b8d3	decompiled	chunks/004/functions-000259.c		
10906b8d4	10906b943	decompiled	chunks/004/functions-000259.c		
10906b944	10906b94b	decompiled	chunks/004/functions-000259.c	-[SCImageProcessPixelSession useTransparentBackground]	
10906b94c	10906b953	decompiled	chunks/004/functions-000259.c	-[SCImageProcessPixelSession setUseTransparentBackground:]	
10906b954	10906b9b3	decompiled	chunks/004/functions-000259.c	-[SCImageProcessPixelSession .cxx_destruct]	
10906b9b4	10906ba87	decompiled	chunks/004/functions-000259.c	-[SCImageProcessRenderSessionStaticCommandManagerImpl initWithQueue:outputCommands:midOutputCommands:]	
10906ba88	10906bafb	decompiled	chunks/004/functions-000259.c	-[SCImageProcessRenderSessionStaticCommandManagerImpl dealloc]	
10906bafc	10906bb97	decompiled	chunks/004/functions-000259.c	-[SCImageProcessRenderSessionStaticCommandManagerImpl setOutputCommands:]	
10906bb98	10906bc37	decompiled	chunks/004/functions-000259.c	-[SCImageProcessRenderSessionStaticCommandManagerImpl setMidOutputCommands:]	
10906bc38	10906bc3f	decompiled	chunks/004/functions-000259.c	-[SCImageProcessRenderSessionStaticCommandManagerImpl updateSwipeFilterOffset:]	
10906bc40	10906bc87	decompiled	chunks/004/functions-000259.c	-[SCImageProcessRenderSessionStaticCommandManagerImpl getCommandsForExportMode:]	
10906bc88	10906bc8b	decompiled	chunks/004/functions-000259.c	-[SCImageProcessRenderSessionStaticCommandManagerImpl getCommandsForExportMode:timestamp:]	
10906bc8c	10906bd47	decompiled	chunks/004/functions-000259.c	-[SCImageProcessRenderSessionStaticCommandManagerImpl warmupCommandsIfNeededForOutputSize:]	
10906bd48	10906bddf	decompiled	chunks/004/functions-000259.c	-[SCImageProcessRenderSessionStaticCommandManagerImpl unloadCommands]	
10906bde0	10906be1b	decompiled	chunks/004/functions-000259.c	-[SCImageProcessRenderSessionStaticCommandManagerImpl .cxx_destruct]	
10906be1c	10906bf2b	decompiled	chunks/004/functions-000259.c	-[SCImageProcessRenderSessionTimedCommandManagerImpl initWithQueue:timeRanges:outputCommandsArrays:]	
10906bf2c	10906bf9f	decompiled	chunks/004/functions-000259.c	-[SCImageProcessRenderSessionTimedCommandManagerImpl dealloc]	
10906bfa0	10906bfd7	decompiled	chunks/004/functions-000259.c	-[SCImageProcessRenderSessionTimedCommandManagerImpl setOutputCommandsArrays:]	
10906bfd8	10906c063	decompiled	chunks/004/functions-000259.c	-[SCImageProcessRenderSessionTimedCommandManagerImpl description]	
10906c064	10906c06b	decompiled	chunks/004/functions-000259.c	-[SCImageProcessRenderSessionTimedCommandManagerImpl updateSwipeFilterOffset:]	
10906c06c	10906c0ab	decompiled	chunks/004/functions-000259.c	-[SCImageProcessRenderSessionTimedCommandManagerImpl getCommandsForExportMode:]	
10906c0ac	10906c1db	decompiled	chunks/004/functions-000259.c	-[SCImageProcessRenderSessionTimedCommandManagerImpl getCommandsForExportMode:timestamp:]	
10906c1dc	10906c257	decompiled	chunks/004/functions-000259.c	-[SCImageProcessRenderSessionTimedCommandManagerImpl warmupCommandsIfNeededForOutputSize:]	
10906c258	10906c2b7	decompiled	chunks/004/functions-000259.c	-[SCImageProcessRenderSessionTimedCommandManagerImpl unloadCommands]	
10906c2b8	10906c2ff	decompiled	chunks/004/functions-000259.c	-[SCImageProcessRenderSessionTimedCommandManagerImpl .cxx_destruct]	
10906c300	10906c643	decompiled	chunks/004/functions-000259.c	-[SCImageProcessVideoPlaybackSessionImpl initWithQueue:audioSession:player:asset:layer:orientation:useHighFrameRate:isPlaybackBufferMonitoringEnabled:videoPlaybackLogger:commandManager:isSpectaclesMedia:isOpera:]	
10906c644	10906c67b	decompiled	chunks/004/functions-000259.c	-[SCImageProcessVideoPlaybackSessionImpl initWithQueue:player:asset:layer:orientation:useHighFrameRate:isPlaybackBufferMonitoringEnabled:videoPlaybackLogger:commandManager:isSpectaclesMedia:isOpera:]	
10906c67c	10906c6ef	decompiled	chunks/004/functions-000259.c	-[SCImageProcessVideoPlaybackSessionImpl dealloc]	
10906c6f0	10906c813	decompiled	chunks/004/functions-000259.c	-[SCImageProcessVideoPlaybackSessionImpl cleanupCommandsAndRenderer]	
10906c814	10906ca2f	decompiled	chunks/004/functions-000259.c	-[SCImageProcessVideoPlaybackSessionImpl prepareToPlay]	
10906ca30	10906ca37	decompiled	chunks/004/functions-000259.c	-[SCImageProcessVideoPlaybackSessionImpl isPlaying]	
10906ca38	10906ca4f	decompiled	chunks/004/functions-000259.c	-[SCImageProcessVideoPlaybackSessionImpl currentTime]	
10906ca50	10906ca5b	decompiled	chunks/004/functions-000259.c	-[SCImageProcessVideoPlaybackSessionImpl beginConfiguration]	
10906ca5c	10906cb5f	decompiled	chunks/004/functions-000259.c	-[SCImageProcessVideoPlaybackSessionImpl commitConfigurationWithSeekToBeginning:]	
10906cb60	10906cb67	decompiled	chunks/004/functions-000259.c	-[SCImageProcessVideoPlaybackSessionImpl volume]	
10906cb68	10906cbb3	decompiled	chunks/004/functions-000259.c	-[SCImageProcessVideoPlaybackSessionImpl setVolume:]	
10906cbb4	10906cbbb	decompiled	chunks/004/functions-000259.c	-[SCImageProcessVideoPlaybackSessionImpl shouldLoop]	
10906cbbc	10906cbe3	decompiled	chunks/004/functions-000259.c	-[SCImageProcessVideoPlaybackSessionImpl setShouldLoop:]	
10906cbe4	10906cbeb	decompiled	chunks/004/functions-000259.c	-[SCImageProcessVideoPlaybackSessionImpl isReversePlaying]	
10906cbec	10906cc23	decompiled	chunks/004/functions-000259.c	-[SCImageProcessVideoPlaybackSessionImpl setAudioProcessorMix:]	
10906cc24	10906ce23	decompiled	chunks/004/functions-000259.c	-[SCImageProcessVideoPlaybackSessionImpl setAudioOverrideAsset:]	
10906ce24	10906ce27	decompiled	chunks/004/functions-000259.c	-[SCImageProcessVideoPlaybackSessionImpl setMixedAudioAssetTrack:forKey:]	
10906ce28	10906ce2b	decompiled	chunks/004/functions-000259.c	-[SCImageProcessVideoPlaybackSessionImpl updateVolumeProportion:forAudioTrackWithKey:]	
10906ce2c	10906ce53	decompiled	chunks/004/functions-000259.c	-[SCImageProcessVideoPlaybackSessionImpl audioOverrideAsset]	
10906ce54	10906cfab	decompiled	chunks/004/functions-000259.c	-[SCImageProcessVideoPlaybackSessionImpl setBackgroundAnimationCommand:]	
10906cfac	10906cfcb	decompiled	chunks/004/functions-000259.c	-[SCImageProcessVideoPlaybackSessionImpl setSwipeOffset:]	
10906cfcc	10906d03b	decompiled	chunks/004/functions-000259.c	-[SCImageProcessVideoPlaybackSessionImpl setPlayerRate:]	
10906d03c	10906d043	decompiled	chunks/004/functions-000259.c	-[SCImageProcessVideoPlaybackSessionImpl addListener:]	
10906d044	10906d04b	decompiled	chunks/004/functions-000259.c	-[SCImageProcessVideoPlaybackSessionImpl removeListener:]	
10906d04c	10906d24b	decompiled	chunks/004/functions-000259.c	-[SCImageProcessVideoPlaybackSessionImpl startRunning]	
10906d24c	10906d263	decompiled	chunks/004/functions-000259.c		
10906d264	10906d2bb	decompiled	chunks/004/functions-000259.c		
10906d2bc	10906d307	decompiled	chunks/004/functions-000259.c	-[SCImageProcessVideoPlaybackSessionImpl pauseRunningAndContinueRendering:]	
10906d308	10906d37b	decompiled	chunks/004/functions-000259.c	-[SCImageProcessVideoPlaybackSessionImpl resumeRunning]	
10906d37c	10906d4cf	decompiled	chunks/004/functions-000259.c	-[SCImageProcessVideoPlaybackSessionImpl stopRunning]	
10906d4d0	10906d59f	decompiled	chunks/004/functions-000259.c	-[SCImageProcessVideoPlaybackSessionImpl setReversePlaybackEnabled:reverseAudioPlayer:]	
10906d5a0	10906d6cb	decompiled	chunks/004/functions-000259.c	-[SCImageProcessVideoPlaybackSessionImpl setPlayerItemTimeScale:]	
10906d6cc	10906d6e7	decompiled	chunks/004/functions-000259.c	-[SCImageProcessVideoPlaybackSessionImpl setViewportTransform:]	
10906d6e8	10906d757	decompiled	chunks/004/functions-000259.c	-[SCImageProcessVideoPlaybackSessionImpl seekVideoAndAudioToBeginning]	
10906d758	10906d82f	decompiled	chunks/004/functions-000259.c	-[SCImageProcessVideoPlaybackSessionImpl seekToTime:]	
10906d830	10906db8f	decompiled	chunks/004/functions-000259.c	-[SCImageProcessVideoPlaybackSessionImpl _seekVideoAndAudioToTime:]	
10906db90	10906dbd3	decompiled	chunks/004/functions-000259.c		
10906dbd4	10906dc13	decompiled	chunks/004/functions-000259.c	-[SCImageProcessVideoPlaybackSessionImpl rewindToBeginningWithCompletion:]	
10906dc14	10906dc53	decompiled	chunks/004/functions-000259.c	-[SCImageProcessVideoPlaybackSessionImpl fastFowardToEndWithCompletion:]	
10906dc54	10906dca3	decompiled	chunks/004/functions-000259.c	-[SCImageProcessVideoPlaybackSessionImpl finishRewindingToBeginning]	
10906dca4	10906dcf3	decompiled	chunks/004/functions-000259.c	-[SCImageProcessVideoPlaybackSessionImpl finishFastForwardingToEnd]	
10906dcf4	10906ddcf	decompiled	chunks/004/functions-000259.c	-[SCImageProcessVideoPlaybackSessionImpl stopPlayingAndSeekSmoothlyToTime:]	
10906ddd0	10906df57	decompiled	chunks/004/functions-000259.c	-[SCImageProcessVideoPlaybackSessionImpl _smoothSeekToTime]	
10906df58	10906df73	decompiled	chunks/004/functions-000259.c	-[SCImageProcessVideoPlaybackSessionImpl currentItemStartTimeOffset]	
10906df74	10906df87	decompiled	chunks/004/functions-000259.c	-[SCImageProcessVideoPlaybackSessionImpl playbackTimeForFrameTime:]	
10906df88	10906dfa7	decompiled	chunks/004/functions-000259.c	-[SCImageProcessVideoPlaybackSessionImpl _isPlayerPaused]	
10906dfa8	10906dfdf	decompiled	chunks/004/functions-000259.c	-[SCImageProcessVideoPlaybackSessionImpl _cleanUpDisplayLink]	
10906dfe0	10906e017	decompiled	chunks/004/functions-000259.c	-[SCImageProcessVideoPlaybackSessionImpl _applicationWillResignActive:]	
10906e018	10906e07f	decompiled	chunks/004/functions-000259.c	-[SCImageProcessVideoPlaybackSessionImpl _applicationDidBecomeActive:]	
10906e080	10906e14f	decompiled	chunks/004/functions-000259.c	-[SCImageProcessVideoPlaybackSessionImpl _playerItemDidPlayToEndTime:]	
10906e150	10906e157	decompiled	chunks/004/functions-000259.c	-[SCImageProcessVideoPlaybackSessionImpl setShouldAnimateBackgroundCommand:]	
10906e158	10906e1bb	decompiled	chunks/004/functions-000259.c	-[SCImageProcessVideoPlaybackSessionImpl _tryRemakeOutput]	
10906e1bc	10906e84f	decompiled	chunks/004/functions-000259.c	-[SCImageProcessVideoPlaybackSessionImpl _displayLinkCallback:]	
10906e850	10906e91b	decompiled	chunks/004/functions-000259.c		
10906e91c	10906e977	decompiled	chunks/004/functions-000259.c		
10906e978	10906ea3b	decompiled	chunks/004/functions-000259.c	-[SCImageProcessVideoPlaybackSessionImpl _playerItemBufferDidBecomeEmpty:]	
10906ea3c	10906eaff	decompiled	chunks/004/functions-000259.c	-[SCImageProcessVideoPlaybackSessionImpl _playerItemLikelyToKeepUp:]	
10906eb00	10906ebe7	decompiled	chunks/004/functions-000259.c	-[SCImageProcessVideoPlaybackSessionImpl _playerItemStatusDidChange:]	
10906ebe8	10906ed17	decompiled	chunks/004/functions-000259.c	-[SCImageProcessVideoPlaybackSessionImpl _rescaleAssetComposition:]	
10906ed18	10906f10f	decompiled	chunks/004/functions-000259.c	-[SCImageProcessVideoPlaybackSessionImpl _setupAssetCompositionAndPlayerItem]	
10906f110	10906f17f	decompiled	chunks/004/functions-000259.c	-[SCImageProcessVideoPlaybackSessionImpl _unobservePlayerItem]	
10906f180	10906f2fb	decompiled	chunks/004/functions-000259.c	-[SCImageProcessVideoPlaybackSessionImpl _observePlayerItem]	
10906f2fc	10906f38b	decompiled	chunks/004/functions-000259.c	-[SCImageProcessVideoPlaybackSessionImpl _updatePlayerRateWithReversePlayback]	
10906f38c	10906f40f	decompiled	chunks/004/functions-000259.c	-[SCImageProcessVideoPlaybackSessionImpl _setAVPlayerVolumes:]	
10906f410	10906f4d3	decompiled	chunks/004/functions-000259.c	-[SCImageProcessVideoPlaybackSessionImpl _playShouldSeek:toTime:]	
10906f4d4	10906f533	decompiled	chunks/004/functions-000259.c	-[SCImageProcessVideoPlaybackSessionImpl _pause]	
10906f534	10906f5ab	decompiled	chunks/004/functions-000259.c	-[SCImageProcessVideoPlaybackSessionImpl _startRunningShouldSeek:toTime:]	
