address	end_address	status	pseudocode_file	runtime_label	error
1091cee84	1091cf00b	decompiled	chunks/005/functions-000340.c		
1091cf00c	1091cf0fb	decompiled	chunks/005/functions-000340.c		
1091cf0fc	1091cf297	decompiled	chunks/005/functions-000340.c	-[SCLensMediaAssetProvider processImagesRemovingAtIndexes:]	
1091cf298	1091cf38f	decompiled	chunks/005/functions-000340.c		
1091cf390	1091cf47f	decompiled	chunks/005/functions-000340.c		
1091cf480	1091cf5d3	decompiled	chunks/005/functions-000340.c	-[SCLensMediaAssetProvider getCroppedThumbnailsFromCameraRollAndCache:size:completion:]	
1091cf5d4	1091cf7ef	decompiled	chunks/005/functions-000340.c		
1091cf7f0	1091cf7ff	decompiled	chunks/005/functions-000340.c		
1091cf800	1091cf8fb	decompiled	chunks/005/functions-000340.c	+[SCLensMediaAssetProvider _createFaceDetector]	
1091cf8fc	1091cfa2f	decompiled	chunks/005/functions-000340.c	-[SCLensMediaAssetProvider _detectFaceFeaturesInImage:]	
1091cfa30	1091cfb87	decompiled	chunks/005/functions-000340.c	-[SCLensMediaAssetProvider _processFaceDetectionAndCacheImage:imageId:imageIndex:completion:]	
1091cfb88	1091d034f	decompiled	chunks/005/functions-000340.c		
1091d0350	1091d040b	decompiled	chunks/005/functions-000340.c		
1091d040c	1091d045b	decompiled	chunks/005/functions-000340.c		
1091d045c	1091d06c7	decompiled	chunks/005/functions-000340.c	-[SCLensMediaAssetProvider _cacheCroppedImages:croppedImageIds:originalImageIndex:completion:]	
1091d06c8	1091d06ef	decompiled	chunks/005/functions-000340.c		
1091d06f0	1091d06f7	decompiled	chunks/005/functions-000340.c	-[SCLensMediaAssetProvider isPresetImageAtIndex:]	
1091d06f8	1091d088f	decompiled	chunks/005/functions-000340.c	-[SCLensMediaAssetProvider _minSquareRectThatContainRects:]	
1091d0890	1091d09af	decompiled	chunks/005/functions-000340.c	-[SCLensMediaAssetProvider _flattenIdentifiersFromGroupedIdentifiers:]	
1091d09b0	1091d0ac7	decompiled	chunks/005/functions-000340.c	-[SCLensMediaAssetProvider _flattenIdentifiersFromGroupedIdentifiersWithMultipleFacesPush:]	
1091d0ac8	1091d0cbb	decompiled	chunks/005/functions-000340.c	-[SCLensMediaAssetProvider _pushedMultipleFacesPhotosForward:]	
1091d0cbc	1091d0d5b	decompiled	chunks/005/functions-000340.c	-[SCLensMediaAssetProvider _normalizedRectForFaceFeature:imageSize:]	
1091d0d5c	1091d0e2f	decompiled	chunks/005/functions-000340.c	-[SCLensMediaAssetProvider _faceRectForFaceFeature:imageSize:]	
1091d0e30	1091d0efb	decompiled	chunks/005/functions-000340.c	-[SCLensMediaAssetProvider _cropImage:rect:]	
1091d0efc	1091d0f03	decompiled	chunks/005/functions-000340.c	-[SCLensMediaAssetProvider mediaType]	
1091d0f04	1091d0f1b	decompiled	chunks/005/functions-000340.c	-[SCLensMediaAssetProvider delegate]	
1091d0f1c	1091d0f27	decompiled	chunks/005/functions-000340.c	-[SCLensMediaAssetProvider setDelegate:]	
1091d0f28	1091d0f2f	decompiled	chunks/005/functions-000340.c	-[SCLensMediaAssetProvider mediaAssetManager]	
1091d0f30	1091d0f5f	decompiled	chunks/005/functions-000340.c	-[SCLensMediaAssetProvider setMediaAssetManager:]	
1091d0f60	1091d0f67	decompiled	chunks/005/functions-000340.c	-[SCLensMediaAssetProvider faceDetector]	
1091d0f68	1091d0f97	decompiled	chunks/005/functions-000340.c	-[SCLensMediaAssetProvider setFaceDetector:]	
1091d0f98	1091d0f9f	decompiled	chunks/005/functions-000340.c	-[SCLensMediaAssetProvider performer]	
1091d0fa0	1091d0fcf	decompiled	chunks/005/functions-000340.c	-[SCLensMediaAssetProvider setPerformer:]	
1091d0fd0	1091d0fd7	decompiled	chunks/005/functions-000340.c	-[SCLensMediaAssetProvider processedImageCount]	
1091d0fd8	1091d0fdf	decompiled	chunks/005/functions-000340.c	-[SCLensMediaAssetProvider setProcessedImageCount:]	
1091d0fe0	1091d0fe7	decompiled	chunks/005/functions-000340.c	-[SCLensMediaAssetProvider requestedImageCount]	
1091d0fe8	1091d0fef	decompiled	chunks/005/functions-000340.c	-[SCLensMediaAssetProvider setRequestedImageCount:]	
1091d0ff0	1091d0ff7	decompiled	chunks/005/functions-000340.c	-[SCLensMediaAssetProvider croppedFaceImageIds]	
1091d0ff8	1091d1027	decompiled	chunks/005/functions-000340.c	-[SCLensMediaAssetProvider setCroppedFaceImageIds:]	
1091d1028	1091d102f	decompiled	chunks/005/functions-000340.c	-[SCLensMediaAssetProvider imageCache]	
1091d1030	1091d105f	decompiled	chunks/005/functions-000340.c	-[SCLensMediaAssetProvider setImageCache:]	
1091d1060	1091d1067	decompiled	chunks/005/functions-000340.c	-[SCLensMediaAssetProvider groupedCroppedFaceImageIds]	
1091d1068	1091d1097	decompiled	chunks/005/functions-000340.c	-[SCLensMediaAssetProvider setGroupedCroppedFaceImageIds:]	
1091d1098	1091d109f	decompiled	chunks/005/functions-000340.c	-[SCLensMediaAssetProvider sentinel]	
1091d10a0	1091d10cf	decompiled	chunks/005/functions-000340.c	-[SCLensMediaAssetProvider setSentinel:]	
1091d10d0	1091d115b	decompiled	chunks/005/functions-000340.c	-[SCLensMediaAssetProvider .cxx_destruct]	
1091d115c	1091d11df	decompiled	chunks/005/functions-000340.c	-[SCMockLensMediaAsset initWithType:url:]	
1091d11e0	1091d1247	decompiled	chunks/005/functions-000340.c	+[SCMockLensMediaAsset assetWithType:urlString:]	
1091d1248	1091d124f	decompiled	chunks/005/functions-000340.c	-[SCMockLensMediaAsset type]	
1091d1250	1091d1257	decompiled	chunks/005/functions-000340.c	-[SCMockLensMediaAsset setType:]	
1091d1258	1091d125f	decompiled	chunks/005/functions-000340.c	-[SCMockLensMediaAsset url]	
1091d1260	1091d128f	decompiled	chunks/005/functions-000340.c	-[SCMockLensMediaAsset setUrl:]	
1091d1290	1091d129b	decompiled	chunks/005/functions-000340.c	-[SCMockLensMediaAsset .cxx_destruct]	
1091d129c	1091d131f	decompiled	chunks/005/functions-000340.c	-[SCMockLensMediaAssetProvider initWithAssets:mediaType:]	
1091d1320	1091d1343	decompiled	chunks/005/functions-000340.c	+[SCMockLensMediaAssetProvider defaultMockProvider]	
1091d1344	1091d1383	decompiled	chunks/005/functions-000340.c	-[SCMockLensMediaAssetProvider assetTypeAtIndex:]	
1091d1384	1091d138b	decompiled	chunks/005/functions-000340.c	-[SCMockLensMediaAssetProvider canProcessMoreImages]	
1091d138c	1091d138f	decompiled	chunks/005/functions-000340.c	-[SCMockLensMediaAssetProvider cancelAssetLoadingWithId:]	
1091d1390	1091d1393	decompiled	chunks/005/functions-000340.c	-[SCMockLensMediaAssetProvider cooldown]	
1091d1394	1091d13ab	decompiled	chunks/005/functions-000340.c	-[SCMockLensMediaAssetProvider delegate]	
1091d13ac	1091d16b7	decompiled	chunks/005/functions-000340.c	-[SCMockLensMediaAssetProvider getOriginalImageAtIndex:completion:]	
1091d16b8	1091d16bb	decompiled	chunks/005/functions-000340.c	-[SCMockLensMediaAssetProvider getPreviewImageAtIndex:targetSize:completion:]	
1091d16bc	1091d178f	decompiled	chunks/005/functions-000340.c	-[SCMockLensMediaAssetProvider getVideoAssetAtIndex:completion:]	
1091d1790	1091d1797	decompiled	chunks/005/functions-000340.c	-[SCMockLensMediaAssetProvider imageCount]	
1091d1798	1091d17c7	decompiled	chunks/005/functions-000340.c	-[SCMockLensMediaAssetProvider imageIdentifierAtIndex:]	
1091d17c8	1091d17d7	decompiled	chunks/005/functions-000340.c	-[SCMockLensMediaAssetProvider _imageIdentifierForIdentifier:]	
1091d17d8	1091d17e7	decompiled	chunks/005/functions-000340.c	-[SCMockLensMediaAssetProvider _videoIdentifierForIdentifier:]	
1091d17e8	1091d17ef	decompiled	chunks/005/functions-000340.c	-[SCMockLensMediaAssetProvider indexOfImageWithIdentifier:]	
1091d17f0	1091d17f3	decompiled	chunks/005/functions-000340.c	-[SCMockLensMediaAssetProvider processMoreImagesIfPossibleWithSize:count:]	
1091d17f4	1091d18b3	decompiled	chunks/005/functions-000340.c	-[SCMockLensMediaAssetProvider setDelegate:]	
1091d18b4	1091d18bf	decompiled	chunks/005/functions-000340.c	-[SCMockLensMediaAssetProvider videoDurationAtIndex:]	
1091d18c0	1091d18c3	decompiled	chunks/005/functions-000340.c	-[SCMockLensMediaAssetProvider warmupWithCompletion:]	
1091d18c4	1091d18cb	decompiled	chunks/005/functions-000340.c	-[SCMockLensMediaAssetProvider isPresetImageAtIndex:]	
1091d18cc	1091d18d3	decompiled	chunks/005/functions-000340.c	-[SCMockLensMediaAssetProvider rawImageCount]	
1091d18d4	1091d18d7	decompiled	chunks/005/functions-000340.c	-[SCMockLensMediaAssetProvider resetRequestedImagesCountButKeepIndexes]	
1091d18d8	1091d18df	decompiled	chunks/005/functions-000340.c	-[SCMockLensMediaAssetProvider mediaType]	
1091d18e0	1091d190b	decompiled	chunks/005/functions-000340.c	-[SCMockLensMediaAssetProvider .cxx_destruct]	
1091d190c	1091d190f	decompiled	chunks/005/functions-000340.c	-[SCCameraLensDataProviderEmptyStrategy applyToContext:]	
1091d1910	1091d1957	decompiled	chunks/005/functions-000340.c	-[SCCameraLensDataProviderKeepLensStateWorkflowStrategy initWithLensSourceType:]	
1091d1958	1091d19af	decompiled	chunks/005/functions-000340.c	-[SCCameraLensDataProviderKeepLensStateWorkflowStrategy applyToContext:]	
1091d19b0	1091d1a47	decompiled	chunks/005/functions-000340.c	-[SCCameraLensDataProviderKeepLensStateWorkflowStrategy isEqual:]	
1091d1a48	1091d1a4f	decompiled	chunks/005/functions-000340.c	-[SCCameraLensesInteractor updateLensDataProvider:]	
1091d1a50	1091d1a57	decompiled	chunks/005/functions-000340.c	-[SCCameraLensesInteractor updateLensDataProviderWithLensesObservable:activationConfiguration:]	
1091d1a58	1091d1a5f	decompiled	chunks/005/functions-000340.c	-[SCCameraLensesInteractor updateLensDataProviderWithCameraType:activationConfiguration:]	
1091d1a60	1091d1a67	decompiled	chunks/005/functions-000340.c	-[SCCameraLensesInteractor contextConfigWithContextId:]	
1091d1a68	1091d1a6f	decompiled	chunks/005/functions-000340.c	-[SCCameraLensesInteractor registerDataProviderWithContextId:contextConfig:]	
1091d1a70	1091d1a77	decompiled	chunks/005/functions-000340.c	-[SCCameraLensesInteractor canDeregisterDataProviderWithContextId:]	
1091d1a78	1091d1a7f	decompiled	chunks/005/functions-000340.c	-[SCCameraLensesInteractor activateDataProviderWithContextId:]	
1091d1a80	1091d1a87	decompiled	chunks/005/functions-000340.c	-[SCCameraLensesInteractor deregisterDataProviderWithContextId:]	
1091d1a88	1091d1a8f	decompiled	chunks/005/functions-000340.c	-[SCCameraLensesInteractor cameraViewType]	
1091d1a90	1091d1a97	decompiled	chunks/005/functions-000340.c	-[SCCameraLensesInteractor addUpdateListener:]	
1091d1a98	1091d1a9f	decompiled	chunks/005/functions-000340.c	-[SCCameraLensesInteractor removeUpdateListener:]	
1091d1aa0	1091d1acf	decompiled	chunks/005/functions-000340.c	-[SCCameraLensesInteractor .cxx_destruct]	
1091d1ad0	1091d1b0b	decompiled	chunks/005/functions-000340.c	-[SCLensStateWorkflowImpl complete]	
1091d1b0c	1091d1b5b	decompiled	chunks/005/functions-000340.c	-[SCLensStateWorkflowImpl dealloc]	
1091d1b5c	1091d1b63	decompiled	chunks/005/functions-000340.c	-[SCLensStateWorkflowImpl resetLensState]	
1091d1b64	1091d1b9b	decompiled	chunks/005/functions-000340.c	-[SCLensStateWorkflowImpl restartLensState]	
1091d1b9c	1091d1bc3	decompiled	chunks/005/functions-000340.c	-[SCLensStateWorkflowImpl lensStateEvents]	
1091d1bc4	1091d1c3b	decompiled	chunks/005/functions-000340.c		
1091d1c3c	1091d1d17	decompiled	chunks/005/functions-000340.c	-[SCLensStateWorkflowImpl _restoreLensStateWithCompletion:]	
1091d1d18	1091d1f7b	decompiled	chunks/005/functions-000341.c	-[SCLensStateWorkflowImpl _beginLensFunnelStateForLensSource:preferredLensSessionBaseId:]	
1091d1f7c	1091d1faf	decompiled	chunks/005/functions-000341.c		
1091d1fb0	1091d1fb3	decompiled	chunks/005/functions-000341.c		
1091d1fb4	1091d1fbb	decompiled	chunks/005/functions-000341.c	-[SCLensStateWorkflowImpl beginLensStateForLensSource:]	
1091d1fbc	1091d2047	decompiled	chunks/005/functions-000341.c	-[SCLensStateWorkflowImpl beginLensStateForLensSource:preferredLensSessionBaseId:]	
1091d2048	1091d204f	decompiled	chunks/005/functions-000341.c	-[SCLensStateWorkflowImpl currentLensSource]	
1091d2050	1091d21b3	decompiled	chunks/005/functions-000341.c	-[SCLensStateWorkflowImpl restoreOrRecreateStateForLens:]	
1091d21b4	1091d2217	decompiled	chunks/005/functions-000341.c		
1091d2218	1091d23bb	decompiled	chunks/005/functions-000341.c	-[SCLensStateWorkflowImpl _didTryToRestoreStateForLens:success:]	
1091d23bc	1091d23ef	decompiled	chunks/005/functions-000341.c		
1091d23f0	1091d23f7	decompiled	chunks/005/functions-000341.c	-[SCLensStateWorkflowImpl _resetLensStateIfNeeded]	
1091d23f8	1091d2553	decompiled	chunks/005/functions-000341.c	-[SCLensStateWorkflowImpl resetLensStateForce:]	
1091d2554	1091d25d3	decompiled	chunks/005/functions-000341.c	-[SCLensStateWorkflowImpl _cancelResetLensStateBlockIfNeeded]	
1091d25d4	1091d272f	decompiled	chunks/005/functions-000341.c	-[SCLensStateWorkflowImpl _scheduleResetLensStateBlock]	
1091d2730	1091d2763	decompiled	chunks/005/functions-000341.c		
1091d2764	1091d278b	decompiled	chunks/005/functions-000341.c	-[SCLensStateWorkflowImpl clearLensState]	
1091d278c	1091d288f	decompiled	chunks/005/functions-000341.c	-[SCLensStateWorkflowImpl saveLensState]	
1091d2890	1091d28e7	decompiled	chunks/005/functions-000341.c	-[SCLensStateWorkflowImpl isPresentingPreviewViewController]	
1091d28e8	1091d292b	decompiled	chunks/005/functions-000341.c	-[SCLensStateWorkflowImpl shouldRestoreAnyway]	
1091d292c	1091d2963	decompiled	chunks/005/functions-000341.c	-[SCLensStateWorkflowImpl _startHandlingVolumeButtonEventsIfNeeded]	
1091d2964	1091d2977	decompiled	chunks/005/functions-000341.c	-[SCLensStateWorkflowImpl _isReplyCamera]	
1091d2978	1091d29b7	decompiled	chunks/005/functions-000341.c	-[SCLensStateWorkflowImpl _alwaysOnCarouselEnabled]	
1091d29b8	1091d29c7	decompiled	chunks/005/functions-000341.c	-[SCLensStateWorkflowImpl _useCameraNavigationTypeForLoggerEntranceType]	
1091d29c8	1091d2a5f	decompiled	chunks/005/functions-000341.c	-[SCLensStateWorkflowImpl _storeLens:]	
1091d2a60	1091d2a6b	decompiled	chunks/005/functions-000341.c	-[SCLensStateWorkflowImpl setDelegate:]	
1091d2a6c	1091d2b3b	decompiled	chunks/005/functions-000341.c	-[SCLensStateWorkflowImpl .cxx_destruct]	
1091d2b3c	1091d2baf	decompiled	chunks/005/functions-000341.c	-[SCLensesUIControllerStudySettingsProvider initWithCircumstanceEngine:]	
1091d2bb0	1091d2bc7	decompiled	chunks/005/functions-000341.c	-[SCLensesUIControllerStudySettingsProvider interceptDeeplinkEnabled]	
1091d2bc8	1091d2bdf	decompiled	chunks/005/functions-000341.c	-[SCLensesUIControllerStudySettingsProvider pushForwardMultipleFacesPhotosInsideBatch]	
1091d2be0	1091d2c0b	decompiled	chunks/005/functions-000341.c	-[SCLensesUIControllerStudySettingsProvider pickerMediaLoadBatchSize]	
1091d2c0c	1091d2c23	decompiled	chunks/005/functions-000341.c	-[SCLensesUIControllerStudySettingsProvider multiSelectPhotoPickerEnabled]	
1091d2c24	1091d2c37	decompiled	chunks/005/functions-000341.c	-[SCLensesUIControllerStudySettingsProvider hevcDecodeAllowed]	
1091d2c38	1091d2c4b	decompiled	chunks/005/functions-000341.c	-[SCLensesUIControllerStudySettingsProvider av1DecodeAllowed]	
1091d2c4c	1091d2cb7	decompiled	chunks/005/functions-000341.c	-[SCLensesUIControllerStudySettingsProvider mainCameraGamesButtonAlwaysEnabledWithoutExposure]	
1091d2cb8	1091d2cc3	decompiled	chunks/005/functions-000341.c	-[SCLensesUIControllerStudySettingsProvider .cxx_destruct]	
1091d2cc4	1091d2d37	decompiled	chunks/005/functions-000341.c	-[SCLensSideButtonStudySettingsProvider initWithCircumstanceEngine:]	
1091d2d38	1091d2dc7	decompiled	chunks/005/functions-000341.c	-[SCLensSideButtonStudySettingsProvider lensSideButtonHolidaysUrl]	
1091d2dc8	1091d2e0b	decompiled	chunks/005/functions-000341.c	-[SCLensSideButtonStudySettingsProvider _lensSideButtonHolidaysUrlString]	
1091d2e0c	1091d2e27	decompiled	chunks/005/functions-000341.c	-[SCLensSideButtonStudySettingsProvider _lensSideButtonHolidaysUrlStringRaw]	
1091d2e28	1091d2e33	decompiled	chunks/005/functions-000341.c	-[SCLensSideButtonStudySettingsProvider .cxx_destruct]	
1091d2e34	1091d2ecf	decompiled	chunks/005/functions-000341.c	-[SCLensSideButtonHolidaysFetcher initWithResourceDownloader:]	
1091d2ed0	1091d301b	decompiled	chunks/005/functions-000341.c	-[SCLensSideButtonHolidaysFetcher initWithResourceDownloader:performer:]	
1091d301c	1091d306b	decompiled	chunks/005/functions-000341.c		
1091d306c	1091d318b	decompiled	chunks/005/functions-000341.c	-[SCLensSideButtonHolidaysFetcher fetchHolidaysWithUrl:]	
1091d318c	1091d3217	decompiled	chunks/005/functions-000341.c		
1091d3218	1091d32e3	decompiled	chunks/005/functions-000341.c	-[SCLensSideButtonHolidaysFetcher fetchHolidayIconWithUrl:]	
1091d32e4	1091d32ef	decompiled	chunks/005/functions-000341.c		
1091d32f0	1091d3413	decompiled	chunks/005/functions-000341.c	-[SCLensSideButtonHolidaysFetcher _fetchDataWithUrl:completion:]	
1091d3414	1091d3557	decompiled	chunks/005/functions-000341.c		
1091d3558	1091d360f	decompiled	chunks/005/functions-000341.c		
1091d3610	1091d361f	decompiled	chunks/005/functions-000341.c		
1091d3620	1091d3743	decompiled	chunks/005/functions-000341.c	-[SCLensSideButtonHolidaysFetcher _fetchImageWithUrl:completion:]	
1091d3744	1091d38df	decompiled	chunks/005/functions-000341.c		
1091d38e0	1091d3997	decompiled	chunks/005/functions-000341.c		
1091d3998	1091d39a7	decompiled	chunks/005/functions-000341.c		
1091d39a8	1091d3aaf	decompiled	chunks/005/functions-000341.c	-[SCLensSideButtonHolidaysFetcher _parseHolidays:]	
1091d3ab0	1091d3abb	decompiled	chunks/005/functions-000341.c		
1091d3abc	1091d3d6f	decompiled	chunks/005/functions-000341.c	-[SCLensSideButtonHolidaysFetcher _parseHoliday:]	
1091d3d70	1091d3df3	decompiled	chunks/005/functions-000341.c	-[SCLensSideButtonHolidaysFetcher _parseIconUrl:]	
1091d3df4	1091d3e8b	decompiled	chunks/005/functions-000341.c	-[SCLensSideButtonHolidaysFetcher _createDateFormatter]	
1091d3e8c	1091d3ec7	decompiled	chunks/005/functions-000341.c	-[SCLensSideButtonHolidaysFetcher .cxx_destruct]	
1091d3ec8	1091d3fcf	decompiled	chunks/005/functions-000341.c	-[SCLensSideButtonImageProvider initWithHolidaysUrl:holidaysFetcher:preferences:notificationCenter:timeProvider:countryCodeProvider:]	
1091d3fd0	1091d41c7	decompiled	chunks/005/functions-000341.c	-[SCLensSideButtonImageProvider initWithHolidaysUrl:holidaysFetcher:preferences:notificationCenter:timeProvider:countryCodeProvider:screenScale:performer:]	
1091d41c8	1091d41cb	decompiled	chunks/005/functions-000341.c	-[SCLensSideButtonImageProvider buttonImageObservable]	
1091d41cc	1091d42bb	decompiled	chunks/005/functions-000341.c	-[SCLensSideButtonImageProvider buttonTooltipImages]	
1091d42bc	1091d433b	decompiled	chunks/005/functions-000341.c	-[SCLensSideButtonImageProvider _imageObservable]	
1091d433c	1091d43a7	decompiled	chunks/005/functions-000341.c	-[SCLensSideButtonImageProvider _defaultImage]	
1091d43a8	1091d43b7	decompiled	chunks/005/functions-000341.c	-[SCLensSideButtonImageProvider _notifyImageChanged:]	
1091d43b8	1091d4437	decompiled	chunks/005/functions-000341.c	-[SCLensSideButtonImageProvider _notifyHolidayIconChanged:]	
1091d4438	1091d44df	decompiled	chunks/005/functions-000341.c	-[SCLensSideButtonImageProvider _setupHolidaysObserving]	
1091d44e0	1091d4513	decompiled	chunks/005/functions-000341.c		
1091d4514	1091d4537	decompiled	chunks/005/functions-000341.c	-[SCLensSideButtonImageProvider _observeHolidays]	
1091d4538	1091d4673	decompiled	chunks/005/functions-000341.c	-[SCLensSideButtonImageProvider _loadCachedHolidayIcon]	
1091d4674	1091d476b	decompiled	chunks/005/functions-000341.c	-[SCLensSideButtonImageProvider _loadHolidays]	
1091d476c	1091d47bb	decompiled	chunks/005/functions-000341.c		
1091d47bc	1091d480f	decompiled	chunks/005/functions-000341.c	-[SCLensSideButtonImageProvider _setHolidays:]	
1091d4810	1091d4a07	decompiled	chunks/005/functions-000341.c	-[SCLensSideButtonImageProvider _updateHolidayIcon]	
1091d4a08	1091d4ac7	decompiled	chunks/005/functions-000341.c		
1091d4ac8	1091d4c4b	decompiled	chunks/005/functions-000341.c	-[SCLensSideButtonImageProvider _holidayForDate:countryCode:]	
1091d4c4c	1091d4c6f	decompiled	chunks/005/functions-000341.c	-[SCLensSideButtonImageProvider _startObserveExternalEvents]	
1091d4c70	1091d4c93	decompiled	chunks/005/functions-000341.c	-[SCLensSideButtonImageProvider _stopObserveExternalEvents]	
1091d4c94	1091d4c97	decompiled	chunks/005/functions-000341.c	-[SCLensSideButtonImageProvider _externalEventOccured]	
1091d4c98	1091d4ccf	decompiled	chunks/005/functions-000341.c	-[SCLensSideButtonImageProvider _startObserveTimeChanges]	
1091d4cd0	1091d4cff	decompiled	chunks/005/functions-000341.c	-[SCLensSideButtonImageProvider _stopObserveTimeChanges]	
1091d4d00	1091d4dc3	decompiled	chunks/005/functions-000341.c	-[SCLensSideButtonImageProvider _timeChanged:]	
1091d4dc4	1091d4df7	decompiled	chunks/005/functions-000341.c		
1091d4df8	1091d4fbf	decompiled	chunks/005/functions-000341.c	-[SCLensSideButtonImageProvider _startObserveCountryCode]	
1091d4fc0	1091d4fd7	decompiled	chunks/005/functions-000341.c		
1091d4fd8	1091d505f	decompiled	chunks/005/functions-000341.c		
1091d5060	1091d5077	decompiled	chunks/005/functions-000341.c	-[SCLensSideButtonImageProvider _stopObserveCountryCode]	
1091d5078	1091d50c7	decompiled	chunks/005/functions-000341.c	-[SCLensSideButtonImageProvider _cachedHolidayIcon]	
1091d50c8	1091d511f	decompiled	chunks/005/functions-000341.c	-[SCLensSideButtonImageProvider _cacheHolidayIcon:]	
1091d5120	1091d5127	decompiled	chunks/005/functions-000341.c	-[SCLensSideButtonImageProvider _invalidateHolidayIconCache]	
1091d5128	1091d5173	decompiled	chunks/005/functions-000341.c	-[SCLensSideButtonImageProvider _scaleHolidayIcon:]	
1091d5174	1091d5207	decompiled	chunks/005/functions-000341.c	-[SCLensSideButtonImageProvider _imageNamed:]	
1091d5208	1091d52a3	decompiled	chunks/005/functions-000341.c	-[SCLensSideButtonImageProvider .cxx_destruct]	
1091d52a4	1091d539b	decompiled	chunks/005/functions-000341.c		
1091d539c	1091d542f	decompiled	chunks/005/functions-000341.c	-[SCLensSideButtonHoliday hitsDate:]	
1091d5430	1091d5557	decompiled	chunks/005/functions-000341.c	-[SCLensSideButton initWithImageProvider:isNewLensIconEnabled:]	
1091d5558	1091d55f3	decompiled	chunks/005/functions-000341.c	-[SCLensSideButton pointInside:withEvent:]	
1091d55f4	1091d574f	decompiled	chunks/005/functions-000342.c	-[SCLensSideButton layoutSubviews]	
1091d5750	1091d57bf	decompiled	chunks/005/functions-000342.c	-[SCLensSideButton setImage:]	
1091d57c0	1091d5863	decompiled	chunks/005/functions-000342.c	-[SCLensSideButton _animateImageViewCrossDissolveWithAnimations:]	
1091d5864	1091d5893	decompiled	chunks/005/functions-000342.c		
1091d5894	1091d5967	decompiled	chunks/005/functions-000342.c	-[SCLensSideButton setBadged:]	
1091d5968	1091d5b8f	decompiled	chunks/005/functions-000342.c	-[SCLensSideButton badgeView]	
1091d5b90	1091d5cff	decompiled	chunks/005/functions-000342.c	-[SCLensSideButton _observeImageUpdates]	
1091d5d00	1091d5d4f	decompiled	chunks/005/functions-000342.c		
1091d5d50	1091d5d57	decompiled	chunks/005/functions-000342.c	-[SCLensSideButton _buttonBadgeDiameter]	
1091d5d58	1091d5e87	decompiled	chunks/005/functions-000342.c	-[SCLensSideButton _updateImageViewInsets]	
1091d5e88	1091d5f67	decompiled	chunks/005/functions-000342.c	-[SCLensSideButton startAnimating]	
1091d5f68	1091d5f97	decompiled	chunks/005/functions-000342.c	-[SCLensSideButton stopAnimating]	
1091d5f98	1091d5fa7	decompiled	chunks/005/functions-000342.c	-[SCLensSideButton badged]	
1091d5fa8	1091d5ff7	decompiled	chunks/005/functions-000342.c	-[SCLensSideButton .cxx_destruct]	
1091d5ff8	1091d60df	decompiled	chunks/005/functions-000342.c	-[SCFeatureLensPushNotificationImpl initWithLensCarouselManager:lensUnlocker:lensLogger:]	
1091d60e0	1091d623b	decompiled	chunks/005/functions-000342.c	-[SCFeatureLensPushNotificationImpl handleTryLensesPushNotification:]	
1091d623c	1091d632b	decompiled	chunks/005/functions-000342.c		
1091d632c	1091d6507	decompiled	chunks/005/functions-000342.c	-[SCFeatureLensPushNotificationImpl _processNotificationWithLensId:deepLink:carouselManager:]	
1091d6508	1091d6623	decompiled	chunks/005/functions-000342.c		
1091d6624	1091d6697	decompiled	chunks/005/functions-000342.c		
1091d6698	1091d67c7	decompiled	chunks/005/functions-000342.c	-[SCFeatureLensPushNotificationImpl _handleLensUnlockResult:error:carouselManager:]	
1091d67c8	1091d6877	decompiled	chunks/005/functions-000342.c	-[SCFeatureLensPushNotificationImpl _unlockLensWithAction:completion:]	
1091d6878	1091d692b	decompiled	chunks/005/functions-000342.c	-[SCFeatureLensPushNotificationImpl _lensUnlockActionWithLensId:]	
1091d692c	1091d6aa3	decompiled	chunks/005/functions-000342.c	-[SCFeatureLensPushNotificationImpl _lensUnlockActionWithDeepLink:]	
1091d6aa4	1091d6b3f	decompiled	chunks/005/functions-000342.c	-[SCFeatureLensPushNotificationImpl _isValidLensId:]	
1091d6b40	1091d6b8f	decompiled	chunks/005/functions-000342.c	-[SCFeatureLensPushNotificationImpl .cxx_destruct]	
1091d6b90	1091d6bdf	decompiled	chunks/005/functions-000342.c	-[SCLensCarouselPlaceholderView .cxx_destruct]	
1091d6be0	1091d6ce3	decompiled	chunks/005/functions-000342.c	-[SCLensCarouselStartupWorkflow _resetPlaceholderView]	
1091d6ce4	1091d6d6f	decompiled	chunks/005/functions-000342.c	-[SCLensCarouselStartupWorkflow _hidePlaceholder]	
1091d6d70	1091d6e67	decompiled	chunks/005/functions-000342.c		
1091d6e68	1091d6e6f	decompiled	chunks/005/functions-000342.c		
1091d6e70	1091d6e73	decompiled	chunks/005/functions-000342.c	-[SCLensCarouselStartupWorkflow carouselDidPresentContent]	
1091d6e74	1091d6ec7	decompiled	chunks/005/functions-000342.c	-[SCLensCarouselStartupWorkflow isPointInsideView:]	
1091d6ec8	1091d6f27	decompiled	chunks/005/functions-000342.c		
1091d6f28	1091d6f2b	decompiled	chunks/005/functions-000342.c	-[SCLensCarouselStartupWorkflow setUIHidden:]	
1091d6f2c	1091d6f6f	decompiled	chunks/005/functions-000342.c	-[SCLensCarouselStartupWorkflow .cxx_destruct]	
1091d6f70	1091d7013	decompiled	chunks/005/functions-000342.c	-[SCLensCameraBottomViewContainerAdapter initWithCameraBottomViewContainer:lensCameraBottomViewContainer:]	
1091d7014	1091d701b	decompiled	chunks/005/functions-000342.c	-[SCLensCameraBottomViewContainerAdapter appendSubview:]	
1091d701c	1091d7033	decompiled	chunks/005/functions-000342.c	-[SCLensCameraBottomViewContainerAdapter appendSubview:groupId:]	
1091d7034	1091d703b	decompiled	chunks/005/functions-000342.c	-[SCLensCameraBottomViewContainerAdapter prependSubview:]	
1091d703c	1091d7053	decompiled	chunks/005/functions-000342.c	-[SCLensCameraBottomViewContainerAdapter prependSubview:groupId:]	
1091d7054	1091d7083	decompiled	chunks/005/functions-000342.c	-[SCLensCameraBottomViewContainerAdapter .cxx_destruct]	
1091d7084	1091d7187	decompiled	chunks/005/functions-000342.c	-[SCLensCameraFeatureContainerViewAdapter initWithFeatureContainerView:lensCarouselContainerView:lensCarouselLayoutGuide:lensCarouselVisibleLayoutGuide:alwaysOnCarouselEnabled:]	
1091d7188	1091d728b	decompiled	chunks/005/functions-000342.c	-[SCLensCameraFeatureContainerViewAdapter hidableBottomViewContainer]	
1091d728c	1091d7293	decompiled	chunks/005/functions-000342.c	-[SCLensCameraFeatureContainerViewAdapter hidableViewContainer]	
1091d7294	1091d72bb	decompiled	chunks/005/functions-000342.c	-[SCLensCameraFeatureContainerViewAdapter lensCarouselContainerView]	
1091d72bc	1091d72c3	decompiled	chunks/005/functions-000342.c	-[SCLensCameraFeatureContainerViewAdapter lensCarouselLayoutGuide]	
1091d72c4	1091d72cb	decompiled	chunks/005/functions-000342.c	-[SCLensCameraFeatureContainerViewAdapter lensCarouselVisibleLayoutGuide]	
1091d72cc	1091d72d3	decompiled	chunks/005/functions-000342.c	-[SCLensCameraFeatureContainerViewAdapter captureButtonLayoutGuide]	
1091d72d4	1091d72db	decompiled	chunks/005/functions-000342.c	-[SCLensCameraFeatureContainerViewAdapter insertSubview:atIndexInFrontOfLiveDisplay:]	
1091d72dc	1091d732f	decompiled	chunks/005/functions-000342.c	-[SCLensCameraFeatureContainerViewAdapter .cxx_destruct]	
1091d7330	1091d73fb	decompiled	chunks/005/functions-000342.c	-[SCLensDefaultFeatureContainerViewAdapter initWithLensCarouselContainerView:lensCarouselLayoutGuide:lensCarouselVisibleLayoutGuide:]	
1091d73fc	1091d7403	decompiled	chunks/005/functions-000342.c	-[SCLensDefaultFeatureContainerViewAdapter captureButtonLayoutGuide]	
1091d7404	1091d7453	decompiled	chunks/005/functions-000342.c	-[SCLensDefaultFeatureContainerViewAdapter hidableBottomViewContainer]	
1091d7454	1091d747b	decompiled	chunks/005/functions-000342.c	-[SCLensDefaultFeatureContainerViewAdapter hidableViewContainer]	
1091d747c	1091d74a3	decompiled	chunks/005/functions-000342.c	-[SCLensDefaultFeatureContainerViewAdapter lensCarouselContainerView]	
1091d74a4	1091d74ab	decompiled	chunks/005/functions-000342.c	-[SCLensDefaultFeatureContainerViewAdapter lensCarouselLayoutGuide]	
1091d74ac	1091d74b3	decompiled	chunks/005/functions-000342.c	-[SCLensDefaultFeatureContainerViewAdapter lensCarouselVisibleLayoutGuide]	
1091d74b4	1091d74bb	decompiled	chunks/005/functions-000342.c	-[SCLensDefaultFeatureContainerViewAdapter insertSubview:atIndexInFrontOfLiveDisplay:]	
1091d74bc	1091d7503	decompiled	chunks/005/functions-000342.c	-[SCLensDefaultFeatureContainerViewAdapter .cxx_destruct]	
1091d7504	1091d7507	decompiled	chunks/005/functions-000342.c	-[SCLensNullCameraBottomViewContainer appendSubview:]	
1091d7508	1091d750b	decompiled	chunks/005/functions-000342.c	-[SCLensNullCameraBottomViewContainer appendSubview:groupId:]	
1091d750c	1091d750f	decompiled	chunks/005/functions-000342.c	-[SCLensNullCameraBottomViewContainer prependSubview:]	
1091d7510	1091d7513	decompiled	chunks/005/functions-000342.c	-[SCLensNullCameraBottomViewContainer prependSubview:groupId:]	
1091d7514	1091d75a3	decompiled	chunks/005/functions-000342.c	-[SCLensCameraBottomViewContainerDecorator initWithCameraBottomViewContainer:]	
1091d75a4	1091d75ab	decompiled	chunks/005/functions-000342.c	-[SCLensCameraBottomViewContainerDecorator containerHeightObservable]	
1091d75ac	1091d75b3	decompiled	chunks/005/functions-000342.c	-[SCLensCameraBottomViewContainerDecorator containerView]	
1091d75b4	1091d75bb	decompiled	chunks/005/functions-000342.c	-[SCLensCameraBottomViewContainerDecorator count]	
1091d75bc	1091d75c3	decompiled	chunks/005/functions-000342.c	-[SCLensCameraBottomViewContainerDecorator appendSubview:]	
1091d75c4	1091d7627	decompiled	chunks/005/functions-000342.c	-[SCLensCameraBottomViewContainerDecorator appendSubview:groupId:]	
1091d7628	1091d762f	decompiled	chunks/005/functions-000342.c	-[SCLensCameraBottomViewContainerDecorator prependSubview:]	
1091d7630	1091d7693	decompiled	chunks/005/functions-000342.c	-[SCLensCameraBottomViewContainerDecorator prependSubview:groupId:]	
1091d7694	1091d77d7	decompiled	chunks/005/functions-000342.c	-[SCLensCameraBottomViewContainerDecorator _clearIfNeededForNewGroupId:]	
1091d77d8	1091d7813	decompiled	chunks/005/functions-000342.c	-[SCLensCameraBottomViewContainerDecorator .cxx_destruct]	
1091d7814	1091d7a9b	decompiled	chunks/005/functions-000342.c	-[SCLensCameraFeatureContainerViewProvider initWithFeatureContainerView:lensCarouselContainerView:lensCarouselLayoutGuide:alwaysOnCarouselEnabled:lensCarouselLayoutProvider:]	
1091d7a9c	1091d7cfb	decompiled	chunks/005/functions-000342.c		
1091d7cfc	1091d7d87	decompiled	chunks/005/functions-000342.c	-[SCLensCameraFeatureContainerViewProvider createContainerView]	
1091d7d88	1091d8037	decompiled	chunks/005/functions-000342.c	+[SCLensCameraFeatureContainerViewProvider _createLayoutGuideWithContainerView:]	
1091d8038	1091d807f	decompiled	chunks/005/functions-000342.c	-[SCLensCameraFeatureContainerViewProvider .cxx_destruct]	
1091d8080	1091d824f	decompiled	chunks/005/functions-000342.c	-[SCLensDefaultFeatureContainerViewProvider initWithLensCarouselContainerView:lensCarouselLayoutGuide:lensCarouselLayoutProvider:]	
1091d8250	1091d8443	decompiled	chunks/005/functions-000342.c		
1091d8444	1091d84ab	decompiled	chunks/005/functions-000342.c	-[SCLensDefaultFeatureContainerViewProvider createContainerView]	
1091d84ac	1091d875b	decompiled	chunks/005/functions-000342.c	+[SCLensDefaultFeatureContainerViewProvider _createLayoutGuideWithContainerView:]	
1091d875c	1091d87f7	decompiled	chunks/005/functions-000342.c	-[SCLensDefaultFeatureContainerViewProvider .cxx_destruct]	
1091d87f8	1091d88cb	decompiled	chunks/005/functions-000342.c		
1091d88cc	1091d8913	decompiled	chunks/005/functions-000342.c	-[SCLensCarouselStudySettingsProvider backgroundPrefetchNamespaces]	
1091d8914	1091d891b	decompiled	chunks/005/functions-000342.c	-[SCLensCarouselStudySettingsProvider disableVolumeButtonLensIds]	
1091d891c	1091d8933	decompiled	chunks/005/functions-000342.c	-[SCLensCarouselStudySettingsProvider lensProcessingWarmupEnabled]	
1091d8934	1091d8a0b	decompiled	chunks/005/functions-000342.c	-[SCLensCarouselStudySettingsProvider lensCrashLoggerConfig]	
1091d8a0c	1091d8a2f	decompiled	chunks/005/functions-000342.c	-[SCLensCarouselStudySettingsProvider lensCarouselRestorationThreshold]	
1091d8a30	1091d8a4f	decompiled	chunks/005/functions-000342.c	-[SCLensCarouselStudySettingsProvider modularCameraLensRestorationThreshold]	
1091d8a50	1091d8a9f	decompiled	chunks/005/functions-000342.c	-[SCLensCarouselStudySettingsProvider isHDLensRenderingEnabled]	
1091d8aa0	1091d8aa7	decompiled	chunks/005/functions-000342.c	-[SCLensCarouselStudySettingsProvider lensViewsPrefetchCount]	
1091d8aa8	1091d8aaf	decompiled	chunks/005/functions-000342.c	-[SCLensCarouselStudySettingsProvider isLensCaptureButtonOverlayViewVisible]	
1091d8ab0	1091d8b27	decompiled	chunks/005/functions-000342.c	-[SCLensCarouselStudySettingsProvider birthdayLensId]	
1091d8b28	1091d8b77	decompiled	chunks/005/functions-000342.c	-[SCLensCarouselStudySettingsProvider isLensActionBarViewButtonDisabled]	
1091d8b78	1091d8b7f	decompiled	chunks/005/functions-000342.c	-[SCLensCarouselStudySettingsProvider isLensLeaderboardSubmitScoreModalDisabled]	
1091d8b80	1091d8bcf	decompiled	chunks/005/functions-000342.c	-[SCLensCarouselStudySettingsProvider isOffscreenCleanupWhitelistEnabled]	
1091d8bd0	1091d8c1f	decompiled	chunks/005/functions-000342.c	-[SCLensCarouselStudySettingsProvider isMainCarouselSingleWorkflowActivationEnabled]	
1091d8c20	1091d8c6f	decompiled	chunks/005/functions-000342.c	-[SCLensCarouselStudySettingsProvider isCameraFlipEventReportingDisabled]	
1091d8c70	1091d8ccf	decompiled	chunks/005/functions-000343.c	-[SCLensCarouselStudySettingsProvider .cxx_destruct]	
1091d8cd0	1091d8cff	decompiled	chunks/005/functions-000343.c	-[SCLensCarouselCameraReplyConfigurationResolver setReplyConfiguration:]	
1091d8d00	1091d8d07	decompiled	chunks/005/functions-000343.c	-[SCLensCarouselCameraReplyConfigurationResolver replyConfiguration]	
1091d8d08	1091d8d13	decompiled	chunks/005/functions-000343.c	-[SCLensCarouselCameraReplyConfigurationResolver .cxx_destruct]	
1091d8d14	1091d8de3	decompiled	chunks/005/functions-000343.c	-[SCLensCarouselContextImpl initWithConfiguration:contextManager:]	
1091d8de4	1091d8ea3	decompiled	chunks/005/functions-000343.c	-[SCLensCarouselContextImpl dealloc]	
1091d8ea4	1091d8eaf	decompiled	chunks/005/functions-000343.c		
1091d8eb0	1091d8ed7	decompiled	chunks/005/functions-000343.c	-[SCLensCarouselContextImpl contextId]	
1091d8ed8	1091d8f77	decompiled	chunks/005/functions-000343.c	-[SCLensCarouselContextImpl activateWithLensSelection:completion:]	
1091d8f78	1091d8f7f	decompiled	chunks/005/functions-000343.c	-[SCLensCarouselContextImpl activateWithLensSelection:]	
1091d8f80	1091d9043	decompiled	chunks/005/functions-000343.c	-[SCLensCarouselContextImpl _activationSource]	
1091d9044	1091d9067	decompiled	chunks/005/functions-000343.c		
1091d9068	1091d909f	decompiled	chunks/005/functions-000343.c	-[SCLensCarouselContextImpl .cxx_destruct]	
1091d90a0	1091d90ef	decompiled	chunks/005/functions-000343.c	-[SCLensCarouselManager lensCarouselDataUpdatingEventsSubject]	
1091d90f0	1091d913f	decompiled	chunks/005/functions-000343.c	-[SCLensCarouselManager lensCarouselSelectionSubject]	
1091d9140	1091d918f	decompiled	chunks/005/functions-000343.c	-[SCLensCarouselManager lensCarouselPresentationEventsSubject]	
1091d9190	1091d925b	decompiled	chunks/005/functions-000343.c	-[SCLensCarouselManager registerContextWithConfig:]	
1091d925c	1091d925f	decompiled	chunks/005/functions-000343.c	-[SCLensCarouselManager unregisterContextWithId:]	
1091d9260	1091d933b	decompiled	chunks/005/functions-000343.c	-[SCLensCarouselManager activateContextWithId:activationSource:lensSelection:completionBlock:]	
1091d933c	1091d93bb	decompiled	chunks/005/functions-000343.c	-[SCLensCarouselManager removeContextWithId:]	
1091d93bc	1091d93c7	decompiled	chunks/005/functions-000343.c	-[SCLensCarouselManager activateWithCompletion:]	
1091d93c8	1091d93db	decompiled	chunks/005/functions-000343.c	-[SCLensCarouselManager activateWithActivationSource:completion:]	
1091d93dc	1091d9487	decompiled	chunks/005/functions-000343.c	-[SCLensCarouselManager _activateWithActivationSource:controllerState:lensCarouselUIConfiguration:selection:completion:]	
1091d9488	1091d948f	decompiled	chunks/005/functions-000343.c	-[SCLensCarouselManager activate]	
1091d9490	1091d963f	decompiled	chunks/005/functions-000343.c	-[SCLensCarouselManager activateWithParameters:completion:]	
1091d9640	1091d9653	decompiled	chunks/005/functions-000343.c		
1091d9654	1091d9793	decompiled	chunks/005/functions-000343.c	-[SCLensCarouselManager deactivateWithCompletion:]	
1091d9794	1091d97bf	decompiled	chunks/005/functions-000343.c		
1091d97c0	1091d97c7	decompiled	chunks/005/functions-000343.c	-[SCLensCarouselManager deactivate]	
1091d97c8	1091d9853	decompiled	chunks/005/functions-000343.c	-[SCLensCarouselManager activateWithLensCarouselType:]	
1091d9854	1091d9947	decompiled	chunks/005/functions-000343.c	-[SCLensCarouselManager _activateWithActivationSource:controllerState:lensCarouselUIConfiguration:selection:completionBlock:]	
1091d9948	1091d9a07	decompiled	chunks/005/functions-000343.c	-[SCLensCarouselManager activateWithLensesObservable:activationConfiguration:]	
1091d9a08	1091d9a0f	decompiled	chunks/005/functions-000343.c	-[SCLensCarouselManager activateWithLastSavedState]	
1091d9a10	1091d9a2b	decompiled	chunks/005/functions-000343.c	-[SCLensCarouselManager activateWithLastSavedStateWithCompletion:]	
1091d9a2c	1091d9aab	decompiled	chunks/005/functions-000343.c	-[SCLensCarouselManager selectLensWithIdentifier:]	
1091d9aac	1091d9afb	decompiled	chunks/005/functions-000343.c	-[SCLensCarouselManager applyLensCarouselSelection:]	
1091d9afc	1091d9b8b	decompiled	chunks/005/functions-000343.c	-[SCLensCarouselManager selectLensWithIdentifier:animated:]	
1091d9b8c	1091d9d27	decompiled	chunks/005/functions-000343.c	-[SCLensCarouselManager _activate]	
1091d9d28	1091d9e0f	decompiled	chunks/005/functions-000343.c	-[SCLensCarouselManager _deactivate]	
1091d9e10	1091d9e93	decompiled	chunks/005/functions-000343.c	-[SCLensCarouselManager didPresentCarouselWithCarouselInfoProvider:]	
1091d9e94	1091d9ebf	decompiled	chunks/005/functions-000343.c	-[SCLensCarouselManager didFailToPresentCarousel]	
1091d9ec0	1091d9f8b	decompiled	chunks/005/functions-000343.c	-[SCLensCarouselManager didActivateLens:]	
1091d9f8c	1091da057	decompiled	chunks/005/functions-000343.c	-[SCLensCarouselManager didSelectLens:]	
1091da058	1091da05f	decompiled	chunks/005/functions-000343.c	-[SCLensCarouselManager didChangeLenses:]	
1091da060	1091da063	decompiled	chunks/005/functions-000343.c	-[SCLensCarouselManager willDismissCarousel]	
1091da064	1091da1db	decompiled	chunks/005/functions-000343.c	-[SCLensCarouselManager didDismissCarousel]	
1091da1dc	1091da2db	decompiled	chunks/005/functions-000343.c	-[SCLensCarouselManager didEmitUIEvent:]	
1091da2dc	1091da313	decompiled	chunks/005/functions-000343.c		
1091da314	1091da38f	decompiled	chunks/005/functions-000343.c		
1091da390	1091da42f	decompiled	chunks/005/functions-000343.c		
1091da430	1091da43b	decompiled	chunks/005/functions-000343.c		
1091da43c	1091da50b	decompiled	chunks/005/functions-000343.c	-[SCLensCarouselManager didCompleteOperationWithUuid:result:]	
1091da50c	1091da647	decompiled	chunks/005/functions-000343.c	-[SCLensCarouselManager _saveLensCarouselConfiguration]	
1091da648	1091da64f	decompiled	chunks/005/functions-000343.c	-[SCLensCarouselManager _activateCarouselWithConfiguration:]	
1091da650	1091da65b	decompiled	chunks/005/functions-000343.c	-[SCLensCarouselManager _activateCarouselWithConfiguration:completion:]	
1091da65c	1091da7ff	decompiled	chunks/005/functions-000343.c	-[SCLensCarouselManager _activateCarouselWithConfiguration:isRestoration:completion:]	
1091da800	1091da837	decompiled	chunks/005/functions-000343.c		
1091da838	1091da927	decompiled	chunks/005/functions-000343.c	-[SCLensCarouselManager _activateCarouselWithConfigurationBase:isRestoration:]	
1091da928	1091da963	decompiled	chunks/005/functions-000343.c	-[SCLensCarouselManager activeLens]	
1091da964	1091da96b	decompiled	chunks/005/functions-000343.c	-[SCLensCarouselManager firstApplicableLens]	
1091da96c	1091da973	decompiled	chunks/005/functions-000343.c	-[SCLensCarouselManager defaultSelectionLensId]	
1091da974	1091da9b3	decompiled	chunks/005/functions-000343.c	-[SCLensCarouselManager setActiveLens:]	
1091da9b4	1091da9e7	decompiled	chunks/005/functions-000343.c	-[SCLensCarouselManager active]	
1091da9e8	1091daa17	decompiled	chunks/005/functions-000343.c	-[SCLensCarouselManager setActive:]	
1091daa18	1091daa4b	decompiled	chunks/005/functions-000343.c	-[SCLensCarouselManager presentationState]	
1091daa4c	1091daa7b	decompiled	chunks/005/functions-000343.c	-[SCLensCarouselManager setPresentationState:]	
1091daa7c	1091daac3	decompiled	chunks/005/functions-000343.c	-[SCLensCarouselManager performer]	
1091daac4	1091dab83	decompiled	chunks/005/functions-000343.c	-[SCLensCarouselManager _updateActiveStateOnActivation:resetActiveLensOnDeactivation:]	
1091dab84	1091dac23	decompiled	chunks/005/functions-000343.c		
1091dac24	1091dacf3	decompiled	chunks/005/functions-000343.c	-[SCLensCarouselManager _updateActiveStateOnSelectionLens:]	
1091dacf4	1091dad23	decompiled	chunks/005/functions-000343.c		
1091dad24	1091dae57	decompiled	chunks/005/functions-000343.c	-[SCLensCarouselManager _updateActiveStateOnActivationLens:]	
1091dae58	1091daef7	decompiled	chunks/005/functions-000343.c	-[SCLensCarouselManager _updateActiveStateIfNeeded:]	
1091daef8	1091db03b	decompiled	chunks/005/functions-000343.c	-[SCLensCarouselManager .cxx_destruct]	
1091db03c	1091db047	decompiled	chunks/005/functions-000343.c	-[SCLensCarouselManagerResolver .cxx_destruct]	
1091db048	1091db06f	decompiled	chunks/005/functions-000343.c	-[SCLensCarouselManagerStream lensCarouselManagerObservable]	
1091db070	1091db07b	decompiled	chunks/005/functions-000343.c	-[SCLensCarouselManagerStream .cxx_destruct]	
1091db07c	1091db0a3	decompiled	chunks/005/functions-000343.c	-[SCSharedFeatureLensCollectionsCarouselProvider lensCollectionsCarouselFeature]	
1091db0a4	1091db0af	decompiled	chunks/005/functions-000343.c	-[SCSharedFeatureLensCollectionsCarouselProvider .cxx_destruct]	
1091db0b0	1091db153	decompiled	chunks/005/functions-000343.c	-[SCLensContextMetadataStoreDecorator initWithBaseMetadataStore:contextUpdater:]	
1091db154	1091db16b	decompiled	chunks/005/functions-000343.c	-[SCLensContextMetadataStoreDecorator updateLenses:]	
1091db16c	1091db1bb	decompiled	chunks/005/functions-000343.c	-[SCLensContextMetadataStoreDecorator lenses]	
1091db1bc	1091db20b	decompiled	chunks/005/functions-000343.c	-[SCLensContextMetadataStoreDecorator lensesToPrefetch]	
1091db20c	1091db213	decompiled	chunks/005/functions-000343.c	-[SCLensContextMetadataStoreDecorator applyMetadataProviderSettings:]	
1091db214	1091db21b	decompiled	chunks/005/functions-000343.c	-[SCLensContextMetadataStoreDecorator addListener:]	
1091db21c	1091db223	decompiled	chunks/005/functions-000343.c	-[SCLensContextMetadataStoreDecorator removeListener:]	
1091db224	1091db277	decompiled	chunks/005/functions-000343.c	-[SCLensContextMetadataStoreDecorator startUpdatingWithMode:]	
1091db278	1091db29f	decompiled	chunks/005/functions-000343.c	-[SCLensContextMetadataStoreDecorator stopUpdating]	
1091db2a0	1091db2a7	decompiled	chunks/005/functions-000343.c	-[SCLensContextMetadataStoreDecorator synchronize]	
1091db2a8	1091db2af	decompiled	chunks/005/functions-000343.c	-[SCLensContextMetadataStoreDecorator warmUp]	
1091db2b0	1091db2b7	decompiled	chunks/005/functions-000343.c	-[SCLensContextMetadataStoreDecorator supportsFilteringForAttribute:]	
1091db2b8	1091db2bf	decompiled	chunks/005/functions-000343.c	-[SCLensContextMetadataStoreDecorator hasMoreLensesToLoad]	
1091db2c0	1091db2c7	decompiled	chunks/005/functions-000343.c	-[SCLensContextMetadataStoreDecorator loadMoreTriggerDistance]	
1091db2c8	1091db2f7	decompiled	chunks/005/functions-000343.c	-[SCLensContextMetadataStoreDecorator .cxx_destruct]	
1091db2f8	1091db37f	decompiled	chunks/005/functions-000343.c	+[SCLensUITestMetadataStore sharedInstance]	
1091db380	1091db3a7	decompiled	chunks/005/functions-000343.c		
1091db3a8	1091db42f	decompiled	chunks/005/functions-000343.c	+[SCLensUITestMetadataStore liveLensPreviewInstance]	
1091db430	1091db457	decompiled	chunks/005/functions-000343.c		
1091db458	1091db4df	decompiled	chunks/005/functions-000343.c	+[SCLensUITestMetadataStore ucoInstance]	
1091db4e0	1091db507	decompiled	chunks/005/functions-000343.c		
1091db508	1091db583	decompiled	chunks/005/functions-000344.c	-[SCLensUITestMetadataStore init]	
1091db584	1091db5b3	decompiled	chunks/005/functions-000344.c	-[SCLensUITestMetadataStore setCentralizedLensMetadataRetrieverLazy:]	
1091db5b4	1091db5b7	decompiled	chunks/005/functions-000344.c	-[SCLensUITestMetadataStore warmUp]	
1091db5b8	1091db7ab	decompiled	chunks/005/functions-000344.c	-[SCLensUITestMetadataStore addLensData:]	
1091db7ac	1091db86b	decompiled	chunks/005/functions-000344.c		
1091db86c	1091db8af	decompiled	chunks/005/functions-000344.c		
1091db8b0	1091db8b7	decompiled	chunks/005/functions-000344.c		
1091db8b8	1091db973	decompiled	chunks/005/functions-000344.c	-[SCLensUITestMetadataStore _insertTestLensAtFront:]	
1091db974	1091dba87	decompiled	chunks/005/functions-000344.c	-[SCLensUITestMetadataStore _replaceStubLens:withMergedLens:]	
1091dba88	1091dbb2f	decompiled	chunks/005/functions-000344.c	-[SCLensUITestMetadataStore lenses]	
1091dbb30	1091dbb3b	decompiled	chunks/005/functions-000344.c	-[SCLensUITestMetadataStore lensesToPrefetch]	
1091dbb3c	1091dbb47	decompiled	chunks/005/functions-000344.c	-[SCLensUITestMetadataStore supportsFilteringForAttribute:]	
1091dbb48	1091dbb9f	decompiled	chunks/005/functions-000344.c	-[SCLensUITestMetadataStore startUpdatingWithMode:]	
1091dbba0	1091dbba3	decompiled	chunks/005/functions-000344.c	-[SCLensUITestMetadataStore stopUpdating]	
1091dbba4	1091dbba7	decompiled	chunks/005/functions-000344.c	-[SCLensUITestMetadataStore synchronize]	
1091dbba8	1091dbbaf	decompiled	chunks/005/functions-000344.c	-[SCLensUITestMetadataStore addListener:]	
1091dbbb0	1091dbbb7	decompiled	chunks/005/functions-000344.c	-[SCLensUITestMetadataStore removeListener:]	
1091dbbb8	1091dbbbf	decompiled	chunks/005/functions-000344.c	-[SCLensUITestMetadataStore hasMoreLensesToLoad]	
1091dbbc0	1091dbbc7	decompiled	chunks/005/functions-000344.c	-[SCLensUITestMetadataStore loadMoreTriggerDistance]	
1091dbbc8	1091dbc3b	decompiled	chunks/005/functions-000344.c	-[SCLensUITestMetadataStore applyMetadataProviderSettings:]	
1091dbc3c	1091dbd3f	decompiled	chunks/005/functions-000344.c	-[SCLensUITestMetadataStore _filteringPredicateWithSettings:]	
1091dbd40	1091dbe47	decompiled	chunks/005/functions-000344.c	-[SCLensUITestMetadataStore _filteringPredicateForCameraPosition:]	
1091dbe48	1091dbf3f	decompiled	chunks/005/functions-000344.c	-[SCLensUITestMetadataStore _filteringPredicateForRemovedLensIds:]	
1091dbf40	1091dbf87	decompiled	chunks/005/functions-000344.c	-[SCLensUITestMetadataStore .cxx_destruct]	
1091dbf88	1091dbfbb	decompiled	chunks/005/functions-000344.c	-[SCLensUITestMetadataStoreProvider init]	
1091dbfbc	1091dbfc7	decompiled	chunks/005/functions-000344.c	-[SCLensUITestMetadataStoreProvider lensMetadataStore]	
1091dbfc8	1091dbfd3	decompiled	chunks/005/functions-000344.c	-[SCLensUITestMetadataStoreProvider ucoLensMetadataStore]	
1091dbfd4	1091dc05b	decompiled	chunks/005/functions-000344.c	-[SCPerformanceAutomationBundledLensProvider initWithBundle:]	
1091dc05c	1091dc067	decompiled	chunks/005/functions-000344.c	-[SCPerformanceAutomationBundledLensProvider bundledLensWithCode:]	
1091dc068	1091dc06f	decompiled	chunks/005/functions-000344.c	-[SCPerformanceAutomationBundledLensProvider bundledLensWithCode:bundle:]	
1091dc070	1091dc077	decompiled	chunks/005/functions-000344.c	-[SCPerformanceAutomationBundledLensProvider bundledLensIconWithCode:]	
1091dc078	1091dc07f	decompiled	chunks/005/functions-000344.c	-[SCPerformanceAutomationBundledLensProvider bundledLensIconWithKey:]	
1091dc080	1091dc087	decompiled	chunks/005/functions-000344.c	-[SCPerformanceAutomationBundledLensProvider tagForLensWithId:]	
1091dc088	1091dc08f	decompiled	chunks/005/functions-000344.c	-[SCPerformanceAutomationBundledLensProvider lensIdsForTag:]	
1091dc090	1091dc097	decompiled	chunks/005/functions-000344.c	-[SCPerformanceAutomationBundledLensProvider clearInMemoryCache]	
1091dc098	1091dc09f	decompiled	chunks/005/functions-000344.c	-[SCPerformanceAutomationBundledLensProvider lensMetadatas]	
1091dc0a0	1091dc0ab	decompiled	chunks/005/functions-000344.c	-[SCPerformanceAutomationBundledLensProvider .cxx_destruct]	
1091dc0ac	1091dc1ab	decompiled	chunks/005/functions-000344.c	-[_SCSingleLensFromProcessInfoMetadataProviderSortStrategy executeWithLenses:cameraPosition:parameters:]	
1091dc1ac	1091dc29b	decompiled	chunks/005/functions-000344.c	-[SCLensInjectionDataProviderAssistant initWithLensInjectionServices:]	
1091dc29c	1091dc397	decompiled	chunks/005/functions-000344.c		
1091dc398	1091dc407	decompiled	chunks/005/functions-000344.c		
1091dc408	1091dc487	decompiled	chunks/005/functions-000344.c	-[SCLensInjectionDataProviderAssistant lensDataProvider:didAddLens:]	
1091dc488	1091dc50b	decompiled	chunks/005/functions-000344.c	-[SCLensInjectionDataProviderAssistant lensDataProvider:didRemoveLens:withError:]	
1091dc50c	1091dc58b	decompiled	chunks/005/functions-000344.c	-[SCLensInjectionDataProviderAssistant lensDataProvider:didRemoveAllLensesWithError:]	
1091dc58c	1091dc5b3	decompiled	chunks/005/functions-000344.c	-[SCLensInjectionDataProviderAssistant prepareConfiguration:]	
1091dc5b4	1091dc5db	decompiled	chunks/005/functions-000344.c	-[SCLensInjectionDataProviderAssistant prepareMetadataStore:]	
1091dc5dc	1091dc603	decompiled	chunks/005/functions-000344.c	-[SCLensInjectionDataProviderAssistant preparePrefetchMetadataStore:]	
1091dc604	1091dc717	decompiled	chunks/005/functions-000344.c	-[SCLensInjectionDataProviderAssistant prepareSortStaregy:]	
1091dc718	1091dc71f	decompiled	chunks/005/functions-000344.c	-[SCLensInjectionDataProviderAssistant injectedLensesMetadataStore]	
1091dc720	1091dc727	decompiled	chunks/005/functions-000344.c	-[SCLensInjectionDataProviderAssistant injectedLensesPrefetchCapacity]	
1091dc728	1091dc757	decompiled	chunks/005/functions-000344.c	-[SCLensInjectionDataProviderAssistant .cxx_destruct]	
1091dc758	1091dc863	decompiled	chunks/005/functions-000344.c	-[SCLensDataProviderContextRegistryImpl registerDataProviderWithContextId:contextConfig:]	
1091dc864	1091dc88b	decompiled	chunks/005/functions-000344.c		
1091dc88c	1091dc8db	decompiled	chunks/005/functions-000344.c	-[SCLensDataProviderContextRegistryImpl deregisterDataProviderWithContextId:]	
1091dc8dc	1091dc8e3	decompiled	chunks/005/functions-000344.c	-[SCLensDataProviderContextRegistryImpl contextConfigWithContextId:]	
1091dc8e4	1091dc8eb	decompiled	chunks/005/functions-000344.c	-[SCLensDataProviderContextRegistryImpl registeredContextIds]	
1091dc8ec	1091dc99f	decompiled	chunks/005/functions-000344.c	-[SCLensDataProviderContextRegistryImpl _registerPredefinedDataProviderWithContextId:carouselType:]	
1091dc9a0	1091dcccb	decompiled	chunks/005/functions-000344.c	-[SCLensDataProviderContextRegistryImpl _registerDataProviderWithContextId:activationSource:lensesObservable:contextUpdater:]	
1091dcccc	1091dccf3	decompiled	chunks/005/functions-000344.c		
1091dccf4	1091dcd87	decompiled	chunks/005/functions-000344.c	-[SCLensDataProviderContextRegistryImpl .cxx_destruct]	
1091dcd88	1091dcdcb	decompiled	chunks/005/functions-000344.c	-[SCLensDataProviderRegistry dealloc]	
1091dcdcc	1091dce0f	decompiled	chunks/005/functions-000344.c	-[SCLensDataProviderRegistry updateLensDataProviderWithCameraType:activationConfiguration:]	
1091dce10	1091dd06f	decompiled	chunks/005/functions-000344.c	-[SCLensDataProviderRegistry updateLensDataProviderWithLensesObservable:activationConfiguration:]	
1091dd070	1091dd097	decompiled	chunks/005/functions-000344.c		
1091dd098	1091dd09f	decompiled	chunks/005/functions-000344.c	-[SCLensDataProviderRegistry contextConfigWithContextId:]	
1091dd0a0	1091dd0a7	decompiled	chunks/005/functions-000344.c	-[SCLensDataProviderRegistry registerDataProviderWithContextId:contextConfig:]	
1091dd0a8	1091dd15b	decompiled	chunks/005/functions-000344.c	-[SCLensDataProviderRegistry predefinedDataProviderWithCarouselType:]	
1091dd15c	1091dd26f	decompiled	chunks/005/functions-000344.c	-[SCLensDataProviderRegistry _createDefaultReplyCameraDataProvider]	
1091dd270	1091dd33f	decompiled	chunks/005/functions-000344.c		
1091dd340	1091dd41f	decompiled	chunks/005/functions-000344.c	-[SCLensDataProviderRegistry _createDefaultModularCameraDataProvider]	
1091dd420	1091dd447	decompiled	chunks/005/functions-000344.c		
1091dd448	1091dd4a7	decompiled	chunks/005/functions-000344.c	-[SCLensDataProviderRegistry activateDataProviderWithContextId:]	
1091dd4a8	1091dd4af	decompiled	chunks/005/functions-000344.c	-[SCLensDataProviderRegistry deregisterDataProviderWithContextId:]	
1091dd4b0	1091dd54b	decompiled	chunks/005/functions-000344.c	-[SCLensDataProviderRegistry canDeregisterDataProviderWithContextId:]	
1091dd54c	1091dd653	decompiled	chunks/005/functions-000344.c	-[SCLensDataProviderRegistry _lensDataproviderConfigForLensCarouselActivationConfig:]	
1091dd654	1091dd65b	decompiled	chunks/005/functions-000344.c	-[SCLensDataProviderRegistry cameraViewType]	
1091dd65c	1091dd663	decompiled	chunks/005/functions-000344.c	-[SCLensDataProviderRegistry addUpdateListener:]	
1091dd664	1091dd66b	decompiled	chunks/005/functions-000344.c	-[SCLensDataProviderRegistry removeUpdateListener:]	
1091dd66c	1091dd6a7	decompiled	chunks/005/functions-000344.c	-[SCLensDataProviderRegistry _updateCameraNoViewDataProviderWithConfiguration:]	
1091dd6a8	1091dd8c3	decompiled	chunks/005/functions-000344.c	-[SCLensDataProviderRegistry _createReplyDataProviderWithConfig:lensDataAssistant:]	
1091dd8c4	1091dd9a3	decompiled	chunks/005/functions-000344.c		
1091dd9a4	1091dda2f	decompiled	chunks/005/functions-000344.c	-[SCLensDataProviderRegistry _updateCameraReplyDataProviderWithConfiguration:]	
1091dda30	1091ddc03	decompiled	chunks/005/functions-000344.c	-[SCLensDataProviderRegistry _updateDirectorModeDataProviderWithConfiguration:]	
1091ddc04	1091ddd2f	decompiled	chunks/005/functions-000344.c		
1091ddd30	1091ddd3b	decompiled	chunks/005/functions-000344.c		
1091ddd3c	1091ddf87	decompiled	chunks/005/functions-000344.c	-[SCLensDataProviderRegistry _updateCameraRollDataProviderWithConfiguration:]	
1091ddf88	1091de097	decompiled	chunks/005/functions-000344.c		
1091de098	1091de0a3	decompiled	chunks/005/functions-000344.c		
1091de0a4	1091de127	decompiled	chunks/005/functions-000344.c		
1091de128	1091de1af	decompiled	chunks/005/functions-000344.c	-[SCLensDataProviderRegistry _isSameDataProviderWithContiguration:]	
1091de1b0	1091de1df	decompiled	chunks/005/functions-000344.c	-[SCLensDataProviderRegistry _clearLensDataProvider]	
1091de1e0	1091de2e3	decompiled	chunks/005/functions-000344.c	-[SCLensDataProviderRegistry .cxx_destruct]	
1091de2e4	1091de317	decompiled	chunks/005/functions-000344.c	+[SCLensDataProviderRegistryHelpers centralizedStoreNamespaceForActivationSource:]	
1091de318	1091de353	decompiled	chunks/005/functions-000344.c	+[SCLensDataProviderRegistryHelpers dataProviderConfigurationForActivationSource:]	
1091de354	1091de35b	decompiled	chunks/005/functions-000344.c	+[SCLensDataProviderRegistryHelpers featureAttributionForActivationSource:]	
1091de35c	1091de3a3	decompiled	chunks/005/functions-000344.c	-[SCLensPredefinedDataProviderFactoryWeakAdapter predefinedDataProviderWithCarouselType:]	
1091de3a4	1091de3ab	decompiled	chunks/005/functions-000344.c	-[SCLensPredefinedDataProviderFactoryWeakAdapter .cxx_destruct]	
1091de3ac	1091de4db	decompiled	chunks/005/functions-000344.c	-[SCAdsCameraLensDataProvider initWithLensDataFetcher:lensDataPrefetcher:lensThumbnailLogger:]	
1091de4dc	1091de4df	decompiled	chunks/005/functions-000344.c	-[SCAdsCameraLensDataProvider warmUp]	
1091de4e0	1091de507	decompiled	chunks/005/functions-000344.c	-[SCAdsCameraLensDataProvider lenses]	
1091de508	1091de567	decompiled	chunks/005/functions-000345.c	-[SCAdsCameraLensDataProvider updateLenses:]	
1091de568	1091de57f	decompiled	chunks/005/functions-000345.c	-[SCAdsCameraLensDataProvider clearLenses]	
1091de580	1091de62f	decompiled	chunks/005/functions-000345.c	-[SCAdsCameraLensDataProvider lensForId:]	
1091de630	1091de63f	decompiled	chunks/005/functions-000345.c	-[SCAdsCameraLensDataProvider updateDownloadableData]	
1091de640	1091de643	decompiled	chunks/005/functions-000345.c	-[SCAdsCameraLensDataProvider setDevicePosition:]	
1091de644	1091de673	decompiled	chunks/005/functions-000345.c	-[SCAdsCameraLensDataProvider applicableContext]	
1091de674	1091de67b	decompiled	chunks/005/functions-000345.c	-[SCAdsCameraLensDataProvider originalLens]	
1091de67c	1091de683	decompiled	chunks/005/functions-000345.c	-[SCAdsCameraLensDataProvider firstApplicableLens]	
1091de684	1091de68b	decompiled	chunks/005/functions-000345.c	-[SCAdsCameraLensDataProvider addListener:]	
1091de68c	1091de693	decompiled	chunks/005/functions-000345.c	-[SCAdsCameraLensDataProvider removeListener:]	
1091de694	1091de69b	decompiled	chunks/005/functions-000345.c	-[SCAdsCameraLensDataProvider addProgressListener:]	
1091de69c	1091de6a3	decompiled	chunks/005/functions-000345.c	-[SCAdsCameraLensDataProvider removeProgressListener:]	
1091de6a4	1091de6ab	decompiled	chunks/005/functions-000345.c	-[SCAdsCameraLensDataProvider addEventsListener:]	
1091de6ac	1091de6b3	decompiled	chunks/005/functions-000345.c	-[SCAdsCameraLensDataProvider removeEventsListener:]	
1091de6b4	1091de6db	decompiled	chunks/005/functions-000345.c	-[SCAdsCameraLensDataProvider selectedLens]	
1091de6dc	1091de70b	decompiled	chunks/005/functions-000345.c	-[SCAdsCameraLensDataProvider setSelectedLens:]	
1091de70c	1091de70f	decompiled	chunks/005/functions-000345.c	-[SCAdsCameraLensDataProvider setStartVisibleIndex:endVisibleIndex:selectedIndex:]	
1091de710	1091de717	decompiled	chunks/005/functions-000345.c	-[SCAdsCameraLensDataProvider fetchLens:fetchSourceType:]	
1091de718	1091de71f	decompiled	chunks/005/functions-000345.c	-[SCAdsCameraLensDataProvider fetchLensesIfNeededWithFetchSourceType:]	
1091de720	1091de727	decompiled	chunks/005/functions-000345.c	-[SCAdsCameraLensDataProvider prefetchLensesIfNeededWithFetchSourceType:]	
1091de728	1091de72f	decompiled	chunks/005/functions-000345.c	-[SCAdsCameraLensDataProvider lensUIStateListener]	
1091de730	1091de737	decompiled	chunks/005/functions-000345.c	-[SCAdsCameraLensDataProvider cancelDownloads]	
1091de738	1091de73f	decompiled	chunks/005/functions-000345.c	-[SCAdsCameraLensDataProvider clearCacheWithCompletionBlock:]	
1091de740	1091de747	decompiled	chunks/005/functions-000345.c	-[SCAdsCameraLensDataProvider fetchAsset:lens:fetchSourceType:completionPerformer:completion:]	
1091de748	1091de74f	decompiled	chunks/005/functions-000345.c	-[SCAdsCameraLensDataProvider fetchLenses:fetchSourceType:]	
1091de750	1091de757	decompiled	chunks/005/functions-000345.c	-[SCAdsCameraLensDataProvider fetchLenses:requestTiming:fetchSourceType:]	
1091de758	1091de75f	decompiled	chunks/005/functions-000345.c	-[SCAdsCameraLensDataProvider fetchCachedLenses:fetchSourceType:]	
1091de760	1091de767	decompiled	chunks/005/functions-000345.c	-[SCAdsCameraLensDataProvider fetchIconsForLenses:requestTiming:fetchSourceType:]	
1091de768	1091de76f	decompiled	chunks/005/functions-000345.c	-[SCAdsCameraLensDataProvider pauseDownloads]	
1091de770	1091de777	decompiled	chunks/005/functions-000345.c	-[SCAdsCameraLensDataProvider resumeDownloads]	
1091de778	1091de77f	decompiled	chunks/005/functions-000345.c	-[SCAdsCameraLensDataProvider isFetchingLens:]	
1091de780	1091de787	decompiled	chunks/005/functions-000345.c	-[SCAdsCameraLensDataProvider startUpdatingLensData]	
1091de788	1091de78f	decompiled	chunks/005/functions-000345.c	-[SCAdsCameraLensDataProvider stopUpdatingLensDataWithToken:]	
1091de790	1091de793	decompiled	chunks/005/functions-000345.c	-[SCAdsCameraLensDataProvider fetchMoreLensesIfNeeded]	
1091de794	1091de79b	decompiled	chunks/005/functions-000345.c	-[SCAdsCameraLensDataProvider suggestedLoadMoreTriggerDistance]	
1091de79c	1091de7b3	decompiled	chunks/005/functions-000345.c	-[SCAdsCameraLensDataProvider lensDataFetchingMediator:didUpdateContentForLens:contentUpdateType:]	
1091de7b4	1091de7b7	decompiled	chunks/005/functions-000345.c	-[SCAdsCameraLensDataProvider lensDataFetchingMediatorDidStartUpdatingLensData:]	
1091de7b8	1091de7bb	decompiled	chunks/005/functions-000345.c	-[SCAdsCameraLensDataProvider lensDataFetchingMediatorDidStopUpdatingLensData:]	
1091de7bc	1091de7bf	decompiled	chunks/005/functions-000345.c	-[SCAdsCameraLensDataProvider lensDataFetchingMediatorUpdateLenses:]	
1091de7c0	1091de7c3	decompiled	chunks/005/functions-000345.c	-[SCAdsCameraLensDataProvider setPrefetchMode:]	
1091de7c4	1091de817	decompiled	chunks/005/functions-000345.c	-[SCAdsCameraLensDataProvider updateLenses]	
1091de818	1091de81f	decompiled	chunks/005/functions-000345.c	-[SCAdsCameraLensDataProvider showBirthdayReplyLens]	
1091de820	1091de827	decompiled	chunks/005/functions-000345.c	-[SCAdsCameraLensDataProvider setShowBirthdayReplyLens:]	
1091de828	1091de86f	decompiled	chunks/005/functions-000345.c	-[SCAdsCameraLensDataProvider .cxx_destruct]	
1091de870	1091de993	decompiled	chunks/005/functions-000345.c	-[SCLensDataProviderCommonFactory initWithLensExplorerStudySettings:bundledLensProvider:lensDataProviderCreator:lensPerformerServices:lensDataConfigProvider:]	
1091de994	1091deb67	decompiled	chunks/005/functions-000345.c	-[SCLensDataProviderCommonFactory commonLensDataProviderWithConfiguration:metadataStore:]	
1091deb68	1091deb97	decompiled	chunks/005/functions-000345.c		
1091deb98	1091debeb	decompiled	chunks/005/functions-000345.c	-[SCLensDataProviderCommonFactory .cxx_destruct]	
1091debec	1091dec4b	decompiled	chunks/005/functions-000345.c	+[SCLensDataProviderConfiguration defaultFeatureConfiguration]	
1091dec4c	1091dedaf	decompiled	chunks/005/functions-000345.c	+[SCLensDataProviderConfiguration configurationForLensesInPreviewWithApplicableContext:]	
1091dedb0	1091def17	decompiled	chunks/005/functions-000345.c	+[SCLensDataProviderConfiguration configurationForWorldLensesInPreview]	
1091def18	1091df0fb	decompiled	chunks/005/functions-000345.c	+[SCLensDataProviderConfiguration configurationForVideoChatWithBundledLensMetadataProvider:filterConnectedVideoLenses:filter3DBitmojiLenses:excludeExclusiveLenses:]	
1091df0fc	1091df263	decompiled	chunks/005/functions-000345.c	+[SCLensDataProviderConfiguration configurationForReplyCameraWithBundledLensMetadataProvider:bitmojiLinked:friendBitmojiLinked:explorerLensDisabled:]	
1091df264	1091df41b	decompiled	chunks/005/functions-000345.c	+[SCLensDataProviderConfiguration configurationForReplyOnStoryWithBundledLensMetadataProvider:]	
1091df41c	1091df4d7	decompiled	chunks/005/functions-000345.c	+[SCLensDataProviderConfiguration configurationForSceneIntelligenceWithBundledLensMetadataProvider:]	
1091df4d8	1091df537	decompiled	chunks/005/functions-000345.c	+[SCLensDataProviderConfiguration configurationForLiveLensPreview]	
1091df538	1091df597	decompiled	chunks/005/functions-000345.c	+[SCLensDataProviderConfiguration configurationForLensCollection]	
1091df598	1091df5f7	decompiled	chunks/005/functions-000345.c	+[SCLensDataProviderConfiguration configurationForInfoCardSimilarLenses]	
1091df5f8	1091df6b3	decompiled	chunks/005/functions-000345.c	+[SCLensDataProviderConfiguration configurationForLensReplyCameraWithBundledLensMetadataProvider:]	
1091df6b4	1091df773	decompiled	chunks/005/functions-000345.c	+[SCLensDataProviderConfiguration configurationForDirectorModeWithBundledLensMetadataProvider:]	
1091df774	1091df7d3	decompiled	chunks/005/functions-000345.c	+[SCLensDataProviderConfiguration configurationForCameraRollCamera]	
1091df7d4	1091df833	decompiled	chunks/005/functions-000345.c	+[SCLensDataProviderConfiguration configurationForARBar]	
1091df834	1091df847	decompiled	chunks/005/functions-000345.c	+[SCLensDataProviderConfiguration excludeMainCameraExclusiveLensesPredicate]	
1091df848	1091df8b3	decompiled	chunks/005/functions-000345.c		
1091df8b4	1091df8c7	decompiled	chunks/005/functions-000345.c	+[SCLensDataProviderConfiguration excludeExclusiveLensesPredicate]	
1091df8c8	1091df927	decompiled	chunks/005/functions-000345.c		
1091df928	1091df93b	decompiled	chunks/005/functions-000345.c	+[SCLensDataProviderConfiguration excludeDemoLensesPredicate]	
1091df93c	1091df99b	decompiled	chunks/005/functions-000345.c		
1091df99c	1091df9af	decompiled	chunks/005/functions-000345.c	+[SCLensDataProviderConfiguration excludeLiveCameraLensesPredicate]	
1091df9b0	1091dfa3b	decompiled	chunks/005/functions-000345.c		
1091dfa3c	1091dfa4f	decompiled	chunks/005/functions-000345.c	+[SCLensDataProviderConfiguration excludeStudioLensesPredicate]	
1091dfa50	1091dfaaf	decompiled	chunks/005/functions-000345.c		
1091dfab0	1091dfac3	decompiled	chunks/005/functions-000345.c	+[SCLensDataProviderConfiguration excludeBitmojiPredicate]	
1091dfac4	1091dfb23	decompiled	chunks/005/functions-000345.c		
1091dfb24	1091dfb37	decompiled	chunks/005/functions-000345.c	+[SCLensDataProviderConfiguration excludeFriendmojiPredicate]	
1091dfb38	1091dfb97	decompiled	chunks/005/functions-000345.c		
1091dfb98	1091dfbab	decompiled	chunks/005/functions-000345.c	+[SCLensDataProviderConfiguration excludeConnectedLensPredicate]	
1091dfbac	1091dfc0b	decompiled	chunks/005/functions-000345.c		
1091dfc0c	1091dfc1f	decompiled	chunks/005/functions-000345.c	+[SCLensDataProviderConfiguration exclude3DBitmojiLensesPredicate]	
1091dfc20	1091dfc7f	decompiled	chunks/005/functions-000345.c		
1091dfc80	1091dfc93	decompiled	chunks/005/functions-000345.c	+[SCLensDataProviderConfiguration only3DBitmojiLensesForVideoChatPredicate]	
1091dfc94	1091dfd07	decompiled	chunks/005/functions-000345.c		
1091dfd08	1091dfd1b	decompiled	chunks/005/functions-000345.c	+[SCLensDataProviderConfiguration excludePreviewWorldLensesPredicate]	
1091dfd1c	1091dfd7b	decompiled	chunks/005/functions-000345.c		
1091dfd7c	1091dfd8f	decompiled	chunks/005/functions-000345.c	+[SCLensDataProviderConfiguration onlyPreviewWorldLensesPredicate]	
1091dfd90	1091dfdef	decompiled	chunks/005/functions-000345.c		
1091dfdf0	1091dfea7	decompiled	chunks/005/functions-000345.c	+[SCLensDataProviderConfiguration onlyLensesSuitableForMemories]	
1091dfea8	1091dff2f	decompiled	chunks/005/functions-000345.c		
1091dff30	1091dff4b	decompiled	chunks/005/functions-000345.c	+[SCLensDataProviderConfiguration excludeBloopsPredicate]	
1091dff4c	1091dfff3	decompiled	chunks/005/functions-000345.c	-[SCLensDataProviderFactory .cxx_destruct]	
1091dfff4	1091e00cf	decompiled	chunks/005/functions-000345.c		
1091e00d0	1091e0233	decompiled	chunks/005/functions-000345.c	+[SCLensDataProviderV2AllStoresMockableDependencyProvider _mockedUnlockableLensMetadataStoreWithUnlockableServices:announcerPerformer:lensPerformerProvider:]	
1091e0234	1091e02b7	decompiled	chunks/005/functions-000345.c	-[SCLensDataProviderAutoInvalidatingProxy initWithTarget:targetClass:]	
1091e02b8	1091e031b	decompiled	chunks/005/functions-000345.c	+[SCLensDataProviderAutoInvalidatingProxy dataProviderAutoInvalidatingProxyWithTarget:targetClass:]	
1091e031c	1091e0343	decompiled	chunks/005/functions-000345.c	-[SCLensDataProviderAutoInvalidatingProxy forwardingTargetForSelector:]	
1091e0344	1091e0397	decompiled	chunks/005/functions-000345.c	-[SCLensDataProviderAutoInvalidatingProxy methodSignatureForSelector:]	
1091e0398	1091e03a7	decompiled	chunks/005/functions-000345.c	-[SCLensDataProviderAutoInvalidatingProxy forwardInvocation:]	
1091e03a8	1091e0417	decompiled	chunks/005/functions-000345.c	-[SCLensDataProviderAutoInvalidatingProxy isKindOfClass:]	
1091e0418	1091e0427	decompiled	chunks/005/functions-000345.c	-[SCLensDataProviderAutoInvalidatingProxy isMemberOfClass:]	
1091e0428	1091e044f	decompiled	chunks/005/functions-000345.c	-[SCLensDataProviderAutoInvalidatingProxy class]	
1091e0450	1091e048b	decompiled	chunks/005/functions-000346.c	-[SCLensDataProviderAutoInvalidatingProxy conformsToProtocol:]	
1091e048c	1091e0497	decompiled	chunks/005/functions-000346.c	-[SCLensDataProviderAutoInvalidatingProxy .cxx_destruct]	
1091e0498	1091e04d3	decompiled	chunks/005/functions-000346.c		
1091e04d4	1091e0563	decompiled	chunks/005/functions-000346.c	-[SCLensDataProviderProxy methodSignatureForSelector:]	
1091e0564	1091e05a7	decompiled	chunks/005/functions-000346.c	-[SCLensDataProviderProxy class]	
1091e05a8	1091e05ab	decompiled	chunks/005/functions-000346.c	-[SCLensDataProviderProxy forwardingTargetForSelector:]	
1091e05ac	1091e0603	decompiled	chunks/005/functions-000346.c	-[SCLensDataProviderProxy forwardInvocation:]	
1091e0604	1091e0647	decompiled	chunks/005/functions-000346.c	-[SCLensDataProviderProxy isKindOfClass:]	
1091e0648	1091e068b	decompiled	chunks/005/functions-000346.c	-[SCLensDataProviderProxy respondsToSelector:]	
1091e068c	1091e0703	decompiled	chunks/005/functions-000346.c	-[SCLensDataProviderProxy conformsToProtocol:]	
1091e0704	1091e07eb	decompiled	chunks/005/functions-000346.c	-[SCLensDataProviderProxy _lensDataProvider]	
1091e07ec	1091e07fb	decompiled	chunks/005/functions-000346.c	-[SCLensDataProviderProxy .cxx_destruct]	
1091e07fc	1091e0837	decompiled	chunks/005/functions-000346.c		
1091e0838	1091e087f	decompiled	chunks/005/functions-000346.c	-[SCLensDataProviderV2 initWithLensDataFetcher:adaptiveLensFetcher:metadataStore:sortStrategy:lensRemovalManager:prefetchFiltersFactory:configuration:lensDataConfigProvider:lensUserProvider:lensCarouselStudySettings:lensContentCacheProvider:]	
1091e0880	1091e08e3	decompiled	chunks/005/functions-000346.c		
1091e08e4	1091e0937	decompiled	chunks/005/functions-000346.c	-[SCLensDataProviderV2 startUpdatingLensData]	
1091e0938	1091e098f	decompiled	chunks/005/functions-000346.c	-[SCLensDataProviderV2 stopUpdatingLensDataWithToken:]	
1091e0990	1091e09bb	decompiled	chunks/005/functions-000346.c	-[SCLensDataProviderV2 _currentFetchType]	
1091e09bc	1091e0a83	decompiled	chunks/005/functions-000346.c	-[SCLensDataProviderV2 didUpdateLenses:lensMetadataStore:]	
1091e0a84	1091e0adb	decompiled	chunks/005/functions-000346.c	-[SCLensDataProviderV2 didUpdateLensesToPrefetch:lensMetadataStore:]	
1091e0adc	1091e0ae3	decompiled	chunks/005/functions-000346.c		
1091e0ae4	1091e0cd3	decompiled	chunks/005/functions-000346.c	-[SCLensDataProviderV2 _forceUpdateSelectedStudioLensIfNeededWithUpdatedLenses:]	
1091e0cd4	1091e0d87	decompiled	chunks/005/functions-000346.c	-[SCLensDataProviderV2 lenses]	
1091e0d88	1091e0fbf	decompiled	chunks/005/functions-000346.c	-[SCLensDataProviderV2 lensesToPresent]	
1091e0fc0	1091e10af	decompiled	chunks/005/functions-000346.c	-[SCLensDataProviderV2 _sortStrategyParameters]	
1091e10b0	1091e1133	decompiled	chunks/005/functions-000346.c	-[SCLensDataProviderV2 _prefetchSortStrategyParameters]	
1091e1134	1091e119f	decompiled	chunks/005/functions-000346.c	-[SCLensDataProviderV2 lensForId:]	
1091e11a0	1091e11a7	decompiled	chunks/005/functions-000346.c	-[SCLensDataProviderV2 syncDownloadableData]	
1091e11a8	1091e12a7	decompiled	chunks/005/functions-000346.c	-[SCLensDataProviderV2 applicableContext]	
1091e12a8	1091e12bf	decompiled	chunks/005/functions-000346.c		
1091e12c0	1091e12f7	decompiled	chunks/005/functions-000346.c		
1091e12f8	1091e12fb	decompiled	chunks/005/functions-000346.c		
1091e12fc	1091e1347	decompiled	chunks/005/functions-000346.c	-[SCLensDataProviderV2 _shouldTriggerFetchingForCurrentCameraPosition]	
1091e1348	1091e1383	decompiled	chunks/005/functions-000346.c	-[SCLensDataProviderV2 cameraPosition]	
1091e1384	1091e138b	decompiled	chunks/005/functions-000346.c	-[SCLensDataProviderV2 originalLens]	
1091e138c	1091e1393	decompiled	chunks/005/functions-000346.c	-[SCLensDataProviderV2 addListener:]	
1091e1394	1091e139b	decompiled	chunks/005/functions-000346.c	-[SCLensDataProviderV2 removeListener:]	
1091e139c	1091e13a3	decompiled	chunks/005/functions-000346.c	-[SCLensDataProviderV2 addProgressListener:]	
1091e13a4	1091e13ab	decompiled	chunks/005/functions-000346.c	-[SCLensDataProviderV2 removeProgressListener:]	
1091e13ac	1091e13b3	decompiled	chunks/005/functions-000346.c	-[SCLensDataProviderV2 addEventsListener:]	
1091e13b4	1091e13bb	decompiled	chunks/005/functions-000346.c	-[SCLensDataProviderV2 removeEventsListener:]	
1091e13bc	1091e13bf	decompiled	chunks/005/functions-000346.c	-[SCLensDataProviderV2 lensUIStateListener]	
1091e13c0	1091e13c7	decompiled	chunks/005/functions-000346.c	-[SCLensDataProviderV2 cancelDownloads]	
1091e13c8	1091e13cf	decompiled	chunks/005/functions-000346.c	-[SCLensDataProviderV2 clearCacheWithCompletionBlock:]	
1091e13d0	1091e13d7	decompiled	chunks/005/functions-000346.c	-[SCLensDataProviderV2 fetchAsset:lens:fetchSourceType:completionPerformer:completion:]	
1091e13d8	1091e13df	decompiled	chunks/005/functions-000346.c	-[SCLensDataProviderV2 fetchLenses:fetchSourceType:]	
1091e13e0	1091e13e7	decompiled	chunks/005/functions-000346.c	-[SCLensDataProviderV2 fetchLenses:requestTiming:fetchSourceType:]	
1091e13e8	1091e13ef	decompiled	chunks/005/functions-000346.c	-[SCLensDataProviderV2 fetchCachedLenses:fetchSourceType:]	
1091e13f0	1091e13f7	decompiled	chunks/005/functions-000346.c	-[SCLensDataProviderV2 fetchIconsForLenses:requestTiming:fetchSourceType:]	
1091e13f8	1091e13ff	decompiled	chunks/005/functions-000346.c	-[SCLensDataProviderV2 pauseDownloads]	
1091e1400	1091e1407	decompiled	chunks/005/functions-000346.c	-[SCLensDataProviderV2 resumeDownloads]	
1091e1408	1091e140f	decompiled	chunks/005/functions-000346.c	-[SCLensDataProviderV2 fetchLens:fetchSourceType:]	
1091e1410	1091e1417	decompiled	chunks/005/functions-000346.c	-[SCLensDataProviderV2 fetchLensesIfNeededWithFetchSourceType:]	
1091e1418	1091e141f	decompiled	chunks/005/functions-000346.c	-[SCLensDataProviderV2 prefetchLensesIfNeededWithFetchSourceType:]	
1091e1420	1091e1427	decompiled	chunks/005/functions-000346.c	-[SCLensDataProviderV2 isFetchingLens:]	
1091e1428	1091e1433	decompiled	chunks/005/functions-000346.c	-[SCLensDataProviderV2 fetchMoreLensesIfNeeded]	
1091e1434	1091e143b	decompiled	chunks/005/functions-000346.c	-[SCLensDataProviderV2 suggestedLoadMoreTriggerDistance]	
1091e143c	1091e146b	decompiled	chunks/005/functions-000346.c	-[SCLensDataProviderV2 setSelectedLens:]	
1091e146c	1091e1473	decompiled	chunks/005/functions-000346.c	-[SCLensDataProviderV2 setStartVisibleIndex:endVisibleIndex:selectedIndex:]	
1091e1474	1091e157f	decompiled	chunks/005/functions-000346.c	-[SCLensDataProviderV2 firstApplicableLens]	
1091e1580	1091e16a7	decompiled	chunks/005/functions-000346.c	-[SCLensDataProviderV2 _sortAndPrefetchLenses]	
1091e16a8	1091e17d7	decompiled	chunks/005/functions-000346.c		
1091e17d8	1091e181f	decompiled	chunks/005/functions-000346.c		
1091e1820	1091e196f	decompiled	chunks/005/functions-000346.c	-[SCLensDataProviderV2 _schedulePrefetchWithFilter:sortStrategyParameters:]	
1091e1970	1091e19af	decompiled	chunks/005/functions-000346.c	-[SCLensDataProviderV2 _currentPrecachedLenses]	
1091e19b0	1091e1a03	decompiled	chunks/005/functions-000346.c	-[SCLensDataProviderV2 _precachedLensIds]	
1091e1a04	1091e1a0b	decompiled	chunks/005/functions-000346.c		
1091e1a0c	1091e1a53	decompiled	chunks/005/functions-000346.c	-[SCLensDataProviderV2 setShowBirthdayReplyLens:]	
1091e1a54	1091e1a63	decompiled	chunks/005/functions-000346.c	-[SCLensDataProviderV2 updateLenses]	
1091e1a64	1091e1aa3	decompiled	chunks/005/functions-000346.c	-[SCLensDataProviderV2 updateLensesWithFetching:requiresAnimation:]	
1091e1aa4	1091e1d0b	decompiled	chunks/005/functions-000346.c	-[SCLensDataProviderV2 _updateLensesWithFetching:requiresAnimation:]	
1091e1d0c	1091e1d87	decompiled	chunks/005/functions-000346.c		
1091e1d88	1091e1d9f	decompiled	chunks/005/functions-000346.c	-[SCLensDataProviderV2 lensDataFetchingMediator:didUpdateContentForLens:contentUpdateType:]	
1091e1da0	1091e1da3	decompiled	chunks/005/functions-000346.c	-[SCLensDataProviderV2 lensDataFetchingMediatorDidStartUpdatingLensData:]	
1091e1da4	1091e1dab	decompiled	chunks/005/functions-000346.c	-[SCLensDataProviderV2 lensDataFetchingMediatorDidStopUpdatingLensData:]	
1091e1dac	1091e1daf	decompiled	chunks/005/functions-000346.c	-[SCLensDataProviderV2 lensDataFetchingMediatorUpdateLenses:]	
1091e1db0	1091e1dd7	decompiled	chunks/005/functions-000346.c	-[SCLensDataProviderV2 lensDataProviderConfiguration]	
1091e1dd8	1091e1ddb	decompiled	chunks/005/functions-000346.c	-[SCLensDataProviderV2 setPrefetchMode:]	
1091e1ddc	1091e1eb7	decompiled	chunks/005/functions-000346.c	-[SCLensDataProviderV2 _setPrefetchMode:]	
1091e1eb8	1091e1eeb	decompiled	chunks/005/functions-000346.c	-[SCLensDataProviderV2 _prefetchMode]	
1091e1eec	1091e1f4b	decompiled	chunks/005/functions-000346.c	-[SCLensDataProviderV2 didEndDisplayingLens:withContext:]	
1091e1f4c	1091e1fd3	decompiled	chunks/005/functions-000346.c	-[SCLensDataProviderV2 didDrawIcon:forLens:atIndex:withContext:]	
1091e1fd4	1091e200f	decompiled	chunks/005/functions-000346.c	-[SCLensDataProviderV2 didHideLensesWithContext:]	
1091e2010	1091e20b7	decompiled	chunks/005/functions-000346.c	-[SCLensDataProviderV2 didActivateLens:withContext:]	
1091e20b8	1091e2117	decompiled	chunks/005/functions-000346.c	-[SCLensDataProviderV2 didSelectLens:withContext:]	
1091e2118	1091e2177	decompiled	chunks/005/functions-000346.c	-[SCLensDataProviderV2 didUpdateActiveLensOrder:withContext:]	
1091e2178	1091e21d7	decompiled	chunks/005/functions-000346.c	-[SCLensDataProviderV2 willDisplayLens:withContext:]	
1091e21d8	1091e2237	decompiled	chunks/005/functions-000346.c	-[SCLensDataProviderV2 didUpdateDisplayedLens:withContext:]	
1091e2238	1091e2273	decompiled	chunks/005/functions-000346.c	-[SCLensDataProviderV2 willShowLensesWithContext:]	
1091e2274	1091e227b	decompiled	chunks/005/functions-000346.c	-[SCLensDataProviderV2 showBirthdayReplyLens]	
1091e227c	1091e22ab	decompiled	chunks/005/functions-000346.c	-[SCLensDataProviderV2 setMetadataProviderSettings:]	
1091e22ac	1091e23cb	decompiled	chunks/005/functions-000346.c	-[SCLensDataProviderV2 .cxx_destruct]	
1091e23cc	1091e245f	decompiled	chunks/005/functions-000346.c	+[SCMetadataLocalHelper cachedLensesWithPlaceholderObservable:centralizedDataStore:]	
1091e2460	1091e263f	decompiled	chunks/005/functions-000346.c		
1091e2640	1091e26c3	decompiled	chunks/005/functions-000346.c		
1091e26c4	1091e26cb	decompiled	chunks/005/functions-000346.c		
1091e26cc	1091e27ab	decompiled	chunks/005/functions-000346.c		
1091e27ac	1091e28b7	decompiled	chunks/005/functions-000346.c		
1091e28b8	1091e28fb	decompiled	chunks/005/functions-000346.c		
1091e28fc	1091e29f3	decompiled	chunks/005/functions-000346.c	-[SCSingleLensCameraLensDataProvider initWithLens:dataFetcher:applicableContext:lensDataConfig:]	
1091e29f4	1091e2a73	decompiled	chunks/005/functions-000347.c	-[SCSingleLensCameraLensDataProvider initWithLensFuture:placeholderLens:dataFetcher:applicableContext:lensDataConfig:]	
1091e2a74	1091e2a7b	decompiled	chunks/005/functions-000347.c	-[SCSingleLensCameraLensDataProvider addListener:]	
1091e2a7c	1091e2a83	decompiled	chunks/005/functions-000347.c	-[SCSingleLensCameraLensDataProvider removeListener:]	
1091e2a84	1091e2a8b	decompiled	chunks/005/functions-000347.c	-[SCSingleLensCameraLensDataProvider addProgressListener:]	
1091e2a8c	1091e2a93	decompiled	chunks/005/functions-000347.c	-[SCSingleLensCameraLensDataProvider removeProgressListener:]	
1091e2a94	1091e2a9b	decompiled	chunks/005/functions-000347.c	-[SCSingleLensCameraLensDataProvider addEventsListener:]	
1091e2a9c	1091e2aa3	decompiled	chunks/005/functions-000347.c	-[SCSingleLensCameraLensDataProvider removeEventsListener:]	
1091e2aa4	1091e2b63	decompiled	chunks/005/functions-000347.c	-[SCSingleLensCameraLensDataProvider fetchLens:fetchSourceType:]	
1091e2b64	1091e2b67	decompiled	chunks/005/functions-000347.c	-[SCSingleLensCameraLensDataProvider fetchLensesIfNeededWithFetchSourceType:]	
1091e2b68	1091e2b6b	decompiled	chunks/005/functions-000347.c	-[SCSingleLensCameraLensDataProvider prefetchLensesIfNeededWithFetchSourceType:]	
1091e2b6c	1091e2b87	decompiled	chunks/005/functions-000347.c	-[SCSingleLensCameraLensDataProvider isFetchingLens:]	
1091e2b88	1091e2b8f	decompiled	chunks/005/functions-000347.c	-[SCSingleLensCameraLensDataProvider clearCacheWithCompletionBlock:]	
1091e2b90	1091e2b97	decompiled	chunks/005/functions-000347.c	-[SCSingleLensCameraLensDataProvider fetchAsset:lens:fetchSourceType:completionPerformer:completion:]	
1091e2b98	1091e2b9f	decompiled	chunks/005/functions-000347.c	-[SCSingleLensCameraLensDataProvider fetchLenses:fetchSourceType:]	
1091e2ba0	1091e2ba7	decompiled	chunks/005/functions-000347.c	-[SCSingleLensCameraLensDataProvider fetchLenses:requestTiming:fetchSourceType:]	
1091e2ba8	1091e2baf	decompiled	chunks/005/functions-000347.c	-[SCSingleLensCameraLensDataProvider fetchCachedLenses:fetchSourceType:]	
1091e2bb0	1091e2bb7	decompiled	chunks/005/functions-000347.c	-[SCSingleLensCameraLensDataProvider fetchIconsForLenses:requestTiming:fetchSourceType:]	
1091e2bb8	1091e2bbf	decompiled	chunks/005/functions-000347.c	-[SCSingleLensCameraLensDataProvider cancelDownloads]	
1091e2bc0	1091e2bc7	decompiled	chunks/005/functions-000347.c	-[SCSingleLensCameraLensDataProvider pauseDownloads]	
1091e2bc8	1091e2bcf	decompiled	chunks/005/functions-000347.c	-[SCSingleLensCameraLensDataProvider resumeDownloads]	
1091e2bd0	1091e2bd3	decompiled	chunks/005/functions-000347.c	-[SCSingleLensCameraLensDataProvider fetchMoreLensesIfNeeded]	
1091e2bd4	1091e2bdb	decompiled	chunks/005/functions-000347.c	-[SCSingleLensCameraLensDataProvider suggestedLoadMoreTriggerDistance]	
1091e2bdc	1091e2bdf	decompiled	chunks/005/functions-000347.c	-[SCSingleLensCameraLensDataProvider warmUp]	
1091e2be0	1091e2c33	decompiled	chunks/005/functions-000347.c	-[SCSingleLensCameraLensDataProvider startUpdatingLensData]	
1091e2c34	1091e2c37	decompiled	chunks/005/functions-000347.c	-[SCSingleLensCameraLensDataProvider stopUpdatingLensDataWithToken:]	
1091e2c38	1091e2caf	decompiled	chunks/005/functions-000347.c	-[SCSingleLensCameraLensDataProvider lenses]	
1091e2cb0	1091e2d33	decompiled	chunks/005/functions-000347.c	-[SCSingleLensCameraLensDataProvider lensForId:]	
1091e2d34	1091e2d5b	decompiled	chunks/005/functions-000347.c	-[SCSingleLensCameraLensDataProvider applicableContext]	
1091e2d5c	1091e2d63	decompiled	chunks/005/functions-000347.c	-[SCSingleLensCameraLensDataProvider selectedLens]	
1091e2d64	1091e2d8b	decompiled	chunks/005/functions-000347.c	-[SCSingleLensCameraLensDataProvider originalLens]	
1091e2d8c	1091e2d8f	decompiled	chunks/005/functions-000347.c	-[SCSingleLensCameraLensDataProvider firstApplicableLens]	
1091e2d90	1091e2d93	decompiled	chunks/005/functions-000347.c	-[SCSingleLensCameraLensDataProvider setSelectedLens:]	
1091e2d94	1091e2d97	decompiled	chunks/005/functions-000347.c	-[SCSingleLensCameraLensDataProvider setDevicePosition:]	
1091e2d98	1091e2d9b	decompiled	chunks/005/functions-000347.c	-[SCSingleLensCameraLensDataProvider setStartVisibleIndex:endVisibleIndex:selectedIndex:]	
1091e2d9c	1091e2da3	decompiled	chunks/005/functions-000347.c	-[SCSingleLensCameraLensDataProvider lensUIStateListener]	
1091e2da4	1091e2da7	decompiled	chunks/005/functions-000347.c	-[SCSingleLensCameraLensDataProvider willStartLoadingLens:lensAssets:externalData:fromAsf:lensDataFetcher:]	
1091e2da8	1091e2ecb	decompiled	chunks/005/functions-000347.c	-[SCSingleLensCameraLensDataProvider willStartLoadingContentForLens:fromCache:fromAsf:lensDataFetcher:]	
1091e2ecc	1091e2edb	decompiled	chunks/005/functions-000347.c		
1091e2edc	1091e301f	decompiled	chunks/005/functions-000347.c	-[SCSingleLensCameraLensDataProvider didFinishLoadingContentForLens:contentPath:error:fromCache:fromAsf:lensDataFetcher:]	
1091e3020	1091e3037	decompiled	chunks/005/functions-000347.c		
1091e3038	1091e315b	decompiled	chunks/005/functions-000347.c	-[SCSingleLensCameraLensDataProvider willStartLoadingImageForLens:fromCache:fromAsf:lensDataFetcher:]	
1091e315c	1091e316b	decompiled	chunks/005/functions-000347.c		
1091e316c	1091e32af	decompiled	chunks/005/functions-000347.c	-[SCSingleLensCameraLensDataProvider didFinishLoadingImageForLens:image:error:fromCache:fromAsf:lensDataFetcher:]	
1091e32b0	1091e32c7	decompiled	chunks/005/functions-000347.c		
1091e32c8	1091e32cb	decompiled	chunks/005/functions-000347.c	-[SCSingleLensCameraLensDataProvider willStartLoadingAsset:lens:fromAsf:lensDataFetcher:]	
1091e32cc	1091e32cf	decompiled	chunks/005/functions-000347.c	-[SCSingleLensCameraLensDataProvider didFinishLoadingContentForAsset:lens:content:error:fromAsf:lensDataFetcher:]	
1091e32d0	1091e32d3	decompiled	chunks/005/functions-000347.c	-[SCSingleLensCameraLensDataProvider didFinishLoadingExternalDataForLens:error:fromAsf:lensDataFetcher:]	
1091e32d4	1091e32d7	decompiled	chunks/005/functions-000347.c	-[SCSingleLensCameraLensDataProvider willStartLoadingExternalDataForLens:fromAsf:lensDataFetcher:]	
1091e32d8	1091e32db	decompiled	chunks/005/functions-000347.c	-[SCSingleLensCameraLensDataProvider setPrefetchMode:]	
1091e32dc	1091e33bb	decompiled	chunks/005/functions-000347.c	-[SCSingleLensCameraLensDataProvider updateLens:]	
1091e33bc	1091e3497	decompiled	chunks/005/functions-000347.c	-[SCSingleLensCameraLensDataProvider _observeLensFuture:]	
1091e3498	1091e34f7	decompiled	chunks/005/functions-000347.c		
1091e34f8	1091e34ff	decompiled	chunks/005/functions-000347.c	-[SCSingleLensCameraLensDataProvider showBirthdayReplyLens]	
1091e3500	1091e3507	decompiled	chunks/005/functions-000347.c	-[SCSingleLensCameraLensDataProvider setShowBirthdayReplyLens:]	
1091e3508	1091e354f	decompiled	chunks/005/functions-000347.c	-[SCSingleLensCameraLensDataProvider .cxx_destruct]	
1091e3550	1091e37b3	decompiled	chunks/005/functions-000347.c	-[SCGenericLensDataProviderSortStrategy executeWithLenses:cameraPosition:parameters:]	
1091e37b4	1091e386f	decompiled	chunks/005/functions-000347.c	-[SCLensCameraRollCameraSortStrategy initWithFeatureStateProvider:bundledLensProvider:]	
1091e3870	1091e3a87	decompiled	chunks/005/functions-000347.c	-[SCLensCameraRollCameraSortStrategy executeWithLenses:cameraPosition:parameters:]	
1091e3a88	1091e3ac7	decompiled	chunks/005/functions-000347.c	-[SCLensCameraRollCameraSortStrategy .cxx_destruct]	
1091e3ac8	1091e3b6f	decompiled	chunks/005/functions-000347.c	-[SCLensInsertionSortStrategy initWithBaseSortStartegy:insertedLensProvider:]	
1091e3b70	1091e3c3b	decompiled	chunks/005/functions-000347.c	-[SCLensInsertionSortStrategy executeWithLenses:cameraPosition:parameters:]	
1091e3c3c	1091e3cff	decompiled	chunks/005/functions-000347.c	-[SCLensInsertionSortStrategy _prependSortWithLenses:insertedLenses:cameraPosition:parameters:]	
1091e3d00	1091e3ea7	decompiled	chunks/005/functions-000347.c	-[SCLensInsertionSortStrategy _adjustPositionsWithLenses:injectedIds:]	
1091e3ea8	1091e3ec3	decompiled	chunks/005/functions-000347.c	-[SCLensInsertionSortStrategy _mapLensesToIds:]	
1091e3ec4	1091e3f27	decompiled	chunks/005/functions-000347.c	-[SCLensInsertionSortStrategy _updateLens:absolutePosition:]	
1091e3f28	1091e3fdf	decompiled	chunks/005/functions-000347.c	-[SCLensInsertionSortStrategy _updateLens:absolutePositionOffset:]	
1091e3fe0	1091e400f	decompiled	chunks/005/functions-000347.c	-[SCLensInsertionSortStrategy .cxx_destruct]	
1091e4010	1091e4057	decompiled	chunks/005/functions-000347.c	-[SCLensModularReplyCameraSortStrategy initWithShouldDefineLensSides:]	
1091e4058	1091e4167	decompiled	chunks/005/functions-000347.c	-[SCLensModularReplyCameraSortStrategy executeWithLenses:cameraPosition:parameters:]	
1091e4168	1091e41b3	decompiled	chunks/005/functions-000347.c	-[SCLensNullSortStrategy executeWithLenses:cameraPosition:parameters:]	
1091e41b4	1091e41b7	decompiled	chunks/005/functions-000347.c	-[SCLensUnlockableDataProvider lensUIStateListener]	
1091e41b8	1091e420f	decompiled	chunks/005/functions-000347.c	-[SCLensUnlockableDataProvider willShowLensesWithContext:]	
1091e4210	1091e4267	decompiled	chunks/005/functions-000347.c	-[SCLensUnlockableDataProvider didHideLensesWithContext:]	
1091e4268	1091e4393	decompiled	chunks/005/functions-000347.c	-[SCLensUnlockableDataProvider didUpdateActiveLensOrder:withContext:]	
1091e4394	1091e43e7	decompiled	chunks/005/functions-000347.c		
1091e43e8	1091e4513	decompiled	chunks/005/functions-000347.c	-[SCLensUnlockableDataProvider didActivateLens:withContext:]	
1091e4514	1091e4567	decompiled	chunks/005/functions-000347.c		
1091e4568	1091e45df	decompiled	chunks/005/functions-000347.c	-[SCLensUnlockableDataProvider didSelectLens:withContext:]	
1091e45e0	1091e4657	decompiled	chunks/005/functions-000347.c	-[SCLensUnlockableDataProvider willDisplayLens:withContext:]	
1091e4658	1091e46cf	decompiled	chunks/005/functions-000347.c	-[SCLensUnlockableDataProvider didUpdateDisplayedLens:withContext:]	
1091e46d0	1091e4747	decompiled	chunks/005/functions-000347.c	-[SCLensUnlockableDataProvider didEndDisplayingLens:withContext:]	
1091e4748	1091e47e7	decompiled	chunks/005/functions-000347.c	-[SCLensUnlockableDataProvider didDrawIcon:forLens:atIndex:withContext:]	
1091e47e8	1091e488b	decompiled	chunks/005/functions-000347.c	-[SCLensUnlockableDataProvider lensUnlockableStrategy:didAddLens:]	
1091e488c	1091e48c7	decompiled	chunks/005/functions-000347.c		
1091e48c8	1091e4993	decompiled	chunks/005/functions-000347.c	-[SCLensUnlockableDataProvider lensUnlockableStrategy:didRemoveLens:withError:]	
1091e4994	1091e49d3	decompiled	chunks/005/functions-000347.c		
1091e49d4	1091e4a77	decompiled	chunks/005/functions-000347.c	-[SCLensUnlockableDataProvider lensUnlockableStrategy:didRemoveAllLensesWithError:]	
1091e4a78	1091e4ab3	decompiled	chunks/005/functions-000347.c		
1091e4ab4	1091e4b07	decompiled	chunks/005/functions-000347.c	-[SCLensUnlockableDataProvider forwardInvocation:]	
1091e4b08	1091e4b53	decompiled	chunks/005/functions-000347.c	-[SCLensUnlockableDataProvider methodSignatureForSelector:]	
1091e4b54	1091e4b73	decompiled	chunks/005/functions-000347.c	-[SCLensUnlockableDataProvider delegate]	
1091e4b74	1091e4bcf	decompiled	chunks/005/functions-000347.c	-[SCLensUnlockableDataProvider .cxx_destruct]	
1091e4bd0	1091e4c73	decompiled	chunks/005/functions-000347.c	-[SCLensUnlockableDataProviderFactory lensUnlockableDataProviderWithConfiguration:lenses:prefetchCapacity:delegate:]	
1091e4c74	1091e4da3	decompiled	chunks/005/functions-000347.c	-[SCLensUnlockableDataProviderFactory lensUnlockableMetadaStoreForLenses:]	
1091e4da4	1091e4f7b	decompiled	chunks/005/functions-000347.c	-[SCLensUnlockableDataProviderFactory lensUnlockableDataProviderWithConfiguration:lensMetadataStore:prefetchCapacity:delegate:]	
1091e4f7c	1091e4fd3	decompiled	chunks/005/functions-000347.c		
1091e4fd4	1091e505f	decompiled	chunks/005/functions-000347.c	+[SCLensUnlockableDataProviderFactory _createLensMetadataStoreWithLensesObservable:lensCarouselStudySettings:centralizedDataStore:]	
1091e5060	1091e5443	decompiled	chunks/005/functions-000347.c	+[SCLensUnlockableDataProviderFactory _createDataProviderWithConfiguration:lensMetadataStore:lensDataFetcherFactory:lensRemovalManager:circumstanceEngine:lensDataConfigProvider:lensUserProvider:lensCarouselStudySettings:bundledLensProvider:networkConnectivityMonitor:networkBandwidthEstimator:lensContentCacheProvider:adaptiveLensFetcherFactory:]	
1091e5444	1091e5493	decompiled	chunks/005/functions-000347.c		
1091e5494	1091e55d7	decompiled	chunks/005/functions-000347.c		
1091e55d8	1091e5663	decompiled	chunks/005/functions-000348.c		
1091e5664	1091e5697	decompiled	chunks/005/functions-000348.c	+[SCLensUnlockableDataProviderFactory _createPerformer]	
1091e5698	1091e5797	decompiled	chunks/005/functions-000348.c	-[SCLensUnlockableDataProviderFactory _createStrategyWithMetadataStore:centralizedLensStoreProvider:prefetchCapacity:lensCentralizedStoreNamespace:studySettings:featureAttribution:]	
1091e5798	1091e583b	decompiled	chunks/005/functions-000348.c		
1091e583c	1091e58ef	decompiled	chunks/005/functions-000348.c	-[SCLensUnlockableDataProviderFactory .cxx_destruct]	
1091e58f0	1091e59eb	decompiled	chunks/005/functions-000348.c	-[SCLensUnlockableCentralizedStoreStrategy initWithLensMetadataStore:centralizedDataStore:lensesFilter:featureAttribution:]	
1091e59ec	1091e59f3	decompiled	chunks/005/functions-000348.c	-[SCLensUnlockableCentralizedStoreStrategy lensMetadataStore]	
1091e59f4	1091e5a73	decompiled	chunks/005/functions-000348.c	-[SCLensUnlockableCentralizedStoreStrategy warmUp]	
1091e5a74	1091e5b0f	decompiled	chunks/005/functions-000348.c	-[SCLensUnlockableCentralizedStoreStrategy didSelectLens:]	
1091e5b10	1091e5d7b	decompiled	chunks/005/functions-000348.c	-[SCLensUnlockableCentralizedStoreStrategy _unlockLenses:]	
1091e5d7c	1091e5ddf	decompiled	chunks/005/functions-000348.c		
1091e5de0	1091e601f	decompiled	chunks/005/functions-000348.c	-[SCLensUnlockableCentralizedStoreStrategy _handleUnlockResults:placeholderLenses:]	
1091e6020	1091e6133	decompiled	chunks/005/functions-000348.c	-[SCLensUnlockableCentralizedStoreStrategy _handleUnlockResult:placeholderLenses:lenses:]	
1091e6134	1091e623f	decompiled	chunks/005/functions-000348.c		
1091e6240	1091e6243	decompiled	chunks/005/functions-000348.c		
1091e6244	1091e6303	decompiled	chunks/005/functions-000348.c		
1091e6304	1091e638f	decompiled	chunks/005/functions-000348.c	-[SCLensUnlockableCentralizedStoreStrategy lensIndexInLensesList:lensId:]	
1091e6390	1091e63e7	decompiled	chunks/005/functions-000348.c		
1091e63e8	1091e63eb	decompiled	chunks/005/functions-000348.c	-[SCLensUnlockableCentralizedStoreStrategy didUpdateActiveLensOrder:]	
1091e63ec	1091e644b	decompiled	chunks/005/functions-000348.c	-[SCLensUnlockableCentralizedStoreStrategy _addInProgressLens:]	
1091e644c	1091e64ab	decompiled	chunks/005/functions-000348.c	-[SCLensUnlockableCentralizedStoreStrategy _removeInProgressLens:]	
1091e64ac	1091e6527	decompiled	chunks/005/functions-000348.c	-[SCLensUnlockableCentralizedStoreStrategy _containsInProgressLens:]	
1091e6528	1091e6677	decompiled	chunks/005/functions-000348.c	-[SCLensUnlockableCentralizedStoreStrategy _shouldFetchMetadataForLens:]	
1091e6678	1091e66e7	decompiled	chunks/005/functions-000348.c		
1091e66e8	1091e66ff	decompiled	chunks/005/functions-000348.c	-[SCLensUnlockableCentralizedStoreStrategy delegate]	
1091e6700	1091e670b	decompiled	chunks/005/functions-000348.c	-[SCLensUnlockableCentralizedStoreStrategy setDelegate:]	
1091e670c	1091e675b	decompiled	chunks/005/functions-000348.c	-[SCLensUnlockableCentralizedStoreStrategy .cxx_destruct]	
1091e675c	1091e67a3	decompiled	chunks/005/functions-000348.c	-[SCLensUnlockableCentralzedStoreStrategyLensesFilter initWithPrefetchCapacity:]	
1091e67a4	1091e67ff	decompiled	chunks/005/functions-000348.c	-[SCLensUnlockableCentralzedStoreStrategyLensesFilter lensesToWarmupWithLenses:]	
1091e6800	1091e6933	decompiled	chunks/005/functions-000348.c	-[SCLensUnlockableCentralzedStoreStrategyLensesFilter lensesToUnlockWithLenses:selectedLens:]	
1091e6934	1091e69ab	decompiled	chunks/005/functions-000348.c		
1091e69ac	1091e69b3	decompiled	chunks/005/functions-000348.c	-[SCLensUnlockableDefaultStrategy lensMetadataStore]	
1091e69b4	1091e69bb	decompiled	chunks/005/functions-000348.c	-[SCLensUnlockableDefaultStrategy lensUnlocker]	
1091e69bc	1091e6b67	decompiled	chunks/005/functions-000348.c	-[SCLensUnlockableDefaultStrategy didSelectLens:]	
1091e6b68	1091e6bbb	decompiled	chunks/005/functions-000348.c		
1091e6bbc	1091e6bbf	decompiled	chunks/005/functions-000348.c	-[SCLensUnlockableDefaultStrategy didUpdateActiveLensOrder:]	
1091e6bc0	1091e6c4b	decompiled	chunks/005/functions-000348.c	-[SCLensUnlockableDefaultStrategy _addInProgressLens:]	
1091e6c4c	1091e6c8b	decompiled	chunks/005/functions-000348.c		
1091e6c8c	1091e6d17	decompiled	chunks/005/functions-000348.c	-[SCLensUnlockableDefaultStrategy _removeInProgressLens:]	
1091e6d18	1091e6d57	decompiled	chunks/005/functions-000348.c		
1091e6d58	1091e6e73	decompiled	chunks/005/functions-000348.c	-[SCLensUnlockableDefaultStrategy _containsInProgressLens:]	
1091e6e74	1091e6f9f	decompiled	chunks/005/functions-000348.c	-[SCLensUnlockableDefaultStrategy _shouldFetchMetadataForLens:]	
1091e6fa0	1091e700f	decompiled	chunks/005/functions-000348.c		
1091e7010	1091e7343	decompiled	chunks/005/functions-000348.c	-[SCLensUnlockableDefaultStrategy _handleUnlockResult:placeholderLens:]	
1091e7344	1091e73bb	decompiled	chunks/005/functions-000348.c		
1091e73bc	1091e73d3	decompiled	chunks/005/functions-000348.c	-[SCLensUnlockableDefaultStrategy delegate]	
1091e73d4	1091e742f	decompiled	chunks/005/functions-000348.c	-[SCLensUnlockableDefaultStrategy .cxx_destruct]	
1091e7430	1091e74db	decompiled	chunks/005/functions-000348.c	-[SCLensUnlockableOrderedPrefetchStrategy initWithStrategy:prefetchCapacity:studySettings:]	
1091e74dc	1091e74e3	decompiled	chunks/005/functions-000348.c	-[SCLensUnlockableOrderedPrefetchStrategy setDelegate:]	
1091e74e4	1091e74eb	decompiled	chunks/005/functions-000348.c	-[SCLensUnlockableOrderedPrefetchStrategy delegate]	
1091e74ec	1091e770f	decompiled	chunks/005/functions-000348.c	-[SCLensUnlockableOrderedPrefetchStrategy didSelectLens:]	
1091e7710	1091e773f	decompiled	chunks/005/functions-000348.c	-[SCLensUnlockableOrderedPrefetchStrategy didUpdateActiveLensOrder:]	
1091e7740	1091e7743	decompiled	chunks/005/functions-000348.c	-[SCLensUnlockableOrderedPrefetchStrategy warmUp]	
1091e7744	1091e777f	decompiled	chunks/005/functions-000348.c	-[SCLensUnlockableOrderedPrefetchStrategy .cxx_destruct]	
1091e7780	1091e77f7	decompiled	chunks/005/functions-000348.c		
1091e77f8	1091e78d3	decompiled	chunks/005/functions-000348.c	-[SCLensUnlockablePrefetchStrategy initWithLensMetadataStore:strategy:prefetchCapacity:]	
1091e78d4	1091e79f3	decompiled	chunks/005/functions-000348.c	-[SCLensUnlockablePrefetchStrategy initWithLensMetadataStore:strategy:prefetchCapacity:performer:]	
1091e79f4	1091e79fb	decompiled	chunks/005/functions-000348.c	-[SCLensUnlockablePrefetchStrategy lensMetadataStore]	
1091e79fc	1091e7a03	decompiled	chunks/005/functions-000348.c	-[SCLensUnlockablePrefetchStrategy setDelegate:]	
1091e7a04	1091e7a0b	decompiled	chunks/005/functions-000348.c	-[SCLensUnlockablePrefetchStrategy delegate]	
1091e7a0c	1091e7c5f	decompiled	chunks/005/functions-000348.c	-[SCLensUnlockablePrefetchStrategy didSelectLens:]	
1091e7c60	1091e7c63	decompiled	chunks/005/functions-000348.c	-[SCLensUnlockablePrefetchStrategy didUpdateActiveLensOrder:]	
1091e7c64	1091e7c67	decompiled	chunks/005/functions-000348.c	-[SCLensUnlockablePrefetchStrategy warmUp]	
1091e7c68	1091e7cbb	decompiled	chunks/005/functions-000348.c	-[SCLensUnlockablePrefetchStrategy .cxx_destruct]	
1091e7cbc	1091e7d33	decompiled	chunks/005/functions-000348.c		
1091e7d34	1091e7e87	decompiled	chunks/005/functions-000348.c	+[SCLensUIControllerRestoreStrategy strategyForLensSelection:]	
1091e7e88	1091e7e9f	decompiled	chunks/005/functions-000348.c		
1091e7ea0	1091e7fc7	decompiled	chunks/005/functions-000348.c		
1091e7fc8	1091e7fcb	decompiled	chunks/005/functions-000348.c		
1091e7fcc	1091e801f	decompiled	chunks/005/functions-000348.c	+[SCStudioLensLogger sharedInstance]	
1091e8020	1091e8053	decompiled	chunks/005/functions-000348.c		
1091e8054	1091e8107	decompiled	chunks/005/functions-000348.c	-[SCStudioLensLogger initWithMaxLogCount:]	
1091e8108	1091e8203	decompiled	chunks/005/functions-000348.c	-[SCStudioLensLogger appendLog:]	
1091e8204	1091e8247	decompiled	chunks/005/functions-000348.c		
1091e8248	1091e82ef	decompiled	chunks/005/functions-000348.c	-[SCStudioLensLogger clear]	
1091e82f0	1091e8337	decompiled	chunks/005/functions-000348.c		
1091e8338	1091e833f	decompiled	chunks/005/functions-000348.c	-[SCStudioLensLogger addListener:]	
1091e8340	1091e8347	decompiled	chunks/005/functions-000348.c	-[SCStudioLensLogger removeListener:]	
1091e8348	1091e8443	decompiled	chunks/005/functions-000348.c	-[SCStudioLensLogger _performAppendLogEntry:]	
1091e8444	1091e8453	decompiled	chunks/005/functions-000348.c	-[SCStudioLensLogger _notifyListeners]	
1091e8454	1091e845b	decompiled	chunks/005/functions-000348.c	-[SCStudioLensLogger logs]	
1091e845c	1091e8497	decompiled	chunks/005/functions-000348.c	-[SCStudioLensLogger .cxx_destruct]	
1091e8498	1091e853b	decompiled	chunks/005/functions-000348.c	-[SCStudioLensLogEntry initWithContents:timestamp:]	
1091e853c	1091e85b7	decompiled	chunks/005/functions-000348.c	+[SCStudioLensLogEntry entryWithContents:]	
1091e85b8	1091e85bf	decompiled	chunks/005/functions-000348.c	-[SCStudioLensLogEntry timestamp]	
1091e85c0	1091e85c7	decompiled	chunks/005/functions-000348.c	-[SCStudioLensLogEntry contents]	
1091e85c8	1091e85f7	decompiled	chunks/005/functions-000348.c	-[SCStudioLensLogEntry .cxx_destruct]	
1091e85f8	1091e87c7	decompiled	chunks/005/functions-000348.c		
1091e87c8	1091e89c7	decompiled	chunks/005/functions-000348.c		
1091e89c8	1091e8ad7	decompiled	chunks/005/functions-000348.c	-[SCLensSubPickerLoadingCollectionViewCell initWithFrame:]	
1091e8ad8	1091e8ae7	decompiled	chunks/005/functions-000348.c	-[SCLensSubPickerLoadingCollectionViewCell loadingIndicatorView]	
1091e8ae8	1091e8b27	decompiled	chunks/005/functions-000348.c	-[SCLensSubPickerLoadingCollectionViewCell setLoadingIndicatorView:]	
1091e8b28	1091e8b3b	decompiled	chunks/005/functions-000348.c	-[SCLensSubPickerLoadingCollectionViewCell .cxx_destruct]	
1091e8b3c	1091e8baf	decompiled	chunks/005/functions-000348.c	-[SCLensPopoverView initWithFrame:]	
1091e8bb0	1091e8c23	decompiled	chunks/005/functions-000348.c	-[SCLensPopoverView initWithCoder:]	
1091e8c24	1091e8c8b	decompiled	chunks/005/functions-000348.c	-[SCLensPopoverView setFillColor:]	
1091e8c8c	1091e8cab	decompiled	chunks/005/functions-000348.c	-[SCLensPopoverView setHideArrow:]	
1091e8cac	1091e8d6b	decompiled	chunks/005/functions-000348.c	-[SCLensPopoverView drawRect:]	
1091e8d6c	1091e8f8b	decompiled	chunks/005/functions-000348.c	-[SCLensPopoverView buildContentPath:hideArrow:]	
1091e8f8c	1091e8f9b	decompiled	chunks/005/functions-000348.c	-[SCLensPopoverView fillColor]	
1091e8f9c	1091e8fab	decompiled	chunks/005/functions-000349.c	-[SCLensPopoverView hideArrow]	
1091e8fac	1091e8fbf	decompiled	chunks/005/functions-000349.c	-[SCLensPopoverView .cxx_destruct]	
1091e8fc0	1091e9113	decompiled	chunks/005/functions-000349.c	-[SCLensSubPickerStickyHeaderFlowLayout layoutAttributesForElementsInRect:]	
1091e9114	1091e91a7	decompiled	chunks/005/functions-000349.c		
1091e91a8	1091e91af	decompiled	chunks/005/functions-000349.c	-[SCLensSubPickerStickyHeaderFlowLayout shouldInvalidateLayoutForBoundsChange:]	
1091e91b0	1091e923b	decompiled	chunks/005/functions-000349.c	-[SCLensSubPickerStickyHeaderFlowLayout layoutAttributesForSupplementaryViewOfKind:atIndexPath:]	
1091e923c	1091e92ef	decompiled	chunks/005/functions-000349.c	-[SCLensSubPickerStickyHeaderFlowLayout updateHeaderAttributes:]	
1091e92f0	1091e9423	decompiled	chunks/005/functions-000349.c	-[SCLensSubPickerCollectionView init]	
1091e9424	1091e94f3	decompiled	chunks/005/functions-000349.c	-[SCLensSubPickerCollectionView intrinsicContentSize]	
1091e94f4	1091e97c3	decompiled	chunks/005/functions-000349.c	-[SCLensSubPickerView initWithFrame:collectionViewDelegate:collectionViewDataSource:hideArrow:]	
1091e97c4	1091e982b	decompiled	chunks/005/functions-000349.c		
1091e982c	1091e990f	decompiled	chunks/005/functions-000349.c		
1091e9910	1091e99fb	decompiled	chunks/005/functions-000349.c		
1091e99fc	1091e9aab	decompiled	chunks/005/functions-000349.c	-[SCLensSubPickerView pointInside:view:]	
1091e9aac	1091e9c87	decompiled	chunks/005/functions-000349.c	-[SCLensSubPickerView showAnimated:completion:]	
1091e9c88	1091e9cab	decompiled	chunks/005/functions-000349.c		
1091e9cac	1091e9e8f	decompiled	chunks/005/functions-000349.c	-[SCLensSubPickerView hideAnimated:cleanUpBlock:completion:]	
1091e9e90	1091e9efb	decompiled	chunks/005/functions-000349.c		
1091e9efc	1091e9f07	decompiled	chunks/005/functions-000349.c		
1091e9f08	1091e9f77	decompiled	chunks/005/functions-000349.c	-[SCLensSubPickerView accessibilityElements]	
1091e9f78	1091e9f7f	decompiled	chunks/005/functions-000349.c	-[SCLensSubPickerView isAccessibilityElement]	
1091e9f80	1091e9f8f	decompiled	chunks/005/functions-000349.c	-[SCLensSubPickerView collectionView]	
1091e9f90	1091e9f9f	decompiled	chunks/005/functions-000349.c	-[SCLensSubPickerView popoverView]	
1091e9fa0	1091e9faf	decompiled	chunks/005/functions-000349.c	-[SCLensSubPickerView contentView]	
1091e9fb0	1091e9fbf	decompiled	chunks/005/functions-000349.c	-[SCLensSubPickerView isRunningAppearanceAnimation]	
1091e9fc0	1091e9fcf	decompiled	chunks/005/functions-000349.c	-[SCLensSubPickerView isRunningDismissalAnimation]	
1091e9fd0	1091ea01f	decompiled	chunks/005/functions-000349.c	-[SCLensSubPickerView .cxx_destruct]	
1091ea020	1091ea06f	decompiled	chunks/005/functions-000349.c	-[SCLensStandardMediaPickerResultActivationEvent initWithPickerResultIndex:activated:]	
1091ea070	1091ea093	decompiled	chunks/005/functions-000349.c	-[SCLensStandardMediaPickerResultActivationEvent copyWithZone:]	
1091ea094	1091ea0ef	decompiled	chunks/005/functions-000349.c	-[SCLensStandardMediaPickerResultActivationEvent hash]	
1091ea0f0	1091ea187	decompiled	chunks/005/functions-000349.c	-[SCLensStandardMediaPickerResultActivationEvent isEqual:]	
1091ea188	1091ea18f	decompiled	chunks/005/functions-000349.c	-[SCLensStandardMediaPickerResultActivationEvent pickerResultIndex]	
1091ea190	1091ea197	decompiled	chunks/005/functions-000349.c	-[SCLensStandardMediaPickerResultActivationEvent activated]	
1091ea198	1091ea1e7	decompiled	chunks/005/functions-000349.c	-[SCLensStandardMediaPickerResultSelectionEvent initWithPickerResultIndex:selected:]	
1091ea1e8	1091ea20b	decompiled	chunks/005/functions-000349.c	-[SCLensStandardMediaPickerResultSelectionEvent copyWithZone:]	
1091ea20c	1091ea267	decompiled	chunks/005/functions-000349.c	-[SCLensStandardMediaPickerResultSelectionEvent hash]	
1091ea268	1091ea2ff	decompiled	chunks/005/functions-000349.c	-[SCLensStandardMediaPickerResultSelectionEvent isEqual:]	
1091ea300	1091ea307	decompiled	chunks/005/functions-000349.c	-[SCLensStandardMediaPickerResultSelectionEvent pickerResultIndex]	
1091ea308	1091ea30f	decompiled	chunks/005/functions-000349.c	-[SCLensStandardMediaPickerResultSelectionEvent selected]	
1091ea310	1091ea437	decompiled	chunks/005/functions-000349.c	-[SCLensSideButtonHoliday initWithCoder:]	
1091ea438	1091ea56f	decompiled	chunks/005/functions-000349.c	-[SCLensSideButtonHoliday initWithName:startDate:endDate:iconUrl:countryCodes:]	
1091ea570	1091ea593	decompiled	chunks/005/functions-000349.c	-[SCLensSideButtonHoliday copyWithZone:]	
1091ea594	1091ea62f	decompiled	chunks/005/functions-000349.c	-[SCLensSideButtonHoliday encodeWithCoder:]	
1091ea630	1091ea6c7	decompiled	chunks/005/functions-000349.c	-[SCLensSideButtonHoliday hash]	
1091ea6c8	1091ea7b7	decompiled	chunks/005/functions-000349.c	-[SCLensSideButtonHoliday isEqual:]	
1091ea7b8	1091ea7bf	decompiled	chunks/005/functions-000349.c	-[SCLensSideButtonHoliday name]	
1091ea7c0	1091ea7c7	decompiled	chunks/005/functions-000349.c	-[SCLensSideButtonHoliday startDate]	
1091ea7c8	1091ea7cf	decompiled	chunks/005/functions-000349.c	-[SCLensSideButtonHoliday endDate]	
1091ea7d0	1091ea7d7	decompiled	chunks/005/functions-000349.c	-[SCLensSideButtonHoliday iconUrl]	
1091ea7d8	1091ea7df	decompiled	chunks/005/functions-000349.c	-[SCLensSideButtonHoliday countryCodes]	
1091ea7e0	1091ea833	decompiled	chunks/005/functions-000349.c	-[SCLensSideButtonHoliday .cxx_destruct]	
1091ea834	1091ea8e3	decompiled	chunks/005/functions-000349.c	-[SCLensSideButtonHolidayIcon initWithCoder:]	
1091ea8e4	1091ea98f	decompiled	chunks/005/functions-000349.c	-[SCLensSideButtonHolidayIcon initWithHoliday:image:]	
1091ea990	1091ea9b3	decompiled	chunks/005/functions-000349.c	-[SCLensSideButtonHolidayIcon copyWithZone:]	
1091ea9b4	1091eaa13	decompiled	chunks/005/functions-000349.c	-[SCLensSideButtonHolidayIcon encodeWithCoder:]	
1091eaa14	1091eaa87	decompiled	chunks/005/functions-000349.c	-[SCLensSideButtonHolidayIcon hash]	
1091eaa88	1091eab2f	decompiled	chunks/005/functions-000349.c	-[SCLensSideButtonHolidayIcon isEqual:]	
1091eab30	1091eab37	decompiled	chunks/005/functions-000349.c	-[SCLensSideButtonHolidayIcon holiday]	
1091eab38	1091eab3f	decompiled	chunks/005/functions-000349.c	-[SCLensSideButtonHolidayIcon image]	
1091eab40	1091eab6f	decompiled	chunks/005/functions-000349.c	-[SCLensSideButtonHolidayIcon .cxx_destruct]	
1091eab70	1091eaceb	decompiled	chunks/005/functions-000349.c	-[SCStudioLensLoggerListenerAnnouncer description]	
1091eacec	1091ead4b	decompiled	chunks/005/functions-000349.c		
1091ead4c	1091eaff7	decompiled	chunks/005/functions-000349.c	-[SCStudioLensLoggerListenerAnnouncer addListener:]	
1091eaff8	1091eb137	decompiled	chunks/005/functions-000349.c		
1091eb138	1091eb17f	decompiled	chunks/005/functions-000349.c		
1091eb180	1091eb3af	decompiled	chunks/005/functions-000349.c	-[SCStudioLensLoggerListenerAnnouncer removeListener:]	
1091eb3b0	1091eb4bb	decompiled	chunks/005/functions-000349.c	-[SCStudioLensLoggerListenerAnnouncer studioLensLogger:didUpdateLogs:]	
1091eb4bc	1091eb4e3	decompiled	chunks/005/functions-000349.c	-[SCStudioLensLoggerListenerAnnouncer .cxx_destruct]	
1091eb4e4	1091eb503	decompiled	chunks/005/functions-000349.c	-[SCStudioLensLoggerListenerAnnouncer .cxx_construct]	
1091eb504	1091eb517	decompiled	chunks/005/functions-000349.c		
1091eb518	1091eb56f	decompiled	chunks/005/functions-000349.c		
1091eb570	1091eb57f	decompiled	chunks/005/functions-000349.c		
1091eb580	1091eb59f	decompiled	chunks/005/functions-000349.c		
1091eb5a0	1091eb607	decompiled	chunks/005/functions-000349.c		
1091eb608	1091eb60b	decompiled	chunks/005/functions-000349.c		
1091eb60c	1091eb787	decompiled	chunks/005/functions-000349.c	-[SCLensDataProviderRegistryUpdateListenerAnnouncer description]	
1091eb788	1091eba33	decompiled	chunks/005/functions-000349.c	-[SCLensDataProviderRegistryUpdateListenerAnnouncer addListener:]	
1091eba34	1091ebb73	decompiled	chunks/005/functions-000349.c		
1091ebb74	1091ebbbb	decompiled	chunks/005/functions-000349.c		
1091ebbbc	1091ebdeb	decompiled	chunks/005/functions-000349.c	-[SCLensDataProviderRegistryUpdateListenerAnnouncer removeListener:]	
1091ebdec	1091ebe13	decompiled	chunks/005/functions-000349.c	-[SCLensDataProviderRegistryUpdateListenerAnnouncer .cxx_destruct]	
1091ebe14	1091ebe27	decompiled	chunks/005/functions-000349.c		
1091ebe28	1091ebe7f	decompiled	chunks/005/functions-000349.c		
1091ebe80	1091ebe8f	decompiled	chunks/005/functions-000349.c		
1091ebe90	1091ebeaf	decompiled	chunks/005/functions-000349.c		
1091ebeb0	1091ebf17	decompiled	chunks/005/functions-000349.c		
1091ebf18	1091ebf1b	decompiled	chunks/005/functions-000349.c		
1091ebf1c	1091ec097	decompiled	chunks/005/functions-000349.c		
1091ec098	1091ec293	decompiled	chunks/005/functions-000349.c		
1091ec294	1091ec3ab	decompiled	chunks/005/functions-000349.c		
1091ec3ac	1091ec3d3	decompiled	chunks/005/functions-000349.c		
1091ec3d4	1091ec5bb	decompiled	chunks/005/functions-000349.c	-[SCLensCarouselCellViewModel initWithLens:lensIconRepository:layoutProvider:contentUpdateObservable:lensStatusCheckBlock:overlayProvider:]	
1091ec5bc	1091ec5e3	decompiled	chunks/005/functions-000349.c	-[SCLensCarouselCellViewModel associatedModel]	
1091ec5e4	1091ec5eb	decompiled	chunks/005/functions-000349.c	-[SCLensCarouselCellViewModel itemIdentifier]	
1091ec5ec	1091ec6e7	decompiled	chunks/005/functions-000349.c	-[SCLensCarouselCellViewModel icon]	
1091ec6e8	1091ec737	decompiled	chunks/005/functions-000349.c	-[SCLensCarouselCellViewModel iconOverlay]	
1091ec738	1091ec73b	decompiled	chunks/005/functions-000349.c	-[SCLensCarouselCellViewModel lensStatus]	
1091ec73c	1091ec74f	decompiled	chunks/005/functions-000349.c	-[SCLensCarouselCellViewModel _lensStatus]	
1091ec750	1091ec8df	decompiled	chunks/005/functions-000349.c	-[SCLensCarouselCellViewModel layout]	
1091ec8e0	1091ec8e7	decompiled	chunks/005/functions-000349.c	-[SCLensCarouselCellViewModel shouldAvoidSelection]	
