address	end_address	status	pseudocode_file	runtime_label	error
1091a3274	1091a327f	decompiled	chunks/005/functions-000330.c	-[SCLensProcessingSharedServices setRenderTarget:]	
1091a3280	1091a331f	decompiled	chunks/005/functions-000330.c	-[SCLensProcessingSharedServices .cxx_destruct]	
1091a3320	1091a3393	decompiled	chunks/005/functions-000330.c	-[SCOnDeviceMLModelsPreloadingServices initWithMLModelsPreloader:]	
1091a3394	1091a339b	decompiled	chunks/005/functions-000330.c	-[SCOnDeviceMLModelsPreloadingServices mlModelsPreloader]	
1091a339c	1091a33a7	decompiled	chunks/005/functions-000330.c	-[SCOnDeviceMLModelsPreloadingServices .cxx_destruct]	
1091a33a8	1091a33af	decompiled	chunks/005/functions-000330.c	-[SCLensUserDataProviderServices lensUserDataProvider]	
1091a33b0	1091a33df	decompiled	chunks/005/functions-000330.c	-[SCLensUserDataProviderServices setLensUserDataProvider:]	
1091a33e0	1091a33eb	decompiled	chunks/005/functions-000330.c	-[SCLensUserDataProviderServices .cxx_destruct]	
1091a33ec	1091a3457	decompiled	chunks/005/functions-000330.c	-[SCLensGamesRPCServices initWithLensGamesRPCHandler:]	
1091a3458	1091a345f	decompiled	chunks/005/functions-000330.c	-[SCLensGamesRPCServices lensGamesRPCHandler]	
1091a3460	1091a348f	decompiled	chunks/005/functions-000330.c	-[SCLensGamesRPCServices setLensGamesRPCHandler:]	
1091a3490	1091a349b	decompiled	chunks/005/functions-000330.c	-[SCLensGamesRPCServices .cxx_destruct]	
1091a349c	1091a34a3	decompiled	chunks/005/functions-000330.c	-[SCInLensCreationDataServices textProvider]	
1091a34a4	1091a34ab	decompiled	chunks/005/functions-000330.c	-[SCInLensCreationDataServices textDelegate]	
1091a34ac	1091a34b3	decompiled	chunks/005/functions-000330.c	-[SCInLensCreationDataServices visibilityProvider]	
1091a34b4	1091a34bb	decompiled	chunks/005/functions-000330.c	-[SCInLensCreationDataServices visibilityDelegate]	
1091a34bc	1091a34c3	decompiled	chunks/005/functions-000330.c	-[SCInLensCreationDataServices clientEventsProvider]	
1091a34c4	1091a34cb	decompiled	chunks/005/functions-000330.c	-[SCInLensCreationDataServices clientEventsDelegate]	
1091a34cc	1091a34d3	decompiled	chunks/005/functions-000330.c	-[SCInLensCreationDataServices activeStateProvider]	
1091a34d4	1091a34db	decompiled	chunks/005/functions-000330.c	-[SCInLensCreationDataServices activeStateDelegate]	
1091a34dc	1091a355f	decompiled	chunks/005/functions-000330.c	-[SCInLensCreationDataServices .cxx_destruct]	
1091a3560	1091a35f7	decompiled	chunks/005/functions-000330.c	-[SCInLensCreationActiveStateEvent initWithLensId:uiState:scaleFactor:]	
1091a35f8	1091a361b	decompiled	chunks/005/functions-000330.c	-[SCInLensCreationActiveStateEvent copyWithZone:]	
1091a361c	1091a36b3	decompiled	chunks/005/functions-000330.c	-[SCInLensCreationActiveStateEvent hash]	
1091a36b4	1091a3787	decompiled	chunks/005/functions-000330.c	-[SCInLensCreationActiveStateEvent isEqual:]	
1091a3788	1091a378f	decompiled	chunks/005/functions-000330.c	-[SCInLensCreationActiveStateEvent lensId]	
1091a3790	1091a3797	decompiled	chunks/005/functions-000330.c	-[SCInLensCreationActiveStateEvent uiState]	
1091a3798	1091a379f	decompiled	chunks/005/functions-000330.c	-[SCInLensCreationActiveStateEvent scaleFactor]	
1091a37a0	1091a37ab	decompiled	chunks/005/functions-000330.c	-[SCInLensCreationActiveStateEvent .cxx_destruct]	
1091a37ac	1091a3917	decompiled	chunks/005/functions-000330.c	-[SCInLensCreationCustomizationAnalyticsMetadata initWithIndex:tabType:customizationType:isFavorited:lensSource:preferredLensSessionBaseId:]	
1091a3918	1091a393b	decompiled	chunks/005/functions-000330.c	-[SCInLensCreationCustomizationAnalyticsMetadata copyWithZone:]	
1091a393c	1091a39df	decompiled	chunks/005/functions-000330.c	-[SCInLensCreationCustomizationAnalyticsMetadata hash]	
1091a39e0	1091a3ae7	decompiled	chunks/005/functions-000330.c	-[SCInLensCreationCustomizationAnalyticsMetadata isEqual:]	
1091a3ae8	1091a3aef	decompiled	chunks/005/functions-000330.c	-[SCInLensCreationCustomizationAnalyticsMetadata index]	
1091a3af0	1091a3af7	decompiled	chunks/005/functions-000330.c	-[SCInLensCreationCustomizationAnalyticsMetadata tabType]	
1091a3af8	1091a3aff	decompiled	chunks/005/functions-000330.c	-[SCInLensCreationCustomizationAnalyticsMetadata customizationType]	
1091a3b00	1091a3b07	decompiled	chunks/005/functions-000330.c	-[SCInLensCreationCustomizationAnalyticsMetadata isFavorited]	
1091a3b08	1091a3b0f	decompiled	chunks/005/functions-000330.c	-[SCInLensCreationCustomizationAnalyticsMetadata lensSource]	
1091a3b10	1091a3b17	decompiled	chunks/005/functions-000330.c	-[SCInLensCreationCustomizationAnalyticsMetadata preferredLensSessionBaseId]	
1091a3b18	1091a3b77	decompiled	chunks/005/functions-000330.c	-[SCInLensCreationCustomizationAnalyticsMetadata .cxx_destruct]	
1091a3b78	1091a3d1b	decompiled	chunks/005/functions-000330.c	-[SCInLensCreationCustomizationChangedEvent initWithBody:customizationId:previewText:promptSource:tabId:promptType:mentions:analyticsMetadata:]	
1091a3d1c	1091a3d3f	decompiled	chunks/005/functions-000330.c	-[SCInLensCreationCustomizationChangedEvent copyWithZone:]	
1091a3d40	1091a3dfb	decompiled	chunks/005/functions-000330.c	-[SCInLensCreationCustomizationChangedEvent hash]	
1091a3dfc	1091a3f2b	decompiled	chunks/005/functions-000330.c	-[SCInLensCreationCustomizationChangedEvent isEqual:]	
1091a3f2c	1091a3f33	decompiled	chunks/005/functions-000330.c	-[SCInLensCreationCustomizationChangedEvent body]	
1091a3f34	1091a3f3b	decompiled	chunks/005/functions-000330.c	-[SCInLensCreationCustomizationChangedEvent customizationId]	
1091a3f3c	1091a3f43	decompiled	chunks/005/functions-000330.c	-[SCInLensCreationCustomizationChangedEvent previewText]	
1091a3f44	1091a3f4b	decompiled	chunks/005/functions-000330.c	-[SCInLensCreationCustomizationChangedEvent promptSource]	
1091a3f4c	1091a3f53	decompiled	chunks/005/functions-000330.c	-[SCInLensCreationCustomizationChangedEvent tabId]	
1091a3f54	1091a3f5b	decompiled	chunks/005/functions-000330.c	-[SCInLensCreationCustomizationChangedEvent promptType]	
1091a3f5c	1091a3f63	decompiled	chunks/005/functions-000330.c	-[SCInLensCreationCustomizationChangedEvent mentions]	
1091a3f64	1091a3f6b	decompiled	chunks/005/functions-000330.c	-[SCInLensCreationCustomizationChangedEvent analyticsMetadata]	
1091a3f6c	1091a3fd7	decompiled	chunks/005/functions-000330.c	-[SCInLensCreationCustomizationChangedEvent .cxx_destruct]	
1091a3fd8	1091a404f	decompiled	chunks/005/functions-000330.c	-[SCInLensCreationShowKeyboardEvent initWithLensId:]	
1091a4050	1091a4073	decompiled	chunks/005/functions-000330.c	-[SCInLensCreationShowKeyboardEvent copyWithZone:]	
1091a4074	1091a407b	decompiled	chunks/005/functions-000330.c	-[SCInLensCreationShowKeyboardEvent hash]	
1091a407c	1091a410b	decompiled	chunks/005/functions-000330.c	-[SCInLensCreationShowKeyboardEvent isEqual:]	
1091a410c	1091a4113	decompiled	chunks/005/functions-000330.c	-[SCInLensCreationShowKeyboardEvent lensId]	
1091a4114	1091a411f	decompiled	chunks/005/functions-000330.c	-[SCInLensCreationShowKeyboardEvent .cxx_destruct]	
1091a4120	1091a41a7	decompiled	chunks/005/functions-000330.c	-[SCInLensCreationCTAButtonVisibilityEvent initWithLensId:shouldHide:]	
1091a41a8	1091a41cb	decompiled	chunks/005/functions-000330.c	-[SCInLensCreationCTAButtonVisibilityEvent copyWithZone:]	
1091a41cc	1091a4237	decompiled	chunks/005/functions-000330.c	-[SCInLensCreationCTAButtonVisibilityEvent hash]	
1091a4238	1091a42d7	decompiled	chunks/005/functions-000330.c	-[SCInLensCreationCTAButtonVisibilityEvent isEqual:]	
1091a42d8	1091a42df	decompiled	chunks/005/functions-000330.c	-[SCInLensCreationCTAButtonVisibilityEvent lensId]	
1091a42e0	1091a42e7	decompiled	chunks/005/functions-000330.c	-[SCInLensCreationCTAButtonVisibilityEvent shouldHide]	
1091a42e8	1091a42f3	decompiled	chunks/005/functions-000330.c	-[SCInLensCreationCTAButtonVisibilityEvent .cxx_destruct]	
1091a42f4	1091a436b	decompiled	chunks/005/functions-000330.c	-[SCInLensCreationTriggerRandomizationEvent initWithLensId:]	
1091a436c	1091a438f	decompiled	chunks/005/functions-000330.c	-[SCInLensCreationTriggerRandomizationEvent copyWithZone:]	
1091a4390	1091a4397	decompiled	chunks/005/functions-000330.c	-[SCInLensCreationTriggerRandomizationEvent hash]	
1091a4398	1091a4427	decompiled	chunks/005/functions-000330.c	-[SCInLensCreationTriggerRandomizationEvent isEqual:]	
1091a4428	1091a442f	decompiled	chunks/005/functions-000330.c	-[SCInLensCreationTriggerRandomizationEvent lensId]	
1091a4430	1091a443b	decompiled	chunks/005/functions-000330.c	-[SCInLensCreationTriggerRandomizationEvent .cxx_destruct]	
1091a443c	1091a4483	decompiled	chunks/005/functions-000330.c	+[SCInLensCreationClientEventType generate]	
1091a4484	1091a44a7	decompiled	chunks/005/functions-000330.c	-[SCInLensCreationClientEventType copyWithZone:]	
1091a44a8	1091a44af	decompiled	chunks/005/functions-000330.c	-[SCInLensCreationClientEventType hash]	
1091a44b0	1091a44f3	decompiled	chunks/005/functions-000330.c	-[SCInLensCreationClientEventType internalInit]	
1091a44f4	1091a457b	decompiled	chunks/005/functions-000330.c	-[SCInLensCreationClientEventType isEqual:]	
1091a457c	1091a4597	decompiled	chunks/005/functions-000330.c	-[SCInLensCreationClientEventType matchGenerate:]	
1091a4598	1091a4643	decompiled	chunks/005/functions-000330.c	-[SCInLensCreationClientEvent initWithLensId:eventType:]	
1091a4644	1091a4667	decompiled	chunks/005/functions-000330.c	-[SCInLensCreationClientEvent copyWithZone:]	
1091a4668	1091a46db	decompiled	chunks/005/functions-000330.c	-[SCInLensCreationClientEvent hash]	
1091a46dc	1091a4783	decompiled	chunks/005/functions-000330.c	-[SCInLensCreationClientEvent isEqual:]	
1091a4784	1091a478b	decompiled	chunks/005/functions-000330.c	-[SCInLensCreationClientEvent lensId]	
1091a478c	1091a4793	decompiled	chunks/005/functions-000330.c	-[SCInLensCreationClientEvent eventType]	
1091a4794	1091a47c3	decompiled	chunks/005/functions-000330.c	-[SCInLensCreationClientEvent .cxx_destruct]	
1091a47c4	1091a486f	decompiled	chunks/005/functions-000330.c	-[SCInLensCreationDataMention initWithUserId:username:]	
1091a4870	1091a4893	decompiled	chunks/005/functions-000330.c	-[SCInLensCreationDataMention copyWithZone:]	
1091a4894	1091a4907	decompiled	chunks/005/functions-000330.c	-[SCInLensCreationDataMention hash]	
1091a4908	1091a49af	decompiled	chunks/005/functions-000330.c	-[SCInLensCreationDataMention isEqual:]	
1091a49b0	1091a49b7	decompiled	chunks/005/functions-000330.c	-[SCInLensCreationDataMention userId]	
1091a49b8	1091a49bf	decompiled	chunks/005/functions-000330.c	-[SCInLensCreationDataMention username]	
1091a49c0	1091a49ef	decompiled	chunks/005/functions-000330.c	-[SCInLensCreationDataMention .cxx_destruct]	
1091a49f0	1091a4a8b	decompiled	chunks/005/functions-000330.c	-[SCInLensCreationImaginePageControlsConfiguration initWithShowRandomizationButton:ctaButtonType:placeholderType:startWithEmptyTextInput:forbidGenerationWithEmptyTextInput:usesFloatingInputBar:visualTrayUnderPreview:startWithTrendingListOpen:disableViewportTapToGenerate:generateOnTapOnVisualPrompt:]	
1091a4a8c	1091a4aaf	decompiled	chunks/005/functions-000330.c	-[SCInLensCreationImaginePageControlsConfiguration copyWithZone:]	
1091a4ab0	1091a4b4f	decompiled	chunks/005/functions-000330.c	-[SCInLensCreationImaginePageControlsConfiguration hash]	
1091a4b50	1091a4c67	decompiled	chunks/005/functions-000330.c	-[SCInLensCreationImaginePageControlsConfiguration isEqual:]	
1091a4c68	1091a4c6f	decompiled	chunks/005/functions-000330.c	-[SCInLensCreationImaginePageControlsConfiguration showRandomizationButton]	
1091a4c70	1091a4c77	decompiled	chunks/005/functions-000330.c	-[SCInLensCreationImaginePageControlsConfiguration ctaButtonType]	
1091a4c78	1091a4c7f	decompiled	chunks/005/functions-000330.c	-[SCInLensCreationImaginePageControlsConfiguration placeholderType]	
1091a4c80	1091a4c87	decompiled	chunks/005/functions-000330.c	-[SCInLensCreationImaginePageControlsConfiguration startWithEmptyTextInput]	
1091a4c88	1091a4c8f	decompiled	chunks/005/functions-000331.c	-[SCInLensCreationImaginePageControlsConfiguration forbidGenerationWithEmptyTextInput]	
1091a4c90	1091a4c97	decompiled	chunks/005/functions-000331.c	-[SCInLensCreationImaginePageControlsConfiguration usesFloatingInputBar]	
1091a4c98	1091a4c9f	decompiled	chunks/005/functions-000331.c	-[SCInLensCreationImaginePageControlsConfiguration visualTrayUnderPreview]	
1091a4ca0	1091a4ca7	decompiled	chunks/005/functions-000331.c	-[SCInLensCreationImaginePageControlsConfiguration startWithTrendingListOpen]	
1091a4ca8	1091a4caf	decompiled	chunks/005/functions-000331.c	-[SCInLensCreationImaginePageControlsConfiguration disableViewportTapToGenerate]	
1091a4cb0	1091a4cb7	decompiled	chunks/005/functions-000331.c	-[SCInLensCreationImaginePageControlsConfiguration generateOnTapOnVisualPrompt]	
1091a4cb8	1091a4cc3	decompiled	chunks/005/functions-000331.c	-[SCLegacyLensTooltipsServices .cxx_destruct]	
1091a4cc4	1091a4ccf	decompiled	chunks/005/functions-000331.c	-[SCLensInfoCardVisibilityServices .cxx_destruct]	
1091a4cd0	1091a4cdb	decompiled	chunks/005/functions-000331.c	-[SCLensExplorerBadgeServices .cxx_destruct]	
1091a4cdc	1091a4ce7	decompiled	chunks/005/functions-000331.c	-[SCLensMediaDownloaderServices .cxx_destruct]	
1091a4ce8	1091a4d6f	decompiled	chunks/005/functions-000331.c	-[SCLensMediaContentResult initWithContent:isFromCache:]	
1091a4d70	1091a4d93	decompiled	chunks/005/functions-000331.c	-[SCLensMediaContentResult copyWithZone:]	
1091a4d94	1091a4dff	decompiled	chunks/005/functions-000331.c	-[SCLensMediaContentResult hash]	
1091a4e00	1091a4e9f	decompiled	chunks/005/functions-000331.c	-[SCLensMediaContentResult isEqual:]	
1091a4ea0	1091a4ea7	decompiled	chunks/005/functions-000331.c	-[SCLensMediaContentResult content]	
1091a4ea8	1091a4eaf	decompiled	chunks/005/functions-000331.c	-[SCLensMediaContentResult isFromCache]	
1091a4eb0	1091a4ebb	decompiled	chunks/005/functions-000331.c	-[SCLensMediaContentResult .cxx_destruct]	
1091a4ebc	1091a4ec3	decompiled	chunks/005/functions-000331.c	-[SCLensFavoritesLoggingServices lensFavoritesButtonLogger]	
1091a4ec4	1091a4ecf	decompiled	chunks/005/functions-000331.c	-[SCLensFavoritesLoggingServices .cxx_destruct]	
1091a4ed0	1091a5007	decompiled	chunks/005/functions-000331.c	-[SCLensFavoritesLoggingLensInfo initWithLensId:rankingRequestId:rankingRequestInfo:adId:adServeItemId:]	
1091a5008	1091a502b	decompiled	chunks/005/functions-000331.c	-[SCLensFavoritesLoggingLensInfo copyWithZone:]	
1091a502c	1091a50c3	decompiled	chunks/005/functions-000331.c	-[SCLensFavoritesLoggingLensInfo hash]	
1091a50c4	1091a51b3	decompiled	chunks/005/functions-000331.c	-[SCLensFavoritesLoggingLensInfo isEqual:]	
1091a51b4	1091a51bb	decompiled	chunks/005/functions-000331.c	-[SCLensFavoritesLoggingLensInfo lensId]	
1091a51bc	1091a51c3	decompiled	chunks/005/functions-000331.c	-[SCLensFavoritesLoggingLensInfo rankingRequestId]	
1091a51c4	1091a51cb	decompiled	chunks/005/functions-000331.c	-[SCLensFavoritesLoggingLensInfo rankingRequestInfo]	
1091a51cc	1091a51d3	decompiled	chunks/005/functions-000331.c	-[SCLensFavoritesLoggingLensInfo adId]	
1091a51d4	1091a51db	decompiled	chunks/005/functions-000331.c	-[SCLensFavoritesLoggingLensInfo adServeItemId]	
1091a51dc	1091a522f	decompiled	chunks/005/functions-000331.c	-[SCLensFavoritesLoggingLensInfo .cxx_destruct]	
1091a5230	1091a5237	decompiled	chunks/005/functions-000331.c	-[SCLensPromptLoggingServices promptLogger]	
1091a5238	1091a5267	decompiled	chunks/005/functions-000331.c	-[SCLensPromptLoggingServices .cxx_destruct]	
1091a5268	1091a52db	decompiled	chunks/005/functions-000331.c	-[SCLensRemoteApiLoggingServices initWithLensRemoteApiLogger:]	
1091a52dc	1091a52e3	decompiled	chunks/005/functions-000331.c	-[SCLensRemoteApiLoggingServices lensRemoteApiLogger]	
1091a52e4	1091a52ef	decompiled	chunks/005/functions-000331.c	-[SCLensRemoteApiLoggingServices .cxx_destruct]	
1091a52f0	1091a5363	decompiled	chunks/005/functions-000331.c	-[SCLensRemoteMediaServices initWithCoordinator:]	
1091a5364	1091a536b	decompiled	chunks/005/functions-000331.c	-[SCLensRemoteMediaServices coordinator]	
1091a536c	1091a5377	decompiled	chunks/005/functions-000331.c	-[SCLensRemoteMediaServices .cxx_destruct]	
1091a5378	1091a588b	decompiled	chunks/005/functions-000331.c	-[SCAlwaysOnMediaPickerCameraEntryPoint begin]	
1091a588c	1091a58bb	decompiled	chunks/005/functions-000331.c		
1091a58bc	1091a5963	decompiled	chunks/005/functions-000331.c	-[SCAlwaysOnMediaPickerCameraEntryPoint end]	
1091a5964	1091a5ac3	decompiled	chunks/005/functions-000331.c	-[SCAlwaysOnMediaPickerCameraEntryPoint .cxx_destruct]	
1091a5ac4	1091a5b43	decompiled	chunks/005/functions-000331.c	-[SCLensCarouselFeatureProviderPluginEntryPoint .cxx_destruct]	
1091a5b44	1091a5c2b	decompiled	chunks/005/functions-000331.c	-[SCLensPhotoPickerEntryPoint begin]	
1091a5c2c	1091a5c9b	decompiled	chunks/005/functions-000331.c		
1091a5c9c	1091a5d37	decompiled	chunks/005/functions-000331.c	-[SCLensPhotoPickerEntryPoint end]	
1091a5d38	1091a63ef	decompiled	chunks/005/functions-000331.c	-[SCLensPhotoPickerEntryPoint _setupPhotoPickerWithManagedCapturerStateCoordinator:]	
1091a63f0	1091a63f7	decompiled	chunks/005/functions-000331.c		
1091a63f8	1091a6567	decompiled	chunks/005/functions-000331.c		
1091a6568	1091a65ef	decompiled	chunks/005/functions-000331.c		
1091a65f0	1091a66b7	decompiled	chunks/005/functions-000331.c		
1091a66b8	1091a67b3	decompiled	chunks/005/functions-000331.c	-[SCLensPhotoPickerEntryPoint .cxx_destruct]	
1091a67b4	1091a67bf	decompiled	chunks/005/functions-000331.c	-[SCLensAuthDataProviderServices .cxx_destruct]	
1091a67c0	1091a6c4f	decompiled	chunks/005/functions-000331.c	-[SCLensAuthPrefetchServiceProvider _startPrefetchFromRegistrationScreen]	
1091a6c50	1091a6c73	decompiled	chunks/005/functions-000331.c		
1091a6c74	1091a6d1b	decompiled	chunks/005/functions-000331.c		
1091a6d1c	1091a6d67	decompiled	chunks/005/functions-000331.c		
1091a6d68	1091a6e57	decompiled	chunks/005/functions-000331.c	-[SCLensAuthPrefetchServiceProvider _mainSortStrategyWithBundledLensProvider:placement:]	
1091a6e58	1091a6eb3	decompiled	chunks/005/functions-000331.c		
1091a6eb4	1091a6f6f	decompiled	chunks/005/functions-000331.c	-[SCLensAuthPrefetchServiceProvider .cxx_destruct]	
1091a6f70	1091a6f7b	decompiled	chunks/005/functions-000331.c		
1091a6f7c	1091a6fbf	decompiled	chunks/005/functions-000331.c	-[SCLensCarouselStudySettingsServiceProvider .cxx_destruct]	
1091a6fc0	1091a70a3	decompiled	chunks/005/functions-000331.c	-[SCLensCreatorBlocklistServiceProvider provide]	
1091a70a4	1091a70e3	decompiled	chunks/005/functions-000331.c		
1091a70e4	1091a72ff	decompiled	chunks/005/functions-000331.c	-[SCLensCreatorBlocklistServiceProvider _createLensCreatorBlocklistManager]	
1091a7300	1091a7367	decompiled	chunks/005/functions-000331.c	-[SCLensCreatorBlocklistServiceProvider .cxx_destruct]	
1091a7368	1091a7417	decompiled	chunks/005/functions-000331.c	-[SCLensDataProviderCreatorServiceProvider .cxx_destruct]	
1091a7418	1091a7487	decompiled	chunks/005/functions-000331.c	-[SCLensFetchTypeUpdatingEntryPoint begin]	
1091a7488	1091a74ab	decompiled	chunks/005/functions-000331.c		
1091a74ac	1091a7557	decompiled	chunks/005/functions-000331.c	-[SCLensFetchTypeUpdatingEntryPoint end]	
1091a7558	1091a758f	decompiled	chunks/005/functions-000331.c	-[SCLensFetchTypeUpdatingEntryPoint .cxx_destruct]	
1091a7590	1091a7617	decompiled	chunks/005/functions-000331.c	-[SCLensInMainCameraScopeEntryPoint end]	
1091a7618	1091a769b	decompiled	chunks/005/functions-000331.c		
1091a769c	1091a76fb	decompiled	chunks/005/functions-000331.c		
1091a76fc	1091a77ab	decompiled	chunks/005/functions-000331.c		
1091a77ac	1091a77cf	decompiled	chunks/005/functions-000331.c		
1091a77d0	1091a787f	decompiled	chunks/005/functions-000331.c		
1091a7880	1091a7997	decompiled	chunks/005/functions-000331.c	-[SCLensInMainCameraScopeEntryPoint .cxx_destruct]	
1091a7998	1091a7a67	decompiled	chunks/005/functions-000331.c	-[SCLensInMainCameraStartupCompletedEntryPoint end]	
1091a7a68	1091a7ac3	decompiled	chunks/005/functions-000331.c	-[SCLensInMainCameraStartupCompletedEntryPoint _exposeStartupCompleteScope]	
1091a7ac4	1091a7bc7	decompiled	chunks/005/functions-000331.c	-[SCLensInMainCameraStartupCompletedEntryPoint .cxx_destruct]	
1091a7bc8	1091a7d07	decompiled	chunks/005/functions-000331.c	-[SCLensInPreviewScopeEntryPoint begin]	
1091a7d08	1091a7d47	decompiled	chunks/005/functions-000331.c		
1091a7d48	1091a80b3	decompiled	chunks/005/functions-000331.c	-[SCLensInPreviewScopeEntryPoint _lensCarouselManager]	
1091a80b4	1091a80d7	decompiled	chunks/005/functions-000331.c		
1091a80d8	1091a81b7	decompiled	chunks/005/functions-000331.c	-[SCLensInPreviewScopeEntryPoint _lensFeatureContainerViewFactory]	
1091a81b8	1091a81eb	decompiled	chunks/005/functions-000331.c		
1091a81ec	1091a82d7	decompiled	chunks/005/functions-000331.c	-[SCLensInPreviewScopeEntryPoint _lensCarouselContainerView]	
1091a82d8	1091a83a7	decompiled	chunks/005/functions-000331.c	-[SCLensInPreviewScopeEntryPoint .cxx_destruct]	
1091a83a8	1091a860b	decompiled	chunks/005/functions-000331.c	-[SCLensInReplyCameraScopeEntryPoint begin]	
1091a860c	1091a864b	decompiled	chunks/005/functions-000331.c		
1091a864c	1091a8653	decompiled	chunks/005/functions-000331.c		
1091a8654	1091a8677	decompiled	chunks/005/functions-000331.c		
1091a8678	1091a8683	decompiled	chunks/005/functions-000331.c		
1091a8684	1091a8713	decompiled	chunks/005/functions-000331.c	-[SCLensInReplyCameraScopeEntryPoint _setupReplyConfiguration]	
1091a8714	1091a8afb	decompiled	chunks/005/functions-000331.c	-[SCLensInReplyCameraScopeEntryPoint _lensCarouselManager]	
1091a8afc	1091a8b1f	decompiled	chunks/005/functions-000331.c		
1091a8b20	1091a8cf7	decompiled	chunks/005/functions-000331.c	-[SCLensInReplyCameraScopeEntryPoint _lensFeatureContainerViewFactory]	
1091a8cf8	1091a8ddf	decompiled	chunks/005/functions-000331.c	-[SCLensInReplyCameraScopeEntryPoint _featureContainerView]	
1091a8de0	1091a8e3f	decompiled	chunks/005/functions-000331.c		
1091a8e40	1091a8f27	decompiled	chunks/005/functions-000331.c	-[SCLensInReplyCameraScopeEntryPoint _lensCarouselContainerView]	
1091a8f28	1091a8f9f	decompiled	chunks/005/functions-000332.c		
1091a8fa0	1091a9093	decompiled	chunks/005/functions-000332.c	-[SCLensInReplyCameraScopeEntryPoint .cxx_destruct]	
1091a9094	1091a91d7	decompiled	chunks/005/functions-000332.c	-[SCLensInSnapEditorScopeEntryPoint begin]	
1091a91d8	1091a9217	decompiled	chunks/005/functions-000332.c		
1091a9218	1091a9583	decompiled	chunks/005/functions-000332.c	-[SCLensInSnapEditorScopeEntryPoint _lensCarouselManager]	
1091a9584	1091a95a7	decompiled	chunks/005/functions-000332.c		
1091a95a8	1091a9687	decompiled	chunks/005/functions-000332.c	-[SCLensInSnapEditorScopeEntryPoint _lensFeatureContainerViewFactory]	
1091a9688	1091a96bb	decompiled	chunks/005/functions-000332.c		
1091a96bc	1091a977f	decompiled	chunks/005/functions-000332.c	-[SCLensInSnapEditorScopeEntryPoint _lensCarouselContainerView]	
1091a9780	1091a97c7	decompiled	chunks/005/functions-000332.c		
1091a97c8	1091a988b	decompiled	chunks/005/functions-000332.c	-[SCLensInSnapEditorScopeEntryPoint .cxx_destruct]	
1091a988c	1091a99cf	decompiled	chunks/005/functions-000332.c	-[SCLensInVideoCallScopeEntryPoint begin]	
1091a99d0	1091a9a0f	decompiled	chunks/005/functions-000332.c		
1091a9a10	1091a9d7b	decompiled	chunks/005/functions-000332.c	-[SCLensInVideoCallScopeEntryPoint _lensCarouselManager]	
1091a9d7c	1091a9d9f	decompiled	chunks/005/functions-000332.c		
1091a9da0	1091a9e7f	decompiled	chunks/005/functions-000332.c	-[SCLensInVideoCallScopeEntryPoint _lensFeatureContainerViewFactory]	
1091a9e80	1091a9eb3	decompiled	chunks/005/functions-000332.c		
1091a9eb4	1091a9f6b	decompiled	chunks/005/functions-000332.c	-[SCLensInVideoCallScopeEntryPoint _lensCarouselContainerView]	
1091a9f6c	1091a9fdf	decompiled	chunks/005/functions-000332.c		
1091a9fe0	1091aa0a3	decompiled	chunks/005/functions-000332.c	-[SCLensInVideoCallScopeEntryPoint .cxx_destruct]	
1091aa0a4	1091aa0b3	decompiled	chunks/005/functions-000332.c	-[SCLensPreferencesStorageServiceProvider .cxx_destruct]	
1091aa0b4	1091aa1d7	decompiled	chunks/005/functions-000332.c	-[SCLensUnlockableDataProviderCreatorServiceProvider .cxx_destruct]	
1091aa1d8	1091aa20f	decompiled	chunks/005/functions-000332.c	-[SCLensesUIControllerStudySettingsProviderServiceProvider .cxx_destruct]	
1091aa210	1091aa21f	decompiled	chunks/005/functions-000332.c	-[SCScanLensesStreamServiceProvider .cxx_destruct]	
1091aa220	1091aa22f	decompiled	chunks/005/functions-000332.c	-[SCSharedFeatureLensCollectionsCarouselServiceProvider .cxx_destruct]	
1091aa230	1091aa32f	decompiled	chunks/005/functions-000332.c	-[SCAlwaysOnLensExternalMediaComponent initWithCameraStreamSwitcherDelegate:cameraHardwareResource:cameraHardwareServicesAPI:captureDeviceManager:screenScale:]	
1091aa330	1091aa36b	decompiled	chunks/005/functions-000332.c	-[SCAlwaysOnLensExternalMediaComponent setShouldReceiveUpdate:]	
1091aa36c	1091aa39f	decompiled	chunks/005/functions-000332.c	-[SCAlwaysOnLensExternalMediaComponent shouldReceiveUpdate]	
1091aa3a0	1091aa51f	decompiled	chunks/005/functions-000332.c	-[SCAlwaysOnLensExternalMediaComponent setExternalVideoWithPath:relStartPosition:relEndPosition:volume:rotation:completion:]	
1091aa520	1091aa537	decompiled	chunks/005/functions-000332.c		
1091aa538	1091aa553	decompiled	chunks/005/functions-000332.c	-[SCAlwaysOnLensExternalMediaComponent setExternalImageWithPath:faceRect:completion:]	
1091aa554	1091aa6eb	decompiled	chunks/005/functions-000332.c	-[SCAlwaysOnLensExternalMediaComponent setExternalImageWithPath:faceRects:completion:]	
1091aa6ec	1091aa707	decompiled	chunks/005/functions-000332.c		
1091aa708	1091aa723	decompiled	chunks/005/functions-000332.c	-[SCAlwaysOnLensExternalMediaComponent setExternalImage:faceRect:completion:]	
1091aa724	1091aa73b	decompiled	chunks/005/functions-000332.c	-[SCAlwaysOnLensExternalMediaComponent unsetExternalMediaWithPath:completion:]	
1091aa73c	1091aa7ab	decompiled	chunks/005/functions-000332.c	-[SCAlwaysOnLensExternalMediaComponent _activeCaptureDeviceResolutionSize]	
1091aa7ac	1091aa86b	decompiled	chunks/005/functions-000332.c	-[SCAlwaysOnLensExternalMediaComponent _resizeImageToCameraSize:]	
1091aa86c	1091aa8a7	decompiled	chunks/005/functions-000332.c	-[SCAlwaysOnLensExternalMediaComponent .cxx_destruct]	
1091aa8a8	1091ab0b3	decompiled	chunks/005/functions-000332.c	-[SCAlwaysOnMediaPickerController initWithCameraHardwareResource:cameraHardwareServicesAPI:captureDeviceManager:lensProcessingLegacyServices:cameraUIServices:crashLoggerServices:lensLoggerServices:photoPermissionServices:userFeatureServices:lensCarouselManager:mediaPickerCameraServices:alwaysOnMediaPickerServices:circumstanceEngine:inLensMediaPickerManager:cameraCircumstanceEngine:studySettingsProvider:lensTinselExternalContentTracker:enableToggleShadow:applicationLifecycleEvents:fetchLimit:scopedCameraType:]	
1091ab0b4	1091ab183	decompiled	chunks/005/functions-000332.c		
1091ab184	1091ab29b	decompiled	chunks/005/functions-000332.c		
1091ab29c	1091ab393	decompiled	chunks/005/functions-000332.c		
1091ab394	1091ab3ff	decompiled	chunks/005/functions-000332.c	-[SCAlwaysOnMediaPickerController reset]	
1091ab400	1091ab537	decompiled	chunks/005/functions-000332.c	-[SCAlwaysOnMediaPickerController _updatePickerState:]	
1091ab538	1091ab56b	decompiled	chunks/005/functions-000332.c	-[SCAlwaysOnMediaPickerController _toggleManager]	
1091ab56c	1091ab5e7	decompiled	chunks/005/functions-000332.c	-[SCAlwaysOnMediaPickerController _updateMediaPickerTrayIsOpen:]	
1091ab5e8	1091ab687	decompiled	chunks/005/functions-000332.c	-[SCAlwaysOnMediaPickerController _attachToggleUIView]	
1091ab688	1091ab783	decompiled	chunks/005/functions-000332.c	-[SCAlwaysOnMediaPickerController _resetCamera]	
1091ab784	1091ab7bb	decompiled	chunks/005/functions-000332.c		
1091ab7bc	1091ab877	decompiled	chunks/005/functions-000332.c	-[SCAlwaysOnMediaPickerController _setToggleInteractionEnabled:]	
1091ab878	1091ab9c7	decompiled	chunks/005/functions-000332.c	-[SCAlwaysOnMediaPickerController updateCameraWithMediaSource:completion:]	
1091ab9c8	1091aba0f	decompiled	chunks/005/functions-000332.c		
1091aba10	1091aba4f	decompiled	chunks/005/functions-000332.c	-[SCAlwaysOnMediaPickerController isPickerOpen]	
1091aba50	1091abaeb	decompiled	chunks/005/functions-000332.c	-[SCAlwaysOnMediaPickerController .cxx_destruct]	
1091abaec	1091abebf	decompiled	chunks/005/functions-000332.c	-[SCAlwaysOnMediaPickerStateManager initWithInLensMediaPickerManager:lensCarouselManager:cameraHardwareResource:resetToggleOnNewLens:imagineLensService:studySettingsProvider:scopedCameraType:]	
1091abec0	1091abf17	decompiled	chunks/005/functions-000332.c		
1091abf18	1091abf8b	decompiled	chunks/005/functions-000332.c		
1091abf8c	1091ac11f	decompiled	chunks/005/functions-000332.c		
1091ac120	1091ac1c3	decompiled	chunks/005/functions-000332.c		
1091ac1c4	1091ac203	decompiled	chunks/005/functions-000332.c		
1091ac204	1091ac2bf	decompiled	chunks/005/functions-000332.c	-[SCAlwaysOnMediaPickerStateManager _updateToNewLensSucceeded:]	
1091ac2c0	1091ac303	decompiled	chunks/005/functions-000332.c	-[SCAlwaysOnMediaPickerStateManager _didReceiveSelectedLens:]	
1091ac304	1091ac323	decompiled	chunks/005/functions-000332.c	-[SCAlwaysOnMediaPickerStateManager _updateInLensMediaPickerActive:]	
1091ac324	1091ac393	decompiled	chunks/005/functions-000332.c	-[SCAlwaysOnMediaPickerStateManager _displayState]	
1091ac394	1091ac403	decompiled	chunks/005/functions-000332.c	-[SCAlwaysOnMediaPickerStateManager _updateDisplayState]	
1091ac404	1091ac47f	decompiled	chunks/005/functions-000332.c	-[SCAlwaysOnMediaPickerStateManager _isMainCamGamesButtonAlwaysEnabled]	
1091ac480	1091ac51b	decompiled	chunks/005/functions-000332.c	-[SCAlwaysOnMediaPickerStateManager _isOnValidLens]	
1091ac51c	1091ac527	decompiled	chunks/005/functions-000332.c	+[SCAlwaysOnMediaPickerStateManager isUserInteractableForState:]	
1091ac528	1091ac533	decompiled	chunks/005/functions-000332.c	+[SCAlwaysOnMediaPickerStateManager requireInitialSetupForState:]	
1091ac534	1091ac5db	decompiled	chunks/005/functions-000332.c	-[SCAlwaysOnMediaPickerStateManager toggleTapped]	
1091ac5dc	1091ac62f	decompiled	chunks/005/functions-000332.c		
1091ac630	1091ac637	decompiled	chunks/005/functions-000332.c	-[SCAlwaysOnMediaPickerStateManager displayStateObservable]	
1091ac638	1091ac6af	decompiled	chunks/005/functions-000332.c	-[SCAlwaysOnMediaPickerStateManager .cxx_destruct]	
1091ac6b0	1091aca0f	decompiled	chunks/005/functions-000332.c	-[SCAlwaysOnMediaPickerTray initWithAlwaysOnLensExternalMediaComponent:cameraHardwareResource:cameraHardwareServicesAPI:lensProcessingLegacyServices:cameraUIServices:crashLoggerServices:lensLoggerServices:photoPermissionServices:userFeatureServices:pickerMediaType:studySettingsProvider:lensTinselExternalContentTracker:applicationLifecycleEvents:fetchLimit:]	
1091aca10	1091acc8b	decompiled	chunks/005/functions-000332.c		
1091acc8c	1091acc97	decompiled	chunks/005/functions-000332.c	+[SCAlwaysOnMediaPickerTray _supportedMediaTypeFromPickerMediaType:]	
1091acc98	1091acdfb	decompiled	chunks/005/functions-000332.c	-[SCAlwaysOnMediaPickerTray _createModalPresentationEnabledObservableWithManagedCapturerStateCoordinator:]	
1091acdfc	1091acf03	decompiled	chunks/005/functions-000332.c		
1091acf04	1091acf1b	decompiled	chunks/005/functions-000332.c		
1091acf1c	1091acf73	decompiled	chunks/005/functions-000332.c		
1091acf74	1091acf7b	decompiled	chunks/005/functions-000332.c	-[SCAlwaysOnMediaPickerTray on]	
1091acf7c	1091acfdb	decompiled	chunks/005/functions-000332.c	-[SCAlwaysOnMediaPickerTray setOn:]	
1091acfdc	1091ad0df	decompiled	chunks/005/functions-000332.c	-[SCAlwaysOnMediaPickerTray _updateCameraPositionWithDefaultMediaType:]	
1091ad0e0	1091ad0e3	decompiled	chunks/005/functions-000332.c		
1091ad0e4	1091ad113	decompiled	chunks/005/functions-000332.c	-[SCAlwaysOnMediaPickerTray .cxx_destruct]	
1091ad114	1091ad18b	decompiled	chunks/005/functions-000332.c	-[SCLensCarouselDataAdapter initWithViewModelFactory:]	
1091ad18c	1091ad477	decompiled	chunks/005/functions-000332.c	-[SCLensCarouselDataAdapter setLenses:]	
1091ad478	1091ad527	decompiled	chunks/005/functions-000332.c		
1091ad528	1091ad5cf	decompiled	chunks/005/functions-000332.c	-[SCLensCarouselDataAdapter updateModelWithLensId:]	
1091ad5d0	1091ad60b	decompiled	chunks/005/functions-000332.c	-[SCLensCarouselDataAdapter lenses]	
1091ad60c	1091ad647	decompiled	chunks/005/functions-000332.c	-[SCLensCarouselDataAdapter viewModels]	
1091ad648	1091ad6bf	decompiled	chunks/005/functions-000332.c	-[SCLensCarouselDataAdapter lensByLensId:]	
1091ad6c0	1091ad713	decompiled	chunks/005/functions-000332.c	-[SCLensCarouselDataAdapter .cxx_destruct]	
1091ad714	1091ad8af	decompiled	chunks/005/functions-000332.c	-[SCLensPreviewCarouselCollectionController initWithLensesCarouselContainer:lensIconRepository:lensCarouselStudySettings:lensPerformerProvider:attributionProvider:layoutProvider:lensStatusProvider:externalScrollSource:uiUpdateAnnouncer:cellOverlayProvider:]	
1091ad8b0	1091ad923	decompiled	chunks/005/functions-000332.c	-[SCLensPreviewCarouselCollectionController attachCarouselView:]	
1091ad924	1091ad92b	decompiled	chunks/005/functions-000332.c	-[SCLensPreviewCarouselCollectionController carouselTapHandlerPolicy]	
1091ad92c	1091ad9db	decompiled	chunks/005/functions-000332.c	-[SCLensPreviewCarouselCollectionController showLensesUI:completion:]	
1091ad9dc	1091ada9b	decompiled	chunks/005/functions-000332.c		
1091ada9c	1091adac7	decompiled	chunks/005/functions-000332.c		
1091adac8	1091adb07	decompiled	chunks/005/functions-000332.c	-[SCLensPreviewCarouselCollectionController .cxx_destruct]	
1091adb08	1091add47	decompiled	chunks/005/functions-000333.c	-[SCLensPreviewCarouselCollectionControllerFactory initWithLensesCarouselContainer:lensIconRepository:lensPerformerProvider:attributionProvider:lensCarouselStudySettings:layoutProvider:lensFeatureContainer:externalScrollSource:uiUpdateAnnouncer:cellOverlayProvider:]	
1091add48	1091ade2f	decompiled	chunks/005/functions-000333.c	-[SCLensPreviewCarouselCollectionControllerFactory lensCarouselCollectionController]	
1091ade30	1091adfb7	decompiled	chunks/005/functions-000333.c	-[SCLensPreviewCarouselCollectionControllerFactory _carouselViewContainer]	
1091adfb8	1091adfc7	decompiled	chunks/005/functions-000333.c		
1091adfc8	1091ae057	decompiled	chunks/005/functions-000333.c	-[SCLensPreviewCarouselCollectionControllerFactory .cxx_destruct]	
1091ae058	1091ae153	decompiled	chunks/005/functions-000333.c	-[SCLensPreviewCarouselViewContainer initWithViewContainer:layoutProvider:lensCarouselLayoutGuide:lensCarouselVisibleLayoutGuide:]	
1091ae154	1091ae493	decompiled	chunks/005/functions-000333.c	-[SCLensPreviewCarouselViewContainer attachView:]	
1091ae494	1091ae4bf	decompiled	chunks/005/functions-000333.c		
1091ae4c0	1091ae4eb	decompiled	chunks/005/functions-000333.c	-[SCLensPreviewCarouselViewContainer _resetContainerView]	
1091ae4ec	1091ae5ef	decompiled	chunks/005/functions-000333.c	-[SCLensPreviewCarouselViewContainer _onContainerViewDidMoveToWindow]	
1091ae5f0	1091ae8c7	decompiled	chunks/005/functions-000333.c	-[SCLensPreviewCarouselViewContainer _lensCarouselLayoutGuideConstraints]	
1091ae8c8	1091aec0f	decompiled	chunks/005/functions-000333.c	-[SCLensPreviewCarouselViewContainer _lensCarouselVisibleLayoutGuideConstraints]	
1091aec10	1091aec6f	decompiled	chunks/005/functions-000333.c	-[SCLensPreviewCarouselViewContainer .cxx_destruct]	
1091aec70	1091aecef	decompiled	chunks/005/functions-000333.c	-[SCLensPreviewCarouselWindowTrackingView initWithOnDidMoveToWindow:]	
1091aecf0	1091aed47	decompiled	chunks/005/functions-000333.c	-[SCLensPreviewCarouselWindowTrackingView didMoveToWindow]	
1091aed48	1091aed5b	decompiled	chunks/005/functions-000333.c	-[SCLensPreviewCarouselWindowTrackingView .cxx_destruct]	
1091aed5c	1091aed63	decompiled	chunks/005/functions-000333.c	-[SCLensPreviewStatusProvider statusForLens:]	
1091aed64	1091aed6b	decompiled	chunks/005/functions-000333.c	-[SCLensPreviewStatusProvider isLensBeingApplied:]	
1091aed6c	1091af05f	decompiled	chunks/005/functions-000333.c	-[SCLensBaseCarouselCollectionController initWithLensIconRepository:lensCarouselStudySettings:lensPerformerProvider:attributionProvider:layoutProvider:lensStatusProvider:carouselPresenterFactory:externalScrollSource:hapticsManager:uiUpdateAnnouncer:cellOverlayProvider:]	
1091af060	1091af06b	decompiled	chunks/005/functions-000333.c		
1091af06c	1091af0af	decompiled	chunks/005/functions-000333.c	-[SCLensBaseCarouselCollectionController setDelegate:]	
1091af0b0	1091af0ff	decompiled	chunks/005/functions-000333.c	-[SCLensBaseCarouselCollectionController setDefaultSelectedLensProvider:]	
1091af100	1091af15f	decompiled	chunks/005/functions-000333.c	-[SCLensBaseCarouselCollectionController attachCarouselView:]	
1091af160	1091af167	decompiled	chunks/005/functions-000333.c	-[SCLensBaseCarouselCollectionController carouselTapHandlerPolicy]	
1091af168	1091af303	decompiled	chunks/005/functions-000333.c	-[SCLensBaseCarouselCollectionController initializeLensCarouselPresenter]	
1091af304	1091af353	decompiled	chunks/005/functions-000333.c		
1091af354	1091af367	decompiled	chunks/005/functions-000333.c		
1091af368	1091af3bb	decompiled	chunks/005/functions-000333.c	-[SCLensBaseCarouselCollectionController activeLens]	
1091af3bc	1091af3c3	decompiled	chunks/005/functions-000333.c	-[SCLensBaseCarouselCollectionController lensCarouselDidScrollObservable]	
1091af3c4	1091af3cb	decompiled	chunks/005/functions-000333.c	-[SCLensBaseCarouselCollectionController reloadCellWithLensId:]	
1091af3cc	1091af3d3	decompiled	chunks/005/functions-000333.c	-[SCLensBaseCarouselCollectionController selectLensWithId:animated:]	
1091af3d4	1091af3e3	decompiled	chunks/005/functions-000333.c	-[SCLensBaseCarouselCollectionController selectNextLensIfPossible]	
1091af3e4	1091af3eb	decompiled	chunks/005/functions-000333.c	-[SCLensBaseCarouselCollectionController selectLensWithStrategy:skipDefaultLensSelection:]	
1091af3ec	1091af443	decompiled	chunks/005/functions-000333.c	-[SCLensBaseCarouselCollectionController updateItemWithItemId:contentUpdate:]	
1091af444	1091af4cb	decompiled	chunks/005/functions-000333.c	-[SCLensBaseCarouselCollectionController updateAllLenses:selectedLensId:requiresAnimation:]	
1091af4cc	1091af4d3	decompiled	chunks/005/functions-000333.c	-[SCLensBaseCarouselCollectionController lensFromCarouselWithId:]	
1091af4d4	1091af4db	decompiled	chunks/005/functions-000333.c	-[SCLensBaseCarouselCollectionController setLensesCollectionViewScrollEnabled:]	
1091af4dc	1091af4e3	decompiled	chunks/005/functions-000333.c	-[SCLensBaseCarouselCollectionController pointInsideLensView:cellFramesOnly:]	
1091af4e4	1091af557	decompiled	chunks/005/functions-000333.c	-[SCLensBaseCarouselCollectionController showLensesUI:completion:]	
1091af558	1091af59f	decompiled	chunks/005/functions-000333.c	-[SCLensBaseCarouselCollectionController hideLensesUIWithKeepCarouselVisible:]	
1091af5a0	1091af5eb	decompiled	chunks/005/functions-000333.c	-[SCLensBaseCarouselCollectionController setCollectionInterfaceElementsHidden:]	
1091af5ec	1091af603	decompiled	chunks/005/functions-000333.c	-[SCLensBaseCarouselCollectionController delegate]	
1091af604	1091af61b	decompiled	chunks/005/functions-000333.c	-[SCLensBaseCarouselCollectionController defaultSelectedLensProvider]	
1091af61c	1091af6df	decompiled	chunks/005/functions-000333.c	-[SCLensBaseCarouselCollectionController .cxx_destruct]	
1091af6e0	1091af9c3	decompiled	chunks/005/functions-000333.c	-[SCLensCarouselCollectionController initWithLegacyUiUpdateAnnouncer:lensIconRepository:lensCarouselSettings:lensCarouselStudySettings:lensPerformerProvider:attributionProvider:miniCameraActivationStateProvider:lensLayoutProvider:studySettingsProvider:hapticsManager:defaultSelectedLensProvider:lensStatusProvider:lensCarouselContainerView:parentView:hidableViewContainer:lensCarouselLayoutGuide:lensCarouselVisibleLayoutGuide:cellOverlayProvider:]	
1091af9c4	1091afb63	decompiled	chunks/005/functions-000333.c	-[SCLensCarouselCollectionController _subscribeOnExternalEvents]	
1091afb64	1091afbc3	decompiled	chunks/005/functions-000333.c		
1091afbc4	1091afcd3	decompiled	chunks/005/functions-000333.c	-[SCLensCarouselCollectionController attachCarouselView:]	
1091afcd4	1091afd57	decompiled	chunks/005/functions-000333.c	-[SCLensCarouselCollectionController _setCollectionViewConstraints:]	
1091afd58	1091b004f	decompiled	chunks/005/functions-000333.c	-[SCLensCarouselCollectionController _prepareCollectionViewConstraintsForView:]	
1091b0050	1091b02ab	decompiled	chunks/005/functions-000333.c	-[SCLensCarouselCollectionController _setupLensCarouselLayoutGuideForView:]	
1091b02ac	1091b058b	decompiled	chunks/005/functions-000333.c	-[SCLensCarouselCollectionController _setupLensCarouselVisibleLayoutGuideForView:]	
1091b058c	1091b05a3	decompiled	chunks/005/functions-000333.c	-[SCLensCarouselCollectionController _updateUIForMiniCameraActive:]	
1091b05a4	1091b064f	decompiled	chunks/005/functions-000333.c	-[SCLensCarouselCollectionController initializeLensCarouselPresenter]	
1091b0650	1091b06b3	decompiled	chunks/005/functions-000333.c	-[SCLensCarouselCollectionController pointInsideLensView:cellFramesOnly:]	
1091b06b4	1091b07a3	decompiled	chunks/005/functions-000333.c	-[SCLensCarouselCollectionController showLensesUI:completion:]	
1091b07a4	1091b088f	decompiled	chunks/005/functions-000333.c		
1091b0890	1091b08e7	decompiled	chunks/005/functions-000333.c		
1091b08e8	1091b08fb	decompiled	chunks/005/functions-000333.c		
1091b08fc	1091b0a0b	decompiled	chunks/005/functions-000333.c	-[SCLensCarouselCollectionController .cxx_destruct]	
1091b0a0c	1091b0d4b	decompiled	chunks/005/functions-000333.c	-[SCLensCarouselCollectionControllerFactory initWithLegacyUiUpdateAnnouncer:lensIconRepository:lensCarouselSettings:lensCarouselStudySettings:lensPerformerProvider:attributionProvider:lensCarouselLayoutProvider:studySettingsProvider:hapticsManager:lensCarouselApplicator:lensCarouselLensDownloader:parentView:lensFeatureContainer:miniCameraActivationStateProvider:cellOverlayProvider:]	
1091b0d4c	1091b0ed7	decompiled	chunks/005/functions-000333.c	-[SCLensCarouselCollectionControllerFactory lensCarouselCollectionController]	
1091b0ed8	1091b0fa7	decompiled	chunks/005/functions-000333.c	-[SCLensCarouselCollectionControllerFactory .cxx_destruct]	
1091b0fa8	1091b10b7	decompiled	chunks/005/functions-000333.c	-[SCLensCarouselCollectionControllerNotifyer initWithController:lensStatusProvider:uiUpdateAnnouncer:carouselDataAdapter:]	
1091b10b8	1091b10df	decompiled	chunks/005/functions-000333.c	-[SCLensCarouselCollectionControllerNotifyer lensCarouselDidScrollObservable]	
1091b10e0	1091b11cf	decompiled	chunks/005/functions-000333.c	-[SCLensCarouselCollectionControllerNotifyer lensCarouselPresenter:didActivateItem:index:selectionType:originalLensIndex:totalLensesCount:]	
1091b11d0	1091b128f	decompiled	chunks/005/functions-000333.c	-[SCLensCarouselCollectionControllerNotifyer lensCarouselPresenter:willSelectItem:index:originalLensIndex:]	
1091b1290	1091b137f	decompiled	chunks/005/functions-000333.c	-[SCLensCarouselCollectionControllerNotifyer lensCarouselPresenter:didSelectItem:index:selectionType:originalLensIndex:totalLensesCount:]	
1091b1380	1091b1437	decompiled	chunks/005/functions-000333.c	-[SCLensCarouselCollectionControllerNotifyer lensCarouselPresenter:willDisplayItem:]	
1091b1438	1091b14ef	decompiled	chunks/005/functions-000333.c	-[SCLensCarouselCollectionControllerNotifyer lensCarouselPresenter:didUpdateDisplayedLens:]	
1091b14f0	1091b15a7	decompiled	chunks/005/functions-000333.c	-[SCLensCarouselCollectionControllerNotifyer lensCarouselPresenter:didEndDisplayingItem:]	
1091b15a8	1091b1653	decompiled	chunks/005/functions-000333.c	-[SCLensCarouselCollectionControllerNotifyer lensCarouselPresenter:didDrawIcon:forItem:atIndex:]	
1091b1654	1091b16df	decompiled	chunks/005/functions-000333.c	-[SCLensCarouselCollectionControllerNotifyer lensCarouselPresenter:didUpdateItemsList:]	
1091b16e0	1091b173f	decompiled	chunks/005/functions-000333.c		
1091b1740	1091b17cf	decompiled	chunks/005/functions-000333.c	-[SCLensCarouselCollectionControllerNotifyer lensCarouselPresenter:isItemBeingApplied:]	
1091b17d0	1091b17db	decompiled	chunks/005/functions-000333.c	-[SCLensCarouselCollectionControllerNotifyer lensCarouselPresenter:didScroll:]	
1091b17dc	1091b17df	decompiled	chunks/005/functions-000333.c	-[SCLensCarouselCollectionControllerNotifyer lensCarouselPresenter:didEndScrolling:atItem:]	
1091b17e0	1091b17e3	decompiled	chunks/005/functions-000333.c	-[SCLensCarouselCollectionControllerNotifyer lensCarouselPresenter:willBeginDragging:]	
1091b17e4	1091b1867	decompiled	chunks/005/functions-000333.c	-[SCLensCarouselCollectionControllerNotifyer lensCarouselPresenter:didUpdateVisibleLenses:selectedLensIndex:originalLensIndex:]	
1091b1868	1091b187f	decompiled	chunks/005/functions-000333.c	-[SCLensCarouselCollectionControllerNotifyer delegate]	
1091b1880	1091b188b	decompiled	chunks/005/functions-000333.c	-[SCLensCarouselCollectionControllerNotifyer setDelegate:]	
1091b188c	1091b18bb	decompiled	chunks/005/functions-000333.c	-[SCLensCarouselCollectionControllerNotifyer setLensCarouselDidScrollObservable:]	
1091b18bc	1091b1913	decompiled	chunks/005/functions-000333.c	-[SCLensCarouselCollectionControllerNotifyer .cxx_destruct]	
1091b1914	1091b1a8f	decompiled	chunks/005/functions-000333.c	-[SCLensVideoCallCarouselCollectionController initWithLensesCarouselContainer:lensIconRepository:lensCarouselStudySettings:lensPerformerProvider:attributionProvider:layoutProvider:lensStatusProvider:hapticsManager:uiUpdateAnnouncer:]	
1091b1a90	1091b1aeb	decompiled	chunks/005/functions-000333.c	-[SCLensVideoCallCarouselCollectionController attachCarouselView:]	
1091b1aec	1091b1d33	decompiled	chunks/005/functions-000333.c	-[SCLensVideoCallCarouselCollectionController _equalSideAnchorsOfView:toView:]	
1091b1d34	1091b1d47	decompiled	chunks/005/functions-000333.c	-[SCLensVideoCallCarouselCollectionController .cxx_destruct]	
1091b1d48	1091b1f07	decompiled	chunks/005/functions-000333.c	-[SCLensVideoCallCarouselCollectionControllerFactory initWithLensesCarouselContainer:lensIconRepository:lensPerformerProvider:attributionProvider:lensCarouselApplicator:lensCarouselStudySettings:layoutProvider:lensCarouselLensDownloader:uiUpdateAnnouncer:]	
1091b1f08	1091b2027	decompiled	chunks/005/functions-000333.c	-[SCLensVideoCallCarouselCollectionControllerFactory lensCarouselCollectionController]	
1091b2028	1091b20a3	decompiled	chunks/005/functions-000333.c	-[SCLensVideoCallCarouselCollectionControllerFactory .cxx_destruct]	
1091b20a4	1091b2283	decompiled	chunks/005/functions-000333.c	-[SCLensCarouselFeaturesSandbox initWithLensCarouselDataProvider:lensCarouselApplicator:lensesOpenCloseButtonController:cameraViewType:cameraViewDelegate:lensInfoButton:lensFavoriteButton:lensFavoritesTabBarButton:lensCollectionsBackButton:lensExplorerFromCarouselOverlay:lensSendToButton:lensSendToTabBarButton:]	
1091b2284	1091b23ef	decompiled	chunks/005/functions-000333.c	-[SCLensCarouselFeaturesSandbox topLayoutAnchorForTopLeftLensInfoButton:]	
1091b23f0	1091b2563	decompiled	chunks/005/functions-000333.c	-[SCLensCarouselFeaturesSandbox centerXLayoutPostionForTopLeftInfoButton:]	
1091b2564	1091b25a3	decompiled	chunks/005/functions-000333.c	-[SCLensCarouselFeaturesSandbox parentView]	
1091b25a4	1091b25fb	decompiled	chunks/005/functions-000333.c	-[SCLensCarouselFeaturesSandbox pointInsideAnyLensView:]	
1091b25fc	1091b27bf	decompiled	chunks/005/functions-000333.c	-[SCLensCarouselFeaturesSandbox _pointInsideLensView:cellFramesOnly:]	
1091b27c0	1091b2847	decompiled	chunks/005/functions-000333.c	-[SCLensCarouselFeaturesSandbox pointInsideLensSubPicker:]	
1091b2848	1091b28bb	decompiled	chunks/005/functions-000333.c	-[SCLensCarouselFeaturesSandbox .cxx_destruct]	
1091b28bc	1091b292f	decompiled	chunks/005/functions-000333.c	-[SCLensDownloadHintController initWithFeatureContainerView:]	
1091b2930	1091b30f7	decompiled	chunks/005/functions-000333.c	-[SCLensDownloadHintController _prepareOverlay]	
1091b30f8	1091b3123	decompiled	chunks/005/functions-000334.c	-[SCLensDownloadHintController deactivate]	
1091b3124	1091b31f7	decompiled	chunks/005/functions-000334.c	-[SCLensDownloadHintController showTapToDownloadHint:animated:]	
1091b31f8	1091b33a3	decompiled	chunks/005/functions-000334.c	-[SCLensDownloadHintController showHintView:withHintView:animated:]	
1091b33a4	1091b33c7	decompiled	chunks/005/functions-000334.c		
1091b33c8	1091b33ef	decompiled	chunks/005/functions-000334.c	-[SCLensDownloadHintController parentView]	
1091b33f0	1091b33f7	decompiled	chunks/005/functions-000334.c	-[SCLensDownloadHintController tapToDownloadLabel]	
1091b33f8	1091b3427	decompiled	chunks/005/functions-000334.c	-[SCLensDownloadHintController setTapToDownloadLabel:]	
1091b3428	1091b3463	decompiled	chunks/005/functions-000334.c	-[SCLensDownloadHintController .cxx_destruct]	
1091b3464	1091b34ff	decompiled	chunks/005/functions-000334.c	-[SCLensStatusProvider initWithLensCarouselApplicator:lensCarouselLensDownloader:]	
1091b3500	1091b3553	decompiled	chunks/005/functions-000334.c	-[SCLensStatusProvider statusForLens:]	
1091b3554	1091b365b	decompiled	chunks/005/functions-000334.c	-[SCLensStatusProvider isLensBeingApplied:]	
1091b365c	1091b36d3	decompiled	chunks/005/functions-000334.c	-[SCLensStatusProvider currentlyApplingLensId]	
1091b36d4	1091b374b	decompiled	chunks/005/functions-000334.c	-[SCLensStatusProvider appliedLensId]	
1091b374c	1091b381f	decompiled	chunks/005/functions-000334.c	-[SCLensStatusProvider _statusForLens:isBeingApplied:]	
1091b3820	1091b384b	decompiled	chunks/005/functions-000334.c	-[SCLensStatusProvider .cxx_destruct]	
1091b384c	1091b38ff	decompiled	chunks/005/functions-000334.c	-[SCLensStudioPreviewExeptionHandler initWithLensCarouselApplicator:lensCarouselManager:]	
1091b3900	1091b3987	decompiled	chunks/005/functions-000334.c	-[SCLensStudioPreviewExeptionHandler _lensCoreHandledAnExceptionNotificationReceived:]	
1091b3988	1091b3cdf	decompiled	chunks/005/functions-000334.c		
1091b3ce0	1091b3e1b	decompiled	chunks/005/functions-000334.c	-[SCLensStudioPreviewExeptionHandler _lensFromCarouselWithId:]	
1091b3e1c	1091b3e33	decompiled	chunks/005/functions-000334.c		
1091b3e34	1091b3ecf	decompiled	chunks/005/functions-000334.c		
1091b3ed0	1091b3f17	decompiled	chunks/005/functions-000334.c		
1091b3f18	1091b3f97	decompiled	chunks/005/functions-000334.c	-[SCLensStudioPreviewExeptionHandler lensesActive]	
1091b3f98	1091b3fc3	decompiled	chunks/005/functions-000334.c	-[SCLensStudioPreviewExeptionHandler .cxx_destruct]	
1091b3fc4	1091b444b	decompiled	chunks/005/functions-000334.c	-[SCLensSubPickerManager initWithExternalImageComponent:lensComponent:modalUIContainer:containerView:lensCrashLoggerFactory:lensLogger:photoPermissionCoordinator:lensVideoEditingLauncher:lensVideoEditingScopeServices:modalPresentationEnabled:lensOptionSourceType:inLensMediaPickerManager:lensApplicator:lensTinselExternalContentTracker:studySettingsProvider:applicationLifecycleEvents:fetchLimit:]	
1091b444c	1091b4493	decompiled	chunks/005/functions-000334.c		
1091b4494	1091b4583	decompiled	chunks/005/functions-000334.c	-[SCLensSubPickerManager warmUpSubPickerWithMediaType:]	
1091b4584	1091b4587	decompiled	chunks/005/functions-000334.c		
1091b4588	1091b4877	decompiled	chunks/005/functions-000334.c	-[SCLensSubPickerManager _createSubPickerWithSelectionLimit:]	
1091b4878	1091b48b7	decompiled	chunks/005/functions-000334.c	-[SCLensSubPickerManager _mediaPickerControllerContainer]	
1091b48b8	1091b494f	decompiled	chunks/005/functions-000334.c	-[SCLensSubPickerManager showSubPickerWithMediaType:selectionLimit:]	
1091b4950	1091b497f	decompiled	chunks/005/functions-000334.c	-[SCLensSubPickerManager _resetMediaAssetResources]	
1091b4980	1091b49a7	decompiled	chunks/005/functions-000334.c	-[SCLensSubPickerManager lensSubPickerController]	
1091b49a8	1091b4a4b	decompiled	chunks/005/functions-000334.c	-[SCLensSubPickerManager _createMediaAssetProviderWithMediaType:mediaAssetManager:]	
1091b4a4c	1091b4a4f	decompiled	chunks/005/functions-000334.c	-[SCLensSubPickerManager isPickerOpen]	
1091b4a50	1091b4b77	decompiled	chunks/005/functions-000334.c	-[SCLensSubPickerManager hideSubPicker]	
1091b4b78	1091b4ba3	decompiled	chunks/005/functions-000334.c		
1091b4ba4	1091b4bb3	decompiled	chunks/005/functions-000334.c	-[SCLensSubPickerManager isPhotoPickerShown]	
1091b4bb4	1091b4c0f	decompiled	chunks/005/functions-000334.c	-[SCLensSubPickerManager pointInsideLensSubPicker:]	
1091b4c10	1091b4ddb	decompiled	chunks/005/functions-000334.c	-[SCLensSubPickerManager showPhotoPickerForLens:supportPhotos:supportVideos:supportFaceFiltering:supportMultipleFaceFiltering:selectionLimit:useLensCoreTinselTracking:completion:]	
1091b4ddc	1091b4e57	decompiled	chunks/005/functions-000334.c		
1091b4e58	1091b4f7b	decompiled	chunks/005/functions-000334.c	-[SCLensSubPickerManager hidePhotoPickerWithCompletion:]	
1091b4f7c	1091b4f8f	decompiled	chunks/005/functions-000334.c	-[SCLensSubPickerManager selectedOptionIndex]	
1091b4f90	1091b5057	decompiled	chunks/005/functions-000334.c	-[SCLensSubPickerManager _handleWillTurnOffEvent:]	
1091b5058	1091b50a3	decompiled	chunks/005/functions-000334.c		
1091b50a4	1091b513b	decompiled	chunks/005/functions-000334.c	-[SCLensSubPickerManager suspendSceneUpdatesWithCompletion:]	
1091b513c	1091b51d3	decompiled	chunks/005/functions-000334.c	-[SCLensSubPickerManager resumeSceneUpdatesWithCompletion:]	
1091b51d4	1091b51d7	decompiled	chunks/005/functions-000334.c	-[SCLensSubPickerManager lensSubPickerController:didSelectImage:]	
1091b51d8	1091b51db	decompiled	chunks/005/functions-000334.c	-[SCLensSubPickerManager lensSubPickerController:didSelectVideo:]	
1091b51dc	1091b5293	decompiled	chunks/005/functions-000334.c	-[SCLensSubPickerManager lensSubPickerController:didSetExternalImageData:]	
1091b5294	1091b529f	decompiled	chunks/005/functions-000334.c	-[SCLensSubPickerManager lens]	
1091b52a0	1091b52a7	decompiled	chunks/005/functions-000334.c	-[SCLensSubPickerManager setLens:]	
1091b52a8	1091b53cf	decompiled	chunks/005/functions-000334.c	-[SCLensSubPickerManager .cxx_destruct]	
1091b53d0	1091b5487	decompiled	chunks/005/functions-000334.c	-[SCLensesOpenCloseButtonController initWithDependencyProvider:cameraViewType:parentView:]	
1091b5488	1091b564b	decompiled	chunks/005/functions-000334.c	-[SCLensesOpenCloseButtonController lensesOpenCloseButton]	
1091b564c	1091b5853	decompiled	chunks/005/functions-000334.c	-[SCLensesOpenCloseButtonController setLensesOpenCloseButtonVisible:animated:]	
1091b5854	1091b592b	decompiled	chunks/005/functions-000334.c		
1091b592c	1091b596f	decompiled	chunks/005/functions-000334.c		
1091b5970	1091b597b	decompiled	chunks/005/functions-000334.c	-[SCLensesOpenCloseButtonController _isCloseButtonHiddenForCameraViewType:]	
1091b597c	1091b59a7	decompiled	chunks/005/functions-000334.c	-[SCLensesOpenCloseButtonController lensesOpenCloseButtonPressed]	
1091b59a8	1091b59b7	decompiled	chunks/005/functions-000334.c	-[SCLensesOpenCloseButtonController setCloseButtonHidden:]	
1091b59b8	1091b5aaf	decompiled	chunks/005/functions-000334.c	-[SCLensesOpenCloseButtonController _updateCloseButtonTintColor:]	
1091b5ab0	1091b5af7	decompiled	chunks/005/functions-000334.c	-[SCLensesOpenCloseButtonController _openCloseButtonImage]	
1091b5af8	1091b5b07	decompiled	chunks/005/functions-000334.c	-[SCLensesOpenCloseButtonController _isDirectorMode]	
1091b5b08	1091b5b97	decompiled	chunks/005/functions-000334.c	-[SCLensesOpenCloseButtonController isInsideOpenCloseButton:]	
1091b5b98	1091b5bc7	decompiled	chunks/005/functions-000334.c	-[SCLensesOpenCloseButtonController setLensesOpenCloseButton:]	
1091b5bc8	1091b5c13	decompiled	chunks/005/functions-000334.c	-[SCLensesOpenCloseButtonController .cxx_destruct]	
1091b5c14	1091b5d3b	decompiled	chunks/005/functions-000334.c	-[SCLensCarouselEventsReporter initWithLensCarouselFunnelLogger:lensLogger:legacyUiUpdateAnnouncer:lensCarouselSelectionMapper:]	
1091b5d3c	1091b5daf	decompiled	chunks/005/functions-000334.c	-[SCLensCarouselEventsReporter dealloc]	
1091b5db0	1091b5db3	decompiled	chunks/005/functions-000334.c	-[SCLensCarouselEventsReporter reportLensCarouselActivated:]	
1091b5db4	1091b5e67	decompiled	chunks/005/functions-000334.c	-[SCLensCarouselEventsReporter reportLensCarousel:didActivateLens:index:selectionType:originalLensIndex:totalLensesCount:isLensFetched:]	
1091b5e68	1091b5e6b	decompiled	chunks/005/functions-000334.c	-[SCLensCarouselEventsReporter reportLensCarousel:didSelectLens:index:selectionType:originalLensIndex:totalLensesCount:]	
1091b5e6c	1091b5eb3	decompiled	chunks/005/functions-000334.c	-[SCLensCarouselEventsReporter reportLensCarousel:didUpdateVisibleLenses:mappedVisibleLenses:]	
1091b5eb4	1091b5ef7	decompiled	chunks/005/functions-000334.c	-[SCLensCarouselEventsReporter .cxx_destruct]	
1091b5ef8	1091b5f6b	decompiled	chunks/005/functions-000334.c	-[SCLensCarouselSelectionMapper initWithLensDataProvider:]	
1091b5f6c	1091b5fdf	decompiled	chunks/005/functions-000334.c	-[SCLensCarouselSelectionMapper lensLoggerSelectionTypeForLens:carouselSelectionType:]	
1091b5fe0	1091b60f7	decompiled	chunks/005/functions-000334.c	-[SCLensCarouselSelectionMapper _reloadSpecificSelectionTypeForLens:selectionType:]	
1091b60f8	1091b6103	decompiled	chunks/005/functions-000334.c	-[SCLensCarouselSelectionMapper .cxx_destruct]	
1091b6104	1091b67a7	decompiled	chunks/005/functions-000334.c	-[SCLensCarouselUIController initWithCameraLensesViewControllerManager:cameraViewType:parentViewContainer:lensFeatureContainer:cameraViewDelegate:lsaLensComponent:lensUserProvider:lensInfoButton:lensFavoriteButton:lensFavoritesTabBarButton:lensCollectionsBackButton:lensesTooltip:lensPreferences:lensIconRepository:currentPageTracker:lensTooltipsService:legacyUiUpdateAnnouncer:lensExplorerFromCarouselOverlay:lensCarouselSettings:lensCarouselStudySettings:lensSendToButton:lensSendToTabBarButton:lensEntryPointTracker:lensCarouselApplicator:lensCTAHandler:lensesFeaturesInfoProvider:lensCarouselManager:cameraFeatureCatalog:visibilityController:lensCarouselLensDownloader:lensCarouselCollectionController:]	
1091b67a8	1091b6a8b	decompiled	chunks/005/functions-000334.c	-[SCLensCarouselUIController _subscribeOnCarouselEvents]	
1091b6a8c	1091b6aeb	decompiled	chunks/005/functions-000334.c		
1091b6aec	1091b6b33	decompiled	chunks/005/functions-000334.c		
1091b6b34	1091b6b93	decompiled	chunks/005/functions-000334.c		
1091b6b94	1091b6c77	decompiled	chunks/005/functions-000334.c		
1091b6c78	1091b6cbf	decompiled	chunks/005/functions-000334.c		
1091b6cc0	1091b6e1b	decompiled	chunks/005/functions-000334.c	-[SCLensCarouselUIController _handleLensDownloadEvent:]	
1091b6e1c	1091b6e37	decompiled	chunks/005/functions-000334.c		
1091b6e38	1091b6e6f	decompiled	chunks/005/functions-000334.c		
1091b6e70	1091b6edf	decompiled	chunks/005/functions-000334.c	-[SCLensCarouselUIController _showDownloadHintIfNeedForLens:]	
1091b6ee0	1091b710f	decompiled	chunks/005/functions-000334.c	-[SCLensCarouselUIController _handleCarouselActivated:]	
1091b7110	1091b71c7	decompiled	chunks/005/functions-000334.c	-[SCLensCarouselUIController _handleLensActivated:]	
1091b71c8	1091b71fb	decompiled	chunks/005/functions-000334.c	-[SCLensCarouselUIController _handleFullScreenModeEnabled:]	
1091b71fc	1091b723b	decompiled	chunks/005/functions-000334.c	-[SCLensCarouselUIController _alwaysOnCarouselEnabled]	
1091b723c	1091b72c7	decompiled	chunks/005/functions-000334.c	-[SCLensCarouselUIController dealloc]	
1091b72c8	1091b72ef	decompiled	chunks/005/functions-000334.c	-[SCLensCarouselUIController lensCarouselCollectionController]	
1091b72f0	1091b72f7	decompiled	chunks/005/functions-000334.c	-[SCLensCarouselUIController lensesOpenCloseButton]	
1091b72f8	1091b7357	decompiled	chunks/005/functions-000334.c	-[SCLensCarouselUIController handleCloseLensesAction]	
1091b7358	1091b73cb	decompiled	chunks/005/functions-000334.c	-[SCLensCarouselUIController updateUIElementsVisibilityForLens:]	
1091b73cc	1091b73d3	decompiled	chunks/005/functions-000334.c	-[SCLensCarouselUIController setCloseButtonHidden:]	
1091b73d4	1091b747b	decompiled	chunks/005/functions-000334.c	-[SCLensCarouselUIController activeLensIcon]	
1091b747c	1091b7483	decompiled	chunks/005/functions-000335.c	-[SCLensCarouselUIController pointInsideAnyLensView:]	
1091b7484	1091b7533	decompiled	chunks/005/functions-000335.c	-[SCLensCarouselUIController showTapToDownloadHint:animated:]	
1091b7534	1091b753f	decompiled	chunks/005/functions-000335.c	-[SCLensCarouselUIController cleanup]	
1091b7540	1091b756b	decompiled	chunks/005/functions-000335.c	-[SCLensCarouselUIController _setupCarouselFeaturesOnDidTurnOffLens]	
1091b756c	1091b75eb	decompiled	chunks/005/functions-000335.c	-[SCLensCarouselUIController showCallToActionViewForLens:]	
1091b75ec	1091b75f3	decompiled	chunks/005/functions-000335.c	-[SCLensCarouselUIController closeButtonSetHiddenByLens]	
1091b75f4	1091b7637	decompiled	chunks/005/functions-000335.c	-[SCLensCarouselUIController appliedLensId]	
1091b7638	1091b764f	decompiled	chunks/005/functions-000335.c	-[SCLensCarouselUIController parentView]	
1091b7650	1091b7677	decompiled	chunks/005/functions-000335.c	-[SCLensCarouselUIController hidableViewContainer]	
1091b7678	1091b769f	decompiled	chunks/005/functions-000335.c	-[SCLensCarouselUIController lensCarouselContainerView]	
1091b76a0	1091b76db	decompiled	chunks/005/functions-000335.c	-[SCLensCarouselUIController activeLens]	
1091b76dc	1091b771b	decompiled	chunks/005/functions-000335.c	-[SCLensCarouselUIController setActiveLens:]	
1091b771c	1091b777b	decompiled	chunks/005/functions-000335.c	-[SCLensCarouselUIController _appliedLens]	
1091b777c	1091b7833	decompiled	chunks/005/functions-000335.c	-[SCLensCarouselUIController _setupLensProcessingConsumers]	
1091b7834	1091b7987	decompiled	chunks/005/functions-000335.c		
1091b7988	1091b79bb	decompiled	chunks/005/functions-000335.c		
1091b79bc	1091b79c3	decompiled	chunks/005/functions-000335.c	-[SCLensCarouselUIController _resetLensProcessingConsumers]	
1091b79c4	1091b79cb	decompiled	chunks/005/functions-000335.c	-[SCLensCarouselUIController legacyUiUpdateAnnouncer]	
1091b79cc	1091b7b43	decompiled	chunks/005/functions-000335.c	-[SCLensCarouselUIController .cxx_destruct]	
1091b7b44	1091b7bb7	decompiled	chunks/005/functions-000335.c	-[SCWindowTrackingView initWithDelegate:]	
1091b7bb8	1091b7bf3	decompiled	chunks/005/functions-000335.c	-[SCWindowTrackingView didMoveToWindow]	
1091b7bf4	1091b7c4f	decompiled	chunks/005/functions-000335.c	-[SCWindowTrackingView willMoveToWindow:]	
1091b7c50	1091b7c57	decompiled	chunks/005/functions-000335.c	-[SCWindowTrackingView hitTest:withEvent:]	
1091b7c58	1091b7c67	decompiled	chunks/005/functions-000335.c	-[SCWindowTrackingView .cxx_destruct]	
1091b7c68	1091b7d03	decompiled	chunks/005/functions-000335.c	-[SCLensCarouselCameraTimerLayoutProvider initWithLensCarouselContainerView:cameraTimer:]	
1091b7d04	1091b7d2b	decompiled	chunks/005/functions-000335.c	-[SCLensCarouselCameraTimerLayoutProvider cameraTimerLayoutGuide]	
1091b7d2c	1091b7d33	decompiled	chunks/005/functions-000335.c	-[SCLensCarouselCameraTimerLayoutProvider updateLayoutForMiniCameraActive:]	
1091b7d34	1091b7d9f	decompiled	chunks/005/functions-000335.c	-[SCLensCarouselCameraTimerLayoutProvider _setupLayout]	
1091b7da0	1091b7e07	decompiled	chunks/005/functions-000335.c	-[SCLensCarouselCameraTimerLayoutProvider _setupLayoutGuide]	
1091b7e08	1091b7fef	decompiled	chunks/005/functions-000335.c	-[SCLensCarouselCameraTimerLayoutProvider _setupFallbackConstraints]	
1091b7ff0	1091b81a7	decompiled	chunks/005/functions-000335.c	-[SCLensCarouselCameraTimerLayoutProvider _updateFallbackConstraintsIfNeeded]	
1091b81a8	1091b83fb	decompiled	chunks/005/functions-000335.c	-[SCLensCarouselCameraTimerLayoutProvider _setupCameraTimerConstraints]	
1091b83fc	1091b8483	decompiled	chunks/005/functions-000335.c	-[SCLensCarouselCameraTimerLayoutProvider _updateActiveConstraints]	
1091b8484	1091b86c7	decompiled	chunks/005/functions-000335.c	-[SCLensCarouselCameraTimerLayoutProvider _setupCameraTimerWindowTrackingView]	
1091b86c8	1091b8723	decompiled	chunks/005/functions-000335.c	-[SCLensCarouselCameraTimerLayoutProvider view:willMoveToWindow:]	
1091b8724	1091b8727	decompiled	chunks/005/functions-000335.c	-[SCLensCarouselCameraTimerLayoutProvider viewDidMoveToWindow:]	
1091b8728	1091b87a3	decompiled	chunks/005/functions-000335.c	-[SCLensCarouselCameraTimerLayoutProvider .cxx_destruct]	
1091b87a4	1091b8863	decompiled	chunks/005/functions-000335.c	-[SCLensSubPickerBaseCell initWithFrame:]	
1091b8864	1091b895b	decompiled	chunks/005/functions-000335.c	-[SCLensSubPickerBaseCell initializeLoadingIndicator]	
1091b895c	1091b8fc3	decompiled	chunks/005/functions-000335.c	-[SCLensSubPickerBaseCell initizlizeImageView]	
1091b8fc4	1091b90a7	decompiled	chunks/005/functions-000335.c	-[SCLensSubPickerBaseCell prepareForReuse]	
1091b90a8	1091b90b7	decompiled	chunks/005/functions-000335.c	-[SCLensSubPickerBaseCell image]	
1091b90b8	1091b9147	decompiled	chunks/005/functions-000335.c	-[SCLensSubPickerBaseCell setImage:]	
1091b9148	1091b9157	decompiled	chunks/005/functions-000335.c	-[SCLensSubPickerBaseCell setSelectionMode:]	
1091b9158	1091b925b	decompiled	chunks/005/functions-000335.c	-[SCLensSubPickerBaseCell setChecked:]	
1091b925c	1091b92ef	decompiled	chunks/005/functions-000335.c		
1091b92f0	1091b92f3	decompiled	chunks/005/functions-000335.c		
1091b92f4	1091b935b	decompiled	chunks/005/functions-000335.c	-[SCLensSubPickerBaseCell setLoadingIndicatorActive:]	
1091b935c	1091b94df	decompiled	chunks/005/functions-000335.c	-[SCLensSubPickerBaseCell setImageFuture:]	
1091b94e0	1091b954b	decompiled	chunks/005/functions-000335.c		
1091b954c	1091b9633	decompiled	chunks/005/functions-000335.c	-[SCLensSubPickerBaseCell setDisabled:]	
1091b9634	1091b96ef	decompiled	chunks/005/functions-000335.c	-[SCLensSubPickerBaseCell updateAccessibilityIdForIndexPath:]	
1091b96f0	1091b98df	decompiled	chunks/005/functions-000335.c	-[SCLensSubPickerBaseCell _configureSelectedState]	
1091b98e0	1091b98ef	decompiled	chunks/005/functions-000335.c	-[SCLensSubPickerBaseCell currentLoadingIndentifier]	
1091b98f0	1091b992f	decompiled	chunks/005/functions-000335.c	-[SCLensSubPickerBaseCell setCurrentLoadingIndentifier:]	
1091b9930	1091b993f	decompiled	chunks/005/functions-000335.c	-[SCLensSubPickerBaseCell checked]	
1091b9940	1091b994f	decompiled	chunks/005/functions-000335.c	-[SCLensSubPickerBaseCell disabled]	
1091b9950	1091b995f	decompiled	chunks/005/functions-000335.c	-[SCLensSubPickerBaseCell selectionMode]	
1091b9960	1091b996f	decompiled	chunks/005/functions-000335.c	-[SCLensSubPickerBaseCell selectedBorderColor]	
1091b9970	1091b99af	decompiled	chunks/005/functions-000335.c	-[SCLensSubPickerBaseCell setSelectedBorderColor:]	
1091b99b0	1091b99cf	decompiled	chunks/005/functions-000335.c	-[SCLensSubPickerBaseCell selectedTransform]	
1091b99d0	1091b99ef	decompiled	chunks/005/functions-000335.c	-[SCLensSubPickerBaseCell setSelectedTransform:]	
1091b99f0	1091b9a8f	decompiled	chunks/005/functions-000335.c	-[SCLensSubPickerBaseCell .cxx_destruct]	
1091b9a90	1091b9ae7	decompiled	chunks/005/functions-000335.c	-[SCLensSubPickerImageCell initWithFrame:]	
1091b9ae8	1091b9b7b	decompiled	chunks/005/functions-000335.c	-[SCLensSubPickerImageCell updateAccessibilityIdForIndexPath:]	
1091b9b7c	1091b9bdb	decompiled	chunks/005/functions-000335.c	-[SCLensSubPickerVideoCell initWithFrame:]	
1091b9bdc	1091b9eef	decompiled	chunks/005/functions-000335.c	-[SCLensSubPickerVideoCell initializeDurationLabel]	
1091b9ef0	1091b9feb	decompiled	chunks/005/functions-000335.c	-[SCLensSubPickerVideoCell loadEditButtonIfNeeded]	
1091b9fec	1091b9ffb	decompiled	chunks/005/functions-000335.c	-[SCLensSubPickerVideoCell setDuration:]	
1091b9ffc	1091ba00b	decompiled	chunks/005/functions-000335.c	-[SCLensSubPickerVideoCell setEditingEnabled:]	
1091ba00c	1091ba053	decompiled	chunks/005/functions-000335.c	-[SCLensSubPickerVideoCell setSelected:]	
1091ba054	1091ba0a3	decompiled	chunks/005/functions-000335.c	-[SCLensSubPickerVideoCell setChecked:]	
1091ba0a4	1091ba0db	decompiled	chunks/005/functions-000335.c	-[SCLensSubPickerVideoCell editButtonTapped]	
1091ba0dc	1091ba133	decompiled	chunks/005/functions-000335.c	-[SCLensSubPickerVideoCell updateEditButtonState]	
1091ba134	1091ba17b	decompiled	chunks/005/functions-000335.c	-[SCLensSubPickerVideoCell updateDurationLabelState]	
1091ba17c	1091ba20f	decompiled	chunks/005/functions-000335.c	-[SCLensSubPickerVideoCell updateAccessibilityIdForIndexPath:]	
1091ba210	1091ba21f	decompiled	chunks/005/functions-000335.c	-[SCLensSubPickerVideoCell editingEnabled]	
1091ba220	1091ba23f	decompiled	chunks/005/functions-000335.c	-[SCLensSubPickerVideoCell delegate]	
1091ba240	1091ba253	decompiled	chunks/005/functions-000335.c	-[SCLensSubPickerVideoCell setDelegate:]	
1091ba254	1091ba29f	decompiled	chunks/005/functions-000335.c	-[SCLensSubPickerVideoCell .cxx_destruct]	
1091ba2a0	1091ba6e3	decompiled	chunks/005/functions-000335.c	-[SCLensMediaAndPresetPickerControllerV2 initWithBottomViewContainer:lensLogger:presetsComponent:externalImageComponent:effectSuspendable:photoFaceImageProvider:lensCrashLogger:photoPermissionCoordinator:standardPickerUIContainer:videoEditingUIContainer:standardMediaPickerMediaTypes:mediaAssetManager:videoEditingLauncher:videoEditingScopeServices:videoEditingEnabled:modalPresentationEnabled:batchSize:hideArrow:lensOptionSourceType:imageTrackingCompressionLevel:selectionLimit:didEnterBackgroundObservable:studySettingsProvider:]	
1091ba6e4	1091baa5f	decompiled	chunks/005/functions-000335.c	-[SCLensMediaAndPresetPickerControllerV2 initializePickerFeature:resultFeatures:modalPresentationEnabled:]	
1091baa60	1091baba3	decompiled	chunks/005/functions-000335.c		
1091baba4	1091bac6b	decompiled	chunks/005/functions-000335.c		
1091bac6c	1091bac6f	decompiled	chunks/005/functions-000335.c		
1091bac70	1091badd7	decompiled	chunks/005/functions-000335.c		
1091badd8	1091bae53	decompiled	chunks/005/functions-000335.c		
1091bae54	1091bae9b	decompiled	chunks/005/functions-000335.c		
1091bae9c	1091bb13f	decompiled	chunks/005/functions-000335.c		
1091bb140	1091bb243	decompiled	chunks/005/functions-000335.c		
1091bb244	1091bb2e7	decompiled	chunks/005/functions-000335.c	-[SCLensMediaAndPresetPickerControllerV2 safeCollectionUpdate:completion:]	
1091bb2e8	1091bb34b	decompiled	chunks/005/functions-000335.c	-[SCLensMediaAndPresetPickerControllerV2 dealloc]	
1091bb34c	1091bb7b7	decompiled	chunks/005/functions-000335.c	-[SCLensMediaAndPresetPickerControllerV2 setUpWarningMessageLabel]	
1091bb7b8	1091bc16f	decompiled	chunks/005/functions-000335.c	-[SCLensMediaAndPresetPickerControllerV2 setUpPhotoAccessPromptView]	
1091bc170	1091bc32f	decompiled	chunks/005/functions-000335.c	-[SCLensMediaAndPresetPickerControllerV2 showAnimated:]	
1091bc330	1091bc467	decompiled	chunks/005/functions-000335.c		
1091bc468	1091bc46f	decompiled	chunks/005/functions-000335.c		
1091bc470	1091bc503	decompiled	chunks/005/functions-000335.c		
1091bc504	1091bc5af	decompiled	chunks/005/functions-000335.c	-[SCLensMediaAndPresetPickerControllerV2 hideAnimated:completion:]	
1091bc5b0	1091bc613	decompiled	chunks/005/functions-000335.c		
1091bc614	1091bc997	decompiled	chunks/005/functions-000336.c	-[SCLensMediaAndPresetPickerControllerV2 innerSelectOptionAtIndexPath:cellToSelect:]	
1091bc998	1091bca63	decompiled	chunks/005/functions-000336.c		
1091bca64	1091bca6f	decompiled	chunks/005/functions-000336.c		
1091bca70	1091bcb4b	decompiled	chunks/005/functions-000336.c		
1091bcb4c	1091bcc0f	decompiled	chunks/005/functions-000336.c		
1091bcc10	1091bce0f	decompiled	chunks/005/functions-000336.c	-[SCLensMediaAndPresetPickerControllerV2 _receivedImage:forItemAtIndexPath:loadingId:imageId:normalizedFaceRects:]	
1091bce10	1091bd06f	decompiled	chunks/005/functions-000336.c		
1091bd070	1091bd0c7	decompiled	chunks/005/functions-000336.c		
1091bd0c8	1091bd19b	decompiled	chunks/005/functions-000336.c		
1091bd19c	1091bd2db	decompiled	chunks/005/functions-000336.c	-[SCLensMediaAndPresetPickerControllerV2 _receiveVideoURL:forItemAtIndexPath:loadingId:videoId:]	
1091bd2dc	1091bd327	decompiled	chunks/005/functions-000336.c	-[SCLensMediaAndPresetPickerControllerV2 _failToReceiveVideoForIndexPath:error:]	
1091bd328	1091bd52b	decompiled	chunks/005/functions-000336.c	-[SCLensMediaAndPresetPickerControllerV2 _presentVideoEditingForURL:forItemAtIndexPath:videoId:]	
1091bd52c	1091bd5e3	decompiled	chunks/005/functions-000336.c		
1091bd5e4	1091bd943	decompiled	chunks/005/functions-000336.c	-[SCLensMediaAndPresetPickerControllerV2 _setExternalVideoForURL:forItemAtIndexPath:videoId:]	
1091bd944	1091bda1f	decompiled	chunks/005/functions-000336.c		
1091bda20	1091bda9b	decompiled	chunks/005/functions-000336.c		
1091bda9c	1091bdb7b	decompiled	chunks/005/functions-000336.c	-[SCLensMediaAndPresetPickerControllerV2 showNoImagesWarningIfNeeded]	
1091bdb7c	1091bdbd3	decompiled	chunks/005/functions-000336.c	-[SCLensMediaAndPresetPickerControllerV2 hideNoImagesWarning]	
1091bdbd4	1091bdc0f	decompiled	chunks/005/functions-000336.c	-[SCLensMediaAndPresetPickerControllerV2 currentMediaTypes]	
1091bdc10	1091bdce7	decompiled	chunks/005/functions-000336.c	-[SCLensMediaAndPresetPickerControllerV2 showWarningWithText:]	
1091bdce8	1091bde27	decompiled	chunks/005/functions-000336.c	-[SCLensMediaAndPresetPickerControllerV2 setPhotoPermissionsPromptHidden:]	
1091bde28	1091bde63	decompiled	chunks/005/functions-000336.c	-[SCLensMediaAndPresetPickerControllerV2 _didTapAllowButton]	
1091bde64	1091bdf33	decompiled	chunks/005/functions-000336.c	-[SCLensMediaAndPresetPickerControllerV2 _hideLoadingForCellAtIndexPath:]	
1091bdf34	1091bdfd7	decompiled	chunks/005/functions-000336.c		
1091bdfd8	1091be17b	decompiled	chunks/005/functions-000336.c	-[SCLensMediaAndPresetPickerControllerV2 _contentUriForImage:withAssetIdentifier:indexPath:]	
1091be17c	1091be247	decompiled	chunks/005/functions-000336.c	-[SCLensMediaAndPresetPickerControllerV2 lensSubPickerImageProvider:didUpdateWithImageCount:canProcessMore:]	
1091be248	1091be3bb	decompiled	chunks/005/functions-000336.c	-[SCLensMediaAndPresetPickerControllerV2 videoCellDidTapEditButton:]	
1091be3bc	1091be3bf	decompiled	chunks/005/functions-000336.c	-[SCLensMediaAndPresetPickerControllerV2 mediaPickerDidUnselectIndexPath:]	
1091be3c0	1091be703	decompiled	chunks/005/functions-000336.c	-[SCLensMediaAndPresetPickerControllerV2 previouslySelectedAssetIdentifiersMap]	
1091be704	1091be713	decompiled	chunks/005/functions-000336.c	-[SCLensMediaAndPresetPickerControllerV2 warningMessageLabel]	
1091be714	1091be753	decompiled	chunks/005/functions-000336.c	-[SCLensMediaAndPresetPickerControllerV2 setWarningMessageLabel:]	
1091be754	1091be763	decompiled	chunks/005/functions-000336.c	-[SCLensMediaAndPresetPickerControllerV2 photoAccessPromptView]	
1091be764	1091be7a3	decompiled	chunks/005/functions-000336.c	-[SCLensMediaAndPresetPickerControllerV2 setPhotoAccessPromptView:]	
1091be7a4	1091be7b3	decompiled	chunks/005/functions-000336.c	-[SCLensMediaAndPresetPickerControllerV2 selectedOptionRequestId]	
1091be7b4	1091be7f3	decompiled	chunks/005/functions-000336.c	-[SCLensMediaAndPresetPickerControllerV2 setSelectedOptionRequestId:]	
1091be7f4	1091be8ef	decompiled	chunks/005/functions-000336.c	-[SCLensMediaAndPresetPickerControllerV2 .cxx_destruct]	
1091be8f0	1091beb87	decompiled	chunks/005/functions-000336.c	-[SCLensSubPickerControllerV2 initWithBottomViewContainer:lensLogger:imageProvider:externalImageComponent:pickerFeature:resultFeatures:mediaAssetManager:videoEditingEnabled:batchSize:hideArrow:lensOptionSourceType:selectionLimit:]	
1091beb88	1091bec2b	decompiled	chunks/005/functions-000336.c	-[SCLensSubPickerControllerV2 dealloc]	
1091bec2c	1091bec33	decompiled	chunks/005/functions-000336.c		
1091bec34	1091bef13	decompiled	chunks/005/functions-000336.c	-[SCLensSubPickerControllerV2 setUpViews:]	
1091bef14	1091bef1b	decompiled	chunks/005/functions-000336.c	-[SCLensSubPickerControllerV2 showAnimated:]	
1091bef1c	1091beff3	decompiled	chunks/005/functions-000336.c	-[SCLensSubPickerControllerV2 showAnimated:completion:]	
1091beff4	1091bf033	decompiled	chunks/005/functions-000336.c		
1091bf034	1091bf187	decompiled	chunks/005/functions-000336.c	-[SCLensSubPickerControllerV2 hideAnimated:completion:]	
1091bf188	1091bf1ab	decompiled	chunks/005/functions-000336.c		
1091bf1ac	1091bf203	decompiled	chunks/005/functions-000336.c		
1091bf204	1091bf20b	decompiled	chunks/005/functions-000336.c	-[SCLensSubPickerControllerV2 pointInside:view:]	
1091bf20c	1091bf26f	decompiled	chunks/005/functions-000336.c	-[SCLensSubPickerControllerV2 setOptionIdToRestore:]	
1091bf270	1091bf2b3	decompiled	chunks/005/functions-000336.c	-[SCLensSubPickerControllerV2 pickerContentView]	
1091bf2b4	1091bf33b	decompiled	chunks/005/functions-000336.c	-[SCLensSubPickerControllerV2 setPickerViewFillColor:]	
1091bf33c	1091bf343	decompiled	chunks/005/functions-000336.c	-[SCLensSubPickerControllerV2 selectedOptionIndex]	
1091bf344	1091bf7b7	decompiled	chunks/005/functions-000336.c	-[SCLensSubPickerControllerV2 selectOptionAtIndexPath:]	
1091bf7b8	1091bf82f	decompiled	chunks/005/functions-000336.c	-[SCLensSubPickerControllerV2 innerSelectOptionAtIndexPath:cellToSelect:]	
1091bf830	1091bfab7	decompiled	chunks/005/functions-000336.c	-[SCLensSubPickerControllerV2 deselectOptionAtIndexPath:]	
1091bfab8	1091bfabf	decompiled	chunks/005/functions-000336.c	-[SCLensSubPickerControllerV2 loadNextBatch]	
1091bfac0	1091bfac3	decompiled	chunks/005/functions-000336.c	-[SCLensSubPickerControllerV2 showNoImagesWarningIfNeeded]	
1091bfac4	1091bfac7	decompiled	chunks/005/functions-000336.c	-[SCLensSubPickerControllerV2 hideNoImagesWarning]	
1091bfac8	1091bfc1f	decompiled	chunks/005/functions-000336.c	-[SCLensSubPickerControllerV2 restoreOptionSelectionIfNeededWithCanProcessMoreFlag:]	
1091bfc20	1091bfc27	decompiled	chunks/005/functions-000336.c	-[SCLensSubPickerControllerV2 videoEditingEnabled]	
1091bfc28	1091bfc2f	decompiled	chunks/005/functions-000336.c	-[SCLensSubPickerControllerV2 currentMediaTypes]	
1091bfc30	1091bfc37	decompiled	chunks/005/functions-000336.c	-[SCLensSubPickerControllerV2 imageCollectionView]	
1091bfc38	1091bfc4f	decompiled	chunks/005/functions-000336.c	-[SCLensSubPickerControllerV2 activeFeatures]	
1091bfc50	1091bfd5b	decompiled	chunks/005/functions-000336.c	-[SCLensSubPickerControllerV2 isCollectionInSync]	
1091bfd5c	1091bfdff	decompiled	chunks/005/functions-000336.c	-[SCLensSubPickerControllerV2 notifyUnselectedMediaForIdentifier:]	
1091bfe00	1091bfe03	decompiled	chunks/005/functions-000336.c		
1091bfe04	1091bfe67	decompiled	chunks/005/functions-000336.c	-[SCLensSubPickerControllerV2 _isIndexPathSelected:]	
1091bfe68	1091bfeaf	decompiled	chunks/005/functions-000336.c	-[SCLensSubPickerControllerV2 _isSelectionLimitReached]	
1091bfeb0	1091bfeb7	decompiled	chunks/005/functions-000336.c	-[SCLensSubPickerControllerV2 numberOfSectionsInCollectionView:]	
1091bfeb8	1091bff3f	decompiled	chunks/005/functions-000336.c	-[SCLensSubPickerControllerV2 collectionView:numberOfItemsInSection:]	
1091bff40	1091c0063	decompiled	chunks/005/functions-000336.c	-[SCLensSubPickerControllerV2 collectionView:viewForSupplementaryElementOfKind:atIndexPath:]	
1091c0064	1091c040f	decompiled	chunks/005/functions-000336.c	-[SCLensSubPickerControllerV2 collectionView:cellForItemAtIndexPath:]	
1091c0410	1091c04a7	decompiled	chunks/005/functions-000336.c		
1091c04a8	1091c0613	decompiled	chunks/005/functions-000336.c	-[SCLensSubPickerControllerV2 collectionView:shouldSelectItemAtIndexPath:]	
1091c0614	1091c061b	decompiled	chunks/005/functions-000336.c	-[SCLensSubPickerControllerV2 collectionView:didSelectItemAtIndexPath:]	
1091c061c	1091c06a3	decompiled	chunks/005/functions-000336.c	-[SCLensSubPickerControllerV2 collectionView:layout:sizeForItemAtIndexPath:]	
1091c06a4	1091c06c7	decompiled	chunks/005/functions-000336.c	-[SCLensSubPickerControllerV2 collectionView:layout:referenceSizeForHeaderInSection:]	
1091c06c8	1091c0817	decompiled	chunks/005/functions-000336.c	-[SCLensSubPickerControllerV2 collectionView:willDisplayCell:forItemAtIndexPath:]	
1091c0818	1091c081b	decompiled	chunks/005/functions-000336.c	-[SCLensSubPickerControllerV2 scrollViewDidScroll:]	
1091c081c	1091c081f	decompiled	chunks/005/functions-000336.c	-[SCLensSubPickerControllerV2 scrollViewDidEndScrollingAnimation:]	
1091c0820	1091c0823	decompiled	chunks/005/functions-000336.c	-[SCLensSubPickerControllerV2 scrollViewDidEndDecelerating:]	
1091c0824	1091c0afb	decompiled	chunks/005/functions-000336.c	-[SCLensSubPickerControllerV2 lensSubPickerImageProvider:didUpdateWithImageCount:canProcessMore:]	
1091c0afc	1091c0ccf	decompiled	chunks/005/functions-000336.c		
1091c0cd0	1091c0d0f	decompiled	chunks/005/functions-000336.c		
1091c0d10	1091c0ddf	decompiled	chunks/005/functions-000336.c		
1091c0de0	1091c0de3	decompiled	chunks/005/functions-000336.c		
1091c0de4	1091c0eab	decompiled	chunks/005/functions-000336.c	-[SCLensSubPickerControllerV2 _loadNextBatchIfNeeded]	
1091c0eac	1091c0f1b	decompiled	chunks/005/functions-000336.c	-[SCLensSubPickerControllerV2 _loadNextBatch]	
1091c0f1c	1091c107f	decompiled	chunks/005/functions-000336.c	-[SCLensSubPickerControllerV2 layoutCollectionViewIfNeededWithAnimation:]	
1091c1080	1091c10b7	decompiled	chunks/005/functions-000336.c		
1091c10b8	1091c115b	decompiled	chunks/005/functions-000336.c	-[SCLensSubPickerControllerV2 _configureCellSelectionState:atIndexPath:]	
1091c115c	1091c12fb	decompiled	chunks/005/functions-000336.c	-[SCLensSubPickerControllerV2 _refreshVisibleItems]	
1091c12fc	1091c133b	decompiled	chunks/005/functions-000336.c	-[SCLensSubPickerControllerV2 _refreshVisibleItemsIfSelectionLimitReached]	
1091c133c	1091c13a7	decompiled	chunks/005/functions-000336.c	-[SCLensSubPickerControllerV2 _configureHeaderView:]	
1091c13a8	1091c13b3	decompiled	chunks/005/functions-000336.c	-[SCLensSubPickerControllerV2 _headerViewTapped]	
1091c13b4	1091c13b7	decompiled	chunks/005/functions-000336.c	-[SCLensSubPickerControllerV2 videoCellDidTapEditButton:]	
1091c13b8	1091c13bf	decompiled	chunks/005/functions-000336.c	-[SCLensSubPickerControllerV2 selectedIndexPaths]	
1091c13c0	1091c13ef	decompiled	chunks/005/functions-000336.c	-[SCLensSubPickerControllerV2 setSelectedIndexPaths:]	
1091c13f0	1091c13f7	decompiled	chunks/005/functions-000336.c	-[SCLensSubPickerControllerV2 resultFeatures]	
1091c13f8	1091c1427	decompiled	chunks/005/functions-000336.c	-[SCLensSubPickerControllerV2 setResultFeatures:]	
1091c1428	1091c143f	decompiled	chunks/005/functions-000336.c	-[SCLensSubPickerControllerV2 delegate]	
1091c1440	1091c144b	decompiled	chunks/005/functions-000337.c	-[SCLensSubPickerControllerV2 setDelegate:]	
1091c144c	1091c1453	decompiled	chunks/005/functions-000337.c	-[SCLensSubPickerControllerV2 selectedItemBorderColor]	
1091c1454	1091c1483	decompiled	chunks/005/functions-000337.c	-[SCLensSubPickerControllerV2 setSelectedItemBorderColor:]	
1091c1484	1091c148b	decompiled	chunks/005/functions-000337.c	-[SCLensSubPickerControllerV2 pickerViewFillColor]	
1091c148c	1091c14a3	decompiled	chunks/005/functions-000337.c	-[SCLensSubPickerControllerV2 selectedItemTransform]	
1091c14a4	1091c14bb	decompiled	chunks/005/functions-000337.c	-[SCLensSubPickerControllerV2 setSelectedItemTransform:]	
1091c14bc	1091c14c3	decompiled	chunks/005/functions-000337.c	-[SCLensSubPickerControllerV2 lensLogger]	
1091c14c4	1091c14cb	decompiled	chunks/005/functions-000337.c	-[SCLensSubPickerControllerV2 imageProvider]	
1091c14cc	1091c14fb	decompiled	chunks/005/functions-000337.c	-[SCLensSubPickerControllerV2 setImageProvider:]	
1091c14fc	1091c1503	decompiled	chunks/005/functions-000337.c	-[SCLensSubPickerControllerV2 externalImageComponent]	
1091c1504	1091c1533	decompiled	chunks/005/functions-000337.c	-[SCLensSubPickerControllerV2 setExternalImageComponent:]	
1091c1534	1091c153b	decompiled	chunks/005/functions-000337.c	-[SCLensSubPickerControllerV2 mediaAssetManager]	
1091c153c	1091c156b	decompiled	chunks/005/functions-000337.c	-[SCLensSubPickerControllerV2 setMediaAssetManager:]	
1091c156c	1091c1583	decompiled	chunks/005/functions-000337.c	-[SCLensSubPickerControllerV2 parentView]	
1091c1584	1091c158f	decompiled	chunks/005/functions-000337.c	-[SCLensSubPickerControllerV2 setParentView:]	
1091c1590	1091c15a7	decompiled	chunks/005/functions-000337.c	-[SCLensSubPickerControllerV2 lensContainer]	
1091c15a8	1091c15b3	decompiled	chunks/005/functions-000337.c	-[SCLensSubPickerControllerV2 setLensContainer:]	
1091c15b4	1091c15bb	decompiled	chunks/005/functions-000337.c	-[SCLensSubPickerControllerV2 subPickerView]	
1091c15bc	1091c1693	decompiled	chunks/005/functions-000337.c	-[SCLensSubPickerControllerV2 .cxx_destruct]	
1091c1694	1091c1adb	decompiled	chunks/005/functions-000337.c	-[SCLensMediaAndPresetPickerController initWithBottomViewContainer:lensLogger:presetsComponent:externalImageComponent:effectSuspendable:photoFaceImageProvider:lensCrashLogger:photoPermissionCoordinator:standardPickerUIContainer:videoEditingUIContainer:standardMediaPickerMediaTypes:mediaAssetManager:videoEditingLauncher:videoEditingScopeServices:videoEditingEnabled:modalPresentationEnabled:batchSize:hideArrow:lensOptionSourceType:imageTrackingCompressionLevel:selectionLimit:didEnterBackgroundObservable:studySettingsProvider:]	
1091c1adc	1091c1ebf	decompiled	chunks/005/functions-000337.c	-[SCLensMediaAndPresetPickerController initializePickerFeature:resultFeature:modalPresentationEnabled:]	
1091c1ec0	1091c1ff7	decompiled	chunks/005/functions-000337.c		
1091c1ff8	1091c20bf	decompiled	chunks/005/functions-000337.c		
1091c20c0	1091c21a3	decompiled	chunks/005/functions-000337.c		
1091c21a4	1091c221b	decompiled	chunks/005/functions-000337.c		
1091c221c	1091c245f	decompiled	chunks/005/functions-000337.c		
1091c2460	1091c2563	decompiled	chunks/005/functions-000337.c		
1091c2564	1091c25d7	decompiled	chunks/005/functions-000337.c	-[SCLensMediaAndPresetPickerController safeCollectionUpdate:]	
1091c25d8	1091c263b	decompiled	chunks/005/functions-000337.c	-[SCLensMediaAndPresetPickerController dealloc]	
1091c263c	1091c2aa7	decompiled	chunks/005/functions-000337.c	-[SCLensMediaAndPresetPickerController setUpWarningMessageLabel]	
1091c2aa8	1091c345f	decompiled	chunks/005/functions-000337.c	-[SCLensMediaAndPresetPickerController setUpPhotoAccessPromptView]	
1091c3460	1091c361f	decompiled	chunks/005/functions-000337.c	-[SCLensMediaAndPresetPickerController showAnimated:]	
1091c3620	1091c3757	decompiled	chunks/005/functions-000337.c		
1091c3758	1091c375f	decompiled	chunks/005/functions-000337.c		
1091c3760	1091c37f3	decompiled	chunks/005/functions-000337.c		
1091c37f4	1091c389f	decompiled	chunks/005/functions-000337.c	-[SCLensMediaAndPresetPickerController hideAnimated:completion:]	
1091c38a0	1091c3903	decompiled	chunks/005/functions-000337.c		
1091c3904	1091c3c87	decompiled	chunks/005/functions-000337.c	-[SCLensMediaAndPresetPickerController innerSelectOptionAtIndexPath:cellToSelect:]	
1091c3c88	1091c3d53	decompiled	chunks/005/functions-000337.c		
1091c3d54	1091c3d5f	decompiled	chunks/005/functions-000337.c		
1091c3d60	1091c3e3b	decompiled	chunks/005/functions-000337.c		
1091c3e3c	1091c3eff	decompiled	chunks/005/functions-000337.c		
1091c3f00	1091c410b	decompiled	chunks/005/functions-000337.c	-[SCLensMediaAndPresetPickerController _receivedImage:forItemAtIndexPath:loadingId:imageId:normalizedFaceRects:]	
1091c410c	1091c436b	decompiled	chunks/005/functions-000337.c		
1091c436c	1091c43c3	decompiled	chunks/005/functions-000337.c		
1091c43c4	1091c4497	decompiled	chunks/005/functions-000337.c		
1091c4498	1091c45d7	decompiled	chunks/005/functions-000337.c	-[SCLensMediaAndPresetPickerController _receiveVideoURL:forItemAtIndexPath:loadingId:videoId:]	
1091c45d8	1091c45ef	decompiled	chunks/005/functions-000337.c	-[SCLensMediaAndPresetPickerController _failToReceiveVideoForIndexPath:error:]	
1091c45f0	1091c47f3	decompiled	chunks/005/functions-000337.c	-[SCLensMediaAndPresetPickerController _presentVideoEditingForURL:forItemAtIndexPath:videoId:]	
1091c47f4	1091c48ab	decompiled	chunks/005/functions-000337.c		
1091c48ac	1091c4bff	decompiled	chunks/005/functions-000337.c	-[SCLensMediaAndPresetPickerController _setExternalVideoForURL:forItemAtIndexPath:videoId:]	
1091c4c00	1091c4cdb	decompiled	chunks/005/functions-000337.c		
1091c4cdc	1091c4d57	decompiled	chunks/005/functions-000337.c		
1091c4d58	1091c4e37	decompiled	chunks/005/functions-000337.c	-[SCLensMediaAndPresetPickerController showNoImagesWarningIfNeeded]	
1091c4e38	1091c4e8f	decompiled	chunks/005/functions-000337.c	-[SCLensMediaAndPresetPickerController hideNoImagesWarning]	
1091c4e90	1091c4ecb	decompiled	chunks/005/functions-000337.c	-[SCLensMediaAndPresetPickerController currentMediaTypes]	
1091c4ecc	1091c4eff	decompiled	chunks/005/functions-000337.c	-[SCLensMediaAndPresetPickerController videoEditingEnabled]	
1091c4f00	1091c4fd7	decompiled	chunks/005/functions-000337.c	-[SCLensMediaAndPresetPickerController showWarningWithText:]	
1091c4fd8	1091c5117	decompiled	chunks/005/functions-000337.c	-[SCLensMediaAndPresetPickerController setPhotoPermissionsPromptHidden:]	
1091c5118	1091c5153	decompiled	chunks/005/functions-000337.c	-[SCLensMediaAndPresetPickerController _didTapAllowButton]	
1091c5154	1091c5223	decompiled	chunks/005/functions-000337.c	-[SCLensMediaAndPresetPickerController _hideLoadingForCellAtIndexPath:]	
1091c5224	1091c52c7	decompiled	chunks/005/functions-000337.c		
1091c52c8	1091c546b	decompiled	chunks/005/functions-000337.c	-[SCLensMediaAndPresetPickerController _contentUriForImage:withAssetIdentifier:indexPath:]	
1091c546c	1091c5537	decompiled	chunks/005/functions-000337.c	-[SCLensMediaAndPresetPickerController lensSubPickerImageProvider:didUpdateWithImageCount:canProcessMore:]	
1091c5538	1091c55fb	decompiled	chunks/005/functions-000337.c	-[SCLensMediaAndPresetPickerController videoCellDidTapEditButton:]	
1091c55fc	1091c560b	decompiled	chunks/005/functions-000337.c	-[SCLensMediaAndPresetPickerController warningMessageLabel]	
1091c560c	1091c564b	decompiled	chunks/005/functions-000337.c	-[SCLensMediaAndPresetPickerController setWarningMessageLabel:]	
1091c564c	1091c565b	decompiled	chunks/005/functions-000337.c	-[SCLensMediaAndPresetPickerController photoAccessPromptView]	
1091c565c	1091c569b	decompiled	chunks/005/functions-000337.c	-[SCLensMediaAndPresetPickerController setPhotoAccessPromptView:]	
1091c569c	1091c56ab	decompiled	chunks/005/functions-000337.c	-[SCLensMediaAndPresetPickerController selectedOptionRequestId]	
1091c56ac	1091c56eb	decompiled	chunks/005/functions-000337.c	-[SCLensMediaAndPresetPickerController setSelectedOptionRequestId:]	
1091c56ec	1091c57e7	decompiled	chunks/005/functions-000337.c	-[SCLensMediaAndPresetPickerController .cxx_destruct]	
1091c57e8	1091c5a2f	decompiled	chunks/005/functions-000337.c	-[SCLensSubPickerController initWithBottomViewContainer:lensLogger:imageProvider:externalImageComponent:pickerFeature:resultFeature:mediaAssetManager:videoEditingEnabled:batchSize:hideArrow:lensOptionSourceType:selectionLimit:]	
1091c5a30	1091c5aaf	decompiled	chunks/005/functions-000337.c	-[SCLensSubPickerController dealloc]	
1091c5ab0	1091c5abb	decompiled	chunks/005/functions-000337.c		
1091c5abc	1091c5d7f	decompiled	chunks/005/functions-000337.c	-[SCLensSubPickerController setUpViews:]	
1091c5d80	1091c5d87	decompiled	chunks/005/functions-000337.c	-[SCLensSubPickerController showAnimated:]	
1091c5d88	1091c5e2b	decompiled	chunks/005/functions-000337.c	-[SCLensSubPickerController showAnimated:completion:]	
1091c5e2c	1091c5f6f	decompiled	chunks/005/functions-000337.c	-[SCLensSubPickerController hideAnimated:completion:]	
1091c5f70	1091c5f93	decompiled	chunks/005/functions-000337.c		
1091c5f94	1091c5feb	decompiled	chunks/005/functions-000337.c		
1091c5fec	1091c5ff3	decompiled	chunks/005/functions-000337.c	-[SCLensSubPickerController pointInside:view:]	
1091c5ff4	1091c6057	decompiled	chunks/005/functions-000337.c	-[SCLensSubPickerController setOptionIdToRestore:]	
1091c6058	1091c609b	decompiled	chunks/005/functions-000337.c	-[SCLensSubPickerController pickerContentView]	
1091c609c	1091c6123	decompiled	chunks/005/functions-000337.c	-[SCLensSubPickerController setPickerViewFillColor:]	
1091c6124	1091c61b3	decompiled	chunks/005/functions-000337.c	-[SCLensSubPickerController selectedOptionIndexPath]	
1091c61b4	1091c620f	decompiled	chunks/005/functions-000337.c	-[SCLensSubPickerController selectedOptionIndex]	
1091c6210	1091c670f	decompiled	chunks/005/functions-000337.c	-[SCLensSubPickerController selectOptionAtIndexPath:]	
1091c6710	1091c6793	decompiled	chunks/005/functions-000337.c	-[SCLensSubPickerController innerSelectOptionAtIndexPath:cellToSelect:]	
1091c6794	1091c679b	decompiled	chunks/005/functions-000337.c	-[SCLensSubPickerController loadNextBatch]	
1091c679c	1091c679f	decompiled	chunks/005/functions-000337.c	-[SCLensSubPickerController showNoImagesWarningIfNeeded]	
1091c67a0	1091c67a3	decompiled	chunks/005/functions-000337.c	-[SCLensSubPickerController hideNoImagesWarning]	
1091c67a4	1091c68c3	decompiled	chunks/005/functions-000337.c	-[SCLensSubPickerController restoreOptionSelectionIfNeededWithCanProcessMoreFlag:]	
1091c68c4	1091c68cb	decompiled	chunks/005/functions-000337.c	-[SCLensSubPickerController videoEditingEnabled]	
1091c68cc	1091c68d3	decompiled	chunks/005/functions-000337.c	-[SCLensSubPickerController currentMediaTypes]	
1091c68d4	1091c68db	decompiled	chunks/005/functions-000337.c	-[SCLensSubPickerController imageCollectionView]	
1091c68dc	1091c6967	decompiled	chunks/005/functions-000337.c	-[SCLensSubPickerController activeFeatures]	
1091c6968	1091c6a73	decompiled	chunks/005/functions-000337.c	-[SCLensSubPickerController isCollectionInSync]	
1091c6a74	1091c6b17	decompiled	chunks/005/functions-000337.c	-[SCLensSubPickerController notifyUnselectedMediaForIdentifier:]	
1091c6b18	1091c6b1b	decompiled	chunks/005/functions-000337.c		
1091c6b1c	1091c6b23	decompiled	chunks/005/functions-000338.c	-[SCLensSubPickerController numberOfSectionsInCollectionView:]	
1091c6b24	1091c6bab	decompiled	chunks/005/functions-000338.c	-[SCLensSubPickerController collectionView:numberOfItemsInSection:]	
1091c6bac	1091c6fb3	decompiled	chunks/005/functions-000338.c	-[SCLensSubPickerController collectionView:cellForItemAtIndexPath:]	
1091c6fb4	1091c704b	decompiled	chunks/005/functions-000338.c		
1091c704c	1091c7053	decompiled	chunks/005/functions-000338.c	-[SCLensSubPickerController collectionView:didSelectItemAtIndexPath:]	
1091c7054	1091c7083	decompiled	chunks/005/functions-000338.c	-[SCLensSubPickerController collectionView:shouldSelectItemAtIndexPath:]	
1091c7084	1091c710b	decompiled	chunks/005/functions-000338.c	-[SCLensSubPickerController collectionView:layout:sizeForItemAtIndexPath:]	
1091c710c	1091c7267	decompiled	chunks/005/functions-000338.c	-[SCLensSubPickerController collectionView:willDisplayCell:forItemAtIndexPath:]	
1091c7268	1091c728b	decompiled	chunks/005/functions-000338.c	-[SCLensSubPickerController collectionView:layout:referenceSizeForHeaderInSection:]	
1091c728c	1091c728f	decompiled	chunks/005/functions-000338.c	-[SCLensSubPickerController scrollViewDidScroll:]	
1091c7290	1091c7293	decompiled	chunks/005/functions-000338.c	-[SCLensSubPickerController scrollViewDidEndScrollingAnimation:]	
1091c7294	1091c7297	decompiled	chunks/005/functions-000338.c	-[SCLensSubPickerController scrollViewDidEndDecelerating:]	
1091c7298	1091c7587	decompiled	chunks/005/functions-000338.c	-[SCLensSubPickerController lensSubPickerImageProvider:didUpdateWithImageCount:canProcessMore:]	
1091c7588	1091c775b	decompiled	chunks/005/functions-000338.c		
1091c775c	1091c779b	decompiled	chunks/005/functions-000338.c		
1091c779c	1091c786b	decompiled	chunks/005/functions-000338.c		
1091c786c	1091c786f	decompiled	chunks/005/functions-000338.c		
1091c7870	1091c7937	decompiled	chunks/005/functions-000338.c	-[SCLensSubPickerController _loadNextBatchIfNeeded]	
1091c7938	1091c79a7	decompiled	chunks/005/functions-000338.c	-[SCLensSubPickerController _loadNextBatch]	
1091c79a8	1091c7b0b	decompiled	chunks/005/functions-000338.c	-[SCLensSubPickerController layoutCollectionViewIfNeededWithAnimation:]	
1091c7b0c	1091c7b43	decompiled	chunks/005/functions-000338.c		
1091c7b44	1091c7c67	decompiled	chunks/005/functions-000338.c	-[SCLensSubPickerController collectionView:viewForSupplementaryElementOfKind:atIndexPath:]	
1091c7c68	1091c7c6b	decompiled	chunks/005/functions-000338.c	-[SCLensSubPickerController _configureHeaderView:]	
1091c7c6c	1091c7c77	decompiled	chunks/005/functions-000338.c	-[SCLensSubPickerController _headerViewTapped]	
1091c7c78	1091c7c7b	decompiled	chunks/005/functions-000338.c	-[SCLensSubPickerController videoCellDidTapEditButton:]	
1091c7c7c	1091c7cab	decompiled	chunks/005/functions-000338.c	-[SCLensSubPickerController setSelectedOptionIndexPath:]	
1091c7cac	1091c7cc3	decompiled	chunks/005/functions-000338.c	-[SCLensSubPickerController delegate]	
1091c7cc4	1091c7ccf	decompiled	chunks/005/functions-000338.c	-[SCLensSubPickerController setDelegate:]	
1091c7cd0	1091c7cd7	decompiled	chunks/005/functions-000338.c	-[SCLensSubPickerController selectedItemBorderColor]	
1091c7cd8	1091c7d07	decompiled	chunks/005/functions-000338.c	-[SCLensSubPickerController setSelectedItemBorderColor:]	
1091c7d08	1091c7d0f	decompiled	chunks/005/functions-000338.c	-[SCLensSubPickerController pickerViewFillColor]	
1091c7d10	1091c7d23	decompiled	chunks/005/functions-000338.c	-[SCLensSubPickerController selectedItemTransform]	
1091c7d24	1091c7d37	decompiled	chunks/005/functions-000338.c	-[SCLensSubPickerController setSelectedItemTransform:]	
1091c7d38	1091c7d3f	decompiled	chunks/005/functions-000338.c	-[SCLensSubPickerController lensLogger]	
1091c7d40	1091c7d47	decompiled	chunks/005/functions-000338.c	-[SCLensSubPickerController imageProvider]	
1091c7d48	1091c7d77	decompiled	chunks/005/functions-000338.c	-[SCLensSubPickerController setImageProvider:]	
1091c7d78	1091c7d7f	decompiled	chunks/005/functions-000338.c	-[SCLensSubPickerController externalImageComponent]	
1091c7d80	1091c7daf	decompiled	chunks/005/functions-000338.c	-[SCLensSubPickerController setExternalImageComponent:]	
1091c7db0	1091c7db7	decompiled	chunks/005/functions-000338.c	-[SCLensSubPickerController mediaAssetManager]	
1091c7db8	1091c7de7	decompiled	chunks/005/functions-000338.c	-[SCLensSubPickerController setMediaAssetManager:]	
1091c7de8	1091c7dff	decompiled	chunks/005/functions-000338.c	-[SCLensSubPickerController parentView]	
1091c7e00	1091c7e0b	decompiled	chunks/005/functions-000338.c	-[SCLensSubPickerController setParentView:]	
1091c7e0c	1091c7e23	decompiled	chunks/005/functions-000338.c	-[SCLensSubPickerController lensContainer]	
1091c7e24	1091c7e2f	decompiled	chunks/005/functions-000338.c	-[SCLensSubPickerController setLensContainer:]	
1091c7e30	1091c7e37	decompiled	chunks/005/functions-000338.c	-[SCLensSubPickerController selectedOptionId]	
1091c7e38	1091c7e67	decompiled	chunks/005/functions-000338.c	-[SCLensSubPickerController setSelectedOptionId:]	
1091c7e68	1091c7e6f	decompiled	chunks/005/functions-000338.c	-[SCLensSubPickerController subPickerView]	
1091c7e70	1091c7f53	decompiled	chunks/005/functions-000338.c	-[SCLensSubPickerController .cxx_destruct]	
1091c7f54	1091c8027	decompiled	chunks/005/functions-000338.c		
1091c8028	1091c802f	decompiled	chunks/005/functions-000338.c	-[SCLensPickerFeatures standardMediaPicker]	
1091c8030	1091c805f	decompiled	chunks/005/functions-000338.c	-[SCLensPickerFeatures setStandardMediaPicker:]	
1091c8060	1091c8067	decompiled	chunks/005/functions-000338.c	-[SCLensPickerFeatures pickerResults]	
1091c8068	1091c8097	decompiled	chunks/005/functions-000338.c	-[SCLensPickerFeatures setPickerResults:]	
1091c8098	1091c80c7	decompiled	chunks/005/functions-000338.c	-[SCLensPickerFeatures .cxx_destruct]	
1091c80c8	1091c8177	decompiled	chunks/005/functions-000338.c	-[SCLensPickerFeatureFactory initWithUIContainer:mediaTypes:selectionLimit:didEnterBackgroundObservable:]	
1091c8178	1091c82af	decompiled	chunks/005/functions-000338.c	-[SCLensPickerFeatureFactory createMediaPickerFeatures]	
1091c82b0	1091c82db	decompiled	chunks/005/functions-000338.c	-[SCLensPickerFeatureFactory .cxx_destruct]	
1091c82dc	1091c841f	decompiled	chunks/005/functions-000338.c	-[SCLensStandardMediaPickerFeature initWithUIContainer:mediaTypes:selectionLimit:resultHandlers:didEnterBackgroundObservable:]	
1091c8420	1091c842b	decompiled	chunks/005/functions-000338.c	-[SCLensStandardMediaPickerFeature featureCollectionViewCellClass]	
1091c842c	1091c843f	decompiled	chunks/005/functions-000338.c	-[SCLensStandardMediaPickerFeature featureCellIdentifier]	
1091c8440	1091c8447	decompiled	chunks/005/functions-000338.c	-[SCLensStandardMediaPickerFeature pickedResultIdentifier]	
1091c8448	1091c8707	decompiled	chunks/005/functions-000338.c	-[SCLensStandardMediaPickerFeature setSelected:]	
1091c8708	1091c8853	decompiled	chunks/005/functions-000338.c		
1091c8854	1091c8897	decompiled	chunks/005/functions-000338.c	-[SCLensStandardMediaPickerFeature dealloc]	
1091c8898	1091c889f	decompiled	chunks/005/functions-000338.c	-[SCLensStandardMediaPickerFeature selected]	
1091c88a0	1091c88a7	decompiled	chunks/005/functions-000338.c	-[SCLensStandardMediaPickerFeature active]	
1091c88a8	1091c88af	decompiled	chunks/005/functions-000338.c	-[SCLensStandardMediaPickerFeature selectable]	
1091c88b0	1091c88c3	decompiled	chunks/005/functions-000338.c	-[SCLensStandardMediaPickerFeature configureFeatureCell:]	
1091c88c4	1091c88d3	decompiled	chunks/005/functions-000338.c	-[SCLensStandardMediaPickerFeature _thumbnailSize]	
1091c88d4	1091c8957	decompiled	chunks/005/functions-000338.c	-[SCLensStandardMediaPickerFeature _dismissPicker]	
1091c8958	1091c8963	decompiled	chunks/005/functions-000338.c		
1091c8964	1091c8ca7	decompiled	chunks/005/functions-000338.c	-[SCLensStandardMediaPickerFeature _handleVideoAssetWithURL:resultHandler:resultHandlerId:assetIdentifier:isInPlace:error:]	
1091c8ca8	1091c8e53	decompiled	chunks/005/functions-000338.c	-[SCLensStandardMediaPickerFeature _handleVideoResult:handler:handlerId:assetIdentifier:]	
1091c8e54	1091c8e8b	decompiled	chunks/005/functions-000338.c		
1091c8e8c	1091c9057	decompiled	chunks/005/functions-000338.c	-[SCLensStandardMediaPickerFeature _handleImageResult:handler:handlerId:assetIdentifier:]	
1091c9058	1091c91bf	decompiled	chunks/005/functions-000338.c		
1091c91c0	1091c9377	decompiled	chunks/005/functions-000338.c	-[SCLensStandardMediaPickerFeature _resetUnusedResultHandlerIndicies:]	
1091c9378	1091c9443	decompiled	chunks/005/functions-000338.c	-[SCLensStandardMediaPickerFeature _setupSubscription]	
1091c9444	1091c946f	decompiled	chunks/005/functions-000338.c		
1091c9470	1091c989b	decompiled	chunks/005/functions-000338.c	-[SCLensStandardMediaPickerFeature picker:didFinishPicking:]	
1091c989c	1091c99bb	decompiled	chunks/005/functions-000338.c		
1091c99bc	1091c99c3	decompiled	chunks/005/functions-000338.c	-[SCLensStandardMediaPickerFeature enabled]	
1091c99c4	1091c99cb	decompiled	chunks/005/functions-000338.c	-[SCLensStandardMediaPickerFeature setEnabled:]	
1091c99cc	1091c99e3	decompiled	chunks/005/functions-000338.c	-[SCLensStandardMediaPickerFeature delegate]	
1091c99e4	1091c99ef	decompiled	chunks/005/functions-000338.c	-[SCLensStandardMediaPickerFeature setDelegate:]	
1091c99f0	1091c9a63	decompiled	chunks/005/functions-000338.c	-[SCLensStandardMediaPickerFeature .cxx_destruct]	
1091c9a64	1091c9dd3	decompiled	chunks/005/functions-000338.c	-[SCLensStandardMediaPickerHeader initWithFrame:]	
1091c9dd4	1091ca31f	decompiled	chunks/005/functions-000338.c	-[SCLensStandardMediaPickerHeader _createContainerView]	
1091ca320	1091ca49b	decompiled	chunks/005/functions-000338.c	-[SCLensStandardMediaPickerResult initWithLoadingId:assetIdentifier:isVideo:iconImageFuture:imageFuture:videoURLFuture:tempVideoURL:videoDuration:resultHandlerId:]	
1091ca49c	1091ca4a3	decompiled	chunks/005/functions-000338.c	-[SCLensStandardMediaPickerResult loadingId]	
1091ca4a4	1091ca4ab	decompiled	chunks/005/functions-000338.c	-[SCLensStandardMediaPickerResult assetIdentifier]	
1091ca4ac	1091ca4b3	decompiled	chunks/005/functions-000338.c	-[SCLensStandardMediaPickerResult isVideo]	
1091ca4b4	1091ca4bb	decompiled	chunks/005/functions-000338.c	-[SCLensStandardMediaPickerResult iconImageFuture]	
1091ca4bc	1091ca4c3	decompiled	chunks/005/functions-000338.c	-[SCLensStandardMediaPickerResult imageFuture]	
1091ca4c4	1091ca4cb	decompiled	chunks/005/functions-000338.c	-[SCLensStandardMediaPickerResult videoURLFuture]	
1091ca4cc	1091ca4d3	decompiled	chunks/005/functions-000338.c	-[SCLensStandardMediaPickerResult tempVideoURL]	
1091ca4d4	1091ca4db	decompiled	chunks/005/functions-000338.c	-[SCLensStandardMediaPickerResult videoDuration]	
1091ca4dc	1091ca4e3	decompiled	chunks/005/functions-000338.c	-[SCLensStandardMediaPickerResult resultHandlerId]	
1091ca4e4	1091ca543	decompiled	chunks/005/functions-000338.c	-[SCLensStandardMediaPickerResult .cxx_destruct]	
1091ca544	1091ca5eb	decompiled	chunks/005/functions-000338.c	-[SCLensStandardMediaPickerResultFeature initWithActiveObservableSubject:selectSubject:]	
1091ca5ec	1091ca63f	decompiled	chunks/005/functions-000339.c	-[SCLensStandardMediaPickerResultFeature dealloc]	
1091ca640	1091ca647	decompiled	chunks/005/functions-000339.c	-[SCLensStandardMediaPickerResultFeature imageFuture]	
1091ca648	1091ca6b7	decompiled	chunks/005/functions-000339.c	-[SCLensStandardMediaPickerResultFeature videoURLFuture]	
1091ca6b8	1091ca6bf	decompiled	chunks/005/functions-000339.c	-[SCLensStandardMediaPickerResultFeature pickedResultIdentifier]	
1091ca6c0	1091ca6d3	decompiled	chunks/005/functions-000339.c	-[SCLensStandardMediaPickerResultFeature featureCellIdentifier]	
1091ca6d4	1091ca713	decompiled	chunks/005/functions-000339.c	-[SCLensStandardMediaPickerResultFeature featureCollectionViewCellClass]	
1091ca714	1091ca837	decompiled	chunks/005/functions-000339.c	-[SCLensStandardMediaPickerResultFeature configureFeatureCell:]	
1091ca838	1091ca83f	decompiled	chunks/005/functions-000339.c	-[SCLensStandardMediaPickerResultFeature selectable]	
1091ca840	1091ca8bb	decompiled	chunks/005/functions-000339.c	-[SCLensStandardMediaPickerResultFeature setSelected:]	
1091ca8bc	1091caa03	decompiled	chunks/005/functions-000339.c	-[SCLensStandardMediaPickerResultFeature handleResult:]	
1091caa04	1091cab97	decompiled	chunks/005/functions-000339.c	-[SCLensStandardMediaPickerResultFeature _updateTempVideo]	
1091cab98	1091cac57	decompiled	chunks/005/functions-000339.c	-[SCLensStandardMediaPickerResultFeature _isDisplayableResult:]	
1091cac58	1091cac5f	decompiled	chunks/005/functions-000339.c	-[SCLensStandardMediaPickerResultFeature active]	
1091cac60	1091cac67	decompiled	chunks/005/functions-000339.c	-[SCLensStandardMediaPickerResultFeature selected]	
1091cac68	1091cac6f	decompiled	chunks/005/functions-000339.c	-[SCLensStandardMediaPickerResultFeature activeObservable]	
1091cac70	1091cac77	decompiled	chunks/005/functions-000339.c	-[SCLensStandardMediaPickerResultFeature selectObservable]	
1091cac78	1091cacbf	decompiled	chunks/005/functions-000339.c	-[SCLensStandardMediaPickerResultFeature .cxx_destruct]	
1091cacc0	1091caccf	decompiled	chunks/005/functions-000339.c		
1091cacd0	1091cad47	decompiled	chunks/005/functions-000339.c		
1091cad48	1091cae83	decompiled	chunks/005/functions-000339.c	-[SCLensMediaAssetManager initWithMediaType:fetchLimit:excludeScreenshots:]	
1091cae84	1091caec3	decompiled	chunks/005/functions-000339.c		
1091caec4	1091caf2b	decompiled	chunks/005/functions-000339.c	-[SCLensMediaAssetManager dealloc]	
1091caf2c	1091caf87	decompiled	chunks/005/functions-000339.c	-[SCLensMediaAssetManager cachingImageManager]	
1091caf88	1091cb00f	decompiled	chunks/005/functions-000339.c	-[SCLensMediaAssetManager photoLibraryDidChange:]	
1091cb010	1091cb1e7	decompiled	chunks/005/functions-000339.c		
1091cb1e8	1091cb343	decompiled	chunks/005/functions-000339.c	-[SCLensMediaAssetManager reloadAssetsIndexWithCompletion:]	
1091cb344	1091cb76b	decompiled	chunks/005/functions-000339.c		
1091cb76c	1091cb7ef	decompiled	chunks/005/functions-000339.c		
1091cb7f0	1091cb82b	decompiled	chunks/005/functions-000339.c	-[SCLensMediaAssetManager imageCount]	
1091cb82c	1091cb87b	decompiled	chunks/005/functions-000339.c	-[SCLensMediaAssetManager indexForAssetIdetifier:]	
1091cb87c	1091cb927	decompiled	chunks/005/functions-000339.c	-[SCLensMediaAssetManager imageIdentifierForItemAtIndex:]	
1091cb928	1091cba2f	decompiled	chunks/005/functions-000339.c	-[SCLensMediaAssetManager getThumbnailImageAtIndex:targetSize:completion:]	
1091cba30	1091cbb1f	decompiled	chunks/005/functions-000339.c	-[SCLensMediaAssetManager getOriginalImageAtIndex:completion:]	
1091cbb20	1091cbbd3	decompiled	chunks/005/functions-000339.c	-[SCLensMediaAssetManager getVideoAtIndex:progressHandler:completion:]	
1091cbbd4	1091cbc97	decompiled	chunks/005/functions-000339.c	-[SCLensMediaAssetManager getThumbnailForAsset:targetSize:completion:]	
1091cbc98	1091cbd4f	decompiled	chunks/005/functions-000339.c	-[SCLensMediaAssetManager getOriginalImageForAsset:completion:]	
1091cbd50	1091cbf7b	decompiled	chunks/005/functions-000339.c	-[SCLensMediaAssetManager getVideoForAsset:progressHandler:completion:]	
1091cbf7c	1091cc007	decompiled	chunks/005/functions-000339.c		
1091cc008	1091cc15f	decompiled	chunks/005/functions-000339.c		
1091cc160	1091cc18b	decompiled	chunks/005/functions-000339.c	-[SCLensMediaAssetManager cancelAssetLoadingWithId:]	
1091cc18c	1091cc233	decompiled	chunks/005/functions-000339.c	-[SCLensMediaAssetManager assetTypeAtIndex:]	
1091cc234	1091cc2db	decompiled	chunks/005/functions-000339.c	-[SCLensMediaAssetManager videoDurationAtIndex:]	
1091cc2dc	1091cc36f	decompiled	chunks/005/functions-000339.c	-[SCLensMediaAssetManager cacheContentUriForAssetIdentifier:contentUri:]	
1091cc370	1091cc3fb	decompiled	chunks/005/functions-000339.c	-[SCLensMediaAssetManager contentUriForAssetIdentifier:]	
1091cc3fc	1091cc4c7	decompiled	chunks/005/functions-000339.c	-[SCLensMediaAssetManager _getImageAtIndex:targetSize:options:completion:]	
1091cc4c8	1091cc60f	decompiled	chunks/005/functions-000339.c	-[SCLensMediaAssetManager _getImageForAsset:targetSize:options:completion:]	
1091cc610	1091cc75b	decompiled	chunks/005/functions-000339.c		
1091cc75c	1091cc763	decompiled	chunks/005/functions-000339.c	-[SCLensMediaAssetManager mediaType]	
1091cc764	1091cc76b	decompiled	chunks/005/functions-000339.c	-[SCLensMediaAssetManager assets]	
1091cc76c	1091cc79b	decompiled	chunks/005/functions-000339.c	-[SCLensMediaAssetManager setAssets:]	
1091cc79c	1091cc7a3	decompiled	chunks/005/functions-000339.c	-[SCLensMediaAssetManager performer]	
1091cc7a4	1091cc7d3	decompiled	chunks/005/functions-000339.c	-[SCLensMediaAssetManager setPerformer:]	
1091cc7d4	1091cc7db	decompiled	chunks/005/functions-000339.c	-[SCLensMediaAssetManager status]	
1091cc7dc	1091cc7e3	decompiled	chunks/005/functions-000339.c	-[SCLensMediaAssetManager setStatus:]	
1091cc7e4	1091cc837	decompiled	chunks/005/functions-000339.c	-[SCLensMediaAssetManager .cxx_destruct]	
1091cc838	1091ccb3b	decompiled	chunks/005/functions-000339.c	-[SCLensMediaAssetProvider initWithMediaType:maxVideoDuration:photoPermissionCoordinator:batchSize:pushForwardMultipleFacePhotosInsideBatch:studySettingsProvider:mediaAssetManager:]	
1091ccb3c	1091ccb67	decompiled	chunks/005/functions-000339.c		
1091ccb68	1091ccbb3	decompiled	chunks/005/functions-000339.c	-[SCLensMediaAssetProvider dealloc]	
1091ccbb4	1091ccc03	decompiled	chunks/005/functions-000339.c	+[SCLensMediaAssetProvider assetManagerMediaTypeFromProviderMediaType:]	
1091ccc04	1091ccf17	decompiled	chunks/005/functions-000339.c	-[SCLensMediaAssetProvider handlePhotoImageManagerDidUpdateNotification:]	
1091ccf18	1091ccffb	decompiled	chunks/005/functions-000339.c		
1091ccffc	1091cd053	decompiled	chunks/005/functions-000339.c	-[SCLensMediaAssetProvider reloadAssetsIfNeededOnMainThread]	
1091cd054	1091cd05b	decompiled	chunks/005/functions-000339.c		
1091cd05c	1091cd0bf	decompiled	chunks/005/functions-000339.c	-[SCLensMediaAssetProvider reloadAssetsIfNeeded]	
1091cd0c0	1091cd267	decompiled	chunks/005/functions-000339.c	-[SCLensMediaAssetProvider reloadAssetsWithCompletion:]	
1091cd268	1091cd367	decompiled	chunks/005/functions-000339.c		
1091cd368	1091cd36f	decompiled	chunks/005/functions-000339.c	-[SCLensMediaAssetProvider resetRequestedImagesCountButKeepIndexes]	
1091cd370	1091cd493	decompiled	chunks/005/functions-000339.c	-[SCLensMediaAssetProvider warmupWithCompletion:]	
1091cd494	1091cd54f	decompiled	chunks/005/functions-000339.c	-[SCLensMediaAssetProvider reloadAssetsIfNeededWithCompletion:]	
1091cd550	1091cd553	decompiled	chunks/005/functions-000339.c	-[SCLensMediaAssetProvider cooldown]	
1091cd554	1091cd633	decompiled	chunks/005/functions-000339.c	-[SCLensMediaAssetProvider processMoreImagesIfPossibleWithSize:count:]	
1091cd634	1091cd7db	decompiled	chunks/005/functions-000339.c		
1091cd7dc	1091cd813	decompiled	chunks/005/functions-000339.c		
1091cd814	1091cd89b	decompiled	chunks/005/functions-000339.c	-[SCLensMediaAssetProvider canProcessMoreImages]	
1091cd89c	1091cd8d7	decompiled	chunks/005/functions-000339.c	-[SCLensMediaAssetProvider imageCount]	
1091cd8d8	1091cd913	decompiled	chunks/005/functions-000339.c	-[SCLensMediaAssetProvider rawImageCount]	
1091cd914	1091cd9a3	decompiled	chunks/005/functions-000339.c	-[SCLensMediaAssetProvider imageIdentifierAtIndex:]	
1091cd9a4	1091cda2b	decompiled	chunks/005/functions-000339.c	-[SCLensMediaAssetProvider indexOfImageWithIdentifier:]	
1091cda2c	1091cdb63	decompiled	chunks/005/functions-000339.c	-[SCLensMediaAssetProvider getPreviewImageAtIndex:targetSize:completion:]	
1091cdb64	1091cdbb3	decompiled	chunks/005/functions-000339.c		
1091cdbb4	1091cdde7	decompiled	chunks/005/functions-000339.c	-[SCLensMediaAssetProvider getOriginalImageAtIndex:completion:]	
1091cdde8	1091cdebf	decompiled	chunks/005/functions-000339.c	-[SCLensMediaAssetProvider getVideoAssetAtIndex:completion:]	
1091cdec0	1091cdec3	decompiled	chunks/005/functions-000339.c		
1091cdec4	1091cdf63	decompiled	chunks/005/functions-000339.c		
1091cdf64	1091cdfb7	decompiled	chunks/005/functions-000339.c	-[SCLensMediaAssetProvider cancelAssetLoadingWithId:]	
1091cdfb8	1091ce017	decompiled	chunks/005/functions-000339.c	-[SCLensMediaAssetProvider assetTypeAtIndex:]	
1091ce018	1091ce07f	decompiled	chunks/005/functions-000339.c	-[SCLensMediaAssetProvider videoDurationAtIndex:]	
1091ce080	1091ce0f7	decompiled	chunks/005/functions-000339.c	-[SCLensMediaAssetProvider getCroppedImagIdsFromGroupedImageRepresentation:]	
1091ce0f8	1091ce20f	decompiled	chunks/005/functions-000339.c	-[SCLensMediaAssetProvider getThumbnailImageFromCameraWithCroppedImageId:targetSize:completion:]	
1091ce210	1091ce377	decompiled	chunks/005/functions-000339.c		
1091ce378	1091ce767	decompiled	chunks/005/functions-000339.c	-[SCLensMediaAssetProvider getThumbnailImageFromCacheWithCroppedImageId:completion:]	
1091ce768	1091ce7db	decompiled	chunks/005/functions-000339.c	-[SCLensMediaAssetProvider imageIdFromCroppedImageId:]	
1091ce7dc	1091ce893	decompiled	chunks/005/functions-000339.c	-[SCLensMediaAssetProvider normalizedRectsFromCroppedImageId:]	
1091ce894	1091ce8bf	decompiled	chunks/005/functions-000339.c		
1091ce8c0	1091ce907	decompiled	chunks/005/functions-000339.c	-[SCLensMediaAssetProvider _assetIndexForCroppedImageIndex:]	
1091ce908	1091ce96f	decompiled	chunks/005/functions-000339.c	-[SCLensMediaAssetProvider _assetIndexForCroppedImageId:]	
1091ce970	1091ceb87	decompiled	chunks/005/functions-000339.c	-[SCLensMediaAssetProvider processImagesInsertingAtIndexes:size:]	
1091ceb88	1091cec43	decompiled	chunks/005/functions-000339.c		
1091cec44	1091cecc7	decompiled	chunks/005/functions-000339.c		
1091cecc8	1091cee83	decompiled	chunks/005/functions-000339.c		
