address	end_address	status	pseudocode_file	runtime_label	error
1039c2240	1039c2283	decompiled	chunks/009/functions-000599.c	-[SCSCSavedStorySendingServicesSaberServiceProvider end]	
1039c2284	1039c241b	decompiled	chunks/009/functions-000600.c		
1039c241c	1039c24c7	decompiled	chunks/009/functions-000600.c	-[SCSCSavedStorySendingServicesSaberServiceProvider setValue:forIvarName:]	
1039c24c8	1039c253b	decompiled	chunks/009/functions-000600.c	-[SCSCSavedStorySendingServicesSaberServiceProvider init]	
1039c253c	1039c256f	decompiled	chunks/009/functions-000600.c		
1039c2570	1039c25b7	decompiled	chunks/009/functions-000600.c	-[SCSCSavedStorySendingServicesSaberServiceProvider .cxx_destruct]	
1039c25b8	1039c25d7	decompiled	chunks/009/functions-000600.c		
1039c25d8	1039c25e3	decompiled	chunks/009/functions-000600.c	-[SCSCStoriesOperaSaveFriendStoryPluginServicesSaberServiceProvider beginIn]	
1039c25e4	1039c25ef	decompiled	chunks/009/functions-000600.c	-[SCSCStoriesOperaSaveFriendStoryPluginServicesSaberServiceProvider setBeginIn:]	
1039c25f0	1039c25fb	decompiled	chunks/009/functions-000600.c	-[SCSCStoriesOperaSaveFriendStoryPluginServicesSaberServiceProvider convoActiveUserSessionScopeGraphBridgeServices]	
1039c25fc	1039c263f	decompiled	chunks/009/functions-000600.c		
1039c2640	1039c264b	decompiled	chunks/009/functions-000600.c	-[SCSCStoriesOperaSaveFriendStoryPluginServicesSaberServiceProvider setConvoActiveUserSessionScopeGraphBridgeServices:]	
1039c264c	1039c269f	decompiled	chunks/009/functions-000600.c		
1039c26a0	1039c28b3	decompiled	chunks/009/functions-000600.c		
1039c28b4	1039c28e7	decompiled	chunks/009/functions-000600.c	-[SCSCStoriesOperaSaveFriendStoryPluginServicesSaberServiceProvider provide]	
1039c28e8	1039c291b	decompiled	chunks/009/functions-000600.c	-[SCSCStoriesOperaSaveFriendStoryPluginServicesSaberServiceProvider __safeProvide]	
1039c291c	1039c295f	decompiled	chunks/009/functions-000600.c	-[SCSCStoriesOperaSaveFriendStoryPluginServicesSaberServiceProvider end]	
1039c2960	1039c2af7	decompiled	chunks/009/functions-000600.c		
1039c2af8	1039c2ba3	decompiled	chunks/009/functions-000600.c	-[SCSCStoriesOperaSaveFriendStoryPluginServicesSaberServiceProvider setValue:forIvarName:]	
1039c2ba4	1039c2c17	decompiled	chunks/009/functions-000600.c	-[SCSCStoriesOperaSaveFriendStoryPluginServicesSaberServiceProvider init]	
1039c2c18	1039c2c4b	decompiled	chunks/009/functions-000600.c		
1039c2c4c	1039c2c93	decompiled	chunks/009/functions-000600.c	-[SCSCStoriesOperaSaveFriendStoryPluginServicesSaberServiceProvider .cxx_destruct]	
1039c2c94	1039c2cb3	decompiled	chunks/009/functions-000600.c		
1039c2cb4	1039c2cbf	decompiled	chunks/009/functions-000600.c	-[SCSnapSendingServicesSaberServiceProvider beginIn]	
1039c2cc0	1039c2ccb	decompiled	chunks/009/functions-000600.c	-[SCSnapSendingServicesSaberServiceProvider setBeginIn:]	
1039c2ccc	1039c2cd7	decompiled	chunks/009/functions-000600.c	-[SCSnapSendingServicesSaberServiceProvider convoActiveUserSessionScopeGraphBridgeServices]	
1039c2cd8	1039c2d1b	decompiled	chunks/009/functions-000600.c		
1039c2d1c	1039c2d27	decompiled	chunks/009/functions-000600.c	-[SCSnapSendingServicesSaberServiceProvider setConvoActiveUserSessionScopeGraphBridgeServices:]	
1039c2d28	1039c2d7b	decompiled	chunks/009/functions-000600.c		
1039c2d7c	1039c2f8f	decompiled	chunks/009/functions-000600.c		
1039c2f90	1039c2fc3	decompiled	chunks/009/functions-000600.c	-[SCSnapSendingServicesSaberServiceProvider provide]	
1039c2fc4	1039c2ff7	decompiled	chunks/009/functions-000600.c	-[SCSnapSendingServicesSaberServiceProvider __safeProvide]	
1039c2ff8	1039c303b	decompiled	chunks/009/functions-000600.c	-[SCSnapSendingServicesSaberServiceProvider end]	
1039c303c	1039c31d3	decompiled	chunks/009/functions-000600.c		
1039c31d4	1039c327f	decompiled	chunks/009/functions-000600.c	-[SCSnapSendingServicesSaberServiceProvider setValue:forIvarName:]	
1039c3280	1039c32f3	decompiled	chunks/009/functions-000600.c	-[SCSnapSendingServicesSaberServiceProvider init]	
1039c32f4	1039c3327	decompiled	chunks/009/functions-000600.c		
1039c3328	1039c336f	decompiled	chunks/009/functions-000600.c	-[SCSnapSendingServicesSaberServiceProvider .cxx_destruct]	
1039c3370	1039c33cb	decompiled	chunks/009/functions-000600.c		
1039c33cc	1039c33db	decompiled	chunks/009/functions-000600.c		
1039c33dc	1039c340b	decompiled	chunks/009/functions-000600.c		
1039c340c	1039c3477	decompiled	chunks/009/functions-000600.c		
1039c3478	1039c34db	decompiled	chunks/009/functions-000600.c	-[_TtC30PublicGroupsChatImplementation38PublicGroupsChatDeckTransitionServices init]	
1039c34dc	1039c350f	decompiled	chunks/009/functions-000600.c		
1039c3510	1039c351f	decompiled	chunks/009/functions-000600.c	-[_TtC30PublicGroupsChatImplementation38PublicGroupsChatDeckTransitionServices .cxx_destruct]	
1039c3520	1039c541b	decompiled	chunks/009/functions-000600.c		
1039c541c	1039c5467	decompiled	chunks/009/functions-000600.c		
1039c5468	1039c54ab	decompiled	chunks/009/functions-000600.c		
1039c54ac	1039c54af	decompiled	chunks/009/functions-000600.c		
1039c54b0	1039c54e3	decompiled	chunks/009/functions-000600.c		
1039c54e4	1039c556b	decompiled	chunks/009/functions-000600.c		
1039c556c	1039c55a3	decompiled	chunks/009/functions-000600.c		
1039c55a4	1039c55c3	decompiled	chunks/009/functions-000600.c		
1039c55c4	1039c566b	decompiled	chunks/009/functions-000600.c		
1039c566c	1039c56c3	decompiled	chunks/009/functions-000600.c	-[_TtC30PublicGroupsChatImplementation36PublicGroupsChatNavigationController initWithCoder:]	
1039c56c4	1039c56ef	decompiled	chunks/009/functions-000600.c	-[_TtC30PublicGroupsChatImplementation36PublicGroupsChatNavigationController initWithNavigationBarClass:toolbarClass:]	
1039c56f0	1039c571b	decompiled	chunks/009/functions-000600.c	-[_TtC30PublicGroupsChatImplementation36PublicGroupsChatNavigationController initWithRootViewController:]	
1039c571c	1039c577b	decompiled	chunks/009/functions-000600.c	-[_TtC30PublicGroupsChatImplementation36PublicGroupsChatNavigationController initWithNibName:bundle:]	
1039c577c	1039c578b	decompiled	chunks/009/functions-000600.c	-[_TtC30PublicGroupsChatImplementation36PublicGroupsChatNavigationController .cxx_destruct]	
1039c578c	1039c5793	decompiled	chunks/009/functions-000600.c	-[_TtC30PublicGroupsChatImplementation36PublicGroupsChatNavigationController presentationMode]	
1039c5794	1039c5797	decompiled	chunks/009/functions-000600.c	-[_TtC30PublicGroupsChatImplementation36PublicGroupsChatNavigationController interactiveDismissalWillBegin:]	
1039c5798	1039c57e3	decompiled	chunks/009/functions-000600.c	-[_TtC30PublicGroupsChatImplementation36PublicGroupsChatNavigationController interactiveDismissalDidComplete:]	
1039c57e4	1039c57e7	decompiled	chunks/009/functions-000600.c	-[_TtC30PublicGroupsChatImplementation36PublicGroupsChatNavigationController interactionControllerPercentageDidChange:]	
1039c57e8	1039c586f	decompiled	chunks/009/functions-000600.c		
1039c5870	1039c588f	decompiled	chunks/009/functions-000600.c		
1039c5890	1039c5c4b	decompiled	chunks/009/functions-000600.c		
1039c5c4c	1039c5d0b	decompiled	chunks/009/functions-000600.c		
1039c5d0c	1039c5d33	decompiled	chunks/009/functions-000600.c	-[_TtC30PublicGroupsChatImplementation30PublicGroupsChatViewController initWithCoder:]	
1039c5d34	1039c5d3b	decompiled	chunks/009/functions-000600.c	-[_TtC30PublicGroupsChatImplementation30PublicGroupsChatViewController supportedInterfaceOrientations]	
1039c5d3c	1039c61d7	decompiled	chunks/009/functions-000600.c		
1039c61d8	1039c629f	decompiled	chunks/009/functions-000600.c		
1039c62a0	1039c62c7	decompiled	chunks/009/functions-000600.c	-[_TtC30PublicGroupsChatImplementation30PublicGroupsChatViewController loadView]	
1039c62c8	1039c63f7	decompiled	chunks/009/functions-000600.c		
1039c63f8	1039c6427	decompiled	chunks/009/functions-000600.c	-[_TtC30PublicGroupsChatImplementation30PublicGroupsChatViewController viewWillAppear:]	
1039c6428	1039c6557	decompiled	chunks/009/functions-000600.c		
1039c6558	1039c6587	decompiled	chunks/009/functions-000600.c	-[_TtC30PublicGroupsChatImplementation30PublicGroupsChatViewController viewDidAppear:]	
1039c6588	1039c66b7	decompiled	chunks/009/functions-000600.c		
1039c66b8	1039c66e7	decompiled	chunks/009/functions-000600.c	-[_TtC30PublicGroupsChatImplementation30PublicGroupsChatViewController viewWillDisappear:]	
1039c66e8	1039c6817	decompiled	chunks/009/functions-000600.c		
1039c6818	1039c6847	decompiled	chunks/009/functions-000600.c	-[_TtC30PublicGroupsChatImplementation30PublicGroupsChatViewController viewDidDisappear:]	
1039c6848	1039c68a7	decompiled	chunks/009/functions-000600.c	-[_TtC30PublicGroupsChatImplementation30PublicGroupsChatViewController initWithNibName:bundle:]	
1039c68a8	1039c6a1f	decompiled	chunks/009/functions-000600.c	-[_TtC30PublicGroupsChatImplementation30PublicGroupsChatViewController .cxx_destruct]	
1039c6a20	1039c6a3f	decompiled	chunks/009/functions-000600.c	-[_TtC30PublicGroupsChatImplementation30PublicGroupsChatViewController defaultProjectNameV2]	
1039c6a40	1039c6a6b	decompiled	chunks/009/functions-000600.c	-[_TtC30PublicGroupsChatImplementation30PublicGroupsChatViewController defaultSubProjectName]	
1039c6a6c	1039c6a8f	decompiled	chunks/009/functions-000600.c		
1039c6a90	1039c6aaf	decompiled	chunks/009/functions-000600.c		
1039c6ab0	1039c6b53	decompiled	chunks/009/functions-000600.c		
1039c6b54	1039c6b5f	decompiled	chunks/009/functions-000600.c	-[SCPublicGroupsChatEntryPoint beginIn]	
1039c6b60	1039c6b6b	decompiled	chunks/009/functions-000600.c	-[SCPublicGroupsChatEntryPoint setBeginIn:]	
1039c6b6c	1039c6b77	decompiled	chunks/009/functions-000600.c	-[SCPublicGroupsChatEntryPoint systemScope]	
1039c6b78	1039c6b83	decompiled	chunks/009/functions-000600.c	-[SCPublicGroupsChatEntryPoint setSystemScope:]	
1039c6b84	1039c6b8f	decompiled	chunks/009/functions-000600.c	-[SCPublicGroupsChatEntryPoint deckServices]	
1039c6b90	1039c6b9b	decompiled	chunks/009/functions-000600.c	-[SCPublicGroupsChatEntryPoint setDeckServices:]	
1039c6b9c	1039c6ba7	decompiled	chunks/009/functions-000600.c	-[SCPublicGroupsChatEntryPoint composerServices]	
1039c6ba8	1039c6bb3	decompiled	chunks/009/functions-000600.c	-[SCPublicGroupsChatEntryPoint setComposerServices:]	
1039c6bb4	1039c6bbf	decompiled	chunks/009/functions-000600.c	-[SCPublicGroupsChatEntryPoint composerCoreUIServices]	
1039c6bc0	1039c6bcb	decompiled	chunks/009/functions-000600.c	-[SCPublicGroupsChatEntryPoint setComposerCoreUIServices:]	
1039c6bcc	1039c6bd7	decompiled	chunks/009/functions-000600.c	-[SCPublicGroupsChatEntryPoint composerTopicServices]	
1039c6bd8	1039c6be3	decompiled	chunks/009/functions-000600.c	-[SCPublicGroupsChatEntryPoint setComposerTopicServices:]	
1039c6be4	1039c6bef	decompiled	chunks/009/functions-000600.c	-[SCPublicGroupsChatEntryPoint composerApplicationServices]	
1039c6bf0	1039c6bfb	decompiled	chunks/009/functions-000600.c	-[SCPublicGroupsChatEntryPoint setComposerApplicationServices:]	
1039c6bfc	1039c6c07	decompiled	chunks/009/functions-000601.c	-[SCPublicGroupsChatEntryPoint composerPeopleUserActionHandlerServices]	
1039c6c08	1039c6c13	decompiled	chunks/009/functions-000601.c	-[SCPublicGroupsChatEntryPoint setComposerPeopleUserActionHandlerServices:]	
1039c6c14	1039c6c1f	decompiled	chunks/009/functions-000601.c	-[SCPublicGroupsChatEntryPoint composerPeopleBridgeFriendServices]	
1039c6c20	1039c6c2b	decompiled	chunks/009/functions-000601.c	-[SCPublicGroupsChatEntryPoint setComposerPeopleBridgeFriendServices:]	
1039c6c2c	1039c6c37	decompiled	chunks/009/functions-000601.c	-[SCPublicGroupsChatEntryPoint composerSafetyReportServices]	
1039c6c38	1039c6c43	decompiled	chunks/009/functions-000601.c	-[SCPublicGroupsChatEntryPoint setComposerSafetyReportServices:]	
1039c6c44	1039c6c4f	decompiled	chunks/009/functions-000601.c	-[SCPublicGroupsChatEntryPoint valdiPublicGroupShareServices]	
1039c6c50	1039c6c5b	decompiled	chunks/009/functions-000601.c	-[SCPublicGroupsChatEntryPoint setValdiPublicGroupShareServices:]	
1039c6c5c	1039c6c67	decompiled	chunks/009/functions-000601.c	-[SCPublicGroupsChatEntryPoint chatReactionServices]	
1039c6c68	1039c6c73	decompiled	chunks/009/functions-000601.c	-[SCPublicGroupsChatEntryPoint setChatReactionServices:]	
1039c6c74	1039c6c7f	decompiled	chunks/009/functions-000601.c	-[SCPublicGroupsChatEntryPoint messagingExperimentServices]	
1039c6c80	1039c6c8b	decompiled	chunks/009/functions-000601.c	-[SCPublicGroupsChatEntryPoint setMessagingExperimentServices:]	
1039c6c8c	1039c6c97	decompiled	chunks/009/functions-000601.c	-[SCPublicGroupsChatEntryPoint deckTransitionServices]	
1039c6c98	1039c6ca3	decompiled	chunks/009/functions-000601.c	-[SCPublicGroupsChatEntryPoint setDeckTransitionServices:]	
1039c6ca4	1039c6caf	decompiled	chunks/009/functions-000601.c	-[SCPublicGroupsChatEntryPoint spotlightShareContextProvider]	
1039c6cb0	1039c6cbb	decompiled	chunks/009/functions-000601.c	-[SCPublicGroupsChatEntryPoint setSpotlightShareContextProvider:]	
1039c6cbc	1039c6cc7	decompiled	chunks/009/functions-000601.c	-[SCPublicGroupsChatEntryPoint spotlightLaunchServices]	
1039c6cc8	1039c6d0b	decompiled	chunks/009/functions-000601.c		
1039c6d0c	1039c6d17	decompiled	chunks/009/functions-000601.c	-[SCPublicGroupsChatEntryPoint setSpotlightLaunchServices:]	
1039c6d18	1039c6d6b	decompiled	chunks/009/functions-000601.c		
1039c6d6c	1039c6db3	decompiled	chunks/009/functions-000601.c	-[SCPublicGroupsChatEntryPoint webBrowsingScopeExposer]	
1039c6db4	1039c6e17	decompiled	chunks/009/functions-000601.c	-[SCPublicGroupsChatEntryPoint setWebBrowsingScopeExposer:]	
1039c6e18	1039c750f	decompiled	chunks/009/functions-000601.c		
1039c7510	1039c75a7	decompiled	chunks/009/functions-000601.c	-[SCPublicGroupsChatEntryPoint begin]	
1039c75a8	1039c75db	decompiled	chunks/009/functions-000601.c	-[SCPublicGroupsChatEntryPoint end]	
1039c75dc	1039c7da3	decompiled	chunks/009/functions-000601.c		
1039c7da4	1039c7e4f	decompiled	chunks/009/functions-000601.c	-[SCPublicGroupsChatEntryPoint setValue:forIvarName:]	
1039c7e50	1039c7fe7	decompiled	chunks/009/functions-000601.c		
1039c7fe8	1039c8007	decompiled	chunks/009/functions-000601.c	-[SCPublicGroupsChatEntryPoint init]	
1039c8008	1039c803b	decompiled	chunks/009/functions-000601.c		
1039c803c	1039c8173	decompiled	chunks/009/functions-000601.c	-[SCPublicGroupsChatEntryPoint .cxx_destruct]	
1039c8174	1039c8193	decompiled	chunks/009/functions-000601.c		
1039c8194	1039c8373	decompiled	chunks/009/functions-000601.c		
1039c8374	1039c8403	decompiled	chunks/009/functions-000601.c	-[_TtC34PublicGroupsSpotlightStoryLauncher34PublicGroupsSpotlightStoryLauncher playStoryWithCompositeStoryId:baseView:deckContainerFactory:]	
1039c8404	1039c8437	decompiled	chunks/009/functions-000601.c		
1039c8438	1039c848f	decompiled	chunks/009/functions-000601.c	-[_TtC34PublicGroupsSpotlightStoryLauncher34PublicGroupsSpotlightStoryLauncher .cxx_destruct]	
1039c8490	1039c84e3	decompiled	chunks/009/functions-000601.c	-[_TtC34PublicGroupsSpotlightStoryLauncher34PublicGroupsSpotlightStoryLauncher removeSpotlightScope:]	
1039c84e4	1039c85e3	decompiled	chunks/009/functions-000601.c		
1039c85e4	1039c8603	decompiled	chunks/009/functions-000601.c		
1039c8604	1039c87d3	decompiled	chunks/009/functions-000601.c		
1039c87d4	1039c87ef	decompiled	chunks/009/functions-000601.c		
1039c87f0	1039c87ff	decompiled	chunks/009/functions-000601.c	-[ValdiPublicGroupsShareServices publicGroupsShareLauncherFactory]	
1039c8800	1039c8897	decompiled	chunks/009/functions-000601.c		
1039c8898	1039c88ef	decompiled	chunks/009/functions-000601.c	-[ValdiPublicGroupsShareServices initWithPublicGroupsShareLauncherFactory:]	
1039c88f0	1039c8923	decompiled	chunks/009/functions-000601.c		
1039c8924	1039c8933	decompiled	chunks/009/functions-000601.c	-[ValdiPublicGroupsShareServices .cxx_destruct]	
1039c8934	1039c8953	decompiled	chunks/009/functions-000601.c		
1039c8954	1039c89db	decompiled	chunks/009/functions-000601.c		
1039c89dc	1039c8a3b	decompiled	chunks/009/functions-000601.c	-[_TtC39CreateActiveUserSessionScopeGraphBridge54CreateActiveUserSessionScopeGraphBridgeSaberEntryPoint init]	
1039c8a3c	1039c8a73	decompiled	chunks/009/functions-000601.c	-[_TtC39CreateActiveUserSessionScopeGraphBridge54CreateActiveUserSessionScopeGraphBridgeSaberEntryPoint .cxx_destruct]	
1039c8a74	1039c8a9b	decompiled	chunks/009/functions-000601.c		
1039c8a9c	1039c8b37	decompiled	chunks/009/functions-000601.c		
1039c8b38	1039c8b97	decompiled	chunks/009/functions-000601.c	-[_TtC39CreateActiveUserSessionScopeGraphBridge35CTPCustomojiServicesSaberEntryPoint init]	
1039c8b98	1039c8c2b	decompiled	chunks/009/functions-000601.c	-[_TtC39CreateActiveUserSessionScopeGraphBridge35CTPCustomojiServicesSaberEntryPoint .cxx_destruct]	
1039c8c2c	1039c8c33	decompiled	chunks/009/functions-000601.c		
1039c8c34	1039c8ccf	decompiled	chunks/009/functions-000601.c		
1039c8cd0	1039c8d2f	decompiled	chunks/009/functions-000601.c	-[_TtC39CreateActiveUserSessionScopeGraphBridge32CTPSearchServicesSaberEntryPoint init]	
1039c8d30	1039c8dc3	decompiled	chunks/009/functions-000601.c	-[_TtC39CreateActiveUserSessionScopeGraphBridge32CTPSearchServicesSaberEntryPoint .cxx_destruct]	
1039c8dc4	1039c8dcb	decompiled	chunks/009/functions-000601.c		
1039c8dcc	1039c8e67	decompiled	chunks/009/functions-000601.c		
1039c8e68	1039c8ec7	decompiled	chunks/009/functions-000601.c	-[_TtC39CreateActiveUserSessionScopeGraphBridge38CTPUserDataFeedServicesSaberEntryPoint init]	
1039c8ec8	1039c8f5b	decompiled	chunks/009/functions-000601.c	-[_TtC39CreateActiveUserSessionScopeGraphBridge38CTPUserDataFeedServicesSaberEntryPoint .cxx_destruct]	
1039c8f5c	1039c8f63	decompiled	chunks/009/functions-000601.c		
1039c8f64	1039c8fc7	decompiled	chunks/009/functions-000601.c		
1039c8fc8	1039c8fcf	decompiled	chunks/009/functions-000601.c		
1039c8fd0	1039c906f	decompiled	chunks/009/functions-000601.c		
1039c9070	1039c908f	decompiled	chunks/009/functions-000601.c		
1039c9090	1039c90f3	decompiled	chunks/009/functions-000601.c		
1039c90f4	1039c90fb	decompiled	chunks/009/functions-000601.c		
1039c90fc	1039c919b	decompiled	chunks/009/functions-000601.c		
1039c919c	1039c91bb	decompiled	chunks/009/functions-000601.c		
1039c91bc	1039c921f	decompiled	chunks/009/functions-000601.c		
1039c9220	1039c9227	decompiled	chunks/009/functions-000601.c		
1039c9228	1039c92c7	decompiled	chunks/009/functions-000601.c		
1039c92c8	1039c92e7	decompiled	chunks/009/functions-000601.c		
1039c92e8	1039c934b	decompiled	chunks/009/functions-000601.c		
1039c934c	1039c9353	decompiled	chunks/009/functions-000601.c		
1039c9354	1039c93f3	decompiled	chunks/009/functions-000601.c		
1039c93f4	1039c9413	decompiled	chunks/009/functions-000601.c		
1039c9414	1039c9477	decompiled	chunks/009/functions-000601.c		
1039c9478	1039c947f	decompiled	chunks/009/functions-000601.c		
1039c9480	1039c951f	decompiled	chunks/009/functions-000601.c		
1039c9520	1039c953f	decompiled	chunks/009/functions-000601.c		
1039c9540	1039c95a3	decompiled	chunks/009/functions-000601.c		
1039c95a4	1039c95ab	decompiled	chunks/009/functions-000601.c		
1039c95ac	1039c964b	decompiled	chunks/009/functions-000601.c		
1039c964c	1039c966b	decompiled	chunks/009/functions-000601.c		
1039c966c	1039c96cf	decompiled	chunks/009/functions-000601.c		
1039c96d0	1039c96d7	decompiled	chunks/009/functions-000601.c		
1039c96d8	1039c9777	decompiled	chunks/009/functions-000601.c		
1039c9778	1039c9797	decompiled	chunks/009/functions-000601.c		
1039c9798	1039c9893	decompiled	chunks/009/functions-000601.c		
1039c9894	1039c98f3	decompiled	chunks/009/functions-000601.c	-[_TtC39CreateActiveUserSessionScopeGraphBridge47CreateActiveUserSessionScopeGraphBridgeServices init]	
1039c98f4	1039c9a07	decompiled	chunks/009/functions-000601.c	-[_TtC39CreateActiveUserSessionScopeGraphBridge47CreateActiveUserSessionScopeGraphBridgeServices .cxx_destruct]	
1039c9a08	1039c9a3f	decompiled	chunks/009/functions-000601.c		
1039c9a40	1039c9a83	decompiled	chunks/009/functions-000601.c	-[SCCreateActiveUserSessionScopeGraphBridgeSaberEntryPoint end]	
1039c9a84	1039c9ab7	decompiled	chunks/009/functions-000601.c		
1039c9ab8	1039c9aff	decompiled	chunks/009/functions-000601.c	-[SCCreateActiveUserSessionScopeGraphBridgeSaberEntryPoint .cxx_destruct]	
1039c9b00	1039c9b1f	decompiled	chunks/009/functions-000601.c		
1039c9b20	1039c9b63	decompiled	chunks/009/functions-000601.c	-[SCCTPCustomojiServicesSaberEntryPoint end]	
1039c9b64	1039c9b97	decompiled	chunks/009/functions-000602.c		
1039c9b98	1039c9bef	decompiled	chunks/009/functions-000602.c	-[SCCTPCustomojiServicesSaberEntryPoint .cxx_destruct]	
1039c9bf0	1039c9c0f	decompiled	chunks/009/functions-000602.c		
1039c9c10	1039c9c53	decompiled	chunks/009/functions-000602.c	-[SCCTPSearchServicesSaberEntryPoint end]	
1039c9c54	1039c9c87	decompiled	chunks/009/functions-000602.c		
1039c9c88	1039c9cdf	decompiled	chunks/009/functions-000602.c	-[SCCTPSearchServicesSaberEntryPoint .cxx_destruct]	
1039c9ce0	1039c9cff	decompiled	chunks/009/functions-000602.c		
1039c9d00	1039c9d43	decompiled	chunks/009/functions-000602.c	-[SCCTPUserDataFeedServicesSaberEntryPoint end]	
1039c9d44	1039c9d77	decompiled	chunks/009/functions-000602.c		
1039c9d78	1039c9dcf	decompiled	chunks/009/functions-000602.c	-[SCCTPUserDataFeedServicesSaberEntryPoint .cxx_destruct]	
1039c9dd0	1039c9def	decompiled	chunks/009/functions-000602.c		
1039c9df0	1039c9dfb	decompiled	chunks/009/functions-000602.c	-[SCCTPCustomStickerServicesSaberServiceProvider beginIn]	
1039c9dfc	1039c9e07	decompiled	chunks/009/functions-000602.c	-[SCCTPCustomStickerServicesSaberServiceProvider setBeginIn:]	
1039c9e08	1039c9e13	decompiled	chunks/009/functions-000602.c	-[SCCTPCustomStickerServicesSaberServiceProvider createActiveUserSessionScopeGraphBridgeServices]	
1039c9e14	1039c9e57	decompiled	chunks/009/functions-000602.c		
1039c9e58	1039c9e63	decompiled	chunks/009/functions-000602.c	-[SCCTPCustomStickerServicesSaberServiceProvider setCreateActiveUserSessionScopeGraphBridgeServices:]	
1039c9e64	1039c9eb7	decompiled	chunks/009/functions-000602.c		
1039c9eb8	1039ca0cb	decompiled	chunks/009/functions-000602.c		
1039ca0cc	1039ca0ff	decompiled	chunks/009/functions-000602.c	-[SCCTPCustomStickerServicesSaberServiceProvider provide]	
1039ca100	1039ca133	decompiled	chunks/009/functions-000602.c	-[SCCTPCustomStickerServicesSaberServiceProvider __safeProvide]	
1039ca134	1039ca177	decompiled	chunks/009/functions-000602.c	-[SCCTPCustomStickerServicesSaberServiceProvider end]	
1039ca178	1039ca30f	decompiled	chunks/009/functions-000602.c		
1039ca310	1039ca3bb	decompiled	chunks/009/functions-000602.c	-[SCCTPCustomStickerServicesSaberServiceProvider setValue:forIvarName:]	
1039ca3bc	1039ca42f	decompiled	chunks/009/functions-000602.c	-[SCCTPCustomStickerServicesSaberServiceProvider init]	
1039ca430	1039ca463	decompiled	chunks/009/functions-000602.c		
1039ca464	1039ca4ab	decompiled	chunks/009/functions-000602.c	-[SCCTPCustomStickerServicesSaberServiceProvider .cxx_destruct]	
1039ca4ac	1039ca4cb	decompiled	chunks/009/functions-000602.c		
1039ca4cc	1039ca4d7	decompiled	chunks/009/functions-000602.c	-[SCSCCreativeToolsSnapReplyServicesSaberServiceProvider beginIn]	
1039ca4d8	1039ca4e3	decompiled	chunks/009/functions-000602.c	-[SCSCCreativeToolsSnapReplyServicesSaberServiceProvider setBeginIn:]	
1039ca4e4	1039ca4ef	decompiled	chunks/009/functions-000602.c	-[SCSCCreativeToolsSnapReplyServicesSaberServiceProvider createActiveUserSessionScopeGraphBridgeServices]	
1039ca4f0	1039ca533	decompiled	chunks/009/functions-000602.c		
1039ca534	1039ca53f	decompiled	chunks/009/functions-000602.c	-[SCSCCreativeToolsSnapReplyServicesSaberServiceProvider setCreateActiveUserSessionScopeGraphBridgeServices:]	
1039ca540	1039ca593	decompiled	chunks/009/functions-000602.c		
1039ca594	1039ca7a7	decompiled	chunks/009/functions-000602.c		
1039ca7a8	1039ca7db	decompiled	chunks/009/functions-000602.c	-[SCSCCreativeToolsSnapReplyServicesSaberServiceProvider provide]	
1039ca7dc	1039ca80f	decompiled	chunks/009/functions-000602.c	-[SCSCCreativeToolsSnapReplyServicesSaberServiceProvider __safeProvide]	
1039ca810	1039ca853	decompiled	chunks/009/functions-000602.c	-[SCSCCreativeToolsSnapReplyServicesSaberServiceProvider end]	
1039ca854	1039ca9eb	decompiled	chunks/009/functions-000602.c		
1039ca9ec	1039caa97	decompiled	chunks/009/functions-000602.c	-[SCSCCreativeToolsSnapReplyServicesSaberServiceProvider setValue:forIvarName:]	
1039caa98	1039cab0b	decompiled	chunks/009/functions-000602.c	-[SCSCCreativeToolsSnapReplyServicesSaberServiceProvider init]	
1039cab0c	1039cab3f	decompiled	chunks/009/functions-000602.c		
1039cab40	1039cab87	decompiled	chunks/009/functions-000602.c	-[SCSCCreativeToolsSnapReplyServicesSaberServiceProvider .cxx_destruct]	
1039cab88	1039caba7	decompiled	chunks/009/functions-000602.c		
1039caba8	1039cabb3	decompiled	chunks/009/functions-000602.c	-[SCSCPollServicesSaberServiceProvider beginIn]	
1039cabb4	1039cabbf	decompiled	chunks/009/functions-000602.c	-[SCSCPollServicesSaberServiceProvider setBeginIn:]	
1039cabc0	1039cabcb	decompiled	chunks/009/functions-000602.c	-[SCSCPollServicesSaberServiceProvider createActiveUserSessionScopeGraphBridgeServices]	
1039cabcc	1039cac0f	decompiled	chunks/009/functions-000602.c		
1039cac10	1039cac1b	decompiled	chunks/009/functions-000602.c	-[SCSCPollServicesSaberServiceProvider setCreateActiveUserSessionScopeGraphBridgeServices:]	
1039cac1c	1039cac6f	decompiled	chunks/009/functions-000602.c		
1039cac70	1039cae83	decompiled	chunks/009/functions-000602.c		
1039cae84	1039caeb7	decompiled	chunks/009/functions-000602.c	-[SCSCPollServicesSaberServiceProvider provide]	
1039caeb8	1039caeeb	decompiled	chunks/009/functions-000602.c	-[SCSCPollServicesSaberServiceProvider __safeProvide]	
1039caeec	1039caf2f	decompiled	chunks/009/functions-000602.c	-[SCSCPollServicesSaberServiceProvider end]	
1039caf30	1039cb0c7	decompiled	chunks/009/functions-000602.c		
1039cb0c8	1039cb173	decompiled	chunks/009/functions-000602.c	-[SCSCPollServicesSaberServiceProvider setValue:forIvarName:]	
1039cb174	1039cb1e7	decompiled	chunks/009/functions-000602.c	-[SCSCPollServicesSaberServiceProvider init]	
1039cb1e8	1039cb21b	decompiled	chunks/009/functions-000602.c		
1039cb21c	1039cb263	decompiled	chunks/009/functions-000602.c	-[SCSCPollServicesSaberServiceProvider .cxx_destruct]	
1039cb264	1039cb283	decompiled	chunks/009/functions-000602.c		
1039cb284	1039cb28f	decompiled	chunks/009/functions-000602.c	-[SCSCReactionsServicesSaberServiceProvider beginIn]	
1039cb290	1039cb29b	decompiled	chunks/009/functions-000602.c	-[SCSCReactionsServicesSaberServiceProvider setBeginIn:]	
1039cb29c	1039cb2a7	decompiled	chunks/009/functions-000602.c	-[SCSCReactionsServicesSaberServiceProvider createActiveUserSessionScopeGraphBridgeServices]	
1039cb2a8	1039cb2eb	decompiled	chunks/009/functions-000602.c		
1039cb2ec	1039cb2f7	decompiled	chunks/009/functions-000602.c	-[SCSCReactionsServicesSaberServiceProvider setCreateActiveUserSessionScopeGraphBridgeServices:]	
1039cb2f8	1039cb34b	decompiled	chunks/009/functions-000602.c		
1039cb34c	1039cb55f	decompiled	chunks/009/functions-000602.c		
1039cb560	1039cb593	decompiled	chunks/009/functions-000602.c	-[SCSCReactionsServicesSaberServiceProvider provide]	
1039cb594	1039cb5c7	decompiled	chunks/009/functions-000602.c	-[SCSCReactionsServicesSaberServiceProvider __safeProvide]	
1039cb5c8	1039cb60b	decompiled	chunks/009/functions-000602.c	-[SCSCReactionsServicesSaberServiceProvider end]	
1039cb60c	1039cb7a3	decompiled	chunks/009/functions-000602.c		
1039cb7a4	1039cb84f	decompiled	chunks/009/functions-000602.c	-[SCSCReactionsServicesSaberServiceProvider setValue:forIvarName:]	
1039cb850	1039cb8c3	decompiled	chunks/009/functions-000602.c	-[SCSCReactionsServicesSaberServiceProvider init]	
1039cb8c4	1039cb8f7	decompiled	chunks/009/functions-000602.c		
1039cb8f8	1039cb93f	decompiled	chunks/009/functions-000602.c	-[SCSCReactionsServicesSaberServiceProvider .cxx_destruct]	
1039cb940	1039cb95f	decompiled	chunks/009/functions-000602.c		
1039cb960	1039cb96b	decompiled	chunks/009/functions-000602.c	-[SCSCSmartReplySearchTagsProviderServicesSaberServiceProvider beginIn]	
1039cb96c	1039cb977	decompiled	chunks/009/functions-000602.c	-[SCSCSmartReplySearchTagsProviderServicesSaberServiceProvider setBeginIn:]	
1039cb978	1039cb983	decompiled	chunks/009/functions-000602.c	-[SCSCSmartReplySearchTagsProviderServicesSaberServiceProvider createActiveUserSessionScopeGraphBridgeServices]	
1039cb984	1039cb9c7	decompiled	chunks/009/functions-000602.c		
1039cb9c8	1039cb9d3	decompiled	chunks/009/functions-000602.c	-[SCSCSmartReplySearchTagsProviderServicesSaberServiceProvider setCreateActiveUserSessionScopeGraphBridgeServices:]	
1039cb9d4	1039cba27	decompiled	chunks/009/functions-000602.c		
1039cba28	1039cbc3b	decompiled	chunks/009/functions-000602.c		
1039cbc3c	1039cbc6f	decompiled	chunks/009/functions-000602.c	-[SCSCSmartReplySearchTagsProviderServicesSaberServiceProvider provide]	
1039cbc70	1039cbca3	decompiled	chunks/009/functions-000602.c	-[SCSCSmartReplySearchTagsProviderServicesSaberServiceProvider __safeProvide]	
1039cbca4	1039cbce7	decompiled	chunks/009/functions-000602.c	-[SCSCSmartReplySearchTagsProviderServicesSaberServiceProvider end]	
1039cbce8	1039cbe7f	decompiled	chunks/009/functions-000602.c		
1039cbe80	1039cbf2b	decompiled	chunks/009/functions-000602.c	-[SCSCSmartReplySearchTagsProviderServicesSaberServiceProvider setValue:forIvarName:]	
1039cbf2c	1039cbf9f	decompiled	chunks/009/functions-000602.c	-[SCSCSmartReplySearchTagsProviderServicesSaberServiceProvider init]	
1039cbfa0	1039cbfd3	decompiled	chunks/009/functions-000602.c		
1039cbfd4	1039cc01b	decompiled	chunks/009/functions-000602.c	-[SCSCSmartReplySearchTagsProviderServicesSaberServiceProvider .cxx_destruct]	
1039cc01c	1039cc03b	decompiled	chunks/009/functions-000602.c		
1039cc03c	1039cc047	decompiled	chunks/009/functions-000602.c	-[SCSCVoiceoverServicesSaberServiceProvider beginIn]	
1039cc048	1039cc053	decompiled	chunks/009/functions-000602.c	-[SCSCVoiceoverServicesSaberServiceProvider setBeginIn:]	
1039cc054	1039cc05f	decompiled	chunks/009/functions-000602.c	-[SCSCVoiceoverServicesSaberServiceProvider createActiveUserSessionScopeGraphBridgeServices]	
1039cc060	1039cc0a3	decompiled	chunks/009/functions-000602.c		
1039cc0a4	1039cc0af	decompiled	chunks/009/functions-000602.c	-[SCSCVoiceoverServicesSaberServiceProvider setCreateActiveUserSessionScopeGraphBridgeServices:]	
1039cc0b0	1039cc103	decompiled	chunks/009/functions-000602.c		
1039cc104	1039cc317	decompiled	chunks/009/functions-000602.c		
1039cc318	1039cc34b	decompiled	chunks/009/functions-000602.c	-[SCSCVoiceoverServicesSaberServiceProvider provide]	
1039cc34c	1039cc37f	decompiled	chunks/009/functions-000602.c	-[SCSCVoiceoverServicesSaberServiceProvider __safeProvide]	
1039cc380	1039cc3c3	decompiled	chunks/009/functions-000603.c	-[SCSCVoiceoverServicesSaberServiceProvider end]	
1039cc3c4	1039cc55b	decompiled	chunks/009/functions-000603.c		
1039cc55c	1039cc607	decompiled	chunks/009/functions-000603.c	-[SCSCVoiceoverServicesSaberServiceProvider setValue:forIvarName:]	
1039cc608	1039cc67b	decompiled	chunks/009/functions-000603.c	-[SCSCVoiceoverServicesSaberServiceProvider init]	
1039cc67c	1039cc6af	decompiled	chunks/009/functions-000603.c		
1039cc6b0	1039cc6f7	decompiled	chunks/009/functions-000603.c	-[SCSCVoiceoverServicesSaberServiceProvider .cxx_destruct]	
1039cc6f8	1039cc717	decompiled	chunks/009/functions-000603.c		
1039cc718	1039cc723	decompiled	chunks/009/functions-000603.c	-[SCUnifiedToolbarServicesSaberServiceProvider beginIn]	
1039cc724	1039cc72f	decompiled	chunks/009/functions-000603.c	-[SCUnifiedToolbarServicesSaberServiceProvider setBeginIn:]	
1039cc730	1039cc73b	decompiled	chunks/009/functions-000603.c	-[SCUnifiedToolbarServicesSaberServiceProvider createActiveUserSessionScopeGraphBridgeServices]	
1039cc73c	1039cc77f	decompiled	chunks/009/functions-000603.c		
1039cc780	1039cc78b	decompiled	chunks/009/functions-000603.c	-[SCUnifiedToolbarServicesSaberServiceProvider setCreateActiveUserSessionScopeGraphBridgeServices:]	
1039cc78c	1039cc7df	decompiled	chunks/009/functions-000603.c		
1039cc7e0	1039cc9f3	decompiled	chunks/009/functions-000603.c		
1039cc9f4	1039cca27	decompiled	chunks/009/functions-000603.c	-[SCUnifiedToolbarServicesSaberServiceProvider provide]	
1039cca28	1039cca5b	decompiled	chunks/009/functions-000603.c	-[SCUnifiedToolbarServicesSaberServiceProvider __safeProvide]	
1039cca5c	1039cca9f	decompiled	chunks/009/functions-000603.c	-[SCUnifiedToolbarServicesSaberServiceProvider end]	
1039ccaa0	1039ccc37	decompiled	chunks/009/functions-000603.c		
1039ccc38	1039ccce3	decompiled	chunks/009/functions-000603.c	-[SCUnifiedToolbarServicesSaberServiceProvider setValue:forIvarName:]	
1039ccce4	1039ccd57	decompiled	chunks/009/functions-000603.c	-[SCUnifiedToolbarServicesSaberServiceProvider init]	
1039ccd58	1039ccd8b	decompiled	chunks/009/functions-000603.c		
1039ccd8c	1039ccdd3	decompiled	chunks/009/functions-000603.c	-[SCUnifiedToolbarServicesSaberServiceProvider .cxx_destruct]	
1039ccdd4	1039ccdf3	decompiled	chunks/009/functions-000603.c		
1039ccdf4	1039cce7b	decompiled	chunks/009/functions-000603.c		
1039cce7c	1039ccedb	decompiled	chunks/009/functions-000603.c	-[_TtC41CreatorsActiveUserSessionScopeGraphBridge56CreatorsActiveUserSessionScopeGraphBridgeSaberEntryPoint init]	
1039ccedc	1039ccf13	decompiled	chunks/009/functions-000603.c	-[_TtC41CreatorsActiveUserSessionScopeGraphBridge56CreatorsActiveUserSessionScopeGraphBridgeSaberEntryPoint .cxx_destruct]	
1039ccf14	1039ccf3b	decompiled	chunks/009/functions-000603.c		
1039ccf3c	1039ccfd7	decompiled	chunks/009/functions-000603.c		
1039ccfd8	1039cd037	decompiled	chunks/009/functions-000603.c	-[_TtC41CreatorsActiveUserSessionScopeGraphBridge41SCSnapProMessagingServicesSaberEntryPoint init]	
1039cd038	1039cd0cb	decompiled	chunks/009/functions-000603.c	-[_TtC41CreatorsActiveUserSessionScopeGraphBridge41SCSnapProMessagingServicesSaberEntryPoint .cxx_destruct]	
1039cd0cc	1039cd0d3	decompiled	chunks/009/functions-000603.c		
1039cd0d4	1039cd137	decompiled	chunks/009/functions-000603.c		
1039cd138	1039cd13f	decompiled	chunks/009/functions-000603.c		
1039cd140	1039cd1df	decompiled	chunks/009/functions-000603.c		
1039cd1e0	1039cd1ff	decompiled	chunks/009/functions-000603.c		
1039cd200	1039cd263	decompiled	chunks/009/functions-000603.c		
1039cd264	1039cd26b	decompiled	chunks/009/functions-000603.c		
1039cd26c	1039cd30b	decompiled	chunks/009/functions-000603.c		
1039cd30c	1039cd32b	decompiled	chunks/009/functions-000603.c		
1039cd32c	1039cd38f	decompiled	chunks/009/functions-000603.c		
1039cd390	1039cd397	decompiled	chunks/009/functions-000603.c		
1039cd398	1039cd437	decompiled	chunks/009/functions-000603.c		
1039cd438	1039cd457	decompiled	chunks/009/functions-000603.c		
1039cd458	1039cd4bb	decompiled	chunks/009/functions-000603.c		
1039cd4bc	1039cd4c3	decompiled	chunks/009/functions-000603.c		
1039cd4c4	1039cd563	decompiled	chunks/009/functions-000603.c		
1039cd564	1039cd583	decompiled	chunks/009/functions-000603.c		
1039cd584	1039cd61f	decompiled	chunks/009/functions-000603.c		
1039cd620	1039cd67f	decompiled	chunks/009/functions-000603.c	-[_TtC41CreatorsActiveUserSessionScopeGraphBridge49CreatorsActiveUserSessionScopeGraphBridgeServices init]	
1039cd680	1039cd743	decompiled	chunks/009/functions-000603.c	-[_TtC41CreatorsActiveUserSessionScopeGraphBridge49CreatorsActiveUserSessionScopeGraphBridgeServices .cxx_destruct]	
1039cd744	1039cd77b	decompiled	chunks/009/functions-000603.c		
1039cd77c	1039cd7bf	decompiled	chunks/009/functions-000603.c	-[SCCreatorsActiveUserSessionScopeGraphBridgeSaberEntryPoint end]	
1039cd7c0	1039cd7f3	decompiled	chunks/009/functions-000603.c		
1039cd7f4	1039cd83b	decompiled	chunks/009/functions-000603.c	-[SCCreatorsActiveUserSessionScopeGraphBridgeSaberEntryPoint .cxx_destruct]	
1039cd83c	1039cd85b	decompiled	chunks/009/functions-000603.c		
1039cd85c	1039cd89f	decompiled	chunks/009/functions-000603.c	-[SCSCSnapProMessagingServicesSaberEntryPoint end]	
1039cd8a0	1039cd8d3	decompiled	chunks/009/functions-000603.c		
1039cd8d4	1039cd92b	decompiled	chunks/009/functions-000603.c	-[SCSCSnapProMessagingServicesSaberEntryPoint .cxx_destruct]	
1039cd92c	1039cd94b	decompiled	chunks/009/functions-000603.c		
1039cd94c	1039cd957	decompiled	chunks/009/functions-000603.c	-[SCSCCreatorsMessagingServicesScopeSaberServiceProvider beginIn]	
1039cd958	1039cd963	decompiled	chunks/009/functions-000603.c	-[SCSCCreatorsMessagingServicesScopeSaberServiceProvider setBeginIn:]	
1039cd964	1039cd96f	decompiled	chunks/009/functions-000603.c	-[SCSCCreatorsMessagingServicesScopeSaberServiceProvider creatorsActiveUserSessionScopeGraphBridgeServices]	
1039cd970	1039cd9b3	decompiled	chunks/009/functions-000603.c		
1039cd9b4	1039cd9bf	decompiled	chunks/009/functions-000603.c	-[SCSCCreatorsMessagingServicesScopeSaberServiceProvider setCreatorsActiveUserSessionScopeGraphBridgeServices:]	
1039cd9c0	1039cda13	decompiled	chunks/009/functions-000603.c		
1039cda14	1039cdc27	decompiled	chunks/009/functions-000603.c		
1039cdc28	1039cdc5b	decompiled	chunks/009/functions-000603.c	-[SCSCCreatorsMessagingServicesScopeSaberServiceProvider provide]	
1039cdc5c	1039cdc8f	decompiled	chunks/009/functions-000603.c	-[SCSCCreatorsMessagingServicesScopeSaberServiceProvider __safeProvide]	
1039cdc90	1039cdcd3	decompiled	chunks/009/functions-000603.c	-[SCSCCreatorsMessagingServicesScopeSaberServiceProvider end]	
1039cdcd4	1039cde6b	decompiled	chunks/009/functions-000603.c		
1039cde6c	1039cdf17	decompiled	chunks/009/functions-000603.c	-[SCSCCreatorsMessagingServicesScopeSaberServiceProvider setValue:forIvarName:]	
1039cdf18	1039cdf8b	decompiled	chunks/009/functions-000603.c	-[SCSCCreatorsMessagingServicesScopeSaberServiceProvider init]	
1039cdf8c	1039cdfbf	decompiled	chunks/009/functions-000603.c		
1039cdfc0	1039ce007	decompiled	chunks/009/functions-000603.c	-[SCSCCreatorsMessagingServicesScopeSaberServiceProvider .cxx_destruct]	
1039ce008	1039ce027	decompiled	chunks/009/functions-000603.c		
1039ce028	1039ce033	decompiled	chunks/009/functions-000603.c	-[SCSCCreatorsSubscriptionStoreServicesSaberServiceProvider beginIn]	
1039ce034	1039ce03f	decompiled	chunks/009/functions-000603.c	-[SCSCCreatorsSubscriptionStoreServicesSaberServiceProvider setBeginIn:]	
1039ce040	1039ce04b	decompiled	chunks/009/functions-000603.c	-[SCSCCreatorsSubscriptionStoreServicesSaberServiceProvider creatorsActiveUserSessionScopeGraphBridgeServices]	
1039ce04c	1039ce08f	decompiled	chunks/009/functions-000603.c		
1039ce090	1039ce09b	decompiled	chunks/009/functions-000603.c	-[SCSCCreatorsSubscriptionStoreServicesSaberServiceProvider setCreatorsActiveUserSessionScopeGraphBridgeServices:]	
1039ce09c	1039ce0ef	decompiled	chunks/009/functions-000603.c		
1039ce0f0	1039ce303	decompiled	chunks/009/functions-000603.c		
1039ce304	1039ce337	decompiled	chunks/009/functions-000603.c	-[SCSCCreatorsSubscriptionStoreServicesSaberServiceProvider provide]	
1039ce338	1039ce36b	decompiled	chunks/009/functions-000603.c	-[SCSCCreatorsSubscriptionStoreServicesSaberServiceProvider __safeProvide]	
1039ce36c	1039ce3af	decompiled	chunks/009/functions-000603.c	-[SCSCCreatorsSubscriptionStoreServicesSaberServiceProvider end]	
1039ce3b0	1039ce547	decompiled	chunks/009/functions-000603.c		
1039ce548	1039ce5f3	decompiled	chunks/009/functions-000603.c	-[SCSCCreatorsSubscriptionStoreServicesSaberServiceProvider setValue:forIvarName:]	
1039ce5f4	1039ce667	decompiled	chunks/009/functions-000603.c	-[SCSCCreatorsSubscriptionStoreServicesSaberServiceProvider init]	
1039ce668	1039ce69b	decompiled	chunks/009/functions-000603.c		
1039ce69c	1039ce6e3	decompiled	chunks/009/functions-000603.c	-[SCSCCreatorsSubscriptionStoreServicesSaberServiceProvider .cxx_destruct]	
1039ce6e4	1039ce703	decompiled	chunks/009/functions-000603.c		
1039ce704	1039ce70f	decompiled	chunks/009/functions-000603.c	-[SCSCImpalaCreatorNotificationsServicesSaberServiceProvider beginIn]	
1039ce710	1039ce71b	decompiled	chunks/009/functions-000603.c	-[SCSCImpalaCreatorNotificationsServicesSaberServiceProvider setBeginIn:]	
1039ce71c	1039ce727	decompiled	chunks/009/functions-000603.c	-[SCSCImpalaCreatorNotificationsServicesSaberServiceProvider creatorsActiveUserSessionScopeGraphBridgeServices]	
1039ce728	1039ce76b	decompiled	chunks/009/functions-000603.c		
1039ce76c	1039ce777	decompiled	chunks/009/functions-000603.c	-[SCSCImpalaCreatorNotificationsServicesSaberServiceProvider setCreatorsActiveUserSessionScopeGraphBridgeServices:]	
1039ce778	1039ce7cb	decompiled	chunks/009/functions-000603.c		
1039ce7cc	1039ce9df	decompiled	chunks/009/functions-000603.c		
1039ce9e0	1039cea13	decompiled	chunks/009/functions-000603.c	-[SCSCImpalaCreatorNotificationsServicesSaberServiceProvider provide]	
1039cea14	1039cea47	decompiled	chunks/009/functions-000603.c	-[SCSCImpalaCreatorNotificationsServicesSaberServiceProvider __safeProvide]	
1039cea48	1039cea8b	decompiled	chunks/009/functions-000604.c	-[SCSCImpalaCreatorNotificationsServicesSaberServiceProvider end]	
1039cea8c	1039cec23	decompiled	chunks/009/functions-000604.c		
1039cec24	1039ceccf	decompiled	chunks/009/functions-000604.c	-[SCSCImpalaCreatorNotificationsServicesSaberServiceProvider setValue:forIvarName:]	
1039cecd0	1039ced43	decompiled	chunks/009/functions-000604.c	-[SCSCImpalaCreatorNotificationsServicesSaberServiceProvider init]	
1039ced44	1039ced77	decompiled	chunks/009/functions-000604.c		
1039ced78	1039cedbf	decompiled	chunks/009/functions-000604.c	-[SCSCImpalaCreatorNotificationsServicesSaberServiceProvider .cxx_destruct]	
1039cedc0	1039ceddf	decompiled	chunks/009/functions-000604.c		
1039cede0	1039cedeb	decompiled	chunks/009/functions-000604.c	-[SCSCSwipeToProfileParamsProviderServiceSaberServiceProvider beginIn]	
1039cedec	1039cedf7	decompiled	chunks/009/functions-000604.c	-[SCSCSwipeToProfileParamsProviderServiceSaberServiceProvider setBeginIn:]	
1039cedf8	1039cee03	decompiled	chunks/009/functions-000604.c	-[SCSCSwipeToProfileParamsProviderServiceSaberServiceProvider creatorsActiveUserSessionScopeGraphBridgeServices]	
1039cee04	1039cee47	decompiled	chunks/009/functions-000604.c		
1039cee48	1039cee53	decompiled	chunks/009/functions-000604.c	-[SCSCSwipeToProfileParamsProviderServiceSaberServiceProvider setCreatorsActiveUserSessionScopeGraphBridgeServices:]	
1039cee54	1039ceea7	decompiled	chunks/009/functions-000604.c		
1039ceea8	1039cf0bb	decompiled	chunks/009/functions-000604.c		
1039cf0bc	1039cf0ef	decompiled	chunks/009/functions-000604.c	-[SCSCSwipeToProfileParamsProviderServiceSaberServiceProvider provide]	
1039cf0f0	1039cf123	decompiled	chunks/009/functions-000604.c	-[SCSCSwipeToProfileParamsProviderServiceSaberServiceProvider __safeProvide]	
1039cf124	1039cf167	decompiled	chunks/009/functions-000604.c	-[SCSCSwipeToProfileParamsProviderServiceSaberServiceProvider end]	
1039cf168	1039cf2ff	decompiled	chunks/009/functions-000604.c		
1039cf300	1039cf3ab	decompiled	chunks/009/functions-000604.c	-[SCSCSwipeToProfileParamsProviderServiceSaberServiceProvider setValue:forIvarName:]	
1039cf3ac	1039cf41f	decompiled	chunks/009/functions-000604.c	-[SCSCSwipeToProfileParamsProviderServiceSaberServiceProvider init]	
1039cf420	1039cf453	decompiled	chunks/009/functions-000604.c		
1039cf454	1039cf49b	decompiled	chunks/009/functions-000604.c	-[SCSCSwipeToProfileParamsProviderServiceSaberServiceProvider .cxx_destruct]	
1039cf49c	1039cf4bb	decompiled	chunks/009/functions-000604.c		
1039cf4bc	1039cf517	decompiled	chunks/009/functions-000604.c	-[SCCreatorsSendToSelection recipients]	
1039cf518	1039cf57f	decompiled	chunks/009/functions-000604.c	-[SCCreatorsSendToSelection groups]	
1039cf580	1039cf5db	decompiled	chunks/009/functions-000604.c	-[SCCreatorsSendToSelection additionalText]	
1039cf5dc	1039cf65f	decompiled	chunks/009/functions-000604.c		
1039cf660	1039cf73f	decompiled	chunks/009/functions-000604.c	-[SCCreatorsSendToSelection initWithRecipients:groups:additionalText:]	
1039cf740	1039cf79f	decompiled	chunks/009/functions-000604.c	-[SCCreatorsSendToSelection init]	
1039cf7a0	1039cf7eb	decompiled	chunks/009/functions-000604.c	-[SCCreatorsSendToSelection .cxx_destruct]	
1039cf7ec	1039cf80b	decompiled	chunks/009/functions-000604.c		
1039cf80c	1039cf81b	decompiled	chunks/009/functions-000604.c	-[_TtC32SCCreatorsMessagingServicesScope32SCCreatorsMessagingServicesScope messageSender]	
1039cf81c	1039cf867	decompiled	chunks/009/functions-000604.c		
1039cf868	1039cf8bf	decompiled	chunks/009/functions-000604.c	-[_TtC32SCCreatorsMessagingServicesScope32SCCreatorsMessagingServicesScope initWithMessageSender:]	
1039cf8c0	1039cf91f	decompiled	chunks/009/functions-000604.c	-[_TtC32SCCreatorsMessagingServicesScope32SCCreatorsMessagingServicesScope init]	
1039cf920	1039cf92f	decompiled	chunks/009/functions-000604.c	-[_TtC32SCCreatorsMessagingServicesScope32SCCreatorsMessagingServicesScope .cxx_destruct]	
1039cf930	1039cf93f	decompiled	chunks/009/functions-000604.c	-[_TtC35SCCreatorsSubscriptionStoreServices35SCCreatorsSubscriptionStoreServices subscriptionStoreDelegate]	
1039cf940	1039cf98b	decompiled	chunks/009/functions-000604.c		
1039cf98c	1039cf9e3	decompiled	chunks/009/functions-000604.c	-[_TtC35SCCreatorsSubscriptionStoreServices35SCCreatorsSubscriptionStoreServices initWithSubscriptionStoreDelegate:]	
1039cf9e4	1039cfa17	decompiled	chunks/009/functions-000604.c		
1039cfa18	1039cfa27	decompiled	chunks/009/functions-000604.c	-[_TtC35SCCreatorsSubscriptionStoreServices35SCCreatorsSubscriptionStoreServices .cxx_destruct]	
1039cfa28	1039cfa37	decompiled	chunks/009/functions-000604.c	-[_TtC36SCImpalaCreatorNotificationsServices36SCImpalaCreatorNotificationsServices settingsNotificationViewControllerCreator]	
1039cfa38	1039cfa83	decompiled	chunks/009/functions-000604.c		
1039cfa84	1039cfae3	decompiled	chunks/009/functions-000604.c	-[_TtC36SCImpalaCreatorNotificationsServices36SCImpalaCreatorNotificationsServices init]	
1039cfae4	1039cfaf3	decompiled	chunks/009/functions-000604.c	-[_TtC36SCImpalaCreatorNotificationsServices36SCImpalaCreatorNotificationsServices .cxx_destruct]	
1039cfaf4	1039cfb7b	decompiled	chunks/009/functions-000604.c		
1039cfb7c	1039cfbdb	decompiled	chunks/009/functions-000604.c	-[_TtC36FdsActiveUserSessionScopeGraphBridge51FdsActiveUserSessionScopeGraphBridgeSaberEntryPoint init]	
1039cfbdc	1039cfc13	decompiled	chunks/009/functions-000604.c	-[_TtC36FdsActiveUserSessionScopeGraphBridge51FdsActiveUserSessionScopeGraphBridgeSaberEntryPoint .cxx_destruct]	
1039cfc14	1039cfc3b	decompiled	chunks/009/functions-000604.c		
1039cfc3c	1039cfc9f	decompiled	chunks/009/functions-000604.c		
1039cfca0	1039cfca7	decompiled	chunks/009/functions-000604.c		
1039cfca8	1039cfd47	decompiled	chunks/009/functions-000604.c		
1039cfd48	1039cfd67	decompiled	chunks/009/functions-000604.c		
1039cfd68	1039cfdcb	decompiled	chunks/009/functions-000604.c		
1039cfdcc	1039cfdd3	decompiled	chunks/009/functions-000604.c		
1039cfdd4	1039cfe73	decompiled	chunks/009/functions-000604.c		
1039cfe74	1039cfe93	decompiled	chunks/009/functions-000604.c		
1039cfe94	1039cfef7	decompiled	chunks/009/functions-000604.c		
1039cfef8	1039cfeff	decompiled	chunks/009/functions-000604.c		
1039cff00	1039cff9f	decompiled	chunks/009/functions-000604.c		
1039cffa0	1039cffbf	decompiled	chunks/009/functions-000604.c		
1039cffc0	1039d0033	decompiled	chunks/009/functions-000604.c		
1039d0034	1039d0093	decompiled	chunks/009/functions-000604.c	-[_TtC36FdsActiveUserSessionScopeGraphBridge44FdsActiveUserSessionScopeGraphBridgeServices init]	
1039d0094	1039d0137	decompiled	chunks/009/functions-000604.c	-[_TtC36FdsActiveUserSessionScopeGraphBridge44FdsActiveUserSessionScopeGraphBridgeServices .cxx_destruct]	
1039d0138	1039d016f	decompiled	chunks/009/functions-000604.c		
1039d0170	1039d01b3	decompiled	chunks/009/functions-000604.c	-[SCFdsActiveUserSessionScopeGraphBridgeSaberEntryPoint end]	
1039d01b4	1039d01e7	decompiled	chunks/009/functions-000604.c		
1039d01e8	1039d022f	decompiled	chunks/009/functions-000604.c	-[SCFdsActiveUserSessionScopeGraphBridgeSaberEntryPoint .cxx_destruct]	
1039d0230	1039d024f	decompiled	chunks/009/functions-000604.c		
1039d0250	1039d025b	decompiled	chunks/009/functions-000604.c	-[SCSCAtlasRegistryServicesSaberServiceProvider beginIn]	
1039d025c	1039d0267	decompiled	chunks/009/functions-000604.c	-[SCSCAtlasRegistryServicesSaberServiceProvider setBeginIn:]	
1039d0268	1039d0273	decompiled	chunks/009/functions-000604.c	-[SCSCAtlasRegistryServicesSaberServiceProvider fdsActiveUserSessionScopeGraphBridgeServices]	
1039d0274	1039d02b7	decompiled	chunks/009/functions-000604.c		
1039d02b8	1039d02c3	decompiled	chunks/009/functions-000604.c	-[SCSCAtlasRegistryServicesSaberServiceProvider setFdsActiveUserSessionScopeGraphBridgeServices:]	
1039d02c4	1039d0317	decompiled	chunks/009/functions-000604.c		
1039d0318	1039d052b	decompiled	chunks/009/functions-000604.c		
1039d052c	1039d055f	decompiled	chunks/009/functions-000604.c	-[SCSCAtlasRegistryServicesSaberServiceProvider provide]	
1039d0560	1039d0593	decompiled	chunks/009/functions-000604.c	-[SCSCAtlasRegistryServicesSaberServiceProvider __safeProvide]	
1039d0594	1039d05d7	decompiled	chunks/009/functions-000604.c	-[SCSCAtlasRegistryServicesSaberServiceProvider end]	
1039d05d8	1039d076f	decompiled	chunks/009/functions-000604.c		
1039d0770	1039d081b	decompiled	chunks/009/functions-000604.c	-[SCSCAtlasRegistryServicesSaberServiceProvider setValue:forIvarName:]	
1039d081c	1039d088f	decompiled	chunks/009/functions-000604.c	-[SCSCAtlasRegistryServicesSaberServiceProvider init]	
1039d0890	1039d08c3	decompiled	chunks/009/functions-000604.c		
1039d08c4	1039d090b	decompiled	chunks/009/functions-000604.c	-[SCSCAtlasRegistryServicesSaberServiceProvider .cxx_destruct]	
1039d090c	1039d092b	decompiled	chunks/009/functions-000604.c		
1039d092c	1039d0937	decompiled	chunks/009/functions-000604.c	-[SCSCAtlasServicesSaberServiceProvider beginIn]	
1039d0938	1039d0943	decompiled	chunks/009/functions-000604.c	-[SCSCAtlasServicesSaberServiceProvider setBeginIn:]	
1039d0944	1039d094f	decompiled	chunks/009/functions-000604.c	-[SCSCAtlasServicesSaberServiceProvider fdsActiveUserSessionScopeGraphBridgeServices]	
1039d0950	1039d0993	decompiled	chunks/009/functions-000604.c		
1039d0994	1039d099f	decompiled	chunks/009/functions-000604.c	-[SCSCAtlasServicesSaberServiceProvider setFdsActiveUserSessionScopeGraphBridgeServices:]	
1039d09a0	1039d09f3	decompiled	chunks/009/functions-000604.c		
1039d09f4	1039d0c07	decompiled	chunks/009/functions-000604.c		
1039d0c08	1039d0c3b	decompiled	chunks/009/functions-000604.c	-[SCSCAtlasServicesSaberServiceProvider provide]	
1039d0c3c	1039d0c6f	decompiled	chunks/009/functions-000604.c	-[SCSCAtlasServicesSaberServiceProvider __safeProvide]	
1039d0c70	1039d0cb3	decompiled	chunks/009/functions-000604.c	-[SCSCAtlasServicesSaberServiceProvider end]	
1039d0cb4	1039d0e4b	decompiled	chunks/009/functions-000604.c		
1039d0e4c	1039d0ef7	decompiled	chunks/009/functions-000604.c	-[SCSCAtlasServicesSaberServiceProvider setValue:forIvarName:]	
1039d0ef8	1039d0f6b	decompiled	chunks/009/functions-000604.c	-[SCSCAtlasServicesSaberServiceProvider init]	
1039d0f6c	1039d0f9f	decompiled	chunks/009/functions-000604.c		
1039d0fa0	1039d0fe7	decompiled	chunks/009/functions-000604.c	-[SCSCAtlasServicesSaberServiceProvider .cxx_destruct]	
1039d0fe8	1039d1007	decompiled	chunks/009/functions-000605.c		
1039d1008	1039d1013	decompiled	chunks/009/functions-000605.c	-[SCSCAtlasUserIdServicesSaberServiceProvider beginIn]	
1039d1014	1039d101f	decompiled	chunks/009/functions-000605.c	-[SCSCAtlasUserIdServicesSaberServiceProvider setBeginIn:]	
1039d1020	1039d102b	decompiled	chunks/009/functions-000605.c	-[SCSCAtlasUserIdServicesSaberServiceProvider fdsActiveUserSessionScopeGraphBridgeServices]	
1039d102c	1039d106f	decompiled	chunks/009/functions-000605.c		
1039d1070	1039d107b	decompiled	chunks/009/functions-000605.c	-[SCSCAtlasUserIdServicesSaberServiceProvider setFdsActiveUserSessionScopeGraphBridgeServices:]	
1039d107c	1039d10cf	decompiled	chunks/009/functions-000605.c		
1039d10d0	1039d12e3	decompiled	chunks/009/functions-000605.c		
1039d12e4	1039d1317	decompiled	chunks/009/functions-000605.c	-[SCSCAtlasUserIdServicesSaberServiceProvider provide]	
1039d1318	1039d134b	decompiled	chunks/009/functions-000605.c	-[SCSCAtlasUserIdServicesSaberServiceProvider __safeProvide]	
1039d134c	1039d138f	decompiled	chunks/009/functions-000605.c	-[SCSCAtlasUserIdServicesSaberServiceProvider end]	
1039d1390	1039d1527	decompiled	chunks/009/functions-000605.c		
1039d1528	1039d15d3	decompiled	chunks/009/functions-000605.c	-[SCSCAtlasUserIdServicesSaberServiceProvider setValue:forIvarName:]	
1039d15d4	1039d1647	decompiled	chunks/009/functions-000605.c	-[SCSCAtlasUserIdServicesSaberServiceProvider init]	
1039d1648	1039d167b	decompiled	chunks/009/functions-000605.c		
1039d167c	1039d16c3	decompiled	chunks/009/functions-000605.c	-[SCSCAtlasUserIdServicesSaberServiceProvider .cxx_destruct]	
1039d16c4	1039d16e3	decompiled	chunks/009/functions-000605.c		
1039d16e4	1039d16f3	decompiled	chunks/009/functions-000605.c	-[_TtC22AtlasUserIdServicesAPI21SCAtlasUserIdServices atlasUserIdProvider]	
1039d16f4	1039d173f	decompiled	chunks/009/functions-000605.c		
1039d1740	1039d1797	decompiled	chunks/009/functions-000605.c	-[_TtC22AtlasUserIdServicesAPI21SCAtlasUserIdServices initWithAtlasUserIdProvider:]	
1039d1798	1039d17f7	decompiled	chunks/009/functions-000605.c	-[_TtC22AtlasUserIdServicesAPI21SCAtlasUserIdServices init]	
1039d17f8	1039d1807	decompiled	chunks/009/functions-000605.c	-[_TtC22AtlasUserIdServicesAPI21SCAtlasUserIdServices .cxx_destruct]	
1039d1808	1039d188f	decompiled	chunks/009/functions-000605.c		
1039d1890	1039d18ef	decompiled	chunks/009/functions-000605.c	-[_TtC37FrndActiveUserSessionScopeGraphBridge52FrndActiveUserSessionScopeGraphBridgeSaberEntryPoint init]	
1039d18f0	1039d1927	decompiled	chunks/009/functions-000605.c	-[_TtC37FrndActiveUserSessionScopeGraphBridge52FrndActiveUserSessionScopeGraphBridgeSaberEntryPoint .cxx_destruct]	
1039d1928	1039d194f	decompiled	chunks/009/functions-000605.c		
1039d1950	1039d19b3	decompiled	chunks/009/functions-000605.c		
1039d19b4	1039d19bb	decompiled	chunks/009/functions-000605.c		
1039d19bc	1039d1a5b	decompiled	chunks/009/functions-000605.c		
1039d1a5c	1039d1a7b	decompiled	chunks/009/functions-000605.c		
1039d1a7c	1039d1adf	decompiled	chunks/009/functions-000605.c		
1039d1ae0	1039d1ae7	decompiled	chunks/009/functions-000605.c		
1039d1ae8	1039d1b87	decompiled	chunks/009/functions-000605.c		
1039d1b88	1039d1ba7	decompiled	chunks/009/functions-000605.c		
1039d1ba8	1039d1c0b	decompiled	chunks/009/functions-000605.c		
1039d1c0c	1039d1c13	decompiled	chunks/009/functions-000605.c		
1039d1c14	1039d1cb3	decompiled	chunks/009/functions-000605.c		
1039d1cb4	1039d1cd3	decompiled	chunks/009/functions-000605.c		
1039d1cd4	1039d1d37	decompiled	chunks/009/functions-000605.c		
1039d1d38	1039d1d3f	decompiled	chunks/009/functions-000605.c		
1039d1d40	1039d1ddf	decompiled	chunks/009/functions-000605.c		
1039d1de0	1039d1dff	decompiled	chunks/009/functions-000605.c		
1039d1e00	1039d1e63	decompiled	chunks/009/functions-000605.c		
1039d1e64	1039d1e6b	decompiled	chunks/009/functions-000605.c		
1039d1e6c	1039d1f0b	decompiled	chunks/009/functions-000605.c		
1039d1f0c	1039d1f2b	decompiled	chunks/009/functions-000605.c		
1039d1f2c	1039d1f8f	decompiled	chunks/009/functions-000605.c		
1039d1f90	1039d1f97	decompiled	chunks/009/functions-000605.c		
1039d1f98	1039d2037	decompiled	chunks/009/functions-000605.c		
1039d2038	1039d2057	decompiled	chunks/009/functions-000605.c		
1039d2058	1039d20bb	decompiled	chunks/009/functions-000605.c		
1039d20bc	1039d20c3	decompiled	chunks/009/functions-000605.c		
1039d20c4	1039d2163	decompiled	chunks/009/functions-000605.c		
1039d2164	1039d2183	decompiled	chunks/009/functions-000605.c		
1039d2184	1039d21e7	decompiled	chunks/009/functions-000605.c		
1039d21e8	1039d21ef	decompiled	chunks/009/functions-000605.c		
1039d21f0	1039d228f	decompiled	chunks/009/functions-000605.c		
1039d2290	1039d22af	decompiled	chunks/009/functions-000605.c		
1039d22b0	1039d238b	decompiled	chunks/009/functions-000605.c		
1039d238c	1039d23eb	decompiled	chunks/009/functions-000605.c	-[_TtC37FrndActiveUserSessionScopeGraphBridge45FrndActiveUserSessionScopeGraphBridgeServices init]	
1039d23ec	1039d24df	decompiled	chunks/009/functions-000605.c	-[_TtC37FrndActiveUserSessionScopeGraphBridge45FrndActiveUserSessionScopeGraphBridgeServices .cxx_destruct]	
1039d24e0	1039d2517	decompiled	chunks/009/functions-000605.c		
1039d2518	1039d255b	decompiled	chunks/009/functions-000605.c	-[SCFrndActiveUserSessionScopeGraphBridgeSaberEntryPoint end]	
1039d255c	1039d258f	decompiled	chunks/009/functions-000605.c		
1039d2590	1039d25d7	decompiled	chunks/009/functions-000605.c	-[SCFrndActiveUserSessionScopeGraphBridgeSaberEntryPoint .cxx_destruct]	
1039d25d8	1039d25f7	decompiled	chunks/009/functions-000605.c		
1039d25f8	1039d2603	decompiled	chunks/009/functions-000605.c	-[SCMutualFriendsDataServicesSaberServiceProvider beginIn]	
1039d2604	1039d260f	decompiled	chunks/009/functions-000605.c	-[SCMutualFriendsDataServicesSaberServiceProvider setBeginIn:]	
1039d2610	1039d261b	decompiled	chunks/009/functions-000605.c	-[SCMutualFriendsDataServicesSaberServiceProvider frndActiveUserSessionScopeGraphBridgeServices]	
1039d261c	1039d265f	decompiled	chunks/009/functions-000605.c		
1039d2660	1039d266b	decompiled	chunks/009/functions-000605.c	-[SCMutualFriendsDataServicesSaberServiceProvider setFrndActiveUserSessionScopeGraphBridgeServices:]	
1039d266c	1039d26bf	decompiled	chunks/009/functions-000605.c		
1039d26c0	1039d28d3	decompiled	chunks/009/functions-000605.c		
1039d28d4	1039d2907	decompiled	chunks/009/functions-000605.c	-[SCMutualFriendsDataServicesSaberServiceProvider provide]	
1039d2908	1039d293b	decompiled	chunks/009/functions-000605.c	-[SCMutualFriendsDataServicesSaberServiceProvider __safeProvide]	
1039d293c	1039d297f	decompiled	chunks/009/functions-000605.c	-[SCMutualFriendsDataServicesSaberServiceProvider end]	
1039d2980	1039d2b17	decompiled	chunks/009/functions-000605.c		
1039d2b18	1039d2bc3	decompiled	chunks/009/functions-000605.c	-[SCMutualFriendsDataServicesSaberServiceProvider setValue:forIvarName:]	
1039d2bc4	1039d2c37	decompiled	chunks/009/functions-000605.c	-[SCMutualFriendsDataServicesSaberServiceProvider init]	
1039d2c38	1039d2c6b	decompiled	chunks/009/functions-000605.c		
1039d2c6c	1039d2cb3	decompiled	chunks/009/functions-000605.c	-[SCMutualFriendsDataServicesSaberServiceProvider .cxx_destruct]	
1039d2cb4	1039d2cd3	decompiled	chunks/009/functions-000605.c		
1039d2cd4	1039d2cdf	decompiled	chunks/009/functions-000605.c	-[SCSCAddFriendsLoggerServicesSaberServiceProvider beginIn]	
1039d2ce0	1039d2ceb	decompiled	chunks/009/functions-000605.c	-[SCSCAddFriendsLoggerServicesSaberServiceProvider setBeginIn:]	
1039d2cec	1039d2cf7	decompiled	chunks/009/functions-000605.c	-[SCSCAddFriendsLoggerServicesSaberServiceProvider frndActiveUserSessionScopeGraphBridgeServices]	
1039d2cf8	1039d2d3b	decompiled	chunks/009/functions-000605.c		
1039d2d3c	1039d2d47	decompiled	chunks/009/functions-000605.c	-[SCSCAddFriendsLoggerServicesSaberServiceProvider setFrndActiveUserSessionScopeGraphBridgeServices:]	
1039d2d48	1039d2d9b	decompiled	chunks/009/functions-000605.c		
1039d2d9c	1039d2faf	decompiled	chunks/009/functions-000605.c		
1039d2fb0	1039d2fe3	decompiled	chunks/009/functions-000605.c	-[SCSCAddFriendsLoggerServicesSaberServiceProvider provide]	
1039d2fe4	1039d3017	decompiled	chunks/009/functions-000605.c	-[SCSCAddFriendsLoggerServicesSaberServiceProvider __safeProvide]	
1039d3018	1039d305b	decompiled	chunks/009/functions-000605.c	-[SCSCAddFriendsLoggerServicesSaberServiceProvider end]	
1039d305c	1039d31f3	decompiled	chunks/009/functions-000605.c		
1039d31f4	1039d329f	decompiled	chunks/009/functions-000605.c	-[SCSCAddFriendsLoggerServicesSaberServiceProvider setValue:forIvarName:]	
1039d32a0	1039d3313	decompiled	chunks/009/functions-000605.c	-[SCSCAddFriendsLoggerServicesSaberServiceProvider init]	
1039d3314	1039d3347	decompiled	chunks/009/functions-000605.c		
1039d3348	1039d338f	decompiled	chunks/009/functions-000605.c	-[SCSCAddFriendsLoggerServicesSaberServiceProvider .cxx_destruct]	
1039d3390	1039d33af	decompiled	chunks/009/functions-000605.c		
1039d33b0	1039d33bb	decompiled	chunks/009/functions-000605.c	-[SCSCAddFriendsTakeOverLaunchServicesSaberServiceProvider beginIn]	
1039d33bc	1039d33c7	decompiled	chunks/009/functions-000605.c	-[SCSCAddFriendsTakeOverLaunchServicesSaberServiceProvider setBeginIn:]	
1039d33c8	1039d33d3	decompiled	chunks/009/functions-000606.c	-[SCSCAddFriendsTakeOverLaunchServicesSaberServiceProvider frndActiveUserSessionScopeGraphBridgeServices]	
1039d33d4	1039d3417	decompiled	chunks/009/functions-000606.c		
1039d3418	1039d3423	decompiled	chunks/009/functions-000606.c	-[SCSCAddFriendsTakeOverLaunchServicesSaberServiceProvider setFrndActiveUserSessionScopeGraphBridgeServices:]	
1039d3424	1039d3477	decompiled	chunks/009/functions-000606.c		
1039d3478	1039d368b	decompiled	chunks/009/functions-000606.c		
1039d368c	1039d36bf	decompiled	chunks/009/functions-000606.c	-[SCSCAddFriendsTakeOverLaunchServicesSaberServiceProvider provide]	
1039d36c0	1039d36f3	decompiled	chunks/009/functions-000606.c	-[SCSCAddFriendsTakeOverLaunchServicesSaberServiceProvider __safeProvide]	
1039d36f4	1039d3737	decompiled	chunks/009/functions-000606.c	-[SCSCAddFriendsTakeOverLaunchServicesSaberServiceProvider end]	
1039d3738	1039d38cf	decompiled	chunks/009/functions-000606.c		
1039d38d0	1039d397b	decompiled	chunks/009/functions-000606.c	-[SCSCAddFriendsTakeOverLaunchServicesSaberServiceProvider setValue:forIvarName:]	
1039d397c	1039d39ef	decompiled	chunks/009/functions-000606.c	-[SCSCAddFriendsTakeOverLaunchServicesSaberServiceProvider init]	
1039d39f0	1039d3a23	decompiled	chunks/009/functions-000606.c		
1039d3a24	1039d3a6b	decompiled	chunks/009/functions-000606.c	-[SCSCAddFriendsTakeOverLaunchServicesSaberServiceProvider .cxx_destruct]	
1039d3a6c	1039d3a8b	decompiled	chunks/009/functions-000606.c		
1039d3a8c	1039d3a97	decompiled	chunks/009/functions-000606.c	-[SCSCComposerPeopleBridgeFriendmojiServicesSaberServiceProvider beginIn]	
1039d3a98	1039d3aa3	decompiled	chunks/009/functions-000606.c	-[SCSCComposerPeopleBridgeFriendmojiServicesSaberServiceProvider setBeginIn:]	
1039d3aa4	1039d3aaf	decompiled	chunks/009/functions-000606.c	-[SCSCComposerPeopleBridgeFriendmojiServicesSaberServiceProvider frndActiveUserSessionScopeGraphBridgeServices]	
1039d3ab0	1039d3af3	decompiled	chunks/009/functions-000606.c		
1039d3af4	1039d3aff	decompiled	chunks/009/functions-000606.c	-[SCSCComposerPeopleBridgeFriendmojiServicesSaberServiceProvider setFrndActiveUserSessionScopeGraphBridgeServices:]	
1039d3b00	1039d3b53	decompiled	chunks/009/functions-000606.c		
1039d3b54	1039d3d67	decompiled	chunks/009/functions-000606.c		
1039d3d68	1039d3d9b	decompiled	chunks/009/functions-000606.c	-[SCSCComposerPeopleBridgeFriendmojiServicesSaberServiceProvider provide]	
1039d3d9c	1039d3dcf	decompiled	chunks/009/functions-000606.c	-[SCSCComposerPeopleBridgeFriendmojiServicesSaberServiceProvider __safeProvide]	
1039d3dd0	1039d3e13	decompiled	chunks/009/functions-000606.c	-[SCSCComposerPeopleBridgeFriendmojiServicesSaberServiceProvider end]	
1039d3e14	1039d3fab	decompiled	chunks/009/functions-000606.c		
1039d3fac	1039d4057	decompiled	chunks/009/functions-000606.c	-[SCSCComposerPeopleBridgeFriendmojiServicesSaberServiceProvider setValue:forIvarName:]	
1039d4058	1039d40cb	decompiled	chunks/009/functions-000606.c	-[SCSCComposerPeopleBridgeFriendmojiServicesSaberServiceProvider init]	
1039d40cc	1039d40ff	decompiled	chunks/009/functions-000606.c		
1039d4100	1039d4147	decompiled	chunks/009/functions-000606.c	-[SCSCComposerPeopleBridgeFriendmojiServicesSaberServiceProvider .cxx_destruct]	
1039d4148	1039d4167	decompiled	chunks/009/functions-000606.c		
1039d4168	1039d4173	decompiled	chunks/009/functions-000606.c	-[SCSCComposerPeopleBridgeGroupServicesSaberServiceProvider beginIn]	
1039d4174	1039d417f	decompiled	chunks/009/functions-000606.c	-[SCSCComposerPeopleBridgeGroupServicesSaberServiceProvider setBeginIn:]	
1039d4180	1039d418b	decompiled	chunks/009/functions-000606.c	-[SCSCComposerPeopleBridgeGroupServicesSaberServiceProvider frndActiveUserSessionScopeGraphBridgeServices]	
1039d418c	1039d41cf	decompiled	chunks/009/functions-000606.c		
1039d41d0	1039d41db	decompiled	chunks/009/functions-000606.c	-[SCSCComposerPeopleBridgeGroupServicesSaberServiceProvider setFrndActiveUserSessionScopeGraphBridgeServices:]	
1039d41dc	1039d422f	decompiled	chunks/009/functions-000606.c		
1039d4230	1039d4443	decompiled	chunks/009/functions-000606.c		
1039d4444	1039d4477	decompiled	chunks/009/functions-000606.c	-[SCSCComposerPeopleBridgeGroupServicesSaberServiceProvider provide]	
1039d4478	1039d44ab	decompiled	chunks/009/functions-000606.c	-[SCSCComposerPeopleBridgeGroupServicesSaberServiceProvider __safeProvide]	
1039d44ac	1039d44ef	decompiled	chunks/009/functions-000606.c	-[SCSCComposerPeopleBridgeGroupServicesSaberServiceProvider end]	
1039d44f0	1039d4687	decompiled	chunks/009/functions-000606.c		
1039d4688	1039d4733	decompiled	chunks/009/functions-000606.c	-[SCSCComposerPeopleBridgeGroupServicesSaberServiceProvider setValue:forIvarName:]	
1039d4734	1039d47a7	decompiled	chunks/009/functions-000606.c	-[SCSCComposerPeopleBridgeGroupServicesSaberServiceProvider init]	
1039d47a8	1039d47db	decompiled	chunks/009/functions-000606.c		
1039d47dc	1039d4823	decompiled	chunks/009/functions-000606.c	-[SCSCComposerPeopleBridgeGroupServicesSaberServiceProvider .cxx_destruct]	
1039d4824	1039d4843	decompiled	chunks/009/functions-000606.c		
1039d4844	1039d484f	decompiled	chunks/009/functions-000606.c	-[SCSCFriendingInlineSuggestionsDataServicesSaberServiceProvider beginIn]	
1039d4850	1039d485b	decompiled	chunks/009/functions-000606.c	-[SCSCFriendingInlineSuggestionsDataServicesSaberServiceProvider setBeginIn:]	
1039d485c	1039d4867	decompiled	chunks/009/functions-000606.c	-[SCSCFriendingInlineSuggestionsDataServicesSaberServiceProvider frndActiveUserSessionScopeGraphBridgeServices]	
1039d4868	1039d48ab	decompiled	chunks/009/functions-000606.c		
1039d48ac	1039d48b7	decompiled	chunks/009/functions-000606.c	-[SCSCFriendingInlineSuggestionsDataServicesSaberServiceProvider setFrndActiveUserSessionScopeGraphBridgeServices:]	
1039d48b8	1039d490b	decompiled	chunks/009/functions-000606.c		
1039d490c	1039d4b1f	decompiled	chunks/009/functions-000606.c		
1039d4b20	1039d4b53	decompiled	chunks/009/functions-000606.c	-[SCSCFriendingInlineSuggestionsDataServicesSaberServiceProvider provide]	
1039d4b54	1039d4b87	decompiled	chunks/009/functions-000606.c	-[SCSCFriendingInlineSuggestionsDataServicesSaberServiceProvider __safeProvide]	
1039d4b88	1039d4bcb	decompiled	chunks/009/functions-000606.c	-[SCSCFriendingInlineSuggestionsDataServicesSaberServiceProvider end]	
1039d4bcc	1039d4d63	decompiled	chunks/009/functions-000606.c		
1039d4d64	1039d4e0f	decompiled	chunks/009/functions-000606.c	-[SCSCFriendingInlineSuggestionsDataServicesSaberServiceProvider setValue:forIvarName:]	
1039d4e10	1039d4e83	decompiled	chunks/009/functions-000606.c	-[SCSCFriendingInlineSuggestionsDataServicesSaberServiceProvider init]	
1039d4e84	1039d4eb7	decompiled	chunks/009/functions-000606.c		
1039d4eb8	1039d4eff	decompiled	chunks/009/functions-000606.c	-[SCSCFriendingInlineSuggestionsDataServicesSaberServiceProvider .cxx_destruct]	
1039d4f00	1039d4f1f	decompiled	chunks/009/functions-000606.c		
1039d4f20	1039d4f2b	decompiled	chunks/009/functions-000606.c	-[SCSCFriendingReliablePinningServicesSaberServiceProvider beginIn]	
1039d4f2c	1039d4f37	decompiled	chunks/009/functions-000606.c	-[SCSCFriendingReliablePinningServicesSaberServiceProvider setBeginIn:]	
1039d4f38	1039d4f43	decompiled	chunks/009/functions-000606.c	-[SCSCFriendingReliablePinningServicesSaberServiceProvider frndActiveUserSessionScopeGraphBridgeServices]	
1039d4f44	1039d4f87	decompiled	chunks/009/functions-000606.c		
1039d4f88	1039d4f93	decompiled	chunks/009/functions-000606.c	-[SCSCFriendingReliablePinningServicesSaberServiceProvider setFrndActiveUserSessionScopeGraphBridgeServices:]	
1039d4f94	1039d4fe7	decompiled	chunks/009/functions-000606.c		
1039d4fe8	1039d51fb	decompiled	chunks/009/functions-000606.c		
1039d51fc	1039d522f	decompiled	chunks/009/functions-000606.c	-[SCSCFriendingReliablePinningServicesSaberServiceProvider provide]	
1039d5230	1039d5263	decompiled	chunks/009/functions-000606.c	-[SCSCFriendingReliablePinningServicesSaberServiceProvider __safeProvide]	
1039d5264	1039d52a7	decompiled	chunks/009/functions-000606.c	-[SCSCFriendingReliablePinningServicesSaberServiceProvider end]	
1039d52a8	1039d543f	decompiled	chunks/009/functions-000606.c		
1039d5440	1039d54eb	decompiled	chunks/009/functions-000606.c	-[SCSCFriendingReliablePinningServicesSaberServiceProvider setValue:forIvarName:]	
1039d54ec	1039d555f	decompiled	chunks/009/functions-000606.c	-[SCSCFriendingReliablePinningServicesSaberServiceProvider init]	
1039d5560	1039d5593	decompiled	chunks/009/functions-000606.c		
1039d5594	1039d55db	decompiled	chunks/009/functions-000606.c	-[SCSCFriendingReliablePinningServicesSaberServiceProvider .cxx_destruct]	
1039d55dc	1039d55fb	decompiled	chunks/009/functions-000606.c		
1039d55fc	1039d5607	decompiled	chunks/009/functions-000606.c	-[SCSCFriendingSuggestionsSeenLoggingServicesSaberServiceProvider beginIn]	
1039d5608	1039d5613	decompiled	chunks/009/functions-000606.c	-[SCSCFriendingSuggestionsSeenLoggingServicesSaberServiceProvider setBeginIn:]	
1039d5614	1039d561f	decompiled	chunks/009/functions-000606.c	-[SCSCFriendingSuggestionsSeenLoggingServicesSaberServiceProvider frndActiveUserSessionScopeGraphBridgeServices]	
1039d5620	1039d5663	decompiled	chunks/009/functions-000606.c		
1039d5664	1039d566f	decompiled	chunks/009/functions-000606.c	-[SCSCFriendingSuggestionsSeenLoggingServicesSaberServiceProvider setFrndActiveUserSessionScopeGraphBridgeServices:]	
1039d5670	1039d56c3	decompiled	chunks/009/functions-000606.c		
1039d56c4	1039d58d7	decompiled	chunks/009/functions-000606.c		
1039d58d8	1039d590b	decompiled	chunks/009/functions-000606.c	-[SCSCFriendingSuggestionsSeenLoggingServicesSaberServiceProvider provide]	
1039d590c	1039d593f	decompiled	chunks/009/functions-000606.c	-[SCSCFriendingSuggestionsSeenLoggingServicesSaberServiceProvider __safeProvide]	
1039d5940	1039d5983	decompiled	chunks/009/functions-000606.c	-[SCSCFriendingSuggestionsSeenLoggingServicesSaberServiceProvider end]	
1039d5984	1039d5b1b	decompiled	chunks/009/functions-000606.c		
1039d5b1c	1039d5bc7	decompiled	chunks/009/functions-000606.c	-[SCSCFriendingSuggestionsSeenLoggingServicesSaberServiceProvider setValue:forIvarName:]	
1039d5bc8	1039d5c3b	decompiled	chunks/009/functions-000606.c	-[SCSCFriendingSuggestionsSeenLoggingServicesSaberServiceProvider init]	
1039d5c3c	1039d5c6f	decompiled	chunks/009/functions-000606.c		
1039d5c70	1039d5cb7	decompiled	chunks/009/functions-000606.c	-[SCSCFriendingSuggestionsSeenLoggingServicesSaberServiceProvider .cxx_destruct]	
1039d5cb8	1039d5cd7	decompiled	chunks/009/functions-000606.c		
1039d5cd8	1039d5ce7	decompiled	chunks/009/functions-000606.c	-[_TtC25MutualFriendsDataServices25MutualFriendsDataServices mutualFriendsDataProviderObjC]	
1039d5ce8	1039d5def	decompiled	chunks/009/functions-000606.c		
1039d5df0	1039d5e9b	decompiled	chunks/009/functions-000606.c		
1039d5e9c	1039d5ecf	decompiled	chunks/009/functions-000606.c		
1039d5ed0	1039d5f07	decompiled	chunks/009/functions-000606.c	-[_TtC25MutualFriendsDataServices25MutualFriendsDataServices .cxx_destruct]	
1039d5f08	1039d5fff	decompiled	chunks/009/functions-000606.c		
1039d6000	1039d602f	decompiled	chunks/009/functions-000607.c		
1039d6030	1039d60b7	decompiled	chunks/009/functions-000607.c		
1039d60b8	1039d6117	decompiled	chunks/009/functions-000607.c	-[_TtC37LensActiveUserSessionScopeGraphBridge52LensActiveUserSessionScopeGraphBridgeSaberEntryPoint init]	
1039d6118	1039d614f	decompiled	chunks/009/functions-000607.c	-[_TtC37LensActiveUserSessionScopeGraphBridge52LensActiveUserSessionScopeGraphBridgeSaberEntryPoint .cxx_destruct]	
1039d6150	1039d6177	decompiled	chunks/009/functions-000607.c		
1039d6178	1039d6213	decompiled	chunks/009/functions-000607.c		
1039d6214	1039d6273	decompiled	chunks/009/functions-000607.c	-[_TtC37LensActiveUserSessionScopeGraphBridge63SCSRLensEffectPluginCameraLifecycleProxyServicesSaberEntryPoint init]	
1039d6274	1039d6307	decompiled	chunks/009/functions-000607.c	-[_TtC37LensActiveUserSessionScopeGraphBridge63SCSRLensEffectPluginCameraLifecycleProxyServicesSaberEntryPoint .cxx_destruct]	
1039d6308	1039d630f	decompiled	chunks/009/functions-000607.c		
1039d6310	1039d6373	decompiled	chunks/009/functions-000607.c		
1039d6374	1039d637b	decompiled	chunks/009/functions-000607.c		
1039d637c	1039d641b	decompiled	chunks/009/functions-000607.c		
1039d641c	1039d643b	decompiled	chunks/009/functions-000607.c		
1039d643c	1039d649f	decompiled	chunks/009/functions-000607.c		
1039d64a0	1039d64a7	decompiled	chunks/009/functions-000607.c		
1039d64a8	1039d6547	decompiled	chunks/009/functions-000607.c		
1039d6548	1039d6567	decompiled	chunks/009/functions-000607.c		
1039d6568	1039d65cb	decompiled	chunks/009/functions-000607.c		
1039d65cc	1039d65d3	decompiled	chunks/009/functions-000607.c		
1039d65d4	1039d6673	decompiled	chunks/009/functions-000607.c		
1039d6674	1039d6693	decompiled	chunks/009/functions-000607.c		
1039d6694	1039d66f7	decompiled	chunks/009/functions-000607.c		
1039d66f8	1039d66ff	decompiled	chunks/009/functions-000607.c		
1039d6700	1039d679f	decompiled	chunks/009/functions-000607.c		
1039d67a0	1039d67bf	decompiled	chunks/009/functions-000607.c		
1039d67c0	1039d6823	decompiled	chunks/009/functions-000607.c		
1039d6824	1039d682b	decompiled	chunks/009/functions-000607.c		
1039d682c	1039d68cb	decompiled	chunks/009/functions-000607.c		
1039d68cc	1039d68eb	decompiled	chunks/009/functions-000607.c		
1039d68ec	1039d694f	decompiled	chunks/009/functions-000607.c		
1039d6950	1039d6957	decompiled	chunks/009/functions-000607.c		
1039d6958	1039d69f7	decompiled	chunks/009/functions-000607.c		
1039d69f8	1039d6a17	decompiled	chunks/009/functions-000607.c		
1039d6a18	1039d6a7b	decompiled	chunks/009/functions-000607.c		
1039d6a7c	1039d6a83	decompiled	chunks/009/functions-000607.c		
1039d6a84	1039d6b23	decompiled	chunks/009/functions-000607.c		
1039d6b24	1039d6b43	decompiled	chunks/009/functions-000607.c		
1039d6b44	1039d6ba7	decompiled	chunks/009/functions-000607.c		
1039d6ba8	1039d6baf	decompiled	chunks/009/functions-000607.c		
1039d6bb0	1039d6c4f	decompiled	chunks/009/functions-000607.c		
1039d6c50	1039d6c6f	decompiled	chunks/009/functions-000607.c		
1039d6c70	1039d6cd3	decompiled	chunks/009/functions-000607.c		
1039d6cd4	1039d6cdb	decompiled	chunks/009/functions-000607.c		
1039d6cdc	1039d6cff	decompiled	chunks/009/functions-000607.c		
1039d6d00	1039d6d1f	decompiled	chunks/009/functions-000607.c		
1039d6d20	1039d6d83	decompiled	chunks/009/functions-000607.c		
1039d6d84	1039d6d8b	decompiled	chunks/009/functions-000607.c		
1039d6d8c	1039d6e2b	decompiled	chunks/009/functions-000607.c		
1039d6e2c	1039d6e4b	decompiled	chunks/009/functions-000607.c		
1039d6e4c	1039d6eaf	decompiled	chunks/009/functions-000607.c		
1039d6eb0	1039d6eb7	decompiled	chunks/009/functions-000607.c		
1039d6eb8	1039d6f57	decompiled	chunks/009/functions-000607.c		
1039d6f58	1039d6f77	decompiled	chunks/009/functions-000607.c		
1039d6f78	1039d6fdb	decompiled	chunks/009/functions-000607.c		
1039d6fdc	1039d6fe3	decompiled	chunks/009/functions-000607.c		
1039d6fe4	1039d7083	decompiled	chunks/009/functions-000607.c		
1039d7084	1039d70a3	decompiled	chunks/009/functions-000607.c		
1039d70a4	1039d7107	decompiled	chunks/009/functions-000607.c		
1039d7108	1039d710f	decompiled	chunks/009/functions-000607.c		
1039d7110	1039d71af	decompiled	chunks/009/functions-000607.c		
1039d71b0	1039d71cf	decompiled	chunks/009/functions-000607.c		
1039d71d0	1039d7233	decompiled	chunks/009/functions-000607.c		
1039d7234	1039d723b	decompiled	chunks/009/functions-000607.c		
1039d723c	1039d72db	decompiled	chunks/009/functions-000607.c		
1039d72dc	1039d72fb	decompiled	chunks/009/functions-000607.c		
1039d72fc	1039d7463	decompiled	chunks/009/functions-000607.c		
1039d7464	1039d74c3	decompiled	chunks/009/functions-000607.c	-[_TtC37LensActiveUserSessionScopeGraphBridge45LensActiveUserSessionScopeGraphBridgeServices init]	
1039d74c4	1039d7627	decompiled	chunks/009/functions-000607.c	-[_TtC37LensActiveUserSessionScopeGraphBridge45LensActiveUserSessionScopeGraphBridgeServices .cxx_destruct]	
1039d7628	1039d765f	decompiled	chunks/009/functions-000607.c		
1039d7660	1039d76a3	decompiled	chunks/009/functions-000607.c	-[SCLensActiveUserSessionScopeGraphBridgeSaberEntryPoint end]	
1039d76a4	1039d76d7	decompiled	chunks/009/functions-000607.c		
1039d76d8	1039d771f	decompiled	chunks/009/functions-000607.c	-[SCLensActiveUserSessionScopeGraphBridgeSaberEntryPoint .cxx_destruct]	
1039d7720	1039d773f	decompiled	chunks/009/functions-000607.c		
1039d7740	1039d7783	decompiled	chunks/009/functions-000607.c	-[SCSCSRLensEffectPluginCameraLifecycleProxyServicesSaberEntryPoint end]	
1039d7784	1039d77b7	decompiled	chunks/009/functions-000607.c		
1039d77b8	1039d780f	decompiled	chunks/009/functions-000607.c	-[SCSCSRLensEffectPluginCameraLifecycleProxyServicesSaberEntryPoint .cxx_destruct]	
1039d7810	1039d782f	decompiled	chunks/009/functions-000607.c		
1039d7830	1039d783b	decompiled	chunks/009/functions-000607.c	-[SCExternalMusicFetchServicesSaberServiceProvider beginIn]	
1039d783c	1039d7847	decompiled	chunks/009/functions-000607.c	-[SCExternalMusicFetchServicesSaberServiceProvider setBeginIn:]	
1039d7848	1039d7853	decompiled	chunks/009/functions-000607.c	-[SCExternalMusicFetchServicesSaberServiceProvider lensActiveUserSessionScopeGraphBridgeServices]	
1039d7854	1039d7897	decompiled	chunks/009/functions-000607.c		
1039d7898	1039d78a3	decompiled	chunks/009/functions-000607.c	-[SCExternalMusicFetchServicesSaberServiceProvider setLensActiveUserSessionScopeGraphBridgeServices:]	
1039d78a4	1039d78f7	decompiled	chunks/009/functions-000607.c		
1039d78f8	1039d7b0b	decompiled	chunks/009/functions-000607.c		
1039d7b0c	1039d7b3f	decompiled	chunks/009/functions-000607.c	-[SCExternalMusicFetchServicesSaberServiceProvider provide]	
1039d7b40	1039d7b73	decompiled	chunks/009/functions-000607.c	-[SCExternalMusicFetchServicesSaberServiceProvider __safeProvide]	
1039d7b74	1039d7bb7	decompiled	chunks/009/functions-000607.c	-[SCExternalMusicFetchServicesSaberServiceProvider end]	
1039d7bb8	1039d7d4f	decompiled	chunks/009/functions-000607.c		
1039d7d50	1039d7dfb	decompiled	chunks/009/functions-000607.c	-[SCExternalMusicFetchServicesSaberServiceProvider setValue:forIvarName:]	
1039d7dfc	1039d7e6f	decompiled	chunks/009/functions-000607.c	-[SCExternalMusicFetchServicesSaberServiceProvider init]	
1039d7e70	1039d7ea3	decompiled	chunks/009/functions-000607.c		
1039d7ea4	1039d7eeb	decompiled	chunks/009/functions-000607.c	-[SCExternalMusicFetchServicesSaberServiceProvider .cxx_destruct]	
1039d7eec	1039d7f0b	decompiled	chunks/009/functions-000607.c		
1039d7f0c	1039d7f17	decompiled	chunks/009/functions-000607.c	-[SCGamesRPCServicesSaberServiceProvider beginIn]	
1039d7f18	1039d7f23	decompiled	chunks/009/functions-000607.c	-[SCGamesRPCServicesSaberServiceProvider setBeginIn:]	
1039d7f24	1039d7f2f	decompiled	chunks/009/functions-000607.c	-[SCGamesRPCServicesSaberServiceProvider lensActiveUserSessionScopeGraphBridgeServices]	
1039d7f30	1039d7f73	decompiled	chunks/009/functions-000607.c		
1039d7f74	1039d7f7f	decompiled	chunks/009/functions-000607.c	-[SCGamesRPCServicesSaberServiceProvider setLensActiveUserSessionScopeGraphBridgeServices:]	
1039d7f80	1039d7fd3	decompiled	chunks/009/functions-000607.c		
1039d7fd4	1039d81e7	decompiled	chunks/009/functions-000607.c		
1039d81e8	1039d821b	decompiled	chunks/009/functions-000608.c	-[SCGamesRPCServicesSaberServiceProvider provide]	
1039d821c	1039d824f	decompiled	chunks/009/functions-000608.c	-[SCGamesRPCServicesSaberServiceProvider __safeProvide]	
1039d8250	1039d8293	decompiled	chunks/009/functions-000608.c	-[SCGamesRPCServicesSaberServiceProvider end]	
1039d8294	1039d842b	decompiled	chunks/009/functions-000608.c		
1039d842c	1039d84d7	decompiled	chunks/009/functions-000608.c	-[SCGamesRPCServicesSaberServiceProvider setValue:forIvarName:]	
1039d84d8	1039d854b	decompiled	chunks/009/functions-000608.c	-[SCGamesRPCServicesSaberServiceProvider init]	
1039d854c	1039d857f	decompiled	chunks/009/functions-000608.c		
1039d8580	1039d85c7	decompiled	chunks/009/functions-000608.c	-[SCGamesRPCServicesSaberServiceProvider .cxx_destruct]	
1039d85c8	1039d85e7	decompiled	chunks/009/functions-000608.c		
1039d85e8	1039d85f3	decompiled	chunks/009/functions-000608.c	-[SCGamesUIServicesSaberServiceProvider beginIn]	
1039d85f4	1039d85ff	decompiled	chunks/009/functions-000608.c	-[SCGamesUIServicesSaberServiceProvider setBeginIn:]	
1039d8600	1039d860b	decompiled	chunks/009/functions-000608.c	-[SCGamesUIServicesSaberServiceProvider lensActiveUserSessionScopeGraphBridgeServices]	
1039d860c	1039d864f	decompiled	chunks/009/functions-000608.c		
1039d8650	1039d865b	decompiled	chunks/009/functions-000608.c	-[SCGamesUIServicesSaberServiceProvider setLensActiveUserSessionScopeGraphBridgeServices:]	
1039d865c	1039d86af	decompiled	chunks/009/functions-000608.c		
1039d86b0	1039d88c3	decompiled	chunks/009/functions-000608.c		
1039d88c4	1039d88f7	decompiled	chunks/009/functions-000608.c	-[SCGamesUIServicesSaberServiceProvider provide]	
1039d88f8	1039d892b	decompiled	chunks/009/functions-000608.c	-[SCGamesUIServicesSaberServiceProvider __safeProvide]	
1039d892c	1039d896f	decompiled	chunks/009/functions-000608.c	-[SCGamesUIServicesSaberServiceProvider end]	
1039d8970	1039d8b07	decompiled	chunks/009/functions-000608.c		
1039d8b08	1039d8bb3	decompiled	chunks/009/functions-000608.c	-[SCGamesUIServicesSaberServiceProvider setValue:forIvarName:]	
1039d8bb4	1039d8c27	decompiled	chunks/009/functions-000608.c	-[SCGamesUIServicesSaberServiceProvider init]	
1039d8c28	1039d8c5b	decompiled	chunks/009/functions-000608.c		
1039d8c5c	1039d8ca3	decompiled	chunks/009/functions-000608.c	-[SCGamesUIServicesSaberServiceProvider .cxx_destruct]	
1039d8ca4	1039d8cc3	decompiled	chunks/009/functions-000608.c		
1039d8cc4	1039d8ccf	decompiled	chunks/009/functions-000608.c	-[SCLensFullScreenUXServicesSaberServiceProvider beginIn]	
1039d8cd0	1039d8cdb	decompiled	chunks/009/functions-000608.c	-[SCLensFullScreenUXServicesSaberServiceProvider setBeginIn:]	
1039d8cdc	1039d8ce7	decompiled	chunks/009/functions-000608.c	-[SCLensFullScreenUXServicesSaberServiceProvider lensActiveUserSessionScopeGraphBridgeServices]	
1039d8ce8	1039d8d2b	decompiled	chunks/009/functions-000608.c		
1039d8d2c	1039d8d37	decompiled	chunks/009/functions-000608.c	-[SCLensFullScreenUXServicesSaberServiceProvider setLensActiveUserSessionScopeGraphBridgeServices:]	
1039d8d38	1039d8d8b	decompiled	chunks/009/functions-000608.c		
1039d8d8c	1039d8f9f	decompiled	chunks/009/functions-000608.c		
1039d8fa0	1039d8fd3	decompiled	chunks/009/functions-000608.c	-[SCLensFullScreenUXServicesSaberServiceProvider provide]	
1039d8fd4	1039d9007	decompiled	chunks/009/functions-000608.c	-[SCLensFullScreenUXServicesSaberServiceProvider __safeProvide]	
1039d9008	1039d904b	decompiled	chunks/009/functions-000608.c	-[SCLensFullScreenUXServicesSaberServiceProvider end]	
1039d904c	1039d91e3	decompiled	chunks/009/functions-000608.c		
1039d91e4	1039d928f	decompiled	chunks/009/functions-000608.c	-[SCLensFullScreenUXServicesSaberServiceProvider setValue:forIvarName:]	
1039d9290	1039d9303	decompiled	chunks/009/functions-000608.c	-[SCLensFullScreenUXServicesSaberServiceProvider init]	
1039d9304	1039d9337	decompiled	chunks/009/functions-000608.c		
1039d9338	1039d937f	decompiled	chunks/009/functions-000608.c	-[SCLensFullScreenUXServicesSaberServiceProvider .cxx_destruct]	
1039d9380	1039d939f	decompiled	chunks/009/functions-000608.c		
1039d93a0	1039d93ab	decompiled	chunks/009/functions-000608.c	-[SCLensLeaderboardServicesSaberServiceProvider beginIn]	
1039d93ac	1039d93b7	decompiled	chunks/009/functions-000608.c	-[SCLensLeaderboardServicesSaberServiceProvider setBeginIn:]	
1039d93b8	1039d93c3	decompiled	chunks/009/functions-000608.c	-[SCLensLeaderboardServicesSaberServiceProvider lensActiveUserSessionScopeGraphBridgeServices]	
1039d93c4	1039d9407	decompiled	chunks/009/functions-000608.c		
1039d9408	1039d9413	decompiled	chunks/009/functions-000608.c	-[SCLensLeaderboardServicesSaberServiceProvider setLensActiveUserSessionScopeGraphBridgeServices:]	
1039d9414	1039d9467	decompiled	chunks/009/functions-000608.c		
1039d9468	1039d967b	decompiled	chunks/009/functions-000608.c		
1039d967c	1039d96af	decompiled	chunks/009/functions-000608.c	-[SCLensLeaderboardServicesSaberServiceProvider provide]	
1039d96b0	1039d96e3	decompiled	chunks/009/functions-000608.c	-[SCLensLeaderboardServicesSaberServiceProvider __safeProvide]	
1039d96e4	1039d9727	decompiled	chunks/009/functions-000608.c	-[SCLensLeaderboardServicesSaberServiceProvider end]	
1039d9728	1039d98bf	decompiled	chunks/009/functions-000608.c		
1039d98c0	1039d996b	decompiled	chunks/009/functions-000608.c	-[SCLensLeaderboardServicesSaberServiceProvider setValue:forIvarName:]	
1039d996c	1039d99df	decompiled	chunks/009/functions-000608.c	-[SCLensLeaderboardServicesSaberServiceProvider init]	
1039d99e0	1039d9a13	decompiled	chunks/009/functions-000608.c		
1039d9a14	1039d9a5b	decompiled	chunks/009/functions-000608.c	-[SCLensLeaderboardServicesSaberServiceProvider .cxx_destruct]	
1039d9a5c	1039d9a7b	decompiled	chunks/009/functions-000608.c		
1039d9a7c	1039d9a87	decompiled	chunks/009/functions-000608.c	-[SCLensPreviewConfiguringServicesSaberServiceProvider beginIn]	
1039d9a88	1039d9a93	decompiled	chunks/009/functions-000608.c	-[SCLensPreviewConfiguringServicesSaberServiceProvider setBeginIn:]	
1039d9a94	1039d9a9f	decompiled	chunks/009/functions-000608.c	-[SCLensPreviewConfiguringServicesSaberServiceProvider lensActiveUserSessionScopeGraphBridgeServices]	
1039d9aa0	1039d9ae3	decompiled	chunks/009/functions-000608.c		
1039d9ae4	1039d9aef	decompiled	chunks/009/functions-000608.c	-[SCLensPreviewConfiguringServicesSaberServiceProvider setLensActiveUserSessionScopeGraphBridgeServices:]	
1039d9af0	1039d9b43	decompiled	chunks/009/functions-000608.c		
1039d9b44	1039d9d57	decompiled	chunks/009/functions-000608.c		
1039d9d58	1039d9d8b	decompiled	chunks/009/functions-000608.c	-[SCLensPreviewConfiguringServicesSaberServiceProvider provide]	
1039d9d8c	1039d9dbf	decompiled	chunks/009/functions-000608.c	-[SCLensPreviewConfiguringServicesSaberServiceProvider __safeProvide]	
1039d9dc0	1039d9e03	decompiled	chunks/009/functions-000608.c	-[SCLensPreviewConfiguringServicesSaberServiceProvider end]	
1039d9e04	1039d9f9b	decompiled	chunks/009/functions-000608.c		
1039d9f9c	1039da047	decompiled	chunks/009/functions-000608.c	-[SCLensPreviewConfiguringServicesSaberServiceProvider setValue:forIvarName:]	
1039da048	1039da0bb	decompiled	chunks/009/functions-000608.c	-[SCLensPreviewConfiguringServicesSaberServiceProvider init]	
1039da0bc	1039da0ef	decompiled	chunks/009/functions-000608.c		
1039da0f0	1039da137	decompiled	chunks/009/functions-000608.c	-[SCLensPreviewConfiguringServicesSaberServiceProvider .cxx_destruct]	
1039da138	1039da157	decompiled	chunks/009/functions-000608.c		
1039da158	1039da163	decompiled	chunks/009/functions-000608.c	-[SCSCLensActivityCenterRPCServicesSaberServiceProvider beginIn]	
1039da164	1039da16f	decompiled	chunks/009/functions-000608.c	-[SCSCLensActivityCenterRPCServicesSaberServiceProvider setBeginIn:]	
1039da170	1039da17b	decompiled	chunks/009/functions-000608.c	-[SCSCLensActivityCenterRPCServicesSaberServiceProvider lensActiveUserSessionScopeGraphBridgeServices]	
1039da17c	1039da1bf	decompiled	chunks/009/functions-000608.c		
1039da1c0	1039da1cb	decompiled	chunks/009/functions-000608.c	-[SCSCLensActivityCenterRPCServicesSaberServiceProvider setLensActiveUserSessionScopeGraphBridgeServices:]	
1039da1cc	1039da21f	decompiled	chunks/009/functions-000608.c		
1039da220	1039da433	decompiled	chunks/009/functions-000608.c		
1039da434	1039da467	decompiled	chunks/009/functions-000608.c	-[SCSCLensActivityCenterRPCServicesSaberServiceProvider provide]	
1039da468	1039da49b	decompiled	chunks/009/functions-000608.c	-[SCSCLensActivityCenterRPCServicesSaberServiceProvider __safeProvide]	
1039da49c	1039da4df	decompiled	chunks/009/functions-000608.c	-[SCSCLensActivityCenterRPCServicesSaberServiceProvider end]	
1039da4e0	1039da677	decompiled	chunks/009/functions-000608.c		
1039da678	1039da723	decompiled	chunks/009/functions-000608.c	-[SCSCLensActivityCenterRPCServicesSaberServiceProvider setValue:forIvarName:]	
1039da724	1039da797	decompiled	chunks/009/functions-000608.c	-[SCSCLensActivityCenterRPCServicesSaberServiceProvider init]	
1039da798	1039da7cb	decompiled	chunks/009/functions-000608.c		
1039da7cc	1039da813	decompiled	chunks/009/functions-000608.c	-[SCSCLensActivityCenterRPCServicesSaberServiceProvider .cxx_destruct]	
1039da814	1039da833	decompiled	chunks/009/functions-000608.c		
1039da834	1039da83f	decompiled	chunks/009/functions-000608.c	-[SCSCLensCollectionsServicesSaberServiceProvider beginIn]	
1039da840	1039da84b	decompiled	chunks/009/functions-000608.c	-[SCSCLensCollectionsServicesSaberServiceProvider setBeginIn:]	
1039da84c	1039da857	decompiled	chunks/009/functions-000608.c	-[SCSCLensCollectionsServicesSaberServiceProvider lensActiveUserSessionScopeGraphBridgeServices]	
1039da858	1039da89b	decompiled	chunks/009/functions-000608.c		
1039da89c	1039da8a7	decompiled	chunks/009/functions-000608.c	-[SCSCLensCollectionsServicesSaberServiceProvider setLensActiveUserSessionScopeGraphBridgeServices:]	
1039da8a8	1039da8fb	decompiled	chunks/009/functions-000608.c		
1039da8fc	1039dab0f	decompiled	chunks/009/functions-000608.c		
1039dab10	1039dab43	decompiled	chunks/009/functions-000608.c	-[SCSCLensCollectionsServicesSaberServiceProvider provide]	
1039dab44	1039dab77	decompiled	chunks/009/functions-000608.c	-[SCSCLensCollectionsServicesSaberServiceProvider __safeProvide]	
1039dab78	1039dabbb	decompiled	chunks/009/functions-000608.c	-[SCSCLensCollectionsServicesSaberServiceProvider end]	
1039dabbc	1039dad53	decompiled	chunks/009/functions-000608.c		
1039dad54	1039dadff	decompiled	chunks/009/functions-000609.c	-[SCSCLensCollectionsServicesSaberServiceProvider setValue:forIvarName:]	
1039dae00	1039dae73	decompiled	chunks/009/functions-000609.c	-[SCSCLensCollectionsServicesSaberServiceProvider init]	
1039dae74	1039daea7	decompiled	chunks/009/functions-000609.c		
1039daea8	1039daeef	decompiled	chunks/009/functions-000609.c	-[SCSCLensCollectionsServicesSaberServiceProvider .cxx_destruct]	
1039daef0	1039daf0f	decompiled	chunks/009/functions-000609.c		
1039daf10	1039db03b	decompiled	chunks/009/functions-000609.c		
1039db03c	1039db06f	decompiled	chunks/009/functions-000609.c	-[SCSCLensConfigurationServicesSaberServiceProvider provide]	
1039db070	1039db0b3	decompiled	chunks/009/functions-000609.c	-[SCSCLensConfigurationServicesSaberServiceProvider end]	
1039db0b4	1039db0e7	decompiled	chunks/009/functions-000609.c		
1039db0e8	1039db12f	decompiled	chunks/009/functions-000609.c	-[SCSCLensConfigurationServicesSaberServiceProvider .cxx_destruct]	
1039db130	1039db14f	decompiled	chunks/009/functions-000609.c		
1039db150	1039db15b	decompiled	chunks/009/functions-000609.c	-[SCSCLensOnboardingMetadataStoreServicesSaberServiceProvider beginIn]	
1039db15c	1039db167	decompiled	chunks/009/functions-000609.c	-[SCSCLensOnboardingMetadataStoreServicesSaberServiceProvider setBeginIn:]	
1039db168	1039db173	decompiled	chunks/009/functions-000609.c	-[SCSCLensOnboardingMetadataStoreServicesSaberServiceProvider lensActiveUserSessionScopeGraphBridgeServices]	
1039db174	1039db1b7	decompiled	chunks/009/functions-000609.c		
1039db1b8	1039db1c3	decompiled	chunks/009/functions-000609.c	-[SCSCLensOnboardingMetadataStoreServicesSaberServiceProvider setLensActiveUserSessionScopeGraphBridgeServices:]	
1039db1c4	1039db217	decompiled	chunks/009/functions-000609.c		
1039db218	1039db42b	decompiled	chunks/009/functions-000609.c		
1039db42c	1039db45f	decompiled	chunks/009/functions-000609.c	-[SCSCLensOnboardingMetadataStoreServicesSaberServiceProvider provide]	
1039db460	1039db493	decompiled	chunks/009/functions-000609.c	-[SCSCLensOnboardingMetadataStoreServicesSaberServiceProvider __safeProvide]	
1039db494	1039db4d7	decompiled	chunks/009/functions-000609.c	-[SCSCLensOnboardingMetadataStoreServicesSaberServiceProvider end]	
1039db4d8	1039db66f	decompiled	chunks/009/functions-000609.c		
1039db670	1039db71b	decompiled	chunks/009/functions-000609.c	-[SCSCLensOnboardingMetadataStoreServicesSaberServiceProvider setValue:forIvarName:]	
1039db71c	1039db78f	decompiled	chunks/009/functions-000609.c	-[SCSCLensOnboardingMetadataStoreServicesSaberServiceProvider init]	
1039db790	1039db7c3	decompiled	chunks/009/functions-000609.c		
1039db7c4	1039db80b	decompiled	chunks/009/functions-000609.c	-[SCSCLensOnboardingMetadataStoreServicesSaberServiceProvider .cxx_destruct]	
1039db80c	1039db82b	decompiled	chunks/009/functions-000609.c		
1039db82c	1039db837	decompiled	chunks/009/functions-000609.c	-[SCSCLensRemoteApiAsyncTaskCompletionAnnouncerServicesSaberServiceProvider beginIn]	
1039db838	1039db843	decompiled	chunks/009/functions-000609.c	-[SCSCLensRemoteApiAsyncTaskCompletionAnnouncerServicesSaberServiceProvider setBeginIn:]	
1039db844	1039db84f	decompiled	chunks/009/functions-000609.c	-[SCSCLensRemoteApiAsyncTaskCompletionAnnouncerServicesSaberServiceProvider lensActiveUserSessionScopeGraphBridgeServices]	
1039db850	1039db893	decompiled	chunks/009/functions-000609.c		
1039db894	1039db89f	decompiled	chunks/009/functions-000609.c	-[SCSCLensRemoteApiAsyncTaskCompletionAnnouncerServicesSaberServiceProvider setLensActiveUserSessionScopeGraphBridgeServices:]	
1039db8a0	1039db8f3	decompiled	chunks/009/functions-000609.c		
1039db8f4	1039dbb07	decompiled	chunks/009/functions-000609.c		
1039dbb08	1039dbb3b	decompiled	chunks/009/functions-000609.c	-[SCSCLensRemoteApiAsyncTaskCompletionAnnouncerServicesSaberServiceProvider provide]	
1039dbb3c	1039dbb6f	decompiled	chunks/009/functions-000609.c	-[SCSCLensRemoteApiAsyncTaskCompletionAnnouncerServicesSaberServiceProvider __safeProvide]	
1039dbb70	1039dbbb3	decompiled	chunks/009/functions-000609.c	-[SCSCLensRemoteApiAsyncTaskCompletionAnnouncerServicesSaberServiceProvider end]	
1039dbbb4	1039dbd4b	decompiled	chunks/009/functions-000609.c		
1039dbd4c	1039dbdf7	decompiled	chunks/009/functions-000609.c	-[SCSCLensRemoteApiAsyncTaskCompletionAnnouncerServicesSaberServiceProvider setValue:forIvarName:]	
1039dbdf8	1039dbe6b	decompiled	chunks/009/functions-000609.c	-[SCSCLensRemoteApiAsyncTaskCompletionAnnouncerServicesSaberServiceProvider init]	
1039dbe6c	1039dbe9f	decompiled	chunks/009/functions-000609.c		
1039dbea0	1039dbee7	decompiled	chunks/009/functions-000609.c	-[SCSCLensRemoteApiAsyncTaskCompletionAnnouncerServicesSaberServiceProvider .cxx_destruct]	
1039dbee8	1039dbf07	decompiled	chunks/009/functions-000609.c		
1039dbf08	1039dbf13	decompiled	chunks/009/functions-000609.c	-[SCSCLensViewCountServicesSaberServiceProvider beginIn]	
1039dbf14	1039dbf1f	decompiled	chunks/009/functions-000609.c	-[SCSCLensViewCountServicesSaberServiceProvider setBeginIn:]	
1039dbf20	1039dbf2b	decompiled	chunks/009/functions-000609.c	-[SCSCLensViewCountServicesSaberServiceProvider lensActiveUserSessionScopeGraphBridgeServices]	
1039dbf2c	1039dbf6f	decompiled	chunks/009/functions-000609.c		
1039dbf70	1039dbf7b	decompiled	chunks/009/functions-000609.c	-[SCSCLensViewCountServicesSaberServiceProvider setLensActiveUserSessionScopeGraphBridgeServices:]	
1039dbf7c	1039dbfcf	decompiled	chunks/009/functions-000609.c		
1039dbfd0	1039dc1e3	decompiled	chunks/009/functions-000609.c		
1039dc1e4	1039dc217	decompiled	chunks/009/functions-000609.c	-[SCSCLensViewCountServicesSaberServiceProvider provide]	
1039dc218	1039dc24b	decompiled	chunks/009/functions-000609.c	-[SCSCLensViewCountServicesSaberServiceProvider __safeProvide]	
1039dc24c	1039dc28f	decompiled	chunks/009/functions-000609.c	-[SCSCLensViewCountServicesSaberServiceProvider end]	
1039dc290	1039dc427	decompiled	chunks/009/functions-000609.c		
1039dc428	1039dc4d3	decompiled	chunks/009/functions-000609.c	-[SCSCLensViewCountServicesSaberServiceProvider setValue:forIvarName:]	
1039dc4d4	1039dc547	decompiled	chunks/009/functions-000609.c	-[SCSCLensViewCountServicesSaberServiceProvider init]	
1039dc548	1039dc57b	decompiled	chunks/009/functions-000609.c		
1039dc57c	1039dc5c3	decompiled	chunks/009/functions-000609.c	-[SCSCLensViewCountServicesSaberServiceProvider .cxx_destruct]	
1039dc5c4	1039dc5e3	decompiled	chunks/009/functions-000609.c		
1039dc5e4	1039dc5ef	decompiled	chunks/009/functions-000609.c	-[SCSCPreviewFilterDataProviderServicesSaberServiceProvider beginIn]	
1039dc5f0	1039dc5fb	decompiled	chunks/009/functions-000609.c	-[SCSCPreviewFilterDataProviderServicesSaberServiceProvider setBeginIn:]	
1039dc5fc	1039dc607	decompiled	chunks/009/functions-000609.c	-[SCSCPreviewFilterDataProviderServicesSaberServiceProvider lensActiveUserSessionScopeGraphBridgeServices]	
1039dc608	1039dc64b	decompiled	chunks/009/functions-000609.c		
1039dc64c	1039dc657	decompiled	chunks/009/functions-000609.c	-[SCSCPreviewFilterDataProviderServicesSaberServiceProvider setLensActiveUserSessionScopeGraphBridgeServices:]	
1039dc658	1039dc6ab	decompiled	chunks/009/functions-000609.c		
1039dc6ac	1039dc8bf	decompiled	chunks/009/functions-000609.c		
1039dc8c0	1039dc8f3	decompiled	chunks/009/functions-000609.c	-[SCSCPreviewFilterDataProviderServicesSaberServiceProvider provide]	
1039dc8f4	1039dc927	decompiled	chunks/009/functions-000609.c	-[SCSCPreviewFilterDataProviderServicesSaberServiceProvider __safeProvide]	
1039dc928	1039dc96b	decompiled	chunks/009/functions-000609.c	-[SCSCPreviewFilterDataProviderServicesSaberServiceProvider end]	
1039dc96c	1039dcb03	decompiled	chunks/009/functions-000609.c		
1039dcb04	1039dcbaf	decompiled	chunks/009/functions-000609.c	-[SCSCPreviewFilterDataProviderServicesSaberServiceProvider setValue:forIvarName:]	
1039dcbb0	1039dcc23	decompiled	chunks/009/functions-000609.c	-[SCSCPreviewFilterDataProviderServicesSaberServiceProvider init]	
1039dcc24	1039dcc57	decompiled	chunks/009/functions-000609.c		
1039dcc58	1039dcc9f	decompiled	chunks/009/functions-000609.c	-[SCSCPreviewFilterDataProviderServicesSaberServiceProvider .cxx_destruct]	
1039dcca0	1039dccbf	decompiled	chunks/009/functions-000609.c		
1039dccc0	1039dcccb	decompiled	chunks/009/functions-000609.c	-[SCSnapEditorCTLensToolSessionProviderServicesSaberServiceProvider beginIn]	
1039dcccc	1039dccd7	decompiled	chunks/009/functions-000609.c	-[SCSnapEditorCTLensToolSessionProviderServicesSaberServiceProvider setBeginIn:]	
1039dccd8	1039dcce3	decompiled	chunks/009/functions-000609.c	-[SCSnapEditorCTLensToolSessionProviderServicesSaberServiceProvider lensActiveUserSessionScopeGraphBridgeServices]	
1039dcce4	1039dcd27	decompiled	chunks/009/functions-000609.c		
1039dcd28	1039dcd33	decompiled	chunks/009/functions-000609.c	-[SCSnapEditorCTLensToolSessionProviderServicesSaberServiceProvider setLensActiveUserSessionScopeGraphBridgeServices:]	
1039dcd34	1039dcd87	decompiled	chunks/009/functions-000609.c		
1039dcd88	1039dcf9b	decompiled	chunks/009/functions-000609.c		
1039dcf9c	1039dcfcf	decompiled	chunks/009/functions-000609.c	-[SCSnapEditorCTLensToolSessionProviderServicesSaberServiceProvider provide]	
1039dcfd0	1039dd003	decompiled	chunks/009/functions-000609.c	-[SCSnapEditorCTLensToolSessionProviderServicesSaberServiceProvider __safeProvide]	
1039dd004	1039dd047	decompiled	chunks/009/functions-000609.c	-[SCSnapEditorCTLensToolSessionProviderServicesSaberServiceProvider end]	
1039dd048	1039dd1df	decompiled	chunks/009/functions-000609.c		
1039dd1e0	1039dd28b	decompiled	chunks/009/functions-000609.c	-[SCSnapEditorCTLensToolSessionProviderServicesSaberServiceProvider setValue:forIvarName:]	
1039dd28c	1039dd2ff	decompiled	chunks/009/functions-000609.c	-[SCSnapEditorCTLensToolSessionProviderServicesSaberServiceProvider init]	
1039dd300	1039dd333	decompiled	chunks/009/functions-000609.c		
1039dd334	1039dd37b	decompiled	chunks/009/functions-000609.c	-[SCSnapEditorCTLensToolSessionProviderServicesSaberServiceProvider .cxx_destruct]	
1039dd37c	1039dd39b	decompiled	chunks/009/functions-000609.c		
1039dd39c	1039dd56b	decompiled	chunks/009/functions-000609.c		
1039dd56c	1039dd5b7	decompiled	chunks/009/functions-000609.c		
1039dd5b8	1039dd617	decompiled	chunks/009/functions-000609.c	-[GameActivityConsentServices init]	
1039dd618	1039dd627	decompiled	chunks/009/functions-000609.c	-[GameActivityConsentServices .cxx_destruct]	
1039dd628	1039dd6f3	decompiled	chunks/009/functions-000609.c		
1039dd6f4	1039dd6f7	decompiled	chunks/009/functions-000609.c		
1039dd6f8	1039dd7bf	decompiled	chunks/009/functions-000609.c		
1039dd7c0	1039dd89b	decompiled	chunks/009/functions-000609.c		
