address	end_address	status	pseudocode_file	runtime_label	error
10441c9a0	10441c9f7	decompiled	chunks/000/functions-000040.c	-[SCContextActionPerformerScope initWithProviderRegistry:]	
10441c9f8	10441ca23	decompiled	chunks/000/functions-000040.c	-[SCContextActionPerformerScope init]	
10441ca24	10441ca3f	decompiled	chunks/000/functions-000040.c	-[SCContextActionPerformerScope .cxx_destruct]	
10441ca40	10441cb37	decompiled	chunks/000/functions-000040.c		
10441cb38	10441cb93	decompiled	chunks/000/functions-000040.c	-[_TtC29SCContextActionPerformerScope37SCContextActionPerformerScopeServices buildWithProviderRegistry:]	
10441cb94	10441cbbf	decompiled	chunks/000/functions-000040.c	-[_TtC29SCContextActionPerformerScope37SCContextActionPerformerScopeServices init]	
10441cbc0	10441cbc3	decompiled	chunks/000/functions-000040.c		
10441cbc4	10441cbf7	decompiled	chunks/000/functions-000040.c		
10441cbf8	10441cc1b	decompiled	chunks/000/functions-000040.c	-[_TtC29SCContextActionPerformerScope37SCContextActionPerformerScopeServices .cxx_destruct]	
10441cc1c	10441d077	decompiled	chunks/000/functions-000040.c		
10441d078	10441d087	decompiled	chunks/000/functions-000040.c	-[_TtC24SCContextLoggingServices24SCContextLoggingServices loggerProvider]	
10441d088	10441d0d3	decompiled	chunks/000/functions-000040.c		
10441d0d4	10441d133	decompiled	chunks/000/functions-000040.c	-[_TtC24SCContextLoggingServices24SCContextLoggingServices init]	
10441d134	10441d143	decompiled	chunks/000/functions-000040.c	-[_TtC24SCContextLoggingServices24SCContextLoggingServices .cxx_destruct]	
10441d144	10441d177	decompiled	chunks/000/functions-000040.c	+[SCContextLoggingActionTypes commerce]	
10441d178	10441d1a7	decompiled	chunks/000/functions-000040.c	+[SCContextLoggingActionTypes store]	
10441d1a8	10441d1d3	decompiled	chunks/000/functions-000040.c	+[SCContextLoggingActionTypes attachment]	
10441d1d4	10441d1ff	decompiled	chunks/000/functions-000040.c	+[SCContextLoggingActionTypes genericDeeplink]	
10441d200	10441d22f	decompiled	chunks/000/functions-000040.c	+[SCContextLoggingActionTypes joinTheChat]	
10441d230	10441d23b	decompiled	chunks/000/functions-000040.c		
10441d23c	10441d267	decompiled	chunks/000/functions-000040.c	+[SCContextLoggingActionTypes mention]	
10441d268	10441d293	decompiled	chunks/000/functions-000040.c	+[SCContextLoggingActionTypes openMentionedUserStory]	
10441d294	10441d2bf	decompiled	chunks/000/functions-000040.c	+[SCContextLoggingActionTypes ourStoryCreator]	
10441d2c0	10441d2eb	decompiled	chunks/000/functions-000040.c	+[SCContextLoggingActionTypes mentionNotFound]	
10441d2ec	10441d317	decompiled	chunks/000/functions-000040.c	+[SCContextLoggingActionTypes place]	
10441d318	10441d343	decompiled	chunks/000/functions-000040.c	+[SCContextLoggingActionTypes lens]	
10441d344	10441d36f	decompiled	chunks/000/functions-000040.c	+[SCContextLoggingActionTypes odgFilter]	
10441d370	10441d39b	decompiled	chunks/000/functions-000040.c	+[SCContextLoggingActionTypes mapMarker]	
10441d39c	10441d3c7	decompiled	chunks/000/functions-000040.c	+[SCContextLoggingActionTypes appInstall]	
10441d3c8	10441d3f3	decompiled	chunks/000/functions-000040.c	+[SCContextLoggingActionTypes placeReviewRanking]	
10441d3f4	10441d41f	decompiled	chunks/000/functions-000040.c	+[SCContextLoggingActionTypes placeReview]	
10441d420	10441d44b	decompiled	chunks/000/functions-000040.c	+[SCContextLoggingActionTypes placeTripAdvisorLink]	
10441d44c	10441d477	decompiled	chunks/000/functions-000040.c	+[SCContextLoggingActionTypes placeFoursquareLink]	
10441d478	10441d4a3	decompiled	chunks/000/functions-000040.c	+[SCContextLoggingActionTypes placeEditorial]	
10441d4a4	10441d4cf	decompiled	chunks/000/functions-000040.c	+[SCContextLoggingActionTypes groupInvite]	
10441d4d0	10441d4fb	decompiled	chunks/000/functions-000040.c	+[SCContextLoggingActionTypes relatedStory]	
10441d4fc	10441d527	decompiled	chunks/000/functions-000040.c	+[SCContextLoggingActionTypes publisher]	
10441d528	10441d553	decompiled	chunks/000/functions-000040.c	+[SCContextLoggingActionTypes topic]	
10441d554	10441d57f	decompiled	chunks/000/functions-000040.c	+[SCContextLoggingActionTypes appPage]	
10441d580	10441d58b	decompiled	chunks/000/functions-000040.c		
10441d58c	10441d5b7	decompiled	chunks/000/functions-000040.c	+[SCContextLoggingActionTypes snapReply]	
10441d5b8	10441d5e3	decompiled	chunks/000/functions-000040.c	+[SCContextLoggingActionTypes storyInvite]	
10441d5e4	10441d5ef	decompiled	chunks/000/functions-000040.c		
10441d5f0	10441d61b	decompiled	chunks/000/functions-000040.c	+[SCContextLoggingActionTypes publicProfile]	
10441d61c	10441d627	decompiled	chunks/000/functions-000040.c		
10441d628	10441d653	decompiled	chunks/000/functions-000040.c	+[SCContextLoggingActionTypes quickAddStory]	
10441d654	10441d67f	decompiled	chunks/000/functions-000040.c	+[SCContextLoggingActionTypes game]	
10441d680	10441d6ab	decompiled	chunks/000/functions-000040.c	+[SCContextLoggingActionTypes cameosOnboarding]	
10441d6ac	10441d6db	decompiled	chunks/000/functions-000040.c	+[SCContextLoggingActionTypes music]	
10441d6dc	10441d707	decompiled	chunks/000/functions-000040.c	+[SCContextLoggingActionTypes originalSound]	
10441d708	10441d73b	decompiled	chunks/000/functions-000040.c	+[SCContextLoggingActionTypes musicPlay]	
10441d73c	10441d76f	decompiled	chunks/000/functions-000040.c	+[SCContextLoggingActionTypes snappable]	
10441d770	10441d79b	decompiled	chunks/000/functions-000040.c	+[SCContextLoggingActionTypes creativeToolsStickers]	
10441d79c	10441d7c7	decompiled	chunks/000/functions-000040.c	+[SCContextLoggingActionTypes astrologyProfile]	
10441d7c8	10441d7d3	decompiled	chunks/000/functions-000040.c		
10441d7d4	10441d803	decompiled	chunks/000/functions-000040.c	+[SCContextLoggingActionTypes share]	
10441d804	10441d80f	decompiled	chunks/000/functions-000040.c		
10441d810	10441d83b	decompiled	chunks/000/functions-000040.c	+[SCContextLoggingActionTypes upsellShare]	
10441d83c	10441d847	decompiled	chunks/000/functions-000040.c		
10441d848	10441d873	decompiled	chunks/000/functions-000040.c	+[SCContextLoggingActionTypes tappedSpotlightReplyOnContextMenu]	
10441d874	10441d87f	decompiled	chunks/000/functions-000040.c		
10441d880	10441d8ab	decompiled	chunks/000/functions-000040.c	+[SCContextLoggingActionTypes tappedSpotlightCTABelowPlaybackComment]	
10441d8ac	10441d8d7	decompiled	chunks/000/functions-000040.c	+[SCContextLoggingActionTypes tappedCreateStickerSpotlightAddComment]	
10441d8d8	10441d903	decompiled	chunks/000/functions-000040.c	+[SCContextLoggingActionTypes poll]	
10441d904	10441d92f	decompiled	chunks/000/functions-000040.c	+[SCContextLoggingActionTypes question]	
10441d930	10441d95b	decompiled	chunks/000/functions-000040.c	+[SCContextLoggingActionTypes shareYours]	
10441d95c	10441d987	decompiled	chunks/000/functions-000040.c	+[SCContextLoggingActionTypes snapMe]	
10441d988	10441d9b3	decompiled	chunks/000/functions-000040.c	+[SCContextLoggingActionTypes subscribeOurStoryCreator]	
10441d9b4	10441d9df	decompiled	chunks/000/functions-000040.c	+[SCContextLoggingActionTypes unsubscribeOurStoryCreator]	
10441d9e0	10441d9eb	decompiled	chunks/000/functions-000040.c		
10441d9ec	10441da17	decompiled	chunks/000/functions-000040.c	+[SCContextLoggingActionTypes tappedFriendAdd]	
10441da18	10441da23	decompiled	chunks/000/functions-000040.c		
10441da24	10441da4f	decompiled	chunks/000/functions-000040.c	+[SCContextLoggingActionTypes genAiFeaturedStory]	
10441da50	10441da5b	decompiled	chunks/000/functions-000040.c		
10441da5c	10441da7f	decompiled	chunks/000/functions-000040.c	+[SCContextLoggingActionTypes boost]	
10441da80	10441da8b	decompiled	chunks/000/functions-000040.c		
10441da8c	10441dab3	decompiled	chunks/000/functions-000040.c	+[SCContextLoggingActionTypes unboost]	
10441dab4	10441dadf	decompiled	chunks/000/functions-000040.c	+[SCContextLoggingActionTypes subscribe]	
10441dae0	10441db0f	decompiled	chunks/000/functions-000040.c	+[SCContextLoggingActionTypes unsubscribe]	
10441db10	10441db1b	decompiled	chunks/000/functions-000040.c		
10441db1c	10441db3f	decompiled	chunks/000/functions-000040.c	+[SCContextLoggingActionTypes reply]	
10441db40	10441db63	decompiled	chunks/000/functions-000040.c	+[SCContextLoggingActionTypes report]	
10441db64	10441db6f	decompiled	chunks/000/functions-000040.c		
10441db70	10441db8f	decompiled	chunks/000/functions-000040.c	+[SCContextLoggingActionTypes edit]	
10441db90	10441dbb3	decompiled	chunks/000/functions-000040.c	+[SCContextLoggingActionTypes deleteSnap]	
10441dbb4	10441dbd3	decompiled	chunks/000/functions-000040.c	+[SCContextLoggingActionTypes save]	
10441dbd4	10441dbdf	decompiled	chunks/000/functions-000040.c		
10441dbe0	10441dc0f	decompiled	chunks/000/functions-000040.c	+[SCContextLoggingActionTypes saveInChat]	
10441dc10	10441dc43	decompiled	chunks/000/functions-000040.c	+[SCContextLoggingActionTypes unsaveInChat]	
10441dc44	10441dc77	decompiled	chunks/000/functions-000040.c	+[SCContextLoggingActionTypes deleteInChat]	
10441dc78	10441dc9f	decompiled	chunks/000/functions-000040.c	+[SCContextLoggingActionTypes getInfo]	
10441dca0	10441dccf	decompiled	chunks/000/functions-000040.c	+[SCContextLoggingActionTypes exportSnap]	
10441dcd0	10441dcff	decompiled	chunks/000/functions-000040.c	+[SCContextLoggingActionTypes copyLink]	
10441dd00	10441dd23	decompiled	chunks/000/functions-000040.c	+[SCContextLoggingActionTypes remix]	
10441dd24	10441dd4b	decompiled	chunks/000/functions-000040.c	+[SCContextLoggingActionTypes aiRemix]	
10441dd4c	10441dd77	decompiled	chunks/000/functions-000040.c	+[SCContextLoggingActionTypes challenge]	
10441dd78	10441dd97	decompiled	chunks/000/functions-000040.c	+[SCContextLoggingActionTypes meo]	
10441dd98	10441ddc3	decompiled	chunks/000/functions-000040.c	+[SCContextLoggingActionTypes subtitles]	
10441ddc4	10441ddeb	decompiled	chunks/000/functions-000040.c	+[SCContextLoggingActionTypes dislike]	
10441ddec	10441de17	decompiled	chunks/000/functions-000040.c	+[SCContextLoggingActionTypes unfavorite]	
10441de18	10441de3f	decompiled	chunks/000/functions-000041.c	+[SCContextLoggingActionTypes favorite]	
10441de40	10441de6b	decompiled	chunks/000/functions-000041.c	+[SCContextLoggingActionTypes backupNow]	
10441de6c	10441de9b	decompiled	chunks/000/functions-000041.c	+[SCContextLoggingActionTypes retryBackup]	
10441de9c	10441dec3	decompiled	chunks/000/functions-000041.c	+[SCContextLoggingActionTypes boombox]	
10441dec4	10441deef	decompiled	chunks/000/functions-000041.c	+[SCContextLoggingActionTypes astrologyLearnMore]	
10441def0	10441df1b	decompiled	chunks/000/functions-000041.c	+[SCContextLoggingActionTypes saveFriendStory]	
10441df1c	10441df4f	decompiled	chunks/000/functions-000041.c	+[SCContextLoggingActionTypes suggestPlace]	
10441df50	10441df5b	decompiled	chunks/000/functions-000041.c		
10441df5c	10441df87	decompiled	chunks/000/functions-000041.c	+[SCContextLoggingActionTypes discoverAction]	
10441df88	10441dfb3	decompiled	chunks/000/functions-000041.c	+[SCContextLoggingActionTypes trendingHashtagBadge]	
10441dfb4	10441dfdf	decompiled	chunks/000/functions-000041.c	+[SCContextLoggingActionTypes trendingMusicBadge]	
10441dfe0	10441e00b	decompiled	chunks/000/functions-000041.c	+[SCContextLoggingActionTypes trendingLensBadge]	
10441e00c	10441e037	decompiled	chunks/000/functions-000041.c	+[SCContextLoggingActionTypes votedPoll]	
10441e038	10441e063	decompiled	chunks/000/functions-000041.c	+[SCContextLoggingActionTypes sharedPoll]	
10441e064	10441e06f	decompiled	chunks/000/functions-000041.c		
10441e070	10441e09b	decompiled	chunks/000/functions-000041.c	+[SCContextLoggingActionTypes manualFriendSelection]	
10441e09c	10441e0c7	decompiled	chunks/000/functions-000041.c	+[SCContextLoggingActionTypes tappedUndoNotification]	
10441e0c8	10441e0d3	decompiled	chunks/000/functions-000041.c		
10441e0d4	10441e0ff	decompiled	chunks/000/functions-000041.c	+[SCContextLoggingActionTypes smartReplyOpenSearchTab]	
10441e100	10441e10b	decompiled	chunks/000/functions-000041.c		
10441e10c	10441e137	decompiled	chunks/000/functions-000041.c	+[SCContextLoggingActionTypes tappedDirectorMode]	
10441e138	10441e143	decompiled	chunks/000/functions-000041.c		
10441e144	10441e16f	decompiled	chunks/000/functions-000041.c	+[SCContextLoggingActionTypes tappedDiscoverStickerDeeplink]	
10441e170	10441e17b	decompiled	chunks/000/functions-000041.c		
10441e17c	10441e19b	decompiled	chunks/000/functions-000041.c	+[SCContextLoggingActionTypes scan]	
10441e19c	10441e1a7	decompiled	chunks/000/functions-000041.c		
10441e1a8	10441e1cb	decompiled	chunks/000/functions-000041.c	+[SCContextLoggingActionTypes repost]	
10441e1cc	10441e1d7	decompiled	chunks/000/functions-000041.c		
10441e1d8	10441e1ff	decompiled	chunks/000/functions-000041.c	+[SCContextLoggingActionTypes addLens]	
10441e200	10441e22f	decompiled	chunks/000/functions-000041.c	+[SCContextLoggingActionTypes dsaExplainer]	
10441e230	10441e263	decompiled	chunks/000/functions-000041.c	+[SCContextLoggingActionTypes dreamsFeedback]	
10441e264	10441e28f	decompiled	chunks/000/functions-000041.c	+[SCContextLoggingActionTypes featuredStoryGoodMatch]	
10441e290	10441e2bb	decompiled	chunks/000/functions-000041.c	+[SCContextLoggingActionTypes featuredStoryDoesNotBelong]	
10441e2bc	10441e2e7	decompiled	chunks/000/functions-000041.c	+[SCContextLoggingActionTypes innovationProgramOptIn]	
10441e2e8	10441e2f3	decompiled	chunks/000/functions-000041.c		
10441e2f4	10441e31f	decompiled	chunks/000/functions-000041.c	+[SCContextLoggingActionTypes promptLens]	
10441e320	10441e34b	decompiled	chunks/000/functions-000041.c	+[SCContextLoggingActionTypes tappedLensProfile]	
10441e34c	10441e37f	decompiled	chunks/000/functions-000041.c	+[SCContextLoggingActionTypes setAsWallpaper]	
10441e380	10441e38b	decompiled	chunks/000/functions-000041.c		
10441e38c	10441e3b7	decompiled	chunks/000/functions-000041.c	+[SCContextLoggingActionTypes recommend]	
10441e3b8	10441e3c3	decompiled	chunks/000/functions-000041.c		
10441e3c4	10441e3f3	decompiled	chunks/000/functions-000041.c	+[SCContextLoggingActionTypes unrecommend]	
10441e3f4	10441e3ff	decompiled	chunks/000/functions-000041.c		
10441e400	10441e42b	decompiled	chunks/000/functions-000041.c	+[SCContextLoggingActionTypes aiStoryReplyStartGeneration]	
10441e42c	10441e437	decompiled	chunks/000/functions-000041.c		
10441e438	10441e463	decompiled	chunks/000/functions-000041.c	+[SCContextLoggingActionTypes aiStoryReplyPlusUpsell]	
10441e464	10441e487	decompiled	chunks/000/functions-000041.c	+[SCContextLoggingActionTypes block]	
10441e488	10441e4b3	decompiled	chunks/000/functions-000041.c	+[SCContextLoggingActionTypes peekAttachmentStart]	
10441e4b4	10441e4df	decompiled	chunks/000/functions-000041.c	+[SCContextLoggingActionTypes peekAttachmentComplete]	
10441e4e0	10441e4eb	decompiled	chunks/000/functions-000041.c		
10441e4ec	10441e517	decompiled	chunks/000/functions-000041.c	+[SCContextLoggingActionTypes saveClientGeneratedSnap]	
10441e518	10441e523	decompiled	chunks/000/functions-000041.c		
10441e524	10441e54f	decompiled	chunks/000/functions-000041.c	+[SCContextLoggingActionTypes launchPublicStory]	
10441e550	10441e57b	decompiled	chunks/000/functions-000041.c	+[SCContextLoggingActionTypes partnershipAdCode]	
10441e57c	10441e5af	decompiled	chunks/000/functions-000041.c	+[SCContextLoggingActionTypes notInterested]	
10441e5b0	10441e5bb	decompiled	chunks/000/functions-000041.c		
10441e5bc	10441e5e7	decompiled	chunks/000/functions-000041.c	+[SCContextLoggingActionTypes tappedContentLabel]	
10441e5e8	10441e613	decompiled	chunks/000/functions-000041.c	+[SCContextLoggingActionTypes repliesSubscribeUpsell]	
10441e614	10441e643	decompiled	chunks/000/functions-000041.c	+[SCContextLoggingActionTypes promoteSnap]	
10441e644	10441e66f	decompiled	chunks/000/functions-000041.c	+[SCContextLoggingActionTypes aboutGenAI]	
10441e670	10441e69b	decompiled	chunks/000/functions-000041.c	+[SCContextLoggingActionTypes reportNotFromPlace]	
10441e69c	10441e6a7	decompiled	chunks/000/functions-000041.c		
10441e6a8	10441e6d3	decompiled	chunks/000/functions-000041.c	+[SCContextLoggingActionTypes topLevelStickerReaction]	
10441e6d4	10441e6ff	decompiled	chunks/000/functions-000041.c	+[SCContextLoggingActionTypes spotlightSettings]	
10441e700	10441e70b	decompiled	chunks/000/functions-000041.c		
10441e70c	10441e737	decompiled	chunks/000/functions-000041.c	+[SCContextLoggingActionTypes openReactionTray]	
10441e738	10441e743	decompiled	chunks/000/functions-000041.c		
10441e744	10441e777	decompiled	chunks/000/functions-000041.c	+[SCContextLoggingActionTypes heroContextMenu]	
10441e778	10441e783	decompiled	chunks/000/functions-000041.c		
10441e784	10441e7b7	decompiled	chunks/000/functions-000041.c	+[SCContextLoggingActionTypes postSpotlight]	
10441e7b8	10441e7c3	decompiled	chunks/000/functions-000041.c		
10441e7c4	10441e7ef	decompiled	chunks/000/functions-000041.c	+[SCContextLoggingActionTypes quickShare]	
10441e7f0	10441e7fb	decompiled	chunks/000/functions-000041.c		
10441e7fc	10441e827	decompiled	chunks/000/functions-000041.c	+[SCContextLoggingActionTypes upsellQuickShare]	
10441e828	10441e833	decompiled	chunks/000/functions-000041.c		
10441e834	10441e863	decompiled	chunks/000/functions-000041.c	+[SCContextLoggingActionTypes quickComment]	
10441e864	10441e88f	decompiled	chunks/000/functions-000041.c	+[SCContextLoggingActionTypes suggestedSearch]	
10441e890	10441e89b	decompiled	chunks/000/functions-000041.c		
10441e89c	10441e8c7	decompiled	chunks/000/functions-000041.c	+[SCContextLoggingActionTypes lensSpotlightPlayGame]	
10441e8c8	10441e8d3	decompiled	chunks/000/functions-000041.c		
10441e8d4	10441e8ff	decompiled	chunks/000/functions-000041.c	+[SCContextLoggingActionTypes playSpotlightStoryAction]	
10441e900	10441e90b	decompiled	chunks/000/functions-000041.c		
10441e90c	10441e93b	decompiled	chunks/000/functions-000041.c	+[SCContextLoggingActionTypes directShare]	
10441e93c	10441e96b	decompiled	chunks/000/functions-000041.c	+[SCContextLoggingActionTypes oneTapShare]	
10441e96c	10441e997	decompiled	chunks/000/functions-000041.c	+[SCContextLoggingActionTypes creatorSubscription]	
10441e998	10441e9a3	decompiled	chunks/000/functions-000041.c		
10441e9a4	10441e9d3	decompiled	chunks/000/functions-000041.c	+[SCContextLoggingActionTypes launchSearch]	
10441e9d4	10441e9df	decompiled	chunks/000/functions-000041.c		
10441e9e0	10441ea0b	decompiled	chunks/000/functions-000041.c	+[SCContextLoggingActionTypes storagePlanUpsell]	
10441ea0c	10441ea17	decompiled	chunks/000/functions-000041.c		
10441ea18	10441ea47	decompiled	chunks/000/functions-000041.c	+[SCContextLoggingActionTypes aiSongUpsell]	
10441ea48	10441ea53	decompiled	chunks/000/functions-000041.c		
10441ea54	10441ea7f	decompiled	chunks/000/functions-000041.c	+[SCContextLoggingActionTypes tappedReplyToFriendBar]	
10441ea80	10441eabb	decompiled	chunks/000/functions-000041.c	-[SCContextLoggingActionTypes init]	
10441eabc	10441eaef	decompiled	chunks/000/functions-000041.c		
10441eaf0	10441eaf3	decompiled	chunks/000/functions-000041.c	-[SCContextLoggingActionTypes .cxx_destruct]	
10441eaf4	10441eb13	decompiled	chunks/000/functions-000041.c		
10441eb14	10441ed7f	decompiled	chunks/000/functions-000041.c		
10441ed80	10441ed8f	decompiled	chunks/000/functions-000041.c	-[SCContextLoggingActionSource actionType]	
10441ed90	10441ed9f	decompiled	chunks/000/functions-000041.c	-[SCContextLoggingActionSource contextMenuType]	
10441eda0	10441edaf	decompiled	chunks/000/functions-000042.c	-[SCContextLoggingActionSource contextMenuSource]	
10441edb0	10441edbf	decompiled	chunks/000/functions-000042.c	-[SCContextLoggingActionSource contextMenuSourceSpecific]	
10441edc0	10441edcf	decompiled	chunks/000/functions-000042.c	-[SCContextLoggingActionSource interactionContext]	
10441edd0	10441ef07	decompiled	chunks/000/functions-000042.c		
10441ef08	10441efa3	decompiled	chunks/000/functions-000042.c	-[SCContextLoggingActionSource initWithActionType:contextMenuType:contextMenuSource:contextMenuSourceSpecific:interactionContext:]	
10441efa4	10441f02b	decompiled	chunks/000/functions-000042.c		
10441f02c	10441f02f	decompiled	chunks/000/functions-000042.c	-[SCContextLoggingActionSource copyWithZone:]	
10441f030	10441f04b	decompiled	chunks/000/functions-000042.c	-[SCContextLoggingActionSource description]	
10441f04c	10441f093	decompiled	chunks/000/functions-000042.c	-[SCContextLoggingActionSource init]	
10441f094	10441f0af	decompiled	chunks/000/functions-000042.c	+[SCContextLoggingActionSourceBuilder contextLoggingActionSource]	
10441f0b0	10441f0ef	decompiled	chunks/000/functions-000042.c	+[SCContextLoggingActionSourceBuilder contextLoggingActionSourceWithExistingContextLoggingActionSource:]	
10441f0f0	10441f107	decompiled	chunks/000/functions-000042.c	-[SCContextLoggingActionSourceBuilder withActionType:]	
10441f108	10441f11f	decompiled	chunks/000/functions-000042.c	-[SCContextLoggingActionSourceBuilder withContextMenuType:]	
10441f120	10441f137	decompiled	chunks/000/functions-000042.c	-[SCContextLoggingActionSourceBuilder withContextMenuSource:]	
10441f138	10441f14f	decompiled	chunks/000/functions-000042.c	-[SCContextLoggingActionSourceBuilder withContextMenuSourceSpecific:]	
10441f150	10441f167	decompiled	chunks/000/functions-000042.c	-[SCContextLoggingActionSourceBuilder withInteractionContext:]	
10441f168	10441f337	decompiled	chunks/000/functions-000042.c		
10441f338	10441f3a3	decompiled	chunks/000/functions-000042.c	-[SCContextLoggingActionSourceBuilder build]	
10441f3a4	10441f433	decompiled	chunks/000/functions-000042.c	-[SCContextLoggingActionSourceBuilder safeBuildAndReturnError:]	
10441f434	10441f4d7	decompiled	chunks/000/functions-000042.c	-[SCContextLoggingActionSourceBuilder init]	
10441f4d8	10441f4db	decompiled	chunks/000/functions-000042.c		
10441f4dc	10441f50f	decompiled	chunks/000/functions-000042.c		
10441f510	10441f61f	decompiled	chunks/000/functions-000042.c		
10441f620	10441f7c7	decompiled	chunks/000/functions-000042.c		
10441f7c8	10441f807	decompiled	chunks/000/functions-000042.c		
10441f808	10441f80b	decompiled	chunks/000/functions-000042.c		
10441f80c	10441f81b	decompiled	chunks/000/functions-000042.c	-[SCContextActionMetricsParams source]	
10441f81c	10441f82b	decompiled	chunks/000/functions-000042.c	-[SCContextActionMetricsParams metricsParams]	
10441f82c	10441f88f	decompiled	chunks/000/functions-000042.c		
10441f890	10441f907	decompiled	chunks/000/functions-000042.c	-[SCContextActionMetricsParams initWithSource:metricsParams:]	
10441f908	10441f937	decompiled	chunks/000/functions-000042.c		
10441f938	10441fa77	decompiled	chunks/000/functions-000042.c		
10441fa78	10441fa7b	decompiled	chunks/000/functions-000042.c	-[SCContextActionMetricsParams copyWithZone:]	
10441fa7c	10441faaf	decompiled	chunks/000/functions-000042.c	-[SCContextActionMetricsParams description]	
10441fab0	10441fb2b	decompiled	chunks/000/functions-000042.c	-[SCContextActionMetricsParams init]	
10441fb2c	10441fb63	decompiled	chunks/000/functions-000042.c	-[SCContextActionMetricsParams .cxx_destruct]	
10441fb64	10441fc4b	decompiled	chunks/000/functions-000042.c		
10441fc4c	10441fc7f	decompiled	chunks/000/functions-000042.c		
10441fc80	10441fc9f	decompiled	chunks/000/functions-000042.c		
10441fca0	10441fccf	decompiled	chunks/000/functions-000042.c		
10441fcd0	10441fd1b	decompiled	chunks/000/functions-000042.c	-[SCContextMetricsParams sessionId]	
10441fd1c	10441fd2b	decompiled	chunks/000/functions-000042.c	-[SCContextMetricsParams launchSource]	
10441fd2c	10441fd3b	decompiled	chunks/000/functions-000042.c	-[SCContextMetricsParams actionType]	
10441fd3c	10441fd4b	decompiled	chunks/000/functions-000042.c	-[SCContextMetricsParams sourceType]	
10441fd4c	10441fd5b	decompiled	chunks/000/functions-000042.c	-[SCContextMetricsParams contextActionSourceType]	
10441fd5c	10441fd6b	decompiled	chunks/000/functions-000042.c	-[SCContextMetricsParams commercePage]	
10441fd6c	10441fd7b	decompiled	chunks/000/functions-000042.c	-[SCContextMetricsParams adViewSourceSpecific]	
10441fd7c	10441fd8b	decompiled	chunks/000/functions-000042.c	-[SCContextMetricsParams broadcastViewLocation]	
10441fd8c	10441fd9b	decompiled	chunks/000/functions-000042.c	-[SCContextMetricsParams storyType]	
10441fd9c	10441fdf7	decompiled	chunks/000/functions-000042.c	-[SCContextMetricsParams storyId]	
10441fdf8	10441fe07	decompiled	chunks/000/functions-000042.c	-[SCContextMetricsParams lensMode]	
10441fe08	104420067	decompiled	chunks/000/functions-000042.c		
104420068	104420183	decompiled	chunks/000/functions-000042.c	-[SCContextMetricsParams initWithSessionId:launchSource:actionType:sourceType:contextActionSourceType:commercePage:adViewSourceSpecific:broadcastViewLocation:storyType:storyId:lensMode:]	
104420184	10442029b	decompiled	chunks/000/functions-000042.c		
10442029c	10442029f	decompiled	chunks/000/functions-000042.c	-[SCContextMetricsParams copyWithZone:]	
1044202a0	1044202d3	decompiled	chunks/000/functions-000042.c	-[SCContextMetricsParams description]	
1044202d4	10442034f	decompiled	chunks/000/functions-000042.c	-[SCContextMetricsParams init]	
104420350	104420493	decompiled	chunks/000/functions-000042.c	-[SCContextMetricsParams .cxx_destruct]	
104420494	1044204b3	decompiled	chunks/000/functions-000042.c		
1044204b4	1044204c7	decompiled	chunks/000/functions-000042.c		
1044204c8	10442059f	decompiled	chunks/000/functions-000042.c		
1044205a0	1044205ab	decompiled	chunks/000/functions-000042.c		
1044205ac	1044205bb	decompiled	chunks/000/functions-000042.c	-[_TtC22SCContextCardsServices22SCContextCardsServices cardsDataFetcher]	
1044205bc	104420607	decompiled	chunks/000/functions-000042.c		
104420608	104420667	decompiled	chunks/000/functions-000042.c	-[_TtC22SCContextCardsServices22SCContextCardsServices init]	
104420668	10442068b	decompiled	chunks/000/functions-000042.c	-[_TtC22SCContextCardsServices22SCContextCardsServices .cxx_destruct]	
10442068c	1044206cb	decompiled	chunks/000/functions-000042.c		
1044206cc	1044206db	decompiled	chunks/000/functions-000042.c		
1044206dc	104420733	decompiled	chunks/000/functions-000042.c		
104420734	10442099b	decompiled	chunks/000/functions-000042.c		
10442099c	104420a07	decompiled	chunks/000/functions-000042.c		
104420a08	104420a7b	decompiled	chunks/000/functions-000042.c		
104420a7c	104420b2f	decompiled	chunks/000/functions-000042.c		
104420b30	104420b9b	decompiled	chunks/000/functions-000042.c		
104420b9c	104420c67	decompiled	chunks/000/functions-000042.c		
104420c68	104420ca7	decompiled	chunks/000/functions-000042.c		
104420ca8	104420cbf	decompiled	chunks/000/functions-000042.c		
104420cc0	104420cff	decompiled	chunks/000/functions-000042.c		
104420d00	104420dab	decompiled	chunks/000/functions-000042.c		
104420dac	104420de3	decompiled	chunks/000/functions-000042.c		
104420de4	104420e03	decompiled	chunks/000/functions-000042.c	-[_TtC29SCContextPostSnapDataServices40SCContextPostSnapActionsObserverServices observer]	
104420e04	104420e4f	decompiled	chunks/000/functions-000042.c		
104420e50	104420ea7	decompiled	chunks/000/functions-000042.c	-[_TtC29SCContextPostSnapDataServices40SCContextPostSnapActionsObserverServices initWithObserver:]	
104420ea8	104420f07	decompiled	chunks/000/functions-000042.c	-[_TtC29SCContextPostSnapDataServices40SCContextPostSnapActionsObserverServices init]	
104420f08	104420f17	decompiled	chunks/000/functions-000042.c	-[_TtC29SCContextPostSnapDataServices40SCContextPostSnapActionsObserverServices .cxx_destruct]	
104420f18	104420f27	decompiled	chunks/000/functions-000042.c	-[_TtC29SCContextPostSnapDataServices29SCContextPostSnapDataServices postSnapDataFetcher]	
104420f28	104420f37	decompiled	chunks/000/functions-000042.c	-[_TtC29SCContextPostSnapDataServices29SCContextPostSnapDataServices postSnapFeedDataFetcher]	
104420f38	104420f8f	decompiled	chunks/000/functions-000042.c	-[_TtC29SCContextPostSnapDataServices29SCContextPostSnapDataServices setChatActionResetDelegate:]	
104420f90	10442109f	decompiled	chunks/000/functions-000042.c		
1044210a0	1044210ff	decompiled	chunks/000/functions-000042.c	-[_TtC29SCContextPostSnapDataServices29SCContextPostSnapDataServices init]	
104421100	104421157	decompiled	chunks/000/functions-000042.c	-[_TtC29SCContextPostSnapDataServices29SCContextPostSnapDataServices .cxx_destruct]	
104421158	1044211af	decompiled	chunks/000/functions-000042.c		
1044211b0	104421393	decompiled	chunks/000/functions-000042.c		
104421394	1044213f7	decompiled	chunks/000/functions-000042.c		
1044213f8	10442152f	decompiled	chunks/000/functions-000042.c		
104421530	1044215ab	decompiled	chunks/000/functions-000042.c		
1044215ac	104421657	decompiled	chunks/000/functions-000042.c		
104421658	1044216c7	decompiled	chunks/000/functions-000042.c		
1044216c8	1044216df	decompiled	chunks/000/functions-000042.c		
1044216e0	10442171f	decompiled	chunks/000/functions-000042.c		
104421720	1044217cb	decompiled	chunks/000/functions-000043.c		
1044217cc	104421803	decompiled	chunks/000/functions-000043.c		
104421804	10442185f	decompiled	chunks/000/functions-000043.c	-[SCContextPostSnapParams postSnapActions]	
104421860	10442186f	decompiled	chunks/000/functions-000043.c	-[SCContextPostSnapParams snapParams]	
104421870	1044218bb	decompiled	chunks/000/functions-000043.c	-[SCContextPostSnapParams contextSessionId]	
1044218bc	104421917	decompiled	chunks/000/functions-000043.c	-[SCContextPostSnapParams conversationId]	
104421918	104421927	decompiled	chunks/000/functions-000043.c	-[SCContextPostSnapParams isGroupConversation]	
104421928	104421937	decompiled	chunks/000/functions-000043.c	-[SCContextPostSnapParams viewedAtTimestamp]	
104421938	104421947	decompiled	chunks/000/functions-000043.c	-[SCContextPostSnapParams isStory]	
104421948	104421957	decompiled	chunks/000/functions-000043.c	-[SCContextPostSnapParams isSnapFromCurrentUser]	
104421958	104421a4b	decompiled	chunks/000/functions-000043.c		
104421a4c	104421b8b	decompiled	chunks/000/functions-000043.c	-[SCContextPostSnapParams initWithPostSnapActions:snapParams:contextSessionId:conversationId:isGroupConversation:viewedAtTimestamp:isStory:isSnapFromCurrentUser:]	
104421b8c	104421bcb	decompiled	chunks/000/functions-000043.c		
104421bcc	104421bff	decompiled	chunks/000/functions-000043.c	-[SCContextPostSnapParams hash]	
104421c00	104421d77	decompiled	chunks/000/functions-000043.c		
104421d78	104421fbb	decompiled	chunks/000/functions-000043.c		
104421fbc	10442204b	decompiled	chunks/000/functions-000043.c	-[SCContextPostSnapParams isEqual:]	
10442204c	10442204f	decompiled	chunks/000/functions-000043.c	-[SCContextPostSnapParams copyWithZone:]	
104422050	10442209b	decompiled	chunks/000/functions-000043.c	-[SCContextPostSnapParams description]	
10442209c	1044220e3	decompiled	chunks/000/functions-000043.c	-[SCContextPostSnapParams init]	
1044220e4	1044220ff	decompiled	chunks/000/functions-000043.c	+[SCContextPostSnapParamsBuilder contextPostSnapParams]	
104422100	10442213f	decompiled	chunks/000/functions-000043.c	+[SCContextPostSnapParamsBuilder contextPostSnapParamsWithExistingContextPostSnapParams:]	
104422140	1044221ab	decompiled	chunks/000/functions-000043.c	-[SCContextPostSnapParamsBuilder withPostSnapActions:]	
1044221ac	1044221f3	decompiled	chunks/000/functions-000043.c	-[SCContextPostSnapParamsBuilder withSnapParams:]	
1044221f4	104422243	decompiled	chunks/000/functions-000043.c	-[SCContextPostSnapParamsBuilder withContextSessionId:]	
104422244	1044222a7	decompiled	chunks/000/functions-000043.c	-[SCContextPostSnapParamsBuilder withConversationId:]	
1044222a8	1044222b7	decompiled	chunks/000/functions-000043.c	-[SCContextPostSnapParamsBuilder withIsGroupConversation:]	
1044222b8	1044222cf	decompiled	chunks/000/functions-000043.c	-[SCContextPostSnapParamsBuilder withViewedAtTimestamp:]	
1044222d0	1044222df	decompiled	chunks/000/functions-000043.c	-[SCContextPostSnapParamsBuilder withIsStory:]	
1044222e0	1044222ef	decompiled	chunks/000/functions-000043.c	-[SCContextPostSnapParamsBuilder withIsSnapFromCurrentUser:]	
1044222f0	10442252b	decompiled	chunks/000/functions-000043.c		
10442252c	104422597	decompiled	chunks/000/functions-000043.c	-[SCContextPostSnapParamsBuilder build]	
104422598	104422627	decompiled	chunks/000/functions-000043.c	-[SCContextPostSnapParamsBuilder safeBuildAndReturnError:]	
104422628	1044226d3	decompiled	chunks/000/functions-000043.c		
1044226d4	1044226f3	decompiled	chunks/000/functions-000043.c	-[SCContextPostSnapParamsBuilder init]	
1044226f4	1044226f7	decompiled	chunks/000/functions-000043.c		
1044226f8	104422757	decompiled	chunks/000/functions-000043.c	-[SCContextPostSnapParamsBuilder .cxx_destruct]	
104422758	10442278b	decompiled	chunks/000/functions-000043.c		
10442278c	1044227eb	decompiled	chunks/000/functions-000043.c	-[SCContextPostSnapParams .cxx_destruct]	
1044227ec	104422a2f	decompiled	chunks/000/functions-000043.c		
104422a30	104422bcb	decompiled	chunks/000/functions-000043.c		
104422bcc	104422c03	decompiled	chunks/000/functions-000043.c		
104422c04	104422d27	decompiled	chunks/000/functions-000043.c		
104422d28	104422e4b	decompiled	chunks/000/functions-000043.c		
104422e4c	104422ea7	decompiled	chunks/000/functions-000043.c		
104422ea8	10442314b	decompiled	chunks/000/functions-000043.c		
10442314c	10442317f	decompiled	chunks/000/functions-000043.c		
104423180	104423513	decompiled	chunks/000/functions-000043.c		
104423514	10442369f	decompiled	chunks/000/functions-000043.c		
1044236a0	104423857	decompiled	chunks/000/functions-000043.c		
104423858	104423897	decompiled	chunks/000/functions-000043.c		
104423898	10442391f	decompiled	chunks/000/functions-000043.c		
104423920	104423923	decompiled	chunks/000/functions-000043.c		
104423924	104423963	decompiled	chunks/000/functions-000043.c		
104423964	104423973	decompiled	chunks/000/functions-000043.c	-[SCContextPostSnapAction action]	
104423974	104423983	decompiled	chunks/000/functions-000043.c	-[SCContextPostSnapAction localizedText]	
104423984	104423993	decompiled	chunks/000/functions-000043.c	-[SCContextPostSnapAction icon]	
104423994	1044239a3	decompiled	chunks/000/functions-000043.c	-[SCContextPostSnapAction secondaryText]	
1044239a4	1044239b3	decompiled	chunks/000/functions-000043.c	-[SCContextPostSnapAction secondaryIcon]	
1044239b4	1044239c3	decompiled	chunks/000/functions-000043.c	-[SCContextPostSnapAction actionType]	
1044239c4	1044239d3	decompiled	chunks/000/functions-000043.c	-[SCContextPostSnapAction styleType]	
1044239d4	104423a97	decompiled	chunks/000/functions-000043.c		
104423a98	104423b87	decompiled	chunks/000/functions-000043.c	-[SCContextPostSnapAction initWithAction:localizedText:icon:secondaryText:secondaryIcon:actionType:styleType:]	
104423b88	104423bbb	decompiled	chunks/000/functions-000043.c	-[SCContextPostSnapAction hash]	
104423bbc	104423d93	decompiled	chunks/000/functions-000043.c		
104423d94	104423fcf	decompiled	chunks/000/functions-000043.c		
104423fd0	10442404f	decompiled	chunks/000/functions-000043.c	-[SCContextPostSnapAction isEqual:]	
104424050	104424053	decompiled	chunks/000/functions-000043.c	-[SCContextPostSnapAction copyWithZone:]	
104424054	104424087	decompiled	chunks/000/functions-000043.c	-[SCContextPostSnapAction description]	
104424088	104424103	decompiled	chunks/000/functions-000043.c	-[SCContextPostSnapAction init]	
104424104	10442416b	decompiled	chunks/000/functions-000043.c	-[SCContextPostSnapAction .cxx_destruct]	
10442416c	1044242bb	decompiled	chunks/000/functions-000043.c		
1044242bc	104424363	decompiled	chunks/000/functions-000043.c		
104424364	104424383	decompiled	chunks/000/functions-000043.c		
104424384	104424467	decompiled	chunks/000/functions-000043.c		
104424468	10442452f	decompiled	chunks/000/functions-000043.c		
104424530	104424547	decompiled	chunks/000/functions-000043.c		
104424548	104424617	decompiled	chunks/000/functions-000043.c		
104424618	104424743	decompiled	chunks/000/functions-000043.c		
104424744	10442479f	decompiled	chunks/000/functions-000043.c		
1044247a0	104424877	decompiled	chunks/000/functions-000043.c		
104424878	1044248cf	decompiled	chunks/000/functions-000043.c		
1044248d0	104424b63	decompiled	chunks/000/functions-000043.c		
104424b64	104424b8f	decompiled	chunks/000/functions-000043.c		
104424b90	104424ba7	decompiled	chunks/000/functions-000043.c		
104424ba8	104424cab	decompiled	chunks/000/functions-000043.c		
104424cac	104424cff	decompiled	chunks/000/functions-000043.c		
104424d00	104424e23	decompiled	chunks/000/functions-000043.c		
104424e24	104424efb	decompiled	chunks/000/functions-000043.c		
104424efc	104424f1f	decompiled	chunks/000/functions-000043.c		
104424f20	104424f5f	decompiled	chunks/000/functions-000043.c		
104424f60	104424f6f	decompiled	chunks/000/functions-000043.c		
104424f70	104424f7f	decompiled	chunks/000/functions-000043.c	-[SCContextImage content]	
104424f80	104424f8f	decompiled	chunks/000/functions-000043.c	-[SCContextImage renderingMode]	
104424f90	104425057	decompiled	chunks/000/functions-000043.c		
104425058	10442516b	decompiled	chunks/000/functions-000043.c	-[SCContextImage initWithContent:renderingMode:]	
10442516c	1044251e7	decompiled	chunks/000/functions-000043.c	-[SCContextImage hash]	
1044251e8	1044252cf	decompiled	chunks/000/functions-000043.c		
1044252d0	10442534f	decompiled	chunks/000/functions-000043.c	-[SCContextImage isEqual:]	
104425350	104425353	decompiled	chunks/000/functions-000043.c	-[SCContextImage copyWithZone:]	
104425354	1044253f3	decompiled	chunks/000/functions-000044.c	-[SCContextImage description]	
1044253f4	10442546f	decompiled	chunks/000/functions-000044.c	-[SCContextImage init]	
104425470	10442547f	decompiled	chunks/000/functions-000044.c	-[SCContextImage .cxx_destruct]	
104425480	1044254ef	decompiled	chunks/000/functions-000044.c		
1044254f0	10442550f	decompiled	chunks/000/functions-000044.c		
104425510	104425513	decompiled	chunks/000/functions-000044.c		
104425514	104425813	decompiled	chunks/000/functions-000044.c		
104425814	104425d93	decompiled	chunks/000/functions-000044.c		
104425d94	104425e67	decompiled	chunks/000/functions-000044.c		
104425e68	104425e87	decompiled	chunks/000/functions-000044.c		
104425e88	104425ebf	decompiled	chunks/000/functions-000044.c	-[SCContextImageContent description]	
104425ec0	104425f07	decompiled	chunks/000/functions-000044.c	-[SCContextImageContent init]	
104425f08	104425f3b	decompiled	chunks/000/functions-000044.c	-[SCContextImageContent hash]	
104425f3c	104425fbb	decompiled	chunks/000/functions-000044.c	-[SCContextImageContent isEqual:]	
104425fbc	104425fc3	decompiled	chunks/000/functions-000044.c	-[SCContextImageContent copyWithZone:]	
104425fc4	104425fdb	decompiled	chunks/000/functions-000044.c	+[SCContextImageContent localWithIcon:]	
104425fdc	104426013	decompiled	chunks/000/functions-000044.c	+[SCContextImageContent remoteWithContentURL:]	
104426014	104426053	decompiled	chunks/000/functions-000044.c	+[SCContextImageContent boltWithId:contextType:]	
104426054	1044260cb	decompiled	chunks/000/functions-000044.c	+[SCContextImageContent bitmojiWithAvatarId:selfieId:]	
1044260cc	10442619f	decompiled	chunks/000/functions-000044.c	+[SCContextImageContent encryptedMediaWithContentURL:encryptionKey:encryptionIV:]	
1044261a0	10442637f	decompiled	chunks/000/functions-000044.c	+[SCContextImageContent imageWithImage:]	
104426380	10442641b	decompiled	chunks/000/functions-000044.c	-[SCContextImageContent matchLocal:remote:bolt:bitmoji:encryptedMedia:image:]	
10442641c	104426483	decompiled	chunks/000/functions-000044.c		
104426484	104426513	decompiled	chunks/000/functions-000044.c		
104426514	104426547	decompiled	chunks/000/functions-000044.c		
104426548	1044265fb	decompiled	chunks/000/functions-000044.c	-[SCContextImageContent .cxx_destruct]	
1044265fc	104426e8b	decompiled	chunks/000/functions-000044.c		
104426e8c	104426ebf	decompiled	chunks/000/functions-000044.c		
104426ec0	104426ecf	decompiled	chunks/000/functions-000044.c		
104426ed0	104426fc7	decompiled	chunks/000/functions-000044.c		
104426fc8	1044271ef	decompiled	chunks/000/functions-000044.c		
1044271f0	10442731b	decompiled	chunks/000/functions-000044.c		
10442731c	104427467	decompiled	chunks/000/functions-000044.c		
104427468	10442756f	decompiled	chunks/000/functions-000044.c		
104427570	10442758f	decompiled	chunks/000/functions-000044.c		
104427590	1044276f7	decompiled	chunks/000/functions-000044.c		
1044276f8	104427737	decompiled	chunks/000/functions-000044.c		
104427738	104427747	decompiled	chunks/000/functions-000044.c		
104427748	10442777f	decompiled	chunks/000/functions-000044.c		
104427780	1044277c7	decompiled	chunks/000/functions-000044.c		
1044277c8	1044277db	decompiled	chunks/000/functions-000044.c		
1044277dc	1044278df	decompiled	chunks/000/functions-000044.c		
1044278e0	1044278e3	decompiled	chunks/000/functions-000044.c		
1044278e4	10442794f	decompiled	chunks/000/functions-000044.c		
104427950	104427953	decompiled	chunks/000/functions-000044.c		
104427954	1044279bf	decompiled	chunks/000/functions-000044.c		
1044279c0	104427a03	decompiled	chunks/000/functions-000044.c		
104427a04	104427a07	decompiled	chunks/000/functions-000044.c		
104427a08	104427a47	decompiled	chunks/000/functions-000044.c		
104427a48	104427a4b	decompiled	chunks/000/functions-000044.c		
104427a4c	104427a8b	decompiled	chunks/000/functions-000044.c		
104427a8c	104427c33	decompiled	chunks/000/functions-000044.c		
104427c34	104427c7f	decompiled	chunks/000/functions-000044.c		
104427c80	104427ceb	decompiled	chunks/000/functions-000044.c		
104427cec	104427cf3	decompiled	chunks/000/functions-000044.c		
104427cf4	104427d3f	decompiled	chunks/000/functions-000044.c		
104427d40	104427e7f	decompiled	chunks/000/functions-000044.c		
104427e80	104427edf	decompiled	chunks/000/functions-000044.c	-[_TtC32SCDeepLinkHandlingProcedureScope41SCDeepLinkAuthProcessorPluginSaberService buildSaberPlugins]	
104427ee0	104427f3f	decompiled	chunks/000/functions-000044.c	-[_TtC32SCDeepLinkHandlingProcedureScope41SCDeepLinkAuthProcessorPluginSaberService init]	
104427f40	104427f5f	decompiled	chunks/000/functions-000044.c	-[_TtC32SCDeepLinkHandlingProcedureScope41SCDeepLinkAuthProcessorPluginSaberService .cxx_destruct]	
104427f60	104427f7f	decompiled	chunks/000/functions-000044.c		
104427f80	104428077	decompiled	chunks/000/functions-000044.c		
104428078	10442813f	decompiled	chunks/000/functions-000044.c	-[_TtC32SCDeepLinkHandlingProcedureScope45SCDeepLinkHandlingProcedureAuthenticatedScope initWithRequest:performer:delegate:]	
104428140	10442818f	decompiled	chunks/000/functions-000044.c		
104428190	1044281d3	decompiled	chunks/000/functions-000044.c		
1044281d4	10442831f	decompiled	chunks/000/functions-000044.c		
104428320	10442832f	decompiled	chunks/000/functions-000044.c	-[_TtC32SCDeepLinkHandlingProcedureScope32SCDeepLinkHandlingProcedureScope request]	
104428330	10442833f	decompiled	chunks/000/functions-000044.c	-[_TtC32SCDeepLinkHandlingProcedureScope32SCDeepLinkHandlingProcedureScope performer]	
104428340	104428387	decompiled	chunks/000/functions-000044.c	-[_TtC32SCDeepLinkHandlingProcedureScope32SCDeepLinkHandlingProcedureScope delegate]	
104428388	1044283df	decompiled	chunks/000/functions-000044.c	-[_TtC32SCDeepLinkHandlingProcedureScope32SCDeepLinkHandlingProcedureScope setDelegate:]	
1044283e0	1044284c3	decompiled	chunks/000/functions-000044.c		
1044284c4	10442857b	decompiled	chunks/000/functions-000044.c	-[_TtC32SCDeepLinkHandlingProcedureScope32SCDeepLinkHandlingProcedureScope initWithRequest:performer:delegate:]	
10442857c	1044285d7	decompiled	chunks/000/functions-000044.c	-[_TtC32SCDeepLinkHandlingProcedureScope32SCDeepLinkHandlingProcedureScope init]	
1044285d8	10442868f	decompiled	chunks/000/functions-000044.c	-[_TtC32SCDeepLinkHandlingProcedureScope32SCDeepLinkHandlingProcedureScope .cxx_destruct]	
104428690	104428793	decompiled	chunks/000/functions-000044.c		
104428794	10442882b	decompiled	chunks/000/functions-000044.c	-[_TtC32SCDeepLinkHandlingProcedureScope53SCDeepLinkHandlingProcedureAuthenticatedScopeServices buildAuthenticatedWithRequest:performer:delegate:]	
10442882c	10442888b	decompiled	chunks/000/functions-000044.c	-[_TtC32SCDeepLinkHandlingProcedureScope53SCDeepLinkHandlingProcedureAuthenticatedScopeServices init]	
10442888c	1044288ab	decompiled	chunks/000/functions-000044.c	-[_TtC32SCDeepLinkHandlingProcedureScope53SCDeepLinkHandlingProcedureAuthenticatedScopeServices .cxx_destruct]	
1044288ac	1044289a3	decompiled	chunks/000/functions-000044.c		
1044289a4	104428a6b	decompiled	chunks/000/functions-000044.c	-[_TtC32SCDeepLinkHandlingProcedureScope47SCDeepLinkHandlingProcedureUnauthenticatedScope initWithRequest:performer:delegate:]	
104428a6c	104428abb	decompiled	chunks/000/functions-000044.c		
104428abc	104429563	decompiled	chunks/000/functions-000044.c		
104429564	10442960f	decompiled	chunks/000/functions-000044.c		
104429610	10442964f	decompiled	chunks/000/functions-000044.c		
104429650	1044296c7	decompiled	chunks/000/functions-000044.c	-[SCDeepLinkHandlingRequest description]	
1044296c8	104429a17	decompiled	chunks/000/functions-000044.c		
104429a18	104429a5f	decompiled	chunks/000/functions-000044.c	-[SCDeepLinkHandlingRequest init]	
104429a60	104429a63	decompiled	chunks/000/functions-000044.c	-[SCDeepLinkHandlingRequest copyWithZone:]	
104429a64	104429b2f	decompiled	chunks/000/functions-000044.c	+[SCDeepLinkHandlingRequest validateInternalDeepLinkURLWithUrl:]	
104429b30	104429c9b	decompiled	chunks/000/functions-000044.c	+[SCDeepLinkHandlingRequest handleOpenURLWithUrl:sourceApplication:additionalInfo:fromExternal:source:handlingId:]	
104429c9c	104429dff	decompiled	chunks/000/functions-000044.c		
104429e00	104429ecb	decompiled	chunks/000/functions-000044.c		
104429ecc	104429f1f	decompiled	chunks/000/functions-000044.c	-[SCDeepLinkHandlingRequest matchValidateInternalDeepLinkURL:handleOpenURL:]	
104429f20	10442a00b	decompiled	chunks/000/functions-000044.c		
10442a00c	10442a18b	decompiled	chunks/000/functions-000044.c		
10442a18c	10442a1bf	decompiled	chunks/000/functions-000044.c		
10442a1c0	10442a243	decompiled	chunks/000/functions-000044.c	-[SCDeepLinkHandlingRequest .cxx_destruct]	
10442a244	10442a3c3	decompiled	chunks/000/functions-000044.c		
10442a3c4	10442a577	decompiled	chunks/000/functions-000044.c		
10442a578	10442a57f	decompiled	chunks/000/functions-000044.c		
10442a580	10442a5b7	decompiled	chunks/000/functions-000045.c		
10442a5b8	10442a65b	decompiled	chunks/000/functions-000045.c		
10442a65c	10442a7c3	decompiled	chunks/000/functions-000045.c		
10442a7c4	10442a803	decompiled	chunks/000/functions-000045.c		
10442a804	10442a813	decompiled	chunks/000/functions-000045.c		
10442a814	10442a85f	decompiled	chunks/000/functions-000045.c	-[_TtC18OperaPageViewScope20OperaPageViewContext pageId]	
10442a860	10442a86f	decompiled	chunks/000/functions-000045.c	-[_TtC18OperaPageViewScope20OperaPageViewContext isAttachment]	
10442a870	10442a947	decompiled	chunks/000/functions-000045.c		
10442a948	10442a9bb	decompiled	chunks/000/functions-000045.c	-[_TtC18OperaPageViewScope20OperaPageViewContext initWithPageId:isAttachment:]	
10442a9bc	10442aa1b	decompiled	chunks/000/functions-000045.c	-[_TtC18OperaPageViewScope20OperaPageViewContext init]	
10442aa1c	10442aa2f	decompiled	chunks/000/functions-000045.c	-[_TtC18OperaPageViewScope20OperaPageViewContext .cxx_destruct]	
10442aa30	10442aa4f	decompiled	chunks/000/functions-000045.c		
10442aa50	10442aa5f	decompiled	chunks/000/functions-000045.c	-[OperaPageViewScope context]	
10442aa60	10442aaa7	decompiled	chunks/000/functions-000045.c	-[OperaPageViewScope delegate]	
10442aaa8	10442aaff	decompiled	chunks/000/functions-000045.c	-[OperaPageViewScope setDelegate:]	
10442ab00	10442abbf	decompiled	chunks/000/functions-000045.c		
10442abc0	10442ac63	decompiled	chunks/000/functions-000045.c	-[OperaPageViewScope initWithContext:delegate:]	
10442ac64	10442ac8f	decompiled	chunks/000/functions-000045.c	-[OperaPageViewScope init]	
10442ac90	10442ad37	decompiled	chunks/000/functions-000045.c	-[OperaPageViewScope .cxx_destruct]	
10442ad38	10442ada3	decompiled	chunks/000/functions-000045.c		
10442ada4	10442adab	decompiled	chunks/000/functions-000045.c		
10442adac	10442adf7	decompiled	chunks/000/functions-000045.c		
10442adf8	10442aedf	decompiled	chunks/000/functions-000045.c		
10442aee0	10442af53	decompiled	chunks/000/functions-000045.c	-[_TtC18OperaPageViewScope26OperaPageViewScopeServices buildWithContext:delegate:]	
10442af54	10442af73	decompiled	chunks/000/functions-000045.c		
10442af74	10442af9f	decompiled	chunks/000/functions-000045.c	-[_TtC18OperaPageViewScope26OperaPageViewScopeServices init]	
10442afa0	10442afa3	decompiled	chunks/000/functions-000045.c		
10442afa4	10442afd7	decompiled	chunks/000/functions-000045.c		
10442afd8	10442aff7	decompiled	chunks/000/functions-000045.c	-[_TtC18OperaPageViewScope26OperaPageViewScopeServices .cxx_destruct]	
10442aff8	10442b017	decompiled	chunks/000/functions-000045.c		
10442b018	10442b01b	decompiled	chunks/000/functions-000045.c		
10442b01c	10442b067	decompiled	chunks/000/functions-000045.c	-[ActiveOperaSessionScope operaSessionId]	
10442b068	10442b087	decompiled	chunks/000/functions-000045.c	-[ActiveOperaSessionScope operaController]	
10442b088	10442b0a7	decompiled	chunks/000/functions-000045.c	-[ActiveOperaSessionScope playlistItemController]	
10442b0a8	10442b0c7	decompiled	chunks/000/functions-000045.c	-[ActiveOperaSessionScope eventAnnouncer]	
10442b0c8	10442b10f	decompiled	chunks/000/functions-000045.c	-[ActiveOperaSessionScope delegate]	
10442b110	10442b167	decompiled	chunks/000/functions-000045.c	-[ActiveOperaSessionScope setDelegate:]	
10442b168	10442b28f	decompiled	chunks/000/functions-000045.c		
10442b290	10442b347	decompiled	chunks/000/functions-000045.c	-[ActiveOperaSessionScope initWithOperaSessionId:operaController:playlistItemController:eventAnnouncer:delegate:]	
10442b348	10442b44b	decompiled	chunks/000/functions-000045.c	-[ActiveOperaSessionScope .cxx_destruct]	
10442b44c	10442b593	decompiled	chunks/000/functions-000045.c		
10442b594	10442b667	decompiled	chunks/000/functions-000045.c	-[_TtC23ActiveOperaSessionScope31ActiveOperaSessionScopeServices buildWithOperaSessionId:operaController:playlistItemController:eventAnnouncer:delegate:]	
10442b668	10442b66b	decompiled	chunks/000/functions-000045.c		
10442b66c	10442b69f	decompiled	chunks/000/functions-000045.c		
10442b6a0	10442b6af	decompiled	chunks/000/functions-000045.c	-[_TtC23ActiveOperaSessionScope31ActiveOperaSessionScopeServices .cxx_destruct]	
10442b6b0	10442b7ab	decompiled	chunks/000/functions-000045.c		
10442b7ac	10442b813	decompiled	chunks/000/functions-000045.c		
10442b814	10442b833	decompiled	chunks/000/functions-000045.c		
10442b834	10442b843	decompiled	chunks/000/functions-000045.c		
10442b844	10442b863	decompiled	chunks/000/functions-000045.c		
10442b864	10442b867	decompiled	chunks/000/functions-000045.c		
10442b868	10442b8bf	decompiled	chunks/000/functions-000045.c	-[SCOperaLaunchingCandidates dataModels]	
10442b8c0	10442b8cf	decompiled	chunks/000/functions-000045.c	-[SCOperaLaunchingCandidates firstDisplayGroupDataModel]	
10442b8d0	10442b8ef	decompiled	chunks/000/functions-000045.c	-[SCOperaLaunchingCandidates playlistFetcher]	
10442b8f0	10442b95f	decompiled	chunks/000/functions-000045.c		
10442b960	10442b9f3	decompiled	chunks/000/functions-000045.c	-[SCOperaLaunchingCandidates initWithDataModels:firstDisplayGroupDataModel:]	
10442b9f4	10442babb	decompiled	chunks/000/functions-000045.c		
10442babc	10442bb2b	decompiled	chunks/000/functions-000045.c	-[SCOperaLaunchingCandidates initWithPlaylistFetcher:]	
10442bb2c	10442bb8b	decompiled	chunks/000/functions-000045.c	-[SCOperaLaunchingCandidates init]	
10442bb8c	10442bbd3	decompiled	chunks/000/functions-000045.c	-[SCOperaLaunchingCandidates .cxx_destruct]	
10442bbd4	10442bbf3	decompiled	chunks/000/functions-000045.c		
10442bbf4	10442bc1b	decompiled	chunks/000/functions-000045.c		
10442bc1c	10442bc5f	decompiled	chunks/000/functions-000045.c		
10442bc60	10442bcfb	decompiled	chunks/000/functions-000045.c		
10442bcfc	10442bd33	decompiled	chunks/000/functions-000045.c		
10442bd34	10442bf13	decompiled	chunks/000/functions-000045.c		
10442bf14	10442bf2b	decompiled	chunks/000/functions-000045.c		
10442bf2c	10442bf3b	decompiled	chunks/000/functions-000045.c	-[_TtC19SCOperaSessionScope19SCOperaSessionScope sessionContext]	
10442bf3c	10442bf47	decompiled	chunks/000/functions-000045.c	-[_TtC19SCOperaSessionScope19SCOperaSessionScope parentViewController]	
10442bf48	10442bf53	decompiled	chunks/000/functions-000045.c	-[_TtC19SCOperaSessionScope19SCOperaSessionScope setParentViewController:]	
10442bf54	10442bf5f	decompiled	chunks/000/functions-000045.c	-[_TtC19SCOperaSessionScope19SCOperaSessionScope deckContainerFactory]	
10442bf60	10442bf6b	decompiled	chunks/000/functions-000045.c	-[_TtC19SCOperaSessionScope19SCOperaSessionScope setDeckContainerFactory:]	
10442bf6c	10442bf77	decompiled	chunks/000/functions-000045.c	-[_TtC19SCOperaSessionScope19SCOperaSessionScope baseView]	
10442bf78	10442bf83	decompiled	chunks/000/functions-000045.c	-[_TtC19SCOperaSessionScope19SCOperaSessionScope setBaseView:]	
10442bf84	10442bf93	decompiled	chunks/000/functions-000045.c	-[_TtC19SCOperaSessionScope19SCOperaSessionScope candidates]	
10442bf94	10442bfa3	decompiled	chunks/000/functions-000045.c	-[_TtC19SCOperaSessionScope19SCOperaSessionScope presentingConfig]	
10442bfa4	10442bfaf	decompiled	chunks/000/functions-000045.c	-[_TtC19SCOperaSessionScope19SCOperaSessionScope operaPresenterDelegate]	
10442bfb0	10442bff3	decompiled	chunks/000/functions-000045.c		
10442bff4	10442bfff	decompiled	chunks/000/functions-000045.c	-[_TtC19SCOperaSessionScope19SCOperaSessionScope setOperaPresenterDelegate:]	
10442c000	10442c053	decompiled	chunks/000/functions-000045.c		
10442c054	10442c0af	decompiled	chunks/000/functions-000045.c	-[_TtC19SCOperaSessionScope19SCOperaSessionScope operaPlugins]	
10442c0b0	10442c0cf	decompiled	chunks/000/functions-000045.c	-[_TtC19SCOperaSessionScope19SCOperaSessionScope transitionAnimator]	
10442c0d0	10442c0df	decompiled	chunks/000/functions-000045.c	-[_TtC19SCOperaSessionScope19SCOperaSessionScope composerOperaEventProviders]	
10442c0e0	10442c0ef	decompiled	chunks/000/functions-000045.c	-[_TtC19SCOperaSessionScope19SCOperaSessionScope intentToOpenOperaTs]	
10442c0f0	10442c4df	decompiled	chunks/000/functions-000045.c		
10442c4e0	10442c63f	decompiled	chunks/000/functions-000045.c	-[_TtC19SCOperaSessionScope19SCOperaSessionScope initWithSessionContext:parentViewController:baseView:candidates:presentingConfig:operaPresenterDelegate:operaPlugins:transitionAnimator:composerOperaEventProviders:]	
10442c640	10442c687	decompiled	chunks/000/functions-000045.c	-[_TtC19SCOperaSessionScope19SCOperaSessionScope dealloc]	
10442c688	10442c73f	decompiled	chunks/000/functions-000045.c	-[_TtC19SCOperaSessionScope19SCOperaSessionScope .cxx_destruct]	
10442c740	10442cb43	decompiled	chunks/000/functions-000045.c		
10442cb44	10442ccaf	decompiled	chunks/000/functions-000045.c	-[_TtC19SCOperaSessionScope19SCOperaSessionScope initWithSessionContext:parentViewController:deckContainerFactory:baseView:candidates:presentingConfig:operaPresenterDelegate:operaPlugins:transitionAnimator:composerOperaEventProviders:]	
10442ccb0	10442ccdb	decompiled	chunks/000/functions-000045.c	-[_TtC19SCOperaSessionScope19SCOperaSessionScope init]	
10442ccdc	10442cd27	decompiled	chunks/000/functions-000045.c		
10442cd28	10442d123	decompiled	chunks/000/functions-000045.c		
10442d124	10442d6af	decompiled	chunks/000/functions-000045.c	-[_TtC19SCOperaSessionScope27SCOperaSessionScopeServices buildWithSessionContext:parentViewController:baseView:candidates:presentingConfig:operaPresenterDelegate:operaPlugins:transitionAnimator:composerOperaEventProviders:]	
10442d6b0	10442d83b	decompiled	chunks/000/functions-000045.c	-[_TtC19SCOperaSessionScope27SCOperaSessionScopeServices buildWithSessionContext:parentViewController:deckContainerFactory:baseView:candidates:presentingConfig:operaPresenterDelegate:operaPlugins:transitionAnimator:composerOperaEventProviders:]	
10442d83c	10442d867	decompiled	chunks/000/functions-000045.c	-[_TtC19SCOperaSessionScope27SCOperaSessionScopeServices init]	
10442d868	10442d86b	decompiled	chunks/000/functions-000045.c		
10442d86c	10442d89f	decompiled	chunks/000/functions-000045.c		
10442d8a0	10442d8af	decompiled	chunks/000/functions-000045.c	-[_TtC19SCOperaSessionScope27SCOperaSessionScopeServices .cxx_destruct]	
10442d8b0	10442dfc3	decompiled	chunks/000/functions-000045.c		
10442dfc4	10442dfd7	decompiled	chunks/000/functions-000046.c		
10442dfd8	10442e0ef	decompiled	chunks/000/functions-000046.c		
10442e0f0	10442e0ff	decompiled	chunks/000/functions-000046.c	-[SCOperaSessionContext featureMajorName]	
10442e100	10442e10f	decompiled	chunks/000/functions-000046.c	-[SCOperaSessionContext viewSource]	
10442e110	10442e11f	decompiled	chunks/000/functions-000046.c	-[SCOperaSessionContext playSource]	
10442e120	10442e12f	decompiled	chunks/000/functions-000046.c	-[SCOperaSessionContext entryEvent]	
10442e130	10442e13f	decompiled	chunks/000/functions-000046.c	-[SCOperaSessionContext entryIntent]	
10442e140	10442e14f	decompiled	chunks/000/functions-000046.c	-[SCOperaSessionContext viewLocation]	
10442e150	10442e1e7	decompiled	chunks/000/functions-000046.c	-[SCOperaSessionContext intentDate]	
10442e1e8	10442e1f7	decompiled	chunks/000/functions-000046.c	-[SCOperaSessionContext pageViewName]	
10442e1f8	10442e30f	decompiled	chunks/000/functions-000046.c		
10442e310	10442e3d3	decompiled	chunks/000/functions-000046.c	-[SCOperaSessionContext initWithFeatureMajorName:viewSource:playSource:entryEvent:entryIntent:viewLocation:intentDate:pageViewName:]	
10442e3d4	10442e403	decompiled	chunks/000/functions-000046.c		
10442e404	10442e507	decompiled	chunks/000/functions-000046.c		
10442e508	10442e543	decompiled	chunks/000/functions-000046.c		
10442e544	10442e547	decompiled	chunks/000/functions-000046.c	-[SCOperaSessionContext copyWithZone:]	
10442e548	10442e58f	decompiled	chunks/000/functions-000046.c	-[SCOperaSessionContext description]	
10442e590	10442e697	decompiled	chunks/000/functions-000046.c		
10442e698	10442e713	decompiled	chunks/000/functions-000046.c	-[SCOperaSessionContext init]	
10442e714	10442e74f	decompiled	chunks/000/functions-000046.c	-[SCOperaSessionContext .cxx_destruct]	
10442e750	10442e757	decompiled	chunks/000/functions-000046.c		
10442e758	10442e78f	decompiled	chunks/000/functions-000046.c		
10442e790	10442e813	decompiled	chunks/000/functions-000046.c		
10442e814	10442e827	decompiled	chunks/000/functions-000046.c		
10442e828	10442e8d3	decompiled	chunks/000/functions-000046.c		
10442e8d4	10442e8fb	decompiled	chunks/000/functions-000046.c		
10442e8fc	10442e90b	decompiled	chunks/000/functions-000046.c	-[SCOperaActionBarContentConfiguration backgroundStyle]	
10442e90c	10442e957	decompiled	chunks/000/functions-000046.c		
10442e958	10442e977	decompiled	chunks/000/functions-000046.c		
10442e978	10442e9bf	decompiled	chunks/000/functions-000046.c	-[SCOperaActionBarContentConfiguration initWithBackgroundStyle:]	
10442e9c0	10442ea1b	decompiled	chunks/000/functions-000046.c	-[SCOperaActionBarContentConfiguration init]	
10442ea1c	10442ea1f	decompiled	chunks/000/functions-000046.c		
10442ea20	10442ea5f	decompiled	chunks/000/functions-000046.c		
10442ea60	10442ea87	decompiled	chunks/000/functions-000046.c		
10442ea88	10442eac7	decompiled	chunks/000/functions-000046.c		
10442eac8	10442eb73	decompiled	chunks/000/functions-000046.c		
10442eb74	10442ebbf	decompiled	chunks/000/functions-000046.c		
10442ebc0	10442ec97	decompiled	chunks/000/functions-000046.c		
10442ec98	10442ecb7	decompiled	chunks/000/functions-000046.c		
10442ecb8	10442ecf7	decompiled	chunks/000/functions-000046.c		
10442ecf8	10442ed07	decompiled	chunks/000/functions-000046.c		
10442ed08	10442f17b	decompiled	chunks/000/functions-000046.c		
10442f17c	10442f1a7	decompiled	chunks/000/functions-000046.c	+[SCOperaPropertyUpdateKeys horizontalScrollingPercentage]	
10442f1a8	10442f1d3	decompiled	chunks/000/functions-000046.c	+[SCOperaPropertyUpdateKeys timerValue]	
10442f1d4	10442f1ff	decompiled	chunks/000/functions-000046.c	+[SCOperaPropertyUpdateKeys timerVisibility]	
10442f200	10442f22b	decompiled	chunks/000/functions-000046.c	+[SCOperaPropertyUpdateKeys timerPause]	
10442f22c	10442f257	decompiled	chunks/000/functions-000046.c	+[SCOperaPropertyUpdateKeys cardYOffset]	
10442f258	10442f283	decompiled	chunks/000/functions-000046.c	+[SCOperaPropertyUpdateKeys chromeVisibility]	
10442f284	10442f2af	decompiled	chunks/000/functions-000046.c	+[SCOperaPropertyUpdateKeys showActionMenuButtonVisibility]	
10442f2b0	10442f2db	decompiled	chunks/000/functions-000046.c	+[SCOperaPropertyUpdateKeys showActionMenuButtonVisibilityFadeDuration]	
10442f2dc	10442f307	decompiled	chunks/000/functions-000046.c	+[SCOperaPropertyUpdateKeys showActionMenuButtonIsVisible]	
10442f308	10442f333	decompiled	chunks/000/functions-000046.c	+[SCOperaPropertyUpdateKeys showSubscribeButtonVisibility]	
10442f334	10442f35f	decompiled	chunks/000/functions-000046.c	+[SCOperaPropertyUpdateKeys showSubscribeButtonVisibilityFadeDuration]	
10442f360	10442f38b	decompiled	chunks/000/functions-000046.c	+[SCOperaPropertyUpdateKeys showSubscribeButtonIsVisible]	
10442f38c	10442f397	decompiled	chunks/000/functions-000046.c		
10442f398	10442f3c3	decompiled	chunks/000/functions-000046.c	+[SCOperaPropertyUpdateKeys showFanPassSubscribeButtonVisibility]	
10442f3c4	10442f3ef	decompiled	chunks/000/functions-000046.c	+[SCOperaPropertyUpdateKeys showFanPassSubscribeButtonVisibilityFadeDuration]	
10442f3f0	10442f41b	decompiled	chunks/000/functions-000046.c	+[SCOperaPropertyUpdateKeys showFanPassSubscribeButtonIsVisible]	
10442f41c	10442f447	decompiled	chunks/000/functions-000046.c	+[SCOperaPropertyUpdateKeys showOptInDoorbellVisibility]	
10442f448	10442f473	decompiled	chunks/000/functions-000046.c	+[SCOperaPropertyUpdateKeys showOptInDoorbellVisibilityFadeDuration]	
10442f474	10442f49f	decompiled	chunks/000/functions-000046.c	+[SCOperaPropertyUpdateKeys showOptInDoorbellIsVisible]	
10442f4a0	10442f4ab	decompiled	chunks/000/functions-000046.c		
10442f4ac	10442f4d7	decompiled	chunks/000/functions-000046.c	+[SCOperaPropertyUpdateKeys arrowVisibilityFade]	
10442f4d8	10442f503	decompiled	chunks/000/functions-000046.c	+[SCOperaPropertyUpdateKeys arrowVisibilitySuppressed]	
10442f504	10442f52f	decompiled	chunks/000/functions-000046.c	+[SCOperaPropertyUpdateKeys textVisibilityFade]	
10442f530	10442f55b	decompiled	chunks/000/functions-000046.c	+[SCOperaPropertyUpdateKeys textVisibilityFadeDelay]	
10442f55c	10442f587	decompiled	chunks/000/functions-000046.c	+[SCOperaPropertyUpdateKeys leftTapEnabled]	
10442f588	10442f5b3	decompiled	chunks/000/functions-000046.c	+[SCOperaPropertyUpdateKeys longPressEnabled]	
10442f5b4	10442f5df	decompiled	chunks/000/functions-000046.c	+[SCOperaPropertyUpdateKeys contextMenuEnabled]	
10442f5e0	10442f5eb	decompiled	chunks/000/functions-000046.c		
10442f5ec	10442f617	decompiled	chunks/000/functions-000046.c	+[SCOperaPropertyUpdateKeys mediaLoop]	
10442f618	10442f643	decompiled	chunks/000/functions-000046.c	+[SCOperaPropertyUpdateKeys chromeHeaderAlpha]	
10442f644	10442f66f	decompiled	chunks/000/functions-000046.c	+[SCOperaPropertyUpdateKeys seekable]	
10442f670	10442f69b	decompiled	chunks/000/functions-000046.c	+[SCOperaPropertyUpdateKeys paginationEnabled]	
10442f69c	10442f6a7	decompiled	chunks/000/functions-000046.c		
10442f6a8	10442f6d3	decompiled	chunks/000/functions-000046.c	+[SCOperaPropertyUpdateKeys fadeInMediaVolume]	
10442f6d4	10442f6df	decompiled	chunks/000/functions-000046.c		
10442f6e0	10442f70b	decompiled	chunks/000/functions-000046.c	+[SCOperaPropertyUpdateKeys fadeOutMediaVolume]	
10442f70c	10442f737	decompiled	chunks/000/functions-000046.c	+[SCOperaPropertyUpdateKeys touchPoint]	
10442f738	10442f763	decompiled	chunks/000/functions-000046.c	+[SCOperaPropertyUpdateKeys viewContainingTouchPoint]	
10442f764	10442f78f	decompiled	chunks/000/functions-000046.c	+[SCOperaPropertyUpdateKeys isFullScreenView]	
10442f790	10442f7bb	decompiled	chunks/000/functions-000046.c	+[SCOperaPropertyUpdateKeys webViewURL]	
10442f7bc	10442f7e7	decompiled	chunks/000/functions-000046.c	+[SCOperaPropertyUpdateKeys actionMenuURL]	
10442f7e8	10442f813	decompiled	chunks/000/functions-000046.c	+[SCOperaPropertyUpdateKeys lastInteractiveItemIndex]	
10442f814	10442f83f	decompiled	chunks/000/functions-000046.c	+[SCOperaPropertyUpdateKeys attachmentSwipeToExitAngle]	
10442f840	10442f86b	decompiled	chunks/000/functions-000046.c	+[SCOperaPropertyUpdateKeys attachmentSwipeToExitVerticalTranslation]	
10442f86c	10442f897	decompiled	chunks/000/functions-000046.c	+[SCOperaPropertyUpdateKeys attachmentAnchorPoint]	
10442f898	10442f8c3	decompiled	chunks/000/functions-000046.c	+[SCOperaPropertyUpdateKeys previewToolbarVisibilityFade]	
10442f8c4	10442f8ef	decompiled	chunks/000/functions-000046.c	+[SCOperaPropertyUpdateKeys viewerIsDismissing]	
10442f8f0	10442f91b	decompiled	chunks/000/functions-000046.c	+[SCOperaPropertyUpdateKeys chromeAndActionMenuFadeOut]	
10442f91c	10442f947	decompiled	chunks/000/functions-000046.c	+[SCOperaPropertyUpdateKeys interactionBoomboxButtonFadeIn]	
10442f948	10442f953	decompiled	chunks/000/functions-000046.c		
10442f954	10442f97f	decompiled	chunks/000/functions-000046.c	+[SCOperaPropertyUpdateKeys velocity]	
10442f980	10442f98b	decompiled	chunks/000/functions-000046.c		
10442f98c	10442f9b7	decompiled	chunks/000/functions-000046.c	+[SCOperaPropertyUpdateKeys isProgrammaticScrolling]	
10442f9b8	10442f9e3	decompiled	chunks/000/functions-000046.c	+[SCOperaPropertyUpdateKeys rewindVideo]	
10442f9e4	10442fa0f	decompiled	chunks/000/functions-000046.c	+[SCOperaPropertyUpdateKeys rewindVideoFromTimestamp]	
10442fa10	10442fa1b	decompiled	chunks/000/functions-000046.c		
10442fa1c	10442fa47	decompiled	chunks/000/functions-000046.c	+[SCOperaPropertyUpdateKeys seekToTimeInMS]	
10442fa48	10442fa73	decompiled	chunks/000/functions-000046.c	+[SCOperaPropertyUpdateKeys seekToTimeReason]	
10442fa74	10442fa9f	decompiled	chunks/000/functions-000047.c	+[SCOperaPropertyUpdateKeys showcase]	
10442faa0	10442facb	decompiled	chunks/000/functions-000047.c	+[SCOperaPropertyUpdateKeys enableSwipeUp]	
10442facc	10442faf7	decompiled	chunks/000/functions-000047.c	+[SCOperaPropertyUpdateKeys interactionButtonsVisibility]	
10442faf8	10442fb23	decompiled	chunks/000/functions-000047.c	+[SCOperaPropertyUpdateKeys interactionBoomboxButtonPosition]	
10442fb24	10442fb4f	decompiled	chunks/000/functions-000047.c	+[SCOperaPropertyUpdateKeys impalaOverlayVisibility]	
10442fb50	10442fb7b	decompiled	chunks/000/functions-000047.c	+[SCOperaPropertyUpdateKeys chromeGradientAlpha]	
10442fb7c	10442fba7	decompiled	chunks/000/functions-000047.c	+[SCOperaPropertyUpdateKeys chromeMaxX]	
10442fba8	10442fbd3	decompiled	chunks/000/functions-000047.c	+[SCOperaPropertyUpdateKeys shrinkMedia]	
10442fbd4	10442fbff	decompiled	chunks/000/functions-000047.c	+[SCOperaPropertyUpdateKeys shrinkMediaDuration]	
10442fc00	10442fc2b	decompiled	chunks/000/functions-000047.c	+[SCOperaPropertyUpdateKeys actionMenuVisibilityFade]	
10442fc2c	10442fc57	decompiled	chunks/000/functions-000047.c	+[SCOperaPropertyUpdateKeys actionMenuContentFrame]	
10442fc58	10442fc83	decompiled	chunks/000/functions-000047.c	+[SCOperaPropertyUpdateKeys chromeVisibilityFade]	
10442fc84	10442fcaf	decompiled	chunks/000/functions-000047.c	+[SCOperaPropertyUpdateKeys hdButtonVisibilityFade]	
10442fcb0	10442fcdb	decompiled	chunks/000/functions-000047.c	+[SCOperaPropertyUpdateKeys chromeVisibilityFadeDelay]	
10442fcdc	10442fd07	decompiled	chunks/000/functions-000047.c	+[SCOperaPropertyUpdateKeys carouselChromeVisibilityFade]	
10442fd08	10442fd33	decompiled	chunks/000/functions-000047.c	+[SCOperaPropertyUpdateKeys longformVideoControlsVisibilityFade]	
10442fd34	10442fd5f	decompiled	chunks/000/functions-000047.c	+[SCOperaPropertyUpdateKeys upNextIsVisible]	
10442fd60	10442fd83	decompiled	chunks/000/functions-000047.c	+[SCOperaPropertyUpdateKeys upNextIsAd]	
10442fd84	10442fdaf	decompiled	chunks/000/functions-000047.c	+[SCOperaPropertyUpdateKeys replyVisibilityFade]	
10442fdb0	10442fddb	decompiled	chunks/000/functions-000047.c	+[SCOperaPropertyUpdateKeys timerVisibilityFade]	
10442fddc	10442fe07	decompiled	chunks/000/functions-000047.c	+[SCOperaPropertyUpdateKeys thumbnailVisibilityFade]	
10442fe08	10442fe33	decompiled	chunks/000/functions-000047.c	+[SCOperaPropertyUpdateKeys toolTipVisibilityFade]	
10442fe34	10442fe5f	decompiled	chunks/000/functions-000047.c	+[SCOperaPropertyUpdateKeys viewersVisibilityFade]	
10442fe60	10442fe8b	decompiled	chunks/000/functions-000047.c	+[SCOperaPropertyUpdateKeys chromeAndActionMenuYOffset]	
10442fe8c	10442feb7	decompiled	chunks/000/functions-000047.c	+[SCOperaPropertyUpdateKeys chromeAndActionMenuFadeOutDuration]	
10442feb8	10442fee3	decompiled	chunks/000/functions-000047.c	+[SCOperaPropertyUpdateKeys showChromeIsVisible]	
10442fee4	10442ff0f	decompiled	chunks/000/functions-000047.c	+[SCOperaPropertyUpdateKeys showChromeVisibilityFadeDuration]	
10442ff10	10442ff3b	decompiled	chunks/000/functions-000047.c	+[SCOperaPropertyUpdateKeys pinchScale]	
10442ff3c	10442ff67	decompiled	chunks/000/functions-000047.c	+[SCOperaPropertyUpdateKeys pinchScaleSuppression]	
10442ff68	10442ff93	decompiled	chunks/000/functions-000047.c	+[SCOperaPropertyUpdateKeys rotatingThumbnailVisibility]	
10442ff94	10442ffbf	decompiled	chunks/000/functions-000047.c	+[SCOperaPropertyUpdateKeys storyManagementLayerVisibility]	
10442ffc0	10442ffeb	decompiled	chunks/000/functions-000047.c	+[SCOperaPropertyUpdateKeys storyManagementLayerVisibilityFadeDuration]	
10442ffec	104430017	decompiled	chunks/000/functions-000047.c	+[SCOperaPropertyUpdateKeys videoLayerElapsedTimeRightPadding]	
104430018	104430053	decompiled	chunks/000/functions-000047.c	-[SCOperaPropertyUpdateKeys init]	
104430054	104430087	decompiled	chunks/000/functions-000047.c		
104430088	10443008b	decompiled	chunks/000/functions-000047.c	-[SCOperaPropertyUpdateKeys .cxx_destruct]	
10443008c	1044300ab	decompiled	chunks/000/functions-000047.c		
1044300ac	10443090b	decompiled	chunks/000/functions-000047.c		
10443090c	104430963	decompiled	chunks/000/functions-000047.c		
104430964	104430a1f	decompiled	chunks/000/functions-000047.c		
104430a20	104430a4b	decompiled	chunks/000/functions-000047.c		
104430a4c	104430aff	decompiled	chunks/000/functions-000047.c		
104430b00	104430b4b	decompiled	chunks/000/functions-000047.c	-[SCOperaItemFeatureAttributionInfo itemId]	
104430b4c	104430b57	decompiled	chunks/000/functions-000047.c	-[SCOperaItemFeatureAttributionInfo itemTypeFeature]	
104430b58	104430b63	decompiled	chunks/000/functions-000047.c	-[SCOperaItemFeatureAttributionInfo itemTypeFeatureSpecific]	
104430b64	104430bbb	decompiled	chunks/000/functions-000047.c		
104430bbc	104430bcb	decompiled	chunks/000/functions-000047.c	-[SCOperaItemFeatureAttributionInfo itemBaseMediaContentKey]	
104430bcc	104430c77	decompiled	chunks/000/functions-000047.c		
104430c78	104430d6b	decompiled	chunks/000/functions-000047.c	-[SCOperaItemFeatureAttributionInfo initWithItemId:itemTypeFeature:itemTypeFeatureSpecific:itemBaseMediaContentKey:]	
104430d6c	104430e7f	decompiled	chunks/000/functions-000047.c		
104430e80	104430efb	decompiled	chunks/000/functions-000047.c		
104430efc	104430eff	decompiled	chunks/000/functions-000047.c	-[SCOperaItemFeatureAttributionInfo copyWithZone:]	
104430f00	104430f1b	decompiled	chunks/000/functions-000047.c	-[SCOperaItemFeatureAttributionInfo description]	
104430f1c	104430f97	decompiled	chunks/000/functions-000047.c	-[SCOperaItemFeatureAttributionInfo init]	
104430f98	104430ffb	decompiled	chunks/000/functions-000047.c	-[SCOperaItemFeatureAttributionInfo .cxx_destruct]	
104430ffc	10443101b	decompiled	chunks/000/functions-000047.c		
10443101c	104431077	decompiled	chunks/000/functions-000047.c	-[SCOperaAnimatedContent imageKey]	
104431078	10443108b	decompiled	chunks/000/functions-000047.c	-[SCOperaAnimatedContent relativeSize]	
10443108c	10443109f	decompiled	chunks/000/functions-000047.c	-[SCOperaAnimatedContent center]	
1044310a0	1044310af	decompiled	chunks/000/functions-000047.c	-[SCOperaAnimatedContent rotation]	
1044310b0	1044310bf	decompiled	chunks/000/functions-000047.c	-[SCOperaAnimatedContent scale]	
1044310c0	104431183	decompiled	chunks/000/functions-000047.c		
104431184	10443125f	decompiled	chunks/000/functions-000047.c	-[SCOperaAnimatedContent initWithImageKey:relativeSize:center:rotation:scale:]	
104431260	1044312e7	decompiled	chunks/000/functions-000047.c		
1044312e8	1044312eb	decompiled	chunks/000/functions-000047.c	-[SCOperaAnimatedContent copyWithZone:]	
1044312ec	10443131f	decompiled	chunks/000/functions-000047.c	-[SCOperaAnimatedContent description]	
104431320	10443139b	decompiled	chunks/000/functions-000047.c	-[SCOperaAnimatedContent init]	
10443139c	1044313af	decompiled	chunks/000/functions-000047.c	-[SCOperaAnimatedContent .cxx_destruct]	
1044313b0	1044313cf	decompiled	chunks/000/functions-000047.c		
1044313d0	1044313ef	decompiled	chunks/000/functions-000047.c	-[SCOperaEventSubscriber operaViewLifecycleEventSubscriber]	
1044313f0	10443140f	decompiled	chunks/000/functions-000047.c	-[SCOperaEventSubscriber operaMediaEventSubscriber]	
104431410	104431413	decompiled	chunks/000/functions-000047.c		
104431414	1044314ef	decompiled	chunks/000/functions-000047.c	-[SCOperaEventSubscriber initWithOperaViewLifecycleEventSubscriber:operaMediaEventSubscriber:]	
1044314f0	1044314f3	decompiled	chunks/000/functions-000047.c	-[SCOperaEventSubscriber copyWithZone:]	
1044314f4	10443150f	decompiled	chunks/000/functions-000047.c	-[SCOperaEventSubscriber description]	
104431510	10443158b	decompiled	chunks/000/functions-000047.c	-[SCOperaEventSubscriber init]	
10443158c	1044315c3	decompiled	chunks/000/functions-000047.c	-[SCOperaEventSubscriber .cxx_destruct]	
1044315c4	1044315e3	decompiled	chunks/000/functions-000047.c		
1044315e4	1044315e7	decompiled	chunks/000/functions-000047.c		
1044315e8	104431633	decompiled	chunks/000/functions-000047.c	-[SCOperaViewLifecycleEventOpenViewLoadedParams mediaPlaybackSessionId]	
104431634	104431647	decompiled	chunks/000/functions-000047.c	-[SCOperaViewLifecycleEventOpenViewLoadedParams layersAreVisibleInViewer]	
104431648	104431727	decompiled	chunks/000/functions-000047.c	-[SCOperaViewLifecycleEventOpenViewLoadedParams initWithMediaPlaybackSessionId:layersAreVisibleInViewer:]	
104431728	10443172b	decompiled	chunks/000/functions-000047.c	-[SCOperaViewLifecycleEventOpenViewLoadedParams copyWithZone:]	
10443172c	104431747	decompiled	chunks/000/functions-000047.c	-[SCOperaViewLifecycleEventOpenViewLoadedParams description]	
104431748	1044317c3	decompiled	chunks/000/functions-000047.c	-[SCOperaViewLifecycleEventOpenViewLoadedParams init]	
1044317c4	1044317d7	decompiled	chunks/000/functions-000047.c	-[SCOperaViewLifecycleEventOpenViewLoadedParams .cxx_destruct]	
1044317d8	1044317f7	decompiled	chunks/000/functions-000047.c		
1044317f8	1044317fb	decompiled	chunks/000/functions-000047.c		
1044317fc	104431847	decompiled	chunks/000/functions-000047.c	-[SCOperaViewLifecycleEventOpenViewParams mediaPlaybackSessionId]	
104431848	104431857	decompiled	chunks/000/functions-000047.c	-[SCOperaViewLifecycleEventOpenViewParams isAttachment]	
104431858	104431867	decompiled	chunks/000/functions-000047.c	-[SCOperaViewLifecycleEventOpenViewParams isExtendedAttachment]	
104431868	1044318eb	decompiled	chunks/000/functions-000047.c		
1044318ec	104431977	decompiled	chunks/000/functions-000047.c	-[SCOperaViewLifecycleEventOpenViewParams initWithMediaPlaybackSessionId:isAttachment:isExtendedAttachment:]	
104431978	1044319f7	decompiled	chunks/000/functions-000047.c		
1044319f8	1044319fb	decompiled	chunks/000/functions-000047.c	-[SCOperaViewLifecycleEventOpenViewParams copyWithZone:]	
1044319fc	104431a17	decompiled	chunks/000/functions-000047.c	-[SCOperaViewLifecycleEventOpenViewParams description]	
104431a18	104431a93	decompiled	chunks/000/functions-000047.c	-[SCOperaViewLifecycleEventOpenViewParams init]	
104431a94	104431aa7	decompiled	chunks/000/functions-000047.c	-[SCOperaViewLifecycleEventOpenViewParams .cxx_destruct]	
104431aa8	104431ac7	decompiled	chunks/000/functions-000047.c		
104431ac8	104431ad7	decompiled	chunks/000/functions-000047.c	-[SCOperaMediaEventImageStartsToDisplayParams videoPrepareTimeMs]	
104431ad8	104431ae7	decompiled	chunks/000/functions-000048.c	-[SCOperaMediaEventImageStartsToDisplayParams image]	
104431ae8	104431afb	decompiled	chunks/000/functions-000048.c	-[SCOperaMediaEventImageStartsToDisplayParams imageView]	
104431afc	104431c07	decompiled	chunks/000/functions-000048.c	-[SCOperaMediaEventImageStartsToDisplayParams initWithVideoPrepareTimeMs:image:imageView:]	
104431c08	104431c0b	decompiled	chunks/000/functions-000048.c	-[SCOperaMediaEventImageStartsToDisplayParams copyWithZone:]	
104431c0c	104431c27	decompiled	chunks/000/functions-000048.c	-[SCOperaMediaEventImageStartsToDisplayParams description]	
104431c28	104431ca3	decompiled	chunks/000/functions-000048.c	-[SCOperaMediaEventImageStartsToDisplayParams init]	
104431ca4	104431cdb	decompiled	chunks/000/functions-000048.c	-[SCOperaMediaEventImageStartsToDisplayParams .cxx_destruct]	
104431cdc	104431cfb	decompiled	chunks/000/functions-000048.c		
104431cfc	104431cff	decompiled	chunks/000/functions-000048.c		
104431d00	104431d0f	decompiled	chunks/000/functions-000048.c	-[SCOperaMediaEventMediaStartsToDisplayParams videoPrepareTimeMs]	
104431d10	104431d1f	decompiled	chunks/000/functions-000048.c	-[SCOperaMediaEventMediaStartsToDisplayParams videoStartPreparingTimeMs]	
104431d20	104431d2f	decompiled	chunks/000/functions-000048.c	-[SCOperaMediaEventMediaStartsToDisplayParams width]	
104431d30	104431d3f	decompiled	chunks/000/functions-000048.c	-[SCOperaMediaEventMediaStartsToDisplayParams height]	
104431d40	104431d4f	decompiled	chunks/000/functions-000048.c	-[SCOperaMediaEventMediaStartsToDisplayParams videoPlaybackPreparedTimeNonMonotonic]	
104431d50	104431d5f	decompiled	chunks/000/functions-000048.c	-[SCOperaMediaEventMediaStartsToDisplayParams viewportWidth]	
104431d60	104431d6f	decompiled	chunks/000/functions-000048.c	-[SCOperaMediaEventMediaStartsToDisplayParams viewportHeight]	
104431d70	104431d7f	decompiled	chunks/000/functions-000048.c	-[SCOperaMediaEventMediaStartsToDisplayParams resolutionWidth]	
104431d80	104431d8f	decompiled	chunks/000/functions-000048.c	-[SCOperaMediaEventMediaStartsToDisplayParams resolutionHeight]	
104431d90	104431d9f	decompiled	chunks/000/functions-000048.c	-[SCOperaMediaEventMediaStartsToDisplayParams videoPlaybackAsset]	
104431da0	104431daf	decompiled	chunks/000/functions-000048.c	-[SCOperaMediaEventMediaStartsToDisplayParams mediaEncrypted]	
104431db0	104431dbf	decompiled	chunks/000/functions-000048.c	-[SCOperaMediaEventMediaStartsToDisplayParams newPITNEventDecouplingEnabled]	
104431dc0	10443200f	decompiled	chunks/000/functions-000048.c		
104432010	1044320c3	decompiled	chunks/000/functions-000048.c	-[SCOperaMediaEventMediaStartsToDisplayParams initWithVideoPrepareTimeMs:videoStartPreparingTimeMs:width:height:videoPlaybackPreparedTimeNonMonotonic:viewportWidth:viewportHeight:resolutionWidth:resolutionHeight:videoPlaybackAsset:mediaEncrypted:newPITNEventDecouplingEnabled:]	
1044320c4	1044321e3	decompiled	chunks/000/functions-000048.c		
1044321e4	1044321e7	decompiled	chunks/000/functions-000048.c	-[SCOperaMediaEventMediaStartsToDisplayParams copyWithZone:]	
1044321e8	10443221b	decompiled	chunks/000/functions-000048.c	-[SCOperaMediaEventMediaStartsToDisplayParams description]	
10443221c	104432297	decompiled	chunks/000/functions-000048.c	-[SCOperaMediaEventMediaStartsToDisplayParams init]	
104432298	10443235f	decompiled	chunks/000/functions-000048.c	-[SCOperaMediaEventMediaStartsToDisplayParams .cxx_destruct]	
104432360	104432393	decompiled	chunks/000/functions-000048.c		
104432394	1044323b3	decompiled	chunks/000/functions-000048.c		
1044323b4	1044323c3	decompiled	chunks/000/functions-000048.c	-[SCOperaMediaEventVideoPlaybackProgressDidUpdateParams durationMs]	
1044323c4	1044323d7	decompiled	chunks/000/functions-000048.c	-[SCOperaMediaEventVideoPlaybackProgressDidUpdateParams currentPositionMs]	
1044323d8	10443243b	decompiled	chunks/000/functions-000048.c	-[SCOperaMediaEventVideoPlaybackProgressDidUpdateParams initWithDurationMs:currentPositionMs:]	
10443243c	104432497	decompiled	chunks/000/functions-000048.c		
104432498	10443249b	decompiled	chunks/000/functions-000048.c	-[SCOperaMediaEventVideoPlaybackProgressDidUpdateParams copyWithZone:]	
10443249c	1044324b7	decompiled	chunks/000/functions-000048.c	-[SCOperaMediaEventVideoPlaybackProgressDidUpdateParams description]	
1044324b8	104432553	decompiled	chunks/000/functions-000048.c	-[SCOperaMediaEventVideoPlaybackProgressDidUpdateParams init]	
104432554	104432557	decompiled	chunks/000/functions-000048.c		
104432558	104432567	decompiled	chunks/000/functions-000048.c	-[SCOperaPresentingConfig groupDisplaySequence]	
104432568	104432577	decompiled	chunks/000/functions-000048.c	-[SCOperaPresentingConfig unarchiveBeforePresenting]	
104432578	104432587	decompiled	chunks/000/functions-000048.c	-[SCOperaPresentingConfig fallBackOnLoadingView]	
104432588	104432597	decompiled	chunks/000/functions-000048.c	-[SCOperaPresentingConfig navigationStyle]	
104432598	1044325a7	decompiled	chunks/000/functions-000048.c	-[SCOperaPresentingConfig showBaseViewWhileDismissing]	
1044325a8	1044325b7	decompiled	chunks/000/functions-000048.c	-[SCOperaPresentingConfig topInset]	
1044325b8	1044325c7	decompiled	chunks/000/functions-000048.c	-[SCOperaPresentingConfig transitionMode]	
1044325c8	1044325d7	decompiled	chunks/000/functions-000048.c	-[SCOperaPresentingConfig verticalNavigationCanSwipeLeft]	
1044325d8	1044325e7	decompiled	chunks/000/functions-000048.c	-[SCOperaPresentingConfig verticalNavigationSwipeLeftToShowAttachment]	
1044325e8	1044325f7	decompiled	chunks/000/functions-000048.c	-[SCOperaPresentingConfig swipeRightToProfileEnabled]	
1044325f8	104432607	decompiled	chunks/000/functions-000048.c	-[SCOperaPresentingConfig thumbnailTransitionDurationMs]	
104432608	104432837	decompiled	chunks/000/functions-000048.c		
104432838	1044329b7	decompiled	chunks/000/functions-000048.c	-[SCOperaPresentingConfig initWithGroupDisplaySequence:unarchiveBeforePresenting:fallBackOnLoadingView:navigationStyle:showBaseViewWhileDismissing:topInset:transitionMode:verticalNavigationCanSwipeLeft:verticalNavigationSwipeLeftToShowAttachment:swipeRightToProfileEnabled:thumbnailTransitionDurationMs:]	
1044329b8	104432af7	decompiled	chunks/000/functions-000048.c	-[SCOperaPresentingConfig hash]	
104432af8	104432ccf	decompiled	chunks/000/functions-000048.c		
104432cd0	104432d4f	decompiled	chunks/000/functions-000048.c	-[SCOperaPresentingConfig isEqual:]	
104432d50	104432d53	decompiled	chunks/000/functions-000048.c	-[SCOperaPresentingConfig copyWithZone:]	
104432d54	104432d7f	decompiled	chunks/000/functions-000048.c	-[SCOperaPresentingConfig description]	
104432d80	104432dfb	decompiled	chunks/000/functions-000048.c	-[SCOperaPresentingConfig init]	
104432dfc	104432eaf	decompiled	chunks/000/functions-000048.c		
104432eb0	104432ecf	decompiled	chunks/000/functions-000048.c		
104432ed0	1044337d7	decompiled	chunks/000/functions-000048.c		
1044337d8	1044337e7	decompiled	chunks/000/functions-000048.c	-[SCOperaConfiguration navigationStyle]	
1044337e8	1044337f7	decompiled	chunks/000/functions-000048.c	-[SCOperaConfiguration ngsActionBarContentStyle]	
1044337f8	104433807	decompiled	chunks/000/functions-000048.c	-[SCOperaConfiguration pageHorizontalMargin]	
104433808	104433817	decompiled	chunks/000/functions-000048.c	-[SCOperaConfiguration pageVerticalMargin]	
104433818	104433827	decompiled	chunks/000/functions-000048.c	-[SCOperaConfiguration backgroundColor]	
104433828	104433837	decompiled	chunks/000/functions-000048.c	-[SCOperaConfiguration primaryColor]	
104433838	10443384f	decompiled	chunks/000/functions-000048.c	-[SCOperaConfiguration bounds]	
104433850	10443385f	decompiled	chunks/000/functions-000048.c	-[SCOperaConfiguration defaultRoundedCornersRadius]	
104433860	10443386f	decompiled	chunks/000/functions-000048.c	-[SCOperaConfiguration extendedAttachmentBoundsInsetsValue]	
104433870	10443387f	decompiled	chunks/000/functions-000048.c	-[SCOperaConfiguration rotationDisabled]	
104433880	10443388f	decompiled	chunks/000/functions-000048.c	-[SCOperaConfiguration zoomEnabled]	
104433890	10443389f	decompiled	chunks/000/functions-000048.c	-[SCOperaConfiguration recognizeLeftTap]	
1044338a0	1044338af	decompiled	chunks/000/functions-000048.c	-[SCOperaConfiguration tapLeftWidthRatio]	
1044338b0	1044338bf	decompiled	chunks/000/functions-000048.c	-[SCOperaConfiguration fullContentEnabled]	
1044338c0	10443391b	decompiled	chunks/000/functions-000048.c	-[SCOperaConfiguration disabledGesturesOnLoadingLayer]	
10443391c	10443392b	decompiled	chunks/000/functions-000048.c	-[SCOperaConfiguration nextViewModelPageMode]	
10443392c	10443393b	decompiled	chunks/000/functions-000048.c	-[SCOperaConfiguration previousViewModelPageMode]	
10443393c	10443394b	decompiled	chunks/000/functions-000048.c	-[SCOperaConfiguration loopMediaWhilePaging]	
10443394c	10443395b	decompiled	chunks/000/functions-000048.c	-[SCOperaConfiguration loopDisabledWhileDismissing]	
10443395c	10443396b	decompiled	chunks/000/functions-000048.c	-[SCOperaConfiguration presentationAnimationDisabled]	
10443396c	10443397b	decompiled	chunks/000/functions-000048.c	-[SCOperaConfiguration initialKeepMuteOverrideOnDismiss]	
10443397c	10443398b	decompiled	chunks/000/functions-000048.c	-[SCOperaConfiguration allowLoadingScreens]	
10443398c	10443399b	decompiled	chunks/000/functions-000048.c	-[SCOperaConfiguration customLoadingScreenBackgroundColor]	
10443399c	1044339ab	decompiled	chunks/000/functions-000048.c	-[SCOperaConfiguration edgesWithZeroSafeAreaInsetOverride]	
1044339ac	1044339bb	decompiled	chunks/000/functions-000048.c	-[SCOperaConfiguration disableHorizontalAutoPageAnimation]	
1044339bc	1044339cb	decompiled	chunks/000/functions-000048.c	-[SCOperaConfiguration responsiveLayoutRules]	
1044339cc	1044339db	decompiled	chunks/000/functions-000048.c	-[SCOperaConfiguration doubleTapGestureEnabled]	
1044339dc	1044339eb	decompiled	chunks/000/functions-000048.c	-[SCOperaConfiguration doubleTapGestureRecognitionDelaySec]	
1044339ec	1044339fb	decompiled	chunks/000/functions-000048.c	-[SCOperaConfiguration doubleTapGestureMaximumIntervalBetweenSuccessiveTaps]	
1044339fc	104433a53	decompiled	chunks/000/functions-000048.c	-[SCOperaConfiguration customLayerViewControllerFactories]	
104433a54	104433a6b	decompiled	chunks/000/functions-000048.c	-[SCOperaConfiguration defaultLayerViewControllerFactory]	
104433a6c	104433a7b	decompiled	chunks/000/functions-000048.c	-[SCOperaConfiguration customLayerViewConfiguration]	
104433a7c	104433ad7	decompiled	chunks/000/functions-000048.c	-[SCOperaConfiguration automationAccessibilityLabel]	
104433ad8	104433ae7	decompiled	chunks/000/functions-000048.c	-[SCOperaConfiguration pageViewNameDEPRECATED]	
104433ae8	104433af7	decompiled	chunks/000/functions-000048.c	-[SCOperaConfiguration longPressMinimumPressDuration]	
104433af8	104433b07	decompiled	chunks/000/functions-000048.c	-[SCOperaConfiguration actionMenuEnabled]	
104433b08	104433b17	decompiled	chunks/000/functions-000048.c	-[SCOperaConfiguration actionMenuAnimationDurationLong]	
104433b18	104433b27	decompiled	chunks/000/functions-000048.c	-[SCOperaConfiguration actionMenuAnimationDurationMedium]	
104433b28	104433b37	decompiled	chunks/000/functions-000048.c	-[SCOperaConfiguration actionMenuAnimationDurationShort]	
104433b38	104433b47	decompiled	chunks/000/functions-000048.c	-[SCOperaConfiguration springDampening]	
104433b48	104433b57	decompiled	chunks/000/functions-000049.c	-[SCOperaConfiguration actionMenuAnimationOptionsRawValue]	
104433b58	104433b67	decompiled	chunks/000/functions-000049.c	-[SCOperaConfiguration initialActionMenuStyleVersion]	
104433b68	104433b77	decompiled	chunks/000/functions-000049.c	-[SCOperaConfiguration videoFastStartStrategy]	
104433b78	104433b87	decompiled	chunks/000/functions-000049.c	-[SCOperaConfiguration neighbourPageVCsPrepOrder]	
104433b88	104433b97	decompiled	chunks/000/functions-000049.c	-[SCOperaConfiguration disableRemoteVideoControls]	
104433b98	104433ba7	decompiled	chunks/000/functions-000049.c	-[SCOperaConfiguration remoteVideoCaptionDisplayStrategy]	
104433ba8	104433bb7	decompiled	chunks/000/functions-000049.c	-[SCOperaConfiguration shouldUseRemoteVideoProxy]	
104433bb8	104433bc7	decompiled	chunks/000/functions-000049.c	-[SCOperaConfiguration nullifiesViewControllerOnTearDown]	
104433bc8	104433bd7	decompiled	chunks/000/functions-000049.c	-[SCOperaConfiguration fastSwipeConfig]	
104433bd8	104433be7	decompiled	chunks/000/functions-000049.c	-[SCOperaConfiguration verticalNavigationCanSwipeLeft]	
104433be8	104433bf7	decompiled	chunks/000/functions-000049.c	-[SCOperaConfiguration verticalNavigationSwipeLeftToShowAttachment]	
104433bf8	104433c67	decompiled	chunks/000/functions-000049.c	-[SCOperaConfiguration allowedLayerContentTypes]	
104433c68	104433c77	decompiled	chunks/000/functions-000049.c	-[SCOperaConfiguration enableSubItemArraySupport]	
104433c78	104433c87	decompiled	chunks/000/functions-000049.c	-[SCOperaConfiguration presentationEnvironment]	
104433c88	104433c97	decompiled	chunks/000/functions-000049.c	-[SCOperaConfiguration preloadStrategy]	
104433c98	104433ca7	decompiled	chunks/000/functions-000049.c	-[SCOperaConfiguration backdropConfig]	
104433ca8	104433cb7	decompiled	chunks/000/functions-000049.c	-[SCOperaConfiguration auxViewActionEnabled]	
104433cb8	104433cc7	decompiled	chunks/000/functions-000049.c	-[SCOperaConfiguration enableBlizzardMillisecondsRounding]	
104433cc8	104433cd7	decompiled	chunks/000/functions-000049.c	-[SCOperaConfiguration enableBlizzardLogging]	
104433cd8	104433ce7	decompiled	chunks/000/functions-000049.c	-[SCOperaConfiguration contextDrivenSwipeLeftToShowAttachment]	
104433ce8	104433cf7	decompiled	chunks/000/functions-000049.c	-[SCOperaConfiguration actionBarHeightOverride]	
104433cf8	104433d07	decompiled	chunks/000/functions-000049.c	-[SCOperaConfiguration viewLocation]	
104433d08	104433d17	decompiled	chunks/000/functions-000049.c	-[SCOperaConfiguration contentGapOverride]	
104433d18	104433d27	decompiled	chunks/000/functions-000049.c	-[SCOperaConfiguration disableAmbientAudioBehavior]	
104433d28	104433d37	decompiled	chunks/000/functions-000049.c	-[SCOperaConfiguration audioMultiplierRate]	
104433d38	104433d47	decompiled	chunks/000/functions-000049.c	-[SCOperaConfiguration swipeRightToProfileEnabled]	
104433d48	104433d57	decompiled	chunks/000/functions-000049.c	-[SCOperaConfiguration sspPictureInPictureEnabled]	
104433d58	10443499f	decompiled	chunks/000/functions-000049.c		
1044349a0	104434e67	decompiled	chunks/000/functions-000049.c	-[SCOperaConfiguration initWithNavigationStyle:ngsActionBarContentStyle:pageHorizontalMargin:pageVerticalMargin:backgroundColor:primaryColor:bounds:defaultRoundedCornersRadius:extendedAttachmentBoundsInsetsValue:rotationDisabled:zoomEnabled:recognizeLeftTap:tapLeftWidthRatio:fullContentEnabled:disabledGesturesOnLoadingLayer:nextViewModelPageMode:previousViewModelPageMode:loopMediaWhilePaging:loopDisabledWhileDismissing:presentationAnimationDisabled:initialKeepMuteOverrideOnDismiss:allowLoadingScreens:customLoadingScreenBackgroundColor:edgesWithZeroSafeAreaInsetOverride:disableHorizontalAutoPageAnimation:responsiveLayoutRules:doubleTapGestureEnabled:doubleTapGestureRecognitionDelaySec:doubleTapGestureMaximumIntervalBetweenSuccessiveTaps:customLayerViewControllerFactories:defaultLayerViewControllerFactory:customLayerViewConfiguration:automationAccessibilityLabel:pageViewNameDEPRECATED:longPressMinimumPressDuration:actionMenuEnabled:actionMenuAnimationDurationLong:actionMenuAnimationDurationMedium:actionMenuAnimationDurationShort:springDampening:actionMenuAnimationOptionsRawValue:initialActionMenuStyleVersion:videoFastStartStrategy:neighbourPageVCsPrepOrder:disableRemoteVideoControls:remoteVideoCaptionDisplayStrategy:shouldUseRemoteVideoProxy:nullifiesViewControllerOnTearDown:fastSwipeConfig:verticalNavigationCanSwipeLeft:verticalNavigationSwipeLeftToShowAttachment:allowedLayerContentTypes:enableSubItemArraySupport:presentationEnvironment:preloadStrategy:backdropConfig:auxViewActionEnabled:enableBlizzardMillisecondsRounding:enableBlizzardLogging:contextDrivenSwipeLeftToShowAttachment:actionBarHeightOverride:viewLocation:contentGapOverride:disableAmbientAudioBehavior:audioMultiplierRate:swipeRightToProfileEnabled:sspPictureInPictureEnabled:]	
104434e68	104434ea7	decompiled	chunks/000/functions-000049.c		
104434ea8	104434eab	decompiled	chunks/000/functions-000049.c	-[SCOperaConfiguration copyWithZone:]	
104434eac	104434ee7	decompiled	chunks/000/functions-000049.c	-[SCOperaConfiguration description]	
104434ee8	104434f2f	decompiled	chunks/000/functions-000049.c	-[SCOperaConfiguration init]	
104434f30	104434f4b	decompiled	chunks/000/functions-000049.c	+[SCOperaConfigurationBuilder operaConfiguration]	
104434f4c	104434f6b	decompiled	chunks/000/functions-000049.c		
104434f6c	104434fa3	decompiled	chunks/000/functions-000049.c		
104434fa4	10443509b	decompiled	chunks/000/functions-000049.c		
10443509c	1044350d3	decompiled	chunks/000/functions-000049.c		
1044350d4	104435103	decompiled	chunks/000/functions-000049.c		
104435104	10443513b	decompiled	chunks/000/functions-000049.c		
10443513c	1044351bb	decompiled	chunks/000/functions-000049.c		
1044351bc	1044351ef	decompiled	chunks/000/functions-000049.c		
1044351f0	104435203	decompiled	chunks/000/functions-000049.c		
104435204	104435243	decompiled	chunks/000/functions-000049.c	+[SCOperaConfigurationBuilder operaConfigurationWithExistingOperaConfiguration:]	
104435244	10443525b	decompiled	chunks/000/functions-000049.c	-[SCOperaConfigurationBuilder withNavigationStyle:]	
10443525c	104435273	decompiled	chunks/000/functions-000049.c	-[SCOperaConfigurationBuilder withNgsActionBarContentStyle:]	
104435274	10443528b	decompiled	chunks/000/functions-000049.c	-[SCOperaConfigurationBuilder withPageHorizontalMargin:]	
10443528c	1044352a3	decompiled	chunks/000/functions-000049.c	-[SCOperaConfigurationBuilder withPageVerticalMargin:]	
1044352a4	104435303	decompiled	chunks/000/functions-000049.c	-[SCOperaConfigurationBuilder withBackgroundColor:]	
104435304	104435363	decompiled	chunks/000/functions-000049.c	-[SCOperaConfigurationBuilder withPrimaryColor:]	
104435364	10443537f	decompiled	chunks/000/functions-000049.c	-[SCOperaConfigurationBuilder withBounds:]	
104435380	104435397	decompiled	chunks/000/functions-000049.c	-[SCOperaConfigurationBuilder withDefaultRoundedCornersRadius:]	
104435398	1044353f7	decompiled	chunks/000/functions-000049.c	-[SCOperaConfigurationBuilder withExtendedAttachmentBoundsInsetsValue:]	
1044353f8	104435407	decompiled	chunks/000/functions-000049.c	-[SCOperaConfigurationBuilder withRotationDisabled:]	
104435408	104435417	decompiled	chunks/000/functions-000049.c	-[SCOperaConfigurationBuilder withZoomEnabled:]	
104435418	104435427	decompiled	chunks/000/functions-000049.c	-[SCOperaConfigurationBuilder withRecognizeLeftTap:]	
104435428	10443543f	decompiled	chunks/000/functions-000049.c	-[SCOperaConfigurationBuilder withTapLeftWidthRatio:]	
104435440	10443544f	decompiled	chunks/000/functions-000049.c	-[SCOperaConfigurationBuilder withFullContentEnabled:]	
104435450	1044354bf	decompiled	chunks/000/functions-000049.c	-[SCOperaConfigurationBuilder withDisabledGesturesOnLoadingLayer:]	
1044354c0	1044354d7	decompiled	chunks/000/functions-000049.c	-[SCOperaConfigurationBuilder withNextViewModelPageMode:]	
1044354d8	1044354ef	decompiled	chunks/000/functions-000049.c	-[SCOperaConfigurationBuilder withPreviousViewModelPageMode:]	
1044354f0	1044354ff	decompiled	chunks/000/functions-000049.c	-[SCOperaConfigurationBuilder withLoopMediaWhilePaging:]	
104435500	10443550f	decompiled	chunks/000/functions-000049.c	-[SCOperaConfigurationBuilder withLoopDisabledWhileDismissing:]	
104435510	10443551f	decompiled	chunks/000/functions-000049.c	-[SCOperaConfigurationBuilder withPresentationAnimationDisabled:]	
104435520	10443552f	decompiled	chunks/000/functions-000049.c	-[SCOperaConfigurationBuilder withInitialKeepMuteOverrideOnDismiss:]	
104435530	10443553f	decompiled	chunks/000/functions-000049.c	-[SCOperaConfigurationBuilder withAllowLoadingScreens:]	
104435540	10443559f	decompiled	chunks/000/functions-000049.c	-[SCOperaConfigurationBuilder withCustomLoadingScreenBackgroundColor:]	
1044355a0	1044355b7	decompiled	chunks/000/functions-000049.c	-[SCOperaConfigurationBuilder withEdgesWithZeroSafeAreaInsetOverride:]	
1044355b8	1044355c7	decompiled	chunks/000/functions-000049.c	-[SCOperaConfigurationBuilder withDisableHorizontalAutoPageAnimation:]	
1044355c8	104435627	decompiled	chunks/000/functions-000049.c	-[SCOperaConfigurationBuilder withResponsiveLayoutRules:]	
104435628	104435637	decompiled	chunks/000/functions-000049.c	-[SCOperaConfigurationBuilder withDoubleTapGestureEnabled:]	
104435638	10443564f	decompiled	chunks/000/functions-000049.c	-[SCOperaConfigurationBuilder withDoubleTapGestureRecognitionDelaySec:]	
104435650	104435667	decompiled	chunks/000/functions-000049.c	-[SCOperaConfigurationBuilder withDoubleTapGestureMaximumIntervalBetweenSuccessiveTaps:]	
104435668	1044356cf	decompiled	chunks/000/functions-000049.c	-[SCOperaConfigurationBuilder withCustomLayerViewControllerFactories:]	
1044356d0	104435713	decompiled	chunks/000/functions-000049.c	-[SCOperaConfigurationBuilder withDefaultLayerViewControllerFactory:]	
104435714	104435773	decompiled	chunks/000/functions-000049.c	-[SCOperaConfigurationBuilder withCustomLayerViewConfiguration:]	
104435774	1044357d7	decompiled	chunks/000/functions-000049.c	-[SCOperaConfigurationBuilder withAutomationAccessibilityLabel:]	
1044357d8	1044357ef	decompiled	chunks/000/functions-000049.c	-[SCOperaConfigurationBuilder withPageViewNameDEPRECATED:]	
1044357f0	104435807	decompiled	chunks/000/functions-000049.c	-[SCOperaConfigurationBuilder withLongPressMinimumPressDuration:]	
104435808	104435817	decompiled	chunks/000/functions-000049.c	-[SCOperaConfigurationBuilder withActionMenuEnabled:]	
104435818	10443582f	decompiled	chunks/000/functions-000049.c	-[SCOperaConfigurationBuilder withActionMenuAnimationDurationLong:]	
104435830	104435847	decompiled	chunks/000/functions-000049.c	-[SCOperaConfigurationBuilder withActionMenuAnimationDurationMedium:]	
104435848	10443585f	decompiled	chunks/000/functions-000049.c	-[SCOperaConfigurationBuilder withActionMenuAnimationDurationShort:]	
104435860	104435877	decompiled	chunks/000/functions-000049.c	-[SCOperaConfigurationBuilder withSpringDampening:]	
104435878	10443588f	decompiled	chunks/000/functions-000049.c	-[SCOperaConfigurationBuilder withActionMenuAnimationOptionsRawValue:]	
104435890	1044358a7	decompiled	chunks/000/functions-000049.c	-[SCOperaConfigurationBuilder withInitialActionMenuStyleVersion:]	
1044358a8	1044358bf	decompiled	chunks/000/functions-000049.c	-[SCOperaConfigurationBuilder withVideoFastStartStrategy:]	
1044358c0	1044358d7	decompiled	chunks/000/functions-000049.c	-[SCOperaConfigurationBuilder withNeighbourPageVCsPrepOrder:]	
1044358d8	1044358e7	decompiled	chunks/000/functions-000049.c	-[SCOperaConfigurationBuilder withDisableRemoteVideoControls:]	
1044358e8	1044358ff	decompiled	chunks/000/functions-000049.c	-[SCOperaConfigurationBuilder withRemoteVideoCaptionDisplayStrategy:]	
104435900	10443590f	decompiled	chunks/000/functions-000049.c	-[SCOperaConfigurationBuilder withShouldUseRemoteVideoProxy:]	
104435910	10443591f	decompiled	chunks/000/functions-000049.c	-[SCOperaConfigurationBuilder withNullifiesViewControllerOnTearDown:]	
104435920	10443597f	decompiled	chunks/000/functions-000049.c	-[SCOperaConfigurationBuilder withFastSwipeConfig:]	
104435980	10443598f	decompiled	chunks/000/functions-000049.c	-[SCOperaConfigurationBuilder withVerticalNavigationCanSwipeLeft:]	
104435990	10443599f	decompiled	chunks/000/functions-000049.c	-[SCOperaConfigurationBuilder withVerticalNavigationSwipeLeftToShowAttachment:]	
1044359a0	104435a1f	decompiled	chunks/000/functions-000049.c	-[SCOperaConfigurationBuilder withAllowedLayerContentTypes:]	
104435a20	104435a2f	decompiled	chunks/000/functions-000049.c	-[SCOperaConfigurationBuilder withEnableSubItemArraySupport:]	
104435a30	104435a47	decompiled	chunks/000/functions-000049.c	-[SCOperaConfigurationBuilder withPresentationEnvironment:]	
104435a48	104435a5f	decompiled	chunks/000/functions-000049.c	-[SCOperaConfigurationBuilder withPreloadStrategy:]	
104435a60	104435abf	decompiled	chunks/000/functions-000049.c	-[SCOperaConfigurationBuilder withBackdropConfig:]	
