address	end_address	status	pseudocode_file	runtime_label	error
104c672d8	104c67387	decompiled	chunks/006/functions-000439.c	-[SCBillboardBirthdayPartyActionHandlerEntryPoint begin]	
104c67388	104c673cf	decompiled	chunks/006/functions-000440.c	-[SCBillboardBirthdayPartyActionHandlerEntryPoint .cxx_destruct]	
104c673d0	104c674eb	decompiled	chunks/006/functions-000440.c	-[SCBillboardContactSyncActionHandler initWithFindFriendsScopeExposer:findFriendsScopeServices:contactPermissionResumeScopeExposer:contactPermissionResumeScopeServices:contactPermissionInfoProvider:]	
104c674ec	104c674f3	decompiled	chunks/006/functions-000440.c	-[SCBillboardContactSyncActionHandler actionHandlerType]	
104c674f4	104c676cb	decompiled	chunks/006/functions-000440.c	-[SCBillboardContactSyncActionHandler handleOnTapActionWithContext:]	
104c676cc	104c6771b	decompiled	chunks/006/functions-000440.c	-[SCBillboardContactSyncActionHandler findFriendsWorkflowCompleted]	
104c6771c	104c6775f	decompiled	chunks/006/functions-000440.c	-[SCBillboardContactSyncActionHandler contactPermissionResumeWorkflowSkipped]	
104c67760	104c677a3	decompiled	chunks/006/functions-000440.c	-[SCBillboardContactSyncActionHandler contactPermissionResumeWorkflowOSSettingsOpened]	
104c677a4	104c677e7	decompiled	chunks/006/functions-000440.c	-[SCBillboardContactSyncActionHandler _exposeContactPermissionResumeScopeWithUIContainer:contactPermissionResumeFlow:]	
104c677e8	104c67923	decompiled	chunks/006/functions-000440.c	-[SCBillboardContactSyncActionHandler _exposeFindFriendsScopeWithActionContext:]	
104c67924	104c6797f	decompiled	chunks/006/functions-000440.c	-[SCBillboardContactSyncActionHandler .cxx_destruct]	
104c67980	104c67a97	decompiled	chunks/006/functions-000440.c	-[SCBillboardContactSyncActionHandlerEntryPoint begin]	
104c67a98	104c67b07	decompiled	chunks/006/functions-000440.c	-[SCBillboardContactSyncActionHandlerEntryPoint .cxx_destruct]	
104c67b08	104c67b7b	decompiled	chunks/006/functions-000440.c	-[SCBillboardEmailVerificationActionHandler initWithEmailSettingsScopeExposer:]	
104c67b7c	104c67b83	decompiled	chunks/006/functions-000440.c	-[SCBillboardEmailVerificationActionHandler actionHandlerType]	
104c67b84	104c67c2b	decompiled	chunks/006/functions-000440.c	-[SCBillboardEmailVerificationActionHandler handleOnTapActionWithContext:]	
104c67c2c	104c67c7b	decompiled	chunks/006/functions-000440.c	-[SCBillboardEmailVerificationActionHandler emailSettingsDidComplete]	
104c67c7c	104c67cab	decompiled	chunks/006/functions-000440.c	-[SCBillboardEmailVerificationActionHandler .cxx_destruct]	
104c67cac	104c67d2f	decompiled	chunks/006/functions-000440.c	-[SCBillboardEmailVerificationActionHandlerEntryPoint begin]	
104c67d30	104c67d6b	decompiled	chunks/006/functions-000440.c	-[SCBillboardEmailVerificationActionHandlerEntryPoint .cxx_destruct]	
104c67d6c	104c67ddf	decompiled	chunks/006/functions-000440.c	-[SCBillboardFriendCheckupActionHandler initWithMyFriendsScopeExposer:]	
104c67de0	104c67de7	decompiled	chunks/006/functions-000440.c	-[SCBillboardFriendCheckupActionHandler actionHandlerType]	
104c67de8	104c67e93	decompiled	chunks/006/functions-000440.c	-[SCBillboardFriendCheckupActionHandler handleOnTapActionWithContext:]	
104c67e94	104c67ee3	decompiled	chunks/006/functions-000440.c	-[SCBillboardFriendCheckupActionHandler didDismissMyFriends]	
104c67ee4	104c67f13	decompiled	chunks/006/functions-000440.c	-[SCBillboardFriendCheckupActionHandler .cxx_destruct]	
104c67f14	104c67f97	decompiled	chunks/006/functions-000440.c	-[SCBillboardFriendCheckupActionHandlerEntryPoint begin]	
104c67f98	104c67fd3	decompiled	chunks/006/functions-000440.c	-[SCBillboardFriendCheckupActionHandlerEntryPoint .cxx_destruct]	
104c67fd4	104c67fdb	decompiled	chunks/006/functions-000440.c	-[SCBillboardDoNothingActionHandler actionHandlerType]	
104c67fdc	104c6801b	decompiled	chunks/006/functions-000440.c	-[SCBillboardDoNothingActionHandler handleOnTapActionWithContext:]	
104c6801c	104c68023	decompiled	chunks/006/functions-000440.c	-[SCBillboardOpenOSSettingsActionHandler actionHandlerType]	
104c68024	104c680af	decompiled	chunks/006/functions-000440.c	-[SCBillboardOpenOSSettingsActionHandler handleOnTapActionWithContext:]	
104c680b0	104c68153	decompiled	chunks/006/functions-000440.c	-[SCBillboardOpenURLActionHandler initWithWebBrowsingScopeExposer:webBrowserDeepLinkHandler:]	
104c68154	104c6815b	decompiled	chunks/006/functions-000440.c	-[SCBillboardOpenURLActionHandler actionHandlerType]	
104c6815c	104c683f3	decompiled	chunks/006/functions-000440.c	-[SCBillboardOpenURLActionHandler handleOnTapActionWithContext:]	
104c683f4	104c6840b	decompiled	chunks/006/functions-000440.c		
104c6840c	104c6845b	decompiled	chunks/006/functions-000440.c	-[SCBillboardOpenURLActionHandler webBrowserDidDismiss:]	
104c6845c	104c68497	decompiled	chunks/006/functions-000440.c	-[SCBillboardOpenURLActionHandler .cxx_destruct]	
104c68498	104c6860b	decompiled	chunks/006/functions-000440.c	-[SCBillboardGenericActionHandlersEntryPoint begin]	
104c6860c	104c6862f	decompiled	chunks/006/functions-000440.c		
104c68630	104c68677	decompiled	chunks/006/functions-000440.c	-[SCBillboardGenericActionHandlersEntryPoint .cxx_destruct]	
104c68678	104c686db	decompiled	chunks/006/functions-000440.c	-[SCBillboardLensCollectionActionLogger init]	
104c686dc	104c68773	decompiled	chunks/006/functions-000440.c		
104c68774	104c6877f	decompiled	chunks/006/functions-000440.c	-[SCBillboardLensCollectionActionLogger .cxx_destruct]	
104c68780	104c6888b	decompiled	chunks/006/functions-000440.c	-[SCBillboardLensCollectionCameraActionHandler initWithLensModularCameraPresenter:navigationDelegate:lensesCollectionModularCameraPresenter:namespaceLensDataProvider:]	
104c6888c	104c68893	decompiled	chunks/006/functions-000440.c	-[SCBillboardLensCollectionCameraActionHandler actionHandlerType]	
104c68894	104c6889f	decompiled	chunks/006/functions-000440.c	+[SCBillboardLensCollectionCameraActionHandler sourceForSurface:]	
104c688a0	104c68be7	decompiled	chunks/006/functions-000440.c	-[SCBillboardLensCollectionCameraActionHandler handleOnTapActionWithContext:]	
104c68be8	104c68c17	decompiled	chunks/006/functions-000440.c	-[SCBillboardLensCollectionCameraActionHandler .cxx_destruct]	
104c68c18	104c68dbf	decompiled	chunks/006/functions-000440.c	-[SCBillboardLensCollectionCameraActionHandlerEntryPoint begin]	
104c68dc0	104c68e1b	decompiled	chunks/006/functions-000440.c	-[SCBillboardLensCollectionCameraActionHandlerEntryPoint .cxx_destruct]	
104c68e1c	104c68e8f	decompiled	chunks/006/functions-000440.c	-[SCGrapheneFhpLensCollectionHandlerMetricsMetric2 init]	
104c68e90	104c68f07	decompiled	chunks/006/functions-000440.c		
104c68f08	104c6912b	decompiled	chunks/006/functions-000440.c		
104c6912c	104c691a3	decompiled	chunks/006/functions-000440.c		
104c691a4	104c69217	decompiled	chunks/006/functions-000440.c	-[SCBillboardOpenDeeplinkActionHandler initWithDeepLinkHandling:]	
104c69218	104c6921f	decompiled	chunks/006/functions-000440.c	-[SCBillboardOpenDeeplinkActionHandler actionHandlerType]	
104c69220	104c693c3	decompiled	chunks/006/functions-000440.c	-[SCBillboardOpenDeeplinkActionHandler handleOnTapActionWithContext:]	
104c693c4	104c693c7	decompiled	chunks/006/functions-000440.c	-[SCBillboardOpenDeeplinkActionHandler processedUrlForDeeplinking:]	
104c693c8	104c6951f	decompiled	chunks/006/functions-000440.c	-[SCBillboardOpenDeeplinkActionHandler _createURLWithAppendedReferrer:]	
104c69520	104c6953f	decompiled	chunks/006/functions-000440.c	-[SCBillboardOpenDeeplinkActionHandler _urlSourceTypeWithSurface:]	
104c69540	104c6954b	decompiled	chunks/006/functions-000440.c	-[SCBillboardOpenDeeplinkActionHandler .cxx_destruct]	
104c6954c	104c6960b	decompiled	chunks/006/functions-000440.c	-[SCBillboardOpenDeeplinkActionHandlerEntryPoint begin]	
104c6960c	104c69643	decompiled	chunks/006/functions-000440.c	-[SCBillboardOpenDeeplinkActionHandlerEntryPoint .cxx_destruct]	
104c69644	104c696e7	decompiled	chunks/006/functions-000440.c	-[SCBillboardOpenDwebTrayActionHandler initWithDwebExplainerTrayScopeExposer:dwebExplainerTrayScopeServices:]	
104c696e8	104c696ef	decompiled	chunks/006/functions-000440.c	-[SCBillboardOpenDwebTrayActionHandler actionHandlerType]	
104c696f0	104c697b7	decompiled	chunks/006/functions-000440.c	-[SCBillboardOpenDwebTrayActionHandler handleOnTapActionWithContext:]	
104c697b8	104c69807	decompiled	chunks/006/functions-000440.c	-[SCBillboardOpenDwebTrayActionHandler dWebExplainerTrayDidDismiss]	
104c69808	104c6980f	decompiled	chunks/006/functions-000440.c	-[SCBillboardOpenDwebTrayActionHandler numberOfUsersPresentOnWeb]	
104c69810	104c69817	decompiled	chunks/006/functions-000440.c	-[SCBillboardOpenDwebTrayActionHandler numberOfUsersPresent]	
104c69818	104c69853	decompiled	chunks/006/functions-000440.c	-[SCBillboardOpenDwebTrayActionHandler .cxx_destruct]	
104c69854	104c69903	decompiled	chunks/006/functions-000440.c	-[SCBillboardOpenDwebTrayActionHandlerEntryPoint begin]	
104c69904	104c6994b	decompiled	chunks/006/functions-000440.c	-[SCBillboardOpenDwebTrayActionHandlerEntryPoint .cxx_destruct]	
104c6994c	104c699af	decompiled	chunks/006/functions-000440.c	-[SCBillboardLensReplyActionLogger init]	
104c699b0	104c69a2f	decompiled	chunks/006/functions-000440.c		
104c69a30	104c69a3b	decompiled	chunks/006/functions-000440.c	-[SCBillboardLensReplyActionLogger .cxx_destruct]	
104c69a3c	104c69b17	decompiled	chunks/006/functions-000440.c	-[SCBillboardOpenReplyCameraActionHandler initWithLensModularCameraPresenter:navigationDelegate:]	
104c69b18	104c69b1f	decompiled	chunks/006/functions-000440.c	-[SCBillboardOpenReplyCameraActionHandler actionHandlerType]	
104c69b20	104c69ca3	decompiled	chunks/006/functions-000440.c	-[SCBillboardOpenReplyCameraActionHandler handleOnTapActionWithContext:]	
104c69ca4	104c69cd3	decompiled	chunks/006/functions-000440.c	-[SCBillboardOpenReplyCameraActionHandler .cxx_destruct]	
104c69cd4	104c69de7	decompiled	chunks/006/functions-000440.c	-[SCBillboardOpenReplyCameraActionHandlerEntryPoint begin]	
104c69de8	104c69e2b	decompiled	chunks/006/functions-000440.c	-[SCBillboardOpenReplyCameraActionHandlerEntryPoint .cxx_destruct]	
104c69e2c	104c69e9f	decompiled	chunks/006/functions-000440.c	-[SCGrapheneFhpLensReplyHandlerMetricsMetric2 init]	
104c69ea0	104c69f17	decompiled	chunks/006/functions-000440.c		
104c69f18	104c6a08b	decompiled	chunks/006/functions-000440.c		
104c6a08c	104c6a0af	decompiled	chunks/006/functions-000440.c	+[SCBillboardACLensPresenterHelper sourceForSurface:]	
104c6a0b0	104c6a1a3	decompiled	chunks/006/functions-000440.c	-[SCBillboardACLensPresenterHelper initWithLensModularCameraPresenter:navigationDelegate:lensesCollectionModularCameraPresenter:namespaceLensDataProvider:]	
104c6a1a4	104c6a303	decompiled	chunks/006/functions-000440.c	-[SCBillboardACLensPresenterHelper handleLensCollectionPresentationWithSource:lensCollectionId:userData:postToStory:onComplete:]	
104c6a304	104c6a5b3	decompiled	chunks/006/functions-000440.c	-[SCBillboardACLensPresenterHelper handleSingleLensPresentationWithSource:lensData:userData:postToStory:onComplete:]	
104c6a5b4	104c6a72b	decompiled	chunks/006/functions-000440.c	-[SCBillboardACLensPresenterHelper handleNamespacePresentation:source:userData:postToStory:onComplete:]	
104c6a72c	104c6a95f	decompiled	chunks/006/functions-000440.c	-[SCBillboardACLensPresenterHelper _replyParamsWithSource:userData:postToStory:]	
104c6a960	104c6a9a3	decompiled	chunks/006/functions-000440.c	-[SCBillboardACLensPresenterHelper .cxx_destruct]	
104c6a9a4	104c6aa47	decompiled	chunks/006/functions-000440.c	-[SCBillboardOpenSettingsActionHandler initWithSettingsScopeExposer:settingsScopeServices:]	
104c6aa48	104c6aa4f	decompiled	chunks/006/functions-000440.c	-[SCBillboardOpenSettingsActionHandler actionHandlerType]	
104c6aa50	104c6aaf7	decompiled	chunks/006/functions-000440.c	-[SCBillboardOpenSettingsActionHandler handleOnTapActionWithContext:]	
104c6aaf8	104c6ab47	decompiled	chunks/006/functions-000440.c	-[SCBillboardOpenSettingsActionHandler settingsScopeWantsDismiss]	
104c6ab48	104c6ab97	decompiled	chunks/006/functions-000440.c	-[SCBillboardOpenSettingsActionHandler settingsScopeDidDismiss]	
104c6ab98	104c6abd3	decompiled	chunks/006/functions-000440.c	-[SCBillboardOpenSettingsActionHandler .cxx_destruct]	
104c6abd4	104c6ac83	decompiled	chunks/006/functions-000440.c	-[SCBillboardOpenSettingsActionHandlerEntryPoint begin]	
104c6ac84	104c6accb	decompiled	chunks/006/functions-000440.c	-[SCBillboardOpenSettingsActionHandlerEntryPoint .cxx_destruct]	
104c6accc	104c6ad3f	decompiled	chunks/006/functions-000440.c	-[SCBillboardMicrophonePermissionActionHandler initWithPermissionRequestService:]	
104c6ad40	104c6ad47	decompiled	chunks/006/functions-000440.c	-[SCBillboardMicrophonePermissionActionHandler actionHandlerType]	
104c6ad48	104c6adbf	decompiled	chunks/006/functions-000441.c	-[SCBillboardMicrophonePermissionActionHandler handleOnTapActionWithContext:]	
104c6adc0	104c6adcb	decompiled	chunks/006/functions-000441.c	-[SCBillboardMicrophonePermissionActionHandler .cxx_destruct]	
104c6adcc	104c6ae6f	decompiled	chunks/006/functions-000441.c	-[SCBillboardNotificationPermissionActionHandler initWithNotificationsPermissionRequester:application:]	
104c6ae70	104c6ae77	decompiled	chunks/006/functions-000441.c	-[SCBillboardNotificationPermissionActionHandler actionHandlerType]	
104c6ae78	104c6af6b	decompiled	chunks/006/functions-000441.c	-[SCBillboardNotificationPermissionActionHandler handleOnTapActionWithContext:]	
104c6af6c	104c6af7f	decompiled	chunks/006/functions-000441.c		
104c6af80	104c6afaf	decompiled	chunks/006/functions-000441.c	-[SCBillboardNotificationPermissionActionHandler .cxx_destruct]	
104c6afb0	104c6b123	decompiled	chunks/006/functions-000441.c	-[SCBillboardPermissionRequestActionHandlerEntryPoint begin]	
104c6b124	104c6b147	decompiled	chunks/006/functions-000441.c		
104c6b148	104c6b17f	decompiled	chunks/006/functions-000441.c	-[SCBillboardPermissionRequestActionHandlerEntryPoint .cxx_destruct]	
104c6b180	104c6b223	decompiled	chunks/006/functions-000441.c	-[SCBillboardPhoneReverificationActionHandler initWithMobileSettingsScopeExposer:mobileSettingsScopeServices:]	
104c6b224	104c6b22b	decompiled	chunks/006/functions-000441.c	-[SCBillboardPhoneReverificationActionHandler actionHandlerType]	
104c6b22c	104c6b2cf	decompiled	chunks/006/functions-000441.c	-[SCBillboardPhoneReverificationActionHandler handleOnTapActionWithContext:]	
104c6b2d0	104c6b31f	decompiled	chunks/006/functions-000441.c	-[SCBillboardPhoneReverificationActionHandler mobileSettingsDidComplete]	
104c6b320	104c6b35b	decompiled	chunks/006/functions-000441.c	-[SCBillboardPhoneReverificationActionHandler .cxx_destruct]	
104c6b35c	104c6b40b	decompiled	chunks/006/functions-000441.c	-[SCBillboardPhoneReverificationActionHandlerEntryPoint begin]	
104c6b40c	104c6b453	decompiled	chunks/006/functions-000441.c	-[SCBillboardPhoneReverificationActionHandlerEntryPoint .cxx_destruct]	
104c6b454	104c6b4ef	decompiled	chunks/006/functions-000441.c	-[SCBillboardPhoneVerificationActionHandler initWithFindFriendsScopeExposer:findFriendsScopeServices:]	
104c6b4f0	104c6b4f7	decompiled	chunks/006/functions-000441.c	-[SCBillboardPhoneVerificationActionHandler actionHandlerType]	
104c6b4f8	104c6b5eb	decompiled	chunks/006/functions-000441.c	-[SCBillboardPhoneVerificationActionHandler handleOnTapActionWithContext:]	
104c6b5ec	104c6b63b	decompiled	chunks/006/functions-000441.c	-[SCBillboardPhoneVerificationActionHandler findFriendsWorkflowCompleted]	
104c6b63c	104c6b673	decompiled	chunks/006/functions-000441.c	-[SCBillboardPhoneVerificationActionHandler .cxx_destruct]	
104c6b674	104c6b723	decompiled	chunks/006/functions-000441.c	-[SCBillboardPhoneVerificationActionHandlerEntryPoint begin]	
104c6b724	104c6b76b	decompiled	chunks/006/functions-000441.c	-[SCBillboardPhoneVerificationActionHandlerEntryPoint .cxx_destruct]	
104c6b76c	104c6b7df	decompiled	chunks/006/functions-000441.c	-[SCBillboardSuicidePreventionActionHandler initWithSelfHarmResourcesScopeExposer:]	
104c6b7e0	104c6b7e7	decompiled	chunks/006/functions-000441.c	-[SCBillboardSuicidePreventionActionHandler actionHandlerType]	
104c6b7e8	104c6b88f	decompiled	chunks/006/functions-000441.c	-[SCBillboardSuicidePreventionActionHandler handleOnTapActionWithContext:]	
104c6b890	104c6b8df	decompiled	chunks/006/functions-000441.c	-[SCBillboardSuicidePreventionActionHandler didComplete]	
104c6b8e0	104c6b90f	decompiled	chunks/006/functions-000441.c	-[SCBillboardSuicidePreventionActionHandler .cxx_destruct]	
104c6b910	104c6b993	decompiled	chunks/006/functions-000441.c	-[SCBillboardSuicidePreventionActionHandlerEntryPoint begin]	
104c6b994	104c6b9cf	decompiled	chunks/006/functions-000441.c	-[SCBillboardSuicidePreventionActionHandlerEntryPoint .cxx_destruct]	
104c6b9d0	104c6ba43	decompiled	chunks/006/functions-000441.c	-[SCGrapheneRankingRequestorMetric2 init]	
104c6ba44	104c6bbd7	decompiled	chunks/006/functions-000441.c		
104c6bbd8	104c6bd4b	decompiled	chunks/006/functions-000441.c		
104c6bd4c	104c6bedf	decompiled	chunks/006/functions-000441.c		
104c6bee0	104c6c073	decompiled	chunks/006/functions-000441.c		
104c6c074	104c6c133	decompiled	chunks/006/functions-000441.c		
104c6c134	104c6c2a7	decompiled	chunks/006/functions-000441.c		
104c6c2a8	104c6c31b	decompiled	chunks/006/functions-000441.c	-[SCBillboardGrpcServiceImpl initWithBillboardService:]	
104c6c31c	104c6c4db	decompiled	chunks/006/functions-000441.c	-[SCBillboardGrpcServiceImpl requestRankingForChannel:]	
104c6c4dc	104c6c54b	decompiled	chunks/006/functions-000441.c		
104c6c54c	104c6c6ff	decompiled	chunks/006/functions-000441.c	-[SCBillboardGrpcServiceImpl _handleGetRankingResponse:error:requestRankingPromise:channel:]	
104c6c700	104c6c70b	decompiled	chunks/006/functions-000441.c	-[SCBillboardGrpcServiceImpl .cxx_destruct]	
104c6c70c	104c6c7cb	decompiled	chunks/006/functions-000441.c		
104c6c7cc	104c6c8c7	decompiled	chunks/006/functions-000441.c	-[SCBillboardCooldownCapManager initWithCircumstanceEngine:preferences:featureSettingsService:grapheneRegistry:]	
104c6c8c8	104c6ca2f	decompiled	chunks/006/functions-000441.c	-[SCBillboardCooldownCapManager isEligibleFromCooldownCapRules:readOnlyBillboardSignals:identifier:]	
104c6ca30	104c6cc57	decompiled	chunks/006/functions-000441.c	-[SCBillboardCooldownCapManager _isEligibleFromCooldownCapRule:readOnlyBillboardSignals:identifier:]	
104c6cc58	104c6d2b7	decompiled	chunks/006/functions-000441.c	-[SCBillboardCooldownCapManager _isEligibleFromCooldownCapRuleInternal:modifiableBillboardSignals:identifier:]	
104c6d2b8	104c6d3d7	decompiled	chunks/006/functions-000441.c	-[SCBillboardCooldownCapManager _getRecycleBasedStorageUnitWithRule:identifier:]	
104c6d3d8	104c6d7c7	decompiled	chunks/006/functions-000441.c	-[SCBillboardCooldownCapManager _getRecycleBasedTimeWithRule:baseStorageUnit:identifier:]	
104c6d7c8	104c6da07	decompiled	chunks/006/functions-000441.c		
104c6da08	104c6dbc7	decompiled	chunks/006/functions-000441.c	-[SCBillboardCooldownCapManager _recycleStorageUnitWithRule:storageMetadata:identifier:]	
104c6dbc8	104c6dd5b	decompiled	chunks/006/functions-000441.c	-[SCBillboardCooldownCapManager _recycleStorageForRule:identifier:]	
104c6dd5c	104c6de7f	decompiled	chunks/006/functions-000441.c	-[SCBillboardCooldownCapManager getClientStorageUnit:identifier:]	
104c6de80	104c6df37	decompiled	chunks/006/functions-000441.c	-[SCBillboardCooldownCapManager saveClientStorageUnit:withStorageId:identifier:]	
104c6df38	104c6e11b	decompiled	chunks/006/functions-000441.c	-[SCBillboardCooldownCapManager getServerStorageUnit:identifier:]	
104c6e11c	104c6e1eb	decompiled	chunks/006/functions-000441.c	-[SCBillboardCooldownCapManager _initializeServerStorage:identifier:]	
104c6e1ec	104c6e3c3	decompiled	chunks/006/functions-000441.c	-[SCBillboardCooldownCapManager saveServerStorageUnit:withStorageId:identifier:]	
104c6e3c4	104c6e4c7	decompiled	chunks/006/functions-000441.c	-[SCBillboardCooldownCapManager updateImpressionPropertiesWithStorageId:campaignCOFName:]	
104c6e4c8	104c6e547	decompiled	chunks/006/functions-000441.c		
104c6e548	104c6e64b	decompiled	chunks/006/functions-000441.c	-[SCBillboardCooldownCapManager updateClickPropertiesWithStorageId:campaignCOFName:]	
104c6e64c	104c6e6d7	decompiled	chunks/006/functions-000441.c		
104c6e6d8	104c6e7db	decompiled	chunks/006/functions-000441.c	-[SCBillboardCooldownCapManager updateDismissPropertiesWithStorageId:campaignCOFName:]	
104c6e7dc	104c6e86f	decompiled	chunks/006/functions-000441.c		
104c6e870	104c6e87f	decompiled	chunks/006/functions-000441.c	-[SCBillboardCooldownCapManager _logUnexpectedStorageIdWithStorageType:identifier:]	
104c6e880	104c6e8c7	decompiled	chunks/006/functions-000441.c	-[SCBillboardCooldownCapManager .cxx_destruct]	
104c6e8c8	104c6ee5b	decompiled	chunks/006/functions-000441.c	-[SCBillboardCampaignServiceProvider provide]	
104c6ee5c	104c6f0cb	decompiled	chunks/006/functions-000441.c		
104c6f0cc	104c6f15b	decompiled	chunks/006/functions-000441.c	-[SCBillboardCampaignServiceProvider _createProtoCOFReader]	
104c6f15c	104c6f463	decompiled	chunks/006/functions-000441.c	-[SCBillboardCampaignServiceProvider _createBillboardFHPCampaignDataProviderWithDataProvider:cooldownCapManager:]	
104c6f464	104c6f4a3	decompiled	chunks/006/functions-000441.c		
104c6f4a4	104c6f683	decompiled	chunks/006/functions-000441.c	-[SCBillboardCampaignServiceProvider _createBillboardFSTCampaignDataProviderWithDataProvider:localStorage:cooldownCapManager:]	
104c6f684	104c6f91b	decompiled	chunks/006/functions-000441.c	-[SCBillboardCampaignServiceProvider _createBillboardPACCampaignDataProviderWithDataProvider:cooldownCapManager:]	
104c6f91c	104c6f95b	decompiled	chunks/006/functions-000441.c		
104c6f95c	104c6f9f3	decompiled	chunks/006/functions-000441.c	-[SCBillboardCampaignServiceProvider _createBillboardLogger]	
104c6f9f4	104c6fe5b	decompiled	chunks/006/functions-000441.c	-[SCBillboardCampaignServiceProvider _createCampaignDataProviderWithLocalStorage:billboardGrpcService:cooldownCapManager:rankingStrategyCalculator:]	
104c6fe5c	104c6fe9b	decompiled	chunks/006/functions-000441.c		
104c6fe9c	104c6ffaf	decompiled	chunks/006/functions-000441.c	-[SCBillboardCampaignServiceProvider _createCooldownCapManager]	
104c6ffb0	104c7004f	decompiled	chunks/006/functions-000441.c	-[SCBillboardCampaignServiceProvider _createBillboardGrpcService]	
104c70050	104c700b3	decompiled	chunks/006/functions-000441.c	-[SCBillboardCampaignServiceProvider _createRankingStrategyCalculatorWithCooldownCapManager:]	
104c700b4	104c70143	decompiled	chunks/006/functions-000441.c	-[SCBillboardCampaignServiceProvider _createHoldoutDataProvider]	
104c70144	104c701d3	decompiled	chunks/006/functions-000441.c	-[SCBillboardCampaignServiceProvider _createLocalStorage]	
104c701d4	104c702ef	decompiled	chunks/006/functions-000441.c	-[SCBillboardCampaignServiceProvider _signalProvidersFuture]	
104c702f0	104c7033b	decompiled	chunks/006/functions-000441.c		
104c7033c	104c70437	decompiled	chunks/006/functions-000441.c		
104c70438	104c705bf	decompiled	chunks/006/functions-000441.c	-[SCBillboardCampaignServiceProvider .cxx_destruct]	
104c705c0	104c708cb	decompiled	chunks/006/functions-000441.c		
104c708cc	104c70f8b	decompiled	chunks/006/functions-000441.c	-[SCBillboardFHPCampaignDataProviderImpl initWithDataProvider:circumstanceEngine:billboardLogger:stringFetcher:userSessionContext:friendsFeedDataCoordinator:friendsFeedActiveSignalProvider:featureSettingsService:grapheneRegistry:fhpUIConfigScopeExposer:fhpUIConfigFactoryServices:performer:billboardUserJourneyLogger:cooldownCapManager:]	
104c70f8c	104c71107	decompiled	chunks/006/functions-000441.c		
104c71108	104c7110f	decompiled	chunks/006/functions-000441.c	-[SCBillboardFHPCampaignDataProviderImpl campaignDataSourceObservable]	
104c71110	104c7120f	decompiled	chunks/006/functions-000441.c	-[SCBillboardFHPCampaignDataProviderImpl getFeedHeaderPromptCampaignInfoForRequestor:]	
104c71210	104c71247	decompiled	chunks/006/functions-000441.c		
104c71248	104c713c3	decompiled	chunks/006/functions-000441.c	-[SCBillboardFHPCampaignDataProviderImpl _startCampaignInfoRequestWithPromise:requestor:]	
104c713c4	104c71433	decompiled	chunks/006/functions-000441.c		
104c71434	104c7156b	decompiled	chunks/006/functions-000441.c	-[SCBillboardFHPCampaignDataProviderImpl _getCampaignInfoWithCampaignInfoPromise:requestor:]	
104c7156c	104c715c3	decompiled	chunks/006/functions-000441.c		
104c715c4	104c71723	decompiled	chunks/006/functions-000441.c	-[SCBillboardFHPCampaignDataProviderImpl _calculateFirstEligibleCampaignWithRanking:campaignInfoPromise:readOnlyBillboardSignals:requestor:]	
104c71724	104c7172b	decompiled	chunks/006/functions-000441.c	-[SCBillboardFHPCampaignDataProviderImpl isDisplayingFHPCampaign]	
104c7172c	104c7173b	decompiled	chunks/006/functions-000441.c	-[SCBillboardFHPCampaignDataProviderImpl markFeedHeaderPromptAsRemoved]	
104c7173c	104c718fb	decompiled	chunks/006/functions-000441.c	-[SCBillboardFHPCampaignDataProviderImpl markFeedHeaderPromptAsDisplayedWithCampaign:]	
104c718fc	104c71a27	decompiled	chunks/006/functions-000442.c	-[SCBillboardFHPCampaignDataProviderImpl markFeedHeaderPromptAsTappedWithCampaign:]	
104c71a28	104c71beb	decompiled	chunks/006/functions-000442.c	-[SCBillboardFHPCampaignDataProviderImpl markFeedHeaderPromptAsDismissedWithCampaign:]	
104c71bec	104c71d63	decompiled	chunks/006/functions-000442.c	-[SCBillboardFHPCampaignDataProviderImpl markFeedHeaderPromptExtraButtonAsTappedWithCampaign:]	
104c71d64	104c71d8b	decompiled	chunks/006/functions-000442.c	-[SCBillboardFHPCampaignDataProviderImpl fhpCampaignEventObservable]	
104c71d8c	104c71e73	decompiled	chunks/006/functions-000442.c	-[SCBillboardFHPCampaignDataProviderImpl _rankingCategoryOverrideForFhpCampaignCOFName:]	
104c71e74	104c71fab	decompiled	chunks/006/functions-000442.c	-[SCBillboardFHPCampaignDataProviderImpl _emitCampaignActionUpdate:action:]	
104c71fac	104c7238b	decompiled	chunks/006/functions-000442.c	-[SCBillboardFHPCampaignDataProviderImpl _getCampaignWithCampaignInfoPromise:snapshots:index:ineligibleList:readOnlyBillboardSignals:isChannelWithinDefaultCooldown:defaultChannelGlobalRules:requestor:]	
104c7238c	104c72a93	decompiled	chunks/006/functions-000442.c		
104c72a94	104c72b23	decompiled	chunks/006/functions-000442.c		
104c72b24	104c72b73	decompiled	chunks/006/functions-000442.c		
104c72b74	104c72e8f	decompiled	chunks/006/functions-000442.c	-[SCBillboardFHPCampaignDataProviderImpl _continueCampaignEvaluationWithClientUIConfig:cofUiConfig:campaign:campaignCOFName:campaignInfoPromise:snapshots:index:ineligibleList:readOnlyBillboardSignals:isChannelWithinDefaultCooldown:defaultChannelGlobalRules:requestor:]	
104c72e90	104c73167	decompiled	chunks/006/functions-000442.c	-[SCBillboardFHPCampaignDataProviderImpl _completeCampaignInfoFromServerMetadataWithPromise:campaignName:fhpUxConfig:cooldownConfig:defaultChannelGlobalRules:]	
104c73168	104c7325f	decompiled	chunks/006/functions-000442.c		
104c73260	104c734fb	decompiled	chunks/006/functions-000442.c		
104c734fc	104c73827	decompiled	chunks/006/functions-000442.c	-[SCBillboardFHPCampaignDataProviderImpl _completeCampaignInfoFromClientConfigWithPromise:campaignCOFName:campaignCOFConfig:cofUiConfig:clientUiConfig:defaultChannelGlobalRules:]	
104c73828	104c74117	decompiled	chunks/006/functions-000442.c		
104c74118	104c741eb	decompiled	chunks/006/functions-000442.c	-[SCBillboardFHPCampaignDataProviderImpl _ineligibleCampaignFromDataProviderError:campaignCOFName:rankingIndex:]	
104c741ec	104c7424f	decompiled	chunks/006/functions-000442.c	-[SCBillboardFHPCampaignDataProviderImpl _eligibleCampaign:rankingIndex:]	
104c74250	104c742c3	decompiled	chunks/006/functions-000442.c	-[SCBillboardFHPCampaignDataProviderImpl _ineligibleCampaign:rankingIndex:ineligibleReason:]	
104c742c4	104c742db	decompiled	chunks/006/functions-000442.c	-[SCBillboardFHPCampaignDataProviderImpl _postClickNoOpEnabled]	
104c742dc	104c74333	decompiled	chunks/006/functions-000442.c	-[SCBillboardFHPCampaignDataProviderImpl suicidePreventionCampaignCOFName]	
104c74334	104c7436f	decompiled	chunks/006/functions-000442.c	-[SCBillboardFHPCampaignDataProviderImpl _fhpChannelFullSignals]	
104c74370	104c7450f	decompiled	chunks/006/functions-000442.c	-[SCBillboardFHPCampaignDataProviderImpl _updateHasConversationWithNonTeamSnapchat:]	
104c74510	104c7473f	decompiled	chunks/006/functions-000442.c	-[SCBillboardFHPCampaignDataProviderImpl _updateHasUnreadTeamSnapchatConversation:]	
104c74740	104c747b3	decompiled	chunks/006/functions-000442.c	-[SCBillboardFHPCampaignDataProviderImpl _shouldBlockCampaignFetchbyUnreadTeamSnapchatConversation:]	
104c747b4	104c748a7	decompiled	chunks/006/functions-000442.c	-[SCBillboardFHPCampaignDataProviderImpl _isBlockedCategoryForCampaign:]	
104c748a8	104c748bb	decompiled	chunks/006/functions-000442.c	-[SCBillboardFHPCampaignDataProviderImpl _logSuppressionWithCampaignName:timing:]	
104c748bc	104c7499f	decompiled	chunks/006/functions-000442.c	-[SCBillboardFHPCampaignDataProviderImpl _resetFeatureSettingInfo]	
104c749a0	104c749df	decompiled	chunks/006/functions-000442.c	-[SCBillboardFHPCampaignDataProviderImpl _resetLastImpressionTime]	
104c749e0	104c74ac3	decompiled	chunks/006/functions-000442.c	-[SCBillboardFHPCampaignDataProviderImpl .cxx_destruct]	
104c74ac4	104c74adb	decompiled	chunks/006/functions-000442.c		
104c74adc	104c74b6b	decompiled	chunks/006/functions-000442.c		
104c74b6c	104c74ceb	decompiled	chunks/006/functions-000442.c		
104c74cec	104c74d7b	decompiled	chunks/006/functions-000442.c		
104c74d7c	104c74db3	decompiled	chunks/006/functions-000442.c		
104c74db4	104c74db7	decompiled	chunks/006/functions-000442.c		
104c74db8	104c74e17	decompiled	chunks/006/functions-000442.c		
104c74e18	104c74ff7	decompiled	chunks/006/functions-000442.c	-[SCBillboardFHPConfigProviderPluginManager initWithCircumstanceEngine:grapheneRegistry:fhpUIConfigScopeExposer:fhpUIConfigFactoryServices:performer:]	
104c74ff8	104c75037	decompiled	chunks/006/functions-000442.c		
104c75038	104c75133	decompiled	chunks/006/functions-000442.c	-[SCBillboardFHPConfigProviderPluginManager loadAllUIConfigsWithCompletion:]	
104c75134	104c75187	decompiled	chunks/006/functions-000442.c		
104c75188	104c7518f	decompiled	chunks/006/functions-000442.c	-[SCBillboardFHPConfigProviderPluginManager uiConfigForCampaignId:]	
104c75190	104c752db	decompiled	chunks/006/functions-000442.c	-[SCBillboardFHPConfigProviderPluginManager _loadAllUIConfigsWithProviders:completion:]	
104c752dc	104c75337	decompiled	chunks/006/functions-000442.c		
104c75338	104c7565f	decompiled	chunks/006/functions-000442.c	-[SCBillboardFHPConfigProviderPluginManager _cacheUIConfigWithProviders:uiConfigLoadingPromise:]	
104c75660	104c756b3	decompiled	chunks/006/functions-000442.c		
104c756b4	104c756f3	decompiled	chunks/006/functions-000442.c		
104c756f4	104c757f3	decompiled	chunks/006/functions-000442.c	-[SCBillboardFHPConfigProviderPluginManager _fhpUIConfigProviders]	
104c757f4	104c7583f	decompiled	chunks/006/functions-000442.c		
104c75840	104c758fb	decompiled	chunks/006/functions-000442.c		
104c758fc	104c759df	decompiled	chunks/006/functions-000442.c	-[SCBillboardFHPConfigProviderPluginManager _setupTimerToCompletePromise:]	
104c759e0	104c75a3f	decompiled	chunks/006/functions-000442.c		
104c75a40	104c75abb	decompiled	chunks/006/functions-000442.c	-[SCBillboardFHPConfigProviderPluginManager _logUIConfigLoadingTimeout:]	
104c75abc	104c75ae7	decompiled	chunks/006/functions-000442.c	+[SCBillboardFHPConfigProviderPluginManager _uiConfigLoadingTimeoutMs:]	
104c75ae8	104c75b07	decompiled	chunks/006/functions-000442.c	+[SCBillboardFHPConfigProviderPluginManager _uiConfigLoadingTimeoutError]	
104c75b08	104c75c7b	decompiled	chunks/006/functions-000442.c	-[SCBillboardFHPConfigProviderPluginManager _setupUIConfigsMapAndLogLatency:startTime:]	
104c75c7c	104c75c97	decompiled	chunks/006/functions-000442.c	-[SCBillboardFHPConfigProviderPluginManager _completeUILoadingPromise:withError:]	
104c75c98	104c75d47	decompiled	chunks/006/functions-000442.c	-[SCBillboardFHPConfigProviderPluginManager _setupGCDTimerWithTimeoutBlock:]	
104c75d48	104c75d57	decompiled	chunks/006/functions-000442.c	-[SCBillboardFHPConfigProviderPluginManager _logUIConfigLoadingLatencyWithCampaignId:durationMs:]	
104c75d58	104c75ea3	decompiled	chunks/006/functions-000442.c	-[SCBillboardFHPConfigProviderPluginManager uiConfigFutureForCampaignId:]	
104c75ea4	104c75f17	decompiled	chunks/006/functions-000442.c		
104c75f18	104c75fbb	decompiled	chunks/006/functions-000442.c	-[SCBillboardFHPConfigProviderPluginManager _loadUIConfigForCampaignId:providers:resultPromise:]	
104c75fbc	104c760f7	decompiled	chunks/006/functions-000442.c	-[SCBillboardFHPConfigProviderPluginManager _providerForCampaignId:fromProviders:]	
104c760f8	104c7636b	decompiled	chunks/006/functions-000442.c	-[SCBillboardFHPConfigProviderPluginManager _loadUIConfigFromProvider:campaignId:resultPromise:]	
104c7636c	104c763df	decompiled	chunks/006/functions-000442.c		
104c763e0	104c76423	decompiled	chunks/006/functions-000442.c		
104c76424	104c765ff	decompiled	chunks/006/functions-000442.c		
104c76600	104c7665f	decompiled	chunks/006/functions-000442.c	-[SCBillboardFHPConfigProviderPluginManager .cxx_destruct]	
104c76660	104c7666b	decompiled	chunks/006/functions-000442.c	-[SCFeatureSettingsService isSuicidePreventionFlaggedAtSecsAvailable]	
104c7666c	104c76677	decompiled	chunks/006/functions-000442.c	-[SCFeatureSettingsService suicidePreventionFlaggedAtSecsServerParam]	
104c76678	104c76687	decompiled	chunks/006/functions-000442.c	-[SCFeatureSettingsService setSuicidePreventionFlaggedAtSecs:]	
104c76688	104c7668f	decompiled	chunks/006/functions-000442.c	-[SCFeatureSettingsService suicide_prevention_flagged_at_secs_client_value:]	
104c76690	104c76697	decompiled	chunks/006/functions-000442.c	-[SCFeatureSettingsService suicide_prevention_flagged_at_secs_server_value:]	
104c76698	104c766a7	decompiled	chunks/006/functions-000442.c	-[SCFeatureSettingsService suicidePreventionFlaggedAtSecs]	
104c766a8	104c766b3	decompiled	chunks/006/functions-000442.c	-[SCFeatureSettingsService isSuicidePreventionFirstSeenAtSecsAvailable]	
104c766b4	104c766bf	decompiled	chunks/006/functions-000442.c	-[SCFeatureSettingsService suicidePreventionFirstSeenAtSecsServerParam]	
104c766c0	104c766cf	decompiled	chunks/006/functions-000442.c	-[SCFeatureSettingsService setSuicidePreventionFirstSeenAtSecs:]	
104c766d0	104c766d7	decompiled	chunks/006/functions-000442.c	-[SCFeatureSettingsService suicide_prevention_first_seen_at_secs_client_value:]	
104c766d8	104c766df	decompiled	chunks/006/functions-000442.c	-[SCFeatureSettingsService suicide_prevention_first_seen_at_secs_server_value:]	
104c766e0	104c766ef	decompiled	chunks/006/functions-000442.c	-[SCFeatureSettingsService suicidePreventionFirstSeenAtSecs]	
104c766f0	104c767fb	decompiled	chunks/006/functions-000442.c		
104c767fc	104c76877	decompiled	chunks/006/functions-000442.c		
104c76878	104c768c3	decompiled	chunks/006/functions-000442.c		
104c768c4	104c76b6f	decompiled	chunks/006/functions-000442.c	-[SCBillboardFSTCampaignDataProviderImpl initWithDataProvider:circumstanceEngine:protoCOFReader:stringFetcher:grapheneRegistry:localStorage:inAppWarningDataProvider:userSessionContext:logger:cooldownCapManager:]	
104c76b70	104c76c83	decompiled	chunks/006/functions-000442.c	-[SCBillboardFSTCampaignDataProviderImpl getCampaignInfoWithLauchTriggerType:appOpenFromPushType:requestor:]	
104c76c84	104c76cbf	decompiled	chunks/006/functions-000442.c		
104c76cc0	104c76e8f	decompiled	chunks/006/functions-000442.c	-[SCBillboardFSTCampaignDataProviderImpl _getCampaignInfoWithLauchTriggerType:appOpenFromPushType:campaignInfoPromise:requestor:]	
104c76e90	104c76ee7	decompiled	chunks/006/functions-000442.c		
104c76ee8	104c7700b	decompiled	chunks/006/functions-000442.c	-[SCBillboardFSTCampaignDataProviderImpl _processRankingAndGetCampaign:campaignPromise:billboardSignals:requestor:]	
104c7700c	104c7724f	decompiled	chunks/006/functions-000442.c	-[SCBillboardFSTCampaignDataProviderImpl _getCampaignWithCampaignInfoPromise:campaignSnapshotEnumerator:readOnlyBillboardSignals:isChannelWithinDefaultCooldown:defaultChannelGlobalRules:requestor:]	
104c77250	104c77443	decompiled	chunks/006/functions-000442.c		
104c77444	104c7749b	decompiled	chunks/006/functions-000442.c		
104c7749c	104c77603	decompiled	chunks/006/functions-000442.c		
104c77604	104c776a3	decompiled	chunks/006/functions-000442.c		
104c776a4	104c777d7	decompiled	chunks/006/functions-000442.c	-[SCBillboardFSTCampaignDataProviderImpl _mergeSupStorageIdsWithDefaultChannelGlobalRules:campaignServerConfig:campaignName:]	
104c777d8	104c77cab	decompiled	chunks/006/functions-000442.c	-[SCBillboardFSTCampaignDataProviderImpl _createCampaignUXConfigWithFSTConfig:campaignCOFName:completion:]	
104c77cac	104c7848f	decompiled	chunks/006/functions-000442.c		
104c78490	104c784ef	decompiled	chunks/006/functions-000442.c		
104c784f0	104c78643	decompiled	chunks/006/functions-000442.c	-[SCBillboardFSTCampaignDataProviderImpl markCampaignAsDisplayedWithCampaign:additionalData:]	
104c78644	104c78797	decompiled	chunks/006/functions-000442.c	-[SCBillboardFSTCampaignDataProviderImpl markCampaignAsTappedWithCampaign:additionalData:]	
104c78798	104c788eb	decompiled	chunks/006/functions-000443.c	-[SCBillboardFSTCampaignDataProviderImpl markCampaignAsDismissedWithCampaign:additionalData:]	
104c788ec	104c78be3	decompiled	chunks/006/functions-000443.c	-[SCBillboardFSTCampaignDataProviderImpl getCampaignInfoWithCampaignCOFName:]	
104c78be4	104c78d57	decompiled	chunks/006/functions-000443.c		
104c78d58	104c78f2f	decompiled	chunks/006/functions-000443.c	-[SCBillboardFSTCampaignDataProviderImpl _isContextualCampaignWithinCooldown:campaignCOFName:readOnlyBillboardSignals:]	
104c78f30	104c78f3f	decompiled	chunks/006/functions-000443.c	-[SCBillboardFSTCampaignDataProviderImpl logEmptyCampaignContent:]	
104c78f40	104c7905f	decompiled	chunks/006/functions-000443.c	-[SCBillboardFSTCampaignDataProviderImpl _fstChannelFullSignalsWithLauchTriggerType:appOpenFromPushType:]	
104c79060	104c79063	decompiled	chunks/006/functions-000443.c	-[SCBillboardFSTCampaignDataProviderImpl featureProvidedSignalsForLastFetch]	
104c79064	104c790eb	decompiled	chunks/006/functions-000443.c	-[SCBillboardFSTCampaignDataProviderImpl _campaignsPriorityWithlockScreenWidgetSnapshot]	
104c790ec	104c7919f	decompiled	chunks/006/functions-000443.c	-[SCBillboardFSTCampaignDataProviderImpl _campaignsPriorityWithRegistrationPathAllowedCampaigns]	
104c791a0	104c7932f	decompiled	chunks/006/functions-000443.c	-[SCBillboardFSTCampaignDataProviderImpl _lockScreenWidgetsSampleCampaign]	
104c79330	104c7957b	decompiled	chunks/006/functions-000443.c	-[SCBillboardFSTCampaignDataProviderImpl _sampleCampaign]	
104c7957c	104c79587	decompiled	chunks/006/functions-000443.c	-[SCBillboardFSTCampaignDataProviderImpl lastFetchFeatureProvidedSignals]	
104c79588	104c7958f	decompiled	chunks/006/functions-000443.c	-[SCBillboardFSTCampaignDataProviderImpl setLastFetchFeatureProvidedSignals:]	
104c79590	104c7962b	decompiled	chunks/006/functions-000443.c	-[SCBillboardFSTCampaignDataProviderImpl .cxx_destruct]	
104c7962c	104c7963b	decompiled	chunks/006/functions-000443.c		
104c7963c	104c7968b	decompiled	chunks/006/functions-000443.c		
104c7968c	104c798cf	decompiled	chunks/006/functions-000443.c		
104c798d0	104c79efb	decompiled	chunks/006/functions-000443.c		
104c79efc	104c7a257	decompiled	chunks/006/functions-000443.c		
104c7a258	104c7a6c7	decompiled	chunks/006/functions-000443.c		
104c7a6c8	104c7a76b	decompiled	chunks/006/functions-000443.c	-[SCBillboardLocalStorage initWithPreferences:grapheneRegistry:]	
104c7a76c	104c7a7db	decompiled	chunks/006/functions-000443.c	-[SCBillboardLocalStorage impressionCountWithCampaignCOFName:]	
104c7a7dc	104c7a84b	decompiled	chunks/006/functions-000443.c	-[SCBillboardLocalStorage firstImpressionTimeToNowWithCampaignCOFName:]	
104c7a84c	104c7a8bb	decompiled	chunks/006/functions-000443.c	-[SCBillboardLocalStorage lastImpressionTimeToNowWithCampaignCOFName:]	
104c7a8bc	104c7aa47	decompiled	chunks/006/functions-000443.c	-[SCBillboardLocalStorage updateImpressionPropertiesWithCampaignCOFName:]	
104c7aa48	104c7aab7	decompiled	chunks/006/functions-000443.c	-[SCBillboardLocalStorage clickCountWithCampaignCOFName:]	
104c7aab8	104c7ab27	decompiled	chunks/006/functions-000443.c	-[SCBillboardLocalStorage firstClickTimeToNowWithCampaignCOFName:]	
104c7ab28	104c7ab97	decompiled	chunks/006/functions-000443.c	-[SCBillboardLocalStorage lastClickTimeToNowWithCampaignCOFName:]	
104c7ab98	104c7ad77	decompiled	chunks/006/functions-000443.c	-[SCBillboardLocalStorage updateClickPropertiesWithCampaignCOFName:]	
104c7ad78	104c7ade7	decompiled	chunks/006/functions-000443.c	-[SCBillboardLocalStorage dismissCountWithCampaignCOFName:]	
104c7ade8	104c7ae57	decompiled	chunks/006/functions-000443.c	-[SCBillboardLocalStorage firstDismissTimeToNowWithCampaignCOFName:]	
104c7ae58	104c7aec7	decompiled	chunks/006/functions-000443.c	-[SCBillboardLocalStorage lastDismissTimeToNowWithCampaignCOFName:]	
104c7aec8	104c7af37	decompiled	chunks/006/functions-000443.c	-[SCBillboardLocalStorage continuousDismissCountWithCampaignCOFName:]	
104c7af38	104c7b0f7	decompiled	chunks/006/functions-000443.c	-[SCBillboardLocalStorage updateDismissPropertiesWithCampaignCOFName:]	
104c7b0f8	104c7b15f	decompiled	chunks/006/functions-000443.c	-[SCBillboardLocalStorage interactionCountWithCampaignCOFName:]	
104c7b160	104c7b1cb	decompiled	chunks/006/functions-000443.c	-[SCBillboardLocalStorage firstInteractionTimeToNowWithCampaignCOFName:]	
104c7b1cc	104c7b24b	decompiled	chunks/006/functions-000443.c	-[SCBillboardLocalStorage lastInteractionTimeToNowWithCampaignCOFName:]	
104c7b24c	104c7b5e7	decompiled	chunks/006/functions-000443.c	-[SCBillboardLocalStorage clearLocalStatesWithCampaignCOFName:]	
104c7b5e8	104c7b67f	decompiled	chunks/006/functions-000443.c	-[SCBillboardLocalStorage hasAddFriendsRequestToShowOnCamera]	
104c7b680	104c7b72f	decompiled	chunks/006/functions-000443.c	-[SCBillboardLocalStorage _countWithKey:]	
104c7b730	104c7b7bf	decompiled	chunks/006/functions-000443.c	-[SCBillboardLocalStorage _incrementCountWithKey:]	
104c7b7c0	104c7b8a7	decompiled	chunks/006/functions-000443.c	-[SCBillboardLocalStorage _secsElapsedWithKey:]	
104c7b8a8	104c7b947	decompiled	chunks/006/functions-000443.c	-[SCBillboardLocalStorage _updateTimeToNowWithKey:]	
104c7b948	104c7b977	decompiled	chunks/006/functions-000443.c	-[SCBillboardLocalStorage .cxx_destruct]	
104c7b978	104c7ba1b	decompiled	chunks/006/functions-000443.c	-[SCBillboardProtoCOFReader initWithCircumstanceEngine:grapheneRegistry:]	
104c7ba1c	104c7bb7f	decompiled	chunks/006/functions-000443.c	-[SCBillboardProtoCOFReader readProtoForCOFKey:featureProvidedSignals:protoClass:]	
104c7bb80	104c7bbaf	decompiled	chunks/006/functions-000443.c	-[SCBillboardProtoCOFReader .cxx_destruct]	
104c7bbb0	104c7bbd3	decompiled	chunks/006/functions-000443.c		
104c7bbd4	104c7bcdb	decompiled	chunks/006/functions-000443.c		
104c7bcdc	104c7bdab	decompiled	chunks/006/functions-000443.c	-[SCBillboardHoldoutDataProvider initWithCircumstanceEngine:grapheneRegistry:]	
104c7bdac	104c7bdc7	decompiled	chunks/006/functions-000443.c		
104c7bdc8	104c7bfa7	decompiled	chunks/006/functions-000443.c	-[SCBillboardHoldoutDataProvider campaignInHoldoutWithHoldoutCOFName:campaign:]	
104c7bfa8	104c7c0cb	decompiled	chunks/006/functions-000443.c		
104c7c0cc	104c7c3cb	decompiled	chunks/006/functions-000443.c	-[SCBillboardHoldoutDataProvider _getHoldoutWithHoldoutCOFName:]	
104c7c3cc	104c7c52b	decompiled	chunks/006/functions-000443.c	-[SCBillboardHoldoutDataProvider _getHoldoutFromCOFWithHoldoutCOFName:]	
104c7c52c	104c7c68b	decompiled	chunks/006/functions-000443.c	-[SCBillboardHoldoutDataProvider _getHoldoutElementListFromCOFWithCOFName:]	
104c7c68c	104c7c6c7	decompiled	chunks/006/functions-000443.c	-[SCBillboardHoldoutDataProvider .cxx_destruct]	
104c7c6c8	104c7c76b	decompiled	chunks/006/functions-000443.c	-[SCBillboardLoggerImpl initWithUserTrackedLogger:grapheneRegistry:]	
104c7c76c	104c7c90b	decompiled	chunks/006/functions-000443.c	-[SCBillboardLoggerImpl logFeedHeaderPromptActionWithCampaignId:action:onTapAction:]	
104c7c90c	104c7cb2b	decompiled	chunks/006/functions-000443.c	-[SCBillboardLoggerImpl logProfileActivityCardActionWithCampaignId:action:onTapAction:]	
104c7cb2c	104c7cb93	decompiled	chunks/006/functions-000443.c	-[SCBillboardLoggerImpl logFullScreenTakeoverActionWithCampaignId:action:additionalData:]	
104c7cb94	104c7cc43	decompiled	chunks/006/functions-000443.c	-[SCBillboardLoggerImpl logLegacyBlizzardFHPWithFHPType:action:campaignId:]	
104c7cc44	104c7ccf3	decompiled	chunks/006/functions-000443.c	-[SCBillboardLoggerImpl logLegacyBlizzardPACWithPACType:action:campaignId:]	
104c7ccf4	104c7cdbb	decompiled	chunks/006/functions-000443.c	-[SCBillboardLoggerImpl _additionalDataForOnTapAction:]	
104c7cdbc	104c7ceab	decompiled	chunks/006/functions-000443.c	-[SCBillboardLoggerImpl logBillboardBlizzardWithCampaignId:action:surface:additionalData:]	
104c7ceac	104c7cfcf	decompiled	chunks/006/functions-000443.c	-[SCBillboardLoggerImpl logGrapheneWithCampaignId:action:surface:]	
104c7cfd0	104c7d063	decompiled	chunks/006/functions-000443.c	-[SCBillboardLoggerImpl _createAdditionalDataStringForData:]	
104c7d064	104c7d093	decompiled	chunks/006/functions-000443.c	-[SCBillboardLoggerImpl .cxx_destruct]	
104c7d094	104c7d317	decompiled	chunks/006/functions-000443.c	-[SCBillboardPACCampaignDataProviderImpl initWithDataProvider:circumstanceEngine:billboardLogger:stringFetcher:featureSettingsService:grapheneRegistry:userId:audioSession:cooldownCapManager:]	
104c7d318	104c7d40f	decompiled	chunks/006/functions-000443.c	-[SCBillboardPACCampaignDataProviderImpl getProfileActivityCardCampaignInfoList]	
104c7d410	104c7d443	decompiled	chunks/006/functions-000443.c		
104c7d444	104c7d573	decompiled	chunks/006/functions-000443.c	-[SCBillboardPACCampaignDataProviderImpl _getCampaignInfoWithCampaignInfoPromise:]	
104c7d574	104c7d5c7	decompiled	chunks/006/functions-000443.c		
104c7d5c8	104c7d84f	decompiled	chunks/006/functions-000443.c	-[SCBillboardPACCampaignDataProviderImpl _getCampaignWithCampaignInfoPromise:campaignSnapshotEnumerator:readOnlyBillboardSignals:isChannelWithinDefaultCooldown:defaultChannelGlobalRules:]	
104c7d850	104c7dd0f	decompiled	chunks/006/functions-000443.c		
104c7dd10	104c7dd6b	decompiled	chunks/006/functions-000443.c		
104c7dd6c	104c7df9f	decompiled	chunks/006/functions-000443.c	-[SCBillboardPACCampaignDataProviderImpl _completeCampaignInfoWithCampaignInfoPromise:campaignCOFName:campaignCOFConfig:serverUiConfig:defaultChannelGlobalRules:]	
104c7dfa0	104c7e567	decompiled	chunks/006/functions-000443.c		
104c7e568	104c7e83b	decompiled	chunks/006/functions-000443.c	-[SCBillboardPACCampaignDataProviderImpl _completeCampaignInfoFromServerMetadataWithPromise:campaignName:pacUxConfig:cooldownConfig:defaultChannelGlobalRules:]	
104c7e83c	104c7e933	decompiled	chunks/006/functions-000443.c		
104c7e934	104c7ea4b	decompiled	chunks/006/functions-000443.c	-[SCBillboardPACCampaignDataProviderImpl markCampaignAsDisplayedWithCampaign:]	
104c7ea4c	104c7eb47	decompiled	chunks/006/functions-000443.c	-[SCBillboardPACCampaignDataProviderImpl markCampaignAsTappedWithCampaign:]	
104c7eb48	104c7ec43	decompiled	chunks/006/functions-000443.c	-[SCBillboardPACCampaignDataProviderImpl markCampaignAsDismissedWithCampaign:]	
104c7ec44	104c7ec4b	decompiled	chunks/006/functions-000443.c	-[SCBillboardPACCampaignDataProviderImpl _pacChannelFullSignals]	
104c7ec4c	104c7ecf3	decompiled	chunks/006/functions-000443.c	-[SCBillboardPACCampaignDataProviderImpl _populateAudioSignalsWhenNecessaryWithCampaignCOFName:readOnlyBillboardSignals:]	
104c7ecf4	104c7ee0f	decompiled	chunks/006/functions-000443.c	-[SCBillboardPACCampaignDataProviderImpl _processRankingAndGetCampaign:campaignPromise:billboardSignals:]	
104c7ee10	104c7ee13	decompiled	chunks/006/functions-000443.c	-[SCBillboardPACCampaignDataProviderImpl _resetFeatureSettingInfo]	
104c7ee14	104c7eeaf	decompiled	chunks/006/functions-000443.c	-[SCBillboardPACCampaignDataProviderImpl .cxx_destruct]	
104c7eeb0	104c7eecb	decompiled	chunks/006/functions-000443.c		
104c7eecc	104c7ef03	decompiled	chunks/006/functions-000443.c		
104c7ef04	104c7f003	decompiled	chunks/006/functions-000443.c		
104c7f004	104c7f013	decompiled	chunks/006/functions-000443.c		
104c7f014	104c7f0d3	decompiled	chunks/006/functions-000443.c	-[SCBillboardRankingStrategyCalculator initWithProtoCOFReader:cooldownCapManager:]	
104c7f0d4	104c7f3af	decompiled	chunks/006/functions-000443.c	-[SCBillboardRankingStrategyCalculator getCalculatedPriorityWithRankingStrategyCOF:readOnlyBillboardSignals:originalPriority:]	
104c7f3b0	104c7f427	decompiled	chunks/006/functions-000443.c		
104c7f428	104c7f42f	decompiled	chunks/006/functions-000443.c		
104c7f430	104c7f4eb	decompiled	chunks/006/functions-000443.c	-[SCBillboardRankingStrategyCalculator _getRankingStrategyWithStrategyCOFName:readOnlyBillboardSignals:]	
104c7f4ec	104c7f6bf	decompiled	chunks/006/functions-000443.c	-[SCBillboardRankingStrategyCalculator _generateCampaignNameToStorageUnitCache:]	
104c7f6c0	104c7f8b7	decompiled	chunks/006/functions-000443.c	-[SCBillboardRankingStrategyCalculator _calculateScoreWithSortingObject:rankingStrategy:]	
104c7f8b8	104c7f8f3	decompiled	chunks/006/functions-000443.c	-[SCBillboardRankingStrategyCalculator .cxx_destruct]	
104c7f8f4	104c7fdff	decompiled	chunks/006/functions-000444.c	-[SCBillboardCampaignDataProvider initWithCircumstanceEngine:protoCOFReader:featureSettingsService:grapheneRegistry:performer:localStorage:grpcRankingService:emailInfoProvider:phoneNumberProvider:contactPermissionInfoProvider:contactPermissionManager:snapchattersDataFetcher:bitmojiAvatarProvider:appLifecycleManager:authorizationStatusRetriever:signalProvidersFuture:billboardGrpcService:cooldownCapManager:holdoutDataProvider:rankingStrategyCalculator:passkeyStore:]	
104c7fe00	104c7fe37	decompiled	chunks/006/functions-000444.c		
104c7fe38	104c7ff9b	decompiled	chunks/006/functions-000444.c	-[SCBillboardCampaignDataProvider getChannelGlobalCooldownCapRules:]	
104c7ff9c	104c7ffc3	decompiled	chunks/006/functions-000444.c	-[SCBillboardCampaignDataProvider campaignDataSourceObservable]	
104c7ffc4	104c8016b	decompiled	chunks/006/functions-000444.c	-[SCBillboardCampaignDataProvider getCampaignsPriorityForChannel:rankingCOFName:readOnlyBillboardSignals:]	
104c8016c	104c801b7	decompiled	chunks/006/functions-000444.c		
104c801b8	104c80277	decompiled	chunks/006/functions-000444.c	-[SCBillboardCampaignDataProvider getHeuristicCampaignsPriorityForChannel:rankingCOFName:rankingStrategyCOFName:readOnlyBillboardSignals:]	
104c80278	104c80453	decompiled	chunks/006/functions-000444.c	-[SCBillboardCampaignDataProvider getServerRankingForChannel:rankingCOFName:readOnlyBillboardSignals:completion:]	
104c80454	104c80637	decompiled	chunks/006/functions-000444.c		
104c80638	104c8064f	decompiled	chunks/006/functions-000444.c		
104c80650	104c806cb	decompiled	chunks/006/functions-000444.c		
104c806cc	104c8073b	decompiled	chunks/006/functions-000444.c		
104c8073c	104c80767	decompiled	chunks/006/functions-000444.c		
104c80768	104c80907	decompiled	chunks/006/functions-000444.c	-[SCBillboardCampaignDataProvider getPrefetchedServerRankingForChannel:rankingCOFName:readOnlyBillboardSignals:completion:]	
104c80908	104c80aeb	decompiled	chunks/006/functions-000444.c		
104c80aec	104c80b67	decompiled	chunks/006/functions-000444.c		
104c80b68	104c80bd7	decompiled	chunks/006/functions-000444.c		
104c80bd8	104c80c67	decompiled	chunks/006/functions-000444.c	-[SCBillboardCampaignDataProvider logRankingFetchLatencyWithStartTime:channel:source:]	
104c80c68	104c80dff	decompiled	chunks/006/functions-000444.c	-[SCBillboardCampaignDataProvider readServerMetadataForChannel:campaignName:]	
104c80e00	104c80e03	decompiled	chunks/006/functions-000444.c		
104c80e04	104c80e3b	decompiled	chunks/006/functions-000444.c		
104c80e3c	104c80f83	decompiled	chunks/006/functions-000444.c	-[SCBillboardCampaignDataProvider readContextualRankOverrideForChannel:campaignName:evaluationContext:]	
104c80f84	104c80fbb	decompiled	chunks/006/functions-000444.c		
104c80fbc	104c8103b	decompiled	chunks/006/functions-000444.c	-[SCBillboardCampaignDataProvider _logFetchRankingForChannel:source:]	
104c8103c	104c810bb	decompiled	chunks/006/functions-000444.c	-[SCBillboardCampaignDataProvider _logEmptyRankingListForChannel:source:]	
104c810bc	104c8113b	decompiled	chunks/006/functions-000444.c	-[SCBillboardCampaignDataProvider _logNilOrErrorRankingListForChannel:source:]	
104c8113c	104c81723	decompiled	chunks/006/functions-000444.c	-[SCBillboardCampaignDataProvider getCampaignWithServerCampaignConfigPromise:snapshot:isChannelWithinDefaultCooldown:categoryInfoCOFName:readOnlyBillboardSignals:holdoutCOFName:rankingCategoryOverride:requestor:]	
104c81724	104c8178f	decompiled	chunks/006/functions-000444.c		
104c81790	104c8188f	decompiled	chunks/006/functions-000444.c		
104c81890	104c81933	decompiled	chunks/006/functions-000444.c		
104c81934	104c8196b	decompiled	chunks/006/functions-000444.c	-[SCBillboardCampaignDataProvider _timeoutSecsForSignalProviderRequest]	
104c8196c	104c81a13	decompiled	chunks/006/functions-000444.c	-[SCBillboardCampaignDataProvider _setupPrecheckTimerToCompletePromiseWithCompletion:]	
104c81a14	104c81bf7	decompiled	chunks/006/functions-000444.c	-[SCBillboardCampaignDataProvider _completeSignalProviderTimeoutPromise:isPrecheckTimeout:eligible:snapshot:]	
104c81bf8	104c81cb7	decompiled	chunks/006/functions-000444.c	-[SCBillboardCampaignDataProvider _logSignalProviderLatencyWithStartTime:snapshot:]	
104c81cb8	104c81d57	decompiled	chunks/006/functions-000444.c	-[SCBillboardCampaignDataProvider _logPrecheckResult:campaignCOFName:preCheckSource:]	
104c81d58	104c82463	decompiled	chunks/006/functions-000444.c	-[SCBillboardCampaignDataProvider _getCampaignByCampaignCOFName:isChannelWithinDefaultCooldown:categoryInfoCOFName:readOnlyBillboardSignals:holdoutCOFName:preCheckSource:rankingCategoryOverride:serverCampaignConfigPromise:]	
104c82464	104c825b7	decompiled	chunks/006/functions-000444.c	-[SCBillboardCampaignDataProvider _isChannelWithinCooldownWithCampaignCooldownCapConfig:isChannelWithinDefaultCooldown:readOnlyBillboardSignals:campaignCOFName:categoryInfo:]	
104c825b8	104c827af	decompiled	chunks/006/functions-000444.c	-[SCBillboardCampaignDataProvider _isCampaignWithinCooldownWithCampaignCooldownCapConfig:campaign:readOnlyBillboardSignals:campaignCOFName:categoryInfo:]	
104c827b0	104c8299b	decompiled	chunks/006/functions-000444.c	-[SCBillboardCampaignDataProvider _resetStorageIfNewCampaignVersion:supStorageId:campaignCOFName:]	
104c8299c	104c82aa7	decompiled	chunks/006/functions-000444.c	-[SCBillboardCampaignDataProvider _getCategoryInfoWithCategoryName:surfaceCategoryInfoCOFName:]	
104c82aa8	104c82c6f	decompiled	chunks/006/functions-000444.c	-[SCBillboardCampaignDataProvider _getCampaignCategoriesFromCOF:]	
104c82c70	104c83147	decompiled	chunks/006/functions-000444.c	-[SCBillboardCampaignDataProvider updateImpressionPropertiesWithCampaignCofName:supProperties:supStorageIds:]	
104c83148	104c834c7	decompiled	chunks/006/functions-000444.c	-[SCBillboardCampaignDataProvider updateClickPropertiesWithCampaignCofName:supProperties:supStorageIds:]	
104c834c8	104c83847	decompiled	chunks/006/functions-000444.c	-[SCBillboardCampaignDataProvider updateDismissPropertiesWithCampaignCofName:supProperties:supStorageIds:]	
104c83848	104c839af	decompiled	chunks/006/functions-000444.c	-[SCBillboardCampaignDataProvider _featureSetingsIncrementCountWithItemId:campaignCofName:]	
104c839b0	104c839b7	decompiled	chunks/006/functions-000444.c	-[SCBillboardCampaignDataProvider _featureSettingsUpdateMillisWithItemId:overwriteExistingValue:campaignCofName:]	
104c839b8	104c839bf	decompiled	chunks/006/functions-000444.c	-[SCBillboardCampaignDataProvider _featureSettingsUpdateSecsWithItemId:overwriteExistingValue:campaignCofName:]	
104c839c0	104c83b5b	decompiled	chunks/006/functions-000444.c	-[SCBillboardCampaignDataProvider _featureSettingsUpdateTimeWithItemId:overwriteExistingValue:campaignCofName:timeMultiplier:]	
104c83b5c	104c83edb	decompiled	chunks/006/functions-000444.c	-[SCBillboardCampaignDataProvider basicBillboardSignals]	
104c83edc	104c8419f	decompiled	chunks/006/functions-000444.c	-[SCBillboardCampaignDataProvider _populateLocalStorageCooldownCapPropertiesWithCampaignCOFName:modifiableBillboardSignals:]	
104c841a0	104c84313	decompiled	chunks/006/functions-000444.c	-[SCBillboardCampaignDataProvider _lookUpMutualFriendBirthdaysAfterStartup]	
104c84314	104c8435b	decompiled	chunks/006/functions-000444.c		
104c8435c	104c8444b	decompiled	chunks/006/functions-000444.c	-[SCBillboardCampaignDataProvider _getMutualFriendsWithBirthdaysCount]	
104c8444c	104c845d7	decompiled	chunks/006/functions-000444.c		
104c845d8	104c845df	decompiled	chunks/006/functions-000444.c	-[SCBillboardCampaignDataProvider waitForSignalProvidersWithCompletion:]	
104c845e0	104c84677	decompiled	chunks/006/functions-000444.c	-[SCBillboardCampaignDataProvider waitForSignalProvidersWithCompletion:performer:]	
104c84678	104c84683	decompiled	chunks/006/functions-000444.c		
104c84684	104c8473f	decompiled	chunks/006/functions-000444.c	-[SCBillboardCampaignDataProvider _setupSignalProviderMap:]	
104c84740	104c84a13	decompiled	chunks/006/functions-000444.c		
104c84a14	104c84a63	decompiled	chunks/006/functions-000444.c		
104c84a64	104c84a6f	decompiled	chunks/006/functions-000444.c	-[SCBillboardCampaignDataProvider signalProviders]	
104c84a70	104c84a77	decompiled	chunks/006/functions-000444.c	-[SCBillboardCampaignDataProvider setSignalProviders:]	
104c84a78	104c84bc7	decompiled	chunks/006/functions-000444.c	-[SCBillboardCampaignDataProvider .cxx_destruct]	
104c84bc8	104c84c3b	decompiled	chunks/006/functions-000444.c	-[SCGrapheneBillboardCampaignMetric2 init]	
104c84c3c	104c84e6b	decompiled	chunks/006/functions-000444.c		
104c84e6c	104c8509b	decompiled	chunks/006/functions-000444.c		
104c8509c	104c852cb	decompiled	chunks/006/functions-000444.c		
104c852cc	104c854fb	decompiled	chunks/006/functions-000444.c		
104c854fc	104c8556f	decompiled	chunks/006/functions-000444.c	-[SCGrapheneBillboardMetric2 init]	
104c85570	104c856e3	decompiled	chunks/006/functions-000444.c		
104c856e4	104c85913	decompiled	chunks/006/functions-000444.c		
104c85914	104c85b43	decompiled	chunks/006/functions-000444.c		
104c85b44	104c85cb7	decompiled	chunks/006/functions-000444.c		
104c85cb8	104c85e2b	decompiled	chunks/006/functions-000444.c		
104c85e2c	104c85f9f	decompiled	chunks/006/functions-000444.c		
104c85fa0	104c86113	decompiled	chunks/006/functions-000444.c		
104c86114	104c86287	decompiled	chunks/006/functions-000444.c		
104c86288	104c863fb	decompiled	chunks/006/functions-000444.c		
104c863fc	104c8656f	decompiled	chunks/006/functions-000444.c		
104c86570	104c866e3	decompiled	chunks/006/functions-000444.c		
104c866e4	104c86857	decompiled	chunks/006/functions-000444.c		
104c86858	104c869cb	decompiled	chunks/006/functions-000444.c		
104c869cc	104c86bfb	decompiled	chunks/006/functions-000444.c		
104c86bfc	104c86e2b	decompiled	chunks/006/functions-000444.c		
104c86e2c	104c8705b	decompiled	chunks/006/functions-000444.c		
104c8705c	104c8731b	decompiled	chunks/006/functions-000444.c		
104c8731c	104c875db	decompiled	chunks/006/functions-000444.c		
104c875dc	104c8780b	decompiled	chunks/006/functions-000444.c		
104c8780c	104c87a3b	decompiled	chunks/006/functions-000444.c		
104c87a3c	104c87c6b	decompiled	chunks/006/functions-000444.c		
104c87c6c	104c87ddf	decompiled	chunks/006/functions-000444.c		
104c87de0	104c87f53	decompiled	chunks/006/functions-000444.c		
104c87f54	104c88183	decompiled	chunks/006/functions-000444.c		
104c88184	104c882f7	decompiled	chunks/006/functions-000444.c		
104c882f8	104c884e3	decompiled	chunks/006/functions-000444.c		
104c884e4	104c88657	decompiled	chunks/006/functions-000444.c		
104c88658	104c88887	decompiled	chunks/006/functions-000444.c		
104c88888	104c8891b	decompiled	chunks/006/functions-000444.c		
104c8891c	104c88b93	decompiled	chunks/006/functions-000444.c		
104c88b94	104c88e53	decompiled	chunks/006/functions-000444.c		
104c88e54	104c89113	decompiled	chunks/006/functions-000445.c		
104c89114	104c89343	decompiled	chunks/006/functions-000445.c		
104c89344	104c89573	decompiled	chunks/006/functions-000445.c		
104c89574	104c89607	decompiled	chunks/006/functions-000445.c		
104c89608	104c89837	decompiled	chunks/006/functions-000445.c		
104c89838	104c89a67	decompiled	chunks/006/functions-000445.c		
104c89a68	104c89c97	decompiled	chunks/006/functions-000445.c		
104c89c98	104c89ec7	decompiled	chunks/006/functions-000445.c		
104c89ec8	104c89f3b	decompiled	chunks/006/functions-000445.c	-[SCGrapheneBillboardStorageMetric2 init]	
104c89f3c	104c8a0af	decompiled	chunks/006/functions-000445.c		
104c8a0b0	104c8a2df	decompiled	chunks/006/functions-000445.c		
104c8a2e0	104c8a59f	decompiled	chunks/006/functions-000445.c		
104c8a5a0	104c8a7cf	decompiled	chunks/006/functions-000445.c		
104c8a7d0	104c8a9ff	decompiled	chunks/006/functions-000445.c		
104c8aa00	104c8ac2f	decompiled	chunks/006/functions-000445.c		
104c8ac30	104c8ae5f	decompiled	chunks/006/functions-000445.c		
104c8ae60	104c8b08f	decompiled	chunks/006/functions-000445.c		
104c8b090	104c8b2bf	decompiled	chunks/006/functions-000445.c		
104c8b2c0	104c8b4ef	decompiled	chunks/006/functions-000445.c		
104c8b4f0	104c8b577	decompiled	chunks/006/functions-000445.c	-[SCBillboardHoldout initWithIsUserInHoldout:holdoutConfig:]	
104c8b578	104c8b59b	decompiled	chunks/006/functions-000445.c	-[SCBillboardHoldout copyWithZone:]	
104c8b59c	104c8b5ff	decompiled	chunks/006/functions-000445.c	-[SCBillboardHoldout hash]	
104c8b600	104c8b69f	decompiled	chunks/006/functions-000445.c	-[SCBillboardHoldout isEqual:]	
104c8b6a0	104c8b6a7	decompiled	chunks/006/functions-000445.c	-[SCBillboardHoldout isUserInHoldout]	
104c8b6a8	104c8b6af	decompiled	chunks/006/functions-000445.c	-[SCBillboardHoldout holdoutConfig]	
104c8b6b0	104c8b6bb	decompiled	chunks/006/functions-000445.c	-[SCBillboardHoldout .cxx_destruct]	
104c8b6bc	104c8b74b	decompiled	chunks/006/functions-000445.c	+[SCBillboardHoldoutConfig excludedFromHoldoutWithCampaignCOFNames:categories:]	
104c8b74c	104c8b7e3	decompiled	chunks/006/functions-000445.c	+[SCBillboardHoldoutConfig includedInHoldoutWithCampaignCOFNames:categories:]	
104c8b7e4	104c8b807	decompiled	chunks/006/functions-000445.c	-[SCBillboardHoldoutConfig copyWithZone:]	
104c8b808	104c8b897	decompiled	chunks/006/functions-000445.c	-[SCBillboardHoldoutConfig hash]	
104c8b898	104c8b8db	decompiled	chunks/006/functions-000445.c	-[SCBillboardHoldoutConfig internalInit]	
104c8b8dc	104c8b9c3	decompiled	chunks/006/functions-000445.c	-[SCBillboardHoldoutConfig isEqual:]	
104c8b9c4	104c8ba53	decompiled	chunks/006/functions-000445.c	-[SCBillboardHoldoutConfig matchExcludedFromHoldout:includedInHoldout:]	
104c8ba54	104c8ba9b	decompiled	chunks/006/functions-000445.c	-[SCBillboardHoldoutConfig .cxx_destruct]	
104c8ba9c	104c8bb4f	decompiled	chunks/006/functions-000445.c	-[SCBillboardCampaignSnapshotSortingObject initWithOriginalSnapshotIndex:campaignSnapshot:cooldownCapStorageUnit:]	
104c8bb50	104c8bb73	decompiled	chunks/006/functions-000445.c	-[SCBillboardCampaignSnapshotSortingObject copyWithZone:]	
104c8bb74	104c8bbf3	decompiled	chunks/006/functions-000445.c	-[SCBillboardCampaignSnapshotSortingObject hash]	
104c8bbf4	104c8bcab	decompiled	chunks/006/functions-000445.c	-[SCBillboardCampaignSnapshotSortingObject isEqual:]	
104c8bcac	104c8bcb3	decompiled	chunks/006/functions-000445.c	-[SCBillboardCampaignSnapshotSortingObject originalSnapshotIndex]	
104c8bcb4	104c8bcbb	decompiled	chunks/006/functions-000445.c	-[SCBillboardCampaignSnapshotSortingObject campaignSnapshot]	
104c8bcbc	104c8bcc3	decompiled	chunks/006/functions-000445.c	-[SCBillboardCampaignSnapshotSortingObject cooldownCapStorageUnit]	
104c8bcc4	104c8bcf3	decompiled	chunks/006/functions-000445.c	-[SCBillboardCampaignSnapshotSortingObject .cxx_destruct]	
104c8bcf4	104c8bd5b	decompiled	chunks/006/functions-000445.c	+[SCBillboardPbCampaign descriptor]	
104c8bd5c	104c8bde7	decompiled	chunks/006/functions-000445.c	+[SCBillboardPbCampaignUXConfig descriptor]	
104c8bde8	104c8be4f	decompiled	chunks/006/functions-000445.c	+[SCBillboardPbCampaignCooldownCapConfig descriptor]	
104c8be50	104c8bedb	decompiled	chunks/006/functions-000445.c	+[SCBillboardPbCampaignLaunchConfig descriptor]	
104c8bedc	104c8bf57	decompiled	chunks/006/functions-000445.c		
104c8bf58	104c8bf63	decompiled	chunks/006/functions-000445.c		
104c8bf64	104c8bfcb	decompiled	chunks/006/functions-000445.c	+[SCBillboardPbFullScreenTakeoverLaunchConfig descriptor]	
104c8bfcc	104c8c033	decompiled	chunks/006/functions-000445.c	+[SCBillboardPbCooldownCapStorageUnit descriptor]	
104c8c034	104c8c09b	decompiled	chunks/006/functions-000445.c	+[SCBillboardPbStorageMetadata descriptor]	
104c8c09c	104c8c103	decompiled	chunks/006/functions-000445.c	+[SCBillboardPbCampaignCategories descriptor]	
104c8c104	104c8c16b	decompiled	chunks/006/functions-000445.c	+[SCBillboardPbCampaignCategory descriptor]	
104c8c16c	104c8c1d3	decompiled	chunks/006/functions-000445.c	+[SCBillboardPbCampaignsPriority descriptor]	
104c8c1d4	104c8c2b7	decompiled	chunks/006/functions-000445.c	+[SCBillboardPbCampaignSnapshot descriptor]	
104c8c2b8	104c8c2c3	decompiled	chunks/006/functions-000445.c		
104c8c2c4	104c8c3bb	decompiled	chunks/006/functions-000445.c	+[SCBillboardPbFeedHeaderPromptUXConfig descriptor]	
104c8c3bc	104c8c3c7	decompiled	chunks/006/functions-000445.c		
104c8c3c8	104c8c443	decompiled	chunks/006/functions-000445.c		
104c8c444	104c8c44f	decompiled	chunks/006/functions-000445.c		
104c8c450	104c8c4b7	decompiled	chunks/006/functions-000445.c	+[SCBillboardPbFullScreenTakeoverUXConfig descriptor]	
104c8c4b8	104c8c543	decompiled	chunks/006/functions-000445.c	+[SCBillboardPbFullScreenTakeoverUIComponent descriptor]	
104c8c544	104c8c5bf	decompiled	chunks/006/functions-000445.c	+[SCBillboardPbFullScreenTakeoverImage descriptor]	
104c8c5c0	104c8c627	decompiled	chunks/006/functions-000445.c	+[SCBillboardPbFullSceenTakeoverTitle descriptor]	
104c8c628	104c8c68f	decompiled	chunks/006/functions-000445.c	+[SCBillboardPbFullSceenTakeoverText descriptor]	
104c8c690	104c8c6f7	decompiled	chunks/006/functions-000445.c	+[SCBillboardPbFullSceenTakeoverClickButton descriptor]	
104c8c6f8	104c8c75f	decompiled	chunks/006/functions-000445.c	+[SCBillboardPbFullSceenTakeoverDismissButton descriptor]	
104c8c760	104c8c7c7	decompiled	chunks/006/functions-000445.c	+[SCBillboardPbProfileActivityCardUXConfig descriptor]	
104c8c7c8	104c8c853	decompiled	chunks/006/functions-000445.c	+[SCBillboardPbProfileActivityCardUIComponent descriptor]	
104c8c854	104c8c8bb	decompiled	chunks/006/functions-000445.c	+[SCBillboardPbProfileActivityCardTitle descriptor]	
104c8c8bc	104c8c923	decompiled	chunks/006/functions-000445.c	+[SCBillboardPbProfileActivityCardSubtitle descriptor]	
104c8c924	104c8ca1b	decompiled	chunks/006/functions-000445.c	+[SCBillboardPbProfileActivityCardIcon descriptor]	
104c8ca1c	104c8ca27	decompiled	chunks/006/functions-000445.c		
104c8ca28	104c8ca8f	decompiled	chunks/006/functions-000445.c	+[SCBillboardPbRankingStrategy descriptor]	
104c8ca90	104c8caf7	decompiled	chunks/006/functions-000445.c	+[SCBillboardPbRankingInput descriptor]	
104c8caf8	104c8cbdb	decompiled	chunks/006/functions-000445.c	+[SCBillboardPbCampaignSupEntry descriptor]	
104c8cbdc	104c8cbe7	decompiled	chunks/006/functions-000445.c		
104c8cbe8	104c8cc4f	decompiled	chunks/006/functions-000445.c	+[SCBillboardPbRecycleMetadata descriptor]	
104c8cc50	104c8ccdb	decompiled	chunks/006/functions-000445.c	+[SCBillboardPbRecycleBasedProperty descriptor]	
104c8ccdc	104c8cd43	decompiled	chunks/006/functions-000445.c	+[SCBillboardPbSupProperty descriptor]	
104c8cd44	104c8ce27	decompiled	chunks/006/functions-000445.c	+[SCBillboardPbSupProperties descriptor]	
104c8ce28	104c8ce33	decompiled	chunks/006/functions-000445.c		
104c8ce34	104c8ce9b	decompiled	chunks/006/functions-000445.c	+[SCBillboardPbHoldout descriptor]	
104c8ce9c	104c8cf37	decompiled	chunks/006/functions-000445.c	+[SCBillboardPbHoldout_HoldoutConfig descriptor]	
104c8cf38	104c8cfab	decompiled	chunks/006/functions-000445.c	-[UNISCBillboardServicesPbRankingService initWithUnifiedGrpcService:]	
104c8cfac	104c8d08f	decompiled	chunks/006/functions-000445.c	-[UNISCBillboardServicesPbRankingService getRankingWithRequest:callOptionsBuilder:handler:]	
104c8d090	104c8d173	decompiled	chunks/006/functions-000445.c	-[UNISCBillboardServicesPbRankingService pushCampaignsWithRequest:callOptionsBuilder:handler:]	
104c8d174	104c8d17f	decompiled	chunks/006/functions-000445.c	-[UNISCBillboardServicesPbRankingService .cxx_destruct]	
104c8d180	104c8d1fb	decompiled	chunks/006/functions-000445.c		
104c8d1fc	104c8d207	decompiled	chunks/006/functions-000445.c		
104c8d208	104c8d26f	decompiled	chunks/006/functions-000445.c	+[SCBillboardServicesPbGetRankingRequest descriptor]	
104c8d270	104c8d2d7	decompiled	chunks/006/functions-000445.c	+[SCBillboardServicesPbGetRankingResponse descriptor]	
104c8d2d8	104c8d33f	decompiled	chunks/006/functions-000445.c	+[SCBillboardServicesPbCampaignSnapshot descriptor]	
104c8d340	104c8d3a7	decompiled	chunks/006/functions-000445.c	+[SCBillboardServicesPbContextualOverride descriptor]	
104c8d3a8	104c8d40f	decompiled	chunks/006/functions-000445.c	+[SCBillboardServicesPbPushCampaignsRequest descriptor]	
104c8d410	104c8d4f3	decompiled	chunks/006/functions-000445.c	+[SCBillboardServicesPbPushCampaignsResponse descriptor]	
104c8d4f4	104c8d4ff	decompiled	chunks/006/functions-000445.c		
104c8d500	104c8d5e3	decompiled	chunks/006/functions-000445.c	+[SCBillboardServicesPbClientSignals descriptor]	
104c8d5e4	104c8d5ef	decompiled	chunks/006/functions-000445.c		
104c8d5f0	104c8d66b	decompiled	chunks/006/functions-000445.c		
104c8d66c	104c8d677	decompiled	chunks/006/functions-000446.c		
104c8d678	104c8d703	decompiled	chunks/006/functions-000446.c	+[SCBillboardServicesPbCampaignUXConfig descriptor]	
104c8d704	104c8d7a3	decompiled	chunks/006/functions-000446.c	+[SCBillboardServicesPbFeedHeaderPromptUXConfig descriptor]	
104c8d7a4	104c8d84f	decompiled	chunks/006/functions-000446.c	+[SCBillboardServicesPbFeedHeaderPromptUXConfig_Icon descriptor]	
104c8d850	104c8d8b7	decompiled	chunks/006/functions-000446.c	+[SCBillboardServicesPbFullScreenTakeoverUXConfig descriptor]	
104c8d8b8	104c8d94b	decompiled	chunks/006/functions-000446.c	+[SCBillboardServicesPbFullScreenTakeoverUXConfig_Image descriptor]	
104c8d94c	104c8d9cf	decompiled	chunks/006/functions-000446.c	+[SCBillboardServicesPbFullScreenTakeoverUXConfig_Text descriptor]	
104c8d9d0	104c8da6b	decompiled	chunks/006/functions-000446.c	+[SCBillboardServicesPbFullScreenTakeoverUXConfig_UIComponent descriptor]	
104c8da6c	104c8dad3	decompiled	chunks/006/functions-000446.c	+[SCBillboardServicesPbProfileActivityCardUXConfig descriptor]	
104c8dad4	104c8db5f	decompiled	chunks/006/functions-000446.c	+[SCBillboardServicesPbProfileActivityCardUIComponent descriptor]	
104c8db60	104c8dbc7	decompiled	chunks/006/functions-000446.c	+[SCBillboardServicesPbProfileActivityCardTitle descriptor]	
104c8dbc8	104c8dc2f	decompiled	chunks/006/functions-000446.c	+[SCBillboardServicesPbProfileActivityCardSubtitle descriptor]	
104c8dc30	104c8dd27	decompiled	chunks/006/functions-000446.c	+[SCBillboardServicesPbProfileActivityCardIcon descriptor]	
104c8dd28	104c8dd33	decompiled	chunks/006/functions-000446.c		
104c8dd34	104c8de17	decompiled	chunks/006/functions-000446.c	+[SCBillboardServicesPbCampaignCooldownConfig descriptor]	
104c8de18	104c8de23	decompiled	chunks/006/functions-000446.c		
104c8de24	104c8de9f	decompiled	chunks/006/functions-000446.c		
104c8dea0	104c8deab	decompiled	chunks/006/functions-000446.c		
104c8deac	104c8df27	decompiled	chunks/006/functions-000446.c		
104c8df28	104c8df33	decompiled	chunks/006/functions-000446.c		
104c8df34	104c8df9b	decompiled	chunks/006/functions-000446.c	+[SCBillboardPbCooldownCapRule descriptor]	
104c8df9c	104c8e003	decompiled	chunks/006/functions-000446.c	+[SCBillboardPbRecycleRule descriptor]	
104c8e004	104c8e0fb	decompiled	chunks/006/functions-000446.c	+[SCBillboardPbCooldownCapRules descriptor]	
104c8e0fc	104c8e107	decompiled	chunks/006/functions-000446.c		
104c8e108	104c8e16f	decompiled	chunks/006/functions-000446.c	+[SCFeedHeaderPromptV2ProtoSetting descriptor]	
104c8e170	104c8e1d7	decompiled	chunks/006/functions-000446.c	+[SCFeedHeaderPromptV2ProtoSettingsEntity descriptor]	
104c8e1d8	104c8e23f	decompiled	chunks/006/functions-000446.c	+[SCFeedHeaderPromptV2ProtoSyncState descriptor]	
104c8e240	104c8e2a7	decompiled	chunks/006/functions-000446.c	+[SCFeedHeaderPromptV2ProtoSyncStatesEntity descriptor]	
104c8e2a8	104c8e653	decompiled	chunks/006/functions-000446.c	-[SCBillboardFeedHeaderPromptDataSource initWithBillboardFeedHeaderPromptScope:applicationLifecycleEvents:billboardUserJourneyLogger:friendsFeedInteractionEventsObservable:friendsFeedDataCoordinator:fhpCampaignDataProvider:actionHandlers:valdiRuntimeProvider:grapheneRegistry:billboardUILatencyLogger:circumstanceEngine:]	
104c8e654	104c8e69b	decompiled	chunks/006/functions-000446.c		
104c8e69c	104c8e70b	decompiled	chunks/006/functions-000446.c	-[SCBillboardFeedHeaderPromptDataSource _setupFHPScopeIsDisplayingSubject]	
104c8e70c	104c8e843	decompiled	chunks/006/functions-000446.c	-[SCBillboardFeedHeaderPromptDataSource _setupActionHandlersMap:]	
104c8e844	104c8e9c7	decompiled	chunks/006/functions-000446.c		
104c8e9c8	104c8eaf7	decompiled	chunks/006/functions-000446.c	-[SCBillboardFeedHeaderPromptDataSource headerPromptViewDidTap:]	
104c8eaf8	104c8ec33	decompiled	chunks/006/functions-000446.c	-[SCBillboardFeedHeaderPromptDataSource headerPromptViewExtraButtonDidTap:]	
104c8ec34	104c8ece3	decompiled	chunks/006/functions-000446.c	-[SCBillboardFeedHeaderPromptDataSource headerPromptViewDidDismiss:]	
104c8ece4	104c8ee5b	decompiled	chunks/006/functions-000446.c	-[SCBillboardFeedHeaderPromptDataSource _handleTapAction:actionHandler:]	
104c8ee5c	104c8ee87	decompiled	chunks/006/functions-000446.c		
104c8ee88	104c8eeef	decompiled	chunks/006/functions-000446.c	-[SCBillboardFeedHeaderPromptDataSource _removeCurrentAndLoadNextPromptIfNeeded]	
104c8eef0	104c8ef3b	decompiled	chunks/006/functions-000446.c	-[SCBillboardFeedHeaderPromptDataSource _handleActionFinished]	
104c8ef3c	104c8f053	decompiled	chunks/006/functions-000446.c	-[SCBillboardFeedHeaderPromptDataSource _handleCampaignRefresh:]	
104c8f054	104c8f07b	decompiled	chunks/006/functions-000446.c	-[SCBillboardFeedHeaderPromptDataSource _logCampaignUpdateWithCampaignId:isExecuted:]	
104c8f07c	104c8f1af	decompiled	chunks/006/functions-000446.c	-[SCBillboardFeedHeaderPromptDataSource _loadNextPromptForRequestor:trigger:]	
104c8f1b0	104c8f2cf	decompiled	chunks/006/functions-000446.c		
104c8f2d0	104c8f50b	decompiled	chunks/006/functions-000446.c	-[SCBillboardFeedHeaderPromptDataSource _logCampaignLoadedEventWith:loadStartTime:loadSuccess:loadFailReason:]	
104c8f50c	104c8f5cf	decompiled	chunks/006/functions-000446.c	-[SCBillboardFeedHeaderPromptDataSource _logCampaignImpressionEventWith:]	
104c8f5d0	104c8f6a7	decompiled	chunks/006/functions-000446.c	-[SCBillboardFeedHeaderPromptDataSource _logCampaignActionEventWith:interactionType:tappedElement:triggeredAction:]	
104c8f6a8	104c8f6ab	decompiled	chunks/006/functions-000446.c	-[SCBillboardFeedHeaderPromptDataSource _isCampaignExemptFromSponsoredSnapsHoldout:]	
104c8f6ac	104c8f78f	decompiled	chunks/006/functions-000446.c	-[SCBillboardFeedHeaderPromptDataSource _isCampaignCritical:]	
104c8f790	104c8f84f	decompiled	chunks/006/functions-000446.c	-[SCBillboardFeedHeaderPromptDataSource _getSponsoredSnapExcludedCampaignsFromCOF:]	
104c8f850	104c8f923	decompiled	chunks/006/functions-000446.c	-[SCBillboardFeedHeaderPromptDataSource _initFFEnterAndExitListenerForSuppressingSponsoredSnap]	
104c8f924	104c8fa4f	decompiled	chunks/006/functions-000446.c		
104c8fa50	104c8fa5b	decompiled	chunks/006/functions-000446.c		
104c8fa5c	104c8fad7	decompiled	chunks/006/functions-000446.c		
104c8fad8	104c8fae7	decompiled	chunks/006/functions-000446.c		
104c8fae8	104c8fc33	decompiled	chunks/006/functions-000446.c	-[SCBillboardFeedHeaderPromptDataSource _initHasSponsoredSnapListener]	
104c8fc34	104c8fca7	decompiled	chunks/006/functions-000446.c		
104c8fca8	104c8fdd3	decompiled	chunks/006/functions-000446.c	-[SCBillboardFeedHeaderPromptDataSource _initAdsInsertionEventListener]	
104c8fdd4	104c8fe2b	decompiled	chunks/006/functions-000446.c		
104c8fe2c	104c8fe73	decompiled	chunks/006/functions-000446.c		
104c8fe74	104c8ff4f	decompiled	chunks/006/functions-000446.c	-[SCBillboardFeedHeaderPromptDataSource _onSponsoredSnapAddedToFeed]	
104c8ff50	104c8ffd3	decompiled	chunks/006/functions-000446.c		
104c8ffd4	104c8ffeb	decompiled	chunks/006/functions-000446.c	-[SCBillboardFeedHeaderPromptDataSource _dismissReloadDisabled]	
104c8ffec	104c90003	decompiled	chunks/006/functions-000446.c	-[SCBillboardFeedHeaderPromptDataSource _isSponsoredSnapSuppressionIgnoreFeedVisibility]	
104c90004	104c9002f	decompiled	chunks/006/functions-000446.c	-[SCBillboardFeedHeaderPromptDataSource _loadFailToSuppressThresholdInMs]	
104c90030	104c900bb	decompiled	chunks/006/functions-000446.c	-[SCBillboardFeedHeaderPromptDataSource _logFailToSuppressWhenNecessary]	
104c900bc	104c9022f	decompiled	chunks/006/functions-000446.c	-[SCBillboardFeedHeaderPromptDataSource _removeBillboardPromptIfNecessary]	
104c90230	104c902ef	decompiled	chunks/006/functions-000446.c		
104c902f0	104c9033b	decompiled	chunks/006/functions-000446.c	-[SCBillboardFeedHeaderPromptDataSource _onUserExitFriendsFeed]	
104c9033c	104c90353	decompiled	chunks/006/functions-000446.c	-[SCBillboardFeedHeaderPromptDataSource _logSponsoredSnapSuppressWithAction:campaignName:timing:]	
104c90354	104c9036b	decompiled	chunks/006/functions-000446.c	-[SCBillboardFeedHeaderPromptDataSource _logSponsoredSnapSuppressFailWithAction:campaignName:timing:]	
104c9036c	104c90373	decompiled	chunks/006/functions-000446.c	-[SCBillboardFeedHeaderPromptDataSource _getCurrentCampaignName]	
104c90374	104c90383	decompiled	chunks/006/functions-000446.c	-[SCBillboardFeedHeaderPromptDataSource _logUIStepCampaignDataFetchedWithCampaignId:]	
104c90384	104c9038f	decompiled	chunks/006/functions-000446.c	-[SCBillboardFeedHeaderPromptDataSource _completeFirstCampaignLoading]	
104c90390	104c9079f	decompiled	chunks/006/functions-000446.c	-[SCBillboardFeedHeaderPromptDataSource _showCampaign:trigger:]	
104c907a0	104c9088f	decompiled	chunks/006/functions-000446.c		
104c90890	104c90917	decompiled	chunks/006/functions-000446.c	-[SCBillboardFeedHeaderPromptDataSource _removePrompt]	
104c90918	104c90923	decompiled	chunks/006/functions-000446.c	-[SCBillboardFeedHeaderPromptDataSource isUserCurrentlyOnFeed]	
104c90924	104c9092b	decompiled	chunks/006/functions-000446.c	-[SCBillboardFeedHeaderPromptDataSource setIsUserCurrentlyOnFeed:]	
104c9092c	104c90937	decompiled	chunks/006/functions-000446.c	-[SCBillboardFeedHeaderPromptDataSource hasSponsoredSnapOnFeed]	
104c90938	104c9093f	decompiled	chunks/006/functions-000446.c	-[SCBillboardFeedHeaderPromptDataSource setHasSponsoredSnapOnFeed:]	
104c90940	104c90a23	decompiled	chunks/006/functions-000446.c	-[SCBillboardFeedHeaderPromptDataSource .cxx_destruct]	
104c90a24	104c90a3b	decompiled	chunks/006/functions-000446.c		
104c90a3c	104c90a73	decompiled	chunks/006/functions-000446.c		
104c90a74	104c90aab	decompiled	chunks/006/functions-000446.c		
104c90aac	104c90c13	decompiled	chunks/006/functions-000446.c		
104c90c14	104c90f27	decompiled	chunks/006/functions-000446.c	-[SCBillboardFeedHeaderPromptEntryPoint begin]	
104c90f28	104c90f67	decompiled	chunks/006/functions-000446.c		
104c90f68	104c9105b	decompiled	chunks/006/functions-000446.c	-[SCBillboardFeedHeaderPromptEntryPoint _actionHandlers]	
104c9105c	104c910a7	decompiled	chunks/006/functions-000446.c		
104c910a8	104c9110f	decompiled	chunks/006/functions-000446.c		
104c91110	104c911c7	decompiled	chunks/006/functions-000446.c	-[SCBillboardFeedHeaderPromptEntryPoint .cxx_destruct]	
104c911c8	104c9123b	decompiled	chunks/006/functions-000446.c	-[SCGrapheneBillboardFhpUiMetric2 init]	
104c9123c	104c9146b	decompiled	chunks/006/functions-000446.c		
104c9146c	104c9172b	decompiled	chunks/006/functions-000446.c		
104c9172c	104c919eb	decompiled	chunks/006/functions-000446.c		
104c919ec	104c91ac3	decompiled	chunks/006/functions-000446.c	-[SCBillboardUILatencyLogger initWithBillboardChannel:]	
104c91ac4	104c91ca7	decompiled	chunks/006/functions-000446.c	-[SCBillboardUILatencyLogger logPhase:campaignId:]	
104c91ca8	104c91ddf	decompiled	chunks/006/functions-000446.c	-[SCBillboardUILatencyLogger _emitLogging]	
104c91de0	104c91e3f	decompiled	chunks/006/functions-000446.c	-[SCBillboardUILatencyLogger _clearLoggingStates]	
104c91e40	104c91e93	decompiled	chunks/006/functions-000447.c	-[SCBillboardUILatencyLogger .cxx_destruct]	
104c91e94	104c91f07	decompiled	chunks/006/functions-000447.c	-[SCGrapheneBillboardUiLatencyMetric2 init]	
104c91f08	104c921c7	decompiled	chunks/006/functions-000447.c		
104c921c8	104c922f3	decompiled	chunks/006/functions-000447.c	-[SCFeedHeaderPromptViewV2 initWithValdiRuntimeProvider:viewModel:delegate:]	
104c922f4	104c925ff	decompiled	chunks/006/functions-000447.c	-[SCFeedHeaderPromptViewV2 setViewModel:]	
104c92600	104c9260b	decompiled	chunks/006/functions-000447.c		
104c9260c	104c92767	decompiled	chunks/006/functions-000447.c		
104c92768	104c92773	decompiled	chunks/006/functions-000447.c		
104c92774	104c928d7	decompiled	chunks/006/functions-000447.c	-[SCFeedHeaderPromptViewV2 updateHeightWithCompletion:]	
104c928d8	104c929bf	decompiled	chunks/006/functions-000447.c		
104c929c0	104c92ab3	decompiled	chunks/006/functions-000447.c		
104c92ab4	104c92eeb	decompiled	chunks/006/functions-000447.c	-[SCFeedHeaderPromptViewV2 _setupBillboardPromptComponent]	
104c92eec	104c92f6f	decompiled	chunks/006/functions-000447.c		
104c92f70	104c93017	decompiled	chunks/006/functions-000447.c	-[SCFeedHeaderPromptViewV2 _updateValdiViewModel]	
104c93018	104c93053	decompiled	chunks/006/functions-000447.c	-[SCFeedHeaderPromptViewV2 _didDismiss]	
104c93054	104c9308f	decompiled	chunks/006/functions-000447.c	-[SCFeedHeaderPromptViewV2 _didTap]	
104c93090	104c930cb	decompiled	chunks/006/functions-000447.c	-[SCFeedHeaderPromptViewV2 _didTapExtraButton]	
104c930cc	104c93147	decompiled	chunks/006/functions-000447.c	-[SCFeedHeaderPromptViewV2 .cxx_destruct]	
104c93148	104c931cb	decompiled	chunks/006/functions-000447.c	-[SCFeedHeaderPromptDismissButton pointInside:withEvent:]	
104c931cc	104c932cf	decompiled	chunks/006/functions-000447.c	-[SCFeedHeaderPromptView initWithViewModel:delegate:]	
104c932d0	104c9343b	decompiled	chunks/006/functions-000447.c	-[SCFeedHeaderPromptView setViewModel:]	
104c9343c	104c935e7	decompiled	chunks/006/functions-000447.c	-[SCFeedHeaderPromptView _getEmojiString:]	
104c935e8	104c9360b	decompiled	chunks/006/functions-000447.c		
104c9360c	104c93643	decompiled	chunks/006/functions-000447.c		
104c93644	104c94057	decompiled	chunks/006/functions-000447.c	-[SCFeedHeaderPromptView _setupSubviews]	
104c94058	104c94093	decompiled	chunks/006/functions-000447.c	-[SCFeedHeaderPromptView _didDismiss]	
104c94094	104c940cf	decompiled	chunks/006/functions-000447.c	-[SCFeedHeaderPromptView _didTap]	
104c940d0	104c941bb	decompiled	chunks/006/functions-000447.c	-[SCFeedHeaderPromptView _updateFrame]	
104c941bc	104c94237	decompiled	chunks/006/functions-000447.c	-[SCFeedHeaderPromptView .cxx_destruct]	
104c94238	104c94243	decompiled	chunks/006/functions-000447.c	+[SCCCreateBillboardLogSession modulePath]	
104c94244	104c9424b	decompiled	chunks/006/functions-000447.c	+[SCCCreateBillboardLogSession asyncStrictMode]	
104c9424c	104c942c7	decompiled	chunks/006/functions-000447.c	-[SCCCreateBillboardLogSession createBillboardLogSessionWithConfig:dispose:]	
104c942c8	104c94447	decompiled	chunks/006/functions-000447.c	+[SCCCreateBillboardLogSession invokeWithJSRuntimeProvider:config:dispose:completionHandler:]	
104c94448	104c94493	decompiled	chunks/006/functions-000447.c		
104c94494	104c944b7	decompiled	chunks/006/functions-000447.c	+[SCCCreateBillboardLogSession valdiMarshallableObjectDescriptor]	
104c944b8	104c944c3	decompiled	chunks/006/functions-000447.c	+[SCCBillboardFeedHeaderPromptComponent componentPath]	
104c944c4	104c944e7	decompiled	chunks/006/functions-000447.c	-[SCCBillboardFeedHeaderPromptComponent initWithViewModel:componentContext:runtime:]	
104c944e8	104c9451b	decompiled	chunks/006/functions-000447.c	-[SCCBillboardFeedHeaderPromptComponent setViewModel:]	
104c9451c	104c9455b	decompiled	chunks/006/functions-000447.c	-[SCCBillboardFeedHeaderPromptComponent viewModel]	
104c9455c	104c94567	decompiled	chunks/006/functions-000447.c	+[SCCBillboardPromptComponent componentPath]	
104c94568	104c9458b	decompiled	chunks/006/functions-000447.c	-[SCCBillboardPromptComponent initWithViewModel:componentContext:runtime:]	
104c9458c	104c945bf	decompiled	chunks/006/functions-000447.c	-[SCCBillboardPromptComponent setViewModel:]	
104c945c0	104c945ff	decompiled	chunks/006/functions-000447.c	-[SCCBillboardPromptComponent viewModel]	
104c94600	104c94647	decompiled	chunks/006/functions-000447.c		
104c94648	104c94673	decompiled	chunks/006/functions-000447.c	+[SCCBillboardLogSession valdiMarshallableObjectDescriptor]	
104c94674	104c946a3	decompiled	chunks/006/functions-000447.c		
104c946a4	104c946f3	decompiled	chunks/006/functions-000447.c		
104c946f4	104c9471f	decompiled	chunks/006/functions-000447.c		
104c94720	104c9476f	decompiled	chunks/006/functions-000447.c		
104c94770	104c94793	decompiled	chunks/006/functions-000447.c		
104c94794	104c947e3	decompiled	chunks/006/functions-000447.c		
104c947e4	104c9480b	decompiled	chunks/006/functions-000447.c		
104c9480c	104c9485b	decompiled	chunks/006/functions-000447.c		
104c9485c	104c94913	decompiled	chunks/006/functions-000447.c		
104c94914	104c94987	decompiled	chunks/006/functions-000447.c		
104c94988	104c9498f	decompiled	chunks/006/functions-000447.c	-[SCCV3LayoutVariant__Enum init]	
104c94990	104c949d7	decompiled	chunks/006/functions-000447.c	-[SCCBillboardFeedHeaderPromptContext initWithOnClick:]	
104c949d8	104c949e7	decompiled	chunks/006/functions-000447.c	+[SCCBillboardFeedHeaderPromptContext valdiMarshallableObjectDescriptor]	
104c949e8	104c94a1b	decompiled	chunks/006/functions-000447.c	-[SCCBillboardFeedHeaderPromptViewModel initWithIcon:title:descriptionText:canDismiss:]	
104c94a1c	104c94a2f	decompiled	chunks/006/functions-000447.c	+[SCCBillboardFeedHeaderPromptViewModel valdiMarshallableObjectDescriptor]	
104c94a30	104c94a5b	decompiled	chunks/006/functions-000447.c	-[SCCBillboardPromptBitmojiSceneConfig initWithAvatarId:sceneId:]	
104c94a5c	104c94a6f	decompiled	chunks/006/functions-000447.c	+[SCCBillboardPromptBitmojiSceneConfig valdiMarshallableObjectDescriptor]	
104c94a70	104c94a9b	decompiled	chunks/006/functions-000447.c	-[SCCBillboardPromptBitmojiSelfieConfig initWithAvatarId:userId:]	
104c94a9c	104c94aab	decompiled	chunks/006/functions-000447.c	+[SCCBillboardPromptBitmojiSelfieConfig valdiMarshallableObjectDescriptor]	
104c94aac	104c94af3	decompiled	chunks/006/functions-000447.c	-[SCCBillboardPromptContext initWithOnClick:]	
104c94af4	104c94b03	decompiled	chunks/006/functions-000447.c	+[SCCBillboardPromptContext valdiMarshallableObjectDescriptor]	
104c94b04	104c94b37	decompiled	chunks/006/functions-000447.c	-[SCCBillboardPromptIconConfig init]	
104c94b38	104c94b4b	decompiled	chunks/006/functions-000447.c	+[SCCBillboardPromptIconConfig valdiMarshallableObjectDescriptor]	
104c94b4c	104c94b7f	decompiled	chunks/006/functions-000447.c	-[SCCBillboardPromptLinkConfig initWithTag:link:]	
104c94b80	104c94b8f	decompiled	chunks/006/functions-000447.c	+[SCCBillboardPromptLinkConfig valdiMarshallableObjectDescriptor]	
104c94b90	104c94bc3	decompiled	chunks/006/functions-000447.c	-[SCCBillboardPromptTextConfig initWithText:]	
104c94bc4	104c94bd7	decompiled	chunks/006/functions-000447.c	+[SCCBillboardPromptTextConfig valdiMarshallableObjectDescriptor]	
104c94bd8	104c94c0f	decompiled	chunks/006/functions-000447.c	-[SCCBillboardPromptViewModel initWithIcon:title:descriptionText:canDismiss:enableDynamicFont:]	
104c94c10	104c94c97	decompiled	chunks/006/functions-000447.c	+[SCCBillboardPromptViewModel valdiMarshallableObjectDescriptor]	
104c94c98	104c94d0b	decompiled	chunks/006/functions-000447.c	-[SCCBillboardLogSurface__Enum init]	
104c94d0c	104c94d73	decompiled	chunks/006/functions-000447.c	-[SCCBillboardLogType__Enum init]	
104c94d74	104c94daf	decompiled	chunks/006/functions-000447.c	-[SCCBillboardLog initWithType:message:]	
104c94db0	104c94dc3	decompiled	chunks/006/functions-000447.c	+[SCCBillboardLog valdiMarshallableObjectDescriptor]	
104c94dc4	104c94dff	decompiled	chunks/006/functions-000447.c	-[SCCBillboardLogConfig initWithSurface:]	
104c94e00	104c94e77	decompiled	chunks/006/functions-000447.c	+[SCCBillboardLogConfig valdiMarshallableObjectDescriptor]	
104c94e78	104c94edf	decompiled	chunks/006/functions-000447.c	+[SCBillboardPbHoldoutElementList descriptor]	
104c94ee0	104c9508f	decompiled	chunks/006/functions-000447.c	-[SCBillboardProfileActivityCardEntryPoint begin]	
104c95090	104c950cf	decompiled	chunks/006/functions-000447.c		
104c950d0	104c951c3	decompiled	chunks/006/functions-000447.c	-[SCBillboardProfileActivityCardEntryPoint _actionHandlers]	
104c951c4	104c9520f	decompiled	chunks/006/functions-000447.c		
104c95210	104c95277	decompiled	chunks/006/functions-000447.c		
104c95278	104c952d7	decompiled	chunks/006/functions-000447.c	-[SCBillboardProfileActivityCardEntryPoint .cxx_destruct]	
104c952d8	104c95343	decompiled	chunks/006/functions-000447.c	-[SCBillboardProfileActivityCardSectionActionHandler initWithDelegate:]	
104c95344	104c95483	decompiled	chunks/006/functions-000447.c	-[SCBillboardProfileActivityCardSectionActionHandler handleActionWithSender:actionModel:fromSourceView:]	
104c95484	104c9549b	decompiled	chunks/006/functions-000447.c	-[SCBillboardProfileActivityCardSectionActionHandler presentingViewController]	
104c9549c	104c954a7	decompiled	chunks/006/functions-000447.c	-[SCBillboardProfileActivityCardSectionActionHandler setPresentingViewController:]	
104c954a8	104c954cf	decompiled	chunks/006/functions-000447.c	-[SCBillboardProfileActivityCardSectionActionHandler .cxx_destruct]	
104c954d0	104c95587	decompiled	chunks/006/functions-000447.c	-[SCBillboardProfileActivityCardSectionDataProvider initWithResourceDownloader:delegate:]	
104c95588	104c95593	decompiled	chunks/006/functions-000447.c	+[SCBillboardProfileActivityCardSectionDataProvider announcerIdentifier]	
104c95594	104c9559b	decompiled	chunks/006/functions-000447.c	-[SCBillboardProfileActivityCardSectionDataProvider addListener:]	
104c9559c	104c955a3	decompiled	chunks/006/functions-000447.c	-[SCBillboardProfileActivityCardSectionDataProvider removeListener:]	
104c955a4	104c9561b	decompiled	chunks/006/functions-000447.c	-[SCBillboardProfileActivityCardSectionDataProvider setSectionDataModel:]	
104c9561c	104c95623	decompiled	chunks/006/functions-000447.c	-[SCBillboardProfileActivityCardSectionDataProvider numberOfItemsInSection:]	
104c95624	104c956b7	decompiled	chunks/006/functions-000447.c	-[SCBillboardProfileActivityCardSectionDataProvider containerCellViewModelsForIndexPaths:]	
104c956b8	104c9587f	decompiled	chunks/006/functions-000447.c		
104c95880	104c95917	decompiled	chunks/007/functions-000448.c	-[SCBillboardProfileActivityCardSectionDataProvider contentCellClassesByReuseIdentifier]	
104c95918	104c95acb	decompiled	chunks/007/functions-000448.c	-[SCBillboardProfileActivityCardSectionDataProvider configurationBlocksByReuseIdentifier]	
104c95acc	104c95b5b	decompiled	chunks/007/functions-000448.c		
104c95b5c	104c95bcb	decompiled	chunks/007/functions-000448.c	-[SCBillboardProfileActivityCardSectionDataProvider _configureCell:]	
104c95bcc	104c95c3b	decompiled	chunks/007/functions-000448.c	-[SCBillboardProfileActivityCardSectionDataProvider _configureNonTemplatedCell:]	
104c95c3c	104c95d03	decompiled	chunks/007/functions-000448.c	-[SCBillboardProfileActivityCardSectionDataProvider updateSectionWithViewModelList:]	
104c95d04	104c95dbb	decompiled	chunks/007/functions-000448.c	-[SCBillboardProfileActivityCardSectionDataProvider _asyncAnnounceSectionWillAppearOnScreen]	
104c95dbc	104c95de7	decompiled	chunks/007/functions-000448.c		
104c95de8	104c95eab	decompiled	chunks/007/functions-000448.c	-[SCBillboardProfileActivityCardSectionDataProvider _triggerLifecycleEvent]	
104c95eac	104c95ec3	decompiled	chunks/007/functions-000448.c	-[SCBillboardProfileActivityCardSectionDataProvider dataProviderDelegate]	
104c95ec4	104c95ecf	decompiled	chunks/007/functions-000448.c	-[SCBillboardProfileActivityCardSectionDataProvider setDataProviderDelegate:]	
104c95ed0	104c95ed7	decompiled	chunks/007/functions-000448.c	-[SCBillboardProfileActivityCardSectionDataProvider updateQueuePerformer]	
104c95ed8	104c95f07	decompiled	chunks/007/functions-000448.c	-[SCBillboardProfileActivityCardSectionDataProvider setUpdateQueuePerformer:]	
104c95f08	104c95f0f	decompiled	chunks/007/functions-000448.c	-[SCBillboardProfileActivityCardSectionDataProvider sectionDataModel]	
104c95f10	104c95f17	decompiled	chunks/007/functions-000448.c	-[SCBillboardProfileActivityCardSectionDataProvider lifecycleAnnouncer]	
104c95f18	104c95f47	decompiled	chunks/007/functions-000448.c	-[SCBillboardProfileActivityCardSectionDataProvider setLifecycleAnnouncer:]	
104c95f48	104c95fc3	decompiled	chunks/007/functions-000448.c	-[SCBillboardProfileActivityCardSectionDataProvider .cxx_destruct]	
104c95fc4	104c9610b	decompiled	chunks/007/functions-000448.c	-[SCBillboardProfileActivityCardSectionDataSource initWithResourceDownloader:pacCampaignDataProvider:actionHandlers:]	
104c9610c	104c9623f	decompiled	chunks/007/functions-000448.c	-[SCBillboardProfileActivityCardSectionDataSource _setupActionHandlersMap:]	
104c96240	104c963c3	decompiled	chunks/007/functions-000448.c		
104c963c4	104c964bf	decompiled	chunks/007/functions-000448.c	-[SCBillboardProfileActivityCardSectionDataSource loadNextCard]	
104c964c0	104c96543	decompiled	chunks/007/functions-000448.c		
104c96544	104c966e3	decompiled	chunks/007/functions-000448.c	-[SCBillboardProfileActivityCardSectionDataSource _displayViewWithCampaignInfoList:]	
104c966e4	104c96713	decompiled	chunks/007/functions-000448.c	-[SCBillboardProfileActivityCardSectionDataSource _clearAllCard]	
104c96714	104c96953	decompiled	chunks/007/functions-000448.c	-[SCBillboardProfileActivityCardSectionDataSource _updateSectionWithCurrentCampaignInfo]	
104c96954	104c9695b	decompiled	chunks/007/functions-000448.c	-[SCBillboardProfileActivityCardSectionDataSource order]	
104c9695c	104c96a73	decompiled	chunks/007/functions-000448.c	-[SCBillboardProfileActivityCardSectionDataSource section]	
104c96a74	104c96a9b	decompiled	chunks/007/functions-000448.c	-[SCBillboardProfileActivityCardSectionDataSource actionHandler]	
104c96a9c	104c96cab	decompiled	chunks/007/functions-000448.c	-[SCBillboardProfileActivityCardSectionDataSource tapItem:]	
104c96cac	104c96cb3	decompiled	chunks/007/functions-000448.c		
104c96cb4	104c96d4f	decompiled	chunks/007/functions-000448.c	-[SCBillboardProfileActivityCardSectionDataSource dismissItem:]	
104c96d50	104c96d67	decompiled	chunks/007/functions-000448.c	-[SCBillboardProfileActivityCardSectionDataSource lifecycleAnnouncer]	
104c96d68	104c96d73	decompiled	chunks/007/functions-000448.c	-[SCBillboardProfileActivityCardSectionDataSource setLifecycleAnnouncer:]	
104c96d74	104c96df3	decompiled	chunks/007/functions-000448.c	-[SCBillboardProfileActivityCardSectionDataSource .cxx_destruct]	
104c96df4	104c96dfb	decompiled	chunks/007/functions-000448.c	-[SCMyUnifiedProfilePACSection minimumSectionInteritemSpacing]	
104c96dfc	104c96e03	decompiled	chunks/007/functions-000448.c	-[SCMyUnifiedProfilePACSection minimumSectionLineSpacing]	
104c96e04	104c96f53	decompiled	chunks/007/functions-000448.c	-[SCBillboardPacViewModel initWithTitle:subtitle:leftIconUrl:shouldBadge:campaignCofName:accessibilityIdentifier:isMiniCard:]	
104c96f54	104c96f77	decompiled	chunks/007/functions-000448.c	-[SCBillboardPacViewModel copyWithZone:]	
104c96f78	104c97017	decompiled	chunks/007/functions-000448.c	-[SCBillboardPacViewModel hash]	
104c97018	104c97127	decompiled	chunks/007/functions-000448.c	-[SCBillboardPacViewModel isEqual:]	
104c97128	104c9712f	decompiled	chunks/007/functions-000448.c	-[SCBillboardPacViewModel title]	
104c97130	104c97137	decompiled	chunks/007/functions-000448.c	-[SCBillboardPacViewModel subtitle]	
104c97138	104c9713f	decompiled	chunks/007/functions-000448.c	-[SCBillboardPacViewModel leftIconUrl]	
104c97140	104c97147	decompiled	chunks/007/functions-000448.c	-[SCBillboardPacViewModel shouldBadge]	
104c97148	104c9714f	decompiled	chunks/007/functions-000448.c	-[SCBillboardPacViewModel campaignCofName]	
104c97150	104c97157	decompiled	chunks/007/functions-000448.c	-[SCBillboardPacViewModel accessibilityIdentifier]	
104c97158	104c9715f	decompiled	chunks/007/functions-000448.c	-[SCBillboardPacViewModel isMiniCard]	
104c97160	104c971b3	decompiled	chunks/007/functions-000448.c	-[SCBillboardPacViewModel .cxx_destruct]	
104c971b4	104c974f7	decompiled	chunks/007/functions-000448.c	-[SCSettingsUsernameEntryPoint begin]	
104c974f8	104c9755b	decompiled	chunks/007/functions-000448.c		
104c9755c	104c975a3	decompiled	chunks/007/functions-000448.c		
104c975a4	104c975e3	decompiled	chunks/007/functions-000448.c	-[SCSettingsUsernameEntryPoint _mapRowViewModelFromUsername:]	
104c975e4	104c9773f	decompiled	chunks/007/functions-000448.c	-[SCSettingsUsernameEntryPoint _rowViewModel]	
104c97740	104c97757	decompiled	chunks/007/functions-000448.c		
104c97758	104c9779b	decompiled	chunks/007/functions-000448.c		
104c9779c	104c978a3	decompiled	chunks/007/functions-000448.c		
104c978a4	104c9792b	decompiled	chunks/007/functions-000448.c		
104c9792c	104c97993	decompiled	chunks/007/functions-000448.c	-[SCSettingsUsernameEntryPoint _onSettingsRowHandleContext:]	
104c97994	104c97b4f	decompiled	chunks/007/functions-000448.c	-[SCSettingsUsernameEntryPoint _presentChangeUsernameSettingsPage:]	
104c97b50	104c97b5f	decompiled	chunks/007/functions-000448.c		
104c97b60	104c97bc7	decompiled	chunks/007/functions-000448.c		
104c97bc8	104c97f7b	decompiled	chunks/007/functions-000448.c	-[SCSettingsUsernameEntryPoint _presentLegacyShareUsername:]	
104c97f7c	104c97f7f	decompiled	chunks/007/functions-000448.c		
104c97f80	104c97f83	decompiled	chunks/007/functions-000448.c	-[SCSettingsUsernameEntryPoint usernameChangeComplete]	
104c97f84	104c97fdb	decompiled	chunks/007/functions-000448.c	-[SCSettingsUsernameEntryPoint usernameChangeShareComplete]	
104c97fdc	104c97fdf	decompiled	chunks/007/functions-000448.c	-[SCSettingsUsernameEntryPoint usernameChangeCanceled]	
104c97fe0	104c97fe3	decompiled	chunks/007/functions-000448.c	-[SCSettingsUsernameEntryPoint usernameChangeDismissed]	
104c97fe4	104c9803b	decompiled	chunks/007/functions-000448.c	-[SCSettingsUsernameEntryPoint _usernameChangeRemoveScope]	
104c9803c	104c980bf	decompiled	chunks/007/functions-000448.c	-[SCSettingsUsernameEntryPoint .cxx_destruct]	
104c980c0	104c98107	decompiled	chunks/007/functions-000448.c		
104c98108	104c983f3	decompiled	chunks/007/functions-000448.c	-[SCContactsPermissionRepromptEntryPoint begin]	
104c983f4	104c98473	decompiled	chunks/007/functions-000448.c		
104c98474	104c9850b	decompiled	chunks/007/functions-000448.c	-[SCContactsPermissionRepromptEntryPoint _createUIContainer]	
104c9850c	104c985a3	decompiled	chunks/007/functions-000448.c	-[SCContactsPermissionRepromptEntryPoint .cxx_destruct]	
104c985a4	104c98607	decompiled	chunks/007/functions-000448.c	-[SCPreferences userPromptedDate]	
104c98608	104c9867f	decompiled	chunks/007/functions-000448.c	-[SCPreferences userPromptedCount]	
104c98680	104c9868b	decompiled	chunks/007/functions-000448.c	-[SCPreferences setUserPromptedDate:]	
104c9868c	104c986d7	decompiled	chunks/007/functions-000448.c	-[SCPreferences setUserPromptedCount:]	
104c986d8	104c986e3	decompiled	chunks/007/functions-000448.c	-[SCFeatureSettingsService isContactsEnableDialogLastSeenTimestampAvailable]	
104c986e4	104c986ef	decompiled	chunks/007/functions-000448.c	-[SCFeatureSettingsService contactsEnableDialogLastSeenTimestampServerParam]	
104c986f0	104c986ff	decompiled	chunks/007/functions-000448.c	-[SCFeatureSettingsService setContactsEnableDialogLastSeenTimestamp:]	
104c98700	104c98707	decompiled	chunks/007/functions-000448.c	-[SCFeatureSettingsService contacts_enable_dialog_last_seen_timestamp_client_value:]	
104c98708	104c9870f	decompiled	chunks/007/functions-000448.c	-[SCFeatureSettingsService contacts_enable_dialog_last_seen_timestamp_server_value:]	
104c98710	104c9871f	decompiled	chunks/007/functions-000448.c	-[SCFeatureSettingsService contactsEnableDialogLastSeenTimestamp]	
104c98720	104c9872b	decompiled	chunks/007/functions-000448.c	-[SCFeatureSettingsService isContactsEnableDialogSeenCountAvailable]	
104c9872c	104c98737	decompiled	chunks/007/functions-000448.c	-[SCFeatureSettingsService contactsEnableDialogSeenCountServerParam]	
104c98738	104c98747	decompiled	chunks/007/functions-000448.c	-[SCFeatureSettingsService setContactsEnableDialogSeenCount:]	
104c98748	104c9874f	decompiled	chunks/007/functions-000448.c	-[SCFeatureSettingsService contacts_enable_dialog_seen_count_client_value:]	
104c98750	104c98757	decompiled	chunks/007/functions-000448.c	-[SCFeatureSettingsService contacts_enable_dialog_seen_count_server_value:]	
104c98758	104c98767	decompiled	chunks/007/functions-000448.c	-[SCFeatureSettingsService contactsEnableDialogSeenCount]	
104c98768	104c98af3	decompiled	chunks/007/functions-000448.c	-[SCContactsPermissionRepromptWorkflow initWithPermissionPromptUIContainer:allContactsUIContainer:preferences:featureSettingsService:fstCampaignDataProvider:additionalMetricsData:contactPermissionRequestScopeExposer:allContactsScopeExposer:circumstanceEngine:]	
104c98af4	104c98c7f	decompiled	chunks/007/functions-000448.c	-[SCContactsPermissionRepromptWorkflow contactPermissionWorkflowCompletedWithPermissionGranted:]	
104c98c80	104c98c83	decompiled	chunks/007/functions-000448.c	-[SCContactsPermissionRepromptWorkflow contactPermissionWorkflowSkipped]	
104c98c84	104c98cdf	decompiled	chunks/007/functions-000448.c	-[SCContactsPermissionRepromptWorkflow contactPermissionWorkflowCompletedWithGoToSettings:]	
104c98ce0	104c98cff	decompiled	chunks/007/functions-000448.c	-[SCContactsPermissionRepromptWorkflow allContactsWorkflowCompleted]	
104c98d00	104c98d47	decompiled	chunks/007/functions-000448.c	-[SCContactsPermissionRepromptWorkflow canShowCampaign:]	
104c98d48	104c98eeb	decompiled	chunks/007/functions-000448.c	-[SCContactsPermissionRepromptWorkflow showCampaign:uiContainer:onComplete:]	
104c98eec	104c98fa7	decompiled	chunks/007/functions-000448.c	-[SCContactsPermissionRepromptWorkflow _detachPermissionPromptUIAndRemoveScope]	
104c98fa8	104c99043	decompiled	chunks/007/functions-000448.c	-[SCContactsPermissionRepromptWorkflow .cxx_destruct]	
104c99044	104c990b7	decompiled	chunks/007/functions-000448.c	-[SCGrapheneFacebookLinkingMetric2 init]	
104c990b8	104c9922b	decompiled	chunks/007/functions-000449.c		
104c9922c	104c9939f	decompiled	chunks/007/functions-000449.c		
104c993a0	104c9958b	decompiled	chunks/007/functions-000449.c		
104c9958c	104c996ff	decompiled	chunks/007/functions-000449.c		
104c99700	104c99873	decompiled	chunks/007/functions-000449.c		
104c99874	104c99aa3	decompiled	chunks/007/functions-000449.c		
104c99aa4	104c99b17	decompiled	chunks/007/functions-000449.c	-[SCGrapheneFacebookLoginMetric2 init]	
104c99b18	104c99b8f	decompiled	chunks/007/functions-000449.c		
104c99b90	104c99d03	decompiled	chunks/007/functions-000449.c		
104c99d04	104c99e77	decompiled	chunks/007/functions-000449.c		
104c99e78	104c9a0a7	decompiled	chunks/007/functions-000449.c		
104c9a0a8	104c9a2d7	decompiled	chunks/007/functions-000449.c		
104c9a2d8	104c9a517	decompiled	chunks/007/functions-000449.c	-[SCInAppRatingEntryPoint begin]	
104c9a518	104c9a557	decompiled	chunks/007/functions-000449.c		
104c9a558	104c9a5d3	decompiled	chunks/007/functions-000449.c	-[SCInAppRatingEntryPoint _inAppRatingLogger]	
104c9a5d4	104c9a633	decompiled	chunks/007/functions-000449.c	-[SCInAppRatingEntryPoint .cxx_destruct]	
104c9a634	104c9a6a7	decompiled	chunks/007/functions-000449.c	-[SCInAppRatingLogger initWithUserTrackedLogger:]	
104c9a6a8	104c9a6fb	decompiled	chunks/007/functions-000449.c	-[SCInAppRatingLogger logUserViewPreprompt]	
104c9a6fc	104c9a703	decompiled	chunks/007/functions-000449.c	-[SCInAppRatingLogger logUserTapNotNowOnPreprompt]	
104c9a704	104c9a70b	decompiled	chunks/007/functions-000449.c	-[SCInAppRatingLogger logUserTapSureOnPreprompt]	
104c9a70c	104c9a773	decompiled	chunks/007/functions-000449.c	-[SCInAppRatingLogger _logUserRatingPrepromptAction:]	
104c9a774	104c9a77f	decompiled	chunks/007/functions-000449.c	-[SCInAppRatingLogger .cxx_destruct]	
104c9a780	104c9a823	decompiled	chunks/007/functions-000449.c	-[SCInAppRatingUIRouteActions initWithUiContainer:window:]	
104c9a824	104c9a8af	decompiled	chunks/007/functions-000449.c	-[SCInAppRatingUIRouteActions showPrepromptWithDelegate:]	
104c9a8b0	104c9a8bb	decompiled	chunks/007/functions-000449.c		
104c9a8bc	104c9a8f7	decompiled	chunks/007/functions-000449.c	-[SCInAppRatingUIRouteActions _showPrepromptWithDelegate:]	
104c9a8f8	104c9a903	decompiled	chunks/007/functions-000449.c	-[SCInAppRatingUIRouteActions dismissPreprompt]	
104c9a904	104c9a947	decompiled	chunks/007/functions-000449.c	-[SCInAppRatingUIRouteActions showOSInAppRatingPrompt]	
104c9a948	104c9ab03	decompiled	chunks/007/functions-000449.c	-[SCInAppRatingUIRouteActions _prepromptWithDelegate:]	
104c9ab04	104c9ab13	decompiled	chunks/007/functions-000449.c		
104c9ab14	104c9ab43	decompiled	chunks/007/functions-000449.c	-[SCInAppRatingUIRouteActions .cxx_destruct]	
104c9ab44	104c9ac37	decompiled	chunks/007/functions-000449.c	-[SCInAppRatingWorkflow initWithRouter:inAppRatingScopeDelegate:inAppRatingRecorder:inAppRatingLogger:]	
104c9ac38	104c9acb7	decompiled	chunks/007/functions-000449.c	-[SCInAppRatingWorkflow beginWorkflow]	
104c9acb8	104c9acc3	decompiled	chunks/007/functions-000449.c		
104c9acc4	104c9ada3	decompiled	chunks/007/functions-000449.c	-[SCInAppRatingWorkflow userDidTapSure]	
104c9ada4	104c9ae83	decompiled	chunks/007/functions-000449.c	-[SCInAppRatingWorkflow userDidTapNotNow]	
104c9ae84	104c9aec7	decompiled	chunks/007/functions-000449.c	-[SCInAppRatingWorkflow .cxx_destruct]	
104c9aec8	104c9af27	decompiled	chunks/007/functions-000449.c		
104c9af28	104c9b00b	decompiled	chunks/007/functions-000449.c	-[SCInAppRatingRecorderServiceProvider provide]	
104c9b00c	104c9b04b	decompiled	chunks/007/functions-000449.c		
104c9b04c	104c9b17b	decompiled	chunks/007/functions-000449.c	-[SCInAppRatingRecorderServiceProvider _inAppRatingRecorder]	
104c9b17c	104c9b1b3	decompiled	chunks/007/functions-000449.c	-[SCInAppRatingRecorderServiceProvider .cxx_destruct]	
104c9b1b4	104c9b1bf	decompiled	chunks/007/functions-000449.c	-[SCFeatureSettingsService isRatingInAppPromptRecordsAvailable]	
104c9b1c0	104c9b1cb	decompiled	chunks/007/functions-000449.c	-[SCFeatureSettingsService ratingInAppPromptRecordsServerParam]	
104c9b1cc	104c9b1db	decompiled	chunks/007/functions-000449.c	-[SCFeatureSettingsService setRatingInAppPromptRecords:]	
104c9b1dc	104c9b203	decompiled	chunks/007/functions-000449.c	-[SCFeatureSettingsService rating_inapp_prompt_records_client_value:]	
104c9b204	104c9b22b	decompiled	chunks/007/functions-000449.c	-[SCFeatureSettingsService rating_inapp_prompt_records_server_value:]	
104c9b22c	104c9b23f	decompiled	chunks/007/functions-000449.c	-[SCFeatureSettingsService ratingInAppPromptRecords]	
104c9b240	104c9b34f	decompiled	chunks/007/functions-000449.c	-[SCInAppRatingRecordsParser initWithSerializedJSON:]	
104c9b350	104c9b453	decompiled	chunks/007/functions-000449.c	-[SCInAppRatingRecordsParser serialized]	
104c9b454	104c9b45b	decompiled	chunks/007/functions-000449.c	-[SCInAppRatingRecordsParser prePromptDialogViewedDict]	
104c9b45c	104c9b467	decompiled	chunks/007/functions-000449.c	-[SCInAppRatingRecordsParser .cxx_destruct]	
104c9b468	104c9b5f3	decompiled	chunks/007/functions-000449.c	-[SCInAppRatingRecorderImpl initWithFeatureSettingsService:inAppRatingConfig:]	
104c9b5f4	104c9b85f	decompiled	chunks/007/functions-000449.c	-[SCInAppRatingRecorderImpl hasPrepromptedBefore]	
104c9b860	104c9b95b	decompiled	chunks/007/functions-000449.c	-[SCInAppRatingRecorderImpl recordPrepromptAction:]	
104c9b95c	104c9b9db	decompiled	chunks/007/functions-000449.c	-[SCInAppRatingRecorderImpl _getNowTimeStamp]	
104c9b9dc	104c9b9f7	decompiled	chunks/007/functions-000449.c	-[SCInAppRatingRecorderImpl _getStringFromPrepromptAction:]	
104c9b9f8	104c9ba33	decompiled	chunks/007/functions-000449.c	-[SCInAppRatingRecorderImpl .cxx_destruct]	
104c9ba34	104c9ba9b	decompiled	chunks/007/functions-000449.c	+[SCActivationPbInAppRatingConfig descriptor]	
104c9ba9c	104c9bbb7	decompiled	chunks/007/functions-000449.c	-[SCInAppRatingTrigger initWithSnapSendEvents:inAppRatingRecorder:circumstanceEngine:storageQuotaManager:delegate:]	
104c9bbb8	104c9bc0f	decompiled	chunks/007/functions-000449.c	-[SCInAppRatingTrigger startObservingSnapSendEventsIfNeed]	
104c9bc10	104c9bcd7	decompiled	chunks/007/functions-000449.c	-[SCInAppRatingTrigger _startObservingSnapSendEvents]	
104c9bcd8	104c9bd03	decompiled	chunks/007/functions-000449.c		
104c9bd04	104c9bd3f	decompiled	chunks/007/functions-000449.c	-[SCInAppRatingTrigger _handleSnapSendEvents]	
104c9bd40	104c9bd57	decompiled	chunks/007/functions-000449.c	-[SCInAppRatingTrigger _isTargetUser]	
104c9bd58	104c9bd97	decompiled	chunks/007/functions-000449.c	-[SCInAppRatingTrigger _hasPrepromptedBefore]	
104c9bd98	104c9bdaf	decompiled	chunks/007/functions-000449.c	-[SCInAppRatingTrigger _shouldCheckStorageQuota]	
104c9bdb0	104c9be17	decompiled	chunks/007/functions-000449.c	-[SCInAppRatingTrigger _isUserOverStorageQuota]	
104c9be18	104c9be73	decompiled	chunks/007/functions-000449.c	-[SCInAppRatingTrigger .cxx_destruct]	
104c9be74	104c9bf9f	decompiled	chunks/007/functions-000449.c	-[SCInAppRatingTriggerEntryPoint begin]	
104c9bfa0	104c9bfcb	decompiled	chunks/007/functions-000449.c		
104c9bfcc	104c9c11b	decompiled	chunks/007/functions-000449.c	-[SCInAppRatingTriggerEntryPoint _begin]	
104c9c11c	104c9c143	decompiled	chunks/007/functions-000449.c	-[SCInAppRatingTriggerEntryPoint inAppRatingScopeDidComplete]	
104c9c144	104c9c19b	decompiled	chunks/007/functions-000449.c	-[SCInAppRatingTriggerEntryPoint inAppRatingTriggered]	
104c9c19c	104c9c26b	decompiled	chunks/007/functions-000449.c		
104c9c26c	104c9c2ff	decompiled	chunks/007/functions-000449.c	-[SCInAppRatingTriggerEntryPoint .cxx_destruct]	
104c9c300	104c9c373	decompiled	chunks/007/functions-000449.c	-[SCInAppRatingRecorderServices initWithInAppRatingRecorder:]	
104c9c374	104c9c37b	decompiled	chunks/007/functions-000449.c	-[SCInAppRatingRecorderServices inAppRatingRecorder]	
104c9c37c	104c9c387	decompiled	chunks/007/functions-000449.c	-[SCInAppRatingRecorderServices .cxx_destruct]	
104c9c388	104c9c423	decompiled	chunks/007/functions-000449.c	-[SCInAppRatingScope initWithUiContainer:delegate:]	
104c9c424	104c9c42b	decompiled	chunks/007/functions-000449.c	-[SCInAppRatingScope uiContainer]	
104c9c42c	104c9c443	decompiled	chunks/007/functions-000449.c	-[SCInAppRatingScope delegate]	
104c9c444	104c9c46f	decompiled	chunks/007/functions-000449.c	-[SCInAppRatingScope .cxx_destruct]	
104c9c470	104c9c47b	decompiled	chunks/007/functions-000449.c	-[SCFeatureSettingsService hasVerificationTakeoverTimestampSeconds]	
104c9c47c	104c9c487	decompiled	chunks/007/functions-000449.c	-[SCFeatureSettingsService lastVerificationTakeoverTimestampSecondsServerParam]	
104c9c488	104c9c497	decompiled	chunks/007/functions-000449.c	-[SCFeatureSettingsService setLastVerificationTakeoverTimestampSeconds:]	
104c9c498	104c9c49f	decompiled	chunks/007/functions-000449.c	-[SCFeatureSettingsService LAST_VERIFICATION_TAKEOVER_TIMESTAMP_SECONDS_client_value:]	
104c9c4a0	104c9c4a7	decompiled	chunks/007/functions-000449.c	-[SCFeatureSettingsService LAST_VERIFICATION_TAKEOVER_TIMESTAMP_SECONDS_server_value:]	
104c9c4a8	104c9c4b7	decompiled	chunks/007/functions-000449.c	-[SCFeatureSettingsService lastVerificationTakeoverTimestampSeconds]	
104c9c4b8	104c9c4c3	decompiled	chunks/007/functions-000449.c	-[SCFeatureSettingsService hasVerificationTakeoverImpressionCount]	
104c9c4c4	104c9c4cf	decompiled	chunks/007/functions-000449.c	-[SCFeatureSettingsService verificationTakeoverImpressionCountServerParam]	
104c9c4d0	104c9c4df	decompiled	chunks/007/functions-000449.c	-[SCFeatureSettingsService setVerificationTakeoverImpressionCount:]	
104c9c4e0	104c9c4e7	decompiled	chunks/007/functions-000449.c	-[SCFeatureSettingsService VERIFICATION_TAKEOVER_IMPRESSION_COUNT_client_value:]	
104c9c4e8	104c9c4ef	decompiled	chunks/007/functions-000449.c	-[SCFeatureSettingsService VERIFICATION_TAKEOVER_IMPRESSION_COUNT_server_value:]	
104c9c4f0	104c9c4ff	decompiled	chunks/007/functions-000449.c	-[SCFeatureSettingsService verificationTakeoverImpressionCount]	
104c9c500	104c9c7e7	decompiled	chunks/007/functions-000449.c	-[SCIdentityVerificationTakeoverEntryPoint begin]	
104c9c7e8	104c9c8cf	decompiled	chunks/007/functions-000449.c		
104c9c8d0	104c9ca2f	decompiled	chunks/007/functions-000449.c	-[SCIdentityVerificationTakeoverEntryPoint _verificationTakeoverProvider:providerType:campaignId:]	
104c9ca30	104c9cb93	decompiled	chunks/007/functions-000449.c	-[SCIdentityVerificationTakeoverEntryPoint _emailVerificationTakeoverUIRouteActions]	
