address	end_address	status	pseudocode_file	runtime_label	error
104df6178	104df61bb	decompiled	chunks/008/functions-000519.c	-[SCCommerceHeroCarouselCell populateWithImage:]	
104df61bc	104df6b8f	decompiled	chunks/008/functions-000520.c	-[SCCommerceHeroCarouselCell _setupViews]	
104df6b90	104df6c07	decompiled	chunks/008/functions-000520.c	-[SCCommerceHeroCarouselCell _setShimmerOn:]	
104df6c08	104df6c67	decompiled	chunks/008/functions-000520.c	-[SCCommerceHeroCarouselCell .cxx_destruct]	
104df6c68	104df6cdb	decompiled	chunks/008/functions-000520.c	-[SCCommerceHeroCarouselAssetHelperImpl initWithOnDemandResourceDownloader:]	
104df6cdc	104df6f03	decompiled	chunks/008/functions-000520.c	-[SCCommerceHeroCarouselAssetHelperImpl fetchImageForUrl:completion:]	
104df6f04	104df6f5b	decompiled	chunks/008/functions-000520.c		
104df6f5c	104df712f	decompiled	chunks/008/functions-000520.c	-[SCCommerceHeroCarouselAssetHelperImpl _completeWithImage:url:completion:startTimeMilliseconds:]	
104df7130	104df7133	decompiled	chunks/008/functions-000520.c	-[SCCommerceHeroCarouselAssetHelperImpl _logEntry:]	
104df7134	104df7137	decompiled	chunks/008/functions-000520.c	-[SCCommerceHeroCarouselAssetHelperImpl _logError:]	
104df7138	104df7143	decompiled	chunks/008/functions-000520.c	-[SCCommerceHeroCarouselAssetHelperImpl .cxx_destruct]	
104df7144	104df714b	decompiled	chunks/008/functions-000520.c	-[SCCommerceRTLCollectionViewFlowLayout flipsHorizontallyInOppositeLayoutDirection]	
104df714c	104df734f	decompiled	chunks/008/functions-000520.c	-[SCCommerceHeroCarouselCollectionView initWithCarouselConfig:carouselDelegate:assetHelper:imageScrubbing:]	
104df7350	104df73d3	decompiled	chunks/008/functions-000520.c	-[SCCommerceHeroCarouselCollectionView layoutSubviews]	
104df73d4	104df7423	decompiled	chunks/008/functions-000520.c	-[SCCommerceHeroCarouselCollectionView didMoveToSuperview]	
104df7424	104df7aa7	decompiled	chunks/008/functions-000520.c	-[SCCommerceHeroCarouselCollectionView _setupViews]	
104df7aa8	104df7af7	decompiled	chunks/008/functions-000520.c	-[SCCommerceHeroCarouselCollectionView _shouldResize]	
104df7af8	104df7b8b	decompiled	chunks/008/functions-000520.c	-[SCCommerceHeroCarouselCollectionView _currentCellSize]	
104df7b8c	104df7c57	decompiled	chunks/008/functions-000520.c	-[SCCommerceHeroCarouselCollectionView _scrollToNearestVisibleCell]	
104df7c58	104df7c8f	decompiled	chunks/008/functions-000520.c	-[SCCommerceHeroCarouselCollectionView _scrollToCurrentIndexAnimating:selecting:]	
104df7c90	104df7dcf	decompiled	chunks/008/functions-000520.c	-[SCCommerceHeroCarouselCollectionView _fetchImageForIndex:]	
104df7dd0	104df7e97	decompiled	chunks/008/functions-000520.c		
104df7e98	104df7ecf	decompiled	chunks/008/functions-000520.c		
104df7ed0	104df7fb7	decompiled	chunks/008/functions-000520.c	-[SCCommerceHeroCarouselCollectionView _setCurrentIndex:]	
104df7fb8	104df80b7	decompiled	chunks/008/functions-000520.c	-[SCCommerceHeroCarouselCollectionView _loadImage:index:]	
104df80b8	104df8117	decompiled	chunks/008/functions-000520.c	-[SCCommerceHeroCarouselCollectionView _scrubberValueChanged]	
104df8118	104df811b	decompiled	chunks/008/functions-000520.c	-[SCCommerceHeroCarouselCollectionView _scrubberDoneChanging]	
104df811c	104df8183	decompiled	chunks/008/functions-000520.c	-[SCCommerceHeroCarouselCollectionView _maxOffsetX]	
104df8184	104df8233	decompiled	chunks/008/functions-000520.c	-[SCCommerceHeroCarouselCollectionView scrollViewDidScroll:]	
104df8234	104df8273	decompiled	chunks/008/functions-000520.c	-[SCCommerceHeroCarouselCollectionView scrollViewDidEndDecelerating:]	
104df8274	104df8433	decompiled	chunks/008/functions-000520.c	-[SCCommerceHeroCarouselCollectionView scrollViewWillEndDragging:withVelocity:targetContentOffset:]	
104df8434	104df847f	decompiled	chunks/008/functions-000520.c	-[SCCommerceHeroCarouselCollectionView collectionView:layout:insetForSectionAtIndex:]	
104df8480	104df84c7	decompiled	chunks/008/functions-000520.c	-[SCCommerceHeroCarouselCollectionView collectionView:numberOfItemsInSection:]	
104df84c8	104df84cf	decompiled	chunks/008/functions-000520.c	-[SCCommerceHeroCarouselCollectionView collectionView:layout:minimumLineSpacingForSectionAtIndex:]	
104df84d0	104df84d3	decompiled	chunks/008/functions-000520.c	-[SCCommerceHeroCarouselCollectionView collectionView:layout:sizeForItemAtIndexPath:]	
104df84d4	104df8543	decompiled	chunks/008/functions-000520.c	-[SCCommerceHeroCarouselCollectionView collectionView:cellForItemAtIndexPath:]	
104df8544	104df865f	decompiled	chunks/008/functions-000520.c	-[SCCommerceHeroCarouselCollectionView collectionView:willDisplayCell:forItemAtIndexPath:]	
104df8660	104df869f	decompiled	chunks/008/functions-000520.c		
104df86a0	104df86cf	decompiled	chunks/008/functions-000520.c	-[SCCommerceHeroCarouselCollectionView collectionView:didSelectItemAtIndexPath:]	
104df86d0	104df8783	decompiled	chunks/008/functions-000520.c	-[SCCommerceHeroCarouselCollectionView observeValueForKeyPath:ofObject:change:context:]	
104df8784	104df87ff	decompiled	chunks/008/functions-000520.c	-[SCCommerceHeroCarouselCollectionView .cxx_destruct]	
104df8800	104df88ef	decompiled	chunks/008/functions-000520.c	-[SCCommerceHeroCarouselCollectionViewConfig initWithInitialUrl:urls:aspectRatio:horizontalInset:forceSwiping:cellConfig:]	
104df88f0	104df8913	decompiled	chunks/008/functions-000520.c	-[SCCommerceHeroCarouselCollectionViewConfig copyWithZone:]	
104df8914	104df891b	decompiled	chunks/008/functions-000520.c	-[SCCommerceHeroCarouselCollectionViewConfig initialUrl]	
104df891c	104df8923	decompiled	chunks/008/functions-000520.c	-[SCCommerceHeroCarouselCollectionViewConfig urls]	
104df8924	104df892b	decompiled	chunks/008/functions-000520.c	-[SCCommerceHeroCarouselCollectionViewConfig aspectRatio]	
104df892c	104df8933	decompiled	chunks/008/functions-000520.c	-[SCCommerceHeroCarouselCollectionViewConfig horizontalInset]	
104df8934	104df893b	decompiled	chunks/008/functions-000520.c	-[SCCommerceHeroCarouselCollectionViewConfig forceSwiping]	
104df893c	104df8943	decompiled	chunks/008/functions-000520.c	-[SCCommerceHeroCarouselCollectionViewConfig cellConfig]	
104df8944	104df897f	decompiled	chunks/008/functions-000520.c	-[SCCommerceHeroCarouselCollectionViewConfig .cxx_destruct]	
104df8980	104df8a07	decompiled	chunks/008/functions-000520.c	-[SCCommerceHeroCarouselCellConfig initWithContentMode:padding:cornerRadius:hasDropShadows:]	
104df8a08	104df8a2b	decompiled	chunks/008/functions-000520.c	-[SCCommerceHeroCarouselCellConfig copyWithZone:]	
104df8a2c	104df8a33	decompiled	chunks/008/functions-000520.c	-[SCCommerceHeroCarouselCellConfig contentMode]	
104df8a34	104df8a3f	decompiled	chunks/008/functions-000520.c	-[SCCommerceHeroCarouselCellConfig padding]	
104df8a40	104df8a47	decompiled	chunks/008/functions-000520.c	-[SCCommerceHeroCarouselCellConfig cornerRadius]	
104df8a48	104df8a4f	decompiled	chunks/008/functions-000520.c	-[SCCommerceHeroCarouselCellConfig hasDropShadows]	
104df8a50	104df8abb	decompiled	chunks/008/functions-000520.c	-[SCCommerceTrayUIContainer initWithHostViewController:]	
104df8abc	104df8b9b	decompiled	chunks/008/functions-000520.c	-[SCCommerceTrayUIContainer attachUI:]	
104df8b9c	104df8be7	decompiled	chunks/008/functions-000520.c	-[SCCommerceTrayUIContainer detachUI:]	
104df8be8	104df8bef	decompiled	chunks/008/functions-000520.c	-[SCCommerceTrayUIContainer trayHeight]	
104df8bf0	104df8bf7	decompiled	chunks/008/functions-000520.c	-[SCCommerceTrayUIContainer setTrayHeight:]	
104df8bf8	104df8c0f	decompiled	chunks/008/functions-000520.c	-[SCCommerceTrayUIContainer trayHostDelegate]	
104df8c10	104df8c1b	decompiled	chunks/008/functions-000520.c	-[SCCommerceTrayUIContainer setTrayHostDelegate:]	
104df8c1c	104df8c57	decompiled	chunks/008/functions-000520.c	-[SCCommerceTrayUIContainer .cxx_destruct]	
104df8c58	104df8e3f	decompiled	chunks/008/functions-000520.c		
104df8e40	104df93bf	decompiled	chunks/008/functions-000520.c		
104df93c0	104df949f	decompiled	chunks/008/functions-000520.c	-[SCCommerceReportProductEntryPoint begin]	
104df94a0	104df94df	decompiled	chunks/008/functions-000520.c		
104df94e0	104df958f	decompiled	chunks/008/functions-000520.c	-[SCCommerceReportProductEntryPoint end]	
104df9590	104df967b	decompiled	chunks/008/functions-000520.c	-[SCCommerceReportProductEntryPoint _createReportService]	
104df967c	104df97ff	decompiled	chunks/008/functions-000520.c	-[SCCommerceReportProductEntryPoint _showReportV3]	
104df9800	104df985b	decompiled	chunks/008/functions-000520.c	-[SCCommerceReportProductEntryPoint reportDidCompleteWithCancelled:]	
104df985c	104df9b77	decompiled	chunks/008/functions-000520.c	-[SCCommerceReportProductEntryPoint submitReportWithReasonId:comment:completion:]	
104df9b78	104df9b87	decompiled	chunks/008/functions-000520.c		
104df9b88	104df9bdf	decompiled	chunks/008/functions-000520.c	-[SCCommerceReportProductEntryPoint .cxx_destruct]	
104df9be0	104df9d47	decompiled	chunks/008/functions-000520.c		
104df9d48	104df9e4b	decompiled	chunks/008/functions-000520.c		
104df9e4c	104df9ebf	decompiled	chunks/008/functions-000520.c	-[UNISCReportReportService initWithUnifiedGrpcService:]	
104df9ec0	104df9fa3	decompiled	chunks/008/functions-000520.c	-[UNISCReportReportService sendReportWithRequest:callOptionsBuilder:handler:]	
104df9fa4	104df9faf	decompiled	chunks/008/functions-000520.c	-[UNISCReportReportService .cxx_destruct]	
104df9fb0	104dfa02b	decompiled	chunks/008/functions-000520.c		
104dfa02c	104dfa057	decompiled	chunks/008/functions-000520.c		
104dfa058	104dfa0d3	decompiled	chunks/008/functions-000520.c		
104dfa0d4	104dfa0df	decompiled	chunks/008/functions-000520.c		
104dfa0e0	104dfa15b	decompiled	chunks/008/functions-000520.c		
104dfa15c	104dfa167	decompiled	chunks/008/functions-000520.c		
104dfa168	104dfa1e3	decompiled	chunks/008/functions-000520.c		
104dfa1e4	104dfa1ef	decompiled	chunks/008/functions-000520.c		
104dfa1f0	104dfa26b	decompiled	chunks/008/functions-000520.c		
104dfa26c	104dfa277	decompiled	chunks/008/functions-000520.c		
104dfa278	104dfa2f3	decompiled	chunks/008/functions-000520.c		
104dfa2f4	104dfa2ff	decompiled	chunks/008/functions-000520.c		
104dfa300	104dfa37b	decompiled	chunks/008/functions-000520.c		
104dfa37c	104dfa387	decompiled	chunks/008/functions-000520.c		
104dfa388	104dfa403	decompiled	chunks/008/functions-000520.c		
104dfa404	104dfa40f	decompiled	chunks/008/functions-000520.c		
104dfa410	104dfa48b	decompiled	chunks/008/functions-000520.c		
104dfa48c	104dfa497	decompiled	chunks/008/functions-000520.c		
104dfa498	104dfa513	decompiled	chunks/008/functions-000520.c		
104dfa514	104dfa51f	decompiled	chunks/008/functions-000520.c		
104dfa520	104dfa5ab	decompiled	chunks/008/functions-000520.c	+[SCReportReporter descriptor]	
104dfa5ac	104dfa63b	decompiled	chunks/008/functions-000521.c	+[SCReportReported descriptor]	
104dfa63c	104dfa6a3	decompiled	chunks/008/functions-000521.c	+[SCReportChatWallpaperReportData descriptor]	
104dfa6a4	104dfa70b	decompiled	chunks/008/functions-000521.c	+[SCReportUserReportData descriptor]	
104dfa70c	104dfa773	decompiled	chunks/008/functions-000521.c	+[SCReportProfilePictureReportData descriptor]	
104dfa774	104dfa7db	decompiled	chunks/008/functions-000521.c	+[SCReportLensReportData descriptor]	
104dfa7dc	104dfa85b	decompiled	chunks/008/functions-000521.c	+[SCReportPrivateSnapReportData descriptor]	
104dfa85c	104dfa8c3	decompiled	chunks/008/functions-000521.c	+[SCReportSpotlightStorySnapReportData descriptor]	
104dfa8c4	104dfa92b	decompiled	chunks/008/functions-000521.c	+[SCReportSpotlightTileReportData descriptor]	
104dfa92c	104dfa993	decompiled	chunks/008/functions-000521.c	+[SCReportAdsIntegrityReportData descriptor]	
104dfa994	104dfaa27	decompiled	chunks/008/functions-000521.c	+[SCReportAdsIntegrityReportData_MediaDownload descriptor]	
104dfaa28	104dfaac3	decompiled	chunks/008/functions-000521.c	+[SCReportAdsIntegrityReportData_Identifier descriptor]	
104dfaac4	104dfab2b	decompiled	chunks/008/functions-000521.c	+[SCReportPlanReportData descriptor]	
104dfab2c	104dfab93	decompiled	chunks/008/functions-000521.c	+[SCReportCustomStorySnapReportData descriptor]	
104dfab94	104dfabfb	decompiled	chunks/008/functions-000521.c	+[SCReportMyStorySnapReportData descriptor]	
104dfabfc	104dfac7b	decompiled	chunks/008/functions-000521.c	+[SCReportSnapgraphEscalationStorySnapReportData descriptor]	
104dfac7c	104dfad0f	decompiled	chunks/008/functions-000521.c	+[SCReportSnapgraphEscalationStorySnapReportData_SpotlightURLMetadata descriptor]	
104dfad10	104dfad8f	decompiled	chunks/008/functions-000521.c	+[SCReportChatMediaReportData descriptor]	
104dfad90	104dfadf7	decompiled	chunks/008/functions-000521.c	+[SCReportChatMessageReportData descriptor]	
104dfadf8	104dfae63	decompiled	chunks/008/functions-000521.c	+[SCReportChatMessage descriptor]	
104dfae64	104dfaecf	decompiled	chunks/008/functions-000521.c	+[SCReportGamesChatMessageReportData descriptor]	
104dfaed0	104dfaf37	decompiled	chunks/008/functions-000521.c	+[SCReportGamesChatMessageContent descriptor]	
104dfaf38	104dfaf9f	decompiled	chunks/008/functions-000521.c	+[SCReportPublicUserStorySnapReportData descriptor]	
104dfafa0	104dfb01b	decompiled	chunks/008/functions-000521.c	+[SCReportMediaShareReportData descriptor]	
104dfb01c	104dfb083	decompiled	chunks/008/functions-000521.c	+[SCReportNonPartnerStoryTileReportData descriptor]	
104dfb084	104dfb0eb	decompiled	chunks/008/functions-000521.c	+[SCReportOfficialUserStoryTileReportData descriptor]	
104dfb0ec	104dfb16b	decompiled	chunks/008/functions-000521.c	+[SCReportPublisherStoryTileReportData descriptor]	
104dfb16c	104dfb1d3	decompiled	chunks/008/functions-000521.c	+[SCReportMapStorySnapReportData descriptor]	
104dfb1d4	104dfb23b	decompiled	chunks/008/functions-000521.c	+[SCReportTopicStorySnapReportData descriptor]	
104dfb23c	104dfb2a3	decompiled	chunks/008/functions-000521.c	+[SCReportSpotlightReplyReportData descriptor]	
104dfb2a4	104dfb30b	decompiled	chunks/008/functions-000521.c	+[SCReportStoryCommentReportData descriptor]	
104dfb30c	104dfb373	decompiled	chunks/008/functions-000521.c	+[SCReportBitmojiOutfitReportData descriptor]	
104dfb374	104dfb3db	decompiled	chunks/008/functions-000521.c	+[SCReportSoundReportData descriptor]	
104dfb3dc	104dfb443	decompiled	chunks/008/functions-000521.c	+[SCReportSoundEscalationReportData descriptor]	
104dfb444	104dfb4af	decompiled	chunks/008/functions-000521.c	+[SCReportSpecsContentReportData descriptor]	
104dfb4b0	104dfb517	decompiled	chunks/008/functions-000521.c	+[SCReportStoreItemReportData descriptor]	
104dfb518	104dfb593	decompiled	chunks/008/functions-000521.c	+[SCReportStoreItemReportData_Unlockable descriptor]	
104dfb594	104dfb5ff	decompiled	chunks/008/functions-000521.c	+[SCReportPublisherStorySnapReportData descriptor]	
104dfb600	104dfb667	decompiled	chunks/008/functions-000521.c	+[SCReportHighlightSnapReportData descriptor]	
104dfb668	104dfb6cf	decompiled	chunks/008/functions-000521.c	+[SCReportSextortionReportData descriptor]	
104dfb6d0	104dfb74b	decompiled	chunks/008/functions-000521.c	+[SCReportProfileBackgroundReportData descriptor]	
104dfb74c	104dfb7b3	decompiled	chunks/008/functions-000521.c	+[SCReportSavedStorySnapReportData descriptor]	
104dfb7b4	104dfb81b	decompiled	chunks/008/functions-000521.c	+[SCReportHighlightTileReportData descriptor]	
104dfb81c	104dfb883	decompiled	chunks/008/functions-000521.c	+[SCReportSavedStoryTileReportData descriptor]	
104dfb884	104dfb8eb	decompiled	chunks/008/functions-000521.c	+[SCReportTestReportData descriptor]	
104dfb8ec	104dfb953	decompiled	chunks/008/functions-000521.c	+[SCReportReportEntryPoint descriptor]	
104dfb954	104dfb9bf	decompiled	chunks/008/functions-000521.c	+[SCReportReport descriptor]	
104dfb9c0	104dfba2b	decompiled	chunks/008/functions-000521.c	+[SCReportForwardedRequestInfo descriptor]	
104dfba2c	104dfba93	decompiled	chunks/008/functions-000521.c	+[SCReportSendReportRequest descriptor]	
104dfba94	104dfbafb	decompiled	chunks/008/functions-000521.c	+[SCReportSubmittedReportForm descriptor]	
104dfbafc	104dfbb9b	decompiled	chunks/008/functions-000521.c	+[SCReportSubmittedReportForm_FormData descriptor]	
104dfbb9c	104dfbc03	decompiled	chunks/008/functions-000521.c	+[SCReportSendReportResponse descriptor]	
104dfbc04	104dfbc6b	decompiled	chunks/008/functions-000521.c	+[SCReportGetReportFormRequest descriptor]	
104dfbc6c	104dfbcd3	decompiled	chunks/008/functions-000521.c	+[SCReportGetReportFormResponse descriptor]	
104dfbcd4	104dfbd3b	decompiled	chunks/008/functions-000521.c	+[SCReportReportFormRenderer descriptor]	
104dfbd3c	104dfbda7	decompiled	chunks/008/functions-000521.c	+[SCReportFormField descriptor]	
104dfbda8	104dfbe37	decompiled	chunks/008/functions-000521.c	+[SCReportFieldType descriptor]	
104dfbe38	104dfbebb	decompiled	chunks/008/functions-000521.c	+[SCReportFieldType_InputField descriptor]	
104dfbebc	104dfbf3f	decompiled	chunks/008/functions-000521.c	+[SCReportFieldType_TextareaField descriptor]	
104dfbf40	104dfbfc3	decompiled	chunks/008/functions-000521.c	+[SCReportFieldType_DropdownField descriptor]	
104dfbfc4	104dfc047	decompiled	chunks/008/functions-000521.c	+[SCReportFieldType_DropdownField_DropdownOption descriptor]	
104dfc048	104dfc0cb	decompiled	chunks/008/functions-000521.c	+[SCReportFieldType_CheckboxField descriptor]	
104dfc0cc	104dfc153	decompiled	chunks/008/functions-000521.c	+[SCReportFieldType_SectionField descriptor]	
104dfc154	104dfc1df	decompiled	chunks/008/functions-000521.c	+[SCReportValidationRule descriptor]	
104dfc1e0	104dfc247	decompiled	chunks/008/functions-000521.c	+[SCReportVisibilityRule descriptor]	
104dfc248	104dfc2b3	decompiled	chunks/008/functions-000521.c	+[SCReportGetReportsRequest descriptor]	
104dfc2b4	104dfc31b	decompiled	chunks/008/functions-000521.c	+[SCReportGetReportsResponse descriptor]	
104dfc31c	104dfc387	decompiled	chunks/008/functions-000521.c	+[SCReportReportMetadata descriptor]	
104dfc388	104dfc3ef	decompiled	chunks/008/functions-000521.c	+[SCReportReviewMetadata descriptor]	
104dfc3f0	104dfc46f	decompiled	chunks/008/functions-000521.c	+[SCReportReportedBlob descriptor]	
104dfc470	104dfc4d7	decompiled	chunks/008/functions-000521.c	+[SCReportGetReportedBlobsRequest descriptor]	
104dfc4d8	104dfc53f	decompiled	chunks/008/functions-000521.c	+[SCReportGetReportedBlobsResponse descriptor]	
104dfc540	104dfc5ab	decompiled	chunks/008/functions-000521.c	+[SCReportUpdateReviewRequest descriptor]	
104dfc5ac	104dfc613	decompiled	chunks/008/functions-000521.c	+[SCReportUpdateReviewResponse descriptor]	
104dfc614	104dfc67f	decompiled	chunks/008/functions-000521.c	+[SCReportSendReporterEmailRequest descriptor]	
104dfc680	104dfc6e7	decompiled	chunks/008/functions-000521.c	+[SCReportSendReporterEmailResponse descriptor]	
104dfc6e8	104dfc753	decompiled	chunks/008/functions-000521.c	+[SCReportCameosReportData descriptor]	
104dfc754	104dfc7d3	decompiled	chunks/008/functions-000521.c	+[SCReportGenerativeContentCreationFeedbackReportData descriptor]	
104dfc7d4	104dfc85f	decompiled	chunks/008/functions-000521.c	+[SCReportGenerativeContentMetadata descriptor]	
104dfc860	104dfc8c7	decompiled	chunks/008/functions-000521.c	+[SCReportSnapFeedMetadata descriptor]	
104dfc8c8	104dfc92f	decompiled	chunks/008/functions-000521.c	+[SCReportDreamsMetadata descriptor]	
104dfc930	104dfc997	decompiled	chunks/008/functions-000521.c	+[SCReportAiLensMetadata descriptor]	
104dfc998	104dfca13	decompiled	chunks/008/functions-000521.c	+[SCReportMediaData descriptor]	
104dfca14	104dfca9f	decompiled	chunks/008/functions-000521.c	+[SCReportMessageContents descriptor]	
104dfcaa0	104dfcb07	decompiled	chunks/008/functions-000521.c	+[SCReportUnknown descriptor]	
104dfcb08	104dfcb6f	decompiled	chunks/008/functions-000521.c	+[SCReportText descriptor]	
104dfcb70	104dfcbd7	decompiled	chunks/008/functions-000521.c	+[SCReportChatMedia descriptor]	
104dfcbd8	104dfcc3f	decompiled	chunks/008/functions-000521.c	+[SCReportSnap descriptor]	
104dfcc40	104dfcca7	decompiled	chunks/008/functions-000521.c	+[SCReportQnaResponse descriptor]	
104dfcca8	104dfcd0f	decompiled	chunks/008/functions-000521.c	+[SCReportTinySnap descriptor]	
104dfcd10	104dfcd9b	decompiled	chunks/008/functions-000521.c	+[SCReportRepliedToContents descriptor]	
104dfcd9c	104dfce03	decompiled	chunks/008/functions-000521.c	+[SCReportStoryReply descriptor]	
104dfce04	104dfce6b	decompiled	chunks/008/functions-000521.c	+[SCReportSnapMediaData descriptor]	
104dfce6c	104dfced3	decompiled	chunks/008/functions-000521.c	+[SCReportStoryShare descriptor]	
104dfced4	104dfcf3b	decompiled	chunks/008/functions-000521.c	+[SCReportVoiceNote descriptor]	
104dfcf3c	104dfcfa3	decompiled	chunks/008/functions-000521.c	+[SCReportSpotlightShare descriptor]	
104dfcfa4	104dfd00b	decompiled	chunks/008/functions-000521.c	+[SCReportCreativeToolItem descriptor]	
104dfd00c	104dfd073	decompiled	chunks/008/functions-000521.c	+[SCReportMapDropShare descriptor]	
104dfd074	104dfd0db	decompiled	chunks/008/functions-000521.c	+[SCReportTopicChatShare descriptor]	
104dfd0dc	104dfd143	decompiled	chunks/008/functions-000521.c	+[SCReportTopicChatInvite descriptor]	
104dfd144	104dfd1ab	decompiled	chunks/008/functions-000521.c	+[SCReportKronosEventShare descriptor]	
104dfd1ac	104dfd213	decompiled	chunks/008/functions-000522.c	+[SCReportPoll descriptor]	
104dfd214	104dfd2f7	decompiled	chunks/008/functions-000522.c	+[SCReportSoundShare descriptor]	
104dfd2f8	104dfd303	decompiled	chunks/008/functions-000522.c		
104dfd304	104dfd37f	decompiled	chunks/008/functions-000522.c		
104dfd380	104dfd38b	decompiled	chunks/008/functions-000522.c		
104dfd38c	104dfd407	decompiled	chunks/008/functions-000522.c		
104dfd408	104dfd413	decompiled	chunks/008/functions-000522.c		
104dfd414	104dfd48f	decompiled	chunks/008/functions-000522.c		
104dfd490	104dfd49b	decompiled	chunks/008/functions-000522.c		
104dfd49c	104dfd503	decompiled	chunks/008/functions-000522.c	+[SCSpecsReportingDeviceContext descriptor]	
104dfd504	104dfd57f	decompiled	chunks/008/functions-000522.c	+[SCSpecsReportingMediaPointer descriptor]	
104dfd580	104dfd60b	decompiled	chunks/008/functions-000522.c	+[SCSpecsReportingReportReason descriptor]	
104dfd60c	104dfd673	decompiled	chunks/008/functions-000522.c	+[SCSpecsReportingContentReportTarget descriptor]	
104dfd674	104dfd6db	decompiled	chunks/008/functions-000522.c	+[SCSpecsReportingLensComplianceReportTarget descriptor]	
104dfd6dc	104dfd767	decompiled	chunks/008/functions-000522.c	+[SCSpecsReportingReportTarget descriptor]	
104dfd768	104dfd7cf	decompiled	chunks/008/functions-000522.c	+[SCSpecsReportingLensReportTarget descriptor]	
104dfd7d0	104dfd837	decompiled	chunks/008/functions-000522.c	+[SCSpecsReportingPurchaseReportTarget descriptor]	
104dfd838	104dfd89f	decompiled	chunks/008/functions-000522.c	+[SCSpecsReportingDeviceIssueReportTarget descriptor]	
104dfd8a0	104dfd907	decompiled	chunks/008/functions-000522.c	+[SCSpecsReportingGeneralReportTarget descriptor]	
104dfd908	104dfd993	decompiled	chunks/008/functions-000522.c	+[SCSpecsReportingWebReportTarget descriptor]	
104dfd994	104dfda0f	decompiled	chunks/008/functions-000522.c		
104dfda10	104dfda2f	decompiled	chunks/008/functions-000522.c		
104dfda30	104dfdabb	decompiled	chunks/008/functions-000522.c	+[SCReportReportReasonId descriptor]	
104dfdabc	104dfdb37	decompiled	chunks/008/functions-000522.c		
104dfdb38	104dfdb57	decompiled	chunks/008/functions-000522.c		
104dfdb58	104dfdc3b	decompiled	chunks/008/functions-000522.c	+[SCReportSafetyReasonId descriptor]	
104dfdc3c	104dfdc47	decompiled	chunks/008/functions-000522.c		
104dfdc48	104dfdd2b	decompiled	chunks/008/functions-000522.c	+[SCReportStoreItemReasonId descriptor]	
104dfdd2c	104dfdd37	decompiled	chunks/008/functions-000522.c		
104dfdd38	104dfde1b	decompiled	chunks/008/functions-000522.c	+[SCReportCameosReasonId descriptor]	
104dfde1c	104dfde27	decompiled	chunks/008/functions-000522.c		
104dfde28	104dfdf1f	decompiled	chunks/008/functions-000522.c	+[SCReportGenerativeContentReasonId descriptor]	
104dfdf20	104dfdf2b	decompiled	chunks/008/functions-000522.c		
104dfdf2c	104dfe00f	decompiled	chunks/008/functions-000522.c	+[SCReportLensReasonId descriptor]	
104dfe010	104dfe01b	decompiled	chunks/008/functions-000522.c		
104dfe01c	104dfe083	decompiled	chunks/008/functions-000522.c	+[SCReportSoundReasonId descriptor]	
104dfe084	104dfe3ab	decompiled	chunks/008/functions-000522.c	-[SCCommerceReviewOrderHalfEntryPoint begin]	
104dfe3ac	104dfe433	decompiled	chunks/008/functions-000522.c	-[SCCommerceReviewOrderHalfEntryPoint .cxx_destruct]	
104dfe434	104dfe727	decompiled	chunks/008/functions-000522.c		
104dfe728	104dfe877	decompiled	chunks/008/functions-000522.c	-[SCCommerceReviewOrderBusinessLogic initWithCart:cartCoordinator:isModal:delegate:eventLogger:commerceConfigProvider:]	
104dfe878	104dfe8e3	decompiled	chunks/008/functions-000522.c	-[SCCommerceReviewOrderBusinessLogic begin]	
104dfe8e4	104dfe92b	decompiled	chunks/008/functions-000522.c	-[SCCommerceReviewOrderBusinessLogic _logButtonTap:]	
104dfe92c	104dfea13	decompiled	chunks/008/functions-000522.c	-[SCCommerceReviewOrderBusinessLogic _updateLineItems]	
104dfea14	104dfeadb	decompiled	chunks/008/functions-000522.c	-[SCCommerceReviewOrderBusinessLogic _updateCart]	
104dfeadc	104dfeb6f	decompiled	chunks/008/functions-000522.c	-[SCCommerceReviewOrderBusinessLogic _isCartValid]	
104dfeb70	104dff10f	decompiled	chunks/008/functions-000522.c	-[SCCommerceReviewOrderBusinessLogic viewModel]	
104dff110	104dff28b	decompiled	chunks/008/functions-000522.c	-[SCCommerceReviewOrderBusinessLogic handleAction:]	
104dff28c	104dff35f	decompiled	chunks/008/functions-000522.c		
104dff360	104dff3bb	decompiled	chunks/008/functions-000522.c		
104dff3bc	104dff40f	decompiled	chunks/008/functions-000522.c		
104dff410	104dff50f	decompiled	chunks/008/functions-000522.c		
104dff510	104dff53b	decompiled	chunks/008/functions-000522.c		
104dff53c	104dff643	decompiled	chunks/008/functions-000522.c		
104dff644	104dff6e3	decompiled	chunks/008/functions-000522.c		
104dff6e4	104dff737	decompiled	chunks/008/functions-000522.c		
104dff738	104dff77b	decompiled	chunks/008/functions-000522.c	-[SCCommerceReviewOrderBusinessLogic showLoadingSpinner]	
104dff77c	104dff7bb	decompiled	chunks/008/functions-000522.c	-[SCCommerceReviewOrderBusinessLogic hideLoadingSpinner]	
104dff7bc	104dff83f	decompiled	chunks/008/functions-000522.c	-[SCCommerceReviewOrderBusinessLogic showError:]	
104dff840	104dff84f	decompiled	chunks/008/functions-000522.c	-[SCCommerceReviewOrderBusinessLogic isLoading]	
104dff850	104dff97f	decompiled	chunks/008/functions-000522.c	-[SCCommerceReviewOrderBusinessLogic didTriggerEventWithEventName:announcerIdentifier:extraData:]	
104dff980	104dff9c7	decompiled	chunks/008/functions-000522.c		
104dff9c8	104dffa4b	decompiled	chunks/008/functions-000522.c	-[SCCommerceReviewOrderBusinessLogic .cxx_destruct]	
104dffa4c	104dffc8b	decompiled	chunks/008/functions-000522.c		
104dffc8c	104dffc93	decompiled	chunks/008/functions-000522.c	-[SCReviewOrderViewController pageViewName]	
104dffc94	104dffdcb	decompiled	chunks/008/functions-000522.c	-[SCReviewOrderViewController initWithScreen:compositeImageFetcher:fullscreen:]	
104dffdcc	104dfff17	decompiled	chunks/008/functions-000522.c	-[SCReviewOrderViewController _showPopUp:]	
104dfff18	104dfff27	decompiled	chunks/008/functions-000522.c		
104dfff28	104e001ab	decompiled	chunks/008/functions-000522.c	-[SCReviewOrderViewController _addFooter]	
104e001ac	104e00277	decompiled	chunks/008/functions-000522.c	-[SCReviewOrderViewController _updateFooter]	
104e00278	104e002ab	decompiled	chunks/008/functions-000522.c	-[SCReviewOrderViewController _removeFooter]	
104e002ac	104e0033f	decompiled	chunks/008/functions-000522.c	-[SCReviewOrderViewController _setupHeader]	
104e00340	104e0038f	decompiled	chunks/008/functions-000522.c	-[SCReviewOrderViewController _updateUserInteractionEnabled]	
104e00390	104e003f3	decompiled	chunks/008/functions-000522.c	-[SCReviewOrderViewController _safeBottomAnchor]	
104e003f4	104e00983	decompiled	chunks/008/functions-000522.c	-[SCReviewOrderViewController _setupSubviews]	
104e00984	104e00ed7	decompiled	chunks/008/functions-000522.c	-[SCReviewOrderViewController _setupConstraints]	
104e00ed8	104e00f3f	decompiled	chunks/008/functions-000522.c	-[SCReviewOrderViewController viewDidLoad]	
104e00f40	104e00fef	decompiled	chunks/008/functions-000522.c	-[SCReviewOrderViewController _startRenderingViewModels]	
104e00ff0	104e01037	decompiled	chunks/008/functions-000522.c		
104e01038	104e01453	decompiled	chunks/008/functions-000522.c	-[SCReviewOrderViewController _setupEmptyReviewOrder]	
104e01454	104e01577	decompiled	chunks/008/functions-000522.c	-[SCReviewOrderViewController _update:]	
104e01578	104e01603	decompiled	chunks/008/functions-000522.c	-[SCReviewOrderViewController _registerCollectionViewCells]	
104e01604	104e01807	decompiled	chunks/008/functions-000522.c	-[SCReviewOrderViewController collectionView:cellForItemAtIndexPath:]	
104e01808	104e01a27	decompiled	chunks/008/functions-000522.c	-[SCReviewOrderViewController collectionView:layout:sizeForItemAtIndexPath:]	
104e01a28	104e01a2f	decompiled	chunks/008/functions-000522.c	-[SCReviewOrderViewController numberOfSectionsInCollectionView:]	
104e01a30	104e01adb	decompiled	chunks/008/functions-000522.c	-[SCReviewOrderViewController collectionView:numberOfItemsInSection:]	
104e01adc	104e01ae3	decompiled	chunks/008/functions-000522.c	-[SCReviewOrderViewController collectionView:layout:minimumLineSpacingForSectionAtIndex:]	
104e01ae4	104e01b4f	decompiled	chunks/008/functions-000522.c	-[SCReviewOrderViewController collectionView:layout:insetForSectionAtIndex:]	
104e01b50	104e01bb7	decompiled	chunks/008/functions-000522.c	-[SCReviewOrderViewController collectionView:didSelectItemAtIndexPath:]	
104e01bb8	104e01c03	decompiled	chunks/008/functions-000522.c	-[SCReviewOrderViewController didSelectDismissalActionWithHeaderItem:]	
104e01c04	104e01c4f	decompiled	chunks/008/functions-000522.c	-[SCReviewOrderViewController didTapRemoveLineItem:]	
104e01c50	104e01c57	decompiled	chunks/008/functions-000522.c	-[SCReviewOrderViewController tray:canUseGestureToExpandOrCollapse:]	
104e01c58	104e01d07	decompiled	chunks/008/functions-000522.c	-[SCReviewOrderViewController _closeQuantitySelector]	
104e01d08	104e01d77	decompiled	chunks/008/functions-000522.c		
104e01d78	104e01df7	decompiled	chunks/008/functions-000522.c	-[SCReviewOrderViewController _showQuantitySelector]	
104e01df8	104e01e93	decompiled	chunks/008/functions-000522.c		
104e01e94	104e02003	decompiled	chunks/008/functions-000522.c	-[SCReviewOrderViewController didTapQuantitySelector:currentQuantity:]	
104e02004	104e020bf	decompiled	chunks/008/functions-000522.c	-[SCReviewOrderViewController productOptionPickerView:didSelectOption:selectedItem:]	
104e020c0	104e0210b	decompiled	chunks/008/functions-000522.c	-[SCReviewOrderViewController checkoutButtonTapped]	
104e0210c	104e02157	decompiled	chunks/008/functions-000522.c	-[SCReviewOrderViewController SCCommerceReviewOrderEmptyViewDidCallClose:]	
104e02158	104e0215b	decompiled	chunks/008/functions-000522.c	-[SCReviewOrderViewController footerReturnLabelTapped:]	
104e0215c	104e0216b	decompiled	chunks/008/functions-000523.c	-[SCReviewOrderViewController headerItem]	
104e0216c	104e02247	decompiled	chunks/008/functions-000523.c	-[SCReviewOrderViewController .cxx_destruct]	
104e02248	104e025ff	decompiled	chunks/008/functions-000523.c	-[SCCommerceReviewOrderRouter initWithCart:presentationStyle:presentationSource:UIContainer:parentDeckContainer:cartCoordinator:compositeImageFetcher:navigationDelegate:eventLogger:grapheneRegistry:checkoutScopeExposer:commerceShoppingScopeExposer:browserScopeExposer:configProvider:accountInfoProvider:paymentInfoProvider:]	
104e02600	104e02627	decompiled	chunks/008/functions-000523.c	-[SCCommerceReviewOrderRouter displayId]	
104e02628	104e02703	decompiled	chunks/008/functions-000523.c	-[SCCommerceReviewOrderRouter begin]	
104e02704	104e0272f	decompiled	chunks/008/functions-000523.c		
104e02730	104e027ff	decompiled	chunks/008/functions-000523.c	-[SCCommerceReviewOrderRouter dismiss]	
104e02800	104e0280b	decompiled	chunks/008/functions-000523.c	-[SCCommerceReviewOrderRouter reviewOrderNavigateBack]	
104e0280c	104e0296f	decompiled	chunks/008/functions-000523.c	-[SCCommerceReviewOrderRouter reviewOrderNavigateStore:]	
104e02970	104e02b2b	decompiled	chunks/008/functions-000523.c	-[SCCommerceReviewOrderRouter _presentProductCatalog:]	
104e02b2c	104e02c87	decompiled	chunks/008/functions-000523.c	-[SCCommerceReviewOrderRouter reviewOrderNavigateCheckout:]	
104e02c88	104e02c8b	decompiled	chunks/008/functions-000523.c	-[SCCommerceReviewOrderRouter didPresentShoppingScope]	
104e02c8c	104e02ce7	decompiled	chunks/008/functions-000523.c	-[SCCommerceReviewOrderRouter didDismissShoppingScope]	
104e02ce8	104e02e87	decompiled	chunks/008/functions-000523.c	-[SCCommerceReviewOrderRouter _createReviewOrderScreen]	
104e02e88	104e02fd3	decompiled	chunks/008/functions-000523.c	-[SCCommerceReviewOrderRouter _presentReviewOrderScreen]	
104e02fd4	104e02fdb	decompiled	chunks/008/functions-000523.c	-[SCCommerceReviewOrderRouter checkoutWillStartPreloading]	
104e02fdc	104e03003	decompiled	chunks/008/functions-000523.c	-[SCCommerceReviewOrderRouter checkoutFailedToLoadWithError:]	
104e03004	104e0300b	decompiled	chunks/008/functions-000523.c	-[SCCommerceReviewOrderRouter checkoutWillPresent]	
104e0300c	104e0309b	decompiled	chunks/008/functions-000523.c	-[SCCommerceReviewOrderRouter checkoutDidDismiss:]	
104e0309c	104e03203	decompiled	chunks/008/functions-000523.c	-[SCCommerceReviewOrderRouter _preloadCheckoutMetadataWithAccountInfoProvider:paymentInfoProvider:]	
104e03204	104e032eb	decompiled	chunks/008/functions-000523.c		
104e032ec	104e033a3	decompiled	chunks/008/functions-000523.c	-[SCCommerceReviewOrderRouter _handleDidFetchContactDetails:shippingAddresses:error:]	
104e033a4	104e033ab	decompiled	chunks/008/functions-000523.c		
104e033ac	104e033f3	decompiled	chunks/008/functions-000523.c	-[SCCommerceReviewOrderRouter _handleDidFetchPaymentMethods:error:]	
104e033f4	104e0346f	decompiled	chunks/008/functions-000523.c	-[SCCommerceReviewOrderRouter _logPageOpen]	
104e03470	104e034ff	decompiled	chunks/008/functions-000523.c	-[SCCommerceReviewOrderRouter _logPageClose]	
104e03500	104e0353b	decompiled	chunks/008/functions-000523.c	-[SCCommerceReviewOrderRouter _sourcePage]	
104e0353c	104e0353f	decompiled	chunks/008/functions-000523.c	-[SCCommerceReviewOrderRouter commerceBrowserWillPresent]	
104e03540	104e0359b	decompiled	chunks/008/functions-000523.c	-[SCCommerceReviewOrderRouter commerceBrowserWillDismiss]	
104e0359c	104e0369f	decompiled	chunks/008/functions-000523.c	-[SCCommerceReviewOrderRouter .cxx_destruct]	
104e036a0	104e03d97	decompiled	chunks/008/functions-000523.c	-[SCCommerceReviewOrderEmptyView initWithFrame:]	
104e03d98	104e03dcf	decompiled	chunks/008/functions-000523.c	-[SCCommerceReviewOrderEmptyView didTapKeepShoppingButton]	
104e03dd0	104e03def	decompiled	chunks/008/functions-000523.c	-[SCCommerceReviewOrderEmptyView delegate]	
104e03df0	104e03e03	decompiled	chunks/008/functions-000523.c	-[SCCommerceReviewOrderEmptyView setDelegate:]	
104e03e04	104e03e6f	decompiled	chunks/008/functions-000523.c	-[SCCommerceReviewOrderEmptyView .cxx_destruct]	
104e03e70	104e03f7b	decompiled	chunks/008/functions-000523.c	+[SCCommerceReviewOrderFooter sizeWithViewModel:constrainedToSize:]	
104e03f7c	104e040e7	decompiled	chunks/008/functions-000523.c	-[SCCommerceReviewOrderFooter initWithFrame:]	
104e040e8	104e0447b	decompiled	chunks/008/functions-000523.c	-[SCCommerceReviewOrderFooter _setupSubviews]	
104e0447c	104e0462f	decompiled	chunks/008/functions-000523.c	-[SCCommerceReviewOrderFooter setViewModel:]	
104e04630	104e04853	decompiled	chunks/008/functions-000523.c	-[SCCommerceReviewOrderFooter _setupReturns]	
104e04854	104e05117	decompiled	chunks/008/functions-000523.c	-[SCCommerceReviewOrderFooter _updateConstraints]	
104e05118	104e05177	decompiled	chunks/008/functions-000523.c	-[SCCommerceReviewOrderFooter textView:shouldInteractWithURL:inRange:interaction:]	
104e05178	104e051ab	decompiled	chunks/008/functions-000523.c	-[SCCommerceReviewOrderFooter _checkoutButtonTapped]	
104e051ac	104e051bb	decompiled	chunks/008/functions-000523.c	-[SCCommerceReviewOrderFooter viewModel]	
104e051bc	104e051db	decompiled	chunks/008/functions-000523.c	-[SCCommerceReviewOrderFooter delegate]	
104e051dc	104e051ef	decompiled	chunks/008/functions-000523.c	-[SCCommerceReviewOrderFooter setDelegate:]	
104e051f0	104e0528b	decompiled	chunks/008/functions-000523.c	-[SCCommerceReviewOrderFooter .cxx_destruct]	
104e0528c	104e053c3	decompiled	chunks/008/functions-000523.c		
104e053c4	104e0555f	decompiled	chunks/008/functions-000523.c	-[SCCommerceReviewOrderFooterViewModel initWithSubtotal:subtotalStyle:subtotalAmount:subtotalAmountStyle:returns:returnsStyle:returnPolicy:returnsPolicyStyle:returnURL:checkoutButtonText:checkoutButtonActive:checkoutButtonLoading:]	
104e05560	104e05583	decompiled	chunks/008/functions-000523.c	-[SCCommerceReviewOrderFooterViewModel copyWithZone:]	
104e05584	104e0558b	decompiled	chunks/008/functions-000523.c	-[SCCommerceReviewOrderFooterViewModel subtotal]	
104e0558c	104e05593	decompiled	chunks/008/functions-000523.c	-[SCCommerceReviewOrderFooterViewModel subtotalStyle]	
104e05594	104e0559b	decompiled	chunks/008/functions-000523.c	-[SCCommerceReviewOrderFooterViewModel subtotalAmount]	
104e0559c	104e055a3	decompiled	chunks/008/functions-000523.c	-[SCCommerceReviewOrderFooterViewModel subtotalAmountStyle]	
104e055a4	104e055ab	decompiled	chunks/008/functions-000523.c	-[SCCommerceReviewOrderFooterViewModel returns]	
104e055ac	104e055b3	decompiled	chunks/008/functions-000523.c	-[SCCommerceReviewOrderFooterViewModel returnsStyle]	
104e055b4	104e055bb	decompiled	chunks/008/functions-000523.c	-[SCCommerceReviewOrderFooterViewModel returnPolicy]	
104e055bc	104e055c3	decompiled	chunks/008/functions-000523.c	-[SCCommerceReviewOrderFooterViewModel returnsPolicyStyle]	
104e055c4	104e055cb	decompiled	chunks/008/functions-000523.c	-[SCCommerceReviewOrderFooterViewModel returnURL]	
104e055cc	104e055d3	decompiled	chunks/008/functions-000523.c	-[SCCommerceReviewOrderFooterViewModel checkoutButtonText]	
104e055d4	104e055db	decompiled	chunks/008/functions-000523.c	-[SCCommerceReviewOrderFooterViewModel checkoutButtonActive]	
104e055dc	104e055e3	decompiled	chunks/008/functions-000523.c	-[SCCommerceReviewOrderFooterViewModel checkoutButtonLoading]	
104e055e4	104e05643	decompiled	chunks/008/functions-000523.c	-[SCCommerceReviewOrderFooterViewModel .cxx_destruct]	
104e05644	104e0568b	decompiled	chunks/008/functions-000523.c	+[SCCommerceReviewOrderAction back]	
104e0568c	104e056d7	decompiled	chunks/008/functions-000523.c	+[SCCommerceReviewOrderAction checkout]	
104e056d8	104e05737	decompiled	chunks/008/functions-000523.c	+[SCCommerceReviewOrderAction quantitySelectorWithIndex:quantity:]	
104e05738	104e05793	decompiled	chunks/008/functions-000523.c	+[SCCommerceReviewOrderAction removeLineItemWithIndex:]	
104e05794	104e057df	decompiled	chunks/008/functions-000523.c	+[SCCommerceReviewOrderAction storeSelect]	
104e057e0	104e05803	decompiled	chunks/008/functions-000523.c	-[SCCommerceReviewOrderAction copyWithZone:]	
104e05804	104e05847	decompiled	chunks/008/functions-000523.c	-[SCCommerceReviewOrderAction internalInit]	
104e05848	104e05963	decompiled	chunks/008/functions-000523.c	-[SCCommerceReviewOrderAction matchBack:storeSelect:quantitySelector:removeLineItem:checkout:]	
104e05964	104e05a9f	decompiled	chunks/008/functions-000523.c	-[SCCommerceReviewOrderViewModel initWithHeaderTitle:dismissalAction:storeViewModel:lineItemsViewModels:footerViewModel:blockInteraction:errorMessage:]	
104e05aa0	104e05ac3	decompiled	chunks/008/functions-000523.c	-[SCCommerceReviewOrderViewModel copyWithZone:]	
104e05ac4	104e05acb	decompiled	chunks/008/functions-000523.c	-[SCCommerceReviewOrderViewModel headerTitle]	
104e05acc	104e05ad3	decompiled	chunks/008/functions-000523.c	-[SCCommerceReviewOrderViewModel dismissalAction]	
104e05ad4	104e05adb	decompiled	chunks/008/functions-000523.c	-[SCCommerceReviewOrderViewModel storeViewModel]	
104e05adc	104e05ae3	decompiled	chunks/008/functions-000523.c	-[SCCommerceReviewOrderViewModel lineItemsViewModels]	
104e05ae4	104e05aeb	decompiled	chunks/008/functions-000523.c	-[SCCommerceReviewOrderViewModel footerViewModel]	
104e05aec	104e05af3	decompiled	chunks/008/functions-000523.c	-[SCCommerceReviewOrderViewModel blockInteraction]	
104e05af4	104e05afb	decompiled	chunks/008/functions-000523.c	-[SCCommerceReviewOrderViewModel errorMessage]	
104e05afc	104e05b4f	decompiled	chunks/008/functions-000523.c	-[SCCommerceReviewOrderViewModel .cxx_destruct]	
104e05b50	104e05dab	decompiled	chunks/008/functions-000523.c	-[SCCommerceSIGRootNavigationDeck initWithUIContainer:delegate:]	
104e05dac	104e05e03	decompiled	chunks/008/functions-000523.c		
104e05e04	104e05e0b	decompiled	chunks/008/functions-000523.c	-[SCCommerceSIGRootNavigationDeck attachToPresentingContainer]	
104e05e0c	104e05e13	decompiled	chunks/008/functions-000523.c	-[SCCommerceSIGRootNavigationDeck dismissFromPresentingContainer]	
104e05e14	104e05ef7	decompiled	chunks/008/functions-000523.c	-[SCCommerceSIGRootNavigationDeck pushViewController:animated:]	
104e05ef8	104e05f33	decompiled	chunks/008/functions-000523.c		
104e05f34	104e05fa3	decompiled	chunks/008/functions-000523.c	-[SCCommerceSIGRootNavigationDeck popViewControllerAnimated:]	
104e05fa4	104e06007	decompiled	chunks/008/functions-000523.c	-[SCCommerceSIGRootNavigationDeck presentModalViewController:animated:]	
104e06008	104e0600f	decompiled	chunks/008/functions-000523.c	-[SCCommerceSIGRootNavigationDeck activeViewController]	
104e06010	104e0606f	decompiled	chunks/008/functions-000523.c	-[SCCommerceSIGRootNavigationDeck activeUIContainer]	
104e06070	104e06077	decompiled	chunks/008/functions-000523.c	-[SCCommerceSIGRootNavigationDeck isRootOfNavigation]	
104e06078	104e060f7	decompiled	chunks/008/functions-000523.c	-[SCCommerceSIGRootNavigationDeck didDismissViewController]	
104e060f8	104e06173	decompiled	chunks/008/functions-000523.c	-[SCCommerceSIGRootNavigationDeck _pushViewController:]	
104e06174	104e061c3	decompiled	chunks/008/functions-000523.c	-[SCCommerceSIGRootNavigationDeck _handleNavigationContainerWillDisappear]	
104e061c4	104e061cb	decompiled	chunks/008/functions-000523.c	-[SCCommerceSIGRootNavigationDeck _handleNavigationContainerWillAppear]	
104e061cc	104e061d3	decompiled	chunks/008/functions-000523.c	-[SCCommerceSIGRootNavigationDeck stack]	
104e061d4	104e06203	decompiled	chunks/008/functions-000523.c	-[SCCommerceSIGRootNavigationDeck setStack:]	
104e06204	104e0620b	decompiled	chunks/008/functions-000523.c	-[SCCommerceSIGRootNavigationDeck rootContainer]	
104e0620c	104e0623b	decompiled	chunks/008/functions-000523.c	-[SCCommerceSIGRootNavigationDeck setRootContainer:]	
104e0623c	104e06243	decompiled	chunks/008/functions-000524.c	-[SCCommerceSIGRootNavigationDeck bridgingSCUIContainer]	
104e06244	104e06273	decompiled	chunks/008/functions-000524.c	-[SCCommerceSIGRootNavigationDeck setBridgingSCUIContainer:]	
104e06274	104e0627b	decompiled	chunks/008/functions-000524.c	-[SCCommerceSIGRootNavigationDeck navigationContainer]	
104e0627c	104e062ab	decompiled	chunks/008/functions-000524.c	-[SCCommerceSIGRootNavigationDeck setNavigationContainer:]	
104e062ac	104e062b3	decompiled	chunks/008/functions-000524.c	-[SCCommerceSIGRootNavigationDeck uiContainer]	
104e062b4	104e062e3	decompiled	chunks/008/functions-000524.c	-[SCCommerceSIGRootNavigationDeck setUiContainer:]	
104e062e4	104e062fb	decompiled	chunks/008/functions-000524.c	-[SCCommerceSIGRootNavigationDeck delegate]	
104e062fc	104e06307	decompiled	chunks/008/functions-000524.c	-[SCCommerceSIGRootNavigationDeck setDelegate:]	
104e06308	104e0630f	decompiled	chunks/008/functions-000524.c	-[SCCommerceSIGRootNavigationDeck isNavigationContainerVisible]	
104e06310	104e06317	decompiled	chunks/008/functions-000524.c	-[SCCommerceSIGRootNavigationDeck setIsNavigationContainerVisible:]	
104e06318	104e06373	decompiled	chunks/008/functions-000524.c	-[SCCommerceSIGRootNavigationDeck .cxx_destruct]	
104e06374	104e064f3	decompiled	chunks/008/functions-000524.c	-[SCCommerceSIGStackedNavigationDeck initWithSIGContainer:delegate:]	
104e064f4	104e0651f	decompiled	chunks/008/functions-000524.c		
104e06520	104e06523	decompiled	chunks/008/functions-000524.c	-[SCCommerceSIGStackedNavigationDeck attachToPresentingContainer]	
104e06524	104e06527	decompiled	chunks/008/functions-000524.c	-[SCCommerceSIGStackedNavigationDeck dismissFromPresentingContainer]	
104e06528	104e0660b	decompiled	chunks/008/functions-000524.c	-[SCCommerceSIGStackedNavigationDeck pushViewController:animated:]	
104e0660c	104e06647	decompiled	chunks/008/functions-000524.c		
104e06648	104e066a3	decompiled	chunks/008/functions-000524.c	-[SCCommerceSIGStackedNavigationDeck popViewControllerAnimated:]	
104e066a4	104e06707	decompiled	chunks/008/functions-000524.c	-[SCCommerceSIGStackedNavigationDeck presentModalViewController:animated:]	
104e06708	104e0670f	decompiled	chunks/008/functions-000524.c	-[SCCommerceSIGStackedNavigationDeck activeViewController]	
104e06710	104e06717	decompiled	chunks/008/functions-000524.c	-[SCCommerceSIGStackedNavigationDeck isRootOfNavigation]	
104e06718	104e06777	decompiled	chunks/008/functions-000524.c	-[SCCommerceSIGStackedNavigationDeck activeUIContainer]	
104e06778	104e067f7	decompiled	chunks/008/functions-000524.c	-[SCCommerceSIGStackedNavigationDeck didDismissViewController]	
104e067f8	104e06873	decompiled	chunks/008/functions-000524.c	-[SCCommerceSIGStackedNavigationDeck _pushViewController:]	
104e06874	104e0689f	decompiled	chunks/008/functions-000524.c	-[SCCommerceSIGStackedNavigationDeck _handleNavigationContainerWillDisappear]	
104e068a0	104e068a7	decompiled	chunks/008/functions-000524.c	-[SCCommerceSIGStackedNavigationDeck stack]	
104e068a8	104e068d7	decompiled	chunks/008/functions-000524.c	-[SCCommerceSIGStackedNavigationDeck setStack:]	
104e068d8	104e068df	decompiled	chunks/008/functions-000524.c	-[SCCommerceSIGStackedNavigationDeck navigationContainer]	
104e068e0	104e0690f	decompiled	chunks/008/functions-000524.c	-[SCCommerceSIGStackedNavigationDeck setNavigationContainer:]	
104e06910	104e06917	decompiled	chunks/008/functions-000524.c	-[SCCommerceSIGStackedNavigationDeck uiContainer]	
104e06918	104e06947	decompiled	chunks/008/functions-000524.c	-[SCCommerceSIGStackedNavigationDeck setUiContainer:]	
104e06948	104e0695f	decompiled	chunks/008/functions-000524.c	-[SCCommerceSIGStackedNavigationDeck delegate]	
104e06960	104e0696b	decompiled	chunks/008/functions-000524.c	-[SCCommerceSIGStackedNavigationDeck setDelegate:]	
104e0696c	104e069af	decompiled	chunks/008/functions-000524.c	-[SCCommerceSIGStackedNavigationDeck .cxx_destruct]	
104e069b0	104e06a63	decompiled	chunks/008/functions-000524.c	-[SCCommerceNavigator initWithRuntime:delegate:]	
104e06a64	104e06b6b	decompiled	chunks/008/functions-000524.c	-[SCCommerceNavigator presentAlertViewController:animated:completion:]	
104e06b6c	104e06ba3	decompiled	chunks/008/functions-000524.c		
104e06ba4	104e06c83	decompiled	chunks/008/functions-000524.c	-[SCCommerceNavigator dismissAlertViewControllerAnimated:completion:]	
104e06c84	104e06cbb	decompiled	chunks/008/functions-000524.c		
104e06cbc	104e06cef	decompiled	chunks/008/functions-000524.c	-[SCCommerceNavigator pushComponentWithPage:animated:]	
104e06cf0	104e06dbb	decompiled	chunks/008/functions-000524.c	-[SCCommerceNavigator popWithAnimated:]	
104e06dbc	104e06def	decompiled	chunks/008/functions-000524.c		
104e06df0	104e06ebb	decompiled	chunks/008/functions-000524.c	-[SCCommerceNavigator popToSelfWithAnimated:]	
104e06ebc	104e06eef	decompiled	chunks/008/functions-000524.c		
104e06ef0	104e06f23	decompiled	chunks/008/functions-000524.c	-[SCCommerceNavigator presentComponentWithPage:animated:]	
104e06f24	104e06fef	decompiled	chunks/008/functions-000524.c	-[SCCommerceNavigator dismissWithAnimated:]	
104e06ff0	104e07023	decompiled	chunks/008/functions-000524.c		
104e07024	104e07057	decompiled	chunks/008/functions-000524.c	-[SCCommerceNavigator forceDisableDismissalGestureWithForceDisable:]	
104e07058	104e0708b	decompiled	chunks/008/functions-000524.c	-[SCCommerceNavigator setBackButtonObserverWithObserver:]	
104e0708c	104e0713b	decompiled	chunks/008/functions-000524.c	-[SCCommerceNavigator _presentAlertViewController:animated:completion:]	
104e0713c	104e071b3	decompiled	chunks/008/functions-000524.c	-[SCCommerceNavigator _dismissAlertViewController:completion:]	
104e071b4	104e072bf	decompiled	chunks/008/functions-000524.c	-[SCCommerceNavigator _popWithAnimated:]	
104e072c0	104e073bb	decompiled	chunks/008/functions-000524.c	-[SCCommerceNavigator _popToSelfWithAnimated:]	
104e073bc	104e073f7	decompiled	chunks/008/functions-000524.c	-[SCCommerceNavigator _dismissWithAnimated:]	
104e073f8	104e07407	decompiled	chunks/008/functions-000524.c	-[SCCommerceNavigator .cxx_destruct]	
104e07408	104e07473	decompiled	chunks/008/functions-000524.c	-[SCCommerceSIGNavigationStack init]	
104e07474	104e074af	decompiled	chunks/008/functions-000524.c	-[SCCommerceSIGNavigationStack count]	
104e074b0	104e074ef	decompiled	chunks/008/functions-000524.c	-[SCCommerceSIGNavigationStack isEmpty]	
104e074f0	104e0759b	decompiled	chunks/008/functions-000524.c	-[SCCommerceSIGNavigationStack previousViewController]	
104e0759c	104e075df	decompiled	chunks/008/functions-000524.c	-[SCCommerceSIGNavigationStack currentViewController]	
104e075e0	104e07637	decompiled	chunks/008/functions-000524.c	-[SCCommerceSIGNavigationStack push:]	
104e07638	104e076a7	decompiled	chunks/008/functions-000524.c	-[SCCommerceSIGNavigationStack pop]	
104e076a8	104e076af	decompiled	chunks/008/functions-000524.c	-[SCCommerceSIGNavigationStack viewControllers]	
104e076b0	104e076df	decompiled	chunks/008/functions-000524.c	-[SCCommerceSIGNavigationStack setViewControllers:]	
104e076e0	104e076eb	decompiled	chunks/008/functions-000524.c	-[SCCommerceSIGNavigationStack .cxx_destruct]	
104e076ec	104e0773f	decompiled	chunks/008/functions-000524.c	-[SCCommerceComposerPageViewController initWithValdiView:]	
104e07740	104e07747	decompiled	chunks/008/functions-000524.c	-[SCCommerceComposerPageViewController pageViewName]	
104e07748	104e077d7	decompiled	chunks/008/functions-000524.c	-[SCCommerceManagedViewController initWithRootViewController:]	
104e077d8	104e0780b	decompiled	chunks/008/functions-000524.c	-[SCCommerceManagedViewController pushViewController:animated:]	
104e0780c	104e07847	decompiled	chunks/008/functions-000524.c	-[SCCommerceManagedViewController presentViewController:animated:completion:]	
104e07848	104e0784f	decompiled	chunks/008/functions-000524.c	-[SCCommerceManagedViewController pageViewName]	
104e07850	104e078ab	decompiled	chunks/008/functions-000524.c	-[SCCommercePresentingViewController initWithDarkModeEligible:]	
104e078ac	104e07933	decompiled	chunks/008/functions-000524.c	-[SCCommercePresentingViewController pageViewName]	
104e07934	104e07997	decompiled	chunks/008/functions-000524.c	-[SCCommerceToastPresenter showFavoriteAddedToastWithImage:]	
104e07998	104e07a2f	decompiled	chunks/008/functions-000524.c	-[SCCommerceToastPresenter showFavoriteAddedToastWithImage:viewAction:]	
104e07a30	104e07ac7	decompiled	chunks/008/functions-000524.c	-[SCCommerceToastPresenter showFavoriteRemovedToastWithImage:undoAction:]	
104e07ac8	104e07b5f	decompiled	chunks/008/functions-000524.c	-[SCCommerceToastPresenter showFavoriteRemovedToastWithImage:viewAction:]	
104e07b60	104e07bc3	decompiled	chunks/008/functions-000524.c	-[SCCommerceToastPresenter showFavoriteRemovedToastWithImage:]	
104e07bc4	104e07c67	decompiled	chunks/008/functions-000524.c	-[SCCommerceToastPresenter initWithNotificationPool:iconProvider:]	
104e07c68	104e07d9b	decompiled	chunks/008/functions-000524.c	-[SCCommerceToastPresenter showToastWithImage:titleText:buttonTitle:buttonActionBlock:]	
104e07d9c	104e07dd3	decompiled	chunks/008/functions-000524.c		
104e07dd4	104e07e87	decompiled	chunks/008/functions-000524.c	-[SCCommerceToastPresenter showGenericErrorToast]	
104e07e88	104e07f6f	decompiled	chunks/008/functions-000524.c	-[SCCommerceToastPresenter showSuccessToastWithText:]	
104e07f70	104e08057	decompiled	chunks/008/functions-000524.c	-[SCCommerceToastPresenter showErrorToastWithText:]	
104e08058	104e08293	decompiled	chunks/008/functions-000524.c	-[SCCommerceToastPresenter _showToastWithImage:titleText:buttonTitle:buttonActionBlock:]	
104e08294	104e082ff	decompiled	chunks/008/functions-000524.c		
104e08300	104e083af	decompiled	chunks/008/functions-000524.c	-[SCCommerceToastPresenter _showGenericErrorToast]	
104e083b0	104e083f7	decompiled	chunks/008/functions-000524.c		
104e083f8	104e084df	decompiled	chunks/008/functions-000524.c	-[SCCommerceToastPresenter _triggerGenericToastWithImage:]	
104e084e0	104e0862b	decompiled	chunks/008/functions-000524.c	-[SCCommerceToastPresenter _presentGenericToastWithImage:]	
104e0862c	104e08657	decompiled	chunks/008/functions-000524.c		
104e08658	104e086cb	decompiled	chunks/008/functions-000524.c	-[SCCommerceToastPresenter _showSuccessToastWithText:]	
104e086cc	104e0873f	decompiled	chunks/008/functions-000524.c	-[SCCommerceToastPresenter _showErrorToastWithText:]	
104e08740	104e0874f	decompiled	chunks/008/functions-000524.c	-[SCCommerceToastPresenter _dismissCurrentToast]	
104e08750	104e08757	decompiled	chunks/008/functions-000524.c	-[SCCommerceToastPresenter notificationPool]	
104e08758	104e08787	decompiled	chunks/008/functions-000524.c	-[SCCommerceToastPresenter setNotificationPool:]	
104e08788	104e0878f	decompiled	chunks/008/functions-000524.c	-[SCCommerceToastPresenter notificationPresenter]	
104e08790	104e087bf	decompiled	chunks/008/functions-000524.c	-[SCCommerceToastPresenter setNotificationPresenter:]	
104e087c0	104e087c7	decompiled	chunks/008/functions-000524.c	-[SCCommerceToastPresenter iconProvider]	
104e087c8	104e087f7	decompiled	chunks/008/functions-000524.c	-[SCCommerceToastPresenter setIconProvider:]	
104e087f8	104e08833	decompiled	chunks/008/functions-000525.c	-[SCCommerceToastPresenter .cxx_destruct]	
104e08834	104e088ab	decompiled	chunks/008/functions-000525.c		
104e088ac	104e088c7	decompiled	chunks/008/functions-000525.c	+[SCCCommerceDynamicPageIScreenshopTooltipsHelper valdiMarshallableObjectDescriptor]	
104e088c8	104e0891f	decompiled	chunks/008/functions-000525.c		
104e08920	104e0892b	decompiled	chunks/008/functions-000525.c	+[SCCCommerceDynamicPageCommerceScreenshopPage componentPath]	
104e0892c	104e0894b	decompiled	chunks/008/functions-000525.c	-[SCCCommerceDynamicPageCommerceScreenshopPage initWithViewModel:componentContext:runtime:]	
104e0894c	104e0897f	decompiled	chunks/008/functions-000525.c	-[SCCCommerceDynamicPageCommerceScreenshopPage setViewModel:]	
104e08980	104e089b7	decompiled	chunks/008/functions-000525.c	-[SCCCommerceDynamicPageCommerceScreenshopPage viewModel]	
104e089b8	104e089c3	decompiled	chunks/008/functions-000525.c	+[SCCCommerceDynamicPageCommerceScreenshopScanHorizontalView componentPath]	
104e089c4	104e089e3	decompiled	chunks/008/functions-000525.c	-[SCCCommerceDynamicPageCommerceScreenshopScanHorizontalView initWithViewModel:componentContext:runtime:]	
104e089e4	104e08a17	decompiled	chunks/008/functions-000525.c	-[SCCCommerceDynamicPageCommerceScreenshopScanHorizontalView setViewModel:]	
104e08a18	104e08a4f	decompiled	chunks/008/functions-000525.c	-[SCCCommerceDynamicPageCommerceScreenshopScanHorizontalView viewModel]	
104e08a50	104e08a5b	decompiled	chunks/008/functions-000525.c	+[SCCCommerceDynamicPageCommerceScreenshopScanVerticalView componentPath]	
104e08a5c	104e08a7b	decompiled	chunks/008/functions-000525.c	-[SCCCommerceDynamicPageCommerceScreenshopScanVerticalView initWithViewModel:componentContext:runtime:]	
104e08a7c	104e08aaf	decompiled	chunks/008/functions-000525.c	-[SCCCommerceDynamicPageCommerceScreenshopScanVerticalView setViewModel:]	
104e08ab0	104e08ae7	decompiled	chunks/008/functions-000525.c	-[SCCCommerceDynamicPageCommerceScreenshopScanVerticalView viewModel]	
104e08ae8	104e08af3	decompiled	chunks/008/functions-000525.c	+[SCCCommerceDynamicPageCommerceTopicPage componentPath]	
104e08af4	104e08b13	decompiled	chunks/008/functions-000525.c	-[SCCCommerceDynamicPageCommerceTopicPage initWithViewModel:componentContext:runtime:]	
104e08b14	104e08b47	decompiled	chunks/008/functions-000525.c	-[SCCCommerceDynamicPageCommerceTopicPage setViewModel:]	
104e08b48	104e08b7f	decompiled	chunks/008/functions-000525.c	-[SCCCommerceDynamicPageCommerceTopicPage viewModel]	
104e08b80	104e08bdb	decompiled	chunks/008/functions-000525.c		
104e08bdc	104e08cdb	decompiled	chunks/008/functions-000525.c	-[SCCommerceOrderServicesEntryPoint begin]	
104e08cdc	104e08d1b	decompiled	chunks/008/functions-000525.c		
104e08d1c	104e08eef	decompiled	chunks/008/functions-000525.c	-[SCCommerceOrderServicesEntryPoint _createCheckoutCoordinator]	
104e08ef0	104e08f4f	decompiled	chunks/008/functions-000525.c	-[SCCommerceOrderServicesEntryPoint .cxx_destruct]	
104e08f50	104e0914f	decompiled	chunks/008/functions-000525.c	-[SCCommerceCheckoutCoordinator initWithUserId:grapheneRegistry:unifiedGRPCClientFactory:deviceInfoService:]	
104e09150	104e0923b	decompiled	chunks/008/functions-000525.c	-[SCCommerceCheckoutCoordinator _vendCallOptions]	
104e0923c	104e09467	decompiled	chunks/008/functions-000525.c	-[SCCommerceCheckoutCoordinator _createCheckoutHelper:request:checkoutDataModel:startTimeStamp:error:completion:]	
104e09468	104e0965f	decompiled	chunks/008/functions-000525.c	-[SCCommerceCheckoutCoordinator createCheckout:completion:]	
104e09660	104e096d3	decompiled	chunks/008/functions-000525.c		
104e096d4	104e098ff	decompiled	chunks/008/functions-000525.c	-[SCCommerceCheckoutCoordinator _updateCheckoutHelper:request:checkoutDataModel:error:startTimestamp:completion:]	
104e09900	104e09af7	decompiled	chunks/008/functions-000525.c	-[SCCommerceCheckoutCoordinator updateCheckout:completion:]	
104e09af8	104e09b6b	decompiled	chunks/008/functions-000525.c		
104e09b6c	104e09d7f	decompiled	chunks/008/functions-000525.c	-[SCCommerceCheckoutCoordinator _finalizeCheckoutHelper:request:error:startTimeStamp:completion:]	
104e09d80	104e0a057	decompiled	chunks/008/functions-000525.c	-[SCCommerceCheckoutCoordinator finalizeCheckout:completion:]	
104e0a058	104e0a0c7	decompiled	chunks/008/functions-000525.c		
104e0a0c8	104e0a11b	decompiled	chunks/008/functions-000525.c	-[SCCommerceCheckoutCoordinator .cxx_destruct]	
104e0a11c	104e0a1c7	decompiled	chunks/008/functions-000525.c	-[SCCommerceBaseImageProvider initWithImageResource:onDemandResourceDownloader:]	
104e0a1c8	104e0a28f	decompiled	chunks/008/functions-000525.c	-[SCCommerceBaseImageProvider imagesObservable]	
104e0a290	104e0a37f	decompiled	chunks/008/functions-000525.c		
104e0a380	104e0a3d3	decompiled	chunks/008/functions-000525.c		
104e0a3d4	104e0a473	decompiled	chunks/008/functions-000525.c	-[SCCommerceBaseImageProvider _handleDownloadedResources:observer:]	
104e0a474	104e0a483	decompiled	chunks/008/functions-000525.c		
104e0a484	104e0a53b	decompiled	chunks/008/functions-000525.c	-[SCCommerceBaseImageProvider imageObservable:]	
104e0a53c	104e0a67f	decompiled	chunks/008/functions-000525.c		
104e0a680	104e0a68b	decompiled	chunks/008/functions-000525.c	-[SCCommerceBaseImageProvider _prefetchImages]	
104e0a68c	104e0a6bb	decompiled	chunks/008/functions-000525.c	-[SCCommerceBaseImageProvider .cxx_destruct]	
104e0a6bc	104e0a72f	decompiled	chunks/008/functions-000525.c	-[SCCommerceIconProvider initWithOnDemandResourceDownloader:]	
104e0a730	104e0a8d3	decompiled	chunks/008/functions-000525.c	-[SCCommerceIconProvider iconForAsset:completion:]	
104e0a8d4	104e0a927	decompiled	chunks/008/functions-000525.c		
104e0a928	104e0a94b	decompiled	chunks/008/functions-000525.c	-[SCCommerceIconProvider _urlForAsset:]	
104e0a94c	104e0aa1f	decompiled	chunks/008/functions-000525.c	-[SCCommerceIconProvider _completeWithImage:completion:]	
104e0aa20	104e0aa2b	decompiled	chunks/008/functions-000525.c	-[SCCommerceIconProvider .cxx_destruct]	
104e0aa2c	104e0aae7	decompiled	chunks/008/functions-000525.c	-[SCCommerceImageProvider initWithOnDemandResourceDownloader:]	
104e0aae8	104e0ab37	decompiled	chunks/008/functions-000525.c	-[SCCommerceImageProvider imageObservableForAsset:]	
104e0ab38	104e0ad17	decompiled	chunks/008/functions-000525.c	-[SCCommerceImageProvider imageForURL:completion:]	
104e0ad18	104e0ad6b	decompiled	chunks/008/functions-000525.c		
104e0ad6c	104e0ad93	decompiled	chunks/008/functions-000525.c	-[SCCommerceImageProvider _imageNameForAsset:]	
104e0ad94	104e0ae67	decompiled	chunks/008/functions-000525.c	-[SCCommerceImageProvider _completeWithImage:completion:]	
104e0ae68	104e0ae7b	decompiled	chunks/008/functions-000525.c	-[SCCommerceImageProvider .cxx_destruct]	
104e0ae7c	104e0af1b	decompiled	chunks/008/functions-000525.c	-[SCCommercePaymentSettingsImageProvider initWithOnDemandResourceDownloader:]	
104e0af1c	104e0afab	decompiled	chunks/008/functions-000525.c	-[SCCommercePaymentSettingsImageProvider imageObservableForPaymentCard:]	
104e0afac	104e0affb	decompiled	chunks/008/functions-000525.c	-[SCCommercePaymentSettingsImageProvider imageObservableForAsset:]	
104e0affc	104e0b01f	decompiled	chunks/008/functions-000525.c	-[SCCommercePaymentSettingsImageProvider _imageNameForCard:]	
104e0b020	104e0b03b	decompiled	chunks/008/functions-000525.c	-[SCCommercePaymentSettingsImageProvider _imageNameForAsset:]	
104e0b03c	104e0b20f	decompiled	chunks/008/functions-000525.c	-[SCCommerceStaticImagesServiceProvider provide]	
104e0b210	104e0b2cf	decompiled	chunks/008/functions-000525.c		
104e0b2d0	104e0b363	decompiled	chunks/008/functions-000525.c	-[SCCommerceStaticImagesServiceProvider _createCommerceIconProvider]	
104e0b364	104e0b3f7	decompiled	chunks/008/functions-000525.c	-[SCCommerceStaticImagesServiceProvider _createCommerceImageProvider]	
104e0b3f8	104e0b48b	decompiled	chunks/008/functions-000525.c	-[SCCommerceStaticImagesServiceProvider _createCommercePaymentSettingsImageProvider]	
104e0b48c	104e0b4c3	decompiled	chunks/008/functions-000525.c	-[SCCommerceStaticImagesServiceProvider .cxx_destruct]	
104e0b4c4	104e0b6a3	decompiled	chunks/008/functions-000525.c	-[SCCountdownsDeepLinkProcessingPluginEntryPoint begin]	
104e0b6a4	104e0b717	decompiled	chunks/008/functions-000525.c	-[SCCountdownsDeepLinkProcessingPluginEntryPoint .cxx_destruct]	
104e0b718	104e0b8a7	decompiled	chunks/008/functions-000525.c	-[SCCountdownsDeepLinkProcessor initWithNavigationDelegate:countdownsServices:circumstanceEngine:snapchattersDataFetcher:userId:userInfoServices:navigationServices:]	
104e0b8a8	104e0ba0f	decompiled	chunks/008/functions-000525.c	-[SCCountdownsDeepLinkProcessor handleOpenURL:sourceApplication:additionalInfo:delegate:]	
104e0ba10	104e0ba2f	decompiled	chunks/008/functions-000525.c	+[SCCountdownsDeepLinkProcessor _emptySnapchatterError]	
104e0ba30	104e0ba4f	decompiled	chunks/008/functions-000525.c	+[SCCountdownsDeepLinkProcessor _emptyCountdownIdError]	
104e0ba50	104e0babf	decompiled	chunks/008/functions-000525.c	-[SCCountdownsDeepLinkProcessor _modalContainer]	
104e0bac0	104e0bb63	decompiled	chunks/008/functions-000525.c	-[SCCountdownsDeepLinkProcessor _processDeeplinkDelegateEventsWithError:delegate:]	
104e0bb64	104e0bc6f	decompiled	chunks/008/functions-000525.c	-[SCCountdownsDeepLinkProcessor _fetchSnapchatterDataDelegate:continuation:]	
104e0bc70	104e0bd23	decompiled	chunks/008/functions-000525.c		
104e0bd24	104e0bd7b	decompiled	chunks/008/functions-000525.c	-[SCCountdownsDeepLinkProcessor _handleListPageForCountdownURL:additionalInfo:delegate:]	
104e0bd7c	104e0bd8f	decompiled	chunks/008/functions-000525.c		
104e0bd90	104e0be9f	decompiled	chunks/008/functions-000525.c	-[SCCountdownsDeepLinkProcessor _continueListPageWithSnapchatter:error:delegate:]	
104e0bea0	104e0bef7	decompiled	chunks/008/functions-000525.c	-[SCCountdownsDeepLinkProcessor _handleCreatePageForCountdownURL:additionalInfo:delegate:]	
104e0bef8	104e0bf0b	decompiled	chunks/008/functions-000525.c		
104e0bf0c	104e0c01b	decompiled	chunks/008/functions-000525.c	-[SCCountdownsDeepLinkProcessor _continueCreatePageWithSnapchatter:error:delegate:]	
104e0c01c	104e0c14f	decompiled	chunks/008/functions-000525.c	-[SCCountdownsDeepLinkProcessor _handleDetailsPageForCountdownURL:additionalInfo:delegate:]	
104e0c150	104e0c167	decompiled	chunks/008/functions-000525.c		
104e0c168	104e0c2d7	decompiled	chunks/008/functions-000525.c	-[SCCountdownsDeepLinkProcessor _continueDetailsPageWithSnapchatter:error:countdownURL:delegate:]	
104e0c2d8	104e0c2eb	decompiled	chunks/008/functions-000525.c	-[SCCountdownsDeepLinkProcessor identifier]	
104e0c2ec	104e0c2f3	decompiled	chunks/008/functions-000525.c	-[SCCountdownsDeepLinkProcessor priority]	
104e0c2f4	104e0c307	decompiled	chunks/008/functions-000525.c	-[SCCountdownsDeepLinkProcessor canProvideProcessorForFeature:]	
104e0c308	104e0c353	decompiled	chunks/008/functions-000525.c	-[SCCountdownsDeepLinkProcessor isValidDeepLink:]	
104e0c354	104e0c357	decompiled	chunks/008/functions-000525.c	-[SCCountdownsDeepLinkProcessor makeDeepLinkProcessor]	
104e0c358	104e0c417	decompiled	chunks/008/functions-000525.c	-[SCCountdownsDeepLinkProcessor processDeepLinkURL:additionalInfo:delegate:]	
104e0c418	104e0c41f	decompiled	chunks/008/functions-000525.c	-[SCCountdownsDeepLinkProcessor shouldForceNavigation]	
104e0c420	104e0c423	decompiled	chunks/008/functions-000525.c	-[SCCountdownsDeepLinkProcessor processDeepLinkResolutionResult:additionalInfo:delegate:]	
104e0c424	104e0c4a3	decompiled	chunks/008/functions-000525.c	-[SCCountdownsDeepLinkProcessor .cxx_destruct]	
104e0c4a4	104e0c707	decompiled	chunks/008/functions-000525.c		
104e0c708	104e0c76b	decompiled	chunks/008/functions-000526.c	-[SCCountdownsDeeplinkLogger init]	
104e0c76c	104e0c77b	decompiled	chunks/008/functions-000526.c	-[SCCountdownsDeeplinkLogger logDeeplinkReceivedWith:]	
104e0c77c	104e0c78b	decompiled	chunks/008/functions-000526.c	-[SCCountdownsDeeplinkLogger logDeeplinkProcessedWith:]	
104e0c78c	104e0c79b	decompiled	chunks/008/functions-000526.c	-[SCCountdownsDeeplinkLogger logDeeplinkFailedWith:]	
104e0c79c	104e0c7a7	decompiled	chunks/008/functions-000526.c	-[SCCountdownsDeeplinkLogger .cxx_destruct]	
104e0c7a8	104e0c81b	decompiled	chunks/008/functions-000526.c	-[SCGrapheneCountdownsDeeplinkMetric2 init]	
104e0c81c	104e0c98f	decompiled	chunks/008/functions-000526.c		
104e0c990	104e0cb03	decompiled	chunks/008/functions-000526.c		
104e0cb04	104e0cc77	decompiled	chunks/008/functions-000526.c		
104e0cc78	104e0cceb	decompiled	chunks/008/functions-000526.c	-[UNISCCountdownsCountdowns initWithUnifiedGrpcService:]	
104e0ccec	104e0cdcf	decompiled	chunks/008/functions-000526.c	-[UNISCCountdownsCountdowns createCountdownWithRequest:callOptionsBuilder:handler:]	
104e0cdd0	104e0ceb3	decompiled	chunks/008/functions-000526.c	-[UNISCCountdownsCountdowns updateCountdownWithRequest:callOptionsBuilder:handler:]	
104e0ceb4	104e0cf97	decompiled	chunks/008/functions-000526.c	-[UNISCCountdownsCountdowns deleteCountdownWithRequest:callOptionsBuilder:handler:]	
104e0cf98	104e0d07b	decompiled	chunks/008/functions-000526.c	-[UNISCCountdownsCountdowns getCountdownsWithRequest:callOptionsBuilder:handler:]	
104e0d07c	104e0d15f	decompiled	chunks/008/functions-000526.c	-[UNISCCountdownsCountdowns getSharedCountdownsWithRequest:callOptionsBuilder:handler:]	
104e0d160	104e0d243	decompiled	chunks/008/functions-000526.c	-[UNISCCountdownsCountdowns getClosestUpcomingCountdownWithRequest:callOptionsBuilder:handler:]	
104e0d244	104e0d327	decompiled	chunks/008/functions-000526.c	-[UNISCCountdownsCountdowns getCountdownByIDWithRequest:callOptionsBuilder:handler:]	
104e0d328	104e0d40b	decompiled	chunks/008/functions-000526.c	-[UNISCCountdownsCountdowns leaveCountdownWithRequest:callOptionsBuilder:handler:]	
104e0d40c	104e0d4ef	decompiled	chunks/008/functions-000526.c	-[UNISCCountdownsCountdowns getCountdownDetailWithRequest:callOptionsBuilder:handler:]	
104e0d4f0	104e0d4fb	decompiled	chunks/008/functions-000526.c	-[UNISCCountdownsCountdowns .cxx_destruct]	
104e0d4fc	104e0d5fb	decompiled	chunks/008/functions-000526.c	-[SCCountdownsActionHandler initWithCountdownServices:circumstanceEngine:userPreferences:countdownsPageDismissalCallback:]	
104e0d5fc	104e0d8ff	decompiled	chunks/008/functions-000526.c	-[SCCountdownsActionHandler handleActionWithSender:actionModel:fromSourceView:]	
104e0d900	104e0dda7	decompiled	chunks/008/functions-000526.c		
104e0dda8	104e0ddab	decompiled	chunks/008/functions-000526.c		
104e0ddac	104e0de33	decompiled	chunks/008/functions-000526.c	-[SCCountdownsActionHandler getTraitCollectionFetcher]	
104e0de34	104e0df2f	decompiled	chunks/008/functions-000526.c		
104e0df30	104e0df47	decompiled	chunks/008/functions-000526.c	-[SCCountdownsActionHandler presentingViewController]	
104e0df48	104e0df53	decompiled	chunks/008/functions-000526.c	-[SCCountdownsActionHandler setPresentingViewController:]	
104e0df54	104e0df6b	decompiled	chunks/008/functions-000526.c	-[SCCountdownsActionHandler containerViewController]	
104e0df6c	104e0df77	decompiled	chunks/008/functions-000526.c	-[SCCountdownsActionHandler setContainerViewController:]	
104e0df78	104e0e037	decompiled	chunks/008/functions-000526.c	-[SCCountdownsActionHandler .cxx_destruct]	
104e0e038	104e0e0db	decompiled	chunks/008/functions-000526.c	-[SCProfileCountdownBadgingHelper initWithCircumstanceEngine:preferences:]	
104e0e0dc	104e0e13b	decompiled	chunks/008/functions-000526.c	-[SCProfileCountdownBadgingHelper shouldShowCellIconBadging]	
104e0e13c	104e0e197	decompiled	chunks/008/functions-000526.c	-[SCProfileCountdownBadgingHelper setCellIconBadgingHasBeenShown]	
104e0e198	104e0e1f3	decompiled	chunks/008/functions-000526.c	-[SCProfileCountdownBadgingHelper setProfileIconCountdownsBadgingHasBeenShown]	
104e0e1f4	104e0e223	decompiled	chunks/008/functions-000526.c	-[SCProfileCountdownBadgingHelper .cxx_destruct]	
104e0e224	104e0e36b	decompiled	chunks/008/functions-000526.c		
104e0e36c	104e0e383	decompiled	chunks/008/functions-000526.c		
104e0e384	104e0e40b	decompiled	chunks/008/functions-000526.c		
104e0e40c	104e0e44b	decompiled	chunks/008/functions-000526.c		
104e0e44c	104e0e513	decompiled	chunks/008/functions-000526.c	-[SCProfileCountdownDataLoader initWithNetworkRequester:updateBlock:]	
104e0e514	104e0e5c7	decompiled	chunks/008/functions-000526.c	-[SCProfileCountdownDataLoader loadCountdownData:performer:]	
104e0e5c8	104e0e877	decompiled	chunks/008/functions-000526.c		
104e0e878	104e0e9e3	decompiled	chunks/008/functions-000526.c		
104e0e9e4	104e0ea7f	decompiled	chunks/008/functions-000526.c		
104e0ea80	104e0eb33	decompiled	chunks/008/functions-000526.c		
104e0eb34	104e0ec33	decompiled	chunks/008/functions-000526.c		
104e0ec34	104e0ed23	decompiled	chunks/008/functions-000526.c		
104e0ed24	104e0ed9f	decompiled	chunks/008/functions-000526.c		
104e0eda0	104e0edcb	decompiled	chunks/008/functions-000526.c		
104e0edcc	104e0ee07	decompiled	chunks/008/functions-000526.c	-[SCProfileCountdownDataLoader .cxx_destruct]	
104e0ee08	104e0f2af	decompiled	chunks/008/functions-000526.c	-[SCCountdownsFriendProfileSectionEntryPoint begin]	
104e0f2b0	104e0f32b	decompiled	chunks/008/functions-000526.c		
104e0f32c	104e0f393	decompiled	chunks/008/functions-000526.c	-[SCCountdownsFriendProfileSectionEntryPoint _composerBlizzardLogger]	
104e0f394	104e0f443	decompiled	chunks/008/functions-000526.c	-[SCCountdownsFriendProfileSectionEntryPoint .cxx_destruct]	
104e0f444	104e0f89b	decompiled	chunks/008/functions-000526.c	-[SCCountdownsMyProfileSectionEntryPoint begin]	
104e0f89c	104e0f917	decompiled	chunks/008/functions-000526.c		
104e0f918	104e0f97f	decompiled	chunks/008/functions-000526.c	-[SCCountdownsMyProfileSectionEntryPoint _composerBlizzardLogger]	
104e0f980	104e0fa2f	decompiled	chunks/008/functions-000526.c	-[SCCountdownsMyProfileSectionEntryPoint .cxx_destruct]	
104e0fa30	104e0fa4b	decompiled	chunks/008/functions-000526.c	-[SCUnifiedProfileCountdownsSection sectionInsets]	
104e0fa4c	104e0fa53	decompiled	chunks/008/functions-000526.c	-[SCUnifiedProfileCountdownsSection minimumSectionInteritemSpacing]	
104e0fa54	104e0fa5b	decompiled	chunks/008/functions-000526.c	-[SCUnifiedProfileCountdownsSection minimumSectionLineSpacing]	
104e0fa5c	104e0fecf	decompiled	chunks/008/functions-000526.c	-[SCUnifiedProfileCountdownsSectionCreator initWithDownloader:conversationIdResolver:participantInfo:isMyProfilePage:countdownServices:circumstanceEngine:countdownsNetworkServices:valdiRuntimeProvider:composerPeopleBridgeFriendServices:composerBlizzardLogger:userPreferences:]	
104e0fed0	104e100af	decompiled	chunks/008/functions-000526.c		
104e100b0	104e1018b	decompiled	chunks/008/functions-000526.c	-[SCUnifiedProfileCountdownsSectionCreator setParticipantInfo:]	
104e1018c	104e101cb	decompiled	chunks/008/functions-000526.c		
104e101cc	104e101f3	decompiled	chunks/008/functions-000526.c	-[SCUnifiedProfileCountdownsSectionCreator configuration]	
104e101f4	104e1023b	decompiled	chunks/008/functions-000526.c	-[SCUnifiedProfileCountdownsSectionCreator order]	
104e1023c	104e10313	decompiled	chunks/008/functions-000526.c		
104e10314	104e1033b	decompiled	chunks/008/functions-000526.c	-[SCUnifiedProfileCountdownsSectionCreator section]	
104e1033c	104e103a7	decompiled	chunks/008/functions-000526.c	-[SCUnifiedProfileCountdownsSectionCreator actionHandler]	
104e103a8	104e104a7	decompiled	chunks/008/functions-000526.c	-[SCUnifiedProfileCountdownsSectionCreator countdownsDataProviderDidReceiveCountdown:]	
104e104a8	104e104e3	decompiled	chunks/008/functions-000526.c		
104e104e4	104e104fb	decompiled	chunks/008/functions-000526.c	-[SCUnifiedProfileCountdownsSectionCreator lifecycleAnnouncer]	
104e104fc	104e10507	decompiled	chunks/008/functions-000526.c	-[SCUnifiedProfileCountdownsSectionCreator setLifecycleAnnouncer:]	
104e10508	104e1050f	decompiled	chunks/008/functions-000526.c	-[SCUnifiedProfileCountdownsSectionCreator participantInfo]	
104e10510	104e105f7	decompiled	chunks/008/functions-000526.c	-[SCUnifiedProfileCountdownsSectionCreator .cxx_destruct]	
104e105f8	104e10603	decompiled	chunks/008/functions-000526.c	+[SCUnifiedProfileCountdownsSectionDataProvider announcerIdentifier]	
104e10604	104e1060b	decompiled	chunks/008/functions-000526.c	-[SCUnifiedProfileCountdownsSectionDataProvider addListener:]	
104e1060c	104e10613	decompiled	chunks/008/functions-000526.c	-[SCUnifiedProfileCountdownsSectionDataProvider removeListener:]	
104e10614	104e1090f	decompiled	chunks/008/functions-000526.c	-[SCUnifiedProfileCountdownsSectionDataProvider initWithDownloader:participantInfo:traitCollectionFetcher:countdownsNetworkRequester:valdiRuntimeProvider:composerPeopleBridgeFriendServices:composerBlizzardLogger:countdownBadgingHelper:delegate:circumstanceEngine:]	
104e10910	104e10a67	decompiled	chunks/008/functions-000526.c		
104e10a68	104e10b5f	decompiled	chunks/008/functions-000526.c	-[SCUnifiedProfileCountdownsSectionDataProvider setSectionDataModel:]	
104e10b60	104e10b8b	decompiled	chunks/008/functions-000526.c	-[SCUnifiedProfileCountdownsSectionDataProvider reloadGRPCData]	
104e10b8c	104e10bc3	decompiled	chunks/008/functions-000526.c	-[SCUnifiedProfileCountdownsSectionDataProvider setUpdateQueuePerformer:]	
104e10bc4	104e10be7	decompiled	chunks/008/functions-000526.c	-[SCUnifiedProfileCountdownsSectionDataProvider numberOfItemsInSection:]	
104e10be8	104e10c47	decompiled	chunks/008/functions-000526.c	-[SCUnifiedProfileCountdownsSectionDataProvider dataLoadingStatus]	
104e10c48	104e10e5f	decompiled	chunks/008/functions-000526.c	-[SCUnifiedProfileCountdownsSectionDataProvider configurationBlocksByReuseIdentifier]	
104e10e60	104e10f8b	decompiled	chunks/008/functions-000526.c		
104e10f8c	104e115cf	decompiled	chunks/008/functions-000526.c	-[SCUnifiedProfileCountdownsSectionDataProvider containerCellViewModelsForIndexPaths:]	
104e115d0	104e1166f	decompiled	chunks/008/functions-000526.c		
104e11670	104e11687	decompiled	chunks/008/functions-000526.c		
104e11688	104e11707	decompiled	chunks/008/functions-000526.c		
104e11708	104e11713	decompiled	chunks/008/functions-000526.c	-[SCUnifiedProfileCountdownsSectionDataProvider contentCellClassesByReuseIdentifier]	
104e11714	104e1172b	decompiled	chunks/008/functions-000526.c	-[SCUnifiedProfileCountdownsSectionDataProvider dataProviderDelegate]	
104e1172c	104e11737	decompiled	chunks/008/functions-000526.c	-[SCUnifiedProfileCountdownsSectionDataProvider setDataProviderDelegate:]	
104e11738	104e1173f	decompiled	chunks/008/functions-000526.c	-[SCUnifiedProfileCountdownsSectionDataProvider updateQueuePerformer]	
104e11740	104e11747	decompiled	chunks/008/functions-000526.c	-[SCUnifiedProfileCountdownsSectionDataProvider sectionDataModel]	
104e11748	104e1189b	decompiled	chunks/008/functions-000526.c	-[SCUnifiedProfileCountdownsSectionDataProvider .cxx_destruct]	
104e1189c	104e11953	decompiled	chunks/008/functions-000526.c	+[SCUnifiedProfileCountdownsCellClassesByReuseIdentifier contentCellClassesByReuseIdentifier]	
104e11954	104e1195f	decompiled	chunks/008/functions-000527.c	+[SCUnifiedProfileEmptyCountdownsSectionDataProvider announcerIdentifier]	
104e11960	104e11967	decompiled	chunks/008/functions-000527.c	-[SCUnifiedProfileEmptyCountdownsSectionDataProvider addListener:]	
104e11968	104e1196f	decompiled	chunks/008/functions-000527.c	-[SCUnifiedProfileEmptyCountdownsSectionDataProvider removeListener:]	
104e11970	104e11977	decompiled	chunks/008/functions-000527.c	-[SCUnifiedProfileEmptyCountdownsSectionDataProvider dataLoadingStatus]	
104e11978	104e11983	decompiled	chunks/008/functions-000527.c	-[SCUnifiedProfileEmptyCountdownsSectionDataProvider containerCellViewModelsForIndexPaths:]	
104e11984	104e1198f	decompiled	chunks/008/functions-000527.c	-[SCUnifiedProfileEmptyCountdownsSectionDataProvider contentCellClassesByReuseIdentifier]	
104e11990	104e1199b	decompiled	chunks/008/functions-000527.c	-[SCUnifiedProfileEmptyCountdownsSectionDataProvider configurationBlocksByReuseIdentifier]	
104e1199c	104e119a3	decompiled	chunks/008/functions-000527.c	-[SCUnifiedProfileEmptyCountdownsSectionDataProvider numberOfItemsInSection:]	
104e119a4	104e119bb	decompiled	chunks/008/functions-000527.c	-[SCUnifiedProfileEmptyCountdownsSectionDataProvider dataProviderDelegate]	
104e119bc	104e119c7	decompiled	chunks/008/functions-000527.c	-[SCUnifiedProfileEmptyCountdownsSectionDataProvider setDataProviderDelegate:]	
104e119c8	104e119cf	decompiled	chunks/008/functions-000527.c	-[SCUnifiedProfileEmptyCountdownsSectionDataProvider updateQueuePerformer]	
104e119d0	104e119ff	decompiled	chunks/008/functions-000527.c	-[SCUnifiedProfileEmptyCountdownsSectionDataProvider setUpdateQueuePerformer:]	
104e11a00	104e11a07	decompiled	chunks/008/functions-000527.c	-[SCUnifiedProfileEmptyCountdownsSectionDataProvider sectionDataModel]	
104e11a08	104e11a0f	decompiled	chunks/008/functions-000527.c	-[SCUnifiedProfileEmptyCountdownsSectionDataProvider setSectionDataModel:]	
104e11a10	104e11a53	decompiled	chunks/008/functions-000527.c	-[SCUnifiedProfileEmptyCountdownsSectionDataProvider .cxx_destruct]	
104e11a54	104e11b9b	decompiled	chunks/008/functions-000527.c	-[SCUnifiedProfileCountdownsBaseCollectionViewsCell initWithFrame:]	
104e11b9c	104e11b9f	decompiled	chunks/008/functions-000527.c	-[SCUnifiedProfileCountdownsBaseCollectionViewsCell setViewModel:]	
104e11ba0	104e11ba7	decompiled	chunks/008/functions-000527.c	-[SCUnifiedProfileCountdownsBaseCollectionViewsCell shouldAdjustBackgroundColorForHighlightedState]	
104e11ba8	104e11bb3	decompiled	chunks/008/functions-000527.c	+[SCUnifiedProfileCountdownsBaseCollectionViewsCell sizeWithViewModel:constrainedToSize:traitCollectionFetcher:]	
104e11bb4	104e11c3f	decompiled	chunks/008/functions-000527.c	-[SCUnifiedProfileCountdownsBaseCollectionViewsCell setBadgeActive:]	
104e11c40	104e11c4f	decompiled	chunks/008/functions-000527.c	-[SCUnifiedProfileCountdownsBaseCollectionViewsCell viewModel]	
104e11c50	104e11c5f	decompiled	chunks/008/functions-000527.c	-[SCUnifiedProfileCountdownsBaseCollectionViewsCell actionHandler]	
104e11c60	104e11c9f	decompiled	chunks/008/functions-000527.c	-[SCUnifiedProfileCountdownsBaseCollectionViewsCell setActionHandler:]	
104e11ca0	104e11cdf	decompiled	chunks/008/functions-000527.c	-[SCUnifiedProfileCountdownsBaseCollectionViewsCell .cxx_destruct]	
104e11ce0	104e11d3b	decompiled	chunks/008/functions-000527.c	-[SCUnifiedProfileCountdownsListCollectionViewsCell addAsSubviewAndLayoutContainerView:parentView:]	
104e11d3c	104e1202f	decompiled	chunks/008/functions-000527.c	-[SCUnifiedProfileCountdownsListCollectionViewsCell addAsSubviewAndLayoutButton:parentView:existingView:]	
104e12030	104e12143	decompiled	chunks/008/functions-000527.c	-[SCUnifiedProfileCountdownsListCollectionViewsCell initWithFrame:]	
104e12144	104e122d3	decompiled	chunks/008/functions-000527.c	-[SCUnifiedProfileCountdownsListCollectionViewsCell updateCellViews]	
104e122d4	104e123b3	decompiled	chunks/008/functions-000527.c	-[SCUnifiedProfileCountdownsListCollectionViewsCell _updateColors]	
104e123b4	104e124af	decompiled	chunks/008/functions-000527.c	-[SCUnifiedProfileCountdownsListCollectionViewsCell setViewModel:]	
104e124b0	104e124b7	decompiled	chunks/008/functions-000527.c	-[SCUnifiedProfileCountdownsListCollectionViewsCell shouldAdjustBackgroundColorForHighlightedState]	
104e124b8	104e124c3	decompiled	chunks/008/functions-000527.c	+[SCUnifiedProfileCountdownsListCollectionViewsCell sizeWithViewModel:constrainedToSize:]	
104e124c4	104e12577	decompiled	chunks/008/functions-000527.c	-[SCUnifiedProfileCountdownsListCollectionViewsCell _handleTapAction]	
104e12578	104e125c7	decompiled	chunks/008/functions-000527.c	-[SCUnifiedProfileCountdownsListCollectionViewsCell .cxx_destruct]	
104e125c8	104e126c3	decompiled	chunks/008/functions-000527.c	-[SCUnifiedProfileCountdownsProfileViewCell setViewModel:]	
104e126c4	104e1279b	decompiled	chunks/008/functions-000527.c	+[SCUnifiedProfileCountdownsProfileViewCell sizeWithViewModel:constrainedToSize:]	
104e1279c	104e1284f	decompiled	chunks/008/functions-000527.c	-[SCUnifiedProfileCountdownsProfileViewCell _handleTapAction]	
104e12850	104e12a9b	decompiled	chunks/008/functions-000527.c	-[SCUnifiedProfileCountdownsProfileViewCell _updateCellViewWithViewModel:]	
104e12a9c	104e12ad3	decompiled	chunks/008/functions-000527.c	-[SCUnifiedProfileCountdownsProfileViewCell setComposerPeopleBridgeFriendServices:]	
104e12ad4	104e12c8b	decompiled	chunks/008/functions-000527.c	-[SCUnifiedProfileCountdownsProfileViewCell _getComposerCountdownProfileCellViewContext:]	
104e12c8c	104e12d1f	decompiled	chunks/008/functions-000527.c		
104e12d20	104e12d53	decompiled	chunks/008/functions-000527.c		
104e12d54	104e12d63	decompiled	chunks/008/functions-000527.c	-[SCUnifiedProfileCountdownsProfileViewCell valdiRuntimeProvider]	
104e12d64	104e12da3	decompiled	chunks/008/functions-000527.c	-[SCUnifiedProfileCountdownsProfileViewCell setValdiRuntimeProvider:]	
104e12da4	104e12db3	decompiled	chunks/008/functions-000527.c	-[SCUnifiedProfileCountdownsProfileViewCell composerPeopleBridgeFriendServices]	
104e12db4	104e12e03	decompiled	chunks/008/functions-000527.c	-[SCUnifiedProfileCountdownsProfileViewCell .cxx_destruct]	
104e12e04	104e12f3f	decompiled	chunks/008/functions-000527.c	-[SCUnifiedProfileCountdownsViewAllButton initWithFrame:]	
104e12f40	104e12f57	decompiled	chunks/008/functions-000527.c	-[SCUnifiedProfileCountdownsViewAllButton intrinsicContentSize]	
104e12f58	104e12f9b	decompiled	chunks/008/functions-000527.c	-[SCUnifiedProfileCountdownsViewAllButton text]	
104e12f9c	104e13007	decompiled	chunks/008/functions-000527.c	-[SCUnifiedProfileCountdownsViewAllButton setText:]	
104e13008	104e13073	decompiled	chunks/008/functions-000527.c	-[SCUnifiedProfileCountdownsViewAllButton setForegroundColor:]	
104e13074	104e1307b	decompiled	chunks/008/functions-000527.c	-[SCUnifiedProfileCountdownsViewAllButton foregroundColor]	
104e1307c	104e130f3	decompiled	chunks/008/functions-000527.c	-[SCUnifiedProfileCountdownsViewAllButton setBackgroundColor:]	
104e130f4	104e1314f	decompiled	chunks/008/functions-000527.c	-[SCUnifiedProfileCountdownsViewAllButton setHighlighted:]	
104e13150	104e1315f	decompiled	chunks/008/functions-000527.c	-[SCUnifiedProfileCountdownsViewAllButton highlightedColor]	
104e13160	104e1319f	decompiled	chunks/008/functions-000527.c	-[SCUnifiedProfileCountdownsViewAllButton setHighlightedColor:]	
104e131a0	104e131df	decompiled	chunks/008/functions-000527.c	-[SCUnifiedProfileCountdownsViewAllButton .cxx_destruct]	
104e131e0	104e13283	decompiled	chunks/008/functions-000527.c	-[SCUnifiedProfileCreateCountdownCollectionViewCell initWithFrame:]	
104e13284	104e133ff	decompiled	chunks/008/functions-000527.c	-[SCUnifiedProfileCreateCountdownCollectionViewCell _updateViews]	
104e13400	104e134b3	decompiled	chunks/008/functions-000527.c	-[SCUnifiedProfileCreateCountdownCollectionViewCell _updateShadowColor]	
104e134b4	104e136cb	decompiled	chunks/008/functions-000527.c	-[SCUnifiedProfileCreateCountdownCollectionViewCell setViewModel:]	
104e136cc	104e137a3	decompiled	chunks/008/functions-000527.c	+[SCUnifiedProfileCreateCountdownCollectionViewCell sizeWithViewModel:constrainedToSize:]	
104e137a4	104e13847	decompiled	chunks/008/functions-000527.c	-[SCUnifiedProfileCreateCountdownCollectionViewCell _setSIGLeadingIcon:]	
104e13848	104e138e3	decompiled	chunks/008/functions-000527.c	-[SCUnifiedProfileCreateCountdownCollectionViewCell _makeLeadingIcon:viewModel:]	
104e138e4	104e13b53	decompiled	chunks/008/functions-000527.c		
104e13b54	104e13c07	decompiled	chunks/008/functions-000527.c	-[SCUnifiedProfileCreateCountdownCollectionViewCell _handleTapAction]	
104e13c08	104e13c17	decompiled	chunks/008/functions-000527.c	-[SCUnifiedProfileCreateCountdownCollectionViewCell downloader]	
104e13c18	104e13c57	decompiled	chunks/008/functions-000527.c	-[SCUnifiedProfileCreateCountdownCollectionViewCell setDownloader:]	
104e13c58	104e13c97	decompiled	chunks/008/functions-000527.c	-[SCUnifiedProfileCreateCountdownCollectionViewCell .cxx_destruct]	
104e13c98	104e13d27	decompiled	chunks/008/functions-000527.c		
104e13d28	104e13e7b	decompiled	chunks/008/functions-000527.c		
104e13e7c	104e13e9f	decompiled	chunks/008/functions-000527.c	-[SCCreateCountdownCollectionViewCellViewModel copyWithZone:]	
104e13ea0	104e13f43	decompiled	chunks/008/functions-000527.c	-[SCCreateCountdownCollectionViewCellViewModel hash]	
104e13f44	104e1406b	decompiled	chunks/008/functions-000527.c	-[SCCreateCountdownCollectionViewCellViewModel isEqual:]	
104e1406c	104e140bf	decompiled	chunks/008/functions-000527.c	-[SCCreateCountdownCollectionViewCellViewModel .cxx_destruct]	
104e140c0	104e1416f	decompiled	chunks/008/functions-000527.c		
104e14170	104e14193	decompiled	chunks/008/functions-000527.c	-[SCCountdownsListCollectionViewCellViewModel copyWithZone:]	
104e14194	104e14207	decompiled	chunks/008/functions-000527.c	-[SCCountdownsListCollectionViewCellViewModel hash]	
104e14208	104e142c7	decompiled	chunks/008/functions-000527.c	-[SCCountdownsListCollectionViewCellViewModel isEqual:]	
104e142c8	104e142f7	decompiled	chunks/008/functions-000527.c	-[SCCountdownsListCollectionViewCellViewModel .cxx_destruct]	
104e142f8	104e144a3	decompiled	chunks/008/functions-000527.c		
104e144a4	104e144c7	decompiled	chunks/008/functions-000527.c	-[SCCountdownsProfileViewCellViewModel copyWithZone:]	
104e144c8	104e14583	decompiled	chunks/008/functions-000527.c	-[SCCountdownsProfileViewCellViewModel hash]	
104e14584	104e146cb	decompiled	chunks/008/functions-000527.c	-[SCCountdownsProfileViewCellViewModel isEqual:]	
104e146cc	104e14737	decompiled	chunks/008/functions-000527.c	-[SCCountdownsProfileViewCellViewModel .cxx_destruct]	
104e14738	104e147c7	decompiled	chunks/008/functions-000527.c	+[SCCountdownsParticipantInfo friendWithCurrentUser:profileUser:]	
104e147c8	104e1485f	decompiled	chunks/008/functions-000527.c	+[SCCountdownsParticipantInfo groupWithCurrentUser:groupId:]	
104e14860	104e14883	decompiled	chunks/008/functions-000527.c	-[SCCountdownsParticipantInfo copyWithZone:]	
104e14884	104e14913	decompiled	chunks/008/functions-000527.c	-[SCCountdownsParticipantInfo hash]	
104e14914	104e14957	decompiled	chunks/008/functions-000527.c	-[SCCountdownsParticipantInfo internalInit]	
104e14958	104e14a3f	decompiled	chunks/008/functions-000527.c	-[SCCountdownsParticipantInfo isEqual:]	
104e14a40	104e14acf	decompiled	chunks/008/functions-000527.c	-[SCCountdownsParticipantInfo matchFriend:group:]	
104e14ad0	104e14b17	decompiled	chunks/008/functions-000527.c	-[SCCountdownsParticipantInfo .cxx_destruct]	
104e14b18	104e14bcf	decompiled	chunks/008/functions-000527.c		
104e14bd0	104e14bf3	decompiled	chunks/008/functions-000527.c	-[SCCountdownsDetailsCollectionViewCellViewModel copyWithZone:]	
104e14bf4	104e14c6b	decompiled	chunks/008/functions-000527.c	-[SCCountdownsDetailsCollectionViewCellViewModel hash]	
104e14c6c	104e14d23	decompiled	chunks/008/functions-000527.c	-[SCCountdownsDetailsCollectionViewCellViewModel isEqual:]	
104e14d24	104e14d53	decompiled	chunks/008/functions-000527.c	-[SCCountdownsDetailsCollectionViewCellViewModel .cxx_destruct]	
104e14d54	104e15053	decompiled	chunks/008/functions-000527.c	-[SCCTPCustomStickerMessagePresendUploadPlugin uploadMediaReference:]	
104e15054	104e1506b	decompiled	chunks/008/functions-000527.c		
104e1506c	104e1512b	decompiled	chunks/008/functions-000528.c		
104e1512c	104e15173	decompiled	chunks/008/functions-000528.c		
104e15174	104e152c3	decompiled	chunks/008/functions-000528.c		
104e152c4	104e15343	decompiled	chunks/008/functions-000528.c		
104e15344	104e15347	decompiled	chunks/008/functions-000528.c	-[SCCTPCustomStickerMessagePresendUploadPlugin sendCompletedForMediaReference:]	
104e15348	104e1534f	decompiled	chunks/008/functions-000528.c	-[SCCTPCustomStickerMessagePresendUploadPlugin uploadMethod]	
104e15350	104e1545b	decompiled	chunks/008/functions-000528.c	-[SCCTPCustomStickerMessagePresendUploadPlugin _uploadResultFromItemInstance:]	
104e1545c	104e15467	decompiled	chunks/008/functions-000528.c	-[SCCTPCustomStickerMessagePresendUploadPlugin .cxx_destruct]	
104e15468	104e158b3	decompiled	chunks/008/functions-000528.c	-[SCCTPCustomojiMessagePresendUploadPlugin uploadMediaReference:]	
104e158b4	104e158cb	decompiled	chunks/008/functions-000528.c		
104e158cc	104e15a23	decompiled	chunks/008/functions-000528.c		
104e15a24	104e15a7b	decompiled	chunks/008/functions-000528.c		
104e15a7c	104e15a87	decompiled	chunks/008/functions-000528.c		
104e15a88	104e15bff	decompiled	chunks/008/functions-000528.c	-[SCCTPCustomojiMessagePresendUploadPlugin _uploadBoltContentWithPromise:itemId:imageData:itemInstance:]	
104e15c00	104e15c6b	decompiled	chunks/008/functions-000528.c		
104e15c6c	104e15d7b	decompiled	chunks/008/functions-000528.c	-[SCCTPCustomojiMessagePresendUploadPlugin _handleBoltUploadResultWithPromise:contentURL:itemInstance:]	
104e15d7c	104e15d7f	decompiled	chunks/008/functions-000528.c	-[SCCTPCustomojiMessagePresendUploadPlugin sendCompletedForMediaReference:]	
104e15d80	104e15d87	decompiled	chunks/008/functions-000528.c	-[SCCTPCustomojiMessagePresendUploadPlugin uploadMethod]	
104e15d88	104e15e93	decompiled	chunks/008/functions-000528.c	-[SCCTPCustomojiMessagePresendUploadPlugin _uploadResultFromItemInstance:]	
104e15e94	104e15ec3	decompiled	chunks/008/functions-000528.c	-[SCCTPCustomojiMessagePresendUploadPlugin .cxx_destruct]	
104e15ec4	104e15f13	decompiled	chunks/008/functions-000528.c	-[SCCTPItemMessagePresendUploadPluginEntryPoint .cxx_destruct]	
104e15f14	104e15fbb	decompiled	chunks/008/functions-000528.c	-[SCPreviewFeatureCustomStickerPluginEntryPoint begin]	
104e15fbc	104e15fff	decompiled	chunks/008/functions-000528.c	-[SCPreviewFeatureCustomStickerPluginEntryPoint .cxx_destruct]	
104e16000	104e161db	decompiled	chunks/008/functions-000528.c	-[SCDefaultEmojiSkinToneSelectionCell initWithFrame:]	
104e161dc	104e162e7	decompiled	chunks/008/functions-000528.c	-[SCDefaultEmojiSkinToneSelectionCell traitCollectionDidChange:]	
104e162e8	104e1639f	decompiled	chunks/008/functions-000528.c	-[SCDefaultEmojiSkinToneSelectionCell setSkinToneSelection:]	
104e163a0	104e1640f	decompiled	chunks/008/functions-000528.c	-[SCDefaultEmojiSkinToneSelectionCell setSelected:]	
104e16410	104e1641f	decompiled	chunks/008/functions-000528.c	-[SCDefaultEmojiSkinToneSelectionCell skinTone]	
104e16420	104e1642b	decompiled	chunks/008/functions-000528.c	-[SCDefaultEmojiSkinToneSelectionCell emojiFontSize]	
104e1642c	104e165cb	decompiled	chunks/008/functions-000528.c	-[SCDefaultEmojiSkinToneSelectionCell _initSelectedBackgroundView]	
104e165cc	104e165db	decompiled	chunks/008/functions-000528.c	-[SCDefaultEmojiSkinToneSelectionCell setSkinTone:]	
104e165dc	104e1666b	decompiled	chunks/008/functions-000528.c	-[SCDefaultEmojiSkinToneViewController initWithSkinToneSettings:]	
104e1666c	104e166b3	decompiled	chunks/008/functions-000528.c	-[SCDefaultEmojiSkinToneViewController loadView]	
104e166b4	104e166b7	decompiled	chunks/008/functions-000528.c	-[SCDefaultEmojiSkinToneViewController getTitle]	
104e166b8	104e166bb	decompiled	chunks/008/functions-000528.c	-[SCDefaultEmojiSkinToneViewController collectionView:numberOfItemsInSection:]	
104e166bc	104e16807	decompiled	chunks/008/functions-000528.c	-[SCDefaultEmojiSkinToneViewController collectionView:cellForItemAtIndexPath:]	
104e16808	104e16983	decompiled	chunks/008/functions-000528.c	-[SCDefaultEmojiSkinToneViewController collectionView:viewForSupplementaryElementOfKind:atIndexPath:]	
104e16984	104e16cd3	decompiled	chunks/008/functions-000528.c		
104e16cd4	104e16d73	decompiled	chunks/008/functions-000528.c	-[SCDefaultEmojiSkinToneViewController collectionView:didSelectItemAtIndexPath:]	
104e16d74	104e16dd3	decompiled	chunks/008/functions-000528.c	-[SCDefaultEmojiSkinToneViewController collectionView:willDisplayCell:forItemAtIndexPath:]	
104e16dd4	104e16e33	decompiled	chunks/008/functions-000528.c	-[SCDefaultEmojiSkinToneViewController collectionView:didEndDisplayingCell:forItemAtIndexPath:]	
104e16e34	104e16e43	decompiled	chunks/008/functions-000528.c	-[SCDefaultEmojiSkinToneViewController collectionView:layout:sizeForItemAtIndexPath:]	
104e16e44	104e16e4b	decompiled	chunks/008/functions-000528.c	-[SCDefaultEmojiSkinToneViewController collectionView:layout:minimumInteritemSpacingForSectionAtIndex:]	
104e16e4c	104e16e53	decompiled	chunks/008/functions-000528.c	-[SCDefaultEmojiSkinToneViewController collectionView:layout:minimumLineSpacingForSectionAtIndex:]	
104e16e54	104e16f17	decompiled	chunks/008/functions-000528.c	-[SCDefaultEmojiSkinToneViewController collectionView:layout:referenceSizeForHeaderInSection:]	
104e16f18	104e17273	decompiled	chunks/008/functions-000528.c	-[SCDefaultEmojiSkinToneViewController _initCollectionView]	
104e17274	104e172b7	decompiled	chunks/008/functions-000528.c	-[SCDefaultEmojiSkinToneViewController _numberOfItemsInView]	
104e172b8	104e172c7	decompiled	chunks/008/functions-000528.c	-[SCDefaultEmojiSkinToneViewController skinToneSettings]	
104e172c8	104e17307	decompiled	chunks/008/functions-000528.c	-[SCDefaultEmojiSkinToneViewController setSkinToneSettings:]	
104e17308	104e17317	decompiled	chunks/008/functions-000528.c	-[SCDefaultEmojiSkinToneViewController defaultEmojiSkinTonePicker]	
104e17318	104e17357	decompiled	chunks/008/functions-000528.c	-[SCDefaultEmojiSkinToneViewController setDefaultEmojiSkinTonePicker:]	
104e17358	104e17367	decompiled	chunks/008/functions-000528.c	-[SCDefaultEmojiSkinToneViewController headerCell]	
104e17368	104e173a7	decompiled	chunks/008/functions-000528.c	-[SCDefaultEmojiSkinToneViewController setHeaderCell:]	
104e173a8	104e173f7	decompiled	chunks/008/functions-000528.c	-[SCDefaultEmojiSkinToneViewController .cxx_destruct]	
104e173f8	104e174c7	decompiled	chunks/008/functions-000528.c	-[SCEmojiSkinToneSettingsBusinessLogic initWithUIContainer:emojiSkinToneSettingViewController:emojiSkinToneSettingScopeDelegate:]	
104e174c8	104e174d3	decompiled	chunks/008/functions-000528.c	-[SCEmojiSkinToneSettingsBusinessLogic begin]	
104e174d4	104e174df	decompiled	chunks/008/functions-000528.c	-[SCEmojiSkinToneSettingsBusinessLogic end]	
104e174e0	104e1751b	decompiled	chunks/008/functions-000528.c	-[SCEmojiSkinToneSettingsBusinessLogic settingFinished]	
104e1751c	104e1751f	decompiled	chunks/008/functions-000528.c	-[SCEmojiSkinToneSettingsBusinessLogic settingDismissed]	
104e17520	104e17557	decompiled	chunks/008/functions-000528.c	-[SCEmojiSkinToneSettingsBusinessLogic .cxx_destruct]	
104e17558	104e1766b	decompiled	chunks/008/functions-000528.c	-[SCEmojiSkinToneSettingsEntryPoint begin]	
104e1766c	104e176c3	decompiled	chunks/008/functions-000528.c	-[SCEmojiSkinToneSettingsEntryPoint end]	
104e176c4	104e1770b	decompiled	chunks/008/functions-000528.c	-[SCEmojiSkinToneSettingsEntryPoint .cxx_destruct]	
104e1770c	104e1777f	decompiled	chunks/008/functions-000528.c	-[SCGrapheneCustomStickerMetric2 init]	
104e17780	104e178f3	decompiled	chunks/008/functions-000528.c		
104e178f4	104e178ff	decompiled	chunks/008/functions-000528.c	+[SCCMemoriesQuickCutSelectionFactory modulePath]	
104e17900	104e17907	decompiled	chunks/008/functions-000528.c	+[SCCMemoriesQuickCutSelectionFactory asyncStrictMode]	
104e17908	104e17977	decompiled	chunks/008/functions-000528.c	-[SCCMemoriesQuickCutSelectionFactory createQuickCutSelectionServiceWithCameraRollProvider:]	
104e17978	104e17ae7	decompiled	chunks/008/functions-000528.c	+[SCCMemoriesQuickCutSelectionFactory invokeWithJSRuntimeProvider:cameraRollProvider:completionHandler:]	
104e17ae8	104e17b0b	decompiled	chunks/008/functions-000528.c	+[SCCMemoriesQuickCutSelectionFactory valdiMarshallableObjectDescriptor]	
104e17b0c	104e17b2f	decompiled	chunks/008/functions-000528.c	+[SCCMemoriesQuickCutSelectionService valdiMarshallableObjectDescriptor]	
104e17b30	104e17b37	decompiled	chunks/008/functions-000528.c	-[SCCMemoriesQuickCutSelectionErrorCode__Enum init]	
104e17b38	104e17b7f	decompiled	chunks/008/functions-000528.c	-[SCCMemoriesQuickCutSelectionResult initWithItemIds:itemsRequested:errorCode:]	
104e17b80	104e17b9f	decompiled	chunks/008/functions-000528.c	+[SCCMemoriesQuickCutSelectionResult valdiMarshallableObjectDescriptor]	
104e17ba0	104e17c13	decompiled	chunks/008/functions-000528.c	-[SCGrapheneQuickCutMetric2 init]	
104e17c14	104e17c8b	decompiled	chunks/008/functions-000528.c		
104e17c8c	104e17e1f	decompiled	chunks/008/functions-000528.c		
104e17e20	104e17fb3	decompiled	chunks/008/functions-000528.c		
104e17fb4	104e18127	decompiled	chunks/008/functions-000528.c		
104e18128	104e1829b	decompiled	chunks/008/functions-000528.c		
104e1829c	104e18583	decompiled	chunks/008/functions-000528.c		
104e18584	104e187b3	decompiled	chunks/008/functions-000528.c		
104e187b4	104e18947	decompiled	chunks/008/functions-000528.c		
104e18948	104e18b77	decompiled	chunks/008/functions-000528.c		
104e18b78	104e18bef	decompiled	chunks/008/functions-000528.c		
104e18bf0	104e18c67	decompiled	chunks/008/functions-000528.c		
104e18c68	104e18cdf	decompiled	chunks/008/functions-000528.c		
104e18ce0	104e18ec7	decompiled	chunks/008/functions-000528.c		
104e18ec8	104e1903b	decompiled	chunks/008/functions-000528.c		
104e1903c	104e1926b	decompiled	chunks/008/functions-000528.c		
104e1926c	104e194b3	decompiled	chunks/008/functions-000528.c	-[SCRemixSnapEditorEventListener initWithPreviewScope:valdiRuntimeProvider:previewScopeServices:]	
104e194b4	104e19503	decompiled	chunks/008/functions-000528.c	-[SCRemixSnapEditorEventListener teardown]	
104e19504	104e195af	decompiled	chunks/008/functions-000528.c	-[SCRemixSnapEditorEventListener _subscribeToPreviewConfig]	
104e195b0	104e195eb	decompiled	chunks/008/functions-000528.c		
104e195ec	104e19667	decompiled	chunks/008/functions-000528.c	-[SCRemixSnapEditorEventListener _shouldBlockSendButton]	
104e19668	104e197bb	decompiled	chunks/008/functions-000528.c	-[SCRemixSnapEditorEventListener sendActionGuard]	
104e197bc	104e19b73	decompiled	chunks/008/functions-000528.c	-[SCRemixSnapEditorEventListener _subscribeToTimelineConfigurationStatusObservable]	
104e19b74	104e19c0f	decompiled	chunks/008/functions-000528.c		
104e19c10	104e19c5f	decompiled	chunks/008/functions-000528.c	-[SCRemixSnapEditorEventListener _toastMessageObservable]	
104e19c60	104e19ce3	decompiled	chunks/008/functions-000528.c	-[SCRemixSnapEditorEventListener .cxx_destruct]	
104e19ce4	104e19dab	decompiled	chunks/008/functions-000529.c	-[SCRemixSnapEditorEventListenerEntryPoint begin]	
104e19dac	104e19e9f	decompiled	chunks/008/functions-000529.c		
104e19ea0	104e19f9f	decompiled	chunks/008/functions-000529.c	-[SCRemixSnapEditorEventListenerEntryPoint end]	
104e19fa0	104e19fd3	decompiled	chunks/008/functions-000529.c		
104e19fd4	104e1a043	decompiled	chunks/008/functions-000529.c	-[SCRemixSnapEditorEventListenerEntryPoint .cxx_destruct]	
104e1a044	104e1a2bf	decompiled	chunks/008/functions-000529.c	-[SCVoiceoverAudioSession initWithAudio:maxDuration:audioSessionServices:temporaryFileWriter:]	
104e1a2c0	104e1a2eb	decompiled	chunks/008/functions-000529.c		
104e1a2ec	104e1a2f3	decompiled	chunks/008/functions-000529.c	-[SCVoiceoverAudioSession numberOfSegments]	
104e1a2f4	104e1a303	decompiled	chunks/008/functions-000529.c	-[SCVoiceoverAudioSession isRecording]	
104e1a304	104e1a3ab	decompiled	chunks/008/functions-000529.c	-[SCVoiceoverAudioSession beginRecordingSegment]	
104e1a3ac	104e1a3d7	decompiled	chunks/008/functions-000529.c		
104e1a3d8	104e1a47f	decompiled	chunks/008/functions-000529.c	-[SCVoiceoverAudioSession endRecordingSegment]	
104e1a480	104e1a4ab	decompiled	chunks/008/functions-000529.c		
104e1a4ac	104e1a4af	decompiled	chunks/008/functions-000529.c	-[SCVoiceoverAudioSession undoSegment]	
104e1a4b0	104e1a54b	decompiled	chunks/008/functions-000529.c	-[SCVoiceoverAudioSession lengthOfSegmentAtIndex:]	
104e1a54c	104e1a64b	decompiled	chunks/008/functions-000529.c	-[SCVoiceoverAudioSession createVoiceoverAudioWithAudioMixingProportion:completion:]	
104e1a64c	104e1a7a3	decompiled	chunks/008/functions-000529.c		
104e1a7a4	104e1a7b7	decompiled	chunks/008/functions-000529.c		
104e1a7b8	104e1a7df	decompiled	chunks/008/functions-000529.c	-[SCVoiceoverAudioSession recordingEventPublisher]	
104e1a7e0	104e1a82f	decompiled	chunks/008/functions-000529.c	-[SCVoiceoverAudioSession dealloc]	
104e1a830	104e1a9fb	decompiled	chunks/008/functions-000529.c	-[SCVoiceoverAudioSession _configureAudioSession]	
104e1a9fc	104e1aa13	decompiled	chunks/008/functions-000529.c		
104e1aa14	104e1aa6b	decompiled	chunks/008/functions-000529.c		
104e1aa6c	104e1accb	decompiled	chunks/008/functions-000529.c	-[SCVoiceoverAudioSession _prepareNextRecordingWithCompletion:]	
104e1accc	104e1ad8b	decompiled	chunks/008/functions-000529.c	-[SCVoiceoverAudioSession _startRecordingAsynchronously]	
104e1ad8c	104e1ae0b	decompiled	chunks/008/functions-000529.c		
104e1ae0c	104e1af8b	decompiled	chunks/008/functions-000529.c	-[SCVoiceoverAudioSession _startRecording]	
104e1af8c	104e1aff7	decompiled	chunks/008/functions-000529.c		
104e1aff8	104e1b037	decompiled	chunks/008/functions-000529.c	-[SCVoiceoverAudioSession _stopRecordingAsynchronously]	
104e1b038	104e1b03b	decompiled	chunks/008/functions-000529.c	-[SCVoiceoverAudioSession _recordingTimerEnd]	
104e1b03c	104e1b0cb	decompiled	chunks/008/functions-000529.c	-[SCVoiceoverAudioSession _pushSegment:]	
104e1b0cc	104e1b16f	decompiled	chunks/008/functions-000529.c	-[SCVoiceoverAudioSession _popSegment]	
104e1b170	104e1b33f	decompiled	chunks/008/functions-000529.c	-[SCVoiceoverAudioSession _stitchVoiceoverSegmentsWithAudioMixingProportion:completion:]	
104e1b340	104e1b433	decompiled	chunks/008/functions-000529.c		
104e1b434	104e1b513	decompiled	chunks/008/functions-000529.c	-[SCVoiceoverAudioSession audioRecorderDidFinishRecording:successfully:]	
104e1b514	104e1b55f	decompiled	chunks/008/functions-000529.c		
104e1b560	104e1b67b	decompiled	chunks/008/functions-000529.c	-[SCVoiceoverAudioSession _audioRecorderDidFinishRecording:successfully:]	
104e1b67c	104e1b77b	decompiled	chunks/008/functions-000529.c	-[SCVoiceoverAudioSession audioRecorderEncodeErrorDidOccur:error:]	
104e1b77c	104e1b7af	decompiled	chunks/008/functions-000529.c		
104e1b7b0	104e1b80f	decompiled	chunks/008/functions-000529.c	-[SCVoiceoverAudioSession _audioRecorderEncodeErrorDidOccur:error:]	
104e1b810	104e1ba07	decompiled	chunks/008/functions-000529.c	-[SCVoiceoverAudioSession _setupAudioSegmentsWithVoiceoverAudio:]	
104e1ba08	104e1ba7b	decompiled	chunks/008/functions-000529.c	-[SCVoiceoverAudioSession _releaseAudioSessionTokenIfNeeded]	
104e1ba7c	104e1bad3	decompiled	chunks/008/functions-000529.c	-[SCVoiceoverAudioSession _segmentsMappedToData]	
104e1bad4	104e1bb4b	decompiled	chunks/008/functions-000529.c		
104e1bb4c	104e1bbdf	decompiled	chunks/008/functions-000529.c	-[SCVoiceoverAudioSession _nextVoiceoverURL]	
104e1bbe0	104e1bbf3	decompiled	chunks/008/functions-000529.c	-[SCVoiceoverAudioSession fullAudioLength]	
104e1bbf4	104e1bc83	decompiled	chunks/008/functions-000529.c	-[SCVoiceoverAudioSession .cxx_destruct]	
104e1bc84	104e1bd37	decompiled	chunks/008/functions-000529.c	-[SCVoiceoverAudioMixingSwitch initWithTapHandler:]	
104e1bd38	104e1bd47	decompiled	chunks/008/functions-000529.c	-[SCVoiceoverAudioMixingSwitch setSwitchOn:]	
104e1bd48	104e1bdfb	decompiled	chunks/008/functions-000529.c	-[SCVoiceoverAudioMixingSwitch setEnabled:]	
104e1bdfc	104e1be1b	decompiled	chunks/008/functions-000529.c		
104e1be1c	104e1bf0b	decompiled	chunks/008/functions-000529.c	-[SCVoiceoverAudioMixingSwitch touchesEnded:withEvent:]	
104e1bf0c	104e1bf47	decompiled	chunks/008/functions-000529.c	-[SCVoiceoverAudioMixingSwitch _handleToggleSwitchTap]	
104e1bf48	104e1c2bf	decompiled	chunks/008/functions-000529.c	-[SCVoiceoverAudioMixingSwitch _addAndLayoutSubviews]	
104e1c2c0	104e1c3b3	decompiled	chunks/008/functions-000529.c	-[SCVoiceoverAudioMixingSwitch _createToggleSwitch]	
104e1c3b4	104e1c3df	decompiled	chunks/008/functions-000529.c		
104e1c3e0	104e1c48f	decompiled	chunks/008/functions-000529.c	-[SCVoiceoverAudioMixingSwitch _createLabel]	
104e1c490	104e1c4df	decompiled	chunks/008/functions-000529.c	-[SCVoiceoverAudioMixingSwitch .cxx_destruct]	
104e1c4e0	104e1c5c3	decompiled	chunks/008/functions-000529.c	-[SCVoiceoverExitButton initWithFrame:]	
104e1c5c4	104e1c62b	decompiled	chunks/008/functions-000529.c	-[SCVoiceoverExitButton setEnabled:]	
104e1c62c	104e1c9a7	decompiled	chunks/008/functions-000529.c	-[SCVoiceoverExitButton _layoutImage]	
104e1c9a8	104e1c9bb	decompiled	chunks/008/functions-000529.c	-[SCVoiceoverExitButton .cxx_destruct]	
104e1c9bc	104e1cb5b	decompiled	chunks/008/functions-000529.c	-[SCVoiceoverPlaybackButton initWithFrame:]	
104e1cb5c	104e1cbeb	decompiled	chunks/008/functions-000529.c	-[SCVoiceoverPlaybackButton setButtonState:]	
104e1cbec	104e1cf77	decompiled	chunks/008/functions-000529.c	-[SCVoiceoverPlaybackButton _layoutSubviews]	
104e1cf78	104e1cf87	decompiled	chunks/008/functions-000529.c	-[SCVoiceoverPlaybackButton currentState]	
104e1cf88	104e1cfc7	decompiled	chunks/008/functions-000529.c	-[SCVoiceoverPlaybackButton .cxx_destruct]	
104e1cfc8	104e1d28f	decompiled	chunks/008/functions-000529.c	-[SCVoiceoverPlaybackControls initWithContentTimeRange:]	
104e1d290	104e1d2bf	decompiled	chunks/008/functions-000529.c	-[SCVoiceoverPlaybackControls playbackButtonEventObservable]	
104e1d2c0	104e1d2cf	decompiled	chunks/008/functions-000529.c	-[SCVoiceoverPlaybackControls playbackButtonState]	
104e1d2d0	104e1d32b	decompiled	chunks/008/functions-000529.c	-[SCVoiceoverPlaybackControls setDelegate:]	
104e1d32c	104e1d343	decompiled	chunks/008/functions-000529.c	-[SCVoiceoverPlaybackControls setThumbnails:]	
104e1d344	104e1d37f	decompiled	chunks/008/functions-000529.c	-[SCVoiceoverPlaybackControls updatePlayheadWithTime:]	
104e1d380	104e1d4ff	decompiled	chunks/008/functions-000529.c	-[SCVoiceoverPlaybackControls updateProgressOverlayWithTime:withAnimation:]	
104e1d500	104e1d577	decompiled	chunks/008/functions-000529.c		
104e1d578	104e1d57f	decompiled	chunks/008/functions-000529.c		
104e1d580	104e1d75b	decompiled	chunks/008/functions-000529.c	-[SCVoiceoverPlaybackControls addSegmentSeparatorAtTime:]	
104e1d75c	104e1d767	decompiled	chunks/008/functions-000529.c		
104e1d768	104e1d82f	decompiled	chunks/008/functions-000529.c	-[SCVoiceoverPlaybackControls removeLastSegmentSeparator]	
104e1d830	104e1d9b3	decompiled	chunks/008/functions-000529.c	-[SCVoiceoverPlaybackControls setPlaybackButtonHidden:]	
104e1d9b4	104e1da4b	decompiled	chunks/008/functions-000529.c		
104e1da4c	104e1da5b	decompiled	chunks/008/functions-000529.c	-[SCVoiceoverPlaybackControls setPlaybackButtonState:]	
104e1da5c	104e1dab3	decompiled	chunks/008/functions-000529.c	-[SCVoiceoverPlaybackControls setPlayheadInteractionsEnabled:]	
104e1dab4	104e1db67	decompiled	chunks/008/functions-000529.c	-[SCVoiceoverPlaybackControls _handlePlaybackButtonTapped]	
104e1db68	104e1de17	decompiled	chunks/008/functions-000529.c	-[SCVoiceoverPlaybackControls _constrainProgressOverlay]	
104e1de18	104e1e00f	decompiled	chunks/008/functions-000529.c	-[SCVoiceoverPlaybackControls _constrainPlaybackButton]	
104e1e010	104e1e02f	decompiled	chunks/008/functions-000529.c	-[SCVoiceoverPlaybackControls delegate]	
104e1e030	104e1e0cb	decompiled	chunks/008/functions-000529.c	-[SCVoiceoverPlaybackControls .cxx_destruct]	
104e1e0cc	104e1e163	decompiled	chunks/008/functions-000529.c	-[SCVoiceoverRecordingButton init]	
104e1e164	104e1e18b	decompiled	chunks/008/functions-000529.c	-[SCVoiceoverRecordingButton eventObservable]	
104e1e18c	104e1e1b3	decompiled	chunks/008/functions-000529.c	-[SCVoiceoverRecordingButton buttonView]	
104e1e1b4	104e1e1bf	decompiled	chunks/008/functions-000529.c	-[SCVoiceoverRecordingButton setButtonViewState:]	
104e1e1c0	104e1e1c7	decompiled	chunks/008/functions-000529.c	-[SCVoiceoverRecordingButton setEnabled:]	
104e1e1c8	104e1e253	decompiled	chunks/008/functions-000529.c	-[SCVoiceoverRecordingButton _setEnabled:animated:]	
104e1e254	104e1e2f7	decompiled	chunks/008/functions-000529.c	-[SCVoiceoverRecordingButton _createGestures]	
104e1e2f8	104e1e3ab	decompiled	chunks/008/functions-000529.c	-[SCVoiceoverRecordingButton _handleTapGesture:]	
104e1e3ac	104e1e4d3	decompiled	chunks/008/functions-000529.c	-[SCVoiceoverRecordingButton _handleLongPressGesture:]	
104e1e4d4	104e1e4db	decompiled	chunks/008/functions-000529.c	-[SCVoiceoverRecordingButton enabled]	
104e1e4dc	104e1e50b	decompiled	chunks/008/functions-000529.c	-[SCVoiceoverRecordingButton .cxx_destruct]	
