address	end_address	status	pseudocode_file	runtime_label	error
10ba6e510	10ba6e563	decompiled	chunks/004/functions-000310.c	-[SCAStoryFeedItemViewSession setCarouselRowNum:]	
10ba6e564	10ba6e5b7	decompiled	chunks/004/functions-000310.c	-[SCAStoryFeedItemViewSession setLyricsRenderedInLens:]	
10ba6e5b8	10ba6e5cf	decompiled	chunks/004/functions-000310.c	-[SCAStoryFeedItemViewSession setMusicLyricsStickerType:]	
10ba6e5d0	10ba6e623	decompiled	chunks/004/functions-000310.c	-[SCAStoryFeedItemViewSession setMusicTrackBlocked:]	
10ba6e624	10ba6e63b	decompiled	chunks/004/functions-000310.c	-[SCAStoryFeedItemViewSession setMusicTrackId:]	
10ba6e63c	10ba6e68f	decompiled	chunks/004/functions-000310.c	-[SCAStoryFeedItemViewSession setDistanceFromFriendMinMeter:]	
10ba6e690	10ba6e6e3	decompiled	chunks/004/functions-000310.c	-[SCAStoryFeedItemViewSession setDistanceFromUserMeter:]	
10ba6e6e4	10ba6e6fb	decompiled	chunks/004/functions-000310.c	-[SCAStoryFeedItemViewSession setLyricsTrackIdInLens:]	
10ba6e6fc	10ba6e713	decompiled	chunks/004/functions-000310.c	-[SCAStoryFeedItemViewSession setMapPlaceComponentType:]	
10ba6e714	10ba6e793	decompiled	chunks/004/functions-000310.c	-[SCAStoryFeedItemViewSession setMapSourceType:]	
10ba6e794	10ba6e813	decompiled	chunks/004/functions-000310.c	-[SCAStoryFeedItemViewSession setMapStoryType:]	
10ba6e814	10ba6e867	decompiled	chunks/004/functions-000310.c	-[SCAStoryFeedItemViewSession setMapZoomLevel:]	
10ba6e868	10ba6e8e7	decompiled	chunks/004/functions-000310.c	-[SCAStoryFeedItemViewSession setPlaceTagType:]	
10ba6e8e8	10ba6e93b	decompiled	chunks/004/functions-000310.c	-[SCAStoryFeedItemViewSession setSearchQueryId:]	
10ba6e93c	10ba6e953	decompiled	chunks/004/functions-000310.c	-[SCAStoryFeedItemViewSession setSearchSessionId:]	
10ba6e954	10ba6e9a7	decompiled	chunks/004/functions-000310.c	-[SCAStoryFeedItemViewSession setIsSubtitlesAvailable:]	
10ba6e9a8	10ba6e9bf	decompiled	chunks/004/functions-000310.c	-[SCAStoryFeedItemViewSession setSubtitlesLocale:]	
10ba6e9c0	10ba6ea13	decompiled	chunks/004/functions-000310.c	-[SCAStoryFeedItemViewSession setWatchedWithSubtitles:]	
10ba6ea14	10ba6ea93	decompiled	chunks/004/functions-000310.c	-[SCAStoryFeedItemViewSession setMixerRegion:]	
10ba6ea94	10ba6eae7	decompiled	chunks/004/functions-000310.c	-[SCAStoryFeedItemViewSession setLoadingTimeSecs:]	
10ba6eae8	10ba6eb3b	decompiled	chunks/004/functions-000310.c	-[SCAStoryFeedItemViewSession setPausedTimeSecs:]	
10ba6eb3c	10ba6eb53	decompiled	chunks/004/functions-000310.c	-[SCAStoryFeedItemViewSession setMatchedTrackId:]	
10ba6eb54	10ba6eb9b	decompiled	chunks/004/functions-000310.c	-[SCAStoryFeedItemViewSession setAudioMixingOptions:]	
10ba6eb9c	10ba6ebb3	decompiled	chunks/004/functions-000310.c	-[SCAStoryFeedItemViewSession setTopicId:]	
10ba6ebb4	10ba6ec33	decompiled	chunks/004/functions-000310.c	-[SCAStoryFeedItemViewSession setTopicType:]	
10ba6ec34	10ba6ec4b	decompiled	chunks/004/functions-000310.c	-[SCAStoryFeedItemViewSession setSoundSyncTrackIdInLens:]	
10ba6ec4c	10ba6ec63	decompiled	chunks/004/functions-000310.c	-[SCAStoryFeedItemViewSession setSearchActionId:]	
10ba6ec64	10ba6ec7b	decompiled	chunks/004/functions-000310.c	-[SCAStoryFeedItemViewSession setSearchResultRankingId:]	
10ba6ec7c	10ba6ec93	decompiled	chunks/004/functions-000310.c	-[SCAStoryFeedItemViewSession setSuggestedSearchQueryText:]	
10ba6ec94	10ba6ece7	decompiled	chunks/004/functions-000310.c	-[SCAStoryFeedItemViewSession setPageRefreshCount:]	
10ba6ece8	10ba6ecff	decompiled	chunks/004/functions-000310.c	-[SCAStoryFeedItemViewSession setShareId:]	
10ba6ed00	10ba6ed17	decompiled	chunks/004/functions-000310.c	-[SCAStoryFeedItemViewSession setInFeedSurveyExperimentId:]	
10ba6ed18	10ba6ed2f	decompiled	chunks/004/functions-000310.c	-[SCAStoryFeedItemViewSession setInFeedSurveyId:]	
10ba6ed30	10ba6edb7	decompiled	chunks/004/functions-000310.c	-[SCAStoryFeedItemViewSession setInFeedSurveyImpressionTs:]	
10ba6edb8	10ba6ee0b	decompiled	chunks/004/functions-000310.c	-[SCAStoryFeedItemViewSession setInFeedSurveyItemPosFromServer:]	
10ba6ee0c	10ba6ee23	decompiled	chunks/004/functions-000310.c	-[SCAStoryFeedItemViewSession setOriginalPostCompositeStoryId:]	
10ba6ee24	10ba6eea3	decompiled	chunks/004/functions-000310.c	-[SCAStoryFeedItemViewSession setStoryTypeVariant:]	
10ba6eea4	10ba6eeeb	decompiled	chunks/004/functions-000310.c	-[SCAStoryFeedItemViewSession setContextLabelMetadata:]	
10ba6eeec	10ba6ef3f	decompiled	chunks/004/functions-000310.c	-[SCAStoryFeedItemViewSession setLensPlayTimeSecs:]	
10ba6ef40	10ba6ef87	decompiled	chunks/004/functions-000310.c	-[SCAStoryFeedItemViewSession setTrendMetadata:]	
10ba6ef88	10ba6efcf	decompiled	chunks/004/functions-000310.c	-[SCAStoryFeedItemViewSession setPlaybackSpeedStatuses:]	
10ba6efd0	10ba6f023	decompiled	chunks/004/functions-000310.c	-[SCAStoryFeedItemViewSession setIsCapturedOnSnapCamera:]	
10ba6f024	10ba6f077	decompiled	chunks/004/functions-000310.c	-[SCAStoryFeedItemViewSession setCorrectedViewTimeSecs:]	
10ba6f078	10ba6f0cb	decompiled	chunks/004/functions-000310.c	-[SCAStoryFeedItemViewSession setCreatorAttributionHidden:]	
10ba6f0cc	10ba6f0e3	decompiled	chunks/004/functions-000310.c	-[SCAStoryFeedItemViewSession setTrendMetadataString:]	
10ba6f0e4	10ba6f137	decompiled	chunks/004/functions-000310.c	-[SCAStoryFeedItemViewSession setIsInPip:]	
10ba6f138	10ba6f14f	decompiled	chunks/004/functions-000310.c	-[SCAStoryFeedItemViewSession setInFeedSurveyImpressionId:]	
10ba6f150	10ba6f1a3	decompiled	chunks/004/functions-000310.c	-[SCAStoryFeedItemViewSession setWithOneTapToShare:]	
10ba6f1a4	10ba6f1f7	decompiled	chunks/004/functions-000310.c	-[SCAStoryFeedItemViewSession setPostedByFriend:]	
10ba6f1f8	10ba6f20f	decompiled	chunks/004/functions-000310.c	-[SCAStoryFeedItemViewSession setRepostedByFriendUserIds:]	
10ba6f210	10ba6f617	decompiled	chunks/004/functions-000310.c	-[SCAStoryFeedItemViewSession prepareDictionary:]	
10ba6f618	10ba6f63b	decompiled	chunks/004/functions-000310.c	-[SCAStoryFeedItemViewSession getFieldNumberToFieldDict]	
10ba6f63c	10ba6f673	decompiled	chunks/004/functions-000310.c	-[SCAStoryFeedItemViewSession addToProtoDictionary]	
10ba6f674	10ba6f6cb	decompiled	chunks/004/functions-000310.c	-[SCAStoryFeedItemViewSession toProtoWithAllowedFields:]	
10ba6f6cc	10ba6f6d3	decompiled	chunks/004/functions-000310.c	-[SCAStoryFeedItemViewSession getPayloadIdentifier]	
10ba6f6d4	10ba6f6db	decompiled	chunks/004/functions-000310.c	-[SCAStoryFeedItemViewSession runInvariantChecks]	
10ba6f6dc	10ba6f6e7	decompiled	chunks/004/functions-000310.c	-[SCAStoryFeedItemViewSessionCritical getEventName]	
10ba6f6e8	10ba6f6ef	decompiled	chunks/004/functions-000310.c	-[SCAStoryFeedItemViewSessionCritical getEventQoS]	
10ba6f6f0	10ba6f76f	decompiled	chunks/004/functions-000310.c	-[SCAStoryFeedItemViewSessionCritical setGestureToFullScreen:]	
10ba6f770	10ba6f7c3	decompiled	chunks/004/functions-000310.c	-[SCAStoryFeedItemViewSessionCritical setIsIncompleteScreenView:]	
10ba6f7c4	10ba6f817	decompiled	chunks/004/functions-000310.c	-[SCAStoryFeedItemViewSessionCritical setTimeToFullScreenSecs:]	
10ba6f818	10ba6f83b	decompiled	chunks/004/functions-000310.c	-[SCAStoryFeedItemViewSessionCritical getFieldNumberToFieldDict]	
10ba6f83c	10ba6f873	decompiled	chunks/004/functions-000310.c	-[SCAStoryFeedItemViewSessionCritical addToProtoDictionary]	
10ba6f874	10ba6f8cb	decompiled	chunks/004/functions-000310.c	-[SCAStoryFeedItemViewSessionCritical toProtoWithAllowedFields:]	
10ba6f8cc	10ba6f8d3	decompiled	chunks/004/functions-000310.c	-[SCAStoryFeedItemViewSessionCritical getPayloadIdentifier]	
10ba6f8d4	10ba6f8db	decompiled	chunks/004/functions-000310.c	-[SCAStoryFeedItemViewSessionCritical runInvariantChecks]	
10ba6f8dc	10ba6f8e7	decompiled	chunks/004/functions-000310.c	-[SCAStoryFeedItemViewSessionCriticalMigration getEventName]	
10ba6f8e8	10ba6f8ef	decompiled	chunks/004/functions-000310.c	-[SCAStoryFeedItemViewSessionCriticalMigration getEventQoS]	
10ba6f8f0	10ba6f913	decompiled	chunks/004/functions-000310.c	-[SCAStoryFeedItemViewSessionCriticalMigration getFieldNumberToFieldDict]	
10ba6f914	10ba6f94b	decompiled	chunks/004/functions-000310.c	-[SCAStoryFeedItemViewSessionCriticalMigration addToProtoDictionary]	
10ba6f94c	10ba6f9a3	decompiled	chunks/004/functions-000310.c	-[SCAStoryFeedItemViewSessionCriticalMigration toProtoWithAllowedFields:]	
10ba6f9a4	10ba6f9ab	decompiled	chunks/004/functions-000310.c	-[SCAStoryFeedItemViewSessionCriticalMigration getPayloadIdentifier]	
10ba6f9ac	10ba6f9b7	decompiled	chunks/004/functions-000310.c	-[SCAStoryFeedItemViewSessionMigration getEventName]	
10ba6f9b8	10ba6f9bf	decompiled	chunks/004/functions-000310.c	-[SCAStoryFeedItemViewSessionMigration getEventQoS]	
10ba6f9c0	10ba6f9e3	decompiled	chunks/004/functions-000310.c	-[SCAStoryFeedItemViewSessionMigration getFieldNumberToFieldDict]	
10ba6f9e4	10ba6fa1b	decompiled	chunks/004/functions-000310.c	-[SCAStoryFeedItemViewSessionMigration addToProtoDictionary]	
10ba6fa1c	10ba6fa73	decompiled	chunks/004/functions-000310.c	-[SCAStoryFeedItemViewSessionMigration toProtoWithAllowedFields:]	
10ba6fa74	10ba6fa7b	decompiled	chunks/004/functions-000310.c	-[SCAStoryFeedItemViewSessionMigration getPayloadIdentifier]	
10ba6fa7c	10ba6fa87	decompiled	chunks/004/functions-000310.c	-[SCAStoryFeedTileView getEventName]	
10ba6fa88	10ba6fa8f	decompiled	chunks/004/functions-000310.c	-[SCAStoryFeedTileView getEventQoS]	
10ba6fa90	10ba6fae3	decompiled	chunks/004/functions-000310.c	-[SCAStoryFeedTileView setImageToVideoPlayLatencyMs:]	
10ba6fae4	10ba6fafb	decompiled	chunks/004/functions-000310.c	-[SCAStoryFeedTileView setItemId:]	
10ba6fafc	10ba6fb4f	decompiled	chunks/004/functions-000310.c	-[SCAStoryFeedTileView setItemPos:]	
10ba6fb50	10ba6fbcf	decompiled	chunks/004/functions-000310.c	-[SCAStoryFeedTileView setItemType:]	
10ba6fbd0	10ba6fbe7	decompiled	chunks/004/functions-000310.c	-[SCAStoryFeedTileView setItemTypeSpecific:]	
10ba6fbe8	10ba6fc3b	decompiled	chunks/004/functions-000310.c	-[SCAStoryFeedTileView setNumStalls:]	
10ba6fc3c	10ba6fc53	decompiled	chunks/004/functions-000310.c	-[SCAStoryFeedTileView setSubitemId:]	
10ba6fc54	10ba6fc6b	decompiled	chunks/004/functions-000310.c	-[SCAStoryFeedTileView setTileId:]	
10ba6fc6c	10ba6fcbf	decompiled	chunks/004/functions-000310.c	-[SCAStoryFeedTileView setTilePlayTimeMs:]	
10ba6fcc0	10ba6fd13	decompiled	chunks/004/functions-000310.c	-[SCAStoryFeedTileView setMutedPlaybackDurationMs:]	
10ba6fd14	10ba6fd67	decompiled	chunks/004/functions-000310.c	-[SCAStoryFeedTileView setUnmutedPlaybackDurationMs:]	
10ba6fd68	10ba6fde7	decompiled	chunks/004/functions-000310.c	-[SCAStoryFeedTileView setInterstitialFormat:]	
10ba6fde8	10ba6fe0b	decompiled	chunks/004/functions-000310.c	-[SCAStoryFeedTileView getFieldNumberToFieldDict]	
10ba6fe0c	10ba6fe43	decompiled	chunks/004/functions-000310.c	-[SCAStoryFeedTileView addToProtoDictionary]	
10ba6fe44	10ba6fe9b	decompiled	chunks/004/functions-000310.c	-[SCAStoryFeedTileView toProtoWithAllowedFields:]	
10ba6fe9c	10ba6fea3	decompiled	chunks/004/functions-000310.c	-[SCAStoryFeedTileView getPayloadIdentifier]	
10ba6fea4	10ba6febb	decompiled	chunks/004/functions-000310.c	-[SCATrendMetadata setAssociatedVersion:]	
10ba6febc	10ba6ff0f	decompiled	chunks/004/functions-000310.c	-[SCATrendMetadata setL1Boost:]	
10ba6ff10	10ba6ff63	decompiled	chunks/004/functions-000310.c	-[SCATrendMetadata setL3Boost:]	
10ba6ff64	10ba6ff7b	decompiled	chunks/004/functions-000310.c	-[SCATrendMetadata setTrendId:]	
10ba6ff7c	10ba6fffb	decompiled	chunks/004/functions-000311.c	-[SCATrendMetadata setTrendSource:]	
10ba6fffc	10ba70013	decompiled	chunks/004/functions-000311.c	-[SCATrendMetadata setTrendVersion:]	
10ba70014	10ba70093	decompiled	chunks/004/functions-000311.c	-[SCATrendMetadata setTrendType:]	
10ba70094	10ba700ab	decompiled	chunks/004/functions-000311.c	-[SCATrendMetadata setTrendSourceString:]	
10ba700ac	10ba700af	decompiled	chunks/004/functions-000311.c	-[SCATrendMetadata getFieldNumberToFieldDict]	
10ba700b0	10ba700bb	decompiled	chunks/004/functions-000311.c	-[SCATrendMetadata toProtoWithAllowedFields:]	
10ba700bc	10ba70107	decompiled	chunks/004/functions-000311.c	-[SCATrendMetadata getPayloadIdentifier]	
10ba70108	10ba70113	decompiled	chunks/004/functions-000311.c	-[SCAClientVendorAttestationEvent getEventName]	
10ba70114	10ba7011b	decompiled	chunks/004/functions-000311.c	-[SCAClientVendorAttestationEvent getEventQoS]	
10ba7011c	10ba7019b	decompiled	chunks/004/functions-000311.c	-[SCAClientVendorAttestationEvent setFlow:]	
10ba7019c	10ba701b3	decompiled	chunks/004/functions-000311.c	-[SCAClientVendorAttestationEvent setRegistrationSessionId:]	
10ba701b4	10ba701cb	decompiled	chunks/004/functions-000311.c	-[SCAClientVendorAttestationEvent setTriggerSource:]	
10ba701cc	10ba7024b	decompiled	chunks/004/functions-000311.c	-[SCAClientVendorAttestationEvent setType:]	
10ba7024c	10ba70263	decompiled	chunks/004/functions-000311.c	-[SCAClientVendorAttestationEvent setLoginFlowSessionId:]	
10ba70264	10ba702b7	decompiled	chunks/004/functions-000311.c	-[SCAClientVendorAttestationEvent setErrorCode:]	
10ba702b8	10ba702cf	decompiled	chunks/004/functions-000311.c	-[SCAClientVendorAttestationEvent setStep:]	
10ba702d0	10ba702d3	decompiled	chunks/004/functions-000311.c	-[SCAClientVendorAttestationEvent getFieldNumberToFieldDict]	
10ba702d4	10ba702df	decompiled	chunks/004/functions-000311.c	-[SCAClientVendorAttestationEvent toProtoWithAllowedFields:]	
10ba702e0	10ba702e7	decompiled	chunks/004/functions-000311.c	-[SCAClientVendorAttestationEvent getPayloadIdentifier]	
10ba702e8	10ba702f3	decompiled	chunks/004/functions-000311.c	-[SCAClientVendorAttestationFetchLatency getEventName]	
10ba702f4	10ba702fb	decompiled	chunks/004/functions-000311.c	-[SCAClientVendorAttestationFetchLatency getEventQoS]	
10ba702fc	10ba70313	decompiled	chunks/004/functions-000311.c	-[SCAClientVendorAttestationFetchLatency setActionResult:]	
10ba70314	10ba70367	decompiled	chunks/004/functions-000311.c	-[SCAClientVendorAttestationFetchLatency setLatencyMs:]	
10ba70368	10ba703bb	decompiled	chunks/004/functions-000311.c	-[SCAClientVendorAttestationFetchLatency setRetryCount:]	
10ba703bc	10ba703df	decompiled	chunks/004/functions-000311.c	-[SCAClientVendorAttestationFetchLatency getFieldNumberToFieldDict]	
10ba703e0	10ba70417	decompiled	chunks/004/functions-000311.c	-[SCAClientVendorAttestationFetchLatency addToProtoDictionary]	
10ba70418	10ba7046f	decompiled	chunks/004/functions-000311.c	-[SCAClientVendorAttestationFetchLatency toProtoWithAllowedFields:]	
10ba70470	10ba70477	decompiled	chunks/004/functions-000311.c	-[SCAClientVendorAttestationFetchLatency getPayloadIdentifier]	
10ba70478	10ba70483	decompiled	chunks/004/functions-000311.c	-[SCAEnableSMSTwoFAAttempt getEventName]	
10ba70484	10ba7048b	decompiled	chunks/004/functions-000311.c	-[SCAEnableSMSTwoFAAttempt getEventQoS]	
10ba7048c	10ba704df	decompiled	chunks/004/functions-000311.c	-[SCAEnableSMSTwoFAAttempt setVerificationCodeRequired:]	
10ba704e0	10ba704e3	decompiled	chunks/004/functions-000311.c	-[SCAEnableSMSTwoFAAttempt getFieldNumberToFieldDict]	
10ba704e4	10ba704ef	decompiled	chunks/004/functions-000311.c	-[SCAEnableSMSTwoFAAttempt toProtoWithAllowedFields:]	
10ba704f0	10ba704f7	decompiled	chunks/004/functions-000311.c	-[SCAEnableSMSTwoFAAttempt getPayloadIdentifier]	
10ba704f8	10ba70503	decompiled	chunks/004/functions-000311.c	-[SCAEnableSMSTwoFAResponse getEventName]	
10ba70504	10ba7050b	decompiled	chunks/004/functions-000311.c	-[SCAEnableSMSTwoFAResponse getEventQoS]	
10ba7050c	10ba7055f	decompiled	chunks/004/functions-000311.c	-[SCAEnableSMSTwoFAResponse setLatencyMS:]	
10ba70560	10ba705b3	decompiled	chunks/004/functions-000311.c	-[SCAEnableSMSTwoFAResponse setStatusCode:]	
10ba705b4	10ba70607	decompiled	chunks/004/functions-000311.c	-[SCAEnableSMSTwoFAResponse setVerificationCodeRequired:]	
10ba70608	10ba7061f	decompiled	chunks/004/functions-000311.c	-[SCAEnableSMSTwoFAResponse setMetadata:]	
10ba70620	10ba70623	decompiled	chunks/004/functions-000311.c	-[SCAEnableSMSTwoFAResponse getFieldNumberToFieldDict]	
10ba70624	10ba7062f	decompiled	chunks/004/functions-000311.c	-[SCAEnableSMSTwoFAResponse toProtoWithAllowedFields:]	
10ba70630	10ba7070b	decompiled	chunks/004/functions-000311.c	-[SCAEnableSMSTwoFAResponse getPayloadIdentifier]	
10ba7070c	10ba70717	decompiled	chunks/004/functions-000311.c	-[SCAFormaAdConversionEvent getEventName]	
10ba70718	10ba7071f	decompiled	chunks/004/functions-000311.c	-[SCAFormaAdConversionEvent getEventQoS]	
10ba70720	10ba70737	decompiled	chunks/004/functions-000311.c	-[SCAFormaAdConversionEvent setLensId:]	
10ba70738	10ba7078b	decompiled	chunks/004/functions-000311.c	-[SCAFormaAdConversionEvent setWithAttachmentOpen:]	
10ba7078c	10ba7078f	decompiled	chunks/004/functions-000311.c	-[SCAFormaAdConversionEvent getFieldNumberToFieldDict]	
10ba70790	10ba7079b	decompiled	chunks/004/functions-000311.c	-[SCAFormaAdConversionEvent toProtoWithAllowedFields:]	
10ba7079c	10ba707a3	decompiled	chunks/004/functions-000311.c	-[SCAFormaAdConversionEvent getPayloadIdentifier]	
10ba707a4	10ba707af	decompiled	chunks/004/functions-000311.c	-[SCAFormaBackgroundSelectionPageEvent getEventName]	
10ba707b0	10ba707b7	decompiled	chunks/004/functions-000311.c	-[SCAFormaBackgroundSelectionPageEvent getEventQoS]	
10ba707b8	10ba707cf	decompiled	chunks/004/functions-000311.c	-[SCAFormaBackgroundSelectionPageEvent setImageURL:]	
10ba707d0	10ba70823	decompiled	chunks/004/functions-000311.c	-[SCAFormaBackgroundSelectionPageEvent setTotalDurationMillis:]	
10ba70824	10ba70877	decompiled	chunks/004/functions-000311.c	-[SCAFormaBackgroundSelectionPageEvent setTapContinue:]	
10ba70878	10ba708cb	decompiled	chunks/004/functions-000311.c	-[SCAFormaBackgroundSelectionPageEvent setTapDismiss:]	
10ba708cc	10ba708ef	decompiled	chunks/004/functions-000311.c	-[SCAFormaBackgroundSelectionPageEvent getFieldNumberToFieldDict]	
10ba708f0	10ba70927	decompiled	chunks/004/functions-000311.c	-[SCAFormaBackgroundSelectionPageEvent addToProtoDictionary]	
10ba70928	10ba7097f	decompiled	chunks/004/functions-000311.c	-[SCAFormaBackgroundSelectionPageEvent toProtoWithAllowedFields:]	
10ba70980	10ba70987	decompiled	chunks/004/functions-000311.c	-[SCAFormaBackgroundSelectionPageEvent getPayloadIdentifier]	
10ba70988	10ba70993	decompiled	chunks/004/functions-000311.c	-[SCAFormaDisclaimerPageEvent getEventName]	
10ba70994	10ba7099b	decompiled	chunks/004/functions-000311.c	-[SCAFormaDisclaimerPageEvent getEventQoS]	
10ba7099c	10ba70a1b	decompiled	chunks/004/functions-000311.c	-[SCAFormaDisclaimerPageEvent setLensType:]	
10ba70a1c	10ba70a6f	decompiled	chunks/004/functions-000311.c	-[SCAFormaDisclaimerPageEvent setTapCreateBitmoji:]	
10ba70a70	10ba70ac3	decompiled	chunks/004/functions-000311.c	-[SCAFormaDisclaimerPageEvent setTapDismiss:]	
10ba70ac4	10ba70b17	decompiled	chunks/004/functions-000311.c	-[SCAFormaDisclaimerPageEvent setTapStartPhotoshoot:]	
10ba70b18	10ba70b6b	decompiled	chunks/004/functions-000311.c	-[SCAFormaDisclaimerPageEvent setTotalDurationMillis:]	
10ba70b6c	10ba70b8f	decompiled	chunks/004/functions-000311.c	-[SCAFormaDisclaimerPageEvent getFieldNumberToFieldDict]	
10ba70b90	10ba70bc7	decompiled	chunks/004/functions-000311.c	-[SCAFormaDisclaimerPageEvent addToProtoDictionary]	
10ba70bc8	10ba70c1f	decompiled	chunks/004/functions-000311.c	-[SCAFormaDisclaimerPageEvent toProtoWithAllowedFields:]	
10ba70c20	10ba70c27	decompiled	chunks/004/functions-000311.c	-[SCAFormaDisclaimerPageEvent getPayloadIdentifier]	
10ba70c28	10ba70c33	decompiled	chunks/004/functions-000311.c	-[SCAFormaDisclaimerPageSession getEventName]	
10ba70c34	10ba70c3b	decompiled	chunks/004/functions-000311.c	-[SCAFormaDisclaimerPageSession getEventQoS]	
10ba70c3c	10ba70c8f	decompiled	chunks/004/functions-000311.c	-[SCAFormaDisclaimerPageSession setTapDismiss:]	
10ba70c90	10ba70ce3	decompiled	chunks/004/functions-000311.c	-[SCAFormaDisclaimerPageSession setTapStartPhotoshoot:]	
10ba70ce4	10ba70d37	decompiled	chunks/004/functions-000311.c	-[SCAFormaDisclaimerPageSession setTotalDurationMillis:]	
10ba70d38	10ba70db7	decompiled	chunks/004/functions-000311.c	-[SCAFormaDisclaimerPageSession setLensType:]	
10ba70db8	10ba70e0b	decompiled	chunks/004/functions-000311.c	-[SCAFormaDisclaimerPageSession setTapCreateBitmoji:]	
10ba70e0c	10ba70e2f	decompiled	chunks/004/functions-000311.c	-[SCAFormaDisclaimerPageSession getFieldNumberToFieldDict]	
10ba70e30	10ba70e67	decompiled	chunks/004/functions-000311.c	-[SCAFormaDisclaimerPageSession addToProtoDictionary]	
10ba70e68	10ba70ebf	decompiled	chunks/004/functions-000311.c	-[SCAFormaDisclaimerPageSession toProtoWithAllowedFields:]	
10ba70ec0	10ba70ec7	decompiled	chunks/004/functions-000311.c	-[SCAFormaDisclaimerPageSession getPayloadIdentifier]	
10ba70ec8	10ba70ed3	decompiled	chunks/004/functions-000311.c	-[SCAFormaLoadingPageEvent getEventName]	
10ba70ed4	10ba70edb	decompiled	chunks/004/functions-000311.c	-[SCAFormaLoadingPageEvent getEventQoS]	
10ba70edc	10ba70f5b	decompiled	chunks/004/functions-000311.c	-[SCAFormaLoadingPageEvent setEntrySource:]	
10ba70f5c	10ba70fdb	decompiled	chunks/004/functions-000311.c	-[SCAFormaLoadingPageEvent setLensType:]	
10ba70fdc	10ba7102f	decompiled	chunks/004/functions-000311.c	-[SCAFormaLoadingPageEvent setLoadingComplete:]	
10ba71030	10ba71083	decompiled	chunks/004/functions-000311.c	-[SCAFormaLoadingPageEvent setTapDismiss:]	
10ba71084	10ba710d7	decompiled	chunks/004/functions-000311.c	-[SCAFormaLoadingPageEvent setTotalDurationMillis:]	
10ba710d8	10ba7112b	decompiled	chunks/004/functions-000311.c	-[SCAFormaLoadingPageEvent setTryonImageSuccessCount:]	
10ba7112c	10ba7117f	decompiled	chunks/004/functions-000311.c	-[SCAFormaLoadingPageEvent setTryonImageTotalCount:]	
10ba71180	10ba711a3	decompiled	chunks/004/functions-000311.c	-[SCAFormaLoadingPageEvent getFieldNumberToFieldDict]	
10ba711a4	10ba711db	decompiled	chunks/004/functions-000311.c	-[SCAFormaLoadingPageEvent addToProtoDictionary]	
10ba711dc	10ba71233	decompiled	chunks/004/functions-000311.c	-[SCAFormaLoadingPageEvent toProtoWithAllowedFields:]	
10ba71234	10ba7123b	decompiled	chunks/004/functions-000311.c	-[SCAFormaLoadingPageEvent getPayloadIdentifier]	
10ba7123c	10ba71247	decompiled	chunks/004/functions-000311.c	-[SCAFormaLoadingPageSession getEventName]	
10ba71248	10ba7124f	decompiled	chunks/004/functions-000311.c	-[SCAFormaLoadingPageSession getEventQoS]	
10ba71250	10ba712cf	decompiled	chunks/004/functions-000311.c	-[SCAFormaLoadingPageSession setEntrySource:]	
10ba712d0	10ba71323	decompiled	chunks/004/functions-000311.c	-[SCAFormaLoadingPageSession setLoadingComplete:]	
10ba71324	10ba71377	decompiled	chunks/004/functions-000311.c	-[SCAFormaLoadingPageSession setTapDismiss:]	
10ba71378	10ba713cb	decompiled	chunks/004/functions-000312.c	-[SCAFormaLoadingPageSession setTotalDurationMillis:]	
10ba713cc	10ba7141f	decompiled	chunks/004/functions-000312.c	-[SCAFormaLoadingPageSession setTryonImageSuccessCount:]	
10ba71420	10ba71473	decompiled	chunks/004/functions-000312.c	-[SCAFormaLoadingPageSession setTryonImageTotalCount:]	
10ba71474	10ba714f3	decompiled	chunks/004/functions-000312.c	-[SCAFormaLoadingPageSession setLensType:]	
10ba714f4	10ba71517	decompiled	chunks/004/functions-000312.c	-[SCAFormaLoadingPageSession getFieldNumberToFieldDict]	
10ba71518	10ba7154f	decompiled	chunks/004/functions-000312.c	-[SCAFormaLoadingPageSession addToProtoDictionary]	
10ba71550	10ba715a7	decompiled	chunks/004/functions-000312.c	-[SCAFormaLoadingPageSession toProtoWithAllowedFields:]	
10ba715a8	10ba715af	decompiled	chunks/004/functions-000312.c	-[SCAFormaLoadingPageSession getPayloadIdentifier]	
10ba715b0	10ba715bb	decompiled	chunks/004/functions-000312.c	-[SCAFormaNetworkRequestEnd getEventName]	
10ba715bc	10ba715c3	decompiled	chunks/004/functions-000312.c	-[SCAFormaNetworkRequestEnd getEventQoS]	
10ba715c4	10ba71617	decompiled	chunks/004/functions-000312.c	-[SCAFormaNetworkRequestEnd setIsOptimized:]	
10ba71618	10ba7162f	decompiled	chunks/004/functions-000312.c	-[SCAFormaNetworkRequestEnd setNetworkRequestId:]	
10ba71630	10ba716af	decompiled	chunks/004/functions-000312.c	-[SCAFormaNetworkRequestEnd setNetworkRequestType:]	
10ba716b0	10ba716c7	decompiled	chunks/004/functions-000312.c	-[SCAFormaNetworkRequestEnd setProcessSessionId:]	
10ba716c8	10ba71747	decompiled	chunks/004/functions-000312.c	-[SCAFormaNetworkRequestEnd setStage:]	
10ba71748	10ba717c7	decompiled	chunks/004/functions-000312.c	-[SCAFormaNetworkRequestEnd setStatus:]	
10ba717c8	10ba7181b	decompiled	chunks/004/functions-000312.c	-[SCAFormaNetworkRequestEnd setStopTimestampMillis:]	
10ba7181c	10ba7183f	decompiled	chunks/004/functions-000312.c	-[SCAFormaNetworkRequestEnd getFieldNumberToFieldDict]	
10ba71840	10ba71877	decompiled	chunks/004/functions-000312.c	-[SCAFormaNetworkRequestEnd addToProtoDictionary]	
10ba71878	10ba718cf	decompiled	chunks/004/functions-000312.c	-[SCAFormaNetworkRequestEnd toProtoWithAllowedFields:]	
10ba718d0	10ba718d7	decompiled	chunks/004/functions-000312.c	-[SCAFormaNetworkRequestEnd getPayloadIdentifier]	
10ba718d8	10ba718e3	decompiled	chunks/004/functions-000312.c	-[SCAFormaNetworkRequestStart getEventName]	
10ba718e4	10ba718eb	decompiled	chunks/004/functions-000312.c	-[SCAFormaNetworkRequestStart getEventQoS]	
10ba718ec	10ba7193f	decompiled	chunks/004/functions-000312.c	-[SCAFormaNetworkRequestStart setIsOptimized:]	
10ba71940	10ba71957	decompiled	chunks/004/functions-000312.c	-[SCAFormaNetworkRequestStart setNetworkRequestId:]	
10ba71958	10ba719d7	decompiled	chunks/004/functions-000312.c	-[SCAFormaNetworkRequestStart setNetworkRequestType:]	
10ba719d8	10ba719ef	decompiled	chunks/004/functions-000312.c	-[SCAFormaNetworkRequestStart setProcessSessionId:]	
10ba719f0	10ba71a6f	decompiled	chunks/004/functions-000312.c	-[SCAFormaNetworkRequestStart setStage:]	
10ba71a70	10ba71ac3	decompiled	chunks/004/functions-000312.c	-[SCAFormaNetworkRequestStart setStartTimestampMillis:]	
10ba71ac4	10ba71ae7	decompiled	chunks/004/functions-000312.c	-[SCAFormaNetworkRequestStart getFieldNumberToFieldDict]	
10ba71ae8	10ba71b1f	decompiled	chunks/004/functions-000312.c	-[SCAFormaNetworkRequestStart addToProtoDictionary]	
10ba71b20	10ba71b77	decompiled	chunks/004/functions-000312.c	-[SCAFormaNetworkRequestStart toProtoWithAllowedFields:]	
10ba71b78	10ba71b7f	decompiled	chunks/004/functions-000312.c	-[SCAFormaNetworkRequestStart getPayloadIdentifier]	
10ba71b80	10ba71b8b	decompiled	chunks/004/functions-000312.c	-[SCAFormaPhotoPickerEvent getEventName]	
10ba71b8c	10ba71b93	decompiled	chunks/004/functions-000312.c	-[SCAFormaPhotoPickerEvent getEventQoS]	
10ba71b94	10ba71be7	decompiled	chunks/004/functions-000312.c	-[SCAFormaPhotoPickerEvent setAvatarPhotoSelected:]	
10ba71be8	10ba71c3b	decompiled	chunks/004/functions-000312.c	-[SCAFormaPhotoPickerEvent setAvatarsTotalNumber:]	
10ba71c3c	10ba71c8f	decompiled	chunks/004/functions-000312.c	-[SCAFormaPhotoPickerEvent setDismissPhotoPicker:]	
10ba71c90	10ba71d0f	decompiled	chunks/004/functions-000312.c	-[SCAFormaPhotoPickerEvent setLensType:]	
10ba71d10	10ba71d63	decompiled	chunks/004/functions-000312.c	-[SCAFormaPhotoPickerEvent setNewPhotoshootStart:]	
10ba71d64	10ba71db7	decompiled	chunks/004/functions-000312.c	-[SCAFormaPhotoPickerEvent setTotalDurationMillis:]	
10ba71db8	10ba71ddb	decompiled	chunks/004/functions-000312.c	-[SCAFormaPhotoPickerEvent getFieldNumberToFieldDict]	
10ba71ddc	10ba71e13	decompiled	chunks/004/functions-000312.c	-[SCAFormaPhotoPickerEvent addToProtoDictionary]	
10ba71e14	10ba71e6b	decompiled	chunks/004/functions-000312.c	-[SCAFormaPhotoPickerEvent toProtoWithAllowedFields:]	
10ba71e6c	10ba71e73	decompiled	chunks/004/functions-000312.c	-[SCAFormaPhotoPickerEvent getPayloadIdentifier]	
10ba71e74	10ba71e7f	decompiled	chunks/004/functions-000312.c	-[SCAFormaPhotoPickerSession getEventName]	
10ba71e80	10ba71e87	decompiled	chunks/004/functions-000312.c	-[SCAFormaPhotoPickerSession getEventQoS]	
10ba71e88	10ba71edb	decompiled	chunks/004/functions-000312.c	-[SCAFormaPhotoPickerSession setAvatarPhotoSelected:]	
10ba71edc	10ba71f2f	decompiled	chunks/004/functions-000312.c	-[SCAFormaPhotoPickerSession setAvatarsTotalNumber:]	
10ba71f30	10ba71f83	decompiled	chunks/004/functions-000312.c	-[SCAFormaPhotoPickerSession setDismissPhotoPicker:]	
10ba71f84	10ba71fd7	decompiled	chunks/004/functions-000312.c	-[SCAFormaPhotoPickerSession setNewPhotoshootStart:]	
10ba71fd8	10ba7202b	decompiled	chunks/004/functions-000312.c	-[SCAFormaPhotoPickerSession setTotalDurationMillis:]	
10ba7202c	10ba720ab	decompiled	chunks/004/functions-000312.c	-[SCAFormaPhotoPickerSession setLensType:]	
10ba720ac	10ba720cf	decompiled	chunks/004/functions-000312.c	-[SCAFormaPhotoPickerSession getFieldNumberToFieldDict]	
10ba720d0	10ba72107	decompiled	chunks/004/functions-000312.c	-[SCAFormaPhotoPickerSession addToProtoDictionary]	
10ba72108	10ba7215f	decompiled	chunks/004/functions-000312.c	-[SCAFormaPhotoPickerSession toProtoWithAllowedFields:]	
10ba72160	10ba72167	decompiled	chunks/004/functions-000312.c	-[SCAFormaPhotoPickerSession getPayloadIdentifier]	
10ba72168	10ba72173	decompiled	chunks/004/functions-000312.c	-[SCAFormaPhotoshootLensEvent getEventName]	
10ba72174	10ba7217b	decompiled	chunks/004/functions-000312.c	-[SCAFormaPhotoshootLensEvent getEventQoS]	
10ba7217c	10ba721cf	decompiled	chunks/004/functions-000312.c	-[SCAFormaPhotoshootLensEvent setExitLensTimestampMillis:]	
10ba721d0	10ba7224f	decompiled	chunks/004/functions-000312.c	-[SCAFormaPhotoshootLensEvent setExitType:]	
10ba72250	10ba722cf	decompiled	chunks/004/functions-000312.c	-[SCAFormaPhotoshootLensEvent setLensType:]	
10ba722d0	10ba72323	decompiled	chunks/004/functions-000312.c	-[SCAFormaPhotoshootLensEvent setNextTapped:]	
10ba72324	10ba7236b	decompiled	chunks/004/functions-000312.c	-[SCAFormaPhotoshootLensEvent setPhotoCapturedTimestampMillisArray:]	
10ba7236c	10ba723bf	decompiled	chunks/004/functions-000312.c	-[SCAFormaPhotoshootLensEvent setPhotoshootFlowComplete:]	
10ba723c0	10ba72413	decompiled	chunks/004/functions-000312.c	-[SCAFormaPhotoshootLensEvent setRedoTapped:]	
10ba72414	10ba72467	decompiled	chunks/004/functions-000312.c	-[SCAFormaPhotoshootLensEvent setTotalDurationMillis:]	
10ba72468	10ba724bb	decompiled	chunks/004/functions-000312.c	-[SCAFormaPhotoshootLensEvent setTryonImageSuccessCount:]	
10ba724bc	10ba7250f	decompiled	chunks/004/functions-000312.c	-[SCAFormaPhotoshootLensEvent setTryonImageTotalCount:]	
10ba72510	10ba72557	decompiled	chunks/004/functions-000312.c	-[SCAFormaPhotoshootLensEvent setTryons:]	
10ba72558	10ba726ff	decompiled	chunks/004/functions-000312.c	-[SCAFormaPhotoshootLensEvent prepareDictionary:]	
10ba72700	10ba72723	decompiled	chunks/004/functions-000312.c	-[SCAFormaPhotoshootLensEvent getFieldNumberToFieldDict]	
10ba72724	10ba7275b	decompiled	chunks/004/functions-000312.c	-[SCAFormaPhotoshootLensEvent addToProtoDictionary]	
10ba7275c	10ba727b3	decompiled	chunks/004/functions-000312.c	-[SCAFormaPhotoshootLensEvent toProtoWithAllowedFields:]	
10ba727b4	10ba727bb	decompiled	chunks/004/functions-000312.c	-[SCAFormaPhotoshootLensEvent getPayloadIdentifier]	
10ba727bc	10ba727c7	decompiled	chunks/004/functions-000312.c	-[SCAFormaPhotoshootLensSession getEventName]	
10ba727c8	10ba727cf	decompiled	chunks/004/functions-000312.c	-[SCAFormaPhotoshootLensSession getEventQoS]	
10ba727d0	10ba72823	decompiled	chunks/004/functions-000312.c	-[SCAFormaPhotoshootLensSession setNextTapped:]	
10ba72824	10ba7286b	decompiled	chunks/004/functions-000312.c	-[SCAFormaPhotoshootLensSession setPhotoCapturedTimestampMillisArray:]	
10ba7286c	10ba728bf	decompiled	chunks/004/functions-000312.c	-[SCAFormaPhotoshootLensSession setPhotoshootFlowComplete:]	
10ba728c0	10ba72913	decompiled	chunks/004/functions-000312.c	-[SCAFormaPhotoshootLensSession setRedoTapped:]	
10ba72914	10ba72967	decompiled	chunks/004/functions-000312.c	-[SCAFormaPhotoshootLensSession setTryonImageSuccessCount:]	
10ba72968	10ba729bb	decompiled	chunks/004/functions-000312.c	-[SCAFormaPhotoshootLensSession setTryonImageTotalCount:]	
10ba729bc	10ba72a0f	decompiled	chunks/004/functions-000312.c	-[SCAFormaPhotoshootLensSession setExitLensTimestampMillis:]	
10ba72a10	10ba72a63	decompiled	chunks/004/functions-000312.c	-[SCAFormaPhotoshootLensSession setTotalDurationMillis:]	
10ba72a64	10ba72ae3	decompiled	chunks/004/functions-000312.c	-[SCAFormaPhotoshootLensSession setExitType:]	
10ba72ae4	10ba72b2b	decompiled	chunks/004/functions-000312.c	-[SCAFormaPhotoshootLensSession setTryons:]	
10ba72b2c	10ba72bab	decompiled	chunks/004/functions-000312.c	-[SCAFormaPhotoshootLensSession setLensType:]	
10ba72bac	10ba72d53	decompiled	chunks/004/functions-000312.c	-[SCAFormaPhotoshootLensSession prepareDictionary:]	
10ba72d54	10ba72d77	decompiled	chunks/004/functions-000312.c	-[SCAFormaPhotoshootLensSession getFieldNumberToFieldDict]	
10ba72d78	10ba72daf	decompiled	chunks/004/functions-000312.c	-[SCAFormaPhotoshootLensSession addToProtoDictionary]	
10ba72db0	10ba72e07	decompiled	chunks/004/functions-000312.c	-[SCAFormaPhotoshootLensSession toProtoWithAllowedFields:]	
10ba72e08	10ba72e0f	decompiled	chunks/004/functions-000312.c	-[SCAFormaPhotoshootLensSession getPayloadIdentifier]	
10ba72e10	10ba72e1b	decompiled	chunks/004/functions-000312.c	-[SCAFormaPreviewEvent getEventName]	
10ba72e1c	10ba72e23	decompiled	chunks/004/functions-000312.c	-[SCAFormaPreviewEvent getEventQoS]	
10ba72e24	10ba72ea3	decompiled	chunks/004/functions-000312.c	-[SCAFormaPreviewEvent setEntrySource:]	
10ba72ea4	10ba72f23	decompiled	chunks/004/functions-000312.c	-[SCAFormaPreviewEvent setLensType:]	
10ba72f24	10ba72f77	decompiled	chunks/004/functions-000312.c	-[SCAFormaPreviewEvent setPostToStory:]	
10ba72f78	10ba72f8f	decompiled	chunks/004/functions-000312.c	-[SCAFormaPreviewEvent setPreviewSessionId:]	
10ba72f90	10ba72fe3	decompiled	chunks/004/functions-000312.c	-[SCAFormaPreviewEvent setShopButtonClicked:]	
10ba72fe4	10ba73037	decompiled	chunks/004/functions-000313.c	-[SCAFormaPreviewEvent setSnapSaved:]	
10ba73038	10ba7308b	decompiled	chunks/004/functions-000313.c	-[SCAFormaPreviewEvent setSnapSent:]	
10ba7308c	10ba730df	decompiled	chunks/004/functions-000313.c	-[SCAFormaPreviewEvent setTotalDurationMillis:]	
10ba730e0	10ba73133	decompiled	chunks/004/functions-000313.c	-[SCAFormaPreviewEvent setTryonImageSuccessCount:]	
10ba73134	10ba73187	decompiled	chunks/004/functions-000313.c	-[SCAFormaPreviewEvent setTryonImageTotalCount:]	
10ba73188	10ba731ab	decompiled	chunks/004/functions-000313.c	-[SCAFormaPreviewEvent getFieldNumberToFieldDict]	
10ba731ac	10ba731e3	decompiled	chunks/004/functions-000313.c	-[SCAFormaPreviewEvent addToProtoDictionary]	
10ba731e4	10ba7323b	decompiled	chunks/004/functions-000313.c	-[SCAFormaPreviewEvent toProtoWithAllowedFields:]	
10ba7323c	10ba73243	decompiled	chunks/004/functions-000313.c	-[SCAFormaPreviewEvent getPayloadIdentifier]	
10ba73244	10ba7324f	decompiled	chunks/004/functions-000313.c	-[SCAFormaPreviewSession getEventName]	
10ba73250	10ba73257	decompiled	chunks/004/functions-000313.c	-[SCAFormaPreviewSession getEventQoS]	
10ba73258	10ba732ab	decompiled	chunks/004/functions-000313.c	-[SCAFormaPreviewSession setPostToStory:]	
10ba732ac	10ba732c3	decompiled	chunks/004/functions-000313.c	-[SCAFormaPreviewSession setPreviewSessionId:]	
10ba732c4	10ba73317	decompiled	chunks/004/functions-000313.c	-[SCAFormaPreviewSession setShopButtonClicked:]	
10ba73318	10ba7336b	decompiled	chunks/004/functions-000313.c	-[SCAFormaPreviewSession setSnapSaved:]	
10ba7336c	10ba733bf	decompiled	chunks/004/functions-000313.c	-[SCAFormaPreviewSession setSnapSent:]	
10ba733c0	10ba73413	decompiled	chunks/004/functions-000313.c	-[SCAFormaPreviewSession setTotalDurationMillis:]	
10ba73414	10ba73467	decompiled	chunks/004/functions-000313.c	-[SCAFormaPreviewSession setTryonImageSuccessCount:]	
10ba73468	10ba734bb	decompiled	chunks/004/functions-000313.c	-[SCAFormaPreviewSession setTryonImageTotalCount:]	
10ba734bc	10ba7353b	decompiled	chunks/004/functions-000313.c	-[SCAFormaPreviewSession setEntrySource:]	
10ba7353c	10ba735bb	decompiled	chunks/004/functions-000313.c	-[SCAFormaPreviewSession setLensType:]	
10ba735bc	10ba735df	decompiled	chunks/004/functions-000313.c	-[SCAFormaPreviewSession getFieldNumberToFieldDict]	
10ba735e0	10ba73617	decompiled	chunks/004/functions-000313.c	-[SCAFormaPreviewSession addToProtoDictionary]	
10ba73618	10ba7366f	decompiled	chunks/004/functions-000313.c	-[SCAFormaPreviewSession toProtoWithAllowedFields:]	
10ba73670	10ba73677	decompiled	chunks/004/functions-000313.c	-[SCAFormaPreviewSession getPayloadIdentifier]	
10ba73678	10ba7368f	decompiled	chunks/004/functions-000313.c	-[SCAFormaTryon setPoseId:]	
10ba73690	10ba736e3	decompiled	chunks/004/functions-000313.c	-[SCAFormaTryon setSuccess:]	
10ba736e4	10ba736e7	decompiled	chunks/004/functions-000313.c	-[SCAFormaTryon getFieldNumberToFieldDict]	
10ba736e8	10ba736f3	decompiled	chunks/004/functions-000313.c	-[SCAFormaTryon toProtoWithAllowedFields:]	
10ba736f4	10ba736fb	decompiled	chunks/004/functions-000313.c	-[SCAFormaTryon getPayloadIdentifier]	
10ba736fc	10ba7373f	decompiled	chunks/004/functions-000313.c	-[SCAFormaTryonEventBase setItemUuid:]	
10ba73740	10ba73753	decompiled	chunks/004/functions-000313.c	-[SCAFormaTryonEventBase setLensSessionId:]	
10ba73754	10ba73767	decompiled	chunks/004/functions-000313.c	-[SCAFormaTryonEventBase setLensUuid:]	
10ba73768	10ba7377b	decompiled	chunks/004/functions-000313.c	-[SCAFormaTryonEventBase setPcsId:]	
10ba7377c	10ba7378f	decompiled	chunks/004/functions-000313.c	-[SCAFormaTryonEventBase setTryonLensSessionId:]	
10ba73790	10ba7379b	decompiled	chunks/004/functions-000313.c	-[SCAFormaTryonLensEvent getEventName]	
10ba7379c	10ba737a3	decompiled	chunks/004/functions-000313.c	-[SCAFormaTryonLensEvent getEventQoS]	
10ba737a4	10ba73823	decompiled	chunks/004/functions-000313.c	-[SCAFormaTryonLensEvent setEntrySource:]	
10ba73824	10ba73877	decompiled	chunks/004/functions-000313.c	-[SCAFormaTryonLensEvent setExitLensTimestampMillis:]	
10ba73878	10ba738f7	decompiled	chunks/004/functions-000313.c	-[SCAFormaTryonLensEvent setExitType:]	
10ba738f8	10ba73977	decompiled	chunks/004/functions-000313.c	-[SCAFormaTryonLensEvent setLensType:]	
10ba73978	10ba739cb	decompiled	chunks/004/functions-000313.c	-[SCAFormaTryonLensEvent setShopButtonClickCount:]	
10ba739cc	10ba73a1f	decompiled	chunks/004/functions-000313.c	-[SCAFormaTryonLensEvent setTotalDurationMillis:]	
10ba73a20	10ba73a73	decompiled	chunks/004/functions-000313.c	-[SCAFormaTryonLensEvent setTryonButtonClickCount:]	
10ba73a74	10ba73a97	decompiled	chunks/004/functions-000313.c	-[SCAFormaTryonLensEvent getFieldNumberToFieldDict]	
10ba73a98	10ba73acf	decompiled	chunks/004/functions-000313.c	-[SCAFormaTryonLensEvent addToProtoDictionary]	
10ba73ad0	10ba73b27	decompiled	chunks/004/functions-000313.c	-[SCAFormaTryonLensEvent toProtoWithAllowedFields:]	
10ba73b28	10ba73b2f	decompiled	chunks/004/functions-000313.c	-[SCAFormaTryonLensEvent getPayloadIdentifier]	
10ba73b30	10ba73b3b	decompiled	chunks/004/functions-000313.c	-[SCAFormaTryonLensSession getEventName]	
10ba73b3c	10ba73b43	decompiled	chunks/004/functions-000313.c	-[SCAFormaTryonLensSession getEventQoS]	
10ba73b44	10ba73bc3	decompiled	chunks/004/functions-000313.c	-[SCAFormaTryonLensSession setEntrySource:]	
10ba73bc4	10ba73c17	decompiled	chunks/004/functions-000313.c	-[SCAFormaTryonLensSession setExitLensTimestampMillis:]	
10ba73c18	10ba73c6b	decompiled	chunks/004/functions-000313.c	-[SCAFormaTryonLensSession setShopButtonClickCount:]	
10ba73c6c	10ba73cbf	decompiled	chunks/004/functions-000313.c	-[SCAFormaTryonLensSession setTotalDurationMillis:]	
10ba73cc0	10ba73d13	decompiled	chunks/004/functions-000313.c	-[SCAFormaTryonLensSession setTryonButtonClickCount:]	
10ba73d14	10ba73d93	decompiled	chunks/004/functions-000313.c	-[SCAFormaTryonLensSession setExitType:]	
10ba73d94	10ba73e13	decompiled	chunks/004/functions-000313.c	-[SCAFormaTryonLensSession setLensType:]	
10ba73e14	10ba73e37	decompiled	chunks/004/functions-000313.c	-[SCAFormaTryonLensSession getFieldNumberToFieldDict]	
10ba73e38	10ba73e6f	decompiled	chunks/004/functions-000313.c	-[SCAFormaTryonLensSession addToProtoDictionary]	
10ba73e70	10ba73ec7	decompiled	chunks/004/functions-000313.c	-[SCAFormaTryonLensSession toProtoWithAllowedFields:]	
10ba73ec8	10ba73ecf	decompiled	chunks/004/functions-000313.c	-[SCAFormaTryonLensSession getPayloadIdentifier]	
10ba73ed0	10ba73edb	decompiled	chunks/004/functions-000313.c	-[SCAFormaTryonProcessingEnd getEventName]	
10ba73edc	10ba73ee3	decompiled	chunks/004/functions-000313.c	-[SCAFormaTryonProcessingEnd getEventQoS]	
10ba73ee4	10ba73efb	decompiled	chunks/004/functions-000313.c	-[SCAFormaTryonProcessingEnd setNetworkRequestId:]	
10ba73efc	10ba73f7b	decompiled	chunks/004/functions-000313.c	-[SCAFormaTryonProcessingEnd setNetworkRequestType:]	
10ba73f7c	10ba73f93	decompiled	chunks/004/functions-000313.c	-[SCAFormaTryonProcessingEnd setProcessSessionId:]	
10ba73f94	10ba74013	decompiled	chunks/004/functions-000313.c	-[SCAFormaTryonProcessingEnd setStage:]	
10ba74014	10ba74093	decompiled	chunks/004/functions-000313.c	-[SCAFormaTryonProcessingEnd setStatus:]	
10ba74094	10ba740e7	decompiled	chunks/004/functions-000313.c	-[SCAFormaTryonProcessingEnd setStopTimestampMillis:]	
10ba740e8	10ba7413b	decompiled	chunks/004/functions-000313.c	-[SCAFormaTryonProcessingEnd setIsOptimized:]	
10ba7413c	10ba7415f	decompiled	chunks/004/functions-000313.c	-[SCAFormaTryonProcessingEnd getFieldNumberToFieldDict]	
10ba74160	10ba74197	decompiled	chunks/004/functions-000313.c	-[SCAFormaTryonProcessingEnd addToProtoDictionary]	
10ba74198	10ba741ef	decompiled	chunks/004/functions-000313.c	-[SCAFormaTryonProcessingEnd toProtoWithAllowedFields:]	
10ba741f0	10ba741f7	decompiled	chunks/004/functions-000313.c	-[SCAFormaTryonProcessingEnd getPayloadIdentifier]	
10ba741f8	10ba74203	decompiled	chunks/004/functions-000313.c	-[SCAFormaTryonProcessingStart getEventName]	
10ba74204	10ba7420b	decompiled	chunks/004/functions-000313.c	-[SCAFormaTryonProcessingStart getEventQoS]	
10ba7420c	10ba74223	decompiled	chunks/004/functions-000313.c	-[SCAFormaTryonProcessingStart setNetworkRequestId:]	
10ba74224	10ba742a3	decompiled	chunks/004/functions-000313.c	-[SCAFormaTryonProcessingStart setNetworkRequestType:]	
10ba742a4	10ba742bb	decompiled	chunks/004/functions-000313.c	-[SCAFormaTryonProcessingStart setProcessSessionId:]	
10ba742bc	10ba7433b	decompiled	chunks/004/functions-000313.c	-[SCAFormaTryonProcessingStart setStage:]	
10ba7433c	10ba7438f	decompiled	chunks/004/functions-000313.c	-[SCAFormaTryonProcessingStart setStartTimestampMillis:]	
10ba74390	10ba743e3	decompiled	chunks/004/functions-000313.c	-[SCAFormaTryonProcessingStart setIsOptimized:]	
10ba743e4	10ba74407	decompiled	chunks/004/functions-000313.c	-[SCAFormaTryonProcessingStart getFieldNumberToFieldDict]	
10ba74408	10ba7443f	decompiled	chunks/004/functions-000313.c	-[SCAFormaTryonProcessingStart addToProtoDictionary]	
10ba74440	10ba74497	decompiled	chunks/004/functions-000313.c	-[SCAFormaTryonProcessingStart toProtoWithAllowedFields:]	
10ba74498	10ba7449f	decompiled	chunks/004/functions-000313.c	-[SCAFormaTryonProcessingStart getPayloadIdentifier]	
10ba744a0	10ba744ab	decompiled	chunks/004/functions-000313.c	-[SCAShoppingConversionEvent getEventName]	
10ba744ac	10ba744b3	decompiled	chunks/004/functions-000313.c	-[SCAShoppingConversionEvent getEventQoS]	
10ba744b4	10ba74533	decompiled	chunks/004/functions-000313.c	-[SCAShoppingConversionEvent setConversionType:]	
10ba74534	10ba74587	decompiled	chunks/004/functions-000313.c	-[SCAShoppingConversionEvent setIsRedirectToStore:]	
10ba74588	10ba745db	decompiled	chunks/004/functions-000313.c	-[SCAShoppingConversionEvent setIsRedirectToWebview:]	
10ba745dc	10ba745f3	decompiled	chunks/004/functions-000313.c	-[SCAShoppingConversionEvent setLensId:]	
10ba745f4	10ba74647	decompiled	chunks/004/functions-000313.c	-[SCAShoppingConversionEvent setShouldTrackConversion:]	
10ba74648	10ba7464b	decompiled	chunks/004/functions-000313.c	-[SCAShoppingConversionEvent getFieldNumberToFieldDict]	
10ba7464c	10ba74657	decompiled	chunks/004/functions-000313.c	-[SCAShoppingConversionEvent toProtoWithAllowedFields:]	
10ba74658	10ba747af	decompiled	chunks/004/functions-000313.c	-[SCAShoppingConversionEvent getPayloadIdentifier]	
10ba747b0	10ba747bb	decompiled	chunks/004/functions-000313.c	-[SCAAppStartupFeedReady getEventName]	
10ba747bc	10ba747c3	decompiled	chunks/004/functions-000313.c	-[SCAAppStartupFeedReady getEventQoS]	
10ba747c4	10ba747db	decompiled	chunks/004/functions-000313.c	-[SCAAppStartupFeedReady setArroyoFailureReason:]	
10ba747dc	10ba747f3	decompiled	chunks/004/functions-000313.c	-[SCAAppStartupFeedReady setFailureReason:]	
10ba747f4	10ba74847	decompiled	chunks/004/functions-000314.c	-[SCAAppStartupFeedReady setHasFeedItemsChanged:]	
10ba74848	10ba7489b	decompiled	chunks/004/functions-000314.c	-[SCAAppStartupFeedReady setLatencyMillis:]	
10ba7489c	10ba748b3	decompiled	chunks/004/functions-000314.c	-[SCAAppStartupFeedReady setNotificationType:]	
10ba748b4	10ba748cb	decompiled	chunks/004/functions-000314.c	-[SCAAppStartupFeedReady setPerformanceMode:]	
10ba748cc	10ba748e3	decompiled	chunks/004/functions-000314.c	-[SCAAppStartupFeedReady setSource:]	
10ba748e4	10ba748fb	decompiled	chunks/004/functions-000314.c	-[SCAAppStartupFeedReady setSplits:]	
10ba748fc	10ba7494f	decompiled	chunks/004/functions-000314.c	-[SCAAppStartupFeedReady setTimeSinceAppStartMs:]	
10ba74950	10ba749a3	decompiled	chunks/004/functions-000314.c	-[SCAAppStartupFeedReady setTimeSpentWaitingMs:]	
10ba749a4	10ba749f7	decompiled	chunks/004/functions-000314.c	-[SCAAppStartupFeedReady setWithDiskEncrypted:]	
10ba749f8	10ba74a4b	decompiled	chunks/004/functions-000314.c	-[SCAAppStartupFeedReady setWithResultSuccessful:]	
10ba74a4c	10ba74a9f	decompiled	chunks/004/functions-000314.c	-[SCAAppStartupFeedReady setWithTriggeredByNotification:]	
10ba74aa0	10ba74af3	decompiled	chunks/004/functions-000314.c	-[SCAAppStartupFeedReady setWithUserInFeed:]	
10ba74af4	10ba74b0b	decompiled	chunks/004/functions-000314.c	-[SCAAppStartupFeedReady setNotificationId:]	
10ba74b0c	10ba74b23	decompiled	chunks/004/functions-000314.c	-[SCAAppStartupFeedReady setAuthSessionId:]	
10ba74b24	10ba74b27	decompiled	chunks/004/functions-000314.c	-[SCAAppStartupFeedReady getFieldNumberToFieldDict]	
10ba74b28	10ba74b33	decompiled	chunks/004/functions-000314.c	-[SCAAppStartupFeedReady toProtoWithAllowedFields:]	
10ba74b34	10ba74b3b	decompiled	chunks/004/functions-000314.c	-[SCAAppStartupFeedReady getPayloadIdentifier]	
10ba74b3c	10ba74b47	decompiled	chunks/004/functions-000314.c	-[SCAChatButtonReplyTap getEventName]	
10ba74b48	10ba74b4f	decompiled	chunks/004/functions-000314.c	-[SCAChatButtonReplyTap getEventQoS]	
10ba74b50	10ba74b5b	decompiled	chunks/004/functions-000314.c	-[SCAChatButtonReplyTap getPerUserSamplingRate]	
10ba74b5c	10ba74b67	decompiled	chunks/004/functions-000314.c	-[SCAChatButtonReplyTap getPerUserSamplingRateV2]	
10ba74b68	10ba74be7	decompiled	chunks/004/functions-000314.c	-[SCAChatButtonReplyTap setDestination:]	
10ba74be8	10ba74beb	decompiled	chunks/004/functions-000314.c	-[SCAChatButtonReplyTap getFieldNumberToFieldDict]	
10ba74bec	10ba74bf7	decompiled	chunks/004/functions-000314.c	-[SCAChatButtonReplyTap toProtoWithAllowedFields:]	
10ba74bf8	10ba74bff	decompiled	chunks/004/functions-000314.c	-[SCAChatButtonReplyTap getPayloadIdentifier]	
10ba74c00	10ba74c0b	decompiled	chunks/004/functions-000314.c	-[SCAChatButtonReplyView getEventName]	
10ba74c0c	10ba74c13	decompiled	chunks/004/functions-000314.c	-[SCAChatButtonReplyView getEventQoS]	
10ba74c14	10ba74c1f	decompiled	chunks/004/functions-000314.c	-[SCAChatButtonReplyView getPerUserSamplingRate]	
10ba74c20	10ba74c2b	decompiled	chunks/004/functions-000314.c	-[SCAChatButtonReplyView getPerUserSamplingRateV2]	
10ba74c2c	10ba74c2f	decompiled	chunks/004/functions-000314.c	-[SCAChatButtonReplyView getFieldNumberToFieldDict]	
10ba74c30	10ba74c3b	decompiled	chunks/004/functions-000314.c	-[SCAChatButtonReplyView toProtoWithAllowedFields:]	
10ba74c3c	10ba74c43	decompiled	chunks/004/functions-000314.c	-[SCAChatButtonReplyView getPayloadIdentifier]	
10ba74c44	10ba74c4f	decompiled	chunks/004/functions-000314.c	-[SCAChatConversationPin getEventName]	
10ba74c50	10ba74c57	decompiled	chunks/004/functions-000314.c	-[SCAChatConversationPin getEventQoS]	
10ba74c58	10ba74c6f	decompiled	chunks/004/functions-000314.c	-[SCAChatConversationPin setCorrespondentGuid:]	
10ba74c70	10ba74c87	decompiled	chunks/004/functions-000314.c	-[SCAChatConversationPin setCorrespondentId:]	
10ba74c88	10ba74c9f	decompiled	chunks/004/functions-000314.c	-[SCAChatConversationPin setMischiefId:]	
10ba74ca0	10ba74cf3	decompiled	chunks/004/functions-000314.c	-[SCAChatConversationPin setPinRank:]	
10ba74cf4	10ba74cf7	decompiled	chunks/004/functions-000314.c	-[SCAChatConversationPin getFieldNumberToFieldDict]	
10ba74cf8	10ba74d03	decompiled	chunks/004/functions-000314.c	-[SCAChatConversationPin toProtoWithAllowedFields:]	
10ba74d04	10ba74d0b	decompiled	chunks/004/functions-000314.c	-[SCAChatConversationPin getPayloadIdentifier]	
10ba74d0c	10ba74d17	decompiled	chunks/004/functions-000314.c	-[SCAFfShortcutsPageViewEnd getEventName]	
10ba74d18	10ba74d1f	decompiled	chunks/004/functions-000314.c	-[SCAFfShortcutsPageViewEnd getEventQoS]	
10ba74d20	10ba74d73	decompiled	chunks/004/functions-000314.c	-[SCAFfShortcutsPageViewEnd setCameraButtonClicked:]	
10ba74d74	10ba74dc7	decompiled	chunks/004/functions-000314.c	-[SCAFfShortcutsPageViewEnd setCellSyncComplete:]	
10ba74dc8	10ba74e1b	decompiled	chunks/004/functions-000314.c	-[SCAFfShortcutsPageViewEnd setConversationSyncLatency:]	
10ba74e1c	10ba74e9b	decompiled	chunks/004/functions-000314.c	-[SCAFfShortcutsPageViewEnd setExitEvent:]	
10ba74e9c	10ba74eb3	decompiled	chunks/004/functions-000314.c	-[SCAFfShortcutsPageViewEnd setFeedShortcutSessionId:]	
10ba74eb4	10ba74f33	decompiled	chunks/004/functions-000314.c	-[SCAFfShortcutsPageViewEnd setFriendsFeedShortcutType:]	
10ba74f34	10ba74f4b	decompiled	chunks/004/functions-000314.c	-[SCAFfShortcutsPageViewEnd setNextPage:]	
10ba74f4c	10ba74f9f	decompiled	chunks/004/functions-000314.c	-[SCAFfShortcutsPageViewEnd setRenderLatency:]	
10ba74fa0	10ba74ff3	decompiled	chunks/004/functions-000314.c	-[SCAFfShortcutsPageViewEnd setShortcutNumOfCellsInventory:]	
10ba74ff4	10ba75047	decompiled	chunks/004/functions-000314.c	-[SCAFfShortcutsPageViewEnd setShortcutNumOfCellsRendered:]	
10ba75048	10ba7504b	decompiled	chunks/004/functions-000314.c	-[SCAFfShortcutsPageViewEnd getFieldNumberToFieldDict]	
10ba7504c	10ba75057	decompiled	chunks/004/functions-000314.c	-[SCAFfShortcutsPageViewEnd toProtoWithAllowedFields:]	
10ba75058	10ba7505f	decompiled	chunks/004/functions-000314.c	-[SCAFfShortcutsPageViewEnd getPayloadIdentifier]	
10ba75060	10ba7506b	decompiled	chunks/004/functions-000314.c	-[SCAFriendFeedReady getEventName]	
10ba7506c	10ba75073	decompiled	chunks/004/functions-000314.c	-[SCAFriendFeedReady getEventQoS]	
10ba75074	10ba750c7	decompiled	chunks/004/functions-000314.c	-[SCAFriendFeedReady setAppStartupTimeMs:]	
10ba750c8	10ba7511b	decompiled	chunks/004/functions-000314.c	-[SCAFriendFeedReady setDidSyncComplete:]	
10ba7511c	10ba7519b	decompiled	chunks/004/functions-000314.c	-[SCAFriendFeedReady setFirstFeedEntrySource:]	
10ba7519c	10ba751ef	decompiled	chunks/004/functions-000314.c	-[SCAFriendFeedReady setFirstFeedEntryTimeMs:]	
10ba751f0	10ba75243	decompiled	chunks/004/functions-000314.c	-[SCAFriendFeedReady setFirstFeedEntryToSyncLatencyMs:]	
10ba75244	10ba75297	decompiled	chunks/004/functions-000314.c	-[SCAFriendFeedReady setFirstFeedRenderTimeMs:]	
10ba75298	10ba752eb	decompiled	chunks/004/functions-000314.c	-[SCAFriendFeedReady setNumberOfAvailableStoriesOnCachedFeed:]	
10ba752ec	10ba7533f	decompiled	chunks/004/functions-000314.c	-[SCAFriendFeedReady setNumberOfAvailableStoriesOnSyncedFeed:]	
10ba75340	10ba75393	decompiled	chunks/004/functions-000314.c	-[SCAFriendFeedReady setNumberOfConversationsSynced:]	
10ba75394	10ba753e7	decompiled	chunks/004/functions-000314.c	-[SCAFriendFeedReady setNumberOfFeedSwipes:]	
10ba753e8	10ba7543b	decompiled	chunks/004/functions-000314.c	-[SCAFriendFeedReady setNumberOfUnviewedCachedChatFeedCells:]	
10ba7543c	10ba7548f	decompiled	chunks/004/functions-000314.c	-[SCAFriendFeedReady setNumberOfUnviewedCachedSnapFeedCells:]	
10ba75490	10ba754e3	decompiled	chunks/004/functions-000314.c	-[SCAFriendFeedReady setNumberOfUnviewedSyncedChatFeedCells:]	
10ba754e4	10ba75537	decompiled	chunks/004/functions-000314.c	-[SCAFriendFeedReady setNumberOfUnviewedSyncedSnapFeedCells:]	
10ba75538	10ba7558b	decompiled	chunks/004/functions-000314.c	-[SCAFriendFeedReady setSyncFeedEntryTimeMs:]	
10ba7558c	10ba755df	decompiled	chunks/004/functions-000314.c	-[SCAFriendFeedReady setSyncRenderTimeMs:]	
10ba755e0	10ba75633	decompiled	chunks/004/functions-000314.c	-[SCAFriendFeedReady setSyncTimeMs:]	
10ba75634	10ba756b3	decompiled	chunks/004/functions-000314.c	-[SCAFriendFeedReady setSyncedFeedEntrySource:]	
10ba756b4	10ba756cb	decompiled	chunks/004/functions-000314.c	-[SCAFriendFeedReady setFailureReason:]	
10ba756cc	10ba7571f	decompiled	chunks/004/functions-000314.c	-[SCAFriendFeedReady setSyncFeedWireTimeMs:]	
10ba75720	10ba75737	decompiled	chunks/004/functions-000314.c	-[SCAFriendFeedReady setNotificationId:]	
10ba75738	10ba7574f	decompiled	chunks/004/functions-000314.c	-[SCAFriendFeedReady setFirstFeedShortcutsSessionId:]	
10ba75750	10ba75767	decompiled	chunks/004/functions-000314.c	-[SCAFriendFeedReady setSyncShortcutsSessionId:]	
10ba75768	10ba757bb	decompiled	chunks/004/functions-000314.c	-[SCAFriendFeedReady setEelDecryptLatencyUs:]	
10ba757bc	10ba7580f	decompiled	chunks/004/functions-000314.c	-[SCAFriendFeedReady setSyncEelMessageCount:]	
10ba75810	10ba75863	decompiled	chunks/004/functions-000314.c	-[SCAFriendFeedReady setSyncMessageCount:]	
10ba75864	10ba758b7	decompiled	chunks/004/functions-000314.c	-[SCAFriendFeedReady setNumberOfConversationsReset:]	
10ba758b8	10ba7590b	decompiled	chunks/004/functions-000314.c	-[SCAFriendFeedReady setNumberOfConversationsSyncFailed:]	
10ba7590c	10ba7590f	decompiled	chunks/004/functions-000314.c	-[SCAFriendFeedReady getFieldNumberToFieldDict]	
10ba75910	10ba7591b	decompiled	chunks/004/functions-000314.c	-[SCAFriendFeedReady toProtoWithAllowedFields:]	
10ba7591c	10ba75923	decompiled	chunks/004/functions-000314.c	-[SCAFriendFeedReady getPayloadIdentifier]	
10ba75924	10ba7592f	decompiled	chunks/004/functions-000314.c	-[SCAFriendsFeedPageClose getEventName]	
10ba75930	10ba75937	decompiled	chunks/004/functions-000314.c	-[SCAFriendsFeedPageClose getEventQoS]	
10ba75938	10ba75943	decompiled	chunks/004/functions-000314.c	-[SCAFriendsFeedPageClose getPerUserSamplingRate]	
10ba75944	10ba7594f	decompiled	chunks/004/functions-000314.c	-[SCAFriendsFeedPageClose getPerUserSamplingRateV2]	
10ba75950	10ba75967	decompiled	chunks/004/functions-000314.c	-[SCAFriendsFeedPageClose setCellState:]	
10ba75968	10ba7597f	decompiled	chunks/004/functions-000314.c	-[SCAFriendsFeedPageClose setCorrespondentGuids:]	
10ba75980	10ba759ff	decompiled	chunks/004/functions-000314.c	-[SCAFriendsFeedPageClose setExitEvent:]	
10ba75a00	10ba75a17	decompiled	chunks/004/functions-000314.c	-[SCAFriendsFeedPageClose setMischiefIds:]	
10ba75a18	10ba75a97	decompiled	chunks/004/functions-000314.c	-[SCAFriendsFeedPageClose setNextPage:]	
10ba75a98	10ba75aeb	decompiled	chunks/004/functions-000314.c	-[SCAFriendsFeedPageClose setNumberNewUnreadConversations:]	
10ba75aec	10ba75b3f	decompiled	chunks/004/functions-000314.c	-[SCAFriendsFeedPageClose setNumberUnreadChats:]	
10ba75b40	10ba75b93	decompiled	chunks/004/functions-000315.c	-[SCAFriendsFeedPageClose setNumberUnreadConversations:]	
10ba75b94	10ba75be7	decompiled	chunks/004/functions-000315.c	-[SCAFriendsFeedPageClose setNumberUnreadSnaps:]	
10ba75be8	10ba75c3b	decompiled	chunks/004/functions-000315.c	-[SCAFriendsFeedPageClose setNumberUnreadSnapsAndChats:]	
10ba75c3c	10ba75c8f	decompiled	chunks/004/functions-000315.c	-[SCAFriendsFeedPageClose setNumberChatsImpressionsWithMapIcon:]	
10ba75c90	10ba75ce3	decompiled	chunks/004/functions-000315.c	-[SCAFriendsFeedPageClose setNumberChatsWithMapIcon:]	
10ba75ce4	10ba75d37	decompiled	chunks/004/functions-000315.c	-[SCAFriendsFeedPageClose setNumberChatsImpressionsWithActionmoji:]	
10ba75d38	10ba75d3b	decompiled	chunks/004/functions-000315.c	-[SCAFriendsFeedPageClose getFieldNumberToFieldDict]	
10ba75d3c	10ba75d47	decompiled	chunks/004/functions-000315.c	-[SCAFriendsFeedPageClose toProtoWithAllowedFields:]	
10ba75d48	10ba75d4f	decompiled	chunks/004/functions-000315.c	-[SCAFriendsFeedPageClose getPayloadIdentifier]	
10ba75d50	10ba75d5b	decompiled	chunks/004/functions-000315.c	-[SCAFriendsFeedPageOpen getEventName]	
10ba75d5c	10ba75d63	decompiled	chunks/004/functions-000315.c	-[SCAFriendsFeedPageOpen getEventQoS]	
10ba75d64	10ba75d7b	decompiled	chunks/004/functions-000315.c	-[SCAFriendsFeedPageOpen setCellState:]	
10ba75d7c	10ba75d93	decompiled	chunks/004/functions-000315.c	-[SCAFriendsFeedPageOpen setCorrespondentGuids:]	
10ba75d94	10ba75dab	decompiled	chunks/004/functions-000315.c	-[SCAFriendsFeedPageOpen setMischiefIds:]	
10ba75dac	10ba75dff	decompiled	chunks/004/functions-000315.c	-[SCAFriendsFeedPageOpen setNumberNewUnreadConversations:]	
10ba75e00	10ba75e53	decompiled	chunks/004/functions-000315.c	-[SCAFriendsFeedPageOpen setNumberUnreadChats:]	
10ba75e54	10ba75ea7	decompiled	chunks/004/functions-000315.c	-[SCAFriendsFeedPageOpen setNumberUnreadConversations:]	
10ba75ea8	10ba75efb	decompiled	chunks/004/functions-000315.c	-[SCAFriendsFeedPageOpen setNumberUnreadSnaps:]	
10ba75efc	10ba75f13	decompiled	chunks/004/functions-000315.c	-[SCAFriendsFeedPageOpen setPreviousPage:]	
10ba75f14	10ba75f67	decompiled	chunks/004/functions-000315.c	-[SCAFriendsFeedPageOpen setNumberUnreadSnapsAndChats:]	
10ba75f68	10ba75f7f	decompiled	chunks/004/functions-000315.c	-[SCAFriendsFeedPageOpen setAdCellPosition:]	
10ba75f80	10ba75fd3	decompiled	chunks/004/functions-000315.c	-[SCAFriendsFeedPageOpen setConversationsPinned:]	
10ba75fd4	10ba76027	decompiled	chunks/004/functions-000315.c	-[SCAFriendsFeedPageOpen setVisibleCells:]	
10ba76028	10ba7607b	decompiled	chunks/004/functions-000315.c	-[SCAFriendsFeedPageOpen setVisibleUnreadChatCells:]	
10ba7607c	10ba760cf	decompiled	chunks/004/functions-000315.c	-[SCAFriendsFeedPageOpen setVisibleUnreadSnapCells:]	
10ba760d0	10ba76123	decompiled	chunks/004/functions-000315.c	-[SCAFriendsFeedPageOpen setVisibleUnreadSnapAndChatCells:]	
10ba76124	10ba7613b	decompiled	chunks/004/functions-000315.c	-[SCAFriendsFeedPageOpen setAdId:]	
10ba7613c	10ba76153	decompiled	chunks/004/functions-000315.c	-[SCAFriendsFeedPageOpen setServerItemId:]	
10ba76154	10ba7616b	decompiled	chunks/004/functions-000315.c	-[SCAFriendsFeedPageOpen setChatTabSessionId:]	
10ba7616c	10ba761bf	decompiled	chunks/004/functions-000315.c	-[SCAFriendsFeedPageOpen setNumberUnreadConversationsReceivedOnePlusDayAgo:]	
10ba761c0	10ba76213	decompiled	chunks/004/functions-000315.c	-[SCAFriendsFeedPageOpen setStreakConversations:]	
10ba76214	10ba76267	decompiled	chunks/004/functions-000315.c	-[SCAFriendsFeedPageOpen setVisibleStreakConversations:]	
10ba76268	10ba762bb	decompiled	chunks/004/functions-000315.c	-[SCAFriendsFeedPageOpen setTeamSnapchatCellPosition:]	
10ba762bc	10ba76303	decompiled	chunks/004/functions-000315.c	-[SCAFriendsFeedPageOpen setImpressions:]	
10ba76304	10ba76383	decompiled	chunks/004/functions-000315.c	-[SCAFriendsFeedPageOpen setTeamSnapchatCellState:]	
10ba76384	10ba763d7	decompiled	chunks/004/functions-000315.c	-[SCAFriendsFeedPageOpen setVisibleFriendingCells:]	
10ba763d8	10ba7642b	decompiled	chunks/004/functions-000315.c	-[SCAFriendsFeedPageOpen setVisibleGroupCells:]	
10ba7642c	10ba7647f	decompiled	chunks/004/functions-000315.c	-[SCAFriendsFeedPageOpen setVisibleNewFriends:]	
10ba76480	10ba764d3	decompiled	chunks/004/functions-000315.c	-[SCAFriendsFeedPageOpen setVisibleOneOnOneCells:]	
10ba764d4	10ba76527	decompiled	chunks/004/functions-000315.c	-[SCAFriendsFeedPageOpen setVisibleUnviewedStoryRings:]	
10ba76528	10ba7657b	decompiled	chunks/004/functions-000315.c	-[SCAFriendsFeedPageOpen setVisibleViewedStoryRings:]	
10ba7657c	10ba765cf	decompiled	chunks/004/functions-000315.c	-[SCAFriendsFeedPageOpen setFlashbacks:]	
10ba765d0	10ba76623	decompiled	chunks/004/functions-000315.c	-[SCAFriendsFeedPageOpen setHiddenTimestamp:]	
10ba76624	10ba76677	decompiled	chunks/004/functions-000315.c	-[SCAFriendsFeedPageOpen setLocation:]	
10ba76678	10ba766cb	decompiled	chunks/004/functions-000315.c	-[SCAFriendsFeedPageOpen setRecentlyActive:]	
10ba766cc	10ba7671f	decompiled	chunks/004/functions-000315.c	-[SCAFriendsFeedPageOpen setSpotlight:]	
10ba76720	10ba7679f	decompiled	chunks/004/functions-000315.c	-[SCAFriendsFeedPageOpen setFirstFeedEntrySource:]	
10ba767a0	10ba767f3	decompiled	chunks/004/functions-000315.c	-[SCAFriendsFeedPageOpen setNumberNewUnreadChats:]	
10ba767f4	10ba76847	decompiled	chunks/004/functions-000315.c	-[SCAFriendsFeedPageOpen setNumberNewUnreadSnaps:]	
10ba76848	10ba7689b	decompiled	chunks/004/functions-000315.c	-[SCAFriendsFeedPageOpen setTotalConversationsAvailable:]	
10ba7689c	10ba768ef	decompiled	chunks/004/functions-000315.c	-[SCAFriendsFeedPageOpen setFeedBadgeCount:]	
10ba768f0	10ba76a97	decompiled	chunks/004/functions-000315.c	-[SCAFriendsFeedPageOpen prepareDictionary:]	
10ba76a98	10ba76a9b	decompiled	chunks/004/functions-000315.c	-[SCAFriendsFeedPageOpen getFieldNumberToFieldDict]	
10ba76a9c	10ba76aa7	decompiled	chunks/004/functions-000315.c	-[SCAFriendsFeedPageOpen toProtoWithAllowedFields:]	
10ba76aa8	10ba76aaf	decompiled	chunks/004/functions-000315.c	-[SCAFriendsFeedPageOpen getPayloadIdentifier]	
10ba76ab0	10ba76ac7	decompiled	chunks/004/functions-000315.c	-[SCAImpression setIdentifier:]	
10ba76ac8	10ba76b0f	decompiled	chunks/004/functions-000315.c	-[SCAImpression setStreakImpression:]	
10ba76b10	10ba76b63	decompiled	chunks/004/functions-000315.c	-[SCAImpression setCellPosition:]	
10ba76b64	10ba76c23	decompiled	chunks/004/functions-000315.c	-[SCAImpression prepareDictionary:]	
10ba76c24	10ba76c27	decompiled	chunks/004/functions-000315.c	-[SCAImpression getFieldNumberToFieldDict]	
10ba76c28	10ba76c33	decompiled	chunks/004/functions-000315.c	-[SCAImpression toProtoWithAllowedFields:]	
10ba76c34	10ba76c3b	decompiled	chunks/004/functions-000315.c	-[SCAImpression getPayloadIdentifier]	
10ba76c3c	10ba76cbb	decompiled	chunks/004/functions-000315.c	-[SCAStreakImpression setStreakState:]	
10ba76cbc	10ba76cbf	decompiled	chunks/004/functions-000315.c	-[SCAStreakImpression getFieldNumberToFieldDict]	
10ba76cc0	10ba76ccb	decompiled	chunks/004/functions-000315.c	-[SCAStreakImpression toProtoWithAllowedFields:]	
10ba76ccc	10ba76cd3	decompiled	chunks/004/functions-000315.c	-[SCAStreakImpression getPayloadIdentifier]	
10ba76cd4	10ba76cdf	decompiled	chunks/004/functions-000315.c	-[SCAWelcomeBackNotificationResult getEventName]	
10ba76ce0	10ba76ce7	decompiled	chunks/004/functions-000315.c	-[SCAWelcomeBackNotificationResult getEventQoS]	
10ba76ce8	10ba76d67	decompiled	chunks/004/functions-000315.c	-[SCAWelcomeBackNotificationResult setCopyVariant:]	
10ba76d68	10ba76de7	decompiled	chunks/004/functions-000315.c	-[SCAWelcomeBackNotificationResult setDeepLinkTarget:]	
10ba76de8	10ba76e3b	decompiled	chunks/004/functions-000315.c	-[SCAWelcomeBackNotificationResult setDelayAppliedMs:]	
10ba76e3c	10ba76e8f	decompiled	chunks/004/functions-000315.c	-[SCAWelcomeBackNotificationResult setEligibleItemCount:]	
10ba76e90	10ba76f0f	decompiled	chunks/004/functions-000315.c	-[SCAWelcomeBackNotificationResult setEligibleTabScope:]	
10ba76f10	10ba76f63	decompiled	chunks/004/functions-000315.c	-[SCAWelcomeBackNotificationResult setFstActive:]	
10ba76f64	10ba76fe3	decompiled	chunks/004/functions-000315.c	-[SCAWelcomeBackNotificationResult setIneligibleReason:]	
10ba76fe4	10ba77063	decompiled	chunks/004/functions-000315.c	-[SCAWelcomeBackNotificationResult setOutcome:]	
10ba77064	10ba770b7	decompiled	chunks/004/functions-000315.c	-[SCAWelcomeBackNotificationResult setSyncLatencyMs:]	
10ba770b8	10ba770cf	decompiled	chunks/004/functions-000315.c	-[SCAWelcomeBackNotificationResult setCurrentPage:]	
10ba770d0	10ba77123	decompiled	chunks/004/functions-000315.c	-[SCAWelcomeBackNotificationResult setConsumableItemsLatencyMs:]	
10ba77124	10ba77177	decompiled	chunks/004/functions-000315.c	-[SCAWelcomeBackNotificationResult setFirstEligiblePageLatencyMs:]	
10ba77178	10ba771cb	decompiled	chunks/004/functions-000315.c	-[SCAWelcomeBackNotificationResult setWorkflowStartLatencyMs:]	
10ba771cc	10ba771e3	decompiled	chunks/004/functions-000315.c	-[SCAWelcomeBackNotificationResult setNotificationId:]	
10ba771e4	10ba77237	decompiled	chunks/004/functions-000315.c	-[SCAWelcomeBackNotificationResult setDwellMs:]	
10ba77238	10ba772b7	decompiled	chunks/004/functions-000315.c	-[SCAWelcomeBackNotificationResult setReason:]	
10ba772b8	10ba77337	decompiled	chunks/004/functions-000315.c	-[SCAWelcomeBackNotificationResult setStage:]	
10ba77338	10ba7733b	decompiled	chunks/004/functions-000315.c	-[SCAWelcomeBackNotificationResult getFieldNumberToFieldDict]	
10ba7733c	10ba77347	decompiled	chunks/004/functions-000315.c	-[SCAWelcomeBackNotificationResult toProtoWithAllowedFields:]	
10ba77348	10ba7738f	decompiled	chunks/004/functions-000315.c	-[SCAWelcomeBackNotificationResult getPayloadIdentifier]	
10ba77390	10ba7763f	decompiled	chunks/004/functions-000315.c		
10ba77640	10ba776b3	decompiled	chunks/004/functions-000315.c		
10ba776b4	10ba777bf	decompiled	chunks/004/functions-000315.c		
10ba777c0	10ba7793f	decompiled	chunks/004/functions-000315.c		
10ba77940	10ba779bf	decompiled	chunks/004/functions-000315.c		
10ba779c0	10ba779df	decompiled	chunks/004/functions-000315.c		
10ba779e0	10ba77a33	decompiled	chunks/004/functions-000315.c	-[SCAAddFriendBadgingInfo setAvailableFriendSuggestions:]	
10ba77a34	10ba77a87	decompiled	chunks/004/functions-000315.c	-[SCAAddFriendBadgingInfo setContactSyncReminder:]	
10ba77a88	10ba77adb	decompiled	chunks/004/functions-000315.c	-[SCAAddFriendBadgingInfo setIncomingFriends:]	
10ba77adc	10ba77b2f	decompiled	chunks/004/functions-000315.c	-[SCAAddFriendBadgingInfo setIncomingFriendsForResurrectedUser:]	
10ba77b30	10ba77b83	decompiled	chunks/004/functions-000315.c	-[SCAAddFriendBadgingInfo setNearbySnapchatters:]	
10ba77b84	10ba77bd7	decompiled	chunks/004/functions-000315.c	-[SCAAddFriendBadgingInfo setPendingFriendRequestReminders:]	
10ba77bd8	10ba77c2b	decompiled	chunks/004/functions-000316.c	-[SCAAddFriendBadgingInfo setRecentlyJoinedSuggestions:]	
10ba77c2c	10ba77c7f	decompiled	chunks/004/functions-000316.c	-[SCAAddFriendBadgingInfo setTimeBetweenLastBadgeReceived:]	
10ba77c80	10ba77cd3	decompiled	chunks/004/functions-000316.c	-[SCAAddFriendBadgingInfo setTopFriendSuggestions:]	
10ba77cd4	10ba77d27	decompiled	chunks/004/functions-000316.c	-[SCAAddFriendBadgingInfo setTotalCount:]	
10ba77d28	10ba77d7b	decompiled	chunks/004/functions-000316.c	-[SCAAddFriendBadgingInfo setBadgeShown:]	
10ba77d7c	10ba77d7f	decompiled	chunks/004/functions-000316.c	-[SCAAddFriendBadgingInfo getFieldNumberToFieldDict]	
10ba77d80	10ba77d8b	decompiled	chunks/004/functions-000316.c	-[SCAAddFriendBadgingInfo toProtoWithAllowedFields:]	
10ba77d8c	10ba77d93	decompiled	chunks/004/functions-000316.c	-[SCAAddFriendBadgingInfo getPayloadIdentifier]	
10ba77d94	10ba77d9f	decompiled	chunks/004/functions-000316.c	-[SCAAddFriendInfoTrayAddEvent getEventName]	
10ba77da0	10ba77da7	decompiled	chunks/004/functions-000316.c	-[SCAAddFriendInfoTrayAddEvent getEventQoS]	
10ba77da8	10ba77dbf	decompiled	chunks/004/functions-000316.c	-[SCAAddFriendInfoTrayAddEvent setAddSource:]	
10ba77dc0	10ba77e13	decompiled	chunks/004/functions-000316.c	-[SCAAddFriendInfoTrayAddEvent setDurationMillis:]	
10ba77e14	10ba77e2b	decompiled	chunks/004/functions-000316.c	-[SCAAddFriendInfoTrayAddEvent setPlacement:]	
10ba77e2c	10ba77e2f	decompiled	chunks/004/functions-000316.c	-[SCAAddFriendInfoTrayAddEvent getFieldNumberToFieldDict]	
10ba77e30	10ba77e3b	decompiled	chunks/004/functions-000316.c	-[SCAAddFriendInfoTrayAddEvent toProtoWithAllowedFields:]	
10ba77e3c	10ba77e43	decompiled	chunks/004/functions-000316.c	-[SCAAddFriendInfoTrayAddEvent getPayloadIdentifier]	
10ba77e44	10ba77e4f	decompiled	chunks/004/functions-000316.c	-[SCAAddFriendInfoTrayDismissEvent getEventName]	
10ba77e50	10ba77e57	decompiled	chunks/004/functions-000316.c	-[SCAAddFriendInfoTrayDismissEvent getEventQoS]	
10ba77e58	10ba77e6f	decompiled	chunks/004/functions-000316.c	-[SCAAddFriendInfoTrayDismissEvent setAddSource:]	
10ba77e70	10ba77eef	decompiled	chunks/004/functions-000316.c	-[SCAAddFriendInfoTrayDismissEvent setDismissSource:]	
10ba77ef0	10ba77f43	decompiled	chunks/004/functions-000316.c	-[SCAAddFriendInfoTrayDismissEvent setDurationMillis:]	
10ba77f44	10ba77f97	decompiled	chunks/004/functions-000316.c	-[SCAAddFriendInfoTrayDismissEvent setInfoTrayImpressionCount:]	
10ba77f98	10ba77faf	decompiled	chunks/004/functions-000316.c	-[SCAAddFriendInfoTrayDismissEvent setPlacement:]	
10ba77fb0	10ba77fb3	decompiled	chunks/004/functions-000316.c	-[SCAAddFriendInfoTrayDismissEvent getFieldNumberToFieldDict]	
10ba77fb4	10ba77fbf	decompiled	chunks/004/functions-000316.c	-[SCAAddFriendInfoTrayDismissEvent toProtoWithAllowedFields:]	
10ba77fc0	10ba77fc7	decompiled	chunks/004/functions-000316.c	-[SCAAddFriendInfoTrayDismissEvent getPayloadIdentifier]	
10ba77fc8	10ba77fd3	decompiled	chunks/004/functions-000316.c	-[SCAAddFriendPageEndEvent getEventName]	
10ba77fd4	10ba77fdb	decompiled	chunks/004/functions-000316.c	-[SCAAddFriendPageEndEvent getEventQoS]	
10ba77fdc	10ba7805b	decompiled	chunks/004/functions-000316.c	-[SCAAddFriendPageEndEvent setAddFriendPageEntryPoint:]	
10ba7805c	10ba780af	decompiled	chunks/004/functions-000316.c	-[SCAAddFriendPageEndEvent setAddedMeFriendSeenCount:]	
10ba780b0	10ba78103	decompiled	chunks/004/functions-000316.c	-[SCAAddFriendPageEndEvent setCompleteLoadedLatencyUs:]	
10ba78104	10ba78157	decompiled	chunks/004/functions-000316.c	-[SCAAddFriendPageEndEvent setEmailButtonClickCount:]	
10ba78158	10ba781ab	decompiled	chunks/004/functions-000316.c	-[SCAAddFriendPageEndEvent setFirstItemLoadedLatencyUs:]	
10ba781ac	10ba781c3	decompiled	chunks/004/functions-000316.c	-[SCAAddFriendPageEndEvent setLoadSectionFailure:]	
10ba781c4	10ba78217	decompiled	chunks/004/functions-000316.c	-[SCAAddFriendPageEndEvent setMoreButtonClickCount:]	
10ba78218	10ba7826b	decompiled	chunks/004/functions-000316.c	-[SCAAddFriendPageEndEvent setQuickAddFriendSeenCount:]	
10ba7826c	10ba782bf	decompiled	chunks/004/functions-000316.c	-[SCAAddFriendPageEndEvent setSessionTimeUs:]	
10ba782c0	10ba78313	decompiled	chunks/004/functions-000316.c	-[SCAAddFriendPageEndEvent setShareMySnapcodeItemSeenCount:]	
10ba78314	10ba78367	decompiled	chunks/004/functions-000316.c	-[SCAAddFriendPageEndEvent setSmsButtonClickCount:]	
10ba78368	10ba783bb	decompiled	chunks/004/functions-000316.c	-[SCAAddFriendPageEndEvent setSnapcodeClickCount:]	
10ba783bc	10ba7840f	decompiled	chunks/004/functions-000316.c	-[SCAAddFriendPageEndEvent setTwitterButtonClickCount:]	
10ba78410	10ba78427	decompiled	chunks/004/functions-000316.c	-[SCAAddFriendPageEndEvent setVisibleSectionNames:]	
10ba78428	10ba7847b	decompiled	chunks/004/functions-000316.c	-[SCAAddFriendPageEndEvent setPullToRefreshCount:]	
10ba7847c	10ba784cf	decompiled	chunks/004/functions-000316.c	-[SCAAddFriendPageEndEvent setClickToRefreshCount:]	
10ba784d0	10ba78523	decompiled	chunks/004/functions-000316.c	-[SCAAddFriendPageEndEvent setChatButtonClickCount:]	
10ba78524	10ba78577	decompiled	chunks/004/functions-000316.c	-[SCAAddFriendPageEndEvent setSnapButtonClickCount:]	
10ba78578	10ba7858f	decompiled	chunks/004/functions-000316.c	-[SCAAddFriendPageEndEvent setAddFriendsPageSessionId:]	
10ba78590	10ba785a7	decompiled	chunks/004/functions-000316.c	-[SCAAddFriendPageEndEvent setSuggestionFetchRequestId:]	
10ba785a8	10ba785fb	decompiled	chunks/004/functions-000316.c	-[SCAAddFriendPageEndEvent setAddedMeFriendTotalCount:]	
10ba785fc	10ba7864f	decompiled	chunks/004/functions-000316.c	-[SCAAddFriendPageEndEvent setQuickAddFriendTotalCount:]	
10ba78650	10ba786a3	decompiled	chunks/004/functions-000316.c	-[SCAAddFriendPageEndEvent setViewMoreButtonClickCount:]	
10ba786a4	10ba786bb	decompiled	chunks/004/functions-000316.c	-[SCAAddFriendPageEndEvent setBadgeId:]	
10ba786bc	10ba7870f	decompiled	chunks/004/functions-000316.c	-[SCAAddFriendPageEndEvent setSeenUnviewedAddMeCount:]	
10ba78710	10ba78763	decompiled	chunks/004/functions-000316.c	-[SCAAddFriendPageEndEvent setPinCountAddedMe:]	
10ba78764	10ba787b7	decompiled	chunks/004/functions-000316.c	-[SCAAddFriendPageEndEvent setPinCountFindFriends:]	
10ba787b8	10ba787bb	decompiled	chunks/004/functions-000316.c	-[SCAAddFriendPageEndEvent getFieldNumberToFieldDict]	
10ba787bc	10ba787c7	decompiled	chunks/004/functions-000316.c	-[SCAAddFriendPageEndEvent toProtoWithAllowedFields:]	
10ba787c8	10ba787cf	decompiled	chunks/004/functions-000316.c	-[SCAAddFriendPageEndEvent getPayloadIdentifier]	
10ba787d0	10ba787db	decompiled	chunks/004/functions-000316.c	-[SCAAddFriendsButtonBadgeSeen getEventName]	
10ba787dc	10ba787e3	decompiled	chunks/004/functions-000316.c	-[SCAAddFriendsButtonBadgeSeen getEventQoS]	
10ba787e4	10ba78837	decompiled	chunks/004/functions-000316.c	-[SCAAddFriendsButtonBadgeSeen setAvailableFriendSuggestions:]	
10ba78838	10ba7884f	decompiled	chunks/004/functions-000316.c	-[SCAAddFriendsButtonBadgeSeen setBadgeId:]	
10ba78850	10ba788a3	decompiled	chunks/004/functions-000316.c	-[SCAAddFriendsButtonBadgeSeen setContactSyncReminder:]	
10ba788a4	10ba788f7	decompiled	chunks/004/functions-000316.c	-[SCAAddFriendsButtonBadgeSeen setIncomingFriends:]	
10ba788f8	10ba7894b	decompiled	chunks/004/functions-000316.c	-[SCAAddFriendsButtonBadgeSeen setIncomingFriendsForResurrectedUser:]	
10ba7894c	10ba7899f	decompiled	chunks/004/functions-000316.c	-[SCAAddFriendsButtonBadgeSeen setNearbySnapchatters:]	
10ba789a0	10ba789f3	decompiled	chunks/004/functions-000316.c	-[SCAAddFriendsButtonBadgeSeen setPendingFriendRequestReminders:]	
10ba789f4	10ba78a47	decompiled	chunks/004/functions-000316.c	-[SCAAddFriendsButtonBadgeSeen setRecentlyJoinedSuggestions:]	
10ba78a48	10ba78a9b	decompiled	chunks/004/functions-000316.c	-[SCAAddFriendsButtonBadgeSeen setTopFriendSuggestions:]	
10ba78a9c	10ba78aef	decompiled	chunks/004/functions-000316.c	-[SCAAddFriendsButtonBadgeSeen setTotalCount:]	
10ba78af0	10ba78af3	decompiled	chunks/004/functions-000316.c	-[SCAAddFriendsButtonBadgeSeen getFieldNumberToFieldDict]	
10ba78af4	10ba78aff	decompiled	chunks/004/functions-000316.c	-[SCAAddFriendsButtonBadgeSeen toProtoWithAllowedFields:]	
10ba78b00	10ba78b07	decompiled	chunks/004/functions-000316.c	-[SCAAddFriendsButtonBadgeSeen getPayloadIdentifier]	
10ba78b08	10ba78b13	decompiled	chunks/004/functions-000316.c	-[SCAAppRecommendationClickAppEvent getEventName]	
10ba78b14	10ba78b1b	decompiled	chunks/004/functions-000316.c	-[SCAAppRecommendationClickAppEvent getEventQoS]	
10ba78b1c	10ba78b33	decompiled	chunks/004/functions-000316.c	-[SCAAppRecommendationClickAppEvent setAppName:]	
10ba78b34	10ba78b87	decompiled	chunks/004/functions-000316.c	-[SCAAppRecommendationClickAppEvent setClickInstall:]	
10ba78b88	10ba78bdb	decompiled	chunks/004/functions-000316.c	-[SCAAppRecommendationClickAppEvent setClickOpen:]	
10ba78bdc	10ba78bdf	decompiled	chunks/004/functions-000316.c	-[SCAAppRecommendationClickAppEvent getFieldNumberToFieldDict]	
10ba78be0	10ba78beb	decompiled	chunks/004/functions-000316.c	-[SCAAppRecommendationClickAppEvent toProtoWithAllowedFields:]	
10ba78bec	10ba78bf3	decompiled	chunks/004/functions-000316.c	-[SCAAppRecommendationClickAppEvent getPayloadIdentifier]	
10ba78bf4	10ba78bff	decompiled	chunks/004/functions-000316.c	-[SCAAppRecommendationEnterEvent getEventName]	
10ba78c00	10ba78c07	decompiled	chunks/004/functions-000316.c	-[SCAAppRecommendationEnterEvent getEventQoS]	
10ba78c08	10ba78c5b	decompiled	chunks/004/functions-000316.c	-[SCAAppRecommendationEnterEvent setEntryCount:]	
10ba78c5c	10ba78c5f	decompiled	chunks/004/functions-000316.c	-[SCAAppRecommendationEnterEvent getFieldNumberToFieldDict]	
10ba78c60	10ba78c6b	decompiled	chunks/004/functions-000316.c	-[SCAAppRecommendationEnterEvent toProtoWithAllowedFields:]	
10ba78c6c	10ba78c73	decompiled	chunks/004/functions-000316.c	-[SCAAppRecommendationEnterEvent getPayloadIdentifier]	
10ba78c74	10ba78c7f	decompiled	chunks/004/functions-000316.c	-[SCAContactFullSyncRpcAttempt getEventName]	
10ba78c80	10ba78c87	decompiled	chunks/004/functions-000316.c	-[SCAContactFullSyncRpcAttempt getEventQoS]	
10ba78c88	10ba78c93	decompiled	chunks/004/functions-000316.c	-[SCAContactFullSyncRpcAttempt getPerUserSamplingRateV2]	
10ba78c94	10ba78cab	decompiled	chunks/004/functions-000316.c	-[SCAContactFullSyncRpcAttempt setRpcAttemptId:]	
10ba78cac	10ba78cc3	decompiled	chunks/004/functions-000316.c	-[SCAContactFullSyncRpcAttempt setTriggerSource:]	
10ba78cc4	10ba78cc7	decompiled	chunks/004/functions-000316.c	-[SCAContactFullSyncRpcAttempt getFieldNumberToFieldDict]	
10ba78cc8	10ba78cd3	decompiled	chunks/004/functions-000316.c	-[SCAContactFullSyncRpcAttempt toProtoWithAllowedFields:]	
10ba78cd4	10ba78cdb	decompiled	chunks/004/functions-000316.c	-[SCAContactFullSyncRpcAttempt getPayloadIdentifier]	
10ba78cdc	10ba78ce7	decompiled	chunks/004/functions-000316.c	-[SCAContactFullSyncRpcResult getEventName]	
10ba78ce8	10ba78cef	decompiled	chunks/004/functions-000316.c	-[SCAContactFullSyncRpcResult getEventQoS]	
10ba78cf0	10ba78cfb	decompiled	chunks/004/functions-000316.c	-[SCAContactFullSyncRpcResult getPerUserSamplingRateV2]	
10ba78cfc	10ba78d4f	decompiled	chunks/004/functions-000316.c	-[SCAContactFullSyncRpcResult setGrpcStatusCode:]	
10ba78d50	10ba78da3	decompiled	chunks/004/functions-000316.c	-[SCAContactFullSyncRpcResult setHasResponse:]	
10ba78da4	10ba78dbb	decompiled	chunks/004/functions-000317.c	-[SCAContactFullSyncRpcResult setRpcAttemptId:]	
10ba78dbc	10ba78dd3	decompiled	chunks/004/functions-000317.c	-[SCAContactFullSyncRpcResult setTriggerSource:]	
10ba78dd4	10ba78dd7	decompiled	chunks/004/functions-000317.c	-[SCAContactFullSyncRpcResult getFieldNumberToFieldDict]	
10ba78dd8	10ba78de3	decompiled	chunks/004/functions-000317.c	-[SCAContactFullSyncRpcResult toProtoWithAllowedFields:]	
10ba78de4	10ba78deb	decompiled	chunks/004/functions-000317.c	-[SCAContactFullSyncRpcResult getPayloadIdentifier]	
10ba78dec	10ba78df7	decompiled	chunks/004/functions-000317.c	-[SCAContactsInvitesPageEnd getEventName]	
10ba78df8	10ba78dff	decompiled	chunks/004/functions-000317.c	-[SCAContactsInvitesPageEnd getEventQoS]	
10ba78e00	10ba78e53	decompiled	chunks/004/functions-000317.c	-[SCAContactsInvitesPageEnd setContactsAvailable:]	
10ba78e54	10ba78ea7	decompiled	chunks/004/functions-000317.c	-[SCAContactsInvitesPageEnd setContactsInviteShareAttempts:]	
10ba78ea8	10ba78efb	decompiled	chunks/004/functions-000317.c	-[SCAContactsInvitesPageEnd setContactsSeen:]	
10ba78efc	10ba78f4f	decompiled	chunks/004/functions-000317.c	-[SCAContactsInvitesPageEnd setContactsSelected:]	
10ba78f50	10ba78fcf	decompiled	chunks/004/functions-000317.c	-[SCAContactsInvitesPageEnd setSource:]	
10ba78fd0	10ba79023	decompiled	chunks/004/functions-000317.c	-[SCAContactsInvitesPageEnd setTimeSpentMs:]	
10ba79024	10ba79027	decompiled	chunks/004/functions-000317.c	-[SCAContactsInvitesPageEnd getFieldNumberToFieldDict]	
10ba79028	10ba79033	decompiled	chunks/004/functions-000317.c	-[SCAContactsInvitesPageEnd toProtoWithAllowedFields:]	
10ba79034	10ba7903b	decompiled	chunks/004/functions-000317.c	-[SCAContactsInvitesPageEnd getPayloadIdentifier]	
10ba7903c	10ba79047	decompiled	chunks/004/functions-000317.c	-[SCAContactsInvitesPageView getEventName]	
10ba79048	10ba7904f	decompiled	chunks/004/functions-000317.c	-[SCAContactsInvitesPageView getEventQoS]	
10ba79050	10ba790cf	decompiled	chunks/004/functions-000317.c	-[SCAContactsInvitesPageView setSource:]	
10ba790d0	10ba790d3	decompiled	chunks/004/functions-000317.c	-[SCAContactsInvitesPageView getFieldNumberToFieldDict]	
10ba790d4	10ba790df	decompiled	chunks/004/functions-000317.c	-[SCAContactsInvitesPageView toProtoWithAllowedFields:]	
10ba790e0	10ba790e7	decompiled	chunks/004/functions-000317.c	-[SCAContactsInvitesPageView getPayloadIdentifier]	
10ba790e8	10ba790f3	decompiled	chunks/004/functions-000317.c	-[SCAFriendActionEndEvent getEventName]	
10ba790f4	10ba790fb	decompiled	chunks/004/functions-000317.c	-[SCAFriendActionEndEvent getEventQoS]	
10ba790fc	10ba7914f	decompiled	chunks/004/functions-000317.c	-[SCAFriendActionEndEvent setActionNetworkLatencyUs:]	
10ba79150	10ba791a3	decompiled	chunks/004/functions-000317.c	-[SCAFriendActionEndEvent setActionUiLatencyUs:]	
10ba791a4	10ba791bb	decompiled	chunks/004/functions-000317.c	-[SCAFriendActionEndEvent setErrorMessage:]	
10ba791bc	10ba7923b	decompiled	chunks/004/functions-000317.c	-[SCAFriendActionEndEvent setFriendActionType:]	
10ba7923c	10ba7928f	decompiled	chunks/004/functions-000317.c	-[SCAFriendActionEndEvent setIsCancelled:]	
10ba79290	10ba792e3	decompiled	chunks/004/functions-000317.c	-[SCAFriendActionEndEvent setIndex:]	
10ba792e4	10ba792fb	decompiled	chunks/004/functions-000317.c	-[SCAFriendActionEndEvent setPlacement:]	
10ba792fc	10ba79313	decompiled	chunks/004/functions-000317.c	-[SCAFriendActionEndEvent setSource:]	
10ba79314	10ba79367	decompiled	chunks/004/functions-000317.c	-[SCAFriendActionEndEvent setSucceeded:]	
10ba79368	10ba7937f	decompiled	chunks/004/functions-000317.c	-[SCAFriendActionEndEvent setToFriendUserId:]	
10ba79380	10ba793c7	decompiled	chunks/004/functions-000317.c	-[SCAFriendActionEndEvent setPlacementInfo:]	
10ba793c8	10ba793df	decompiled	chunks/004/functions-000317.c	-[SCAFriendActionEndEvent setSectionName:]	
10ba793e0	10ba793f7	decompiled	chunks/004/functions-000317.c	-[SCAFriendActionEndEvent setShortcutId:]	
10ba793f8	10ba7940f	decompiled	chunks/004/functions-000317.c	-[SCAFriendActionEndEvent setAddFriendsPageSessionId:]	
10ba79410	10ba79427	decompiled	chunks/004/functions-000317.c	-[SCAFriendActionEndEvent setSuggestionFetchRequestId:]	
10ba79428	10ba7947b	decompiled	chunks/004/functions-000317.c	-[SCAFriendActionEndEvent setErrorCode:]	
10ba7947c	10ba79493	decompiled	chunks/004/functions-000317.c	-[SCAFriendActionEndEvent setInAppNotificationId:]	
10ba79494	10ba794ab	decompiled	chunks/004/functions-000317.c	-[SCAFriendActionEndEvent setInAppNotificationTimeToAddFriendMs:]	
10ba794ac	10ba7956b	decompiled	chunks/004/functions-000317.c	-[SCAFriendActionEndEvent prepareDictionary:]	
10ba7956c	10ba7956f	decompiled	chunks/004/functions-000317.c	-[SCAFriendActionEndEvent getFieldNumberToFieldDict]	
10ba79570	10ba7957b	decompiled	chunks/004/functions-000317.c	-[SCAFriendActionEndEvent toProtoWithAllowedFields:]	
10ba7957c	10ba79583	decompiled	chunks/004/functions-000317.c	-[SCAFriendActionEndEvent getPayloadIdentifier]	
10ba79584	10ba7958f	decompiled	chunks/004/functions-000317.c	-[SCAFriendAddFailure getEventName]	
10ba79590	10ba79597	decompiled	chunks/004/functions-000317.c	-[SCAFriendAddFailure getEventQoS]	
10ba79598	10ba79617	decompiled	chunks/004/functions-000317.c	-[SCAFriendAddFailure setAddSource:]	
10ba79618	10ba79697	decompiled	chunks/004/functions-000317.c	-[SCAFriendAddFailure setSource:]	
10ba79698	10ba7969b	decompiled	chunks/004/functions-000317.c	-[SCAFriendAddFailure getFieldNumberToFieldDict]	
10ba7969c	10ba796a7	decompiled	chunks/004/functions-000317.c	-[SCAFriendAddFailure toProtoWithAllowedFields:]	
10ba796a8	10ba796af	decompiled	chunks/004/functions-000317.c	-[SCAFriendAddFailure getPayloadIdentifier]	
10ba796b0	10ba796bb	decompiled	chunks/004/functions-000317.c	-[SCAFriendAddSeen getEventName]	
10ba796bc	10ba796c3	decompiled	chunks/004/functions-000317.c	-[SCAFriendAddSeen getEventQoS]	
10ba796c4	10ba79717	decompiled	chunks/004/functions-000317.c	-[SCAFriendAddSeen setFriendSeenCount:]	
10ba79718	10ba79797	decompiled	chunks/004/functions-000317.c	-[SCAFriendAddSeen setSource:]	
10ba79798	10ba7979b	decompiled	chunks/004/functions-000317.c	-[SCAFriendAddSeen getFieldNumberToFieldDict]	
10ba7979c	10ba797a7	decompiled	chunks/004/functions-000317.c	-[SCAFriendAddSeen toProtoWithAllowedFields:]	
10ba797a8	10ba797af	decompiled	chunks/004/functions-000317.c	-[SCAFriendAddSeen getPayloadIdentifier]	
10ba797b0	10ba797bb	decompiled	chunks/004/functions-000317.c	-[SCAFriendAddSuccess getEventName]	
10ba797bc	10ba797c3	decompiled	chunks/004/functions-000317.c	-[SCAFriendAddSuccess getEventQoS]	
10ba797c4	10ba79843	decompiled	chunks/004/functions-000317.c	-[SCAFriendAddSuccess setAddSource:]	
10ba79844	10ba798c3	decompiled	chunks/004/functions-000317.c	-[SCAFriendAddSuccess setSource:]	
10ba798c4	10ba798c7	decompiled	chunks/004/functions-000317.c	-[SCAFriendAddSuccess getFieldNumberToFieldDict]	
10ba798c8	10ba798d3	decompiled	chunks/004/functions-000317.c	-[SCAFriendAddSuccess toProtoWithAllowedFields:]	
10ba798d4	10ba798db	decompiled	chunks/004/functions-000317.c	-[SCAFriendAddSuccess getPayloadIdentifier]	
10ba798dc	10ba798e7	decompiled	chunks/004/functions-000317.c	-[SCAFriendInviteButtonTap getEventName]	
10ba798e8	10ba798ef	decompiled	chunks/004/functions-000317.c	-[SCAFriendInviteButtonTap getEventQoS]	
10ba798f0	10ba7996f	decompiled	chunks/004/functions-000317.c	-[SCAFriendInviteButtonTap setInviteFriendPageSource:]	
10ba79970	10ba79973	decompiled	chunks/004/functions-000317.c	-[SCAFriendInviteButtonTap getFieldNumberToFieldDict]	
10ba79974	10ba7997f	decompiled	chunks/004/functions-000317.c	-[SCAFriendInviteButtonTap toProtoWithAllowedFields:]	
10ba79980	10ba79987	decompiled	chunks/004/functions-000317.c	-[SCAFriendInviteButtonTap getPayloadIdentifier]	
10ba79988	10ba79993	decompiled	chunks/004/functions-000317.c	-[SCAFriendNearbyFriendSeenEvent getEventName]	
10ba79994	10ba7999b	decompiled	chunks/004/functions-000317.c	-[SCAFriendNearbyFriendSeenEvent getEventQoS]	
10ba7999c	10ba799a7	decompiled	chunks/004/functions-000317.c	-[SCAFriendNearbyFriendSeenEvent getPerUserSamplingRateV2]	
10ba799a8	10ba799fb	decompiled	chunks/004/functions-000317.c	-[SCAFriendNearbyFriendSeenEvent setIndex:]	
10ba799fc	10ba79a4f	decompiled	chunks/004/functions-000317.c	-[SCAFriendNearbyFriendSeenEvent setIsFriend:]	
10ba79a50	10ba79a67	decompiled	chunks/004/functions-000317.c	-[SCAFriendNearbyFriendSeenEvent setSeenFriendUserId:]	
10ba79a68	10ba79a6b	decompiled	chunks/004/functions-000317.c	-[SCAFriendNearbyFriendSeenEvent getFieldNumberToFieldDict]	
10ba79a6c	10ba79a77	decompiled	chunks/004/functions-000317.c	-[SCAFriendNearbyFriendSeenEvent toProtoWithAllowedFields:]	
10ba79a78	10ba79a7f	decompiled	chunks/004/functions-000317.c	-[SCAFriendNearbyFriendSeenEvent getPayloadIdentifier]	
10ba79a80	10ba79a8b	decompiled	chunks/004/functions-000317.c	-[SCAFriendNearbyFriendsSessionEndEvent getEventName]	
10ba79a8c	10ba79a93	decompiled	chunks/004/functions-000317.c	-[SCAFriendNearbyFriendsSessionEndEvent getEventQoS]	
10ba79a94	10ba79a9f	decompiled	chunks/004/functions-000317.c	-[SCAFriendNearbyFriendsSessionEndEvent getPerUserSamplingRateV2]	
10ba79aa0	10ba79af3	decompiled	chunks/004/functions-000317.c	-[SCAFriendNearbyFriendsSessionEndEvent setChatIconClickCount:]	
10ba79af4	10ba79b47	decompiled	chunks/004/functions-000317.c	-[SCAFriendNearbyFriendsSessionEndEvent setMaxNearbyFriendsCount:]	
10ba79b48	10ba79b9b	decompiled	chunks/004/functions-000317.c	-[SCAFriendNearbyFriendsSessionEndEvent setSessionDurationSec:]	
10ba79b9c	10ba79bef	decompiled	chunks/004/functions-000317.c	-[SCAFriendNearbyFriendsSessionEndEvent setSnapIconClickCount:]	
10ba79bf0	10ba79c43	decompiled	chunks/004/functions-000317.c	-[SCAFriendNearbyFriendsSessionEndEvent setFriendsAddedCount:]	
10ba79c44	10ba79c97	decompiled	chunks/004/functions-000317.c	-[SCAFriendNearbyFriendsSessionEndEvent setProfilePageViewCount:]	
10ba79c98	10ba79c9b	decompiled	chunks/004/functions-000317.c	-[SCAFriendNearbyFriendsSessionEndEvent getFieldNumberToFieldDict]	
10ba79c9c	10ba79ca7	decompiled	chunks/004/functions-000317.c	-[SCAFriendNearbyFriendsSessionEndEvent toProtoWithAllowedFields:]	
10ba79ca8	10ba79caf	decompiled	chunks/004/functions-000317.c	-[SCAFriendNearbyFriendsSessionEndEvent getPayloadIdentifier]	
10ba79cb0	10ba79cbb	decompiled	chunks/004/functions-000317.c	-[SCAFriendPageExit getEventName]	
10ba79cbc	10ba79cc3	decompiled	chunks/004/functions-000317.c	-[SCAFriendPageExit getEventQoS]	
10ba79cc4	10ba79dab	decompiled	chunks/004/functions-000317.c	-[SCAFriendPageExit setFriendSections:]	
10ba79dac	10ba79dff	decompiled	chunks/004/functions-000317.c		
10ba79e00	10ba79e7f	decompiled	chunks/004/functions-000317.c	-[SCAFriendPageExit setPage:]	
10ba79e80	10ba79ed3	decompiled	chunks/004/functions-000317.c	-[SCAFriendPageExit setViewTimeMs:]	
10ba79ed4	10ba79eeb	decompiled	chunks/004/functions-000318.c	-[SCAFriendPageExit setAddFriendsPageSessionId:]	
10ba79eec	10ba79f03	decompiled	chunks/004/functions-000318.c	-[SCAFriendPageExit setFetchRequestId:]	
10ba79f04	10ba79f07	decompiled	chunks/004/functions-000318.c	-[SCAFriendPageExit getFieldNumberToFieldDict]	
10ba79f08	10ba79f13	decompiled	chunks/004/functions-000318.c	-[SCAFriendPageExit toProtoWithAllowedFields:]	
10ba79f14	10ba79f1b	decompiled	chunks/004/functions-000318.c	-[SCAFriendPageExit getPayloadIdentifier]	
10ba79f1c	10ba79f27	decompiled	chunks/004/functions-000318.c	-[SCAFriendPageView getEventName]	
10ba79f28	10ba79f2f	decompiled	chunks/004/functions-000318.c	-[SCAFriendPageView getEventQoS]	
10ba79f30	10ba79faf	decompiled	chunks/004/functions-000318.c	-[SCAFriendPageView setCurrentPage:]	
10ba79fb0	10ba7a02f	decompiled	chunks/004/functions-000318.c	-[SCAFriendPageView setPageEntryType:]	
10ba7a030	10ba7a047	decompiled	chunks/004/functions-000318.c	-[SCAFriendPageView setSourcePage:]	
10ba7a048	10ba7a05f	decompiled	chunks/004/functions-000318.c	-[SCAFriendPageView setAddFriendsPageSessionId:]	
10ba7a060	10ba7a0a7	decompiled	chunks/004/functions-000318.c	-[SCAFriendPageView setAddFriendBadgingInfo:]	
10ba7a0a8	10ba7a0bf	decompiled	chunks/004/functions-000318.c	-[SCAFriendPageView setFetchRequestId:]	
10ba7a0c0	10ba7a0d7	decompiled	chunks/004/functions-000318.c	-[SCAFriendPageView setBadgeId:]	
10ba7a0d8	10ba7a197	decompiled	chunks/004/functions-000318.c	-[SCAFriendPageView prepareDictionary:]	
10ba7a198	10ba7a19b	decompiled	chunks/004/functions-000318.c	-[SCAFriendPageView getFieldNumberToFieldDict]	
10ba7a19c	10ba7a1a7	decompiled	chunks/004/functions-000318.c	-[SCAFriendPageView toProtoWithAllowedFields:]	
10ba7a1a8	10ba7a1af	decompiled	chunks/004/functions-000318.c	-[SCAFriendPageView getPayloadIdentifier]	
10ba7a1b0	10ba7a203	decompiled	chunks/004/functions-000318.c	-[SCAFriendSuggestionDiff setAddedCount:]	
10ba7a204	10ba7a257	decompiled	chunks/004/functions-000318.c	-[SCAFriendSuggestionDiff setModifiedCount:]	
10ba7a258	10ba7a2ab	decompiled	chunks/004/functions-000318.c	-[SCAFriendSuggestionDiff setPurgedCount:]	
10ba7a2ac	10ba7a32b	decompiled	chunks/004/functions-000318.c	-[SCAFriendSuggestionDiff setSuggestionCategory:]	
10ba7a32c	10ba7a37f	decompiled	chunks/004/functions-000318.c	-[SCAFriendSuggestionDiff setFetchedCount:]	
10ba7a380	10ba7a383	decompiled	chunks/004/functions-000318.c	-[SCAFriendSuggestionDiff getFieldNumberToFieldDict]	
10ba7a384	10ba7a38f	decompiled	chunks/004/functions-000318.c	-[SCAFriendSuggestionDiff toProtoWithAllowedFields:]	
10ba7a390	10ba7a397	decompiled	chunks/004/functions-000318.c	-[SCAFriendSuggestionDiff getPayloadIdentifier]	
10ba7a398	10ba7a3a3	decompiled	chunks/004/functions-000318.c	-[SCAFriendSuggestionFetch getEventName]	
10ba7a3a4	10ba7a3ab	decompiled	chunks/004/functions-000318.c	-[SCAFriendSuggestionFetch getEventQoS]	
10ba7a3ac	10ba7a3ff	decompiled	chunks/004/functions-000318.c	-[SCAFriendSuggestionFetch setFetchedCount:]	
10ba7a400	10ba7a453	decompiled	chunks/004/functions-000318.c	-[SCAFriendSuggestionFetch setLastFetchDurationMs:]	
10ba7a454	10ba7a4a7	decompiled	chunks/004/functions-000318.c	-[SCAFriendSuggestionFetch setNetworkLatencyMs:]	
10ba7a4a8	10ba7a4fb	decompiled	chunks/004/functions-000318.c	-[SCAFriendSuggestionFetch setOverallLatencyMs:]	
10ba7a4fc	10ba7a54f	decompiled	chunks/004/functions-000318.c	-[SCAFriendSuggestionFetch setPurgedBeforeImpressCount:]	
10ba7a550	10ba7a597	decompiled	chunks/004/functions-000318.c	-[SCAFriendSuggestionFetch setSuggestionsDiff:]	
10ba7a598	10ba7a617	decompiled	chunks/004/functions-000318.c	-[SCAFriendSuggestionFetch setTrigger:]	
10ba7a618	10ba7a697	decompiled	chunks/004/functions-000318.c	-[SCAFriendSuggestionFetch setTriggerSource:]	
10ba7a698	10ba7a6af	decompiled	chunks/004/functions-000318.c	-[SCAFriendSuggestionFetch setAddFriendsPageSessionId:]	
10ba7a6b0	10ba7a703	decompiled	chunks/004/functions-000318.c	-[SCAFriendSuggestionFetch setBadgedCount:]	
10ba7a704	10ba7a757	decompiled	chunks/004/functions-000318.c	-[SCAFriendSuggestionFetch setLastFetchDurationSec:]	
10ba7a758	10ba7a8ff	decompiled	chunks/004/functions-000318.c	-[SCAFriendSuggestionFetch prepareDictionary:]	
10ba7a900	10ba7a903	decompiled	chunks/004/functions-000318.c	-[SCAFriendSuggestionFetch getFieldNumberToFieldDict]	
10ba7a904	10ba7a90f	decompiled	chunks/004/functions-000318.c	-[SCAFriendSuggestionFetch toProtoWithAllowedFields:]	
10ba7a910	10ba7a917	decompiled	chunks/004/functions-000318.c	-[SCAFriendSuggestionFetch getPayloadIdentifier]	
10ba7a918	10ba7a923	decompiled	chunks/004/functions-000318.c	-[SCAFriendSuggestionFetchTimeout getEventName]	
10ba7a924	10ba7a92b	decompiled	chunks/004/functions-000318.c	-[SCAFriendSuggestionFetchTimeout getEventQoS]	
10ba7a92c	10ba7a937	decompiled	chunks/004/functions-000318.c	-[SCAFriendSuggestionFetchTimeout getPerUserSamplingRateV2]	
10ba7a938	10ba7a94f	decompiled	chunks/004/functions-000318.c	-[SCAFriendSuggestionFetchTimeout setAddFriendsPageSessionId:]	
10ba7a950	10ba7a9a3	decompiled	chunks/004/functions-000318.c	-[SCAFriendSuggestionFetchTimeout setTimeoutDurationMs:]	
10ba7a9a4	10ba7a9a7	decompiled	chunks/004/functions-000318.c	-[SCAFriendSuggestionFetchTimeout getFieldNumberToFieldDict]	
10ba7a9a8	10ba7a9b3	decompiled	chunks/004/functions-000318.c	-[SCAFriendSuggestionFetchTimeout toProtoWithAllowedFields:]	
10ba7a9b4	10ba7a9bb	decompiled	chunks/004/functions-000318.c	-[SCAFriendSuggestionFetchTimeout getPayloadIdentifier]	
10ba7a9bc	10ba7a9c7	decompiled	chunks/004/functions-000318.c	-[SCAFriendSuggestionsFetchError getEventName]	
10ba7a9c8	10ba7a9cf	decompiled	chunks/004/functions-000318.c	-[SCAFriendSuggestionsFetchError getEventQoS]	
10ba7a9d0	10ba7aa4f	decompiled	chunks/004/functions-000318.c	-[SCAFriendSuggestionsFetchError setErrorType:]	
10ba7aa50	10ba7aaa3	decompiled	chunks/004/functions-000318.c	-[SCAFriendSuggestionsFetchError setOverallLatencyMs:]	
10ba7aaa4	10ba7ab23	decompiled	chunks/004/functions-000318.c	-[SCAFriendSuggestionsFetchError setTrigger:]	
10ba7ab24	10ba7aba3	decompiled	chunks/004/functions-000318.c	-[SCAFriendSuggestionsFetchError setTriggerSource:]	
10ba7aba4	10ba7aba7	decompiled	chunks/004/functions-000318.c	-[SCAFriendSuggestionsFetchError getFieldNumberToFieldDict]	
10ba7aba8	10ba7abb3	decompiled	chunks/004/functions-000318.c	-[SCAFriendSuggestionsFetchError toProtoWithAllowedFields:]	
10ba7abb4	10ba7abbb	decompiled	chunks/004/functions-000318.c	-[SCAFriendSuggestionsFetchError getPayloadIdentifier]	
10ba7abbc	10ba7abc7	decompiled	chunks/004/functions-000318.c	-[SCAFriendSuggestionsPopupEvent getEventName]	
10ba7abc8	10ba7abcf	decompiled	chunks/004/functions-000318.c	-[SCAFriendSuggestionsPopupEvent getEventQoS]	
10ba7abd0	10ba7ac4f	decompiled	chunks/004/functions-000318.c	-[SCAFriendSuggestionsPopupEvent setDismissAction:]	
10ba7ac50	10ba7accf	decompiled	chunks/004/functions-000318.c	-[SCAFriendSuggestionsPopupEvent setSourcePage:]	
10ba7acd0	10ba7ad23	decompiled	chunks/004/functions-000318.c	-[SCAFriendSuggestionsPopupEvent setSuggestionsAdded:]	
10ba7ad24	10ba7ad77	decompiled	chunks/004/functions-000318.c	-[SCAFriendSuggestionsPopupEvent setSuggestionsHidden:]	
10ba7ad78	10ba7adcb	decompiled	chunks/004/functions-000318.c	-[SCAFriendSuggestionsPopupEvent setSuggestionsImpressed:]	
10ba7adcc	10ba7ae4b	decompiled	chunks/004/functions-000318.c	-[SCAFriendSuggestionsPopupEvent setTakeoverType:]	
10ba7ae4c	10ba7aecb	decompiled	chunks/004/functions-000318.c	-[SCAFriendSuggestionsPopupEvent setTriggerCondition:]	
10ba7aecc	10ba7af1f	decompiled	chunks/004/functions-000318.c	-[SCAFriendSuggestionsPopupEvent setFirstItemLoadedLatencyMs:]	
10ba7af20	10ba7af73	decompiled	chunks/004/functions-000318.c	-[SCAFriendSuggestionsPopupEvent setSessionTimeMs:]	
10ba7af74	10ba7afc7	decompiled	chunks/004/functions-000318.c	-[SCAFriendSuggestionsPopupEvent setIncomingRequestsAdded:]	
10ba7afc8	10ba7b01b	decompiled	chunks/004/functions-000318.c	-[SCAFriendSuggestionsPopupEvent setIncomingRequestsHidden:]	
10ba7b01c	10ba7b06f	decompiled	chunks/004/functions-000318.c	-[SCAFriendSuggestionsPopupEvent setIncomingRequestsImpressed:]	
10ba7b070	10ba7b073	decompiled	chunks/004/functions-000318.c	-[SCAFriendSuggestionsPopupEvent getFieldNumberToFieldDict]	
10ba7b074	10ba7b07f	decompiled	chunks/004/functions-000318.c	-[SCAFriendSuggestionsPopupEvent toProtoWithAllowedFields:]	
10ba7b080	10ba7b087	decompiled	chunks/004/functions-000318.c	-[SCAFriendSuggestionsPopupEvent getPayloadIdentifier]	
10ba7b088	10ba7b093	decompiled	chunks/004/functions-000318.c	-[SCAFriendingInteractivePopoverEvent getEventName]	
10ba7b094	10ba7b09b	decompiled	chunks/004/functions-000318.c	-[SCAFriendingInteractivePopoverEvent getEventQoS]	
10ba7b09c	10ba7b11b	decompiled	chunks/004/functions-000318.c	-[SCAFriendingInteractivePopoverEvent setAction:]	
10ba7b11c	10ba7b133	decompiled	chunks/004/functions-000318.c	-[SCAFriendingInteractivePopoverEvent setSurfaceName:]	
10ba7b134	10ba7b1b3	decompiled	chunks/004/functions-000318.c	-[SCAFriendingInteractivePopoverEvent setType:]	
10ba7b1b4	10ba7b1cb	decompiled	chunks/004/functions-000318.c	-[SCAFriendingInteractivePopoverEvent setSnapchatterUserId:]	
10ba7b1cc	10ba7b1cf	decompiled	chunks/004/functions-000318.c	-[SCAFriendingInteractivePopoverEvent getFieldNumberToFieldDict]	
10ba7b1d0	10ba7b1db	decompiled	chunks/004/functions-000318.c	-[SCAFriendingInteractivePopoverEvent toProtoWithAllowedFields:]	
10ba7b1dc	10ba7b1e3	decompiled	chunks/004/functions-000318.c	-[SCAFriendingInteractivePopoverEvent getPayloadIdentifier]	
10ba7b1e4	10ba7b1ef	decompiled	chunks/004/functions-000318.c	-[SCAFriendingInteractivePopoverFailureEvent getEventName]	
10ba7b1f0	10ba7b1f7	decompiled	chunks/004/functions-000318.c	-[SCAFriendingInteractivePopoverFailureEvent getEventQoS]	
10ba7b1f8	10ba7b277	decompiled	chunks/004/functions-000318.c	-[SCAFriendingInteractivePopoverFailureEvent setReason:]	
10ba7b278	10ba7b28f	decompiled	chunks/004/functions-000318.c	-[SCAFriendingInteractivePopoverFailureEvent setSnapchatterUserId:]	
10ba7b290	10ba7b293	decompiled	chunks/004/functions-000318.c	-[SCAFriendingInteractivePopoverFailureEvent getFieldNumberToFieldDict]	
10ba7b294	10ba7b29f	decompiled	chunks/004/functions-000318.c	-[SCAFriendingInteractivePopoverFailureEvent toProtoWithAllowedFields:]	
10ba7b2a0	10ba7b2a7	decompiled	chunks/004/functions-000318.c	-[SCAFriendingInteractivePopoverFailureEvent getPayloadIdentifier]	
10ba7b2a8	10ba7b2af	decompiled	chunks/004/functions-000318.c	-[SCAFriendsFetchEvent getEventQoS]	
10ba7b2b0	10ba7b2b3	decompiled	chunks/004/functions-000318.c	-[SCAFriendsFetchEvent getFieldNumberToFieldDict]	
10ba7b2b4	10ba7b2bf	decompiled	chunks/004/functions-000318.c	-[SCAFriendsFetchEvent toProtoWithAllowedFields:]	
10ba7b2c0	10ba7b2c7	decompiled	chunks/004/functions-000318.c	-[SCAFriendsFetchEvent getPayloadIdentifier]	
10ba7b2c8	10ba7b2df	decompiled	chunks/004/functions-000318.c	-[SCAInteractionPlacementInfo setPlacementId:]	
10ba7b2e0	10ba7b2f7	decompiled	chunks/004/functions-000318.c	-[SCAInteractionPlacementInfo setSnapId:]	
10ba7b2f8	10ba7b30f	decompiled	chunks/004/functions-000318.c	-[SCAInteractionPlacementInfo setViewId:]	
10ba7b310	10ba7b313	decompiled	chunks/004/functions-000319.c	-[SCAInteractionPlacementInfo getFieldNumberToFieldDict]	
10ba7b314	10ba7b31f	decompiled	chunks/004/functions-000319.c	-[SCAInteractionPlacementInfo toProtoWithAllowedFields:]	
10ba7b320	10ba7b327	decompiled	chunks/004/functions-000319.c	-[SCAInteractionPlacementInfo getPayloadIdentifier]	
10ba7b328	10ba7b333	decompiled	chunks/004/functions-000319.c	-[SCAPageAddFriendsButtonView getEventName]	
10ba7b334	10ba7b33b	decompiled	chunks/004/functions-000319.c	-[SCAPageAddFriendsButtonView getEventQoS]	
10ba7b33c	10ba7b347	decompiled	chunks/004/functions-000319.c	-[SCAPageAddFriendsButtonView getPerUserSamplingRateV2]	
10ba7b348	10ba7b39b	decompiled	chunks/004/functions-000319.c	-[SCAPageAddFriendsButtonView setHasContactSync:]	
10ba7b39c	10ba7b3ef	decompiled	chunks/004/functions-000319.c	-[SCAPageAddFriendsButtonView setHasPhoneVerify:]	
10ba7b3f0	10ba7b46f	decompiled	chunks/004/functions-000319.c	-[SCAPageAddFriendsButtonView setPage:]	
10ba7b470	10ba7b473	decompiled	chunks/004/functions-000319.c	-[SCAPageAddFriendsButtonView getFieldNumberToFieldDict]	
10ba7b474	10ba7b47f	decompiled	chunks/004/functions-000319.c	-[SCAPageAddFriendsButtonView toProtoWithAllowedFields:]	
10ba7b480	10ba7b487	decompiled	chunks/004/functions-000319.c	-[SCAPageAddFriendsButtonView getPayloadIdentifier]	
10ba7b488	10ba7b493	decompiled	chunks/004/functions-000319.c	-[SCAPageFindFriendsButtonView getEventName]	
10ba7b494	10ba7b49b	decompiled	chunks/004/functions-000319.c	-[SCAPageFindFriendsButtonView getEventQoS]	
10ba7b49c	10ba7b4a7	decompiled	chunks/004/functions-000319.c	-[SCAPageFindFriendsButtonView getPerUserSamplingRateV2]	
10ba7b4a8	10ba7b4fb	decompiled	chunks/004/functions-000319.c	-[SCAPageFindFriendsButtonView setHasContactSync:]	
10ba7b4fc	10ba7b54f	decompiled	chunks/004/functions-000319.c	-[SCAPageFindFriendsButtonView setHasPhoneVerify:]	
10ba7b550	10ba7b5cf	decompiled	chunks/004/functions-000319.c	-[SCAPageFindFriendsButtonView setPage:]	
10ba7b5d0	10ba7b5d3	decompiled	chunks/004/functions-000319.c	-[SCAPageFindFriendsButtonView getFieldNumberToFieldDict]	
10ba7b5d4	10ba7b5df	decompiled	chunks/004/functions-000319.c	-[SCAPageFindFriendsButtonView toProtoWithAllowedFields:]	
10ba7b5e0	10ba7b5e7	decompiled	chunks/004/functions-000319.c	-[SCAPageFindFriendsButtonView getPayloadIdentifier]	
10ba7b5e8	10ba7b5f3	decompiled	chunks/004/functions-000319.c	-[SCAPendingFriendRequestReminderNotificationDisplayed getEventName]	
10ba7b5f4	10ba7b5fb	decompiled	chunks/004/functions-000319.c	-[SCAPendingFriendRequestReminderNotificationDisplayed getEventQoS]	
10ba7b5fc	10ba7b64f	decompiled	chunks/004/functions-000319.c	-[SCAPendingFriendRequestReminderNotificationDisplayed setPayloadUserIdCount:]	
10ba7b650	10ba7b6a3	decompiled	chunks/004/functions-000319.c	-[SCAPendingFriendRequestReminderNotificationDisplayed setValidUserIdCount:]	
10ba7b6a4	10ba7b6a7	decompiled	chunks/004/functions-000319.c	-[SCAPendingFriendRequestReminderNotificationDisplayed getFieldNumberToFieldDict]	
10ba7b6a8	10ba7b6b3	decompiled	chunks/004/functions-000319.c	-[SCAPendingFriendRequestReminderNotificationDisplayed toProtoWithAllowedFields:]	
10ba7b6b4	10ba7b71b	decompiled	chunks/004/functions-000319.c	-[SCAPendingFriendRequestReminderNotificationDisplayed getPayloadIdentifier]	
10ba7b71c	10ba7b727	decompiled	chunks/004/functions-000319.c	-[SCAFeedPromptTap getEventName]	
10ba7b728	10ba7b72f	decompiled	chunks/004/functions-000319.c	-[SCAFeedPromptTap getEventQoS]	
10ba7b730	10ba7b7af	decompiled	chunks/004/functions-000319.c	-[SCAFeedPromptTap setPromptAction:]	
10ba7b7b0	10ba7b82f	decompiled	chunks/004/functions-000319.c	-[SCAFeedPromptTap setPromptDestination:]	
10ba7b830	10ba7b833	decompiled	chunks/004/functions-000319.c	-[SCAFeedPromptTap getFieldNumberToFieldDict]	
10ba7b834	10ba7b83f	decompiled	chunks/004/functions-000319.c	-[SCAFeedPromptTap toProtoWithAllowedFields:]	
10ba7b840	10ba7b847	decompiled	chunks/004/functions-000319.c	-[SCAFeedPromptTap getPayloadIdentifier]	
10ba7b848	10ba7b853	decompiled	chunks/004/functions-000319.c	-[SCANotificationEnableDialogResponse getEventName]	
10ba7b854	10ba7b85b	decompiled	chunks/004/functions-000319.c	-[SCANotificationEnableDialogResponse getEventQoS]	
10ba7b85c	10ba7b8db	decompiled	chunks/004/functions-000319.c	-[SCANotificationEnableDialogResponse setDialogActionType:]	
10ba7b8dc	10ba7b8df	decompiled	chunks/004/functions-000319.c	-[SCANotificationEnableDialogResponse getFieldNumberToFieldDict]	
10ba7b8e0	10ba7b8eb	decompiled	chunks/004/functions-000319.c	-[SCANotificationEnableDialogResponse toProtoWithAllowedFields:]	
10ba7b8ec	10ba7b8f3	decompiled	chunks/004/functions-000319.c	-[SCANotificationEnableDialogResponse getPayloadIdentifier]	
10ba7b8f4	10ba7b8ff	decompiled	chunks/004/functions-000319.c	-[SCANotificationSettingsPageView getEventName]	
10ba7b900	10ba7b907	decompiled	chunks/004/functions-000319.c	-[SCANotificationSettingsPageView getEventQoS]	
10ba7b908	10ba7b91f	decompiled	chunks/004/functions-000319.c	-[SCANotificationSettingsPageView setNotificationId:]	
10ba7b920	10ba7b937	decompiled	chunks/004/functions-000319.c	-[SCANotificationSettingsPageView setNotificationType:]	
10ba7b938	10ba7b9b7	decompiled	chunks/004/functions-000319.c	-[SCANotificationSettingsPageView setSource:]	
10ba7b9b8	10ba7b9bb	decompiled	chunks/004/functions-000319.c	-[SCANotificationSettingsPageView getFieldNumberToFieldDict]	
10ba7b9bc	10ba7b9c7	decompiled	chunks/004/functions-000319.c	-[SCANotificationSettingsPageView toProtoWithAllowedFields:]	
10ba7b9c8	10ba7b9cf	decompiled	chunks/004/functions-000319.c	-[SCANotificationSettingsPageView getPayloadIdentifier]	
10ba7b9d0	10ba7b9db	decompiled	chunks/004/functions-000319.c	-[SCANotificationsSettingsSettingUpdate getEventName]	
10ba7b9dc	10ba7b9e3	decompiled	chunks/004/functions-000319.c	-[SCANotificationsSettingsSettingUpdate getEventQoS]	
10ba7b9e4	10ba7b9ef	decompiled	chunks/004/functions-000319.c	-[SCANotificationsSettingsSettingUpdate getPerUserSamplingRateV2]	
10ba7b9f0	10ba7ba43	decompiled	chunks/004/functions-000319.c	-[SCANotificationsSettingsSettingUpdate setNewValue:]	
10ba7ba44	10ba7ba97	decompiled	chunks/004/functions-000319.c	-[SCANotificationsSettingsSettingUpdate setOldValue:]	
10ba7ba98	10ba7baaf	decompiled	chunks/004/functions-000319.c	-[SCANotificationsSettingsSettingUpdate setSettingName:]	
10ba7bab0	10ba7bb03	decompiled	chunks/004/functions-000319.c	-[SCANotificationsSettingsSettingUpdate setIsDeviceLevelSetting:]	
10ba7bb04	10ba7bb07	decompiled	chunks/004/functions-000319.c	-[SCANotificationsSettingsSettingUpdate getFieldNumberToFieldDict]	
10ba7bb08	10ba7bb13	decompiled	chunks/004/functions-000319.c	-[SCANotificationsSettingsSettingUpdate toProtoWithAllowedFields:]	
10ba7bb14	10ba7bbbf	decompiled	chunks/004/functions-000319.c	-[SCANotificationsSettingsSettingUpdate getPayloadIdentifier]	
10ba7bbc0	10ba7bbcb	decompiled	chunks/004/functions-000319.c	-[SCAInSettingReportCancel getEventName]	
10ba7bbcc	10ba7bbd3	decompiled	chunks/004/functions-000319.c	-[SCAInSettingReportCancel getEventQoS]	
10ba7bbd4	10ba7bbeb	decompiled	chunks/004/functions-000319.c	-[SCAInSettingReportCancel setPageName:]	
10ba7bbec	10ba7bc03	decompiled	chunks/004/functions-000319.c	-[SCAInSettingReportCancel setTicketId:]	
10ba7bc04	10ba7bc57	decompiled	chunks/004/functions-000319.c	-[SCAInSettingReportCancel setWithTopicRequired:]	
10ba7bc58	10ba7bc5b	decompiled	chunks/004/functions-000319.c	-[SCAInSettingReportCancel getFieldNumberToFieldDict]	
10ba7bc5c	10ba7bc67	decompiled	chunks/004/functions-000319.c	-[SCAInSettingReportCancel toProtoWithAllowedFields:]	
10ba7bc68	10ba7bc6f	decompiled	chunks/004/functions-000319.c	-[SCAInSettingReportCancel getPayloadIdentifier]	
10ba7bc70	10ba7bc7b	decompiled	chunks/004/functions-000319.c	-[SCAInSettingReportSubmit getEventName]	
10ba7bc7c	10ba7bc83	decompiled	chunks/004/functions-000319.c	-[SCAInSettingReportSubmit getEventQoS]	
10ba7bc84	10ba7bc8f	decompiled	chunks/004/functions-000319.c	-[SCAInSettingReportSubmit getPerUserSamplingRateV2]	
10ba7bc90	10ba7bca7	decompiled	chunks/004/functions-000319.c	-[SCAInSettingReportSubmit setPageName:]	
10ba7bca8	10ba7bcbf	decompiled	chunks/004/functions-000319.c	-[SCAInSettingReportSubmit setTicketId:]	
10ba7bcc0	10ba7bcd7	decompiled	chunks/004/functions-000319.c	-[SCAInSettingReportSubmit setTopicName:]	
10ba7bcd8	10ba7bd2b	decompiled	chunks/004/functions-000319.c	-[SCAInSettingReportSubmit setWithScreenshot:]	
10ba7bd2c	10ba7bd7f	decompiled	chunks/004/functions-000319.c	-[SCAInSettingReportSubmit setWithTopicRequired:]	
10ba7bd80	10ba7bd83	decompiled	chunks/004/functions-000319.c	-[SCAInSettingReportSubmit getFieldNumberToFieldDict]	
10ba7bd84	10ba7bd8f	decompiled	chunks/004/functions-000319.c	-[SCAInSettingReportSubmit toProtoWithAllowedFields:]	
10ba7bd90	10ba7bd97	decompiled	chunks/004/functions-000319.c	-[SCAInSettingReportSubmit getPayloadIdentifier]	
10ba7bd98	10ba7bda3	decompiled	chunks/004/functions-000319.c	-[SCAInSettingSupportExit getEventName]	
10ba7bda4	10ba7bdab	decompiled	chunks/004/functions-000319.c	-[SCAInSettingSupportExit getEventQoS]	
10ba7bdac	10ba7bdb7	decompiled	chunks/004/functions-000319.c	-[SCAInSettingSupportExit getPerUserSamplingRateV2]	
10ba7bdb8	10ba7be37	decompiled	chunks/004/functions-000319.c	-[SCAInSettingSupportExit setFromSourcePage:]	
10ba7be38	10ba7be3b	decompiled	chunks/004/functions-000319.c	-[SCAInSettingSupportExit getFieldNumberToFieldDict]	
10ba7be3c	10ba7be47	decompiled	chunks/004/functions-000319.c	-[SCAInSettingSupportExit toProtoWithAllowedFields:]	
10ba7be48	10ba7be4f	decompiled	chunks/004/functions-000319.c	-[SCAInSettingSupportExit getPayloadIdentifier]	
10ba7be50	10ba7be5b	decompiled	chunks/004/functions-000319.c	-[SCAInsightsMetricKit getEventName]	
10ba7be5c	10ba7be63	decompiled	chunks/004/functions-000319.c	-[SCAInsightsMetricKit getEventQoS]	
10ba7be64	10ba7beb7	decompiled	chunks/004/functions-000319.c	-[SCAInsightsMetricKit setAveragePixelLuminanceSampleCount:]	
10ba7beb8	10ba7bf0b	decompiled	chunks/004/functions-000319.c	-[SCAInsightsMetricKit setAveragePixelLuminanceStdDev:]	
10ba7bf0c	10ba7bf5f	decompiled	chunks/004/functions-000319.c	-[SCAInsightsMetricKit setAveragePixelLuminanceValue:]	
10ba7bf60	10ba7bfb3	decompiled	chunks/004/functions-000319.c	-[SCAInsightsMetricKit setAverageSuspendedMemorySampleCount:]	
10ba7bfb4	10ba7c007	decompiled	chunks/004/functions-000319.c	-[SCAInsightsMetricKit setAverageSuspendedMemoryStdDev:]	
10ba7c008	10ba7c05b	decompiled	chunks/004/functions-000319.c	-[SCAInsightsMetricKit setAverageSuspendedMemoryValue:]	
10ba7c05c	10ba7c0a3	decompiled	chunks/004/functions-000319.c	-[SCAInsightsMetricKit setCellularConditionMetrics:]	
10ba7c0a4	10ba7c0f7	decompiled	chunks/004/functions-000319.c	-[SCAInsightsMetricKit setCumulativeBackgroundAbnormalExitCount:]	
10ba7c0f8	10ba7c14b	decompiled	chunks/004/functions-000319.c	-[SCAInsightsMetricKit setCumulativeBackgroundAppWatchdogExitCount:]	
10ba7c14c	10ba7c19f	decompiled	chunks/004/functions-000319.c	-[SCAInsightsMetricKit setCumulativeBackgroundAudioTime:]	
10ba7c1a0	10ba7c1f3	decompiled	chunks/004/functions-000319.c	-[SCAInsightsMetricKit setCumulativeBackgroundBadAccessExitCount:]	
10ba7c1f4	10ba7c247	decompiled	chunks/004/functions-000319.c	-[SCAInsightsMetricKit setCumulativeBackgroundCPUResourceLimitExitCount:]	
10ba7c248	10ba7c29b	decompiled	chunks/004/functions-000319.c	-[SCAInsightsMetricKit setCumulativeBackgroundIllegalInstructionExitCount:]	
