address	end_address	status	pseudocode_file	runtime_label	error
10ba95528	10ba9557b	decompiled	chunks/005/functions-000340.c	-[SCAMapTrayClose setSearchTapCount:]	
10ba9557c	10ba955c3	decompiled	chunks/005/functions-000340.c	-[SCAMapTrayClose setSectionSummaries:]	
10ba955c4	10ba95617	decompiled	chunks/005/functions-000340.c	-[SCAMapTrayClose setTraySessionId:]	
10ba95618	10ba95697	decompiled	chunks/005/functions-000340.c	-[SCAMapTrayClose setType:]	
10ba95698	10ba956eb	decompiled	chunks/005/functions-000340.c	-[SCAMapTrayClose setWorldUpdateStoryViewCount:]	
10ba956ec	10ba95893	decompiled	chunks/005/functions-000340.c	-[SCAMapTrayClose prepareDictionary:]	
10ba95894	10ba95897	decompiled	chunks/005/functions-000340.c	-[SCAMapTrayClose getFieldNumberToFieldDict]	
10ba95898	10ba958a3	decompiled	chunks/005/functions-000340.c	-[SCAMapTrayClose toProtoWithAllowedFields:]	
10ba958a4	10ba958ab	decompiled	chunks/005/functions-000340.c	-[SCAMapTrayClose getPayloadIdentifier]	
10ba958ac	10ba958b7	decompiled	chunks/005/functions-000340.c	-[SCAMapTrayCollapsedView getEventName]	
10ba958b8	10ba958bf	decompiled	chunks/005/functions-000340.c	-[SCAMapTrayCollapsedView getEventQoS]	
10ba958c0	10ba958cb	decompiled	chunks/005/functions-000340.c	-[SCAMapTrayCollapsedView getPerUserSamplingRateV2]	
10ba958cc	10ba9591f	decompiled	chunks/005/functions-000340.c	-[SCAMapTrayCollapsedView setMapSessionId:]	
10ba95920	10ba9599f	decompiled	chunks/005/functions-000340.c	-[SCAMapTrayCollapsedView setType:]	
10ba959a0	10ba959a3	decompiled	chunks/005/functions-000340.c	-[SCAMapTrayCollapsedView getFieldNumberToFieldDict]	
10ba959a4	10ba959af	decompiled	chunks/005/functions-000340.c	-[SCAMapTrayCollapsedView toProtoWithAllowedFields:]	
10ba959b0	10ba959b7	decompiled	chunks/005/functions-000340.c	-[SCAMapTrayCollapsedView getPayloadIdentifier]	
10ba959b8	10ba959c3	decompiled	chunks/005/functions-000340.c	-[SCAMapTrayOpen getEventName]	
10ba959c4	10ba959cb	decompiled	chunks/005/functions-000340.c	-[SCAMapTrayOpen getEventQoS]	
10ba959cc	10ba95a1f	decompiled	chunks/005/functions-000340.c	-[SCAMapTrayOpen setMapBestFriendCount:]	
10ba95a20	10ba95a73	decompiled	chunks/005/functions-000340.c	-[SCAMapTrayOpen setMapSessionId:]	
10ba95a74	10ba95abb	decompiled	chunks/005/functions-000340.c	-[SCAMapTrayOpen setSectionSummaries:]	
10ba95abc	10ba95b3b	decompiled	chunks/005/functions-000340.c	-[SCAMapTrayOpen setSource:]	
10ba95b3c	10ba95b8f	decompiled	chunks/005/functions-000340.c	-[SCAMapTrayOpen setTraySessionId:]	
10ba95b90	10ba95c0f	decompiled	chunks/005/functions-000340.c	-[SCAMapTrayOpen setType:]	
10ba95c10	10ba95c63	decompiled	chunks/005/functions-000340.c	-[SCAMapTrayOpen setUnseenItemCount:]	
10ba95c64	10ba95cb7	decompiled	chunks/005/functions-000340.c	-[SCAMapTrayOpen setMapViewportSessionId:]	
10ba95cb8	10ba95e5f	decompiled	chunks/005/functions-000340.c	-[SCAMapTrayOpen prepareDictionary:]	
10ba95e60	10ba95e63	decompiled	chunks/005/functions-000340.c	-[SCAMapTrayOpen getFieldNumberToFieldDict]	
10ba95e64	10ba95e6f	decompiled	chunks/005/functions-000340.c	-[SCAMapTrayOpen toProtoWithAllowedFields:]	
10ba95e70	10ba95e77	decompiled	chunks/005/functions-000340.c	-[SCAMapTrayOpen getPayloadIdentifier]	
10ba95e78	10ba95ecb	decompiled	chunks/005/functions-000340.c	-[SCAMapTraySectionSummary setFailedLoading:]	
10ba95ecc	10ba95f1f	decompiled	chunks/005/functions-000340.c	-[SCAMapTraySectionSummary setIsLoading:]	
10ba95f20	10ba95f73	decompiled	chunks/005/functions-000340.c	-[SCAMapTraySectionSummary setItemCount:]	
10ba95f74	10ba95ff3	decompiled	chunks/005/functions-000340.c	-[SCAMapTraySectionSummary setSection:]	
10ba95ff4	10ba96047	decompiled	chunks/005/functions-000340.c	-[SCAMapTraySectionSummary setTotalItemHighlightCount:]	
10ba96048	10ba9609b	decompiled	chunks/005/functions-000340.c	-[SCAMapTraySectionSummary setUniqueItemHighlightCount:]	
10ba9609c	10ba9609f	decompiled	chunks/005/functions-000340.c	-[SCAMapTraySectionSummary getFieldNumberToFieldDict]	
10ba960a0	10ba960ab	decompiled	chunks/005/functions-000340.c	-[SCAMapTraySectionSummary toProtoWithAllowedFields:]	
10ba960ac	10ba960b3	decompiled	chunks/005/functions-000340.c	-[SCAMapTraySectionSummary getPayloadIdentifier]	
10ba960b4	10ba960bf	decompiled	chunks/005/functions-000340.c	-[SCAMapTtpAction getEventName]	
10ba960c0	10ba960c7	decompiled	chunks/005/functions-000340.c	-[SCAMapTtpAction getEventQoS]	
10ba960c8	10ba9611b	decompiled	chunks/005/functions-000340.c	-[SCAMapTtpAction setDistanceFromFriendMinMeter:]	
10ba9611c	10ba9616f	decompiled	chunks/005/functions-000340.c	-[SCAMapTtpAction setDistanceFromUserMeter:]	
10ba96170	10ba961c3	decompiled	chunks/005/functions-000340.c	-[SCAMapTtpAction setLat:]	
10ba961c4	10ba96217	decompiled	chunks/005/functions-000340.c	-[SCAMapTtpAction setLng:]	
10ba96218	10ba9622f	decompiled	chunks/005/functions-000340.c	-[SCAMapTtpAction setMapPoiId:]	
10ba96230	10ba96283	decompiled	chunks/005/functions-000340.c	-[SCAMapTtpAction setMapSessionId:]	
10ba96284	10ba96303	decompiled	chunks/005/functions-000340.c	-[SCAMapTtpAction setMapTapToPlayResult:]	
10ba96304	10ba96357	decompiled	chunks/005/functions-000340.c	-[SCAMapTtpAction setZoom:]	
10ba96358	10ba963ab	decompiled	chunks/005/functions-000340.c	-[SCAMapTtpAction setMapViewportSessionId:]	
10ba963ac	10ba963ff	decompiled	chunks/005/functions-000340.c	-[SCAMapTtpAction setTapToResultTimeMs:]	
10ba96400	10ba96403	decompiled	chunks/005/functions-000340.c	-[SCAMapTtpAction getFieldNumberToFieldDict]	
10ba96404	10ba9640f	decompiled	chunks/005/functions-000340.c	-[SCAMapTtpAction toProtoWithAllowedFields:]	
10ba96410	10ba96417	decompiled	chunks/005/functions-000340.c	-[SCAMapTtpAction getPayloadIdentifier]	
10ba96418	10ba96423	decompiled	chunks/005/functions-000340.c	-[SCAMapUserLocationSharingNotifTap getEventName]	
10ba96424	10ba9642b	decompiled	chunks/005/functions-000340.c	-[SCAMapUserLocationSharingNotifTap getEventQoS]	
10ba9642c	10ba964ab	decompiled	chunks/005/functions-000340.c	-[SCAMapUserLocationSharingNotifTap setLocationSharingSetting:]	
10ba964ac	10ba964ff	decompiled	chunks/005/functions-000340.c	-[SCAMapUserLocationSharingNotifTap setMapNotifSessionId:]	
10ba96500	10ba96553	decompiled	chunks/005/functions-000340.c	-[SCAMapUserLocationSharingNotifTap setViewTimeSec:]	
10ba96554	10ba96557	decompiled	chunks/005/functions-000340.c	-[SCAMapUserLocationSharingNotifTap getFieldNumberToFieldDict]	
10ba96558	10ba96563	decompiled	chunks/005/functions-000340.c	-[SCAMapUserLocationSharingNotifTap toProtoWithAllowedFields:]	
10ba96564	10ba9656b	decompiled	chunks/005/functions-000340.c	-[SCAMapUserLocationSharingNotifTap getPayloadIdentifier]	
10ba9656c	10ba96577	decompiled	chunks/005/functions-000340.c	-[SCAMapUserLocationSharingNotifView getEventName]	
10ba96578	10ba9657f	decompiled	chunks/005/functions-000340.c	-[SCAMapUserLocationSharingNotifView getEventQoS]	
10ba96580	10ba965d3	decompiled	chunks/005/functions-000340.c	-[SCAMapUserLocationSharingNotifView setBlocklistFriendCount:]	
10ba965d4	10ba96627	decompiled	chunks/005/functions-000340.c	-[SCAMapUserLocationSharingNotifView setCustomFriendCount:]	
10ba96628	10ba966a7	decompiled	chunks/005/functions-000340.c	-[SCAMapUserLocationSharingNotifView setDeviceSharingSetting:]	
10ba966a8	10ba966fb	decompiled	chunks/005/functions-000340.c	-[SCAMapUserLocationSharingNotifView setIsDevicePreciseLocation:]	
10ba966fc	10ba9677b	decompiled	chunks/005/functions-000340.c	-[SCAMapUserLocationSharingNotifView setLocationSharingSetting:]	
10ba9677c	10ba967cf	decompiled	chunks/005/functions-000340.c	-[SCAMapUserLocationSharingNotifView setMapFriendCount:]	
10ba967d0	10ba96823	decompiled	chunks/005/functions-000340.c	-[SCAMapUserLocationSharingNotifView setMapNotifSessionId:]	
10ba96824	10ba96827	decompiled	chunks/005/functions-000340.c	-[SCAMapUserLocationSharingNotifView getFieldNumberToFieldDict]	
10ba96828	10ba96833	decompiled	chunks/005/functions-000340.c	-[SCAMapUserLocationSharingNotifView toProtoWithAllowedFields:]	
10ba96834	10ba9683b	decompiled	chunks/005/functions-000340.c	-[SCAMapUserLocationSharingNotifView getPayloadIdentifier]	
10ba9683c	10ba96847	decompiled	chunks/005/functions-000340.c	-[SCAMapUserLocationSharingSetting getEventName]	
10ba96848	10ba9684f	decompiled	chunks/005/functions-000340.c	-[SCAMapUserLocationSharingSetting getEventQoS]	
10ba96850	10ba968a3	decompiled	chunks/005/functions-000340.c	-[SCAMapUserLocationSharingSetting setBlacklistFriendCount:]	
10ba968a4	10ba968f7	decompiled	chunks/005/functions-000340.c	-[SCAMapUserLocationSharingSetting setCustomFriendCount:]	
10ba968f8	10ba9694b	decompiled	chunks/005/functions-000340.c	-[SCAMapUserLocationSharingSetting setDurationOfGhostModeSeconds:]	
10ba9694c	10ba9699f	decompiled	chunks/005/functions-000340.c	-[SCAMapUserLocationSharingSetting setHasUserOnboarded:]	
10ba969a0	10ba96a1f	decompiled	chunks/005/functions-000340.c	-[SCAMapUserLocationSharingSetting setLocationSharingSetting:]	
10ba96a20	10ba96a9f	decompiled	chunks/005/functions-000340.c	-[SCAMapUserLocationSharingSetting setLocationSharingSettingUpdateType:]	
10ba96aa0	10ba96af3	decompiled	chunks/005/functions-000340.c	-[SCAMapUserLocationSharingSetting setMapSessionId:]	
10ba96af4	10ba96b73	decompiled	chunks/005/functions-000340.c	-[SCAMapUserLocationSharingSetting setPreviousLocationSharingSetting:]	
10ba96b74	10ba96bf3	decompiled	chunks/005/functions-000340.c	-[SCAMapUserLocationSharingSetting setSource:]	
10ba96bf4	10ba96c0b	decompiled	chunks/005/functions-000340.c	-[SCAMapUserLocationSharingSetting setLiveLocationSharingWithGuid:]	
10ba96c0c	10ba96c23	decompiled	chunks/005/functions-000340.c	-[SCAMapUserLocationSharingSetting setMapLiveLocationSharingSessionId:]	
10ba96c24	10ba96ca3	decompiled	chunks/005/functions-000340.c	-[SCAMapUserLocationSharingSetting setDeviceSharingSetting:]	
10ba96ca4	10ba96cf7	decompiled	chunks/005/functions-000340.c	-[SCAMapUserLocationSharingSetting setIsDevicePreciseLocation:]	
10ba96cf8	10ba96d4b	decompiled	chunks/005/functions-000340.c	-[SCAMapUserLocationSharingSetting setMapNotifSessionId:]	
10ba96d4c	10ba96d4f	decompiled	chunks/005/functions-000340.c	-[SCAMapUserLocationSharingSetting getFieldNumberToFieldDict]	
10ba96d50	10ba96d5b	decompiled	chunks/005/functions-000340.c	-[SCAMapUserLocationSharingSetting toProtoWithAllowedFields:]	
10ba96d5c	10ba96d63	decompiled	chunks/005/functions-000340.c	-[SCAMapUserLocationSharingSetting getPayloadIdentifier]	
10ba96d64	10ba96d6f	decompiled	chunks/005/functions-000340.c	-[SCAMapUserView getEventName]	
10ba96d70	10ba96d77	decompiled	chunks/005/functions-000340.c	-[SCAMapUserView getEventQoS]	
10ba96d78	10ba96df7	decompiled	chunks/005/functions-000340.c	-[SCAMapUserView setAction:]	
10ba96df8	10ba96e4b	decompiled	chunks/005/functions-000340.c	-[SCAMapUserView setDistanceFromUserMeter:]	
10ba96e4c	10ba96e9f	decompiled	chunks/005/functions-000340.c	-[SCAMapUserView setIsTargetHighlighted:]	
10ba96ea0	10ba96ef3	decompiled	chunks/005/functions-000340.c	-[SCAMapUserView setMapBestFriendCount:]	
10ba96ef4	10ba96f47	decompiled	chunks/005/functions-000341.c	-[SCAMapUserView setMapFriendCount:]	
10ba96f48	10ba96f9b	decompiled	chunks/005/functions-000341.c	-[SCAMapUserView setMapSessionId:]	
10ba96f9c	10ba9701b	decompiled	chunks/005/functions-000341.c	-[SCAMapUserView setSource:]	
10ba9701c	10ba9706f	decompiled	chunks/005/functions-000341.c	-[SCAMapUserView setTargetCount:]	
10ba97070	10ba970c3	decompiled	chunks/005/functions-000341.c	-[SCAMapUserView setTargetUnviewedStatusCount:]	
10ba970c4	10ba970db	decompiled	chunks/005/functions-000341.c	-[SCAMapUserView setTargetUserGuids:]	
10ba970dc	10ba970f3	decompiled	chunks/005/functions-000341.c	-[SCAMapUserView setTargetUserIds:]	
10ba970f4	10ba97147	decompiled	chunks/005/functions-000341.c	-[SCAMapUserView setTargetViewedBestFriendCount:]	
10ba97148	10ba9719b	decompiled	chunks/005/functions-000341.c	-[SCAMapUserView setTargetViewedStatusCount:]	
10ba9719c	10ba971ef	decompiled	chunks/005/functions-000341.c	-[SCAMapUserView setViewportFriendCount:]	
10ba971f0	10ba97243	decompiled	chunks/005/functions-000341.c	-[SCAMapUserView setZoomLevel:]	
10ba97244	10ba9725b	decompiled	chunks/005/functions-000341.c	-[SCAMapUserView setMapLiveLocationSharingSessionId:]	
10ba9725c	10ba972af	decompiled	chunks/005/functions-000341.c	-[SCAMapUserView setTargetLiveLocationSharingCount:]	
10ba972b0	10ba972c7	decompiled	chunks/005/functions-000341.c	-[SCAMapUserView setExtra:]	
10ba972c8	10ba9731b	decompiled	chunks/005/functions-000341.c	-[SCAMapUserView setMapViewportSessionId:]	
10ba9731c	10ba9736f	decompiled	chunks/005/functions-000341.c	-[SCAMapUserView setMapFooterActionId:]	
10ba97370	10ba97373	decompiled	chunks/005/functions-000341.c	-[SCAMapUserView getFieldNumberToFieldDict]	
10ba97374	10ba9737f	decompiled	chunks/005/functions-000341.c	-[SCAMapUserView toProtoWithAllowedFields:]	
10ba97380	10ba97387	decompiled	chunks/005/functions-000341.c	-[SCAMapUserView getPayloadIdentifier]	
10ba97388	10ba97393	decompiled	chunks/005/functions-000341.c	-[SCAMapUserViewActionmoji getEventName]	
10ba97394	10ba9739b	decompiled	chunks/005/functions-000341.c	-[SCAMapUserViewActionmoji getEventQoS]	
10ba9739c	10ba9741b	decompiled	chunks/005/functions-000341.c	-[SCAMapUserViewActionmoji setAction:]	
10ba9741c	10ba9746f	decompiled	chunks/005/functions-000341.c	-[SCAMapUserViewActionmoji setActionmojiAutoAssigned:]	
10ba97470	10ba974c3	decompiled	chunks/005/functions-000341.c	-[SCAMapUserViewActionmoji setMapSessionId:]	
10ba974c4	10ba97543	decompiled	chunks/005/functions-000341.c	-[SCAMapUserViewActionmoji setSource:]	
10ba97544	10ba9755b	decompiled	chunks/005/functions-000341.c	-[SCAMapUserViewActionmoji setTargetActionmojiStickerId:]	
10ba9755c	10ba97573	decompiled	chunks/005/functions-000341.c	-[SCAMapUserViewActionmoji setTargetUserGuid:]	
10ba97574	10ba97577	decompiled	chunks/005/functions-000341.c	-[SCAMapUserViewActionmoji getFieldNumberToFieldDict]	
10ba97578	10ba97583	decompiled	chunks/005/functions-000341.c	-[SCAMapUserViewActionmoji toProtoWithAllowedFields:]	
10ba97584	10ba9758b	decompiled	chunks/005/functions-000341.c	-[SCAMapUserViewActionmoji getPayloadIdentifier]	
10ba9758c	10ba97597	decompiled	chunks/005/functions-000341.c	-[SCAMapUserViewActionmojiSensitive getEventName]	
10ba97598	10ba9759f	decompiled	chunks/005/functions-000341.c	-[SCAMapUserViewActionmojiSensitive getEventQoS]	
10ba975a0	10ba975ab	decompiled	chunks/005/functions-000341.c	-[SCAMapUserViewActionmojiSensitive getPerUserSamplingRateV2]	
10ba975ac	10ba9762b	decompiled	chunks/005/functions-000341.c	-[SCAMapUserViewActionmojiSensitive setAction:]	
10ba9762c	10ba9767f	decompiled	chunks/005/functions-000341.c	-[SCAMapUserViewActionmojiSensitive setActionmojiAutoAssigned:]	
10ba97680	10ba976d3	decompiled	chunks/005/functions-000341.c	-[SCAMapUserViewActionmojiSensitive setMapSessionId:]	
10ba976d4	10ba97753	decompiled	chunks/005/functions-000341.c	-[SCAMapUserViewActionmojiSensitive setSource:]	
10ba97754	10ba9776b	decompiled	chunks/005/functions-000341.c	-[SCAMapUserViewActionmojiSensitive setTargetActionmojiStickerId:]	
10ba9776c	10ba97783	decompiled	chunks/005/functions-000341.c	-[SCAMapUserViewActionmojiSensitive setTargetUserGuid:]	
10ba97784	10ba97787	decompiled	chunks/005/functions-000341.c	-[SCAMapUserViewActionmojiSensitive getFieldNumberToFieldDict]	
10ba97788	10ba97793	decompiled	chunks/005/functions-000341.c	-[SCAMapUserViewActionmojiSensitive toProtoWithAllowedFields:]	
10ba97794	10ba9779b	decompiled	chunks/005/functions-000341.c	-[SCAMapUserViewActionmojiSensitive getPayloadIdentifier]	
10ba9779c	10ba977b3	decompiled	chunks/005/functions-000341.c	-[SCAMapViewportContext setName:]	
10ba977b4	10ba97833	decompiled	chunks/005/functions-000341.c	-[SCAMapViewportContext setType:]	
10ba97834	10ba97837	decompiled	chunks/005/functions-000341.c	-[SCAMapViewportContext getFieldNumberToFieldDict]	
10ba97838	10ba97843	decompiled	chunks/005/functions-000341.c	-[SCAMapViewportContext toProtoWithAllowedFields:]	
10ba97844	10ba9784b	decompiled	chunks/005/functions-000341.c	-[SCAMapViewportContext getPayloadIdentifier]	
10ba9784c	10ba97863	decompiled	chunks/005/functions-000341.c	-[SCAMapViewportItem setActionmojiId:]	
10ba97864	10ba9787b	decompiled	chunks/005/functions-000341.c	-[SCAMapViewportItem setId:]	
10ba9787c	10ba978cf	decompiled	chunks/005/functions-000341.c	-[SCAMapViewportItem setIsBestFriend:]	
10ba978d0	10ba97923	decompiled	chunks/005/functions-000341.c	-[SCAMapViewportItem setIsFavorited:]	
10ba97924	10ba97977	decompiled	chunks/005/functions-000341.c	-[SCAMapViewportItem setIsPopularWithFriends:]	
10ba97978	10ba979cb	decompiled	chunks/005/functions-000341.c	-[SCAMapViewportItem setIsPromoted:]	
10ba979cc	10ba97a1f	decompiled	chunks/005/functions-000341.c	-[SCAMapViewportItem setIsRecentlyVisited:]	
10ba97a20	10ba97a37	decompiled	chunks/005/functions-000341.c	-[SCAMapViewportItem setLabels:]	
10ba97a38	10ba97a4f	decompiled	chunks/005/functions-000341.c	-[SCAMapViewportItem setOrigin:]	
10ba97a50	10ba97acf	decompiled	chunks/005/functions-000341.c	-[SCAMapViewportItem setScreenLocation:]	
10ba97ad0	10ba97b4f	decompiled	chunks/005/functions-000341.c	-[SCAMapViewportItem setType:]	
10ba97b50	10ba97b67	decompiled	chunks/005/functions-000341.c	-[SCAMapViewportItem setServerRankingId:]	
10ba97b68	10ba97b7f	decompiled	chunks/005/functions-000341.c	-[SCAMapViewportItem setAnnotations:]	
10ba97b80	10ba97b97	decompiled	chunks/005/functions-000341.c	-[SCAMapViewportItem setVisualVariant:]	
10ba97b98	10ba97beb	decompiled	chunks/005/functions-000341.c	-[SCAMapViewportItem setScreenLocationX:]	
10ba97bec	10ba97c3f	decompiled	chunks/005/functions-000341.c	-[SCAMapViewportItem setScreenLocationY:]	
10ba97c40	10ba97c93	decompiled	chunks/005/functions-000341.c	-[SCAMapViewportItem setActionmojiAutoAssigned:]	
10ba97c94	10ba97ce7	decompiled	chunks/005/functions-000341.c	-[SCAMapViewportItem setIsMediaPin:]	
10ba97ce8	10ba97d3b	decompiled	chunks/005/functions-000341.c	-[SCAMapViewportItem setLastLocationAgeMs:]	
10ba97d3c	10ba97d8f	decompiled	chunks/005/functions-000341.c	-[SCAMapViewportItem setIsSharingLiveLocation:]	
10ba97d90	10ba97da7	decompiled	chunks/005/functions-000341.c	-[SCAMapViewportItem setProperties:]	
10ba97da8	10ba97dbf	decompiled	chunks/005/functions-000341.c	-[SCAMapViewportItem setVisualGroups:]	
10ba97dc0	10ba97dd7	decompiled	chunks/005/functions-000341.c	-[SCAMapViewportItem setComponents:]	
10ba97dd8	10ba97ddb	decompiled	chunks/005/functions-000341.c	-[SCAMapViewportItem getFieldNumberToFieldDict]	
10ba97ddc	10ba97de7	decompiled	chunks/005/functions-000341.c	-[SCAMapViewportItem toProtoWithAllowedFields:]	
10ba97de8	10ba97def	decompiled	chunks/005/functions-000341.c	-[SCAMapViewportItem getPayloadIdentifier]	
10ba97df0	10ba97dfb	decompiled	chunks/005/functions-000341.c	-[SCAMapViewportLoaded getEventName]	
10ba97dfc	10ba97e03	decompiled	chunks/005/functions-000341.c	-[SCAMapViewportLoaded getEventQoS]	
10ba97e04	10ba97e0f	decompiled	chunks/005/functions-000341.c	-[SCAMapViewportLoaded getPerUserSamplingRate]	
10ba97e10	10ba97e1b	decompiled	chunks/005/functions-000341.c	-[SCAMapViewportLoaded getPerUserSamplingRateV2]	
10ba97e1c	10ba97e6f	decompiled	chunks/005/functions-000341.c	-[SCAMapViewportLoaded setMapSessionId:]	
10ba97e70	10ba97ec3	decompiled	chunks/005/functions-000341.c	-[SCAMapViewportLoaded setNumberOfHeatPoints:]	
10ba97ec4	10ba97f17	decompiled	chunks/005/functions-000341.c	-[SCAMapViewportLoaded setNumberOfStoryThumbnails:]	
10ba97f18	10ba97f6b	decompiled	chunks/005/functions-000341.c	-[SCAMapViewportLoaded setTimeToFriendBitmojisLoadedMs:]	
10ba97f6c	10ba97fbf	decompiled	chunks/005/functions-000341.c	-[SCAMapViewportLoaded setTimeToHeatLoadedMs:]	
10ba97fc0	10ba98013	decompiled	chunks/005/functions-000341.c	-[SCAMapViewportLoaded setTimeToStoryThumbnailsLoadedMs:]	
10ba98014	10ba98067	decompiled	chunks/005/functions-000341.c	-[SCAMapViewportLoaded setTimeToUserShowingOnMapMs:]	
10ba98068	10ba980bb	decompiled	chunks/005/functions-000341.c	-[SCAMapViewportLoaded setViewportFriendCount:]	
10ba980bc	10ba9810f	decompiled	chunks/005/functions-000341.c	-[SCAMapViewportLoaded setViewportFriendWithBitmojis:]	
10ba98110	10ba98163	decompiled	chunks/005/functions-000341.c	-[SCAMapViewportLoaded setZoom:]	
10ba98164	10ba98167	decompiled	chunks/005/functions-000341.c	-[SCAMapViewportLoaded getFieldNumberToFieldDict]	
10ba98168	10ba98173	decompiled	chunks/005/functions-000341.c	-[SCAMapViewportLoaded toProtoWithAllowedFields:]	
10ba98174	10ba9817b	decompiled	chunks/005/functions-000341.c	-[SCAMapViewportLoaded getPayloadIdentifier]	
10ba9817c	10ba98187	decompiled	chunks/005/functions-000341.c	-[SCAMapViewportView getEventName]	
10ba98188	10ba9818f	decompiled	chunks/005/functions-000341.c	-[SCAMapViewportView getEventQoS]	
10ba98190	10ba981e3	decompiled	chunks/005/functions-000341.c	-[SCAMapViewportView setMapSessionId:]	
10ba981e4	10ba98237	decompiled	chunks/005/functions-000341.c	-[SCAMapViewportView setMapViewportSessionId:]	
10ba98238	10ba9828b	decompiled	chunks/005/functions-000341.c	-[SCAMapViewportView setTotalNumItems:]	
10ba9828c	10ba982a3	decompiled	chunks/005/functions-000341.c	-[SCAMapViewportView setUserItemGuids:]	
10ba982a4	10ba982f7	decompiled	chunks/005/functions-000341.c	-[SCAMapViewportView setViewportCenterDistanceFromUserKm:]	
10ba982f8	10ba9833f	decompiled	chunks/005/functions-000341.c	-[SCAMapViewportView setViewportContexts:]	
10ba98340	10ba98387	decompiled	chunks/005/functions-000341.c	-[SCAMapViewportView setViewportItems:]	
10ba98388	10ba983db	decompiled	chunks/005/functions-000341.c	-[SCAMapViewportView setViewportLlLat:]	
10ba983dc	10ba9842f	decompiled	chunks/005/functions-000342.c	-[SCAMapViewportView setViewportLlLng:]	
10ba98430	10ba98483	decompiled	chunks/005/functions-000342.c	-[SCAMapViewportView setViewportTimeSecs:]	
10ba98484	10ba984d7	decompiled	chunks/005/functions-000342.c	-[SCAMapViewportView setViewportUrLat:]	
10ba984d8	10ba9852b	decompiled	chunks/005/functions-000342.c	-[SCAMapViewportView setViewportUrLng:]	
10ba9852c	10ba9857f	decompiled	chunks/005/functions-000342.c	-[SCAMapViewportView setZoom:]	
10ba98580	10ba985d3	decompiled	chunks/005/functions-000342.c	-[SCAMapViewportView setMapZoomId:]	
10ba985d4	10ba9887b	decompiled	chunks/005/functions-000342.c	-[SCAMapViewportView prepareDictionary:]	
10ba9887c	10ba9887f	decompiled	chunks/005/functions-000342.c	-[SCAMapViewportView getFieldNumberToFieldDict]	
10ba98880	10ba9888b	decompiled	chunks/005/functions-000342.c	-[SCAMapViewportView toProtoWithAllowedFields:]	
10ba9888c	10ba98893	decompiled	chunks/005/functions-000342.c	-[SCAMapViewportView getPayloadIdentifier]	
10ba98894	10ba9889f	decompiled	chunks/005/functions-000342.c	-[SCAOverallJankiness getEventName]	
10ba988a0	10ba988a7	decompiled	chunks/005/functions-000342.c	-[SCAOverallJankiness getEventQoS]	
10ba988a8	10ba988fb	decompiled	chunks/005/functions-000342.c	-[SCAOverallJankiness setCameraChangedInJankyState:]	
10ba988fc	10ba9894f	decompiled	chunks/005/functions-000342.c	-[SCAOverallJankiness setJankinessPercent:]	
10ba98950	10ba98953	decompiled	chunks/005/functions-000342.c	-[SCAOverallJankiness getFieldNumberToFieldDict]	
10ba98954	10ba9895f	decompiled	chunks/005/functions-000342.c	-[SCAOverallJankiness toProtoWithAllowedFields:]	
10ba98960	10ba98967	decompiled	chunks/005/functions-000342.c	-[SCAOverallJankiness getPayloadIdentifier]	
10ba98968	10ba98973	decompiled	chunks/005/functions-000342.c	-[SCASdkAvgCpuUsage getEventName]	
10ba98974	10ba9897b	decompiled	chunks/005/functions-000342.c	-[SCASdkAvgCpuUsage getEventQoS]	
10ba9897c	10ba98993	decompiled	chunks/005/functions-000342.c	-[SCASdkAvgCpuUsage setBrowsingContext:]	
10ba98994	10ba989e7	decompiled	chunks/005/functions-000342.c	-[SCASdkAvgCpuUsage setCameraChanging:]	
10ba989e8	10ba989ff	decompiled	chunks/005/functions-000342.c	-[SCASdkAvgCpuUsage setCountryCode:]	
10ba98a00	10ba98a53	decompiled	chunks/005/functions-000342.c	-[SCASdkAvgCpuUsage setForeground:]	
10ba98a54	10ba98aa7	decompiled	chunks/005/functions-000342.c	-[SCASdkAvgCpuUsage setMapCpuUsage:]	
10ba98aa8	10ba98afb	decompiled	chunks/005/functions-000342.c	-[SCASdkAvgCpuUsage setZoom:]	
10ba98afc	10ba98aff	decompiled	chunks/005/functions-000342.c	-[SCASdkAvgCpuUsage getFieldNumberToFieldDict]	
10ba98b00	10ba98b0b	decompiled	chunks/005/functions-000342.c	-[SCASdkAvgCpuUsage toProtoWithAllowedFields:]	
10ba98b0c	10ba98b13	decompiled	chunks/005/functions-000342.c	-[SCASdkAvgCpuUsage getPayloadIdentifier]	
10ba98b14	10ba98b1f	decompiled	chunks/005/functions-000342.c	-[SCASettingsPermissionAction getEventName]	
10ba98b20	10ba98b27	decompiled	chunks/005/functions-000342.c	-[SCASettingsPermissionAction getEventQoS]	
10ba98b28	10ba98b33	decompiled	chunks/005/functions-000342.c	-[SCASettingsPermissionAction getPerUserSamplingRateV2]	
10ba98b34	10ba98b4b	decompiled	chunks/005/functions-000342.c	-[SCASettingsPermissionAction setActionType:]	
10ba98b4c	10ba98b63	decompiled	chunks/005/functions-000342.c	-[SCASettingsPermissionAction setCurrentPermissions:]	
10ba98b64	10ba98b67	decompiled	chunks/005/functions-000342.c	-[SCASettingsPermissionAction getFieldNumberToFieldDict]	
10ba98b68	10ba98b73	decompiled	chunks/005/functions-000342.c	-[SCASettingsPermissionAction toProtoWithAllowedFields:]	
10ba98b74	10ba98b7b	decompiled	chunks/005/functions-000342.c	-[SCASettingsPermissionAction getPayloadIdentifier]	
10ba98b7c	10ba98b87	decompiled	chunks/005/functions-000342.c	-[SCASimplifiedLocationOnboard getEventName]	
10ba98b88	10ba98b8f	decompiled	chunks/005/functions-000342.c	-[SCASimplifiedLocationOnboard getEventQoS]	
10ba98b90	10ba98be3	decompiled	chunks/005/functions-000342.c	-[SCASimplifiedLocationOnboard setNewSharingCount:]	
10ba98be4	10ba98bfb	decompiled	chunks/005/functions-000342.c	-[SCASimplifiedLocationOnboard setNewSharingMode:]	
10ba98bfc	10ba98c4f	decompiled	chunks/005/functions-000342.c	-[SCASimplifiedLocationOnboard setPreviousSharingCount:]	
10ba98c50	10ba98c67	decompiled	chunks/005/functions-000342.c	-[SCASimplifiedLocationOnboard setPreviousSharingMode:]	
10ba98c68	10ba98c6b	decompiled	chunks/005/functions-000342.c	-[SCASimplifiedLocationOnboard getFieldNumberToFieldDict]	
10ba98c6c	10ba98c77	decompiled	chunks/005/functions-000342.c	-[SCASimplifiedLocationOnboard toProtoWithAllowedFields:]	
10ba98c78	10ba99107	decompiled	chunks/005/functions-000342.c	-[SCASimplifiedLocationOnboard getPayloadIdentifier]	
10ba99108	10ba99113	decompiled	chunks/005/functions-000342.c	-[SCAAppBatteryMetrics getEventName]	
10ba99114	10ba9911b	decompiled	chunks/005/functions-000342.c	-[SCAAppBatteryMetrics getEventQoS]	
10ba9911c	10ba99127	decompiled	chunks/005/functions-000342.c	-[SCAAppBatteryMetrics getPerUserSamplingRate]	
10ba99128	10ba99133	decompiled	chunks/005/functions-000342.c	-[SCAAppBatteryMetrics getPerUserSamplingRateV2]	
10ba99134	10ba9914b	decompiled	chunks/005/functions-000342.c	-[SCAAppBatteryMetrics setAppOpenId:]	
10ba9914c	10ba991cb	decompiled	chunks/005/functions-000342.c	-[SCAAppBatteryMetrics setAppState:]	
10ba991cc	10ba9921f	decompiled	chunks/005/functions-000342.c	-[SCAAppBatteryMetrics setAppTimeMs:]	
10ba99220	10ba99273	decompiled	chunks/005/functions-000342.c	-[SCAAppBatteryMetrics setBattLevelTotal:]	
10ba99274	10ba992bb	decompiled	chunks/005/functions-000342.c	-[SCAAppBatteryMetrics setBytes:]	
10ba992bc	10ba99303	decompiled	chunks/005/functions-000342.c	-[SCAAppBatteryMetrics setCamera:]	
10ba99304	10ba9934b	decompiled	chunks/005/functions-000342.c	-[SCAAppBatteryMetrics setDischarge:]	
10ba9934c	10ba99393	decompiled	chunks/005/functions-000342.c	-[SCAAppBatteryMetrics setFreq:]	
10ba99394	10ba993ab	decompiled	chunks/005/functions-000342.c	-[SCAAppBatteryMetrics setHealthStatsMap:]	
10ba993ac	10ba993f3	decompiled	chunks/005/functions-000342.c	-[SCAAppBatteryMetrics setJiffies:]	
10ba993f4	10ba9943b	decompiled	chunks/005/functions-000342.c	-[SCAAppBatteryMetrics setLocation:]	
10ba9943c	10ba99483	decompiled	chunks/005/functions-000342.c	-[SCAAppBatteryMetrics setNetworkRadioOverhead:]	
10ba99484	10ba994cb	decompiled	chunks/005/functions-000342.c	-[SCAAppBatteryMetrics setNetworkRadioUptime:]	
10ba994cc	10ba99513	decompiled	chunks/005/functions-000342.c	-[SCAAppBatteryMetrics setPackets:]	
10ba99514	10ba9955b	decompiled	chunks/005/functions-000342.c	-[SCAAppBatteryMetrics setPageTypeAttr:]	
10ba9955c	10ba995a3	decompiled	chunks/005/functions-000342.c	-[SCAAppBatteryMetrics setPowerProfile:]	
10ba995a4	10ba995eb	decompiled	chunks/005/functions-000342.c	-[SCAAppBatteryMetrics setRestrictions:]	
10ba995ec	10ba99633	decompiled	chunks/005/functions-000342.c	-[SCAAppBatteryMetrics setRuntime:]	
10ba99634	10ba99687	decompiled	chunks/005/functions-000342.c	-[SCAAppBatteryMetrics setSessionTimeMs:]	
10ba99688	10ba996cf	decompiled	chunks/005/functions-000342.c	-[SCAAppBatteryMetrics setWakelocks:]	
10ba996d0	10ba996e7	decompiled	chunks/005/functions-000342.c	-[SCAAppBatteryMetrics setThermal:]	
10ba996e8	10ba9972f	decompiled	chunks/005/functions-000342.c	-[SCAAppBatteryMetrics setThermalStates:]	
10ba99730	10ba99777	decompiled	chunks/005/functions-000342.c	-[SCAAppBatteryMetrics setCpuCores:]	
10ba99778	10ba997bf	decompiled	chunks/005/functions-000342.c	-[SCAAppBatteryMetrics setPageCpuAttribution:]	
10ba997c0	10ba99807	decompiled	chunks/005/functions-000342.c	-[SCAAppBatteryMetrics setHighCpuIssues:]	
10ba99808	10ba9a0af	decompiled	chunks/005/functions-000342.c	-[SCAAppBatteryMetrics prepareDictionary:]	
10ba9a0b0	10ba9a0b3	decompiled	chunks/005/functions-000342.c	-[SCAAppBatteryMetrics getFieldNumberToFieldDict]	
10ba9a0b4	10ba9a0bf	decompiled	chunks/005/functions-000342.c	-[SCAAppBatteryMetrics toProtoWithAllowedFields:]	
10ba9a0c0	10ba9a0c7	decompiled	chunks/005/functions-000342.c	-[SCAAppBatteryMetrics getPayloadIdentifier]	
10ba9a0c8	10ba9a0d3	decompiled	chunks/005/functions-000342.c	-[SCAAppLocationUpdateRequestMetrics getEventName]	
10ba9a0d4	10ba9a0db	decompiled	chunks/005/functions-000342.c	-[SCAAppLocationUpdateRequestMetrics getEventQoS]	
10ba9a0dc	10ba9a0e7	decompiled	chunks/005/functions-000342.c	-[SCAAppLocationUpdateRequestMetrics getPerUserSamplingRate]	
10ba9a0e8	10ba9a0f3	decompiled	chunks/005/functions-000342.c	-[SCAAppLocationUpdateRequestMetrics getPerUserSamplingRateV2]	
10ba9a0f4	10ba9a10b	decompiled	chunks/005/functions-000342.c	-[SCAAppLocationUpdateRequestMetrics setAppOpenId:]	
10ba9a10c	10ba9a18b	decompiled	chunks/005/functions-000342.c	-[SCAAppLocationUpdateRequestMetrics setAppState:]	
10ba9a18c	10ba9a1a3	decompiled	chunks/005/functions-000342.c	-[SCAAppLocationUpdateRequestMetrics setCaller:]	
10ba9a1a4	10ba9a1f7	decompiled	chunks/005/functions-000342.c	-[SCAAppLocationUpdateRequestMetrics setDurationMs:]	
10ba9a1f8	10ba9a24b	decompiled	chunks/005/functions-000342.c	-[SCAAppLocationUpdateRequestMetrics setWithStopByCaller:]	
10ba9a24c	10ba9a263	decompiled	chunks/005/functions-000342.c	-[SCAAppLocationUpdateRequestMetrics setJiraProject:]	
10ba9a264	10ba9a267	decompiled	chunks/005/functions-000342.c	-[SCAAppLocationUpdateRequestMetrics getFieldNumberToFieldDict]	
10ba9a268	10ba9a273	decompiled	chunks/005/functions-000342.c	-[SCAAppLocationUpdateRequestMetrics toProtoWithAllowedFields:]	
10ba9a274	10ba9a27b	decompiled	chunks/005/functions-000342.c	-[SCAAppLocationUpdateRequestMetrics getPayloadIdentifier]	
10ba9a27c	10ba9a293	decompiled	chunks/005/functions-000342.c	-[SCAApplicationRuntime setBgTimeAttributionMap:]	
10ba9a294	10ba9a2e7	decompiled	chunks/005/functions-000342.c	-[SCAApplicationRuntime setBgTimeMs:]	
10ba9a2e8	10ba9a33b	decompiled	chunks/005/functions-000342.c	-[SCAApplicationRuntime setFgTimeMs:]	
10ba9a33c	10ba9a38f	decompiled	chunks/005/functions-000342.c	-[SCAApplicationRuntime setRealTimeMs:]	
10ba9a390	10ba9a393	decompiled	chunks/005/functions-000342.c	-[SCAApplicationRuntime getFieldNumberToFieldDict]	
10ba9a394	10ba9a39f	decompiled	chunks/005/functions-000342.c	-[SCAApplicationRuntime toProtoWithAllowedFields:]	
10ba9a3a0	10ba9a3a7	decompiled	chunks/005/functions-000342.c	-[SCAApplicationRuntime getPayloadIdentifier]	
10ba9a3a8	10ba9a3fb	decompiled	chunks/005/functions-000342.c	-[SCAAssetResumableUploadInfo setResumableBytesRemaining:]	
10ba9a3fc	10ba9a413	decompiled	chunks/005/functions-000342.c	-[SCAAssetResumableUploadInfo setResumableStateResult:]	
10ba9a414	10ba9a467	decompiled	chunks/005/functions-000343.c	-[SCAAssetResumableUploadInfo setUploadAssetType:]	
10ba9a468	10ba9a46b	decompiled	chunks/005/functions-000343.c	-[SCAAssetResumableUploadInfo getFieldNumberToFieldDict]	
10ba9a46c	10ba9a477	decompiled	chunks/005/functions-000343.c	-[SCAAssetResumableUploadInfo toProtoWithAllowedFields:]	
10ba9a478	10ba9a47f	decompiled	chunks/005/functions-000343.c	-[SCAAssetResumableUploadInfo getPayloadIdentifier]	
10ba9a480	10ba9a4d3	decompiled	chunks/005/functions-000343.c	-[SCAAssetUploadInfo setAssetUploadStepLatencyMs:]	
10ba9a4d4	10ba9a527	decompiled	chunks/005/functions-000343.c	-[SCAAssetUploadInfo setUploadAssetType:]	
10ba9a528	10ba9a53f	decompiled	chunks/005/functions-000343.c	-[SCAAssetUploadInfo setUploadClientStep:]	
10ba9a540	10ba9a557	decompiled	chunks/005/functions-000343.c	-[SCAAssetUploadInfo setUploadLocationProvider:]	
10ba9a558	10ba9a56f	decompiled	chunks/005/functions-000343.c	-[SCAAssetUploadInfo setFailedUploadStep:]	
10ba9a570	10ba9a573	decompiled	chunks/005/functions-000343.c	-[SCAAssetUploadInfo getFieldNumberToFieldDict]	
10ba9a574	10ba9a57f	decompiled	chunks/005/functions-000343.c	-[SCAAssetUploadInfo toProtoWithAllowedFields:]	
10ba9a580	10ba9a587	decompiled	chunks/005/functions-000343.c	-[SCAAssetUploadInfo getPayloadIdentifier]	
10ba9a588	10ba9a5db	decompiled	chunks/005/functions-000343.c	-[SCABatteryDischarge setBattLevelCurr:]	
10ba9a5dc	10ba9a62f	decompiled	chunks/005/functions-000343.c	-[SCABatteryDischarge setChgTimeMs:]	
10ba9a630	10ba9a683	decompiled	chunks/005/functions-000343.c	-[SCABatteryDischarge setDischgTimeMs:]	
10ba9a684	10ba9a687	decompiled	chunks/005/functions-000343.c	-[SCABatteryDischarge getFieldNumberToFieldDict]	
10ba9a688	10ba9a693	decompiled	chunks/005/functions-000343.c	-[SCABatteryDischarge toProtoWithAllowedFields:]	
10ba9a694	10ba9a69b	decompiled	chunks/005/functions-000343.c	-[SCABatteryDischarge getPayloadIdentifier]	
10ba9a69c	10ba9a6a7	decompiled	chunks/005/functions-000343.c	-[SCABoltUploaderClient getEventName]	
10ba9a6a8	10ba9a6af	decompiled	chunks/005/functions-000343.c	-[SCABoltUploaderClient getEventQoS]	
10ba9a6b0	10ba9a6c7	decompiled	chunks/005/functions-000343.c	-[SCABoltUploaderClient setBoltContentId:]	
10ba9a6c8	10ba9a6df	decompiled	chunks/005/functions-000343.c	-[SCABoltUploaderClient setFailedUploadStep:]	
10ba9a6e0	10ba9a6f7	decompiled	chunks/005/functions-000343.c	-[SCABoltUploaderClient setMediaOrchestrationAttemptId:]	
10ba9a6f8	10ba9a74b	decompiled	chunks/005/functions-000343.c	-[SCABoltUploaderClient setUploadAssetType:]	
10ba9a74c	10ba9a763	decompiled	chunks/005/functions-000343.c	-[SCABoltUploaderClient setUploadLocation:]	
10ba9a764	10ba9a77b	decompiled	chunks/005/functions-000343.c	-[SCABoltUploaderClient setUploadLocationType:]	
10ba9a77c	10ba9a793	decompiled	chunks/005/functions-000343.c	-[SCABoltUploaderClient setAssetUploadStepLatenciesMs:]	
10ba9a794	10ba9a7e7	decompiled	chunks/005/functions-000343.c	-[SCABoltUploaderClient setAssetUploadTotalLatencyMs:]	
10ba9a7e8	10ba9a83b	decompiled	chunks/005/functions-000343.c	-[SCABoltUploaderClient setFileSize:]	
10ba9a83c	10ba9a853	decompiled	chunks/005/functions-000343.c	-[SCABoltUploaderClient setMediaId:]	
10ba9a854	10ba9a86b	decompiled	chunks/005/functions-000343.c	-[SCABoltUploaderClient setUploadLocationCacheKey:]	
10ba9a86c	10ba9a8bf	decompiled	chunks/005/functions-000343.c	-[SCABoltUploaderClient setBytesAlreadyUploaded:]	
10ba9a8c0	10ba9a913	decompiled	chunks/005/functions-000343.c	-[SCABoltUploaderClient setEstimatedDownloadBps:]	
10ba9a914	10ba9a967	decompiled	chunks/005/functions-000343.c	-[SCABoltUploaderClient setEstimatedUploadBps:]	
10ba9a968	10ba9a97f	decompiled	chunks/005/functions-000343.c	-[SCABoltUploaderClient setErrorMessage:]	
10ba9a980	10ba9a997	decompiled	chunks/005/functions-000343.c	-[SCABoltUploaderClient setConnectionType:]	
10ba9a998	10ba9a9af	decompiled	chunks/005/functions-000343.c	-[SCABoltUploaderClient setReachability:]	
10ba9a9b0	10ba9a9c7	decompiled	chunks/005/functions-000343.c	-[SCABoltUploaderClient setCaptureSessionId:]	
10ba9a9c8	10ba9a9df	decompiled	chunks/005/functions-000343.c	-[SCABoltUploaderClient setMediaOrchestrationId:]	
10ba9a9e0	10ba9a9f7	decompiled	chunks/005/functions-000343.c	-[SCABoltUploaderClient setLocationAttribution:]	
10ba9a9f8	10ba9a9fb	decompiled	chunks/005/functions-000343.c	-[SCABoltUploaderClient getFieldNumberToFieldDict]	
10ba9a9fc	10ba9aa07	decompiled	chunks/005/functions-000343.c	-[SCABoltUploaderClient toProtoWithAllowedFields:]	
10ba9aa08	10ba9aa0f	decompiled	chunks/005/functions-000343.c	-[SCABoltUploaderClient getPayloadIdentifier]	
10ba9aa10	10ba9aa63	decompiled	chunks/005/functions-000343.c	-[SCACameraTimeMetrics setCameraLeakedTimeMs:]	
10ba9aa64	10ba9aab7	decompiled	chunks/005/functions-000343.c	-[SCACameraTimeMetrics setCameraOpenTimeMs:]	
10ba9aab8	10ba9aacf	decompiled	chunks/005/functions-000343.c	-[SCACameraTimeMetrics setCameraOptimizationTimeMap:]	
10ba9aad0	10ba9aae7	decompiled	chunks/005/functions-000343.c	-[SCACameraTimeMetrics setCameraUsageAttributionMap:]	
10ba9aae8	10ba9ab3b	decompiled	chunks/005/functions-000343.c	-[SCACameraTimeMetrics setCameraVisibleTimeMs:]	
10ba9ab3c	10ba9ab83	decompiled	chunks/005/functions-000343.c	-[SCACameraTimeMetrics setCameraTimes:]	
10ba9ab84	10ba9abcb	decompiled	chunks/005/functions-000343.c	-[SCACameraTimeMetrics setCameraUsageAttributions:]	
10ba9abcc	10ba9ae73	decompiled	chunks/005/functions-000343.c	-[SCACameraTimeMetrics prepareDictionary:]	
10ba9ae74	10ba9ae77	decompiled	chunks/005/functions-000343.c	-[SCACameraTimeMetrics getFieldNumberToFieldDict]	
10ba9ae78	10ba9ae83	decompiled	chunks/005/functions-000343.c	-[SCACameraTimeMetrics toProtoWithAllowedFields:]	
10ba9ae84	10ba9ae8b	decompiled	chunks/005/functions-000343.c	-[SCACameraTimeMetrics getPayloadIdentifier]	
10ba9ae8c	10ba9aea3	decompiled	chunks/005/functions-000343.c	-[SCACameraUsageAttribution setCallsite:]	
10ba9aea4	10ba9af23	decompiled	chunks/005/functions-000343.c	-[SCACameraUsageAttribution setCameraGroup:]	
10ba9af24	10ba9af77	decompiled	chunks/005/functions-000343.c	-[SCACameraUsageAttribution setCameraOpenTimeMs:]	
10ba9af78	10ba9afcb	decompiled	chunks/005/functions-000343.c	-[SCACameraUsageAttribution setCameraOpenTimeWithStartupTimeMs:]	
10ba9afcc	10ba9b01f	decompiled	chunks/005/functions-000343.c	-[SCACameraUsageAttribution setCameraVisibleTimeMs:]	
10ba9b020	10ba9b073	decompiled	chunks/005/functions-000343.c	-[SCACameraUsageAttribution setConcurrencyScore:]	
10ba9b074	10ba9b08b	decompiled	chunks/005/functions-000343.c	-[SCACameraUsageAttribution setJiraProject:]	
10ba9b08c	10ba9b08f	decompiled	chunks/005/functions-000343.c	-[SCACameraUsageAttribution getFieldNumberToFieldDict]	
10ba9b090	10ba9b09b	decompiled	chunks/005/functions-000343.c	-[SCACameraUsageAttribution toProtoWithAllowedFields:]	
10ba9b09c	10ba9b0a3	decompiled	chunks/005/functions-000343.c	-[SCACameraUsageAttribution getPayloadIdentifier]	
10ba9b0a4	10ba9b0af	decompiled	chunks/005/functions-000343.c	-[SCAContentResolve getEventName]	
10ba9b0b0	10ba9b0b7	decompiled	chunks/005/functions-000343.c	-[SCAContentResolve getEventQoS]	
10ba9b0b8	10ba9b0c3	decompiled	chunks/005/functions-000343.c	-[SCAContentResolve getPerUserSamplingRateV2]	
10ba9b0c4	10ba9b0db	decompiled	chunks/005/functions-000343.c	-[SCAContentResolve setAvailableVariants:]	
10ba9b0dc	10ba9b12f	decompiled	chunks/005/functions-000343.c	-[SCAContentResolve setAvoidedFutureLocations:]	
10ba9b130	10ba9b183	decompiled	chunks/005/functions-000343.c	-[SCAContentResolve setBoltTenantUsecase:]	
10ba9b184	10ba9b19b	decompiled	chunks/005/functions-000343.c	-[SCAContentResolve setCachedVariants:]	
10ba9b19c	10ba9b1b3	decompiled	chunks/005/functions-000343.c	-[SCAContentResolve setContentId:]	
10ba9b1b4	10ba9b207	decompiled	chunks/005/functions-000343.c	-[SCAContentResolve setContentResolveDuration:]	
10ba9b208	10ba9b21f	decompiled	chunks/005/functions-000343.c	-[SCAContentResolve setContentResolveId:]	
10ba9b220	10ba9b273	decompiled	chunks/005/functions-000343.c	-[SCAContentResolve setContentResolveTime:]	
10ba9b274	10ba9b2c7	decompiled	chunks/005/functions-000343.c	-[SCAContentResolve setLocationSelected:]	
10ba9b2c8	10ba9b2df	decompiled	chunks/005/functions-000343.c	-[SCAContentResolve setLocationsGuaranteedAvailable:]	
10ba9b2e0	10ba9b2f7	decompiled	chunks/005/functions-000343.c	-[SCAContentResolve setLocationsInferredAvailable:]	
10ba9b2f8	10ba9b30f	decompiled	chunks/005/functions-000343.c	-[SCAContentResolve setMediaContextType:]	
10ba9b310	10ba9b327	decompiled	chunks/005/functions-000343.c	-[SCAContentResolve setMediaId:]	
10ba9b328	10ba9b3a7	decompiled	chunks/005/functions-000343.c	-[SCAContentResolve setMediaType:]	
10ba9b3a8	10ba9b3fb	decompiled	chunks/005/functions-000343.c	-[SCAContentResolve setNetworkMappingVersion:]	
10ba9b3fc	10ba9b44f	decompiled	chunks/005/functions-000343.c	-[SCAContentResolve setNetworkRuleId:]	
10ba9b450	10ba9b467	decompiled	chunks/005/functions-000343.c	-[SCAContentResolve setNetworkRulesCOFRuleId:]	
10ba9b468	10ba9b4bb	decompiled	chunks/005/functions-000343.c	-[SCAContentResolve setOptimalLocation:]	
10ba9b4bc	10ba9b50f	decompiled	chunks/005/functions-000343.c	-[SCAContentResolve setOptimalVariant:]	
10ba9b510	10ba9b58f	decompiled	chunks/005/functions-000343.c	-[SCAContentResolve setResolveError:]	
10ba9b590	10ba9b60f	decompiled	chunks/005/functions-000343.c	-[SCAContentResolve setResolveType:]	
10ba9b610	10ba9b627	decompiled	chunks/005/functions-000343.c	-[SCAContentResolve setRuleFileAvailableVariants:]	
10ba9b628	10ba9b63f	decompiled	chunks/005/functions-000343.c	-[SCAContentResolve setRuleFileOptimalVariant:]	
10ba9b640	10ba9b657	decompiled	chunks/005/functions-000343.c	-[SCAContentResolve setRuleFileVariantSelected:]	
10ba9b658	10ba9b6ab	decompiled	chunks/005/functions-000343.c	-[SCAContentResolve setSecondaryUrlGenerated:]	
10ba9b6ac	10ba9b72b	decompiled	chunks/005/functions-000343.c	-[SCAContentResolve setTrigger:]	
10ba9b72c	10ba9b743	decompiled	chunks/005/functions-000343.c	-[SCAContentResolve setVariantCOFRuleId:]	
10ba9b744	10ba9b797	decompiled	chunks/005/functions-000343.c	-[SCAContentResolve setVariantSelected:]	
10ba9b798	10ba9b7eb	decompiled	chunks/005/functions-000343.c	-[SCAContentResolve setVariantBitrateKbps:]	
10ba9b7ec	10ba9b803	decompiled	chunks/005/functions-000343.c	-[SCAContentResolve setVariantCOFConfigId:]	
10ba9b804	10ba9b857	decompiled	chunks/005/functions-000343.c	-[SCAContentResolve setVariantDurationMs:]	
10ba9b858	10ba9b86f	decompiled	chunks/005/functions-000343.c	-[SCAContentResolve setAvailableVariantsExtended:]	
10ba9b870	10ba9b8c3	decompiled	chunks/005/functions-000343.c	-[SCAContentResolve setDeviceBandwidthKbps:]	
10ba9b8c4	10ba9b8db	decompiled	chunks/005/functions-000344.c	-[SCAContentResolve setDeviceMediaCapabilities:]	
10ba9b8dc	10ba9b8f3	decompiled	chunks/005/functions-000344.c	-[SCAContentResolve setFilteredVariants:]	
10ba9b8f4	10ba9b90b	decompiled	chunks/005/functions-000344.c	-[SCAContentResolve setPostProcessedVariants:]	
10ba9b90c	10ba9b923	decompiled	chunks/005/functions-000344.c	-[SCAContentResolve setRankedVariants:]	
10ba9b924	10ba9b977	decompiled	chunks/005/functions-000344.c	-[SCAContentResolve setUsingVideoVariantSelector:]	
10ba9b978	10ba9b98f	decompiled	chunks/005/functions-000344.c	-[SCAContentResolve setVideoRankerProfile:]	
10ba9b990	10ba9b9e3	decompiled	chunks/005/functions-000344.c	-[SCAContentResolve setVariantHeight:]	
10ba9b9e4	10ba9ba63	decompiled	chunks/005/functions-000344.c	-[SCAContentResolve setVariantVideoCodec:]	
10ba9ba64	10ba9bab7	decompiled	chunks/005/functions-000344.c	-[SCAContentResolve setVariantVqa:]	
10ba9bab8	10ba9bb0b	decompiled	chunks/005/functions-000344.c	-[SCAContentResolve setVariantWidth:]	
10ba9bb0c	10ba9bb5f	decompiled	chunks/005/functions-000344.c	-[SCAContentResolve setRankerTargetBitrateKbps:]	
10ba9bb60	10ba9bbb3	decompiled	chunks/005/functions-000344.c	-[SCAContentResolve setContentTypeVqaSamplingRate:]	
10ba9bbb4	10ba9bc07	decompiled	chunks/005/functions-000344.c	-[SCAContentResolve setEffectiveBandwidthForRankingKbps:]	
10ba9bc08	10ba9bc1f	decompiled	chunks/005/functions-000344.c	-[SCAContentResolve setFeatureContentType:]	
10ba9bc20	10ba9bc37	decompiled	chunks/005/functions-000344.c	-[SCAContentResolve setCalibrationSignals:]	
10ba9bc38	10ba9bc4f	decompiled	chunks/005/functions-000344.c	-[SCAContentResolve setVariantScoreDetails:]	
10ba9bc50	10ba9bc53	decompiled	chunks/005/functions-000344.c	-[SCAContentResolve getFieldNumberToFieldDict]	
10ba9bc54	10ba9bc5f	decompiled	chunks/005/functions-000344.c	-[SCAContentResolve toProtoWithAllowedFields:]	
10ba9bc60	10ba9bc67	decompiled	chunks/005/functions-000344.c	-[SCAContentResolve getPayloadIdentifier]	
10ba9bc68	10ba9bcbb	decompiled	chunks/005/functions-000344.c	-[SCACpuJiffies setSysCpu:]	
10ba9bcbc	10ba9bd0f	decompiled	chunks/005/functions-000344.c	-[SCACpuJiffies setSysCpuMs:]	
10ba9bd10	10ba9bd63	decompiled	chunks/005/functions-000344.c	-[SCACpuJiffies setUsrCpu:]	
10ba9bd64	10ba9bdb7	decompiled	chunks/005/functions-000344.c	-[SCACpuJiffies setUsrCpuMs:]	
10ba9bdb8	10ba9bdbb	decompiled	chunks/005/functions-000344.c	-[SCACpuJiffies getFieldNumberToFieldDict]	
10ba9bdbc	10ba9bdc7	decompiled	chunks/005/functions-000344.c	-[SCACpuJiffies toProtoWithAllowedFields:]	
10ba9bdc8	10ba9bdcf	decompiled	chunks/005/functions-000344.c	-[SCACpuJiffies getPayloadIdentifier]	
10ba9bdd0	10ba9bddb	decompiled	chunks/005/functions-000344.c	-[SCADataSaverDisableEvent getEventName]	
10ba9bddc	10ba9bde3	decompiled	chunks/005/functions-000344.c	-[SCADataSaverDisableEvent getEventQoS]	
10ba9bde4	10ba9bdef	decompiled	chunks/005/functions-000344.c	-[SCADataSaverDisableEvent getPerUserSamplingRate]	
10ba9bdf0	10ba9bdfb	decompiled	chunks/005/functions-000344.c	-[SCADataSaverDisableEvent getPerUserSamplingRateV2]	
10ba9bdfc	10ba9be7b	decompiled	chunks/005/functions-000344.c	-[SCADataSaverDisableEvent setDataSaverDisableReason:]	
10ba9be7c	10ba9be7f	decompiled	chunks/005/functions-000344.c	-[SCADataSaverDisableEvent getFieldNumberToFieldDict]	
10ba9be80	10ba9be8b	decompiled	chunks/005/functions-000344.c	-[SCADataSaverDisableEvent toProtoWithAllowedFields:]	
10ba9be8c	10ba9be93	decompiled	chunks/005/functions-000344.c	-[SCADataSaverDisableEvent getPayloadIdentifier]	
10ba9be94	10ba9be9f	decompiled	chunks/005/functions-000344.c	-[SCADataSaverEnableEvent getEventName]	
10ba9bea0	10ba9bea7	decompiled	chunks/005/functions-000344.c	-[SCADataSaverEnableEvent getEventQoS]	
10ba9bea8	10ba9beb3	decompiled	chunks/005/functions-000344.c	-[SCADataSaverEnableEvent getPerUserSamplingRate]	
10ba9beb4	10ba9bebf	decompiled	chunks/005/functions-000344.c	-[SCADataSaverEnableEvent getPerUserSamplingRateV2]	
10ba9bec0	10ba9bf13	decompiled	chunks/005/functions-000344.c	-[SCADataSaverEnableEvent setDataSaverEnableDurationMs:]	
10ba9bf14	10ba9bf93	decompiled	chunks/005/functions-000344.c	-[SCADataSaverEnableEvent setDataSaverEnableReason:]	
10ba9bf94	10ba9bf97	decompiled	chunks/005/functions-000344.c	-[SCADataSaverEnableEvent getFieldNumberToFieldDict]	
10ba9bf98	10ba9bfa3	decompiled	chunks/005/functions-000344.c	-[SCADataSaverEnableEvent toProtoWithAllowedFields:]	
10ba9bfa4	10ba9bfab	decompiled	chunks/005/functions-000344.c	-[SCADataSaverEnableEvent getPayloadIdentifier]	
10ba9bfac	10ba9bfb7	decompiled	chunks/005/functions-000344.c	-[SCADataSaverIntroDialogShownEvent getEventName]	
10ba9bfb8	10ba9bfbf	decompiled	chunks/005/functions-000344.c	-[SCADataSaverIntroDialogShownEvent getEventQoS]	
10ba9bfc0	10ba9bfcb	decompiled	chunks/005/functions-000344.c	-[SCADataSaverIntroDialogShownEvent getPerUserSamplingRate]	
10ba9bfcc	10ba9bfd7	decompiled	chunks/005/functions-000344.c	-[SCADataSaverIntroDialogShownEvent getPerUserSamplingRateV2]	
10ba9bfd8	10ba9bfdb	decompiled	chunks/005/functions-000344.c	-[SCADataSaverIntroDialogShownEvent getFieldNumberToFieldDict]	
10ba9bfdc	10ba9bfe7	decompiled	chunks/005/functions-000344.c	-[SCADataSaverIntroDialogShownEvent toProtoWithAllowedFields:]	
10ba9bfe8	10ba9bfef	decompiled	chunks/005/functions-000344.c	-[SCADataSaverIntroDialogShownEvent getPayloadIdentifier]	
10ba9bff0	10ba9bffb	decompiled	chunks/005/functions-000344.c	-[SCADeviceStorageDirectoryUsage getEventName]	
10ba9bffc	10ba9c003	decompiled	chunks/005/functions-000344.c	-[SCADeviceStorageDirectoryUsage getEventQoS]	
10ba9c004	10ba9c00f	decompiled	chunks/005/functions-000344.c	-[SCADeviceStorageDirectoryUsage getPerUserSamplingRate]	
10ba9c010	10ba9c01b	decompiled	chunks/005/functions-000344.c	-[SCADeviceStorageDirectoryUsage getPerUserSamplingRateV2]	
10ba9c01c	10ba9c06f	decompiled	chunks/005/functions-000344.c	-[SCADeviceStorageDirectoryUsage setStorageFileCount:]	
10ba9c070	10ba9c087	decompiled	chunks/005/functions-000344.c	-[SCADeviceStorageDirectoryUsage setStoragePath:]	
10ba9c088	10ba9c0db	decompiled	chunks/005/functions-000344.c	-[SCADeviceStorageDirectoryUsage setStorageSizeKb:]	
10ba9c0dc	10ba9c12f	decompiled	chunks/005/functions-000344.c	-[SCADeviceStorageDirectoryUsage setStorageTotalSizeKb:]	
10ba9c130	10ba9c133	decompiled	chunks/005/functions-000344.c	-[SCADeviceStorageDirectoryUsage getFieldNumberToFieldDict]	
10ba9c134	10ba9c13f	decompiled	chunks/005/functions-000344.c	-[SCADeviceStorageDirectoryUsage toProtoWithAllowedFields:]	
10ba9c140	10ba9c147	decompiled	chunks/005/functions-000344.c	-[SCADeviceStorageDirectoryUsage getPayloadIdentifier]	
10ba9c148	10ba9c153	decompiled	chunks/005/functions-000344.c	-[SCADeviceStorageDiskUsage getEventName]	
10ba9c154	10ba9c15b	decompiled	chunks/005/functions-000344.c	-[SCADeviceStorageDiskUsage getEventQoS]	
10ba9c15c	10ba9c1af	decompiled	chunks/005/functions-000344.c	-[SCADeviceStorageDiskUsage setStorageFileCount:]	
10ba9c1b0	10ba9c203	decompiled	chunks/005/functions-000344.c	-[SCADeviceStorageDiskUsage setStorageTotalSizeKb:]	
10ba9c204	10ba9c257	decompiled	chunks/005/functions-000344.c	-[SCADeviceStorageDiskUsage setStorageUserSpaceFreeKb:]	
10ba9c258	10ba9c2ab	decompiled	chunks/005/functions-000344.c	-[SCADeviceStorageDiskUsage setStorageUserSpaceKb:]	
10ba9c2ac	10ba9c2af	decompiled	chunks/005/functions-000344.c	-[SCADeviceStorageDiskUsage getFieldNumberToFieldDict]	
10ba9c2b0	10ba9c2bb	decompiled	chunks/005/functions-000344.c	-[SCADeviceStorageDiskUsage toProtoWithAllowedFields:]	
10ba9c2bc	10ba9c2c3	decompiled	chunks/005/functions-000344.c	-[SCADeviceStorageDiskUsage getPayloadIdentifier]	
10ba9c2c4	10ba9c317	decompiled	chunks/005/functions-000344.c	-[SCADirectoryDiskUsageInfo setLocalFileCount:]	
10ba9c318	10ba9c36b	decompiled	chunks/005/functions-000344.c	-[SCADirectoryDiskUsageInfo setNonRecursiveSizeKb:]	
10ba9c36c	10ba9c383	decompiled	chunks/005/functions-000344.c	-[SCADirectoryDiskUsageInfo setPath:]	
10ba9c384	10ba9c3d7	decompiled	chunks/005/functions-000344.c	-[SCADirectoryDiskUsageInfo setRecursiveSizeKb:]	
10ba9c3d8	10ba9c3db	decompiled	chunks/005/functions-000344.c	-[SCADirectoryDiskUsageInfo getFieldNumberToFieldDict]	
10ba9c3dc	10ba9c3e7	decompiled	chunks/005/functions-000344.c	-[SCADirectoryDiskUsageInfo toProtoWithAllowedFields:]	
10ba9c3e8	10ba9c3ef	decompiled	chunks/005/functions-000344.c	-[SCADirectoryDiskUsageInfo getPayloadIdentifier]	
10ba9c3f0	10ba9c3fb	decompiled	chunks/005/functions-000344.c	-[SCADiskUsageMetrics getEventName]	
10ba9c3fc	10ba9c403	decompiled	chunks/005/functions-000344.c	-[SCADiskUsageMetrics getEventQoS]	
10ba9c404	10ba9c40f	decompiled	chunks/005/functions-000344.c	-[SCADiskUsageMetrics getPerUserSamplingRate]	
10ba9c410	10ba9c41b	decompiled	chunks/005/functions-000344.c	-[SCADiskUsageMetrics getPerUserSamplingRateV2]	
10ba9c41c	10ba9c463	decompiled	chunks/005/functions-000344.c	-[SCADiskUsageMetrics setDirectoryUsages:]	
10ba9c464	10ba9c4b7	decompiled	chunks/005/functions-000344.c	-[SCADiskUsageMetrics setFreeSpaceKb:]	
10ba9c4b8	10ba9c50b	decompiled	chunks/005/functions-000344.c	-[SCADiskUsageMetrics setTotalSizeKb:]	
10ba9c50c	10ba9c55f	decompiled	chunks/005/functions-000344.c	-[SCADiskUsageMetrics setTotalSpaceKb:]	
10ba9c560	10ba9c707	decompiled	chunks/005/functions-000344.c	-[SCADiskUsageMetrics prepareDictionary:]	
10ba9c708	10ba9c70b	decompiled	chunks/005/functions-000344.c	-[SCADiskUsageMetrics getFieldNumberToFieldDict]	
10ba9c70c	10ba9c717	decompiled	chunks/005/functions-000344.c	-[SCADiskUsageMetrics toProtoWithAllowedFields:]	
10ba9c718	10ba9c71f	decompiled	chunks/005/functions-000344.c	-[SCADiskUsageMetrics getPayloadIdentifier]	
10ba9c720	10ba9c72b	decompiled	chunks/005/functions-000344.c	-[SCAEelReEncrypt getEventName]	
10ba9c72c	10ba9c733	decompiled	chunks/005/functions-000344.c	-[SCAEelReEncrypt getEventQoS]	
10ba9c734	10ba9c7b3	decompiled	chunks/005/functions-000344.c	-[SCAEelReEncrypt setFailureReason:]	
10ba9c7b4	10ba9c807	decompiled	chunks/005/functions-000344.c	-[SCAEelReEncrypt setLatencyUs:]	
10ba9c808	10ba9c81f	decompiled	chunks/005/functions-000344.c	-[SCAEelReEncrypt setMessageId:]	
10ba9c820	10ba9c873	decompiled	chunks/005/functions-000344.c	-[SCAEelReEncrypt setReEncryptionSuccess:]	
10ba9c874	10ba9c8f3	decompiled	chunks/005/functions-000344.c	-[SCAEelReEncrypt setReEncryptionType:]	
10ba9c8f4	10ba9c90b	decompiled	chunks/005/functions-000344.c	-[SCAEelReEncrypt setRequestBatchId:]	
10ba9c90c	10ba9c95f	decompiled	chunks/005/functions-000344.c	-[SCAEelReEncrypt setCurrentUserPkId:]	
10ba9c960	10ba9c9b3	decompiled	chunks/005/functions-000344.c	-[SCAEelReEncrypt setMessageVersion:]	
10ba9c9b4	10ba9c9cb	decompiled	chunks/005/functions-000344.c	-[SCAEelReEncrypt setPkIds:]	
10ba9c9cc	10ba9ca4b	decompiled	chunks/005/functions-000345.c	-[SCAEelReEncrypt setDecryptFailure:]	
10ba9ca4c	10ba9ca63	decompiled	chunks/005/functions-000345.c	-[SCAEelReEncrypt setFailedPkIds:]	
10ba9ca64	10ba9ca7b	decompiled	chunks/005/functions-000345.c	-[SCAEelReEncrypt setStalePkIds:]	
10ba9ca7c	10ba9cacf	decompiled	chunks/005/functions-000345.c	-[SCAEelReEncrypt setIsSender:]	
10ba9cad0	10ba9cb4f	decompiled	chunks/005/functions-000345.c	-[SCAEelReEncrypt setServerMessageType:]	
10ba9cb50	10ba9cba3	decompiled	chunks/005/functions-000345.c	-[SCAEelReEncrypt setWatermarkDiff:]	
10ba9cba4	10ba9cbf7	decompiled	chunks/005/functions-000345.c	-[SCAEelReEncrypt setInActiveConversation:]	
10ba9cbf8	10ba9cc4b	decompiled	chunks/005/functions-000345.c	-[SCAEelReEncrypt setMessageCreationTimestamp:]	
10ba9cc4c	10ba9cc9f	decompiled	chunks/005/functions-000345.c	-[SCAEelReEncrypt setMessageDecryptionFailureTimestamp:]	
10ba9cca0	10ba9cca3	decompiled	chunks/005/functions-000345.c	-[SCAEelReEncrypt getFieldNumberToFieldDict]	
10ba9cca4	10ba9ccaf	decompiled	chunks/005/functions-000345.c	-[SCAEelReEncrypt toProtoWithAllowedFields:]	
10ba9ccb0	10ba9ccb7	decompiled	chunks/005/functions-000345.c	-[SCAEelReEncrypt getPayloadIdentifier]	
10ba9ccb8	10ba9ccff	decompiled	chunks/005/functions-000345.c	-[SCAHighCpuIssues setHighCpuCriteria:]	
10ba9cd00	10ba9cd53	decompiled	chunks/005/functions-000345.c	-[SCAHighCpuIssues setHighCpuDetectionEnabled:]	
10ba9cd54	10ba9cda7	decompiled	chunks/005/functions-000345.c	-[SCAHighCpuIssues setTotalIssuesCount:]	
10ba9cda8	10ba9ce67	decompiled	chunks/005/functions-000345.c	-[SCAHighCpuIssues prepareDictionary:]	
10ba9ce68	10ba9ce6b	decompiled	chunks/005/functions-000345.c	-[SCAHighCpuIssues getFieldNumberToFieldDict]	
10ba9ce6c	10ba9ce77	decompiled	chunks/005/functions-000345.c	-[SCAHighCpuIssues toProtoWithAllowedFields:]	
10ba9ce78	10ba9ce7f	decompiled	chunks/005/functions-000345.c	-[SCAHighCpuIssues getPayloadIdentifier]	
10ba9ce80	10ba9ce8b	decompiled	chunks/005/functions-000345.c	-[SCAKrakenUpdate getEventName]	
10ba9ce8c	10ba9ce93	decompiled	chunks/005/functions-000345.c	-[SCAKrakenUpdate getEventQoS]	
10ba9ce94	10ba9ceab	decompiled	chunks/005/functions-000345.c	-[SCAKrakenUpdate setConversationId:]	
10ba9ceac	10ba9ceff	decompiled	chunks/005/functions-000345.c	-[SCAKrakenUpdate setEpochKeyId:]	
10ba9cf00	10ba9cf53	decompiled	chunks/005/functions-000345.c	-[SCAKrakenUpdate setEpochNumber:]	
10ba9cf54	10ba9cfa7	decompiled	chunks/005/functions-000345.c	-[SCAKrakenUpdate setGroupSize:]	
10ba9cfa8	10ba9cffb	decompiled	chunks/005/functions-000345.c	-[SCAKrakenUpdate setLatencyUs:]	
10ba9cffc	10ba9d07b	decompiled	chunks/005/functions-000345.c	-[SCAKrakenUpdate setReEncryptionFailure:]	
10ba9d07c	10ba9d093	decompiled	chunks/005/functions-000345.c	-[SCAKrakenUpdate setRecipientIdList:]	
10ba9d094	10ba9d0ab	decompiled	chunks/005/functions-000345.c	-[SCAKrakenUpdate setRecipientPkIds:]	
10ba9d0ac	10ba9d0ff	decompiled	chunks/005/functions-000345.c	-[SCAKrakenUpdate setSuccess:]	
10ba9d100	10ba9d17f	decompiled	chunks/005/functions-000345.c	-[SCAKrakenUpdate setUpdateType:]	
10ba9d180	10ba9d1d3	decompiled	chunks/005/functions-000345.c	-[SCAKrakenUpdate setUserPkId:]	
10ba9d1d4	10ba9d253	decompiled	chunks/005/functions-000345.c	-[SCAKrakenUpdate setDecryptFailure:]	
10ba9d254	10ba9d2d3	decompiled	chunks/005/functions-000345.c	-[SCAKrakenUpdate setEncryptFailure:]	
10ba9d2d4	10ba9d2eb	decompiled	chunks/005/functions-000345.c	-[SCAKrakenUpdate setReEncryptInitList:]	
10ba9d2ec	10ba9d303	decompiled	chunks/005/functions-000345.c	-[SCAKrakenUpdate setAttributedFeature:]	
10ba9d304	10ba9d357	decompiled	chunks/005/functions-000345.c	-[SCAKrakenUpdate setIsRetried:]	
10ba9d358	10ba9d35b	decompiled	chunks/005/functions-000345.c	-[SCAKrakenUpdate getFieldNumberToFieldDict]	
10ba9d35c	10ba9d367	decompiled	chunks/005/functions-000345.c	-[SCAKrakenUpdate toProtoWithAllowedFields:]	
10ba9d368	10ba9d36f	decompiled	chunks/005/functions-000345.c	-[SCAKrakenUpdate getPayloadIdentifier]	
10ba9d370	10ba9d37b	decompiled	chunks/005/functions-000345.c	-[SCALoadMessage getEventName]	
10ba9d37c	10ba9d383	decompiled	chunks/005/functions-000345.c	-[SCALoadMessage getEventQoS]	
10ba9d384	10ba9d403	decompiled	chunks/005/functions-000345.c	-[SCALoadMessage setFailedStep:]	
10ba9d404	10ba9d457	decompiled	chunks/005/functions-000345.c	-[SCALoadMessage setIsGroupConversation:]	
10ba9d458	10ba9d4ab	decompiled	chunks/005/functions-000345.c	-[SCALoadMessage setLensSizeBytes:]	
10ba9d4ac	10ba9d4c3	decompiled	chunks/005/functions-000345.c	-[SCALoadMessage setLoadMessageAttemptId:]	
10ba9d4c4	10ba9d543	decompiled	chunks/005/functions-000345.c	-[SCALoadMessage setLoadMessageAttemptType:]	
10ba9d544	10ba9d597	decompiled	chunks/005/functions-000345.c	-[SCALoadMessage setLoadMessageEndTimestamp:]	
10ba9d598	10ba9d5eb	decompiled	chunks/005/functions-000345.c	-[SCALoadMessage setLoadMessageStartTimestamp:]	
10ba9d5ec	10ba9d66b	decompiled	chunks/005/functions-000345.c	-[SCALoadMessage setLoadMessageStatus:]	
10ba9d66c	10ba9d6bf	decompiled	chunks/005/functions-000345.c	-[SCALoadMessage setLoadMessageUserPresentTotalLatencyMs:]	
10ba9d6c0	10ba9d6d7	decompiled	chunks/005/functions-000345.c	-[SCALoadMessage setMediaId:]	
10ba9d6d8	10ba9d72b	decompiled	chunks/005/functions-000345.c	-[SCALoadMessage setMediaSizeBytes:]	
10ba9d72c	10ba9d743	decompiled	chunks/005/functions-000345.c	-[SCALoadMessage setMediaType:]	
10ba9d744	10ba9d75b	decompiled	chunks/005/functions-000345.c	-[SCALoadMessage setMessageId:]	
10ba9d75c	10ba9d773	decompiled	chunks/005/functions-000345.c	-[SCALoadMessage setMessageType:]	
10ba9d774	10ba9d78b	decompiled	chunks/005/functions-000345.c	-[SCALoadMessage setStepLatenciesMs:]	
10ba9d78c	10ba9d7df	decompiled	chunks/005/functions-000345.c	-[SCALoadMessage setUserPresentStartTimestamp:]	
10ba9d7e0	10ba9d827	decompiled	chunks/005/functions-000345.c	-[SCALoadMessage setArroyoMixedModeConversationData:]	
10ba9d828	10ba9d83f	decompiled	chunks/005/functions-000345.c	-[SCALoadMessage setMultiSnapBundleId:]	
10ba9d840	10ba9d893	decompiled	chunks/005/functions-000345.c	-[SCALoadMessage setSegmentCount:]	
10ba9d894	10ba9d8e7	decompiled	chunks/005/functions-000345.c	-[SCALoadMessage setSegmentIndex:]	
10ba9d8e8	10ba9d93b	decompiled	chunks/005/functions-000345.c	-[SCALoadMessage setMediaDurationSec:]	
10ba9d93c	10ba9d9fb	decompiled	chunks/005/functions-000345.c	-[SCALoadMessage prepareDictionary:]	
10ba9d9fc	10ba9d9ff	decompiled	chunks/005/functions-000345.c	-[SCALoadMessage getFieldNumberToFieldDict]	
10ba9da00	10ba9da0b	decompiled	chunks/005/functions-000345.c	-[SCALoadMessage toProtoWithAllowedFields:]	
10ba9da0c	10ba9da13	decompiled	chunks/005/functions-000345.c	-[SCALoadMessage getPayloadIdentifier]	
10ba9da14	10ba9da2b	decompiled	chunks/005/functions-000345.c	-[SCALocationListenerMetrics setLocationLevelRequest:]	
10ba9da2c	10ba9da7f	decompiled	chunks/005/functions-000345.c	-[SCALocationListenerMetrics setLocationUpdateTimeMs:]	
10ba9da80	10ba9dac7	decompiled	chunks/005/functions-000345.c	-[SCALocationListenerMetrics setLocationUpdateTimeAttribution:]	
10ba9dac8	10ba9db1b	decompiled	chunks/005/functions-000345.c	-[SCALocationListenerMetrics setIsLocationPermissionGranted:]	
10ba9db1c	10ba9dcc3	decompiled	chunks/005/functions-000345.c	-[SCALocationListenerMetrics prepareDictionary:]	
10ba9dcc4	10ba9dcc7	decompiled	chunks/005/functions-000345.c	-[SCALocationListenerMetrics getFieldNumberToFieldDict]	
10ba9dcc8	10ba9dcd3	decompiled	chunks/005/functions-000345.c	-[SCALocationListenerMetrics toProtoWithAllowedFields:]	
10ba9dcd4	10ba9dcdb	decompiled	chunks/005/functions-000345.c	-[SCALocationListenerMetrics getPayloadIdentifier]	
10ba9dcdc	10ba9dcf3	decompiled	chunks/005/functions-000345.c	-[SCALocationUpdateTime setCaller:]	
10ba9dcf4	10ba9dd47	decompiled	chunks/005/functions-000345.c	-[SCALocationUpdateTime setDurationMs:]	
10ba9dd48	10ba9dd9b	decompiled	chunks/005/functions-000345.c	-[SCALocationUpdateTime setRequestCount:]	
10ba9dd9c	10ba9ddb3	decompiled	chunks/005/functions-000345.c	-[SCALocationUpdateTime setJiraProject:]	
10ba9ddb4	10ba9ddb7	decompiled	chunks/005/functions-000345.c	-[SCALocationUpdateTime getFieldNumberToFieldDict]	
10ba9ddb8	10ba9ddc3	decompiled	chunks/005/functions-000345.c	-[SCALocationUpdateTime toProtoWithAllowedFields:]	
10ba9ddc4	10ba9ddcb	decompiled	chunks/005/functions-000345.c	-[SCALocationUpdateTime getPayloadIdentifier]	
10ba9ddcc	10ba9ddd7	decompiled	chunks/005/functions-000345.c	-[SCAMdpMediaOrchestration getEventName]	
10ba9ddd8	10ba9dddf	decompiled	chunks/005/functions-000345.c	-[SCAMdpMediaOrchestration getEventQoS]	
10ba9dde0	10ba9de5f	decompiled	chunks/005/functions-000345.c	-[SCAMdpMediaOrchestration setFailedStep:]	
10ba9de60	10ba9dedf	decompiled	chunks/005/functions-000345.c	-[SCAMdpMediaOrchestration setFeatureSource:]	
10ba9dee0	10ba9def7	decompiled	chunks/005/functions-000345.c	-[SCAMdpMediaOrchestration setFkSendMessageAttemptId:]	
10ba9def8	10ba9df4b	decompiled	chunks/005/functions-000345.c	-[SCAMdpMediaOrchestration setMediaDurationMS:]	
10ba9df4c	10ba9df63	decompiled	chunks/005/functions-000345.c	-[SCAMdpMediaOrchestration setMediaId:]	
10ba9df64	10ba9df7b	decompiled	chunks/005/functions-000345.c	-[SCAMdpMediaOrchestration setMediaOrchestrationAttemptId:]	
10ba9df7c	10ba9dffb	decompiled	chunks/005/functions-000345.c	-[SCAMdpMediaOrchestration setMediaOrchestrationResult:]	
10ba9dffc	10ba9e013	decompiled	chunks/005/functions-000345.c	-[SCAMdpMediaOrchestration setMediaResolutionPostTranscoding:]	
10ba9e014	10ba9e067	decompiled	chunks/005/functions-000345.c	-[SCAMdpMediaOrchestration setMediaSize:]	
10ba9e068	10ba9e07f	decompiled	chunks/005/functions-000345.c	-[SCAMdpMediaOrchestration setMediaType:]	
10ba9e080	10ba9e097	decompiled	chunks/005/functions-000345.c	-[SCAMdpMediaOrchestration setStepLatenciesMs:]	
10ba9e098	10ba9e0eb	decompiled	chunks/005/functions-000345.c	-[SCAMdpMediaOrchestration setTotalLatencyMs:]	
10ba9e0ec	10ba9e16b	decompiled	chunks/005/functions-000345.c	-[SCAMdpMediaOrchestration setTriggerType:]	
10ba9e16c	10ba9e1bf	decompiled	chunks/005/functions-000345.c	-[SCAMdpMediaOrchestration setUploadQualityLevel:]	
10ba9e1c0	10ba9e207	decompiled	chunks/005/functions-000345.c	-[SCAMdpMediaOrchestration setAssetResumableUploadInfoList:]	
10ba9e208	10ba9e24f	decompiled	chunks/005/functions-000345.c	-[SCAMdpMediaOrchestration setAssetUploadInfoList:]	
10ba9e250	10ba9e267	decompiled	chunks/005/functions-000346.c	-[SCAMdpMediaOrchestration setCaptureId:]	
10ba9e268	10ba9e27f	decompiled	chunks/005/functions-000346.c	-[SCAMdpMediaOrchestration setFkAttemptId:]	
10ba9e280	10ba9e297	decompiled	chunks/005/functions-000346.c	-[SCAMdpMediaOrchestration setRequestId:]	
10ba9e298	10ba9e2eb	decompiled	chunks/005/functions-000346.c	-[SCAMdpMediaOrchestration setUploadRequestMediaSource:]	
10ba9e2ec	10ba9e33f	decompiled	chunks/005/functions-000346.c	-[SCAMdpMediaOrchestration setUploadRequestType:]	
10ba9e340	10ba9e357	decompiled	chunks/005/functions-000346.c	-[SCAMdpMediaOrchestration setErrorMessage:]	
10ba9e358	10ba9e3d7	decompiled	chunks/005/functions-000346.c	-[SCAMdpMediaOrchestration setMetricType:]	
10ba9e3d8	10ba9e457	decompiled	chunks/005/functions-000346.c	-[SCAMdpMediaOrchestration setChunkFlowEligibility:]	
10ba9e458	10ba9e4ab	decompiled	chunks/005/functions-000346.c	-[SCAMdpMediaOrchestration setChunkFlowEnabled:]	
10ba9e4ac	10ba9e4c3	decompiled	chunks/005/functions-000346.c	-[SCAMdpMediaOrchestration setMediaOrchestrationId:]	
10ba9e4c4	10ba9e4db	decompiled	chunks/005/functions-000346.c	-[SCAMdpMediaOrchestration setClientMessageId:]	
10ba9e4dc	10ba9e783	decompiled	chunks/005/functions-000346.c	-[SCAMdpMediaOrchestration prepareDictionary:]	
10ba9e784	10ba9e787	decompiled	chunks/005/functions-000346.c	-[SCAMdpMediaOrchestration getFieldNumberToFieldDict]	
10ba9e788	10ba9e793	decompiled	chunks/005/functions-000346.c	-[SCAMdpMediaOrchestration toProtoWithAllowedFields:]	
10ba9e794	10ba9e79b	decompiled	chunks/005/functions-000346.c	-[SCAMdpMediaOrchestration getPayloadIdentifier]	
10ba9e79c	10ba9e7a7	decompiled	chunks/005/functions-000346.c	-[SCAMdpSnapExport getEventName]	
10ba9e7a8	10ba9e7af	decompiled	chunks/005/functions-000346.c	-[SCAMdpSnapExport getEventQoS]	
10ba9e7b0	10ba9e7c7	decompiled	chunks/005/functions-000346.c	-[SCAMdpSnapExport setDestination:]	
10ba9e7c8	10ba9e7df	decompiled	chunks/005/functions-000346.c	-[SCAMdpSnapExport setError:]	
10ba9e7e0	10ba9e7f7	decompiled	chunks/005/functions-000346.c	-[SCAMdpSnapExport setExportAttemptId:]	
10ba9e7f8	10ba9e80f	decompiled	chunks/005/functions-000346.c	-[SCAMdpSnapExport setFailedStep:]	
10ba9e810	10ba9e827	decompiled	chunks/005/functions-000346.c	-[SCAMdpSnapExport setFkAttemptId:]	
10ba9e828	10ba9e87b	decompiled	chunks/005/functions-000346.c	-[SCAMdpSnapExport setMediaSize:]	
10ba9e87c	10ba9e893	decompiled	chunks/005/functions-000346.c	-[SCAMdpSnapExport setMediaSource:]	
10ba9e894	10ba9e8ab	decompiled	chunks/005/functions-000346.c	-[SCAMdpSnapExport setMediaType:]	
10ba9e8ac	10ba9e92b	decompiled	chunks/005/functions-000346.c	-[SCAMdpSnapExport setMetricType:]	
10ba9e92c	10ba9e943	decompiled	chunks/005/functions-000346.c	-[SCAMdpSnapExport setRequestId:]	
10ba9e944	10ba9e95b	decompiled	chunks/005/functions-000346.c	-[SCAMdpSnapExport setStatus:]	
10ba9e95c	10ba9e973	decompiled	chunks/005/functions-000346.c	-[SCAMdpSnapExport setStepLatenciesMs:]	
10ba9e974	10ba9e9c7	decompiled	chunks/005/functions-000346.c	-[SCAMdpSnapExport setTotalLatencyMs:]	
10ba9e9c8	10ba9e9cb	decompiled	chunks/005/functions-000346.c	-[SCAMdpSnapExport getFieldNumberToFieldDict]	
10ba9e9cc	10ba9e9d7	decompiled	chunks/005/functions-000346.c	-[SCAMdpSnapExport toProtoWithAllowedFields:]	
10ba9e9d8	10ba9e9df	decompiled	chunks/005/functions-000346.c	-[SCAMdpSnapExport getPayloadIdentifier]	
10ba9e9e0	10ba9ea33	decompiled	chunks/005/functions-000346.c	-[SCANetworkBytes setRadioBytesRx:]	
10ba9ea34	10ba9ea87	decompiled	chunks/005/functions-000346.c	-[SCANetworkBytes setRadioBytesTx:]	
10ba9ea88	10ba9eadb	decompiled	chunks/005/functions-000346.c	-[SCANetworkBytes setWifiBytesRx:]	
10ba9eadc	10ba9eb2f	decompiled	chunks/005/functions-000346.c	-[SCANetworkBytes setWifiBytesTx:]	
10ba9eb30	10ba9eb33	decompiled	chunks/005/functions-000346.c	-[SCANetworkBytes getFieldNumberToFieldDict]	
10ba9eb34	10ba9eb3f	decompiled	chunks/005/functions-000346.c	-[SCANetworkBytes toProtoWithAllowedFields:]	
10ba9eb40	10ba9eb47	decompiled	chunks/005/functions-000346.c	-[SCANetworkBytes getPayloadIdentifier]	
10ba9eb48	10ba9eb9b	decompiled	chunks/005/functions-000346.c	-[SCANetworkPackets setWifiPacketsRx:]	
10ba9eb9c	10ba9ebef	decompiled	chunks/005/functions-000346.c	-[SCANetworkPackets setWifiPacketsTx:]	
10ba9ebf0	10ba9ec43	decompiled	chunks/005/functions-000346.c	-[SCANetworkPackets setWwanPacketsRx:]	
10ba9ec44	10ba9ec97	decompiled	chunks/005/functions-000346.c	-[SCANetworkPackets setWwanPacketsTx:]	
10ba9ec98	10ba9ec9b	decompiled	chunks/005/functions-000346.c	-[SCANetworkPackets getFieldNumberToFieldDict]	
10ba9ec9c	10ba9eca7	decompiled	chunks/005/functions-000346.c	-[SCANetworkPackets toProtoWithAllowedFields:]	
10ba9eca8	10ba9ecaf	decompiled	chunks/005/functions-000346.c	-[SCANetworkPackets getPayloadIdentifier]	
10ba9ecb0	10ba9ecc7	decompiled	chunks/005/functions-000346.c	-[SCANetworkRadioOverheadMetrics setNetworkActivityAttributionMap:]	
10ba9ecc8	10ba9ed1b	decompiled	chunks/005/functions-000346.c	-[SCANetworkRadioOverheadMetrics setNetworkActivityCount:]	
10ba9ed1c	10ba9ed6f	decompiled	chunks/005/functions-000346.c	-[SCANetworkRadioOverheadMetrics setNetworkActivityTimeMs:]	
10ba9ed70	10ba9edc3	decompiled	chunks/005/functions-000346.c	-[SCANetworkRadioOverheadMetrics setNetworkRadioOverheadTimeMs:]	
10ba9edc4	10ba9ee17	decompiled	chunks/005/functions-000346.c	-[SCANetworkRadioOverheadMetrics setNetworkWifiActivityTimeMs:]	
10ba9ee18	10ba9ee6b	decompiled	chunks/005/functions-000346.c	-[SCANetworkRadioOverheadMetrics setNetworkWifiRadioOverheadTimeMs:]	
10ba9ee6c	10ba9eebf	decompiled	chunks/005/functions-000346.c	-[SCANetworkRadioOverheadMetrics setNetworkWwanActivityTimeMs:]	
10ba9eec0	10ba9ef13	decompiled	chunks/005/functions-000346.c	-[SCANetworkRadioOverheadMetrics setNetworkWwanRadioOverheadTimeMs:]	
10ba9ef14	10ba9ef5b	decompiled	chunks/005/functions-000346.c	-[SCANetworkRadioOverheadMetrics setNetworkActivityTimeAttribution:]	
10ba9ef5c	10ba9efa3	decompiled	chunks/005/functions-000346.c	-[SCANetworkRadioOverheadMetrics setNetworkOverheadTimeAttribution:]	
10ba9efa4	10ba9f24b	decompiled	chunks/005/functions-000346.c	-[SCANetworkRadioOverheadMetrics prepareDictionary:]	
10ba9f24c	10ba9f24f	decompiled	chunks/005/functions-000346.c	-[SCANetworkRadioOverheadMetrics getFieldNumberToFieldDict]	
10ba9f250	10ba9f25b	decompiled	chunks/005/functions-000346.c	-[SCANetworkRadioOverheadMetrics toProtoWithAllowedFields:]	
10ba9f25c	10ba9f263	decompiled	chunks/005/functions-000346.c	-[SCANetworkRadioOverheadMetrics getPayloadIdentifier]	
10ba9f264	10ba9f2b7	decompiled	chunks/005/functions-000346.c	-[SCANetworkRadioUptime setNetworkMobileHighTimeSec:]	
10ba9f2b8	10ba9f30b	decompiled	chunks/005/functions-000346.c	-[SCANetworkRadioUptime setNetworkMobileLowTimeSec:]	
10ba9f30c	10ba9f35f	decompiled	chunks/005/functions-000346.c	-[SCANetworkRadioUptime setNetworkMobileWakeupCount:]	
10ba9f360	10ba9f377	decompiled	chunks/005/functions-000346.c	-[SCANetworkRadioUptime setNetworkWakeupAttributionMap:]	
10ba9f378	10ba9f3cb	decompiled	chunks/005/functions-000346.c	-[SCANetworkRadioUptime setNetworkWifiActiveTimeSec:]	
10ba9f3cc	10ba9f41f	decompiled	chunks/005/functions-000346.c	-[SCANetworkRadioUptime setNetworkWifiWakeupCount:]	
10ba9f420	10ba9f423	decompiled	chunks/005/functions-000346.c	-[SCANetworkRadioUptime getFieldNumberToFieldDict]	
10ba9f424	10ba9f42f	decompiled	chunks/005/functions-000346.c	-[SCANetworkRadioUptime toProtoWithAllowedFields:]	
10ba9f430	10ba9f437	decompiled	chunks/005/functions-000346.c	-[SCANetworkRadioUptime getPayloadIdentifier]	
10ba9f438	10ba9f48b	decompiled	chunks/005/functions-000346.c	-[SCANetworkTime setBoltUseCase:]	
10ba9f48c	10ba9f4df	decompiled	chunks/005/functions-000346.c	-[SCANetworkTime setDurationMs:]	
10ba9f4e0	10ba9f4f7	decompiled	chunks/005/functions-000346.c	-[SCANetworkTime setHost:]	
10ba9f4f8	10ba9f50f	decompiled	chunks/005/functions-000346.c	-[SCANetworkTime setMediaContextType:]	
10ba9f510	10ba9f58f	decompiled	chunks/005/functions-000346.c	-[SCANetworkTime setNetworkActivityGroup:]	
10ba9f590	10ba9f60f	decompiled	chunks/005/functions-000346.c	-[SCANetworkTime setNetworkTaskType:]	
10ba9f610	10ba9f627	decompiled	chunks/005/functions-000346.c	-[SCANetworkTime setPath:]	
10ba9f628	10ba9f67b	decompiled	chunks/005/functions-000346.c	-[SCANetworkTime setRequestCount:]	
10ba9f67c	10ba9f693	decompiled	chunks/005/functions-000346.c	-[SCANetworkTime setGrpcFeature:]	
10ba9f694	10ba9f697	decompiled	chunks/005/functions-000346.c	-[SCANetworkTime getFieldNumberToFieldDict]	
10ba9f698	10ba9f6a3	decompiled	chunks/005/functions-000346.c	-[SCANetworkTime toProtoWithAllowedFields:]	
10ba9f6a4	10ba9f6ab	decompiled	chunks/005/functions-000346.c	-[SCANetworkTime getPayloadIdentifier]	
10ba9f6ac	10ba9f6c3	decompiled	chunks/005/functions-000346.c	-[SCAPageCpu setCpuFreqRecord:]	
10ba9f6c4	10ba9f717	decompiled	chunks/005/functions-000346.c	-[SCAPageCpu setCpuTimeMs:]	
10ba9f718	10ba9f72f	decompiled	chunks/005/functions-000346.c	-[SCAPageCpu setPage:]	
10ba9f730	10ba9f783	decompiled	chunks/005/functions-000346.c	-[SCAPageCpu setPageViewCount:]	
10ba9f784	10ba9f7d7	decompiled	chunks/005/functions-000346.c	-[SCAPageCpu setPageViewTimeMs:]	
10ba9f7d8	10ba9f7ef	decompiled	chunks/005/functions-000346.c	-[SCAPageCpu setJiraProject:]	
10ba9f7f0	10ba9f7f3	decompiled	chunks/005/functions-000346.c	-[SCAPageCpu getFieldNumberToFieldDict]	
10ba9f7f4	10ba9f7ff	decompiled	chunks/005/functions-000346.c	-[SCAPageCpu toProtoWithAllowedFields:]	
10ba9f800	10ba9f807	decompiled	chunks/005/functions-000346.c	-[SCAPageCpu getPayloadIdentifier]	
10ba9f808	10ba9f81f	decompiled	chunks/005/functions-000346.c	-[SCAPageTypeAttribution setPageTypeMostView:]	
10ba9f820	10ba9f837	decompiled	chunks/005/functions-000346.c	-[SCAPageTypeAttribution setPageTypeMsRecord:]	
10ba9f838	10ba9f83b	decompiled	chunks/005/functions-000346.c	-[SCAPageTypeAttribution getFieldNumberToFieldDict]	
10ba9f83c	10ba9f847	decompiled	chunks/005/functions-000346.c	-[SCAPageTypeAttribution toProtoWithAllowedFields:]	
10ba9f848	10ba9f84f	decompiled	chunks/005/functions-000346.c	-[SCAPageTypeAttribution getPayloadIdentifier]	
10ba9f850	10ba9f867	decompiled	chunks/005/functions-000346.c	-[SCAPowerProfile setPowerProfileJson:]	
10ba9f868	10ba9f86b	decompiled	chunks/005/functions-000346.c	-[SCAPowerProfile getFieldNumberToFieldDict]	
10ba9f86c	10ba9f877	decompiled	chunks/005/functions-000346.c	-[SCAPowerProfile toProtoWithAllowedFields:]	
10ba9f878	10ba9f87f	decompiled	chunks/005/functions-000346.c	-[SCAPowerProfile getPayloadIdentifier]	
10ba9f880	10ba9f897	decompiled	chunks/005/functions-000347.c	-[SCAPowerRestrictions setRestrictionsMap:]	
10ba9f898	10ba9f89b	decompiled	chunks/005/functions-000347.c	-[SCAPowerRestrictions getFieldNumberToFieldDict]	
10ba9f89c	10ba9f8a7	decompiled	chunks/005/functions-000347.c	-[SCAPowerRestrictions toProtoWithAllowedFields:]	
10ba9f8a8	10ba9f8af	decompiled	chunks/005/functions-000347.c	-[SCAPowerRestrictions getPayloadIdentifier]	
10ba9f8b0	10ba9f8bb	decompiled	chunks/005/functions-000347.c	-[SCAReceiveMessage getEventName]	
10ba9f8bc	10ba9f8c3	decompiled	chunks/005/functions-000347.c	-[SCAReceiveMessage getEventQoS]	
10ba9f8c4	10ba9f90b	decompiled	chunks/005/functions-000347.c	-[SCAReceiveMessage setArroyoMixedModeConversationData:]	
10ba9f90c	10ba9f98b	decompiled	chunks/005/functions-000347.c	-[SCAReceiveMessage setFailedStep:]	
10ba9f98c	10ba9f9df	decompiled	chunks/005/functions-000347.c	-[SCAReceiveMessage setIsGroupConversation:]	
10ba9f9e0	10ba9f9f7	decompiled	chunks/005/functions-000347.c	-[SCAReceiveMessage setMediaId:]	
10ba9f9f8	10ba9fa0f	decompiled	chunks/005/functions-000347.c	-[SCAReceiveMessage setMediaType:]	
10ba9fa10	10ba9fa27	decompiled	chunks/005/functions-000347.c	-[SCAReceiveMessage setMessageId:]	
10ba9fa28	10ba9faa7	decompiled	chunks/005/functions-000347.c	-[SCAReceiveMessage setMessageReceiptType:]	
10ba9faa8	10ba9fabf	decompiled	chunks/005/functions-000347.c	-[SCAReceiveMessage setMessageType:]	
10ba9fac0	10ba9fad7	decompiled	chunks/005/functions-000347.c	-[SCAReceiveMessage setReceiveMessageAttemptId:]	
10ba9fad8	10ba9fb2b	decompiled	chunks/005/functions-000347.c	-[SCAReceiveMessage setReceiveMessageEndTimestamp:]	
10ba9fb2c	10ba9fb7f	decompiled	chunks/005/functions-000347.c	-[SCAReceiveMessage setReceiveMessageStartTimestamp:]	
10ba9fb80	10ba9fbff	decompiled	chunks/005/functions-000347.c	-[SCAReceiveMessage setReceiveMessageStatus:]	
10ba9fc00	10ba9fc53	decompiled	chunks/005/functions-000347.c	-[SCAReceiveMessage setReceiveMessageTotalLatencyMs:]	
10ba9fc54	10ba9fc6b	decompiled	chunks/005/functions-000347.c	-[SCAReceiveMessage setStepLatenciesMs:]	
10ba9fc6c	10ba9fcbf	decompiled	chunks/005/functions-000347.c	-[SCAReceiveMessage setIsChatReply:]	
10ba9fcc0	10ba9fd13	decompiled	chunks/005/functions-000347.c	-[SCAReceiveMessage setDecryptLatencyUs:]	
10ba9fd14	10ba9fd93	decompiled	chunks/005/functions-000347.c	-[SCAReceiveMessage setDecryptResult:]	
10ba9fd94	10ba9fe13	decompiled	chunks/005/functions-000347.c	-[SCAReceiveMessage setEncryption:]	
10ba9fe14	10ba9fe67	decompiled	chunks/005/functions-000347.c	-[SCAReceiveMessage setIsSender:]	
10ba9fe68	10ba9fe7f	decompiled	chunks/005/functions-000347.c	-[SCAReceiveMessage setMultiSnapBundleId:]	
10ba9fe80	10ba9fed3	decompiled	chunks/005/functions-000347.c	-[SCAReceiveMessage setSegmentCount:]	
10ba9fed4	10ba9ff27	decompiled	chunks/005/functions-000347.c	-[SCAReceiveMessage setSegmentIndex:]	
10ba9ff28	10ba9ff7b	decompiled	chunks/005/functions-000347.c	-[SCAReceiveMessage setMediaDurationSec:]	
10ba9ff7c	10ba9ffcf	decompiled	chunks/005/functions-000347.c	-[SCAReceiveMessage setUserPkId:]	
10ba9ffd0	10baa004f	decompiled	chunks/005/functions-000347.c	-[SCAReceiveMessage setDecryptFailure:]	
10baa0050	10baa00a3	decompiled	chunks/005/functions-000347.c	-[SCAReceiveMessage setEelAckEnabled:]	
10baa00a4	10baa00f7	decompiled	chunks/005/functions-000347.c	-[SCAReceiveMessage setEelInitEnabled:]	
10baa00f8	10baa014b	decompiled	chunks/005/functions-000347.c	-[SCAReceiveMessage setMessageVersion:]	
10baa014c	10baa019f	decompiled	chunks/005/functions-000347.c	-[SCAReceiveMessage setInActiveConversation:]	
10baa01a0	10baa01f3	decompiled	chunks/005/functions-000347.c	-[SCAReceiveMessage setMessageCreationTimestamp:]	
10baa01f4	10baa0247	decompiled	chunks/005/functions-000347.c	-[SCAReceiveMessage setWatermarkDiff:]	
10baa0248	10baa029b	decompiled	chunks/005/functions-000347.c	-[SCAReceiveMessage setDeviceTimeOffsetMs:]	
10baa029c	10baa02ef	decompiled	chunks/005/functions-000347.c	-[SCAReceiveMessage setInBackground:]	
10baa02f0	10baa03af	decompiled	chunks/005/functions-000347.c	-[SCAReceiveMessage prepareDictionary:]	
10baa03b0	10baa03b3	decompiled	chunks/005/functions-000347.c	-[SCAReceiveMessage getFieldNumberToFieldDict]	
10baa03b4	10baa03bf	decompiled	chunks/005/functions-000347.c	-[SCAReceiveMessage toProtoWithAllowedFields:]	
10baa03c0	10baa03c7	decompiled	chunks/005/functions-000347.c	-[SCAReceiveMessage getPayloadIdentifier]	
10baa03c8	10baa03d3	decompiled	chunks/005/functions-000347.c	-[SCASdrSession getEventName]	
10baa03d4	10baa03db	decompiled	chunks/005/functions-000347.c	-[SCASdrSession getEventQoS]	
10baa03dc	10baa03e7	decompiled	chunks/005/functions-000347.c	-[SCASdrSession getPerUserSamplingRate]	
10baa03e8	10baa03f3	decompiled	chunks/005/functions-000347.c	-[SCASdrSession getPerUserSamplingRateV2]	
10baa03f4	10baa0473	decompiled	chunks/005/functions-000347.c	-[SCASdrSession setConnectionType:]	
10baa0474	10baa04f3	decompiled	chunks/005/functions-000347.c	-[SCASdrSession setEndReason:]	
10baa04f4	10baa050b	decompiled	chunks/005/functions-000347.c	-[SCASdrSession setProfileName:]	
10baa050c	10baa055f	decompiled	chunks/005/functions-000347.c	-[SCASdrSession setSdrKbps:]	
10baa0560	10baa05b3	decompiled	chunks/005/functions-000347.c	-[SCASdrSession setSessionDurationSec:]	
10baa05b4	10baa0607	decompiled	chunks/005/functions-000347.c	-[SCASdrSession setSessionKbytes:]	
10baa0608	10baa060b	decompiled	chunks/005/functions-000347.c	-[SCASdrSession getFieldNumberToFieldDict]	
10baa060c	10baa0617	decompiled	chunks/005/functions-000347.c	-[SCASdrSession toProtoWithAllowedFields:]	
10baa0618	10baa061f	decompiled	chunks/005/functions-000347.c	-[SCASdrSession getPayloadIdentifier]	
10baa0620	10baa062b	decompiled	chunks/005/functions-000347.c	-[SCASendMessage getEventName]	
10baa062c	10baa0633	decompiled	chunks/005/functions-000347.c	-[SCASendMessage getEventQoS]	
10baa0634	10baa064b	decompiled	chunks/005/functions-000347.c	-[SCASendMessage setAnalyticsMessageIds:]	
10baa064c	10baa0693	decompiled	chunks/005/functions-000347.c	-[SCASendMessage setArroyoMixedModeConversationData:]	
10baa0694	10baa06e7	decompiled	chunks/005/functions-000347.c	-[SCASendMessage setAutoRetryCount:]	
10baa06e8	10baa06ff	decompiled	chunks/005/functions-000347.c	-[SCASendMessage setCaptureId:]	
10baa0700	10baa0753	decompiled	chunks/005/functions-000347.c	-[SCASendMessage setClickSendUntilSendStartLatency:]	
10baa0754	10baa07a7	decompiled	chunks/005/functions-000347.c	-[SCASendMessage setClickSendUntilSentLatency:]	
10baa07a8	10baa07bf	decompiled	chunks/005/functions-000347.c	-[SCASendMessage setClientMessageId:]	
10baa07c0	10baa07d7	decompiled	chunks/005/functions-000347.c	-[SCASendMessage setFailedRecipientList:]	
10baa07d8	10baa0857	decompiled	chunks/005/functions-000347.c	-[SCASendMessage setFailedStep:]	
10baa0858	10baa08d7	decompiled	chunks/005/functions-000347.c	-[SCASendMessage setFeatureSource:]	
10baa08d8	10baa08ef	decompiled	chunks/005/functions-000347.c	-[SCASendMessage setFkCaptureSessionId:]	
10baa08f0	10baa0907	decompiled	chunks/005/functions-000347.c	-[SCASendMessage setMediaId:]	
10baa0908	10baa091f	decompiled	chunks/005/functions-000347.c	-[SCASendMessage setMediaType:]	
10baa0920	10baa0937	decompiled	chunks/005/functions-000347.c	-[SCASendMessage setMessageId:]	
10baa0938	10baa094f	decompiled	chunks/005/functions-000347.c	-[SCASendMessage setMessageType:]	
10baa0950	10baa09a3	decompiled	chunks/005/functions-000347.c	-[SCASendMessage setRecipientCount:]	
10baa09a4	10baa09bb	decompiled	chunks/005/functions-000347.c	-[SCASendMessage setRecipientList:]	
10baa09bc	10baa09d3	decompiled	chunks/005/functions-000347.c	-[SCASendMessage setSendMessageAttemptId:]	
10baa09d4	10baa0a53	decompiled	chunks/005/functions-000347.c	-[SCASendMessage setSendMessageAttemptType:]	
10baa0a54	10baa0aa7	decompiled	chunks/005/functions-000347.c	-[SCASendMessage setSendMessageEndTimestamp:]	
10baa0aa8	10baa0afb	decompiled	chunks/005/functions-000347.c	-[SCASendMessage setSendMessageStartTimestamp:]	
10baa0afc	10baa0b7b	decompiled	chunks/005/functions-000347.c	-[SCASendMessage setSendMessageStatus:]	
10baa0b7c	10baa0b93	decompiled	chunks/005/functions-000347.c	-[SCASendMessage setStepLatenciesMs:]	
10baa0b94	10baa0be7	decompiled	chunks/005/functions-000347.c	-[SCASendMessage setSuccessRecipientCount:]	
10baa0be8	10baa0c3b	decompiled	chunks/005/functions-000347.c	-[SCASendMessage setTotalLatency:]	
10baa0c3c	10baa0c8f	decompiled	chunks/005/functions-000347.c	-[SCASendMessage setTotalLatencyMs:]	
10baa0c90	10baa0ca7	decompiled	chunks/005/functions-000347.c	-[SCASendMessage setUserActionId:]	
10baa0ca8	10baa0cfb	decompiled	chunks/005/functions-000347.c	-[SCASendMessage setUserActionTimestamp:]	
10baa0cfc	10baa0d4f	decompiled	chunks/005/functions-000347.c	-[SCASendMessage setUserRetryCount:]	
10baa0d50	10baa0da3	decompiled	chunks/005/functions-000347.c	-[SCASendMessage setIsChatReply:]	
10baa0da4	10baa0dbb	decompiled	chunks/005/functions-000347.c	-[SCASendMessage setMultiSnapBundleId:]	
10baa0dbc	10baa0dd3	decompiled	chunks/005/functions-000347.c	-[SCASendMessage setCameraMode:]	
10baa0dd4	10baa0deb	decompiled	chunks/005/functions-000347.c	-[SCASendMessage setFilterLensId:]	
10baa0dec	10baa0e3f	decompiled	chunks/005/functions-000347.c	-[SCASendMessage setHasAttachment:]	
10baa0e40	10baa0e93	decompiled	chunks/005/functions-000347.c	-[SCASendMessage setHasAudioTool:]	
10baa0e94	10baa0ee7	decompiled	chunks/005/functions-000347.c	-[SCASendMessage setHasCaption:]	
10baa0ee8	10baa0f3b	decompiled	chunks/005/functions-000347.c	-[SCASendMessage setHasColorFilter:]	
10baa0f3c	10baa0f8f	decompiled	chunks/005/functions-000347.c	-[SCASendMessage setHasCreativeTool:]	
10baa0f90	10baa0fe3	decompiled	chunks/005/functions-000347.c	-[SCASendMessage setHasCropping:]	
10baa0fe4	10baa1037	decompiled	chunks/005/functions-000347.c	-[SCASendMessage setHasDrawing:]	
10baa1038	10baa108b	decompiled	chunks/005/functions-000347.c	-[SCASendMessage setHasGeofilter:]	
10baa108c	10baa10df	decompiled	chunks/005/functions-000347.c	-[SCASendMessage setHasGeolens:]	
10baa10e0	10baa1133	decompiled	chunks/005/functions-000348.c	-[SCASendMessage setHasLens:]	
10baa1134	10baa1187	decompiled	chunks/005/functions-000348.c	-[SCASendMessage setHasMotionFilter:]	
10baa1188	10baa11db	decompiled	chunks/005/functions-000348.c	-[SCASendMessage setHasMusic:]	
10baa11dc	10baa122f	decompiled	chunks/005/functions-000348.c	-[SCASendMessage setHasSticker:]	
10baa1230	10baa1283	decompiled	chunks/005/functions-000348.c	-[SCASendMessage setHasTrimming:]	
10baa1284	10baa129b	decompiled	chunks/005/functions-000348.c	-[SCASendMessage setStoryRecipientList:]	
10baa129c	10baa131b	decompiled	chunks/005/functions-000348.c	-[SCASendMessage setSendMessageFailureReason:]	
10baa131c	10baa139b	decompiled	chunks/005/functions-000348.c	-[SCASendMessage setEncryptFailure:]	
10baa139c	10baa141b	decompiled	chunks/005/functions-000348.c	-[SCASendMessage setEncryption:]	
10baa141c	10baa146f	decompiled	chunks/005/functions-000348.c	-[SCASendMessage setSegmentCount:]	
10baa1470	10baa14c3	decompiled	chunks/005/functions-000348.c	-[SCASendMessage setSegmentIndex:]	
10baa14c4	10baa1517	decompiled	chunks/005/functions-000348.c	-[SCASendMessage setMediaDurationSec:]	
10baa1518	10baa156b	decompiled	chunks/005/functions-000348.c	-[SCASendMessage setUserPkId:]	
10baa156c	10baa1583	decompiled	chunks/005/functions-000348.c	-[SCASendMessage setMediaOrchestrationAttemptId:]	
10baa1584	10baa1603	decompiled	chunks/005/functions-000348.c	-[SCASendMessage setChunkFlowEligibility:]	
10baa1604	10baa1657	decompiled	chunks/005/functions-000348.c	-[SCASendMessage setChunkFlowEnabled:]	
10baa1658	10baa16ab	decompiled	chunks/005/functions-000348.c	-[SCASendMessage setEelCapableDryRunMode:]	
10baa16ac	10baa172b	decompiled	chunks/005/functions-000348.c	-[SCASendMessage setEncryptSkipReason:]	
10baa172c	10baa1743	decompiled	chunks/005/functions-000348.c	-[SCASendMessage setRecipientPkIds:]	
10baa1744	10baa1797	decompiled	chunks/005/functions-000348.c	-[SCASendMessage setDeviceTimeOffsetMs:]	
10baa1798	10baa17af	decompiled	chunks/005/functions-000348.c	-[SCASendMessage setClientSnapId:]	
10baa17b0	10baa17c7	decompiled	chunks/005/functions-000348.c	-[SCASendMessage setRecipientIdList:]	
10baa17c8	10baa181b	decompiled	chunks/005/functions-000348.c	-[SCASendMessage setIsPublicGroup:]	
10baa181c	10baa1833	decompiled	chunks/005/functions-000348.c	-[SCASendMessage setPublicGroupId:]	
10baa1834	10baa184b	decompiled	chunks/005/functions-000348.c	-[SCASendMessage setTopicId:]	
10baa184c	10baa1863	decompiled	chunks/005/functions-000348.c	-[SCASendMessage setSendToSessionId:]	
10baa1864	10baa18b7	decompiled	chunks/005/functions-000348.c	-[SCASendMessage setKrakenEpochNumber:]	
10baa18b8	10baa1937	decompiled	chunks/005/functions-000348.c	-[SCASendMessage setAppState:]	
10baa1938	10baa19b7	decompiled	chunks/005/functions-000348.c	-[SCASendMessage setResumeTrigger:]	
10baa19b8	10baa19cf	decompiled	chunks/005/functions-000348.c	-[SCASendMessage setFailureDescription:]	
10baa19d0	10baa1a8f	decompiled	chunks/005/functions-000348.c	-[SCASendMessage prepareDictionary:]	
10baa1a90	10baa1a93	decompiled	chunks/005/functions-000348.c	-[SCASendMessage getFieldNumberToFieldDict]	
10baa1a94	10baa1a9f	decompiled	chunks/005/functions-000348.c	-[SCASendMessage toProtoWithAllowedFields:]	
10baa1aa0	10baa1aa7	decompiled	chunks/005/functions-000348.c	-[SCASendMessage getPayloadIdentifier]	
10baa1aa8	10baa1ab3	decompiled	chunks/005/functions-000348.c	-[SCASendMessageMixedMode getEventName]	
10baa1ab4	10baa1abb	decompiled	chunks/005/functions-000348.c	-[SCASendMessageMixedMode getEventQoS]	
10baa1abc	10baa1ac7	decompiled	chunks/005/functions-000348.c	-[SCASendMessageMixedMode getPerUserSamplingRateV2]	
10baa1ac8	10baa1aeb	decompiled	chunks/005/functions-000348.c	-[SCASendMessageMixedMode getFieldNumberToFieldDict]	
10baa1aec	10baa1b23	decompiled	chunks/005/functions-000348.c	-[SCASendMessageMixedMode addToProtoDictionary]	
10baa1b24	10baa1b7b	decompiled	chunks/005/functions-000348.c	-[SCASendMessageMixedMode toProtoWithAllowedFields:]	
10baa1b7c	10baa1b83	decompiled	chunks/005/functions-000348.c	-[SCASendMessageMixedMode getPayloadIdentifier]	
10baa1b84	10baa1b8f	decompiled	chunks/005/functions-000348.c	-[SCASendMessageStoryPost getEventName]	
10baa1b90	10baa1b97	decompiled	chunks/005/functions-000348.c	-[SCASendMessageStoryPost getEventQoS]	
10baa1b98	10baa1ba3	decompiled	chunks/005/functions-000348.c	-[SCASendMessageStoryPost getPerUserSamplingRate]	
10baa1ba4	10baa1baf	decompiled	chunks/005/functions-000348.c	-[SCASendMessageStoryPost getPerUserSamplingRateV2]	
10baa1bb0	10baa1bc7	decompiled	chunks/005/functions-000348.c	-[SCASendMessageStoryPost setSendMessageAttemptId:]	
10baa1bc8	10baa1c47	decompiled	chunks/005/functions-000348.c	-[SCASendMessageStoryPost setStoryPostContext:]	
10baa1c48	10baa1c5f	decompiled	chunks/005/functions-000348.c	-[SCASendMessageStoryPost setStoryTypes:]	
10baa1c60	10baa1cb3	decompiled	chunks/005/functions-000348.c	-[SCASendMessageStoryPost setWithAsyncFailRetry:]	
10baa1cb4	10baa1ccb	decompiled	chunks/005/functions-000348.c	-[SCASendMessageStoryPost setClientSnapId:]	
10baa1ccc	10baa1ce3	decompiled	chunks/005/functions-000348.c	-[SCASendMessageStoryPost setCaptureSessionId:]	
10baa1ce4	10baa1cfb	decompiled	chunks/005/functions-000348.c	-[SCASendMessageStoryPost setPostSessionClientId:]	
10baa1cfc	10baa1d13	decompiled	chunks/005/functions-000348.c	-[SCASendMessageStoryPost setSendtoSessionId:]	
10baa1d14	10baa1d93	decompiled	chunks/005/functions-000348.c	-[SCASendMessageStoryPost setStoryPostRoute:]	
10baa1d94	10baa1d97	decompiled	chunks/005/functions-000348.c	-[SCASendMessageStoryPost getFieldNumberToFieldDict]	
10baa1d98	10baa1da3	decompiled	chunks/005/functions-000348.c	-[SCASendMessageStoryPost toProtoWithAllowedFields:]	
10baa1da4	10baa1dab	decompiled	chunks/005/functions-000348.c	-[SCASendMessageStoryPost getPayloadIdentifier]	
10baa1dac	10baa1db7	decompiled	chunks/005/functions-000348.c	-[SCASendPersisted getEventName]	
10baa1db8	10baa1dbf	decompiled	chunks/005/functions-000348.c	-[SCASendPersisted getEventQoS]	
10baa1dc0	10baa1dd7	decompiled	chunks/005/functions-000348.c	-[SCASendPersisted setClientMessageId:]	
10baa1dd8	10baa1ddb	decompiled	chunks/005/functions-000348.c	-[SCASendPersisted getFieldNumberToFieldDict]	
10baa1ddc	10baa1de7	decompiled	chunks/005/functions-000348.c	-[SCASendPersisted toProtoWithAllowedFields:]	
10baa1de8	10baa1def	decompiled	chunks/005/functions-000348.c	-[SCASendPersisted getPayloadIdentifier]	
10baa1df0	10baa1dfb	decompiled	chunks/005/functions-000348.c	-[SCASendTapped getEventName]	
10baa1dfc	10baa1e03	decompiled	chunks/005/functions-000348.c	-[SCASendTapped getEventQoS]	
10baa1e04	10baa1e1b	decompiled	chunks/005/functions-000348.c	-[SCASendTapped setMediaType:]	
10baa1e1c	10baa1e33	decompiled	chunks/005/functions-000348.c	-[SCASendTapped setSendToSessionId:]	
10baa1e34	10baa1e4b	decompiled	chunks/005/functions-000348.c	-[SCASendTapped setUserActionId:]	
10baa1e4c	10baa1ecb	decompiled	chunks/005/functions-000348.c	-[SCASendTapped setFeatureSource:]	
10baa1ecc	10baa1ee3	decompiled	chunks/005/functions-000348.c	-[SCASendTapped setMediaId:]	
10baa1ee4	10baa1ee7	decompiled	chunks/005/functions-000348.c	-[SCASendTapped getFieldNumberToFieldDict]	
10baa1ee8	10baa1ef3	decompiled	chunks/005/functions-000348.c	-[SCASendTapped toProtoWithAllowedFields:]	
10baa1ef4	10baa1efb	decompiled	chunks/005/functions-000348.c	-[SCASendTapped getPayloadIdentifier]	
10baa1efc	10baa1f4f	decompiled	chunks/005/functions-000348.c	-[SCAThermalState setDurationMs:]	
10baa1f50	10baa1fa3	decompiled	chunks/005/functions-000348.c	-[SCAThermalState setStartMs:]	
10baa1fa4	10baa1ff7	decompiled	chunks/005/functions-000348.c	-[SCAThermalState setThermalState:]	
10baa1ff8	10baa1ffb	decompiled	chunks/005/functions-000348.c	-[SCAThermalState getFieldNumberToFieldDict]	
10baa1ffc	10baa2007	decompiled	chunks/005/functions-000348.c	-[SCAThermalState toProtoWithAllowedFields:]	
10baa2008	10baa200f	decompiled	chunks/005/functions-000348.c	-[SCAThermalState getPayloadIdentifier]	
10baa2010	10baa201b	decompiled	chunks/005/functions-000348.c	-[SCAVideoRetranscoding getEventName]	
10baa201c	10baa2023	decompiled	chunks/005/functions-000348.c	-[SCAVideoRetranscoding getEventQoS]	
10baa2024	10baa203b	decompiled	chunks/005/functions-000348.c	-[SCAVideoRetranscoding setContentId:]	
10baa203c	10baa20bb	decompiled	chunks/005/functions-000348.c	-[SCAVideoRetranscoding setEndStatus:]	
10baa20bc	10baa20d3	decompiled	chunks/005/functions-000348.c	-[SCAVideoRetranscoding setErrorMessage:]	
10baa20d4	10baa20eb	decompiled	chunks/005/functions-000348.c	-[SCAVideoRetranscoding setFeatureName:]	
10baa20ec	10baa213f	decompiled	chunks/005/functions-000348.c	-[SCAVideoRetranscoding setInputFileSizeBytes:]	
10baa2140	10baa2193	decompiled	chunks/005/functions-000348.c	-[SCAVideoRetranscoding setInputMediaQualityLevel:]	
10baa2194	10baa21ab	decompiled	chunks/005/functions-000348.c	-[SCAVideoRetranscoding setInputVideoFormat:]	
10baa21ac	10baa21ff	decompiled	chunks/005/functions-000348.c	-[SCAVideoRetranscoding setIsSnapDocMedia:]	
10baa2200	10baa2253	decompiled	chunks/005/functions-000348.c	-[SCAVideoRetranscoding setOutputFileSizeBytes:]	
10baa2254	10baa22a7	decompiled	chunks/005/functions-000348.c	-[SCAVideoRetranscoding setOutputMediaQualityLevel:]	
10baa22a8	10baa22bf	decompiled	chunks/005/functions-000348.c	-[SCAVideoRetranscoding setOutputVideoFormat:]	
10baa22c0	10baa2313	decompiled	chunks/005/functions-000348.c	-[SCAVideoRetranscoding setReducedBytes:]	
10baa2314	10baa2367	decompiled	chunks/005/functions-000348.c	-[SCAVideoRetranscoding setStartTimestamp:]	
10baa2368	10baa237f	decompiled	chunks/005/functions-000348.c	-[SCAVideoRetranscoding setTaskId:]	
10baa2380	10baa23d3	decompiled	chunks/005/functions-000348.c	-[SCAVideoRetranscoding setTotalLatencyMs:]	
10baa23d4	10baa2427	decompiled	chunks/005/functions-000348.c	-[SCAVideoRetranscoding setTranscodingLatencyMs:]	
10baa2428	10baa243f	decompiled	chunks/005/functions-000348.c	-[SCAVideoRetranscoding setTranscodingSessionId:]	
10baa2440	10baa2493	decompiled	chunks/005/functions-000348.c	-[SCAVideoRetranscoding setUploadingLatencyMs:]	
10baa2494	10baa24ab	decompiled	chunks/005/functions-000348.c	-[SCAVideoRetranscoding setUploadingSessionId:]	
10baa24ac	10baa24ff	decompiled	chunks/005/functions-000349.c	-[SCAVideoRetranscoding setVideoDurationMs:]	
10baa2500	10baa2503	decompiled	chunks/005/functions-000349.c	-[SCAVideoRetranscoding getFieldNumberToFieldDict]	
10baa2504	10baa250f	decompiled	chunks/005/functions-000349.c	-[SCAVideoRetranscoding toProtoWithAllowedFields:]	
10baa2510	10baa2517	decompiled	chunks/005/functions-000349.c	-[SCAVideoRetranscoding getPayloadIdentifier]	
10baa2518	10baa256b	decompiled	chunks/005/functions-000349.c	-[SCAWakelocks setWakelockAcqCount:]	
10baa256c	10baa25bf	decompiled	chunks/005/functions-000349.c	-[SCAWakelocks setWakelockHeldMs:]	
10baa25c0	10baa25c3	decompiled	chunks/005/functions-000349.c	-[SCAWakelocks getFieldNumberToFieldDict]	
10baa25c4	10baa25cf	decompiled	chunks/005/functions-000349.c	-[SCAWakelocks toProtoWithAllowedFields:]	
10baa25d0	10baa2a17	decompiled	chunks/005/functions-000349.c	-[SCAWakelocks getPayloadIdentifier]	
10baa2a18	10baa2a23	decompiled	chunks/005/functions-000349.c	-[SCAAccessMediaLocationPermission getEventName]	
10baa2a24	10baa2a2b	decompiled	chunks/005/functions-000349.c	-[SCAAccessMediaLocationPermission getEventQoS]	
10baa2a2c	10baa2a7f	decompiled	chunks/005/functions-000349.c	-[SCAAccessMediaLocationPermission setAccepted:]	
10baa2a80	10baa2a97	decompiled	chunks/005/functions-000349.c	-[SCAAccessMediaLocationPermission setErrorClass:]	
10baa2a98	10baa2aeb	decompiled	chunks/005/functions-000349.c	-[SCAAccessMediaLocationPermission setLatencyInMS:]	
10baa2aec	10baa2b3f	decompiled	chunks/005/functions-000349.c	-[SCAAccessMediaLocationPermission setRequestSucceed:]	
10baa2b40	10baa2b43	decompiled	chunks/005/functions-000349.c	-[SCAAccessMediaLocationPermission getFieldNumberToFieldDict]	
10baa2b44	10baa2b4f	decompiled	chunks/005/functions-000349.c	-[SCAAccessMediaLocationPermission toProtoWithAllowedFields:]	
10baa2b50	10baa2b57	decompiled	chunks/005/functions-000349.c	-[SCAAccessMediaLocationPermission getPayloadIdentifier]	
10baa2b58	10baa2b6f	decompiled	chunks/005/functions-000349.c	-[SCAAssetSize setAssetType:]	
10baa2b70	10baa2bc3	decompiled	chunks/005/functions-000349.c	-[SCAAssetSize setSizeBytes:]	
10baa2bc4	10baa2bc7	decompiled	chunks/005/functions-000349.c	-[SCAAssetSize getFieldNumberToFieldDict]	
10baa2bc8	10baa2bd3	decompiled	chunks/005/functions-000349.c	-[SCAAssetSize toProtoWithAllowedFields:]	
10baa2bd4	10baa2bdb	decompiled	chunks/005/functions-000349.c	-[SCAAssetSize getPayloadIdentifier]	
10baa2bdc	10baa2c23	decompiled	chunks/005/functions-000349.c	-[SCABackupContext setAssetSizes:]	
10baa2c24	10baa2ca3	decompiled	chunks/005/functions-000349.c	-[SCABackupContext setBackupMode:]	
10baa2ca4	10baa2d23	decompiled	chunks/005/functions-000349.c	-[SCABackupContext setNetworkReachability:]	
10baa2d24	10baa2d77	decompiled	chunks/005/functions-000349.c	-[SCABackupContext setTravelModeEnabled:]	
10baa2d78	10baa2f1f	decompiled	chunks/005/functions-000349.c	-[SCABackupContext prepareDictionary:]	
10baa2f20	10baa2f23	decompiled	chunks/005/functions-000349.c	-[SCABackupContext getFieldNumberToFieldDict]	
10baa2f24	10baa2f2f	decompiled	chunks/005/functions-000349.c	-[SCABackupContext toProtoWithAllowedFields:]	
10baa2f30	10baa2f37	decompiled	chunks/005/functions-000349.c	-[SCABackupContext getPayloadIdentifier]	
10baa2f38	10baa2f43	decompiled	chunks/005/functions-000349.c	-[SCADirectStorySend getEventName]	
10baa2f44	10baa2f4b	decompiled	chunks/005/functions-000349.c	-[SCADirectStorySend getEventQoS]	
10baa2f4c	10baa2f63	decompiled	chunks/005/functions-000349.c	-[SCADirectStorySend setGalleryCollectionCategory:]	
10baa2f64	10baa2f7b	decompiled	chunks/005/functions-000349.c	-[SCADirectStorySend setGalleryCollectionId:]	
10baa2f7c	10baa2ffb	decompiled	chunks/005/functions-000349.c	-[SCADirectStorySend setGalleryContextMenuSource:]	
10baa2ffc	10baa304f	decompiled	chunks/005/functions-000349.c	-[SCADirectStorySend setRecipientCount:]	
10baa3050	10baa30a3	decompiled	chunks/005/functions-000349.c	-[SCADirectStorySend setSnapCount:]	
10baa30a4	10baa3123	decompiled	chunks/005/functions-000349.c	-[SCADirectStorySend setSnapSource:]	
10baa3124	10baa3177	decompiled	chunks/005/functions-000349.c	-[SCADirectStorySend setSnapTimeIsLoop:]	
10baa3178	10baa31cb	decompiled	chunks/005/functions-000349.c	-[SCADirectStorySend setSnapTimeSec:]	
10baa31cc	10baa324b	decompiled	chunks/005/functions-000349.c	-[SCADirectStorySend setStoryType:]	
10baa324c	10baa32cb	decompiled	chunks/005/functions-000349.c	-[SCADirectStorySend setStoryTypeSpecific:]	
10baa32cc	10baa331f	decompiled	chunks/005/functions-000349.c	-[SCADirectStorySend setWithSearch:]	
10baa3320	10baa3323	decompiled	chunks/005/functions-000349.c	-[SCADirectStorySend getFieldNumberToFieldDict]	
10baa3324	10baa332f	decompiled	chunks/005/functions-000349.c	-[SCADirectStorySend toProtoWithAllowedFields:]	
10baa3330	10baa3337	decompiled	chunks/005/functions-000349.c	-[SCADirectStorySend getPayloadIdentifier]	
10baa3338	10baa3343	decompiled	chunks/005/functions-000349.c	-[SCAFeatureStorySyncRequest getEventName]	
10baa3344	10baa334b	decompiled	chunks/005/functions-000349.c	-[SCAFeatureStorySyncRequest getEventQoS]	
10baa334c	10baa3363	decompiled	chunks/005/functions-000349.c	-[SCAFeatureStorySyncRequest setEndpoint:]	
10baa3364	10baa337b	decompiled	chunks/005/functions-000349.c	-[SCAFeatureStorySyncRequest setRequestId:]	
10baa337c	10baa337f	decompiled	chunks/005/functions-000349.c	-[SCAFeatureStorySyncRequest getFieldNumberToFieldDict]	
10baa3380	10baa338b	decompiled	chunks/005/functions-000349.c	-[SCAFeatureStorySyncRequest toProtoWithAllowedFields:]	
10baa338c	10baa3393	decompiled	chunks/005/functions-000349.c	-[SCAFeatureStorySyncRequest getPayloadIdentifier]	
10baa3394	10baa339f	decompiled	chunks/005/functions-000349.c	-[SCAFeatureStorySyncResponse getEventName]	
10baa33a0	10baa33a7	decompiled	chunks/005/functions-000349.c	-[SCAFeatureStorySyncResponse getEventQoS]	
10baa33a8	10baa33bf	decompiled	chunks/005/functions-000349.c	-[SCAFeatureStorySyncResponse setEndpoint:]	
10baa33c0	10baa3413	decompiled	chunks/005/functions-000349.c	-[SCAFeatureStorySyncResponse setGrpcStatusCode:]	
10baa3414	10baa3467	decompiled	chunks/005/functions-000349.c	-[SCAFeatureStorySyncResponse setReqStartToEnd:]	
10baa3468	10baa347f	decompiled	chunks/005/functions-000349.c	-[SCAFeatureStorySyncResponse setRequestId:]	
10baa3480	10baa34d3	decompiled	chunks/005/functions-000349.c	-[SCAFeatureStorySyncResponse setResponseSize:]	
10baa34d4	10baa3527	decompiled	chunks/005/functions-000349.c	-[SCAFeatureStorySyncResponse setStatusCode:]	
10baa3528	10baa352b	decompiled	chunks/005/functions-000349.c	-[SCAFeatureStorySyncResponse getFieldNumberToFieldDict]	
10baa352c	10baa3537	decompiled	chunks/005/functions-000349.c	-[SCAFeatureStorySyncResponse toProtoWithAllowedFields:]	
10baa3538	10baa353f	decompiled	chunks/005/functions-000349.c	-[SCAFeatureStorySyncResponse getPayloadIdentifier]	
10baa3540	10baa354b	decompiled	chunks/005/functions-000349.c	-[SCAGalleryAssetUpload getEventName]	
10baa354c	10baa3553	decompiled	chunks/005/functions-000349.c	-[SCAGalleryAssetUpload getEventQoS]	
10baa3554	10baa356b	decompiled	chunks/005/functions-000349.c	-[SCAGalleryAssetUpload setAssetDescriptor:]	
10baa356c	10baa35eb	decompiled	chunks/005/functions-000349.c	-[SCAGalleryAssetUpload setAssetType:]	
10baa35ec	10baa3603	decompiled	chunks/005/functions-000349.c	-[SCAGalleryAssetUpload setErrorMessage:]	
10baa3604	10baa361b	decompiled	chunks/005/functions-000349.c	-[SCAGalleryAssetUpload setHost:]	
10baa361c	10baa366f	decompiled	chunks/005/functions-000349.c	-[SCAGalleryAssetUpload setLatencyMs:]	
10baa3670	10baa36c3	decompiled	chunks/005/functions-000349.c	-[SCAGalleryAssetUpload setSizeByte:]	
10baa36c4	10baa36db	decompiled	chunks/005/functions-000349.c	-[SCAGalleryAssetUpload setSnapId:]	
10baa36dc	10baa372f	decompiled	chunks/005/functions-000349.c	-[SCAGalleryAssetUpload setStatusCode:]	
10baa3730	10baa3747	decompiled	chunks/005/functions-000349.c	-[SCAGalleryAssetUpload setUrlPath:]	
10baa3748	10baa374b	decompiled	chunks/005/functions-000349.c	-[SCAGalleryAssetUpload getFieldNumberToFieldDict]	
10baa374c	10baa3757	decompiled	chunks/005/functions-000349.c	-[SCAGalleryAssetUpload toProtoWithAllowedFields:]	
10baa3758	10baa375f	decompiled	chunks/005/functions-000349.c	-[SCAGalleryAssetUpload getPayloadIdentifier]	
10baa3760	10baa376b	decompiled	chunks/005/functions-000349.c	-[SCAGalleryBatchSend getEventName]	
10baa376c	10baa3773	decompiled	chunks/005/functions-000349.c	-[SCAGalleryBatchSend getEventQoS]	
10baa3774	10baa378b	decompiled	chunks/005/functions-000349.c	-[SCAGalleryBatchSend setDestinations:]	
10baa378c	10baa37a3	decompiled	chunks/005/functions-000349.c	-[SCAGalleryBatchSend setEntriesSent:]	
10baa37a4	10baa3823	decompiled	chunks/005/functions-000349.c	-[SCAGalleryBatchSend setEntryType:]	
10baa3824	10baa383b	decompiled	chunks/005/functions-000349.c	-[SCAGalleryBatchSend setFailureReason:]	
10baa383c	10baa388f	decompiled	chunks/005/functions-000349.c	-[SCAGalleryBatchSend setLatencyMs:]	
10baa3890	10baa38e3	decompiled	chunks/005/functions-000349.c	-[SCAGalleryBatchSend setMeoCount:]	
10baa38e4	10baa3937	decompiled	chunks/005/functions-000349.c	-[SCAGalleryBatchSend setRetryCount:]	
10baa3938	10baa39a3	decompiled	chunks/005/functions-000349.c	-[SCAGalleryBatchSend incrementRetryCount]	
10baa39a4	10baa3a23	decompiled	chunks/005/functions-000349.c	-[SCAGalleryBatchSend setSendSource:]	
10baa3a24	10baa3a77	decompiled	chunks/005/functions-000349.c	-[SCAGalleryBatchSend setSmartSharedCount:]	
10baa3a78	10baa3acb	decompiled	chunks/005/functions-000349.c	-[SCAGalleryBatchSend setTotalCount:]	
10baa3acc	10baa3acf	decompiled	chunks/005/functions-000349.c	-[SCAGalleryBatchSend getFieldNumberToFieldDict]	
10baa3ad0	10baa3adb	decompiled	chunks/005/functions-000349.c	-[SCAGalleryBatchSend toProtoWithAllowedFields:]	
10baa3adc	10baa3ae3	decompiled	chunks/005/functions-000349.c	-[SCAGalleryBatchSend getPayloadIdentifier]	
10baa3ae4	10baa3aef	decompiled	chunks/005/functions-000349.c	-[SCAGalleryBrowseScreenshot getEventName]	
10baa3af0	10baa3af7	decompiled	chunks/005/functions-000349.c	-[SCAGalleryBrowseScreenshot getEventQoS]	
10baa3af8	10baa3b03	decompiled	chunks/005/functions-000349.c	-[SCAGalleryBrowseScreenshot getPerUserSamplingRateV2]	
10baa3b04	10baa3b83	decompiled	chunks/005/functions-000349.c	-[SCAGalleryBrowseScreenshot setMediaType:]	
10baa3b84	10baa3c03	decompiled	chunks/005/functions-000349.c	-[SCAGalleryBrowseScreenshot setClientProcessingType:]	
