address	end_address	status	pseudocode_file	runtime_label	error
10bad0ddc	10bad0e13	decompiled	chunks/006/functions-000390.c	-[SCACheeriosFlightImuCalibrationStart addToProtoDictionary]	
10bad0e14	10bad0e6b	decompiled	chunks/006/functions-000390.c	-[SCACheeriosFlightImuCalibrationStart toProtoWithAllowedFields:]	
10bad0e6c	10bad0e73	decompiled	chunks/006/functions-000390.c	-[SCACheeriosFlightImuCalibrationStart getPayloadIdentifier]	
10bad0e74	10bad0e7f	decompiled	chunks/006/functions-000390.c	-[SCACheeriosFlightSettingsPageEvent getEventName]	
10bad0e80	10bad0e87	decompiled	chunks/006/functions-000390.c	-[SCACheeriosFlightSettingsPageEvent getEventQoS]	
10bad0e88	10bad0f07	decompiled	chunks/006/functions-000390.c	-[SCACheeriosFlightSettingsPageEvent setFlightPath:]	
10bad0f08	10bad0f87	decompiled	chunks/006/functions-000390.c	-[SCACheeriosFlightSettingsPageEvent setSettingsName:]	
10bad0f88	10bad0f9f	decompiled	chunks/006/functions-000390.c	-[SCACheeriosFlightSettingsPageEvent setSettingsUnit:]	
10bad0fa0	10bad0ff3	decompiled	chunks/006/functions-000390.c	-[SCACheeriosFlightSettingsPageEvent setSettingsValue:]	
10bad0ff4	10bad1017	decompiled	chunks/006/functions-000390.c	-[SCACheeriosFlightSettingsPageEvent getFieldNumberToFieldDict]	
10bad1018	10bad104f	decompiled	chunks/006/functions-000390.c	-[SCACheeriosFlightSettingsPageEvent addToProtoDictionary]	
10bad1050	10bad10a7	decompiled	chunks/006/functions-000390.c	-[SCACheeriosFlightSettingsPageEvent toProtoWithAllowedFields:]	
10bad10a8	10bad10af	decompiled	chunks/006/functions-000390.c	-[SCACheeriosFlightSettingsPageEvent getPayloadIdentifier]	
10bad10b0	10bad10bb	decompiled	chunks/006/functions-000390.c	-[SCACheeriosSettingsPageEvent getEventName]	
10bad10bc	10bad10c3	decompiled	chunks/006/functions-000390.c	-[SCACheeriosSettingsPageEvent getEventQoS]	
10bad10c4	10bad10e7	decompiled	chunks/006/functions-000390.c	-[SCACheeriosSettingsPageEvent getFieldNumberToFieldDict]	
10bad10e8	10bad111f	decompiled	chunks/006/functions-000390.c	-[SCACheeriosSettingsPageEvent addToProtoDictionary]	
10bad1120	10bad1177	decompiled	chunks/006/functions-000390.c	-[SCACheeriosSettingsPageEvent toProtoWithAllowedFields:]	
10bad1178	10bad117f	decompiled	chunks/006/functions-000390.c	-[SCACheeriosSettingsPageEvent getPayloadIdentifier]	
10bad1180	10bad118b	decompiled	chunks/006/functions-000390.c	-[SCACheeriosSmartEditApply getEventName]	
10bad118c	10bad1193	decompiled	chunks/006/functions-000390.c	-[SCACheeriosSmartEditApply getEventQoS]	
10bad1194	10bad119b	decompiled	chunks/006/functions-000390.c	-[SCACheeriosSmartEditApply getPerUserSamplingRateV2]	
10bad119c	10bad11bf	decompiled	chunks/006/functions-000390.c	-[SCACheeriosSmartEditApply getFieldNumberToFieldDict]	
10bad11c0	10bad11f7	decompiled	chunks/006/functions-000390.c	-[SCACheeriosSmartEditApply addToProtoDictionary]	
10bad11f8	10bad124f	decompiled	chunks/006/functions-000390.c	-[SCACheeriosSmartEditApply toProtoWithAllowedFields:]	
10bad1250	10bad1257	decompiled	chunks/006/functions-000390.c	-[SCACheeriosSmartEditApply getPayloadIdentifier]	
10bad1258	10bad1263	decompiled	chunks/006/functions-000390.c	-[SCACheeriosSmartEditBase getEventName]	
10bad1264	10bad126b	decompiled	chunks/006/functions-000390.c	-[SCACheeriosSmartEditBase getEventQoS]	
10bad126c	10bad1277	decompiled	chunks/006/functions-000390.c	-[SCACheeriosSmartEditBase getPerUserSamplingRateV2]	
10bad1278	10bad128f	decompiled	chunks/006/functions-000390.c	-[SCACheeriosSmartEditBase setContentId:]	
10bad1290	10bad12a7	decompiled	chunks/006/functions-000390.c	-[SCACheeriosSmartEditBase setEditorSessionId:]	
10bad12a8	10bad12bf	decompiled	chunks/006/functions-000390.c	-[SCACheeriosSmartEditBase setLensId:]	
10bad12c0	10bad133f	decompiled	chunks/006/functions-000390.c	-[SCACheeriosSmartEditBase setSmartTemplateEffect:]	
10bad1340	10bad1363	decompiled	chunks/006/functions-000390.c	-[SCACheeriosSmartEditBase getFieldNumberToFieldDict]	
10bad1364	10bad139b	decompiled	chunks/006/functions-000390.c	-[SCACheeriosSmartEditBase addToProtoDictionary]	
10bad139c	10bad13f3	decompiled	chunks/006/functions-000390.c	-[SCACheeriosSmartEditBase toProtoWithAllowedFields:]	
10bad13f4	10bad13fb	decompiled	chunks/006/functions-000390.c	-[SCACheeriosSmartEditBase getPayloadIdentifier]	
10bad13fc	10bad1407	decompiled	chunks/006/functions-000390.c	-[SCACheeriosSmartEditEnter getEventName]	
10bad1408	10bad140f	decompiled	chunks/006/functions-000390.c	-[SCACheeriosSmartEditEnter getEventQoS]	
10bad1410	10bad1417	decompiled	chunks/006/functions-000390.c	-[SCACheeriosSmartEditEnter getPerUserSamplingRateV2]	
10bad1418	10bad143b	decompiled	chunks/006/functions-000390.c	-[SCACheeriosSmartEditEnter getFieldNumberToFieldDict]	
10bad143c	10bad1473	decompiled	chunks/006/functions-000390.c	-[SCACheeriosSmartEditEnter addToProtoDictionary]	
10bad1474	10bad14cb	decompiled	chunks/006/functions-000390.c	-[SCACheeriosSmartEditEnter toProtoWithAllowedFields:]	
10bad14cc	10bad14d3	decompiled	chunks/006/functions-000390.c	-[SCACheeriosSmartEditEnter getPayloadIdentifier]	
10bad14d4	10bad14df	decompiled	chunks/006/functions-000390.c	-[SCACheeriosSmartEditRemove getEventName]	
10bad14e0	10bad14e7	decompiled	chunks/006/functions-000390.c	-[SCACheeriosSmartEditRemove getEventQoS]	
10bad14e8	10bad153b	decompiled	chunks/006/functions-000390.c	-[SCACheeriosSmartEditRemove setForLensUsage:]	
10bad153c	10bad155f	decompiled	chunks/006/functions-000390.c	-[SCACheeriosSmartEditRemove getFieldNumberToFieldDict]	
10bad1560	10bad1597	decompiled	chunks/006/functions-000390.c	-[SCACheeriosSmartEditRemove addToProtoDictionary]	
10bad1598	10bad15ef	decompiled	chunks/006/functions-000390.c	-[SCACheeriosSmartEditRemove toProtoWithAllowedFields:]	
10bad15f0	10bad15f7	decompiled	chunks/006/functions-000390.c	-[SCACheeriosSmartEditRemove getPayloadIdentifier]	
10bad15f8	10bad1603	decompiled	chunks/006/functions-000390.c	-[SCADirectSnapCreateFail getEventName]	
10bad1604	10bad160b	decompiled	chunks/006/functions-000390.c	-[SCADirectSnapCreateFail getEventQoS]	
10bad160c	10bad1617	decompiled	chunks/006/functions-000390.c	-[SCADirectSnapCreateFail getPerUserSamplingRateV2]	
10bad1618	10bad166b	decompiled	chunks/006/functions-000390.c	-[SCADirectSnapCreateFail setCamera:]	
10bad166c	10bad16eb	decompiled	chunks/006/functions-000390.c	-[SCADirectSnapCreateFail setLagunaConnectivity:]	
10bad16ec	10bad1703	decompiled	chunks/006/functions-000390.c	-[SCADirectSnapCreateFail setLagunaTransferBatchId:]	
10bad1704	10bad1707	decompiled	chunks/006/functions-000390.c	-[SCADirectSnapCreateFail getFieldNumberToFieldDict]	
10bad1708	10bad1713	decompiled	chunks/006/functions-000390.c	-[SCADirectSnapCreateFail toProtoWithAllowedFields:]	
10bad1714	10bad171b	decompiled	chunks/006/functions-000390.c	-[SCADirectSnapCreateFail getPayloadIdentifier]	
10bad171c	10bad1727	decompiled	chunks/006/functions-000390.c	-[SCAGalleryPageAction getEventName]	
10bad1728	10bad172f	decompiled	chunks/006/functions-000390.c	-[SCAGalleryPageAction getEventQoS]	
10bad1730	10bad173b	decompiled	chunks/006/functions-000390.c	-[SCAGalleryPageAction getPerUserSamplingRateV2]	
10bad173c	10bad17bb	decompiled	chunks/006/functions-000390.c	-[SCAGalleryPageAction setAction:]	
10bad17bc	10bad17d3	decompiled	chunks/006/functions-000390.c	-[SCAGalleryPageAction setLagunaTransferBatchId:]	
10bad17d4	10bad1853	decompiled	chunks/006/functions-000390.c	-[SCAGalleryPageAction setPage:]	
10bad1854	10bad18d3	decompiled	chunks/006/functions-000390.c	-[SCAGalleryPageAction setPageName:]	
10bad18d4	10bad18d7	decompiled	chunks/006/functions-000390.c	-[SCAGalleryPageAction getFieldNumberToFieldDict]	
10bad18d8	10bad18e3	decompiled	chunks/006/functions-000390.c	-[SCAGalleryPageAction toProtoWithAllowedFields:]	
10bad18e4	10bad18eb	decompiled	chunks/006/functions-000390.c	-[SCAGalleryPageAction getPayloadIdentifier]	
10bad18ec	10bad18f7	decompiled	chunks/006/functions-000390.c	-[SCAProfilePageView getEventName]	
10bad18f8	10bad18ff	decompiled	chunks/006/functions-000390.c	-[SCAProfilePageView getEventQoS]	
10bad1900	10bad1917	decompiled	chunks/006/functions-000390.c	-[SCAProfilePageView setAdditionalInfo:]	
10bad1918	10bad1997	decompiled	chunks/006/functions-000390.c	-[SCAProfilePageView setEntryEvent:]	
10bad1998	10bad19eb	decompiled	chunks/006/functions-000390.c	-[SCAProfilePageView setNotificationCount:]	
10bad19ec	10bad1a6b	decompiled	chunks/006/functions-000390.c	-[SCAProfilePageView setPage:]	
10bad1a6c	10bad1aeb	decompiled	chunks/006/functions-000390.c	-[SCAProfilePageView setPageName:]	
10bad1aec	10bad1b03	decompiled	chunks/006/functions-000390.c	-[SCAProfilePageView setProfileSessionId:]	
10bad1b04	10bad1b57	decompiled	chunks/006/functions-000390.c	-[SCAProfilePageView setViewTimeSec:]	
10bad1b58	10bad1b5b	decompiled	chunks/006/functions-000390.c	-[SCAProfilePageView getFieldNumberToFieldDict]	
10bad1b5c	10bad1b67	decompiled	chunks/006/functions-000390.c	-[SCAProfilePageView toProtoWithAllowedFields:]	
10bad1b68	10bad1b6f	decompiled	chunks/006/functions-000390.c	-[SCAProfilePageView getPayloadIdentifier]	
10bad1b70	10bad1b83	decompiled	chunks/006/functions-000390.c	-[SCASpectaclesAppBasePageEvent setPageId:]	
10bad1b84	10bad1b9b	decompiled	chunks/006/functions-000390.c	-[SCASpectaclesAppLifecycleEventParams setLifecycleEventName:]	
10bad1b9c	10bad1bb3	decompiled	chunks/006/functions-000390.c	-[SCASpectaclesAppLifecycleEventParams setLifecycleEventParams:]	
10bad1bb4	10bad1bcb	decompiled	chunks/006/functions-000390.c	-[SCASpectaclesAppLifecycleEventParams setParentLifecycleEventName:]	
10bad1bcc	10bad1be3	decompiled	chunks/006/functions-000390.c	-[SCASpectaclesAppLifecycleEventParams setParentLifecycleEventParams:]	
10bad1be4	10bad1c37	decompiled	chunks/006/functions-000390.c	-[SCASpectaclesAppLifecycleEventParams setTimeSinceParentMs:]	
10bad1c38	10bad1c3b	decompiled	chunks/006/functions-000390.c	-[SCASpectaclesAppLifecycleEventParams getFieldNumberToFieldDict]	
10bad1c3c	10bad1c47	decompiled	chunks/006/functions-000390.c	-[SCASpectaclesAppLifecycleEventParams toProtoWithAllowedFields:]	
10bad1c48	10bad1c4f	decompiled	chunks/006/functions-000390.c	-[SCASpectaclesAppLifecycleEventParams getPayloadIdentifier]	
10bad1c50	10bad1c5b	decompiled	chunks/006/functions-000390.c	-[SCASpectaclesAppPageView getEventName]	
10bad1c5c	10bad1c63	decompiled	chunks/006/functions-000390.c	-[SCASpectaclesAppPageView getEventQoS]	
10bad1c64	10bad1ce3	decompiled	chunks/006/functions-000390.c	-[SCASpectaclesAppPageView setExitEvent:]	
10bad1ce4	10bad1cfb	decompiled	chunks/006/functions-000390.c	-[SCASpectaclesAppPageView setFeature:]	
10bad1cfc	10bad1d13	decompiled	chunks/006/functions-000390.c	-[SCASpectaclesAppPageView setNextPage:]	
10bad1d14	10bad1d2b	decompiled	chunks/006/functions-000390.c	-[SCASpectaclesAppPageView setPage:]	
10bad1d2c	10bad1d7f	decompiled	chunks/006/functions-000390.c	-[SCASpectaclesAppPageView setPageSequenceId:]	
10bad1d80	10bad1d97	decompiled	chunks/006/functions-000390.c	-[SCASpectaclesAppPageView setSourcePage:]	
10bad1d98	10bad1ddf	decompiled	chunks/006/functions-000390.c	-[SCASpectaclesAppPageView setStack:]	
10bad1de0	10bad1e33	decompiled	chunks/006/functions-000391.c	-[SCASpectaclesAppPageView setViewTimeSec:]	
10bad1e34	10bad1fdb	decompiled	chunks/006/functions-000391.c	-[SCASpectaclesAppPageView prepareDictionary:]	
10bad1fdc	10bad1fff	decompiled	chunks/006/functions-000391.c	-[SCASpectaclesAppPageView getFieldNumberToFieldDict]	
10bad2000	10bad2037	decompiled	chunks/006/functions-000391.c	-[SCASpectaclesAppPageView addToProtoDictionary]	
10bad2038	10bad208f	decompiled	chunks/006/functions-000391.c	-[SCASpectaclesAppPageView toProtoWithAllowedFields:]	
10bad2090	10bad2097	decompiled	chunks/006/functions-000391.c	-[SCASpectaclesAppPageView getPayloadIdentifier]	
10bad2098	10bad20eb	decompiled	chunks/006/functions-000391.c	-[SCASpectaclesAppPerfStatistics setCount:]	
10bad20ec	10bad213f	decompiled	chunks/006/functions-000391.c	-[SCASpectaclesAppPerfStatistics setMean:]	
10bad2140	10bad2157	decompiled	chunks/006/functions-000391.c	-[SCASpectaclesAppPerfStatistics setQuantiles:]	
10bad2158	10bad21ab	decompiled	chunks/006/functions-000391.c	-[SCASpectaclesAppPerfStatistics setStandardDeviation:]	
10bad21ac	10bad21af	decompiled	chunks/006/functions-000391.c	-[SCASpectaclesAppPerfStatistics getFieldNumberToFieldDict]	
10bad21b0	10bad21bb	decompiled	chunks/006/functions-000391.c	-[SCASpectaclesAppPerfStatistics toProtoWithAllowedFields:]	
10bad21bc	10bad21c3	decompiled	chunks/006/functions-000391.c	-[SCASpectaclesAppPerfStatistics getPayloadIdentifier]	
10bad21c4	10bad21d7	decompiled	chunks/006/functions-000391.c	-[SCASpectaclesAppSidecarBaseEvent setCurrentLensId:]	
10bad21d8	10bad21eb	decompiled	chunks/006/functions-000391.c	-[SCASpectaclesAppSidecarBaseEvent setFeatureSessionId:]	
10bad21ec	10bad223b	decompiled	chunks/006/functions-000391.c	-[SCASpectaclesAppSidecarBaseEvent setSessionDurationMs:]	
10bad223c	10bad224f	decompiled	chunks/006/functions-000391.c	-[SCASpectaclesAppSidecarBaseEvent setSpecsSessionId:]	
10bad2250	10bad225b	decompiled	chunks/006/functions-000391.c	-[SCASpectaclesAppSidecarLifecycleEvent getEventName]	
10bad225c	10bad2263	decompiled	chunks/006/functions-000391.c	-[SCASpectaclesAppSidecarLifecycleEvent getEventQoS]	
10bad2264	10bad22ab	decompiled	chunks/006/functions-000391.c	-[SCASpectaclesAppSidecarLifecycleEvent setLifecycleParams:]	
10bad22ac	10bad236b	decompiled	chunks/006/functions-000391.c	-[SCASpectaclesAppSidecarLifecycleEvent prepareDictionary:]	
10bad236c	10bad238f	decompiled	chunks/006/functions-000391.c	-[SCASpectaclesAppSidecarLifecycleEvent getFieldNumberToFieldDict]	
10bad2390	10bad23c7	decompiled	chunks/006/functions-000391.c	-[SCASpectaclesAppSidecarLifecycleEvent addToProtoDictionary]	
10bad23c8	10bad241f	decompiled	chunks/006/functions-000391.c	-[SCASpectaclesAppSidecarLifecycleEvent toProtoWithAllowedFields:]	
10bad2420	10bad2427	decompiled	chunks/006/functions-000391.c	-[SCASpectaclesAppSidecarLifecycleEvent getPayloadIdentifier]	
10bad2428	10bad2433	decompiled	chunks/006/functions-000391.c	-[SCASpectaclesAppSidecarPerfEvent getEventName]	
10bad2434	10bad243b	decompiled	chunks/006/functions-000391.c	-[SCASpectaclesAppSidecarPerfEvent getEventQoS]	
10bad243c	10bad248f	decompiled	chunks/006/functions-000391.c	-[SCASpectaclesAppSidecarPerfEvent setDroppedFrameCount:]	
10bad2490	10bad24d7	decompiled	chunks/006/functions-000391.c	-[SCASpectaclesAppSidecarPerfEvent setFrameSizeBytes:]	
10bad24d8	10bad251f	decompiled	chunks/006/functions-000391.c	-[SCASpectaclesAppSidecarPerfEvent setInterFrameDelayMs:]	
10bad2520	10bad2573	decompiled	chunks/006/functions-000391.c	-[SCASpectaclesAppSidecarPerfEvent setKeyFrameCount:]	
10bad2574	10bad25bb	decompiled	chunks/006/functions-000391.c	-[SCASpectaclesAppSidecarPerfEvent setRenderDelayMs:]	
10bad25bc	10bad260f	decompiled	chunks/006/functions-000391.c	-[SCASpectaclesAppSidecarPerfEvent setSamplingIntervalMs:]	
10bad2610	10bad29b7	decompiled	chunks/006/functions-000391.c	-[SCASpectaclesAppSidecarPerfEvent prepareDictionary:]	
10bad29b8	10bad29db	decompiled	chunks/006/functions-000391.c	-[SCASpectaclesAppSidecarPerfEvent getFieldNumberToFieldDict]	
10bad29dc	10bad2a13	decompiled	chunks/006/functions-000391.c	-[SCASpectaclesAppSidecarPerfEvent addToProtoDictionary]	
10bad2a14	10bad2a6b	decompiled	chunks/006/functions-000391.c	-[SCASpectaclesAppSidecarPerfEvent toProtoWithAllowedFields:]	
10bad2a6c	10bad2a73	decompiled	chunks/006/functions-000391.c	-[SCASpectaclesAppSidecarPerfEvent getPayloadIdentifier]	
10bad2a74	10bad2a7f	decompiled	chunks/006/functions-000391.c	-[SCASpectaclesBleChannelLatencyEvent getEventName]	
10bad2a80	10bad2a87	decompiled	chunks/006/functions-000391.c	-[SCASpectaclesBleChannelLatencyEvent getEventQoS]	
10bad2a88	10bad2a9f	decompiled	chunks/006/functions-000391.c	-[SCASpectaclesBleChannelLatencyEvent setBleConnectionSessionId:]	
10bad2aa0	10bad2af3	decompiled	chunks/006/functions-000391.c	-[SCASpectaclesBleChannelLatencyEvent setRoundTripLatencyMs:]	
10bad2af4	10bad2b17	decompiled	chunks/006/functions-000391.c	-[SCASpectaclesBleChannelLatencyEvent getFieldNumberToFieldDict]	
10bad2b18	10bad2b4f	decompiled	chunks/006/functions-000391.c	-[SCASpectaclesBleChannelLatencyEvent addToProtoDictionary]	
10bad2b50	10bad2ba7	decompiled	chunks/006/functions-000391.c	-[SCASpectaclesBleChannelLatencyEvent toProtoWithAllowedFields:]	
10bad2ba8	10bad2baf	decompiled	chunks/006/functions-000391.c	-[SCASpectaclesBleChannelLatencyEvent getPayloadIdentifier]	
10bad2bb0	10bad2bff	decompiled	chunks/006/functions-000391.c	-[SCASpectaclesConnectionEventBase setDeviceBattery:]	
10bad2c00	10bad2c4f	decompiled	chunks/006/functions-000391.c	-[SCASpectaclesConnectionEventBase setDeviceStorage:]	
10bad2c50	10bad2c9f	decompiled	chunks/006/functions-000391.c	-[SCASpectaclesConnectionEventBase setIsCharging:]	
10bad2ca0	10bad2cb3	decompiled	chunks/006/functions-000391.c	-[SCASpectaclesConnectionEventBase setPairingSessionId:]	
10bad2cb4	10bad2d2f	decompiled	chunks/006/functions-000391.c	-[SCASpectaclesConnectionEventBase setPhoneWifiStatus:]	
10bad2d30	10bad2dab	decompiled	chunks/006/functions-000391.c	-[SCASpectaclesConnectionEventBase setTransferChannel:]	
10bad2dac	10bad2dbf	decompiled	chunks/006/functions-000391.c	-[SCASpectaclesConnectionEventBase setTransferSessionId:]	
10bad2dc0	10bad2dd3	decompiled	chunks/006/functions-000391.c	-[SCASpectaclesConnectionEventBase setUpdateSessionId:]	
10bad2dd4	10bad2ddf	decompiled	chunks/006/functions-000391.c	-[SCASpectaclesConnectionFailure getEventName]	
10bad2de0	10bad2de7	decompiled	chunks/006/functions-000391.c	-[SCASpectaclesConnectionFailure getEventQoS]	
10bad2de8	10bad2dff	decompiled	chunks/006/functions-000391.c	-[SCASpectaclesConnectionFailure setFailureReason:]	
10bad2e00	10bad2e23	decompiled	chunks/006/functions-000391.c	-[SCASpectaclesConnectionFailure getFieldNumberToFieldDict]	
10bad2e24	10bad2e5b	decompiled	chunks/006/functions-000391.c	-[SCASpectaclesConnectionFailure addToProtoDictionary]	
10bad2e5c	10bad2eb3	decompiled	chunks/006/functions-000391.c	-[SCASpectaclesConnectionFailure toProtoWithAllowedFields:]	
10bad2eb4	10bad2ebb	decompiled	chunks/006/functions-000391.c	-[SCASpectaclesConnectionFailure getPayloadIdentifier]	
10bad2ebc	10bad2ec7	decompiled	chunks/006/functions-000391.c	-[SCASpectaclesConnectionStart getEventName]	
10bad2ec8	10bad2ecf	decompiled	chunks/006/functions-000391.c	-[SCASpectaclesConnectionStart getEventQoS]	
10bad2ed0	10bad2ef3	decompiled	chunks/006/functions-000391.c	-[SCASpectaclesConnectionStart getFieldNumberToFieldDict]	
10bad2ef4	10bad2f2b	decompiled	chunks/006/functions-000391.c	-[SCASpectaclesConnectionStart addToProtoDictionary]	
10bad2f2c	10bad2f83	decompiled	chunks/006/functions-000391.c	-[SCASpectaclesConnectionStart toProtoWithAllowedFields:]	
10bad2f84	10bad2f8b	decompiled	chunks/006/functions-000391.c	-[SCASpectaclesConnectionStart getPayloadIdentifier]	
10bad2f8c	10bad2f97	decompiled	chunks/006/functions-000391.c	-[SCASpectaclesConnectionSuccess getEventName]	
10bad2f98	10bad2f9f	decompiled	chunks/006/functions-000391.c	-[SCASpectaclesConnectionSuccess getEventQoS]	
10bad2fa0	10bad2fc3	decompiled	chunks/006/functions-000391.c	-[SCASpectaclesConnectionSuccess getFieldNumberToFieldDict]	
10bad2fc4	10bad2ffb	decompiled	chunks/006/functions-000391.c	-[SCASpectaclesConnectionSuccess addToProtoDictionary]	
10bad2ffc	10bad3053	decompiled	chunks/006/functions-000391.c	-[SCASpectaclesConnectionSuccess toProtoWithAllowedFields:]	
10bad3054	10bad305b	decompiled	chunks/006/functions-000391.c	-[SCASpectaclesConnectionSuccess getPayloadIdentifier]	
10bad305c	10bad3067	decompiled	chunks/006/functions-000391.c	-[SCASpectaclesContentCorrupt getEventName]	
10bad3068	10bad306f	decompiled	chunks/006/functions-000391.c	-[SCASpectaclesContentCorrupt getEventQoS]	
10bad3070	10bad3087	decompiled	chunks/006/functions-000391.c	-[SCASpectaclesContentCorrupt setContentId:]	
10bad3088	10bad309f	decompiled	chunks/006/functions-000391.c	-[SCASpectaclesContentCorrupt setCorruptionSource:]	
10bad30a0	10bad30c3	decompiled	chunks/006/functions-000391.c	-[SCASpectaclesContentCorrupt getFieldNumberToFieldDict]	
10bad30c4	10bad30fb	decompiled	chunks/006/functions-000391.c	-[SCASpectaclesContentCorrupt addToProtoDictionary]	
10bad30fc	10bad3153	decompiled	chunks/006/functions-000391.c	-[SCASpectaclesContentCorrupt toProtoWithAllowedFields:]	
10bad3154	10bad315b	decompiled	chunks/006/functions-000391.c	-[SCASpectaclesContentCorrupt getPayloadIdentifier]	
10bad315c	10bad31d7	decompiled	chunks/006/functions-000391.c	-[SCASpectaclesContentTransferEventBase setTransferChannel:]	
10bad31d8	10bad31eb	decompiled	chunks/006/functions-000391.c	-[SCASpectaclesContentTransferEventBase setTransferSessionId:]	
10bad31ec	10bad3267	decompiled	chunks/006/functions-000391.c	-[SCASpectaclesContentTransferEventBase setTransferType:]	
10bad3268	10bad32b7	decompiled	chunks/006/functions-000391.c	-[SCASpectaclesContentTransferEventBase setWifiFrequencyMhz:]	
10bad32b8	10bad32c3	decompiled	chunks/006/functions-000391.c	-[SCASpectaclesDepth getEventName]	
10bad32c4	10bad32cb	decompiled	chunks/006/functions-000391.c	-[SCASpectaclesDepth getEventQoS]	
10bad32cc	10bad334b	decompiled	chunks/006/functions-000391.c	-[SCASpectaclesDepth setActionType:]	
10bad334c	10bad3363	decompiled	chunks/006/functions-000391.c	-[SCASpectaclesDepth setContentId:]	
10bad3364	10bad33b7	decompiled	chunks/006/functions-000391.c	-[SCASpectaclesDepth setDepthSizeBytes:]	
10bad33b8	10bad3437	decompiled	chunks/006/functions-000391.c	-[SCASpectaclesDepth setDepthStatus:]	
10bad3438	10bad348b	decompiled	chunks/006/functions-000391.c	-[SCASpectaclesDepth setDurationMs:]	
10bad348c	10bad350b	decompiled	chunks/006/functions-000391.c	-[SCASpectaclesDepth setExitType:]	
10bad350c	10bad3523	decompiled	chunks/006/functions-000391.c	-[SCASpectaclesDepth setFailureReason:]	
10bad3524	10bad35a3	decompiled	chunks/006/functions-000391.c	-[SCASpectaclesDepth setMediaType:]	
10bad35a4	10bad35bb	decompiled	chunks/006/functions-000391.c	-[SCASpectaclesDepth setSnapId:]	
10bad35bc	10bad360f	decompiled	chunks/006/functions-000391.c	-[SCASpectaclesDepth setTotalLatencyMs:]	
10bad3610	10bad3633	decompiled	chunks/006/functions-000391.c	-[SCASpectaclesDepth getFieldNumberToFieldDict]	
10bad3634	10bad366b	decompiled	chunks/006/functions-000391.c	-[SCASpectaclesDepth addToProtoDictionary]	
10bad366c	10bad36c3	decompiled	chunks/006/functions-000391.c	-[SCASpectaclesDepth toProtoWithAllowedFields:]	
10bad36c4	10bad36cb	decompiled	chunks/006/functions-000392.c	-[SCASpectaclesDepth getPayloadIdentifier]	
10bad36cc	10bad36d7	decompiled	chunks/006/functions-000392.c	-[SCASpectaclesDeviceStatus getEventName]	
10bad36d8	10bad36df	decompiled	chunks/006/functions-000392.c	-[SCASpectaclesDeviceStatus getEventQoS]	
10bad36e0	10bad3733	decompiled	chunks/006/functions-000392.c	-[SCASpectaclesDeviceStatus setVideoCount:]	
10bad3734	10bad3757	decompiled	chunks/006/functions-000392.c	-[SCASpectaclesDeviceStatus getFieldNumberToFieldDict]	
10bad3758	10bad378f	decompiled	chunks/006/functions-000392.c	-[SCASpectaclesDeviceStatus addToProtoDictionary]	
10bad3790	10bad37e7	decompiled	chunks/006/functions-000392.c	-[SCASpectaclesDeviceStatus toProtoWithAllowedFields:]	
10bad37e8	10bad37ef	decompiled	chunks/006/functions-000392.c	-[SCASpectaclesDeviceStatus getPayloadIdentifier]	
10bad37f0	10bad37fb	decompiled	chunks/006/functions-000392.c	-[SCASpectaclesExperimentalDeviceAction getEventName]	
10bad37fc	10bad3803	decompiled	chunks/006/functions-000392.c	-[SCASpectaclesExperimentalDeviceAction getEventQoS]	
10bad3804	10bad380f	decompiled	chunks/006/functions-000392.c	-[SCASpectaclesExperimentalDeviceAction getPerUserSamplingRateV2]	
10bad3810	10bad3827	decompiled	chunks/006/functions-000392.c	-[SCASpectaclesExperimentalDeviceAction setSettingsActionPayload:]	
10bad3828	10bad384b	decompiled	chunks/006/functions-000392.c	-[SCASpectaclesExperimentalDeviceAction getFieldNumberToFieldDict]	
10bad384c	10bad3883	decompiled	chunks/006/functions-000392.c	-[SCASpectaclesExperimentalDeviceAction addToProtoDictionary]	
10bad3884	10bad38db	decompiled	chunks/006/functions-000392.c	-[SCASpectaclesExperimentalDeviceAction toProtoWithAllowedFields:]	
10bad38dc	10bad38e3	decompiled	chunks/006/functions-000392.c	-[SCASpectaclesExperimentalDeviceAction getPayloadIdentifier]	
10bad38e4	10bad38ef	decompiled	chunks/006/functions-000392.c	-[SCASpectaclesFirmwareUpdateBackgroundSchedule getEventName]	
10bad38f0	10bad38f7	decompiled	chunks/006/functions-000392.c	-[SCASpectaclesFirmwareUpdateBackgroundSchedule getEventQoS]	
10bad38f8	10bad391b	decompiled	chunks/006/functions-000392.c	-[SCASpectaclesFirmwareUpdateBackgroundSchedule getFieldNumberToFieldDict]	
10bad391c	10bad3953	decompiled	chunks/006/functions-000392.c	-[SCASpectaclesFirmwareUpdateBackgroundSchedule addToProtoDictionary]	
10bad3954	10bad39ab	decompiled	chunks/006/functions-000392.c	-[SCASpectaclesFirmwareUpdateBackgroundSchedule toProtoWithAllowedFields:]	
10bad39ac	10bad39b3	decompiled	chunks/006/functions-000392.c	-[SCASpectaclesFirmwareUpdateBackgroundSchedule getPayloadIdentifier]	
10bad39b4	10bad39bf	decompiled	chunks/006/functions-000392.c	-[SCASpectaclesFirmwareUpdateCheck getEventName]	
10bad39c0	10bad39c7	decompiled	chunks/006/functions-000392.c	-[SCASpectaclesFirmwareUpdateCheck getEventQoS]	
10bad39c8	10bad39eb	decompiled	chunks/006/functions-000392.c	-[SCASpectaclesFirmwareUpdateCheck getFieldNumberToFieldDict]	
10bad39ec	10bad3a23	decompiled	chunks/006/functions-000392.c	-[SCASpectaclesFirmwareUpdateCheck addToProtoDictionary]	
10bad3a24	10bad3a7b	decompiled	chunks/006/functions-000392.c	-[SCASpectaclesFirmwareUpdateCheck toProtoWithAllowedFields:]	
10bad3a7c	10bad3a83	decompiled	chunks/006/functions-000392.c	-[SCASpectaclesFirmwareUpdateCheck getPayloadIdentifier]	
10bad3a84	10bad3a8f	decompiled	chunks/006/functions-000392.c	-[SCASpectaclesFirmwareUpdateDownloadStart getEventName]	
10bad3a90	10bad3a97	decompiled	chunks/006/functions-000392.c	-[SCASpectaclesFirmwareUpdateDownloadStart getEventQoS]	
10bad3a98	10bad3abb	decompiled	chunks/006/functions-000392.c	-[SCASpectaclesFirmwareUpdateDownloadStart getFieldNumberToFieldDict]	
10bad3abc	10bad3af3	decompiled	chunks/006/functions-000392.c	-[SCASpectaclesFirmwareUpdateDownloadStart addToProtoDictionary]	
10bad3af4	10bad3b4b	decompiled	chunks/006/functions-000392.c	-[SCASpectaclesFirmwareUpdateDownloadStart toProtoWithAllowedFields:]	
10bad3b4c	10bad3b53	decompiled	chunks/006/functions-000392.c	-[SCASpectaclesFirmwareUpdateDownloadStart getPayloadIdentifier]	
10bad3b54	10bad3b5f	decompiled	chunks/006/functions-000392.c	-[SCASpectaclesFirmwareUpdateDownloaded getEventName]	
10bad3b60	10bad3b67	decompiled	chunks/006/functions-000392.c	-[SCASpectaclesFirmwareUpdateDownloaded getEventQoS]	
10bad3b68	10bad3b8b	decompiled	chunks/006/functions-000392.c	-[SCASpectaclesFirmwareUpdateDownloaded getFieldNumberToFieldDict]	
10bad3b8c	10bad3bc3	decompiled	chunks/006/functions-000392.c	-[SCASpectaclesFirmwareUpdateDownloaded addToProtoDictionary]	
10bad3bc4	10bad3c1b	decompiled	chunks/006/functions-000392.c	-[SCASpectaclesFirmwareUpdateDownloaded toProtoWithAllowedFields:]	
10bad3c1c	10bad3c23	decompiled	chunks/006/functions-000392.c	-[SCASpectaclesFirmwareUpdateDownloaded getPayloadIdentifier]	
10bad3c24	10bad3c2f	decompiled	chunks/006/functions-000392.c	-[SCASpectaclesFirmwareUpdateFailure getEventName]	
10bad3c30	10bad3c37	decompiled	chunks/006/functions-000392.c	-[SCASpectaclesFirmwareUpdateFailure getEventQoS]	
10bad3c38	10bad3cb7	decompiled	chunks/006/functions-000392.c	-[SCASpectaclesFirmwareUpdateFailure setFailureReason:]	
10bad3cb8	10bad3cdb	decompiled	chunks/006/functions-000392.c	-[SCASpectaclesFirmwareUpdateFailure getFieldNumberToFieldDict]	
10bad3cdc	10bad3d13	decompiled	chunks/006/functions-000392.c	-[SCASpectaclesFirmwareUpdateFailure addToProtoDictionary]	
10bad3d14	10bad3d6b	decompiled	chunks/006/functions-000392.c	-[SCASpectaclesFirmwareUpdateFailure toProtoWithAllowedFields:]	
10bad3d6c	10bad3d73	decompiled	chunks/006/functions-000392.c	-[SCASpectaclesFirmwareUpdateFailure getPayloadIdentifier]	
10bad3d74	10bad3d7f	decompiled	chunks/006/functions-000392.c	-[SCASpectaclesFirmwareUpdateFlashStart getEventName]	
10bad3d80	10bad3d87	decompiled	chunks/006/functions-000392.c	-[SCASpectaclesFirmwareUpdateFlashStart getEventQoS]	
10bad3d88	10bad3dab	decompiled	chunks/006/functions-000392.c	-[SCASpectaclesFirmwareUpdateFlashStart getFieldNumberToFieldDict]	
10bad3dac	10bad3de3	decompiled	chunks/006/functions-000392.c	-[SCASpectaclesFirmwareUpdateFlashStart addToProtoDictionary]	
10bad3de4	10bad3e3b	decompiled	chunks/006/functions-000392.c	-[SCASpectaclesFirmwareUpdateFlashStart toProtoWithAllowedFields:]	
10bad3e3c	10bad3e43	decompiled	chunks/006/functions-000392.c	-[SCASpectaclesFirmwareUpdateFlashStart getPayloadIdentifier]	
10bad3e44	10bad3e4f	decompiled	chunks/006/functions-000392.c	-[SCASpectaclesFirmwareUpdatePatchStart getEventName]	
10bad3e50	10bad3e57	decompiled	chunks/006/functions-000392.c	-[SCASpectaclesFirmwareUpdatePatchStart getEventQoS]	
10bad3e58	10bad3e7b	decompiled	chunks/006/functions-000392.c	-[SCASpectaclesFirmwareUpdatePatchStart getFieldNumberToFieldDict]	
10bad3e7c	10bad3eb3	decompiled	chunks/006/functions-000392.c	-[SCASpectaclesFirmwareUpdatePatchStart addToProtoDictionary]	
10bad3eb4	10bad3f0b	decompiled	chunks/006/functions-000392.c	-[SCASpectaclesFirmwareUpdatePatchStart toProtoWithAllowedFields:]	
10bad3f0c	10bad3f13	decompiled	chunks/006/functions-000392.c	-[SCASpectaclesFirmwareUpdatePatchStart getPayloadIdentifier]	
10bad3f14	10bad3f1f	decompiled	chunks/006/functions-000392.c	-[SCASpectaclesFirmwareUpdatePatched getEventName]	
10bad3f20	10bad3f27	decompiled	chunks/006/functions-000392.c	-[SCASpectaclesFirmwareUpdatePatched getEventQoS]	
10bad3f28	10bad3f4b	decompiled	chunks/006/functions-000392.c	-[SCASpectaclesFirmwareUpdatePatched getFieldNumberToFieldDict]	
10bad3f4c	10bad3f83	decompiled	chunks/006/functions-000392.c	-[SCASpectaclesFirmwareUpdatePatched addToProtoDictionary]	
10bad3f84	10bad3fdb	decompiled	chunks/006/functions-000392.c	-[SCASpectaclesFirmwareUpdatePatched toProtoWithAllowedFields:]	
10bad3fdc	10bad3fe3	decompiled	chunks/006/functions-000392.c	-[SCASpectaclesFirmwareUpdatePatched getPayloadIdentifier]	
10bad3fe4	10bad3fef	decompiled	chunks/006/functions-000392.c	-[SCASpectaclesFirmwareUpdatePrompt getEventName]	
10bad3ff0	10bad3ff7	decompiled	chunks/006/functions-000392.c	-[SCASpectaclesFirmwareUpdatePrompt getEventQoS]	
10bad3ff8	10bad4077	decompiled	chunks/006/functions-000392.c	-[SCASpectaclesFirmwareUpdatePrompt setPromptAction:]	
10bad4078	10bad409b	decompiled	chunks/006/functions-000392.c	-[SCASpectaclesFirmwareUpdatePrompt getFieldNumberToFieldDict]	
10bad409c	10bad40d3	decompiled	chunks/006/functions-000392.c	-[SCASpectaclesFirmwareUpdatePrompt addToProtoDictionary]	
10bad40d4	10bad412b	decompiled	chunks/006/functions-000392.c	-[SCASpectaclesFirmwareUpdatePrompt toProtoWithAllowedFields:]	
10bad412c	10bad4133	decompiled	chunks/006/functions-000392.c	-[SCASpectaclesFirmwareUpdatePrompt getPayloadIdentifier]	
10bad4134	10bad413f	decompiled	chunks/006/functions-000392.c	-[SCASpectaclesFirmwareUpdateRevertRequired getEventName]	
10bad4140	10bad4147	decompiled	chunks/006/functions-000392.c	-[SCASpectaclesFirmwareUpdateRevertRequired getEventQoS]	
10bad4148	10bad416b	decompiled	chunks/006/functions-000392.c	-[SCASpectaclesFirmwareUpdateRevertRequired getFieldNumberToFieldDict]	
10bad416c	10bad41a3	decompiled	chunks/006/functions-000392.c	-[SCASpectaclesFirmwareUpdateRevertRequired addToProtoDictionary]	
10bad41a4	10bad41fb	decompiled	chunks/006/functions-000392.c	-[SCASpectaclesFirmwareUpdateRevertRequired toProtoWithAllowedFields:]	
10bad41fc	10bad4203	decompiled	chunks/006/functions-000392.c	-[SCASpectaclesFirmwareUpdateRevertRequired getPayloadIdentifier]	
10bad4204	10bad420f	decompiled	chunks/006/functions-000392.c	-[SCASpectaclesFirmwareUpdateReverted getEventName]	
10bad4210	10bad4217	decompiled	chunks/006/functions-000392.c	-[SCASpectaclesFirmwareUpdateReverted getEventQoS]	
10bad4218	10bad423b	decompiled	chunks/006/functions-000392.c	-[SCASpectaclesFirmwareUpdateReverted getFieldNumberToFieldDict]	
10bad423c	10bad4273	decompiled	chunks/006/functions-000392.c	-[SCASpectaclesFirmwareUpdateReverted addToProtoDictionary]	
10bad4274	10bad42cb	decompiled	chunks/006/functions-000392.c	-[SCASpectaclesFirmwareUpdateReverted toProtoWithAllowedFields:]	
10bad42cc	10bad42d3	decompiled	chunks/006/functions-000392.c	-[SCASpectaclesFirmwareUpdateReverted getPayloadIdentifier]	
10bad42d4	10bad4323	decompiled	chunks/006/functions-000392.c	-[SCASpectaclesFirmwareUpdateSessionEventBase setDurationSec:]	
10bad4324	10bad4337	decompiled	chunks/006/functions-000392.c	-[SCASpectaclesFirmwareUpdateSessionEventBase setTargetFirmwareVersion:]	
10bad4338	10bad434b	decompiled	chunks/006/functions-000392.c	-[SCASpectaclesFirmwareUpdateSessionEventBase setUpdateSessionId:]	
10bad434c	10bad43c7	decompiled	chunks/006/functions-000392.c	-[SCASpectaclesFirmwareUpdateSessionEventBase setUpdateType:]	
10bad43c8	10bad43d3	decompiled	chunks/006/functions-000392.c	-[SCASpectaclesFirmwareUpdateShow getEventName]	
10bad43d4	10bad43db	decompiled	chunks/006/functions-000392.c	-[SCASpectaclesFirmwareUpdateShow getEventQoS]	
10bad43dc	10bad43ff	decompiled	chunks/006/functions-000392.c	-[SCASpectaclesFirmwareUpdateShow getFieldNumberToFieldDict]	
10bad4400	10bad4437	decompiled	chunks/006/functions-000392.c	-[SCASpectaclesFirmwareUpdateShow addToProtoDictionary]	
10bad4438	10bad448f	decompiled	chunks/006/functions-000392.c	-[SCASpectaclesFirmwareUpdateShow toProtoWithAllowedFields:]	
10bad4490	10bad4497	decompiled	chunks/006/functions-000392.c	-[SCASpectaclesFirmwareUpdateShow getPayloadIdentifier]	
10bad4498	10bad44a3	decompiled	chunks/006/functions-000392.c	-[SCASpectaclesFirmwareUpdateStart getEventName]	
10bad44a4	10bad44ab	decompiled	chunks/006/functions-000392.c	-[SCASpectaclesFirmwareUpdateStart getEventQoS]	
10bad44ac	10bad44cf	decompiled	chunks/006/functions-000392.c	-[SCASpectaclesFirmwareUpdateStart getFieldNumberToFieldDict]	
10bad44d0	10bad4507	decompiled	chunks/006/functions-000392.c	-[SCASpectaclesFirmwareUpdateStart addToProtoDictionary]	
10bad4508	10bad455f	decompiled	chunks/006/functions-000392.c	-[SCASpectaclesFirmwareUpdateStart toProtoWithAllowedFields:]	
10bad4560	10bad4567	decompiled	chunks/006/functions-000392.c	-[SCASpectaclesFirmwareUpdateStart getPayloadIdentifier]	
10bad4568	10bad4573	decompiled	chunks/006/functions-000393.c	-[SCASpectaclesFirmwareUpdateSuccess getEventName]	
10bad4574	10bad457b	decompiled	chunks/006/functions-000393.c	-[SCASpectaclesFirmwareUpdateSuccess getEventQoS]	
10bad457c	10bad459f	decompiled	chunks/006/functions-000393.c	-[SCASpectaclesFirmwareUpdateSuccess getFieldNumberToFieldDict]	
10bad45a0	10bad45d7	decompiled	chunks/006/functions-000393.c	-[SCASpectaclesFirmwareUpdateSuccess addToProtoDictionary]	
10bad45d8	10bad462f	decompiled	chunks/006/functions-000393.c	-[SCASpectaclesFirmwareUpdateSuccess toProtoWithAllowedFields:]	
10bad4630	10bad4637	decompiled	chunks/006/functions-000393.c	-[SCASpectaclesFirmwareUpdateSuccess getPayloadIdentifier]	
10bad4638	10bad4643	decompiled	chunks/006/functions-000393.c	-[SCASpectaclesFirmwareUpdateTransferStart getEventName]	
10bad4644	10bad464b	decompiled	chunks/006/functions-000393.c	-[SCASpectaclesFirmwareUpdateTransferStart getEventQoS]	
10bad464c	10bad466f	decompiled	chunks/006/functions-000393.c	-[SCASpectaclesFirmwareUpdateTransferStart getFieldNumberToFieldDict]	
10bad4670	10bad46a7	decompiled	chunks/006/functions-000393.c	-[SCASpectaclesFirmwareUpdateTransferStart addToProtoDictionary]	
10bad46a8	10bad46ff	decompiled	chunks/006/functions-000393.c	-[SCASpectaclesFirmwareUpdateTransferStart toProtoWithAllowedFields:]	
10bad4700	10bad4707	decompiled	chunks/006/functions-000393.c	-[SCASpectaclesFirmwareUpdateTransferStart getPayloadIdentifier]	
10bad4708	10bad4713	decompiled	chunks/006/functions-000393.c	-[SCASpectaclesFirmwareUpdateTransferred getEventName]	
10bad4714	10bad471b	decompiled	chunks/006/functions-000393.c	-[SCASpectaclesFirmwareUpdateTransferred getEventQoS]	
10bad471c	10bad473f	decompiled	chunks/006/functions-000393.c	-[SCASpectaclesFirmwareUpdateTransferred getFieldNumberToFieldDict]	
10bad4740	10bad4777	decompiled	chunks/006/functions-000393.c	-[SCASpectaclesFirmwareUpdateTransferred addToProtoDictionary]	
10bad4778	10bad47cf	decompiled	chunks/006/functions-000393.c	-[SCASpectaclesFirmwareUpdateTransferred toProtoWithAllowedFields:]	
10bad47d0	10bad47d7	decompiled	chunks/006/functions-000393.c	-[SCASpectaclesFirmwareUpdateTransferred getPayloadIdentifier]	
10bad47d8	10bad47e3	decompiled	chunks/006/functions-000393.c	-[SCASpectaclesGetHdFlowCancelled getEventName]	
10bad47e4	10bad47eb	decompiled	chunks/006/functions-000393.c	-[SCASpectaclesGetHdFlowCancelled getEventQoS]	
10bad47ec	10bad486b	decompiled	chunks/006/functions-000393.c	-[SCASpectaclesGetHdFlowCancelled setCancelSource:]	
10bad486c	10bad488f	decompiled	chunks/006/functions-000393.c	-[SCASpectaclesGetHdFlowCancelled getFieldNumberToFieldDict]	
10bad4890	10bad48c7	decompiled	chunks/006/functions-000393.c	-[SCASpectaclesGetHdFlowCancelled addToProtoDictionary]	
10bad48c8	10bad491f	decompiled	chunks/006/functions-000393.c	-[SCASpectaclesGetHdFlowCancelled toProtoWithAllowedFields:]	
10bad4920	10bad4927	decompiled	chunks/006/functions-000393.c	-[SCASpectaclesGetHdFlowCancelled getPayloadIdentifier]	
10bad4928	10bad4977	decompiled	chunks/006/functions-000393.c	-[SCASpectaclesGetHdFlowEventBase setDurationSec:]	
10bad4978	10bad49c7	decompiled	chunks/006/functions-000393.c	-[SCASpectaclesGetHdFlowEventBase setNumHdVideos:]	
10bad49c8	10bad49db	decompiled	chunks/006/functions-000393.c	-[SCASpectaclesGetHdFlowEventBase setTransferSessionId:]	
10bad49dc	10bad49e7	decompiled	chunks/006/functions-000393.c	-[SCASpectaclesGetHdFlowStarted getEventName]	
10bad49e8	10bad49ef	decompiled	chunks/006/functions-000393.c	-[SCASpectaclesGetHdFlowStarted getEventQoS]	
10bad49f0	10bad4a6f	decompiled	chunks/006/functions-000393.c	-[SCASpectaclesGetHdFlowStarted setStartSource:]	
10bad4a70	10bad4a93	decompiled	chunks/006/functions-000393.c	-[SCASpectaclesGetHdFlowStarted getFieldNumberToFieldDict]	
10bad4a94	10bad4acb	decompiled	chunks/006/functions-000393.c	-[SCASpectaclesGetHdFlowStarted addToProtoDictionary]	
10bad4acc	10bad4b23	decompiled	chunks/006/functions-000393.c	-[SCASpectaclesGetHdFlowStarted toProtoWithAllowedFields:]	
10bad4b24	10bad4b2b	decompiled	chunks/006/functions-000393.c	-[SCASpectaclesGetHdFlowStarted getPayloadIdentifier]	
10bad4b2c	10bad4b37	decompiled	chunks/006/functions-000393.c	-[SCASpectaclesGetHdPressed getEventName]	
10bad4b38	10bad4b3f	decompiled	chunks/006/functions-000393.c	-[SCASpectaclesGetHdPressed getEventQoS]	
10bad4b40	10bad4bbf	decompiled	chunks/006/functions-000393.c	-[SCASpectaclesGetHdPressed setButtonSource:]	
10bad4bc0	10bad4c3f	decompiled	chunks/006/functions-000393.c	-[SCASpectaclesGetHdPressed setDeviceState:]	
10bad4c40	10bad4c63	decompiled	chunks/006/functions-000393.c	-[SCASpectaclesGetHdPressed getFieldNumberToFieldDict]	
10bad4c64	10bad4c9b	decompiled	chunks/006/functions-000393.c	-[SCASpectaclesGetHdPressed addToProtoDictionary]	
10bad4c9c	10bad4cf3	decompiled	chunks/006/functions-000393.c	-[SCASpectaclesGetHdPressed toProtoWithAllowedFields:]	
10bad4cf4	10bad4cfb	decompiled	chunks/006/functions-000393.c	-[SCASpectaclesGetHdPressed getPayloadIdentifier]	
10bad4cfc	10bad4d07	decompiled	chunks/006/functions-000393.c	-[SCASpectaclesGetHdTransferTrigger getEventName]	
10bad4d08	10bad4d0f	decompiled	chunks/006/functions-000393.c	-[SCASpectaclesGetHdTransferTrigger getEventQoS]	
10bad4d10	10bad4d63	decompiled	chunks/006/functions-000393.c	-[SCASpectaclesGetHdTransferTrigger setAppStateGo:]	
10bad4d64	10bad4de3	decompiled	chunks/006/functions-000393.c	-[SCASpectaclesGetHdTransferTrigger setDeviceState:]	
10bad4de4	10bad4e37	decompiled	chunks/006/functions-000393.c	-[SCASpectaclesGetHdTransferTrigger setIosVersionGo:]	
10bad4e38	10bad4e8b	decompiled	chunks/006/functions-000393.c	-[SCASpectaclesGetHdTransferTrigger setIsGetHdSnapCountThresholdExceeded:]	
10bad4e8c	10bad4edf	decompiled	chunks/006/functions-000393.c	-[SCASpectaclesGetHdTransferTrigger setIsPhoneStorageFull:]	
10bad4ee0	10bad4f33	decompiled	chunks/006/functions-000393.c	-[SCASpectaclesGetHdTransferTrigger setIsSpectaclesBatteryThresholdGo:]	
10bad4f34	10bad4f87	decompiled	chunks/006/functions-000393.c	-[SCASpectaclesGetHdTransferTrigger setIsSpectaclesChargingGo:]	
10bad4f88	10bad4fdb	decompiled	chunks/006/functions-000393.c	-[SCASpectaclesGetHdTransferTrigger setManualWifiTransferPreviouslyDoneGo:]	
10bad4fdc	10bad502f	decompiled	chunks/006/functions-000393.c	-[SCASpectaclesGetHdTransferTrigger setNotConnectedToOtherWifiGo:]	
10bad5030	10bad5083	decompiled	chunks/006/functions-000393.c	-[SCASpectaclesGetHdTransferTrigger setPhoneOrientationGo:]	
10bad5084	10bad50d7	decompiled	chunks/006/functions-000393.c	-[SCASpectaclesGetHdTransferTrigger setPowerModeGo:]	
10bad50d8	10bad5157	decompiled	chunks/006/functions-000393.c	-[SCASpectaclesGetHdTransferTrigger setStartSource:]	
10bad5158	10bad51d7	decompiled	chunks/006/functions-000393.c	-[SCASpectaclesGetHdTransferTrigger setTransferChannel:]	
10bad51d8	10bad522b	decompiled	chunks/006/functions-000393.c	-[SCASpectaclesGetHdTransferTrigger setTransferInitiated:]	
10bad522c	10bad527f	decompiled	chunks/006/functions-000393.c	-[SCASpectaclesGetHdTransferTrigger setWifiEnabledGo:]	
10bad5280	10bad52a3	decompiled	chunks/006/functions-000393.c	-[SCASpectaclesGetHdTransferTrigger getFieldNumberToFieldDict]	
10bad52a4	10bad52db	decompiled	chunks/006/functions-000393.c	-[SCASpectaclesGetHdTransferTrigger addToProtoDictionary]	
10bad52dc	10bad5333	decompiled	chunks/006/functions-000393.c	-[SCASpectaclesGetHdTransferTrigger toProtoWithAllowedFields:]	
10bad5334	10bad533b	decompiled	chunks/006/functions-000393.c	-[SCASpectaclesGetHdTransferTrigger getPayloadIdentifier]	
10bad533c	10bad5347	decompiled	chunks/006/functions-000393.c	-[SCASpectaclesHdUntransferredContentSeenByUser getEventName]	
10bad5348	10bad534f	decompiled	chunks/006/functions-000393.c	-[SCASpectaclesHdUntransferredContentSeenByUser getEventQoS]	
10bad5350	10bad5367	decompiled	chunks/006/functions-000393.c	-[SCASpectaclesHdUntransferredContentSeenByUser setContentId:]	
10bad5368	10bad53e7	decompiled	chunks/006/functions-000393.c	-[SCASpectaclesHdUntransferredContentSeenByUser setFileType:]	
10bad53e8	10bad543b	decompiled	chunks/006/functions-000393.c	-[SCASpectaclesHdUntransferredContentSeenByUser setTimeIntervalSinceContentCaptureSec:]	
10bad543c	10bad545f	decompiled	chunks/006/functions-000393.c	-[SCASpectaclesHdUntransferredContentSeenByUser getFieldNumberToFieldDict]	
10bad5460	10bad5497	decompiled	chunks/006/functions-000393.c	-[SCASpectaclesHdUntransferredContentSeenByUser addToProtoDictionary]	
10bad5498	10bad54ef	decompiled	chunks/006/functions-000393.c	-[SCASpectaclesHdUntransferredContentSeenByUser toProtoWithAllowedFields:]	
10bad54f0	10bad54f7	decompiled	chunks/006/functions-000393.c	-[SCASpectaclesHdUntransferredContentSeenByUser getPayloadIdentifier]	
10bad54f8	10bad5503	decompiled	chunks/006/functions-000393.c	-[SCASpectaclesHomeWifiRefreshTokenInvalid getEventName]	
10bad5504	10bad550b	decompiled	chunks/006/functions-000393.c	-[SCASpectaclesHomeWifiRefreshTokenInvalid getEventQoS]	
10bad550c	10bad552f	decompiled	chunks/006/functions-000393.c	-[SCASpectaclesHomeWifiRefreshTokenInvalid getFieldNumberToFieldDict]	
10bad5530	10bad5567	decompiled	chunks/006/functions-000393.c	-[SCASpectaclesHomeWifiRefreshTokenInvalid addToProtoDictionary]	
10bad5568	10bad55bf	decompiled	chunks/006/functions-000393.c	-[SCASpectaclesHomeWifiRefreshTokenInvalid toProtoWithAllowedFields:]	
10bad55c0	10bad55c7	decompiled	chunks/006/functions-000393.c	-[SCASpectaclesHomeWifiRefreshTokenInvalid getPayloadIdentifier]	
10bad55c8	10bad55d3	decompiled	chunks/006/functions-000393.c	-[SCASpectaclesHomeWifiRemoveNetwork getEventName]	
10bad55d4	10bad55db	decompiled	chunks/006/functions-000393.c	-[SCASpectaclesHomeWifiRemoveNetwork getEventQoS]	
10bad55dc	10bad55ff	decompiled	chunks/006/functions-000393.c	-[SCASpectaclesHomeWifiRemoveNetwork getFieldNumberToFieldDict]	
10bad5600	10bad5637	decompiled	chunks/006/functions-000393.c	-[SCASpectaclesHomeWifiRemoveNetwork addToProtoDictionary]	
10bad5638	10bad568f	decompiled	chunks/006/functions-000393.c	-[SCASpectaclesHomeWifiRemoveNetwork toProtoWithAllowedFields:]	
10bad5690	10bad5697	decompiled	chunks/006/functions-000393.c	-[SCASpectaclesHomeWifiRemoveNetwork getPayloadIdentifier]	
10bad5698	10bad56a3	decompiled	chunks/006/functions-000393.c	-[SCASpectaclesHomeWifiShareFlowConnected getEventName]	
10bad56a4	10bad56ab	decompiled	chunks/006/functions-000393.c	-[SCASpectaclesHomeWifiShareFlowConnected getEventQoS]	
10bad56ac	10bad56cf	decompiled	chunks/006/functions-000393.c	-[SCASpectaclesHomeWifiShareFlowConnected getFieldNumberToFieldDict]	
10bad56d0	10bad5707	decompiled	chunks/006/functions-000393.c	-[SCASpectaclesHomeWifiShareFlowConnected addToProtoDictionary]	
10bad5708	10bad575f	decompiled	chunks/006/functions-000393.c	-[SCASpectaclesHomeWifiShareFlowConnected toProtoWithAllowedFields:]	
10bad5760	10bad5767	decompiled	chunks/006/functions-000393.c	-[SCASpectaclesHomeWifiShareFlowConnected getPayloadIdentifier]	
10bad5768	10bad57b7	decompiled	chunks/006/functions-000393.c	-[SCASpectaclesHomeWifiShareFlowEventBase setIsResharingCredentials:]	
10bad57b8	10bad57c3	decompiled	chunks/006/functions-000393.c	-[SCASpectaclesHomeWifiShareFlowFailed getEventName]	
10bad57c4	10bad57cb	decompiled	chunks/006/functions-000393.c	-[SCASpectaclesHomeWifiShareFlowFailed getEventQoS]	
10bad57cc	10bad584b	decompiled	chunks/006/functions-000393.c	-[SCASpectaclesHomeWifiShareFlowFailed setFailureReason:]	
10bad584c	10bad586f	decompiled	chunks/006/functions-000393.c	-[SCASpectaclesHomeWifiShareFlowFailed getFieldNumberToFieldDict]	
10bad5870	10bad58a7	decompiled	chunks/006/functions-000393.c	-[SCASpectaclesHomeWifiShareFlowFailed addToProtoDictionary]	
10bad58a8	10bad58ff	decompiled	chunks/006/functions-000393.c	-[SCASpectaclesHomeWifiShareFlowFailed toProtoWithAllowedFields:]	
10bad5900	10bad5907	decompiled	chunks/006/functions-000393.c	-[SCASpectaclesHomeWifiShareFlowFailed getPayloadIdentifier]	
10bad5908	10bad5913	decompiled	chunks/006/functions-000393.c	-[SCASpectaclesHomeWifiShareFlowShared getEventName]	
10bad5914	10bad591b	decompiled	chunks/006/functions-000394.c	-[SCASpectaclesHomeWifiShareFlowShared getEventQoS]	
10bad591c	10bad593f	decompiled	chunks/006/functions-000394.c	-[SCASpectaclesHomeWifiShareFlowShared getFieldNumberToFieldDict]	
10bad5940	10bad5977	decompiled	chunks/006/functions-000394.c	-[SCASpectaclesHomeWifiShareFlowShared addToProtoDictionary]	
10bad5978	10bad59cf	decompiled	chunks/006/functions-000394.c	-[SCASpectaclesHomeWifiShareFlowShared toProtoWithAllowedFields:]	
10bad59d0	10bad59d7	decompiled	chunks/006/functions-000394.c	-[SCASpectaclesHomeWifiShareFlowShared getPayloadIdentifier]	
10bad59d8	10bad59e3	decompiled	chunks/006/functions-000394.c	-[SCASpectaclesHomeWifiShareFlowStarted getEventName]	
10bad59e4	10bad59eb	decompiled	chunks/006/functions-000394.c	-[SCASpectaclesHomeWifiShareFlowStarted getEventQoS]	
10bad59ec	10bad5a0f	decompiled	chunks/006/functions-000394.c	-[SCASpectaclesHomeWifiShareFlowStarted getFieldNumberToFieldDict]	
10bad5a10	10bad5a47	decompiled	chunks/006/functions-000394.c	-[SCASpectaclesHomeWifiShareFlowStarted addToProtoDictionary]	
10bad5a48	10bad5a9f	decompiled	chunks/006/functions-000394.c	-[SCASpectaclesHomeWifiShareFlowStarted toProtoWithAllowedFields:]	
10bad5aa0	10bad5aa7	decompiled	chunks/006/functions-000394.c	-[SCASpectaclesHomeWifiShareFlowStarted getPayloadIdentifier]	
10bad5aa8	10bad5ab3	decompiled	chunks/006/functions-000394.c	-[SCASpectaclesHomeWifiUploadUpdate getEventName]	
10bad5ab4	10bad5abb	decompiled	chunks/006/functions-000394.c	-[SCASpectaclesHomeWifiUploadUpdate getEventQoS]	
10bad5abc	10bad5b3b	decompiled	chunks/006/functions-000394.c	-[SCASpectaclesHomeWifiUploadUpdate setUpdateType:]	
10bad5b3c	10bad5b5f	decompiled	chunks/006/functions-000394.c	-[SCASpectaclesHomeWifiUploadUpdate getFieldNumberToFieldDict]	
10bad5b60	10bad5b97	decompiled	chunks/006/functions-000394.c	-[SCASpectaclesHomeWifiUploadUpdate addToProtoDictionary]	
10bad5b98	10bad5bef	decompiled	chunks/006/functions-000394.c	-[SCASpectaclesHomeWifiUploadUpdate toProtoWithAllowedFields:]	
10bad5bf0	10bad5bf7	decompiled	chunks/006/functions-000394.c	-[SCASpectaclesHomeWifiUploadUpdate getPayloadIdentifier]	
10bad5bf8	10bad5c03	decompiled	chunks/006/functions-000394.c	-[SCASpectaclesHomeWifiViewOpened getEventName]	
10bad5c04	10bad5c0b	decompiled	chunks/006/functions-000394.c	-[SCASpectaclesHomeWifiViewOpened getEventQoS]	
10bad5c0c	10bad5c5f	decompiled	chunks/006/functions-000394.c	-[SCASpectaclesHomeWifiViewOpened setNumAddedNetworks:]	
10bad5c60	10bad5cdf	decompiled	chunks/006/functions-000394.c	-[SCASpectaclesHomeWifiViewOpened setStartSource:]	
10bad5ce0	10bad5d03	decompiled	chunks/006/functions-000394.c	-[SCASpectaclesHomeWifiViewOpened getFieldNumberToFieldDict]	
10bad5d04	10bad5d3b	decompiled	chunks/006/functions-000394.c	-[SCASpectaclesHomeWifiViewOpened addToProtoDictionary]	
10bad5d3c	10bad5d93	decompiled	chunks/006/functions-000394.c	-[SCASpectaclesHomeWifiViewOpened toProtoWithAllowedFields:]	
10bad5d94	10bad5d9b	decompiled	chunks/006/functions-000394.c	-[SCASpectaclesHomeWifiViewOpened getPayloadIdentifier]	
10bad5d9c	10bad5daf	decompiled	chunks/006/functions-000394.c	-[SCASpectaclesInputControllerCalibrationBaseEvent setCalibrationSessionId:]	
10bad5db0	10bad5dc3	decompiled	chunks/006/functions-000394.c	-[SCASpectaclesInputControllerCalibrationBaseEvent setInputControllerSessionId:]	
10bad5dc4	10bad5dcf	decompiled	chunks/006/functions-000394.c	-[SCASpectaclesInputControllerCalibrationEndEvent getEventName]	
10bad5dd0	10bad5dd7	decompiled	chunks/006/functions-000394.c	-[SCASpectaclesInputControllerCalibrationEndEvent getEventQoS]	
10bad5dd8	10bad5e57	decompiled	chunks/006/functions-000394.c	-[SCASpectaclesInputControllerCalibrationEndEvent setCalibrationResult:]	
10bad5e58	10bad5e7b	decompiled	chunks/006/functions-000394.c	-[SCASpectaclesInputControllerCalibrationEndEvent getFieldNumberToFieldDict]	
10bad5e7c	10bad5eb3	decompiled	chunks/006/functions-000394.c	-[SCASpectaclesInputControllerCalibrationEndEvent addToProtoDictionary]	
10bad5eb4	10bad5f0b	decompiled	chunks/006/functions-000394.c	-[SCASpectaclesInputControllerCalibrationEndEvent toProtoWithAllowedFields:]	
10bad5f0c	10bad5f13	decompiled	chunks/006/functions-000394.c	-[SCASpectaclesInputControllerCalibrationEndEvent getPayloadIdentifier]	
10bad5f14	10bad5f1f	decompiled	chunks/006/functions-000394.c	-[SCASpectaclesInputControllerCalibrationStartEvent getEventName]	
10bad5f20	10bad5f27	decompiled	chunks/006/functions-000394.c	-[SCASpectaclesInputControllerCalibrationStartEvent getEventQoS]	
10bad5f28	10bad5f4b	decompiled	chunks/006/functions-000394.c	-[SCASpectaclesInputControllerCalibrationStartEvent getFieldNumberToFieldDict]	
10bad5f4c	10bad5f83	decompiled	chunks/006/functions-000394.c	-[SCASpectaclesInputControllerCalibrationStartEvent addToProtoDictionary]	
10bad5f84	10bad5fdb	decompiled	chunks/006/functions-000394.c	-[SCASpectaclesInputControllerCalibrationStartEvent toProtoWithAllowedFields:]	
10bad5fdc	10bad5fe3	decompiled	chunks/006/functions-000394.c	-[SCASpectaclesInputControllerCalibrationStartEvent getPayloadIdentifier]	
10bad5fe4	10bad5fef	decompiled	chunks/006/functions-000394.c	-[SCASpectaclesMagicMoment getEventName]	
10bad5ff0	10bad5ff7	decompiled	chunks/006/functions-000394.c	-[SCASpectaclesMagicMoment getEventQoS]	
10bad5ff8	10bad6077	decompiled	chunks/006/functions-000394.c	-[SCASpectaclesMagicMoment setActionType:]	
10bad6078	10bad608f	decompiled	chunks/006/functions-000394.c	-[SCASpectaclesMagicMoment setContentId:]	
10bad6090	10bad60e3	decompiled	chunks/006/functions-000394.c	-[SCASpectaclesMagicMoment setDurationSec:]	
10bad60e4	10bad60fb	decompiled	chunks/006/functions-000394.c	-[SCASpectaclesMagicMoment setEntryId:]	
10bad60fc	10bad617b	decompiled	chunks/006/functions-000394.c	-[SCASpectaclesMagicMoment setFileType:]	
10bad617c	10bad6193	decompiled	chunks/006/functions-000394.c	-[SCASpectaclesMagicMoment setOperaSessionId:]	
10bad6194	10bad61e7	decompiled	chunks/006/functions-000394.c	-[SCASpectaclesMagicMoment setSliderPosition:]	
10bad61e8	10bad61ff	decompiled	chunks/006/functions-000394.c	-[SCASpectaclesMagicMoment setSnapId:]	
10bad6200	10bad627f	decompiled	chunks/006/functions-000394.c	-[SCASpectaclesMagicMoment setSourceType:]	
10bad6280	10bad62ff	decompiled	chunks/006/functions-000394.c	-[SCASpectaclesMagicMoment setStepType:]	
10bad6300	10bad6353	decompiled	chunks/006/functions-000394.c	-[SCASpectaclesMagicMoment setTotalLatencySec:]	
10bad6354	10bad6377	decompiled	chunks/006/functions-000394.c	-[SCASpectaclesMagicMoment getFieldNumberToFieldDict]	
10bad6378	10bad63af	decompiled	chunks/006/functions-000394.c	-[SCASpectaclesMagicMoment addToProtoDictionary]	
10bad63b0	10bad6407	decompiled	chunks/006/functions-000394.c	-[SCASpectaclesMagicMoment toProtoWithAllowedFields:]	
10bad6408	10bad640f	decompiled	chunks/006/functions-000394.c	-[SCASpectaclesMagicMoment getPayloadIdentifier]	
10bad6410	10bad641b	decompiled	chunks/006/functions-000394.c	-[SCASpectaclesNrfUnexpectedResponse getEventName]	
10bad641c	10bad6423	decompiled	chunks/006/functions-000394.c	-[SCASpectaclesNrfUnexpectedResponse getEventQoS]	
10bad6424	10bad642f	decompiled	chunks/006/functions-000394.c	-[SCASpectaclesNrfUnexpectedResponse getPerUserSamplingRateV2]	
10bad6430	10bad64af	decompiled	chunks/006/functions-000394.c	-[SCASpectaclesNrfUnexpectedResponse setReason_unexpected:]	
10bad64b0	10bad64d3	decompiled	chunks/006/functions-000394.c	-[SCASpectaclesNrfUnexpectedResponse getFieldNumberToFieldDict]	
10bad64d4	10bad650b	decompiled	chunks/006/functions-000394.c	-[SCASpectaclesNrfUnexpectedResponse addToProtoDictionary]	
10bad650c	10bad6563	decompiled	chunks/006/functions-000394.c	-[SCASpectaclesNrfUnexpectedResponse toProtoWithAllowedFields:]	
10bad6564	10bad656b	decompiled	chunks/006/functions-000394.c	-[SCASpectaclesNrfUnexpectedResponse getPayloadIdentifier]	
10bad656c	10bad65bb	decompiled	chunks/006/functions-000394.c	-[SCASpectaclesOnboardingEventBase setDurationSec:]	
10bad65bc	10bad660b	decompiled	chunks/006/functions-000394.c	-[SCASpectaclesOnboardingEventBase setIsFailed:]	
10bad660c	10bad6687	decompiled	chunks/006/functions-000394.c	-[SCASpectaclesOnboardingEventBase setOnboardingPage:]	
10bad6688	10bad6703	decompiled	chunks/006/functions-000394.c	-[SCASpectaclesOnboardingEventBase setOnboardingSource:]	
10bad6704	10bad6717	decompiled	chunks/006/functions-000394.c	-[SCASpectaclesOnboardingEventBase setPairingSessionId:]	
10bad6718	10bad672b	decompiled	chunks/006/functions-000394.c	-[SCASpectaclesOnboardingEventBase setPeerPairingSessionId:]	
10bad672c	10bad6737	decompiled	chunks/006/functions-000394.c	-[SCASpectaclesOnboardingExit getEventName]	
10bad6738	10bad673f	decompiled	chunks/006/functions-000394.c	-[SCASpectaclesOnboardingExit getEventQoS]	
10bad6740	10bad67bf	decompiled	chunks/006/functions-000394.c	-[SCASpectaclesOnboardingExit setOnboardingExitSource:]	
10bad67c0	10bad67e3	decompiled	chunks/006/functions-000394.c	-[SCASpectaclesOnboardingExit getFieldNumberToFieldDict]	
10bad67e4	10bad681b	decompiled	chunks/006/functions-000394.c	-[SCASpectaclesOnboardingExit addToProtoDictionary]	
10bad681c	10bad6873	decompiled	chunks/006/functions-000394.c	-[SCASpectaclesOnboardingExit toProtoWithAllowedFields:]	
10bad6874	10bad687b	decompiled	chunks/006/functions-000394.c	-[SCASpectaclesOnboardingExit getPayloadIdentifier]	
10bad687c	10bad6887	decompiled	chunks/006/functions-000394.c	-[SCASpectaclesOnboardingPageChange getEventName]	
10bad6888	10bad688f	decompiled	chunks/006/functions-000394.c	-[SCASpectaclesOnboardingPageChange getEventQoS]	
10bad6890	10bad68b3	decompiled	chunks/006/functions-000394.c	-[SCASpectaclesOnboardingPageChange getFieldNumberToFieldDict]	
10bad68b4	10bad68eb	decompiled	chunks/006/functions-000394.c	-[SCASpectaclesOnboardingPageChange addToProtoDictionary]	
10bad68ec	10bad6943	decompiled	chunks/006/functions-000394.c	-[SCASpectaclesOnboardingPageChange toProtoWithAllowedFields:]	
10bad6944	10bad694b	decompiled	chunks/006/functions-000394.c	-[SCASpectaclesOnboardingPageChange getPayloadIdentifier]	
10bad694c	10bad6957	decompiled	chunks/006/functions-000394.c	-[SCASpectaclesOnboardingStart getEventName]	
10bad6958	10bad695f	decompiled	chunks/006/functions-000394.c	-[SCASpectaclesOnboardingStart getEventQoS]	
10bad6960	10bad6983	decompiled	chunks/006/functions-000394.c	-[SCASpectaclesOnboardingStart getFieldNumberToFieldDict]	
10bad6984	10bad69bb	decompiled	chunks/006/functions-000394.c	-[SCASpectaclesOnboardingStart addToProtoDictionary]	
10bad69bc	10bad6a13	decompiled	chunks/006/functions-000394.c	-[SCASpectaclesOnboardingStart toProtoWithAllowedFields:]	
10bad6a14	10bad6a1b	decompiled	chunks/006/functions-000394.c	-[SCASpectaclesOnboardingStart getPayloadIdentifier]	
10bad6a1c	10bad6a27	decompiled	chunks/006/functions-000394.c	-[SCASpectaclesPairingBackupDetected getEventName]	
10bad6a28	10bad6a2f	decompiled	chunks/006/functions-000394.c	-[SCASpectaclesPairingBackupDetected getEventQoS]	
10bad6a30	10bad6a53	decompiled	chunks/006/functions-000394.c	-[SCASpectaclesPairingBackupDetected getFieldNumberToFieldDict]	
10bad6a54	10bad6a8b	decompiled	chunks/006/functions-000394.c	-[SCASpectaclesPairingBackupDetected addToProtoDictionary]	
10bad6a8c	10bad6ae3	decompiled	chunks/006/functions-000394.c	-[SCASpectaclesPairingBackupDetected toProtoWithAllowedFields:]	
10bad6ae4	10bad6aeb	decompiled	chunks/006/functions-000394.c	-[SCASpectaclesPairingBackupDetected getPayloadIdentifier]	
10bad6aec	10bad6af7	decompiled	chunks/006/functions-000394.c	-[SCASpectaclesPairingBackupStart getEventName]	
10bad6af8	10bad6aff	decompiled	chunks/006/functions-000394.c	-[SCASpectaclesPairingBackupStart getEventQoS]	
10bad6b00	10bad6b7f	decompiled	chunks/006/functions-000394.c	-[SCASpectaclesPairingBackupStart setFailureReason:]	
10bad6b80	10bad6ba3	decompiled	chunks/006/functions-000395.c	-[SCASpectaclesPairingBackupStart getFieldNumberToFieldDict]	
10bad6ba4	10bad6bdb	decompiled	chunks/006/functions-000395.c	-[SCASpectaclesPairingBackupStart addToProtoDictionary]	
10bad6bdc	10bad6c33	decompiled	chunks/006/functions-000395.c	-[SCASpectaclesPairingBackupStart toProtoWithAllowedFields:]	
10bad6c34	10bad6c3b	decompiled	chunks/006/functions-000395.c	-[SCASpectaclesPairingBackupStart getPayloadIdentifier]	
10bad6c3c	10bad6c47	decompiled	chunks/006/functions-000395.c	-[SCASpectaclesPairingBleConnected getEventName]	
10bad6c48	10bad6c4f	decompiled	chunks/006/functions-000395.c	-[SCASpectaclesPairingBleConnected getEventQoS]	
10bad6c50	10bad6c73	decompiled	chunks/006/functions-000395.c	-[SCASpectaclesPairingBleConnected getFieldNumberToFieldDict]	
10bad6c74	10bad6cab	decompiled	chunks/006/functions-000395.c	-[SCASpectaclesPairingBleConnected addToProtoDictionary]	
10bad6cac	10bad6d03	decompiled	chunks/006/functions-000395.c	-[SCASpectaclesPairingBleConnected toProtoWithAllowedFields:]	
10bad6d04	10bad6d0b	decompiled	chunks/006/functions-000395.c	-[SCASpectaclesPairingBleConnected getPayloadIdentifier]	
10bad6d0c	10bad6d17	decompiled	chunks/006/functions-000395.c	-[SCASpectaclesPairingBleDetected getEventName]	
10bad6d18	10bad6d1f	decompiled	chunks/006/functions-000395.c	-[SCASpectaclesPairingBleDetected getEventQoS]	
10bad6d20	10bad6d43	decompiled	chunks/006/functions-000395.c	-[SCASpectaclesPairingBleDetected getFieldNumberToFieldDict]	
10bad6d44	10bad6d7b	decompiled	chunks/006/functions-000395.c	-[SCASpectaclesPairingBleDetected addToProtoDictionary]	
10bad6d7c	10bad6dd3	decompiled	chunks/006/functions-000395.c	-[SCASpectaclesPairingBleDetected toProtoWithAllowedFields:]	
10bad6dd4	10bad6ddb	decompiled	chunks/006/functions-000395.c	-[SCASpectaclesPairingBleDetected getPayloadIdentifier]	
10bad6ddc	10bad6de7	decompiled	chunks/006/functions-000395.c	-[SCASpectaclesPairingBleSynced getEventName]	
10bad6de8	10bad6def	decompiled	chunks/006/functions-000395.c	-[SCASpectaclesPairingBleSynced getEventQoS]	
10bad6df0	10bad6e13	decompiled	chunks/006/functions-000395.c	-[SCASpectaclesPairingBleSynced getFieldNumberToFieldDict]	
10bad6e14	10bad6e4b	decompiled	chunks/006/functions-000395.c	-[SCASpectaclesPairingBleSynced addToProtoDictionary]	
10bad6e4c	10bad6ea3	decompiled	chunks/006/functions-000395.c	-[SCASpectaclesPairingBleSynced toProtoWithAllowedFields:]	
10bad6ea4	10bad6eab	decompiled	chunks/006/functions-000395.c	-[SCASpectaclesPairingBleSynced getPayloadIdentifier]	
10bad6eac	10bad6eb7	decompiled	chunks/006/functions-000395.c	-[SCASpectaclesPairingCancel getEventName]	
10bad6eb8	10bad6ebf	decompiled	chunks/006/functions-000395.c	-[SCASpectaclesPairingCancel getEventQoS]	
10bad6ec0	10bad6f3f	decompiled	chunks/006/functions-000395.c	-[SCASpectaclesPairingCancel setCancellationSource:]	
10bad6f40	10bad6f63	decompiled	chunks/006/functions-000395.c	-[SCASpectaclesPairingCancel getFieldNumberToFieldDict]	
10bad6f64	10bad6f9b	decompiled	chunks/006/functions-000395.c	-[SCASpectaclesPairingCancel addToProtoDictionary]	
10bad6f9c	10bad6ff3	decompiled	chunks/006/functions-000395.c	-[SCASpectaclesPairingCancel toProtoWithAllowedFields:]	
10bad6ff4	10bad6ffb	decompiled	chunks/006/functions-000395.c	-[SCASpectaclesPairingCancel getPayloadIdentifier]	
10bad6ffc	10bad7007	decompiled	chunks/006/functions-000395.c	-[SCASpectaclesPairingNameChange getEventName]	
10bad7008	10bad700f	decompiled	chunks/006/functions-000395.c	-[SCASpectaclesPairingNameChange getEventQoS]	
10bad7010	10bad7033	decompiled	chunks/006/functions-000395.c	-[SCASpectaclesPairingNameChange getFieldNumberToFieldDict]	
10bad7034	10bad706b	decompiled	chunks/006/functions-000395.c	-[SCASpectaclesPairingNameChange addToProtoDictionary]	
10bad706c	10bad70c3	decompiled	chunks/006/functions-000395.c	-[SCASpectaclesPairingNameChange toProtoWithAllowedFields:]	
10bad70c4	10bad70cb	decompiled	chunks/006/functions-000395.c	-[SCASpectaclesPairingNameChange getPayloadIdentifier]	
10bad70cc	10bad70d7	decompiled	chunks/006/functions-000395.c	-[SCASpectaclesPairingNameDialog getEventName]	
10bad70d8	10bad70df	decompiled	chunks/006/functions-000395.c	-[SCASpectaclesPairingNameDialog getEventQoS]	
10bad70e0	10bad7103	decompiled	chunks/006/functions-000395.c	-[SCASpectaclesPairingNameDialog getFieldNumberToFieldDict]	
10bad7104	10bad713b	decompiled	chunks/006/functions-000395.c	-[SCASpectaclesPairingNameDialog addToProtoDictionary]	
10bad713c	10bad7193	decompiled	chunks/006/functions-000395.c	-[SCASpectaclesPairingNameDialog toProtoWithAllowedFields:]	
10bad7194	10bad719b	decompiled	chunks/006/functions-000395.c	-[SCASpectaclesPairingNameDialog getPayloadIdentifier]	
10bad719c	10bad71a7	decompiled	chunks/006/functions-000395.c	-[SCASpectaclesPairingNeedHelpButtonClick getEventName]	
10bad71a8	10bad71af	decompiled	chunks/006/functions-000395.c	-[SCASpectaclesPairingNeedHelpButtonClick getEventQoS]	
10bad71b0	10bad71d3	decompiled	chunks/006/functions-000395.c	-[SCASpectaclesPairingNeedHelpButtonClick getFieldNumberToFieldDict]	
10bad71d4	10bad720b	decompiled	chunks/006/functions-000395.c	-[SCASpectaclesPairingNeedHelpButtonClick addToProtoDictionary]	
10bad720c	10bad7263	decompiled	chunks/006/functions-000395.c	-[SCASpectaclesPairingNeedHelpButtonClick toProtoWithAllowedFields:]	
10bad7264	10bad726b	decompiled	chunks/006/functions-000395.c	-[SCASpectaclesPairingNeedHelpButtonClick getPayloadIdentifier]	
10bad726c	10bad7277	decompiled	chunks/006/functions-000395.c	-[SCASpectaclesPairingTosClose getEventName]	
10bad7278	10bad727f	decompiled	chunks/006/functions-000395.c	-[SCASpectaclesPairingTosClose getEventQoS]	
10bad7280	10bad72a3	decompiled	chunks/006/functions-000395.c	-[SCASpectaclesPairingTosClose getFieldNumberToFieldDict]	
10bad72a4	10bad72db	decompiled	chunks/006/functions-000395.c	-[SCASpectaclesPairingTosClose addToProtoDictionary]	
10bad72dc	10bad7333	decompiled	chunks/006/functions-000395.c	-[SCASpectaclesPairingTosClose toProtoWithAllowedFields:]	
10bad7334	10bad733b	decompiled	chunks/006/functions-000395.c	-[SCASpectaclesPairingTosClose getPayloadIdentifier]	
10bad733c	10bad7347	decompiled	chunks/006/functions-000395.c	-[SCASpectaclesPairingTosOpen getEventName]	
10bad7348	10bad734f	decompiled	chunks/006/functions-000395.c	-[SCASpectaclesPairingTosOpen getEventQoS]	
10bad7350	10bad735b	decompiled	chunks/006/functions-000395.c	-[SCASpectaclesPairingTosOpen getPerUserSamplingRateV2]	
10bad735c	10bad737f	decompiled	chunks/006/functions-000395.c	-[SCASpectaclesPairingTosOpen getFieldNumberToFieldDict]	
10bad7380	10bad73b7	decompiled	chunks/006/functions-000395.c	-[SCASpectaclesPairingTosOpen addToProtoDictionary]	
10bad73b8	10bad740f	decompiled	chunks/006/functions-000395.c	-[SCASpectaclesPairingTosOpen toProtoWithAllowedFields:]	
10bad7410	10bad7417	decompiled	chunks/006/functions-000395.c	-[SCASpectaclesPairingTosOpen getPayloadIdentifier]	
10bad7418	10bad7423	decompiled	chunks/006/functions-000395.c	-[SCASpectaclesPairingTroubleshootDialogHelpClick getEventName]	
10bad7424	10bad742b	decompiled	chunks/006/functions-000395.c	-[SCASpectaclesPairingTroubleshootDialogHelpClick getEventQoS]	
10bad742c	10bad744f	decompiled	chunks/006/functions-000395.c	-[SCASpectaclesPairingTroubleshootDialogHelpClick getFieldNumberToFieldDict]	
10bad7450	10bad7487	decompiled	chunks/006/functions-000395.c	-[SCASpectaclesPairingTroubleshootDialogHelpClick addToProtoDictionary]	
10bad7488	10bad74df	decompiled	chunks/006/functions-000395.c	-[SCASpectaclesPairingTroubleshootDialogHelpClick toProtoWithAllowedFields:]	
10bad74e0	10bad74e7	decompiled	chunks/006/functions-000395.c	-[SCASpectaclesPairingTroubleshootDialogHelpClick getPayloadIdentifier]	
10bad74e8	10bad74f3	decompiled	chunks/006/functions-000395.c	-[SCASpectaclesPairingTroubleshootDialogKeepPairingClick getEventName]	
10bad74f4	10bad74fb	decompiled	chunks/006/functions-000395.c	-[SCASpectaclesPairingTroubleshootDialogKeepPairingClick getEventQoS]	
10bad74fc	10bad751f	decompiled	chunks/006/functions-000395.c	-[SCASpectaclesPairingTroubleshootDialogKeepPairingClick getFieldNumberToFieldDict]	
10bad7520	10bad7557	decompiled	chunks/006/functions-000395.c	-[SCASpectaclesPairingTroubleshootDialogKeepPairingClick addToProtoDictionary]	
10bad7558	10bad75af	decompiled	chunks/006/functions-000395.c	-[SCASpectaclesPairingTroubleshootDialogKeepPairingClick toProtoWithAllowedFields:]	
10bad75b0	10bad75b7	decompiled	chunks/006/functions-000395.c	-[SCASpectaclesPairingTroubleshootDialogKeepPairingClick getPayloadIdentifier]	
10bad75b8	10bad75c3	decompiled	chunks/006/functions-000395.c	-[SCASpectaclesPairingTroubleshootDialogShow getEventName]	
10bad75c4	10bad75cb	decompiled	chunks/006/functions-000395.c	-[SCASpectaclesPairingTroubleshootDialogShow getEventQoS]	
10bad75cc	10bad75ef	decompiled	chunks/006/functions-000395.c	-[SCASpectaclesPairingTroubleshootDialogShow getFieldNumberToFieldDict]	
10bad75f0	10bad7627	decompiled	chunks/006/functions-000395.c	-[SCASpectaclesPairingTroubleshootDialogShow addToProtoDictionary]	
10bad7628	10bad767f	decompiled	chunks/006/functions-000395.c	-[SCASpectaclesPairingTroubleshootDialogShow toProtoWithAllowedFields:]	
10bad7680	10bad7687	decompiled	chunks/006/functions-000395.c	-[SCASpectaclesPairingTroubleshootDialogShow getPayloadIdentifier]	
10bad7688	10bad7693	decompiled	chunks/006/functions-000395.c	-[SCASpectaclesPairingUnexpectedSnapcodeDropdownClick getEventName]	
10bad7694	10bad769b	decompiled	chunks/006/functions-000395.c	-[SCASpectaclesPairingUnexpectedSnapcodeDropdownClick getEventQoS]	
10bad769c	10bad76a7	decompiled	chunks/006/functions-000395.c	-[SCASpectaclesPairingUnexpectedSnapcodeDropdownClick getPerUserSamplingRateV2]	
10bad76a8	10bad76cb	decompiled	chunks/006/functions-000395.c	-[SCASpectaclesPairingUnexpectedSnapcodeDropdownClick getFieldNumberToFieldDict]	
10bad76cc	10bad7703	decompiled	chunks/006/functions-000395.c	-[SCASpectaclesPairingUnexpectedSnapcodeDropdownClick addToProtoDictionary]	
10bad7704	10bad775b	decompiled	chunks/006/functions-000395.c	-[SCASpectaclesPairingUnexpectedSnapcodeDropdownClick toProtoWithAllowedFields:]	
10bad775c	10bad7763	decompiled	chunks/006/functions-000395.c	-[SCASpectaclesPairingUnexpectedSnapcodeDropdownClick getPayloadIdentifier]	
10bad7764	10bad776f	decompiled	chunks/006/functions-000395.c	-[SCASpectaclesSettingsAction getEventName]	
10bad7770	10bad7777	decompiled	chunks/006/functions-000395.c	-[SCASpectaclesSettingsAction getEventQoS]	
10bad7778	10bad77f7	decompiled	chunks/006/functions-000395.c	-[SCASpectaclesSettingsAction setDeviceState:]	
10bad77f8	10bad784b	decompiled	chunks/006/functions-000395.c	-[SCASpectaclesSettingsAction setNumDevices:]	
10bad784c	10bad78cb	decompiled	chunks/006/functions-000395.c	-[SCASpectaclesSettingsAction setSettingsAction:]	
10bad78cc	10bad78cf	decompiled	chunks/006/functions-000395.c	-[SCASpectaclesSettingsAction getFieldNumberToFieldDict]	
10bad78d0	10bad78db	decompiled	chunks/006/functions-000395.c	-[SCASpectaclesSettingsAction toProtoWithAllowedFields:]	
10bad78dc	10bad78e3	decompiled	chunks/006/functions-000395.c	-[SCASpectaclesSettingsAction getPayloadIdentifier]	
10bad78e4	10bad78ef	decompiled	chunks/006/functions-000395.c	-[SCASpectaclesSettingsDeviceAction getEventName]	
10bad78f0	10bad78f7	decompiled	chunks/006/functions-000395.c	-[SCASpectaclesSettingsDeviceAction getEventQoS]	
10bad78f8	10bad7977	decompiled	chunks/006/functions-000395.c	-[SCASpectaclesSettingsDeviceAction setFailureReason:]	
10bad7978	10bad79cb	decompiled	chunks/006/functions-000395.c	-[SCASpectaclesSettingsDeviceAction setNumDevices:]	
10bad79cc	10bad7a4b	decompiled	chunks/006/functions-000395.c	-[SCASpectaclesSettingsDeviceAction setPromptAction:]	
10bad7a4c	10bad7acb	decompiled	chunks/006/functions-000395.c	-[SCASpectaclesSettingsDeviceAction setSettingsAction:]	
10bad7acc	10bad7aef	decompiled	chunks/006/functions-000395.c	-[SCASpectaclesSettingsDeviceAction getFieldNumberToFieldDict]	
10bad7af0	10bad7b27	decompiled	chunks/006/functions-000396.c	-[SCASpectaclesSettingsDeviceAction addToProtoDictionary]	
10bad7b28	10bad7b7f	decompiled	chunks/006/functions-000396.c	-[SCASpectaclesSettingsDeviceAction toProtoWithAllowedFields:]	
10bad7b80	10bad7b87	decompiled	chunks/006/functions-000396.c	-[SCASpectaclesSettingsDeviceAction getPayloadIdentifier]	
10bad7b88	10bad7b93	decompiled	chunks/006/functions-000396.c	-[SCASpectaclesSettingsLocationDisable getEventName]	
10bad7b94	10bad7b9b	decompiled	chunks/006/functions-000396.c	-[SCASpectaclesSettingsLocationDisable getEventQoS]	
10bad7b9c	10bad7bbf	decompiled	chunks/006/functions-000396.c	-[SCASpectaclesSettingsLocationDisable getFieldNumberToFieldDict]	
10bad7bc0	10bad7bf7	decompiled	chunks/006/functions-000396.c	-[SCASpectaclesSettingsLocationDisable addToProtoDictionary]	
10bad7bf8	10bad7c4f	decompiled	chunks/006/functions-000396.c	-[SCASpectaclesSettingsLocationDisable toProtoWithAllowedFields:]	
10bad7c50	10bad7c57	decompiled	chunks/006/functions-000396.c	-[SCASpectaclesSettingsLocationDisable getPayloadIdentifier]	
10bad7c58	10bad7c63	decompiled	chunks/006/functions-000396.c	-[SCASpectaclesSettingsLocationEnable getEventName]	
10bad7c64	10bad7c6b	decompiled	chunks/006/functions-000396.c	-[SCASpectaclesSettingsLocationEnable getEventQoS]	
10bad7c6c	10bad7c8f	decompiled	chunks/006/functions-000396.c	-[SCASpectaclesSettingsLocationEnable getFieldNumberToFieldDict]	
10bad7c90	10bad7cc7	decompiled	chunks/006/functions-000396.c	-[SCASpectaclesSettingsLocationEnable addToProtoDictionary]	
10bad7cc8	10bad7d1f	decompiled	chunks/006/functions-000396.c	-[SCASpectaclesSettingsLocationEnable toProtoWithAllowedFields:]	
10bad7d20	10bad7d27	decompiled	chunks/006/functions-000396.c	-[SCASpectaclesSettingsLocationEnable getPayloadIdentifier]	
10bad7d28	10bad7d33	decompiled	chunks/006/functions-000396.c	-[SCASpectaclesSnapBoomboxView getEventName]	
10bad7d34	10bad7d3b	decompiled	chunks/006/functions-000396.c	-[SCASpectaclesSnapBoomboxView getEventQoS]	
10bad7d3c	10bad7d53	decompiled	chunks/006/functions-000396.c	-[SCASpectaclesSnapBoomboxView setContentId:]	
10bad7d54	10bad7da7	decompiled	chunks/006/functions-000396.c	-[SCASpectaclesSnapBoomboxView setDurationSec:]	
10bad7da8	10bad7dbf	decompiled	chunks/006/functions-000396.c	-[SCASpectaclesSnapBoomboxView setEntryId:]	
10bad7dc0	10bad7e3f	decompiled	chunks/006/functions-000396.c	-[SCASpectaclesSnapBoomboxView setFileType:]	
10bad7e40	10bad7e57	decompiled	chunks/006/functions-000396.c	-[SCASpectaclesSnapBoomboxView setLensInfo:]	
10bad7e58	10bad7e6f	decompiled	chunks/006/functions-000396.c	-[SCASpectaclesSnapBoomboxView setOperaSessionId:]	
10bad7e70	10bad7eef	decompiled	chunks/006/functions-000396.c	-[SCASpectaclesSnapBoomboxView setViewSource:]	
10bad7ef0	10bad7f13	decompiled	chunks/006/functions-000396.c	-[SCASpectaclesSnapBoomboxView getFieldNumberToFieldDict]	
10bad7f14	10bad7f4b	decompiled	chunks/006/functions-000396.c	-[SCASpectaclesSnapBoomboxView addToProtoDictionary]	
10bad7f4c	10bad7fa3	decompiled	chunks/006/functions-000396.c	-[SCASpectaclesSnapBoomboxView toProtoWithAllowedFields:]	
10bad7fa4	10bad7fab	decompiled	chunks/006/functions-000396.c	-[SCASpectaclesSnapBoomboxView getPayloadIdentifier]	
10bad7fac	10bad7fb7	decompiled	chunks/006/functions-000396.c	-[SCASpectaclesSnapCustomExport getEventName]	
10bad7fb8	10bad7fbf	decompiled	chunks/006/functions-000396.c	-[SCASpectaclesSnapCustomExport getEventQoS]	
10bad7fc0	10bad803f	decompiled	chunks/006/functions-000396.c	-[SCASpectaclesSnapCustomExport setCancellationSource:]	
10bad8040	10bad8057	decompiled	chunks/006/functions-000396.c	-[SCASpectaclesSnapCustomExport setContentId:]	
10bad8058	10bad80ab	decompiled	chunks/006/functions-000396.c	-[SCASpectaclesSnapCustomExport setIsMagicMoment:]	
10bad80ac	10bad80c3	decompiled	chunks/006/functions-000396.c	-[SCASpectaclesSnapCustomExport setLensInfo:]	
10bad80c4	10bad8143	decompiled	chunks/006/functions-000396.c	-[SCASpectaclesSnapCustomExport setPromptAction:]	
10bad8144	10bad815b	decompiled	chunks/006/functions-000396.c	-[SCASpectaclesSnapCustomExport setShareChannel:]	
10bad815c	10bad81db	decompiled	chunks/006/functions-000396.c	-[SCASpectaclesSnapCustomExport setSource:]	
10bad81dc	10bad81ff	decompiled	chunks/006/functions-000396.c	-[SCASpectaclesSnapCustomExport getFieldNumberToFieldDict]	
10bad8200	10bad8237	decompiled	chunks/006/functions-000396.c	-[SCASpectaclesSnapCustomExport addToProtoDictionary]	
10bad8238	10bad828f	decompiled	chunks/006/functions-000396.c	-[SCASpectaclesSnapCustomExport toProtoWithAllowedFields:]	
10bad8290	10bad8297	decompiled	chunks/006/functions-000396.c	-[SCASpectaclesSnapCustomExport getPayloadIdentifier]	
10bad8298	10bad82a3	decompiled	chunks/006/functions-000396.c	-[SCASpectaclesStoryBoomboxView getEventName]	
10bad82a4	10bad82ab	decompiled	chunks/006/functions-000396.c	-[SCASpectaclesStoryBoomboxView getEventQoS]	
10bad82ac	10bad82ff	decompiled	chunks/006/functions-000396.c	-[SCASpectaclesStoryBoomboxView setDurationSec:]	
10bad8300	10bad8317	decompiled	chunks/006/functions-000396.c	-[SCASpectaclesStoryBoomboxView setEntryId:]	
10bad8318	10bad836b	decompiled	chunks/006/functions-000396.c	-[SCASpectaclesStoryBoomboxView setNumPhotos:]	
10bad836c	10bad83bf	decompiled	chunks/006/functions-000396.c	-[SCASpectaclesStoryBoomboxView setNumVideos:]	
10bad83c0	10bad83d7	decompiled	chunks/006/functions-000396.c	-[SCASpectaclesStoryBoomboxView setOperaSessionId:]	
10bad83d8	10bad8457	decompiled	chunks/006/functions-000396.c	-[SCASpectaclesStoryBoomboxView setViewSource:]	
10bad8458	10bad847b	decompiled	chunks/006/functions-000396.c	-[SCASpectaclesStoryBoomboxView getFieldNumberToFieldDict]	
10bad847c	10bad84b3	decompiled	chunks/006/functions-000396.c	-[SCASpectaclesStoryBoomboxView addToProtoDictionary]	
10bad84b4	10bad850b	decompiled	chunks/006/functions-000396.c	-[SCASpectaclesStoryBoomboxView toProtoWithAllowedFields:]	
10bad850c	10bad8513	decompiled	chunks/006/functions-000396.c	-[SCASpectaclesStoryBoomboxView getPayloadIdentifier]	
10bad8514	10bad851f	decompiled	chunks/006/functions-000396.c	-[SCASpectaclesTransferFileTransfer getEventName]	
10bad8520	10bad8527	decompiled	chunks/006/functions-000396.c	-[SCASpectaclesTransferFileTransfer getEventQoS]	
10bad8528	10bad853f	decompiled	chunks/006/functions-000396.c	-[SCASpectaclesTransferFileTransfer setContentId:]	
10bad8540	10bad8593	decompiled	chunks/006/functions-000396.c	-[SCASpectaclesTransferFileTransfer setDeviceBattery:]	
10bad8594	10bad85e7	decompiled	chunks/006/functions-000396.c	-[SCASpectaclesTransferFileTransfer setFileSizeBytes:]	
10bad85e8	10bad8667	decompiled	chunks/006/functions-000396.c	-[SCASpectaclesTransferFileTransfer setFileType:]	
10bad8668	10bad86bb	decompiled	chunks/006/functions-000396.c	-[SCASpectaclesTransferFileTransfer setIsCharging:]	
10bad86bc	10bad873b	decompiled	chunks/006/functions-000396.c	-[SCASpectaclesTransferFileTransfer setStartSource:]	
10bad873c	10bad878f	decompiled	chunks/006/functions-000396.c	-[SCASpectaclesTransferFileTransfer setTimeIntervalSinceContentCaptureSec:]	
10bad8790	10bad87e3	decompiled	chunks/006/functions-000396.c	-[SCASpectaclesTransferFileTransfer setTimeIntervalSinceTransferFlowInitiationSec:]	
10bad87e4	10bad8837	decompiled	chunks/006/functions-000396.c	-[SCASpectaclesTransferFileTransfer setTransferSpeedBps:]	
10bad8838	10bad888b	decompiled	chunks/006/functions-000396.c	-[SCASpectaclesTransferFileTransfer setWifiTemperature:]	
10bad888c	10bad88af	decompiled	chunks/006/functions-000396.c	-[SCASpectaclesTransferFileTransfer getFieldNumberToFieldDict]	
10bad88b0	10bad88e7	decompiled	chunks/006/functions-000396.c	-[SCASpectaclesTransferFileTransfer addToProtoDictionary]	
10bad88e8	10bad893f	decompiled	chunks/006/functions-000396.c	-[SCASpectaclesTransferFileTransfer toProtoWithAllowedFields:]	
10bad8940	10bad8947	decompiled	chunks/006/functions-000396.c	-[SCASpectaclesTransferFileTransfer getPayloadIdentifier]	
10bad8948	10bad8953	decompiled	chunks/006/functions-000396.c	-[SCASpectaclesTransferInAppNotifPresent getEventName]	
10bad8954	10bad895b	decompiled	chunks/006/functions-000396.c	-[SCASpectaclesTransferInAppNotifPresent getEventQoS]	
10bad895c	10bad897f	decompiled	chunks/006/functions-000396.c	-[SCASpectaclesTransferInAppNotifPresent getFieldNumberToFieldDict]	
10bad8980	10bad89b7	decompiled	chunks/006/functions-000396.c	-[SCASpectaclesTransferInAppNotifPresent addToProtoDictionary]	
10bad89b8	10bad8a0f	decompiled	chunks/006/functions-000396.c	-[SCASpectaclesTransferInAppNotifPresent toProtoWithAllowedFields:]	
10bad8a10	10bad8a17	decompiled	chunks/006/functions-000396.c	-[SCASpectaclesTransferInAppNotifPresent getPayloadIdentifier]	
10bad8a18	10bad8a23	decompiled	chunks/006/functions-000396.c	-[SCASpectaclesTransferSessionComplete getEventName]	
10bad8a24	10bad8a2b	decompiled	chunks/006/functions-000396.c	-[SCASpectaclesTransferSessionComplete getEventQoS]	
10bad8a2c	10bad8a4f	decompiled	chunks/006/functions-000396.c	-[SCASpectaclesTransferSessionComplete getFieldNumberToFieldDict]	
10bad8a50	10bad8a87	decompiled	chunks/006/functions-000396.c	-[SCASpectaclesTransferSessionComplete addToProtoDictionary]	
10bad8a88	10bad8adf	decompiled	chunks/006/functions-000396.c	-[SCASpectaclesTransferSessionComplete toProtoWithAllowedFields:]	
10bad8ae0	10bad8ae7	decompiled	chunks/006/functions-000396.c	-[SCASpectaclesTransferSessionComplete getPayloadIdentifier]	
10bad8ae8	10bad8af3	decompiled	chunks/006/functions-000396.c	-[SCASpectaclesTransferSessionInterrupt getEventName]	
10bad8af4	10bad8afb	decompiled	chunks/006/functions-000396.c	-[SCASpectaclesTransferSessionInterrupt getEventQoS]	
10bad8afc	10bad8b7b	decompiled	chunks/006/functions-000396.c	-[SCASpectaclesTransferSessionInterrupt setTransferInterruptType:]	
10bad8b7c	10bad8b9f	decompiled	chunks/006/functions-000396.c	-[SCASpectaclesTransferSessionInterrupt getFieldNumberToFieldDict]	
10bad8ba0	10bad8bd7	decompiled	chunks/006/functions-000396.c	-[SCASpectaclesTransferSessionInterrupt addToProtoDictionary]	
10bad8bd8	10bad8c2f	decompiled	chunks/006/functions-000396.c	-[SCASpectaclesTransferSessionInterrupt toProtoWithAllowedFields:]	
10bad8c30	10bad8c37	decompiled	chunks/006/functions-000396.c	-[SCASpectaclesTransferSessionInterrupt getPayloadIdentifier]	
10bad8c38	10bad8c43	decompiled	chunks/006/functions-000396.c	-[SCASpectaclesTransferSessionStart getEventName]	
10bad8c44	10bad8c4b	decompiled	chunks/006/functions-000396.c	-[SCASpectaclesTransferSessionStart getEventQoS]	
10bad8c4c	10bad8c9f	decompiled	chunks/006/functions-000396.c	-[SCASpectaclesTransferSessionStart setBtcConnectionTimeMs:]	
10bad8ca0	10bad8d1f	decompiled	chunks/006/functions-000396.c	-[SCASpectaclesTransferSessionStart setPhoneWifiStatus:]	
10bad8d20	10bad8d73	decompiled	chunks/006/functions-000396.c	-[SCASpectaclesTransferSessionStart setWifiConnectionTimeMs:]	
10bad8d74	10bad8d97	decompiled	chunks/006/functions-000396.c	-[SCASpectaclesTransferSessionStart getFieldNumberToFieldDict]	
10bad8d98	10bad8dcf	decompiled	chunks/006/functions-000396.c	-[SCASpectaclesTransferSessionStart addToProtoDictionary]	
10bad8dd0	10bad8e27	decompiled	chunks/006/functions-000396.c	-[SCASpectaclesTransferSessionStart toProtoWithAllowedFields:]	
10bad8e28	10bad8e2f	decompiled	chunks/006/functions-000396.c	-[SCASpectaclesTransferSessionStart getPayloadIdentifier]	
10bad8e30	10bad8e7f	decompiled	chunks/006/functions-000396.c	-[SCASpectaclesTransferSessionTerminationBaseEvent setNumHdVideos:]	
10bad8e80	10bad8ecf	decompiled	chunks/006/functions-000396.c	-[SCASpectaclesTransferSessionTerminationBaseEvent setNumPhotos:]	
10bad8ed0	10bad8f1f	decompiled	chunks/006/functions-000396.c	-[SCASpectaclesTransferSessionTerminationBaseEvent setNumSdVideos:]	
10bad8f20	10bad8f9b	decompiled	chunks/006/functions-000397.c	-[SCASpectaclesTransferSessionTerminationBaseEvent setPhoneWifiStatus:]	
10bad8f9c	10bad8fa7	decompiled	chunks/006/functions-000397.c	-[SCASpectaclesTransferSystemNotifPresent getEventName]	
10bad8fa8	10bad8faf	decompiled	chunks/006/functions-000397.c	-[SCASpectaclesTransferSystemNotifPresent getEventQoS]	
10bad8fb0	10bad8fd3	decompiled	chunks/006/functions-000397.c	-[SCASpectaclesTransferSystemNotifPresent getFieldNumberToFieldDict]	
10bad8fd4	10bad900b	decompiled	chunks/006/functions-000397.c	-[SCASpectaclesTransferSystemNotifPresent addToProtoDictionary]	
10bad900c	10bad9063	decompiled	chunks/006/functions-000397.c	-[SCASpectaclesTransferSystemNotifPresent toProtoWithAllowedFields:]	
10bad9064	10bad906b	decompiled	chunks/006/functions-000397.c	-[SCASpectaclesTransferSystemNotifPresent getPayloadIdentifier]	
10bad906c	10bad9077	decompiled	chunks/006/functions-000397.c	-[SCASpectaclesUnpair getEventName]	
10bad9078	10bad907f	decompiled	chunks/006/functions-000397.c	-[SCASpectaclesUnpair getEventQoS]	
10bad9080	10bad9097	decompiled	chunks/006/functions-000397.c	-[SCASpectaclesUnpair setUnpairReason:]	
10bad9098	10bad90bb	decompiled	chunks/006/functions-000397.c	-[SCASpectaclesUnpair getFieldNumberToFieldDict]	
10bad90bc	10bad90f3	decompiled	chunks/006/functions-000397.c	-[SCASpectaclesUnpair addToProtoDictionary]	
10bad90f4	10bad914b	decompiled	chunks/006/functions-000397.c	-[SCASpectaclesUnpair toProtoWithAllowedFields:]	
10bad914c	10bad91d7	decompiled	chunks/006/functions-000397.c	-[SCASpectaclesUnpair getPayloadIdentifier]	
10bad91d8	10bad91e3	decompiled	chunks/006/functions-000397.c	-[SCAReadReceiptNetworkEvent getEventName]	
10bad91e4	10bad91eb	decompiled	chunks/006/functions-000397.c	-[SCAReadReceiptNetworkEvent getEventQoS]	
10bad91ec	10bad926b	decompiled	chunks/006/functions-000397.c	-[SCAReadReceiptNetworkEvent setOutcome:]	
10bad926c	10bad9283	decompiled	chunks/006/functions-000397.c	-[SCAReadReceiptNetworkEvent setSnapId:]	
10bad9284	10bad9287	decompiled	chunks/006/functions-000397.c	-[SCAReadReceiptNetworkEvent getFieldNumberToFieldDict]	
10bad9288	10bad9293	decompiled	chunks/006/functions-000397.c	-[SCAReadReceiptNetworkEvent toProtoWithAllowedFields:]	
10bad9294	10bad929b	decompiled	chunks/006/functions-000397.c	-[SCAReadReceiptNetworkEvent getPayloadIdentifier]	
10bad929c	10bad92a7	decompiled	chunks/006/functions-000397.c	-[SCASpotlightRepliesAction getEventName]	
10bad92a8	10bad92af	decompiled	chunks/006/functions-000397.c	-[SCASpotlightRepliesAction getEventQoS]	
10bad92b0	10bad932f	decompiled	chunks/006/functions-000397.c	-[SCASpotlightRepliesAction setActionType:]	
10bad9330	10bad93af	decompiled	chunks/006/functions-000397.c	-[SCASpotlightRepliesAction setGesture:]	
10bad93b0	10bad93c7	decompiled	chunks/006/functions-000397.c	-[SCASpotlightRepliesAction setReactionIntentId:]	
10bad93c8	10bad93df	decompiled	chunks/006/functions-000397.c	-[SCASpotlightRepliesAction setReplyId:]	
10bad93e0	10bad93f7	decompiled	chunks/006/functions-000397.c	-[SCASpotlightRepliesAction setSnapId:]	
10bad93f8	10bad940f	decompiled	chunks/006/functions-000397.c	-[SCASpotlightRepliesAction setStoryId:]	
10bad9410	10bad948f	decompiled	chunks/006/functions-000397.c	-[SCASpotlightRepliesAction setTabType:]	
10bad9490	10bad950f	decompiled	chunks/006/functions-000397.c	-[SCASpotlightRepliesAction setActionSource:]	
10bad9510	10bad9563	decompiled	chunks/006/functions-000397.c	-[SCASpotlightRepliesAction setTimeViewedSecs:]	
10bad9564	10bad95e3	decompiled	chunks/006/functions-000397.c	-[SCASpotlightRepliesAction setTrayEntryPoint:]	
10bad95e4	10bad95fb	decompiled	chunks/006/functions-000397.c	-[SCASpotlightRepliesAction setParentCommentId:]	
10bad95fc	10bad95ff	decompiled	chunks/006/functions-000397.c	-[SCASpotlightRepliesAction getFieldNumberToFieldDict]	
10bad9600	10bad960b	decompiled	chunks/006/functions-000397.c	-[SCASpotlightRepliesAction toProtoWithAllowedFields:]	
10bad960c	10bad9613	decompiled	chunks/006/functions-000397.c	-[SCASpotlightRepliesAction getPayloadIdentifier]	
10bad9614	10bad963f	decompiled	chunks/006/functions-000397.c	-[SCASpotlightRepliesAction runInvariantChecks]	
10bad9640	10bad96bf	decompiled	chunks/006/functions-000397.c	-[SCAAndroidPlatformInfo setUsapPoolStatus:]	
10bad96c0	10bad973f	decompiled	chunks/006/functions-000397.c	-[SCAAndroidPlatformInfo setUsapStatus:]	
10bad9740	10bad9793	decompiled	chunks/006/functions-000397.c	-[SCAAndroidPlatformInfo setMainActivityClassPreLoaded:]	
10bad9794	10bad97e7	decompiled	chunks/006/functions-000397.c	-[SCAAndroidPlatformInfo setPausedAfterResumedTimeoutMillis:]	
10bad97e8	10bad983b	decompiled	chunks/006/functions-000397.c	-[SCAAndroidPlatformInfo setMajorPageFaults:]	
10bad983c	10bad988f	decompiled	chunks/006/functions-000397.c	-[SCAAndroidPlatformInfo setTotalMemoryUsage:]	
10bad9890	10bad98e3	decompiled	chunks/006/functions-000397.c	-[SCAAndroidPlatformInfo setAvailableProcessors:]	
10bad98e4	10bad9937	decompiled	chunks/006/functions-000397.c	-[SCAAndroidPlatformInfo setTotalMemory:]	
10bad9938	10bad998b	decompiled	chunks/006/functions-000397.c	-[SCAAndroidPlatformInfo setHasSavedInstanceState:]	
10bad998c	10bad99df	decompiled	chunks/006/functions-000397.c	-[SCAAndroidPlatformInfo setOsStartupType:]	
10bad99e0	10bad9a33	decompiled	chunks/006/functions-000397.c	-[SCAAndroidPlatformInfo setStartedComponentType:]	
10bad9a34	10bad9a87	decompiled	chunks/006/functions-000397.c	-[SCAAndroidPlatformInfo setStartupReason:]	
10bad9a88	10bad9a8b	decompiled	chunks/006/functions-000397.c	-[SCAAndroidPlatformInfo getFieldNumberToFieldDict]	
10bad9a8c	10bad9a97	decompiled	chunks/006/functions-000397.c	-[SCAAndroidPlatformInfo toProtoWithAllowedFields:]	
10bad9a98	10bad9a9f	decompiled	chunks/006/functions-000397.c	-[SCAAndroidPlatformInfo getPayloadIdentifier]	
10bad9aa0	10bad9ae7	decompiled	chunks/006/functions-000397.c	-[SCAAppStartupCompleteV2 setAndroidPlatformInfo:]	
10bad9ae8	10bad9b3b	decompiled	chunks/006/functions-000397.c	-[SCAAppStartupCompleteV2 setPageViewSequenceId:]	
10bad9b3c	10bad9b53	decompiled	chunks/006/functions-000397.c	-[SCAAppStartupCompleteV2 setStartupStatusErrorMessage:]	
10bad9b54	10bad9ba7	decompiled	chunks/006/functions-000397.c	-[SCAAppStartupCompleteV2 setDeeplinkHandlingId:]	
10bad9ba8	10bad9bbf	decompiled	chunks/006/functions-000397.c	-[SCAAppStartupCompleteV2 setInstanceId:]	
10bad9bc0	10bad9c13	decompiled	chunks/006/functions-000397.c	-[SCAAppStartupCompleteV2 setIterationCount:]	
10bad9c14	10bad9c37	decompiled	chunks/006/functions-000397.c	-[SCAAppStartupCompleteV2 getFieldNumberToFieldDict]	
10bad9c38	10bad9c8b	decompiled	chunks/006/functions-000397.c	-[SCAEntryPointDurationInfo setCount:]	
10bad9c8c	10bad9cdf	decompiled	chunks/006/functions-000397.c	-[SCAEntryPointDurationInfo setDurationMs:]	
10bad9ce0	10bad9cf7	decompiled	chunks/006/functions-000397.c	-[SCAEntryPointDurationInfo setJiraProject:]	
10bad9cf8	10bad9d0f	decompiled	chunks/006/functions-000397.c	-[SCAEntryPointDurationInfo setName:]	
10bad9d10	10bad9d63	decompiled	chunks/006/functions-000397.c	-[SCAEntryPointDurationInfo setDurationSec:]	
10bad9d64	10bad9d67	decompiled	chunks/006/functions-000397.c	-[SCAEntryPointDurationInfo getFieldNumberToFieldDict]	
10bad9d68	10bad9d73	decompiled	chunks/006/functions-000397.c	-[SCAEntryPointDurationInfo toProtoWithAllowedFields:]	
10bad9d74	10bad9d7b	decompiled	chunks/006/functions-000397.c	-[SCAEntryPointDurationInfo getPayloadIdentifier]	
10bad9d7c	10bad9d7f	decompiled	chunks/006/functions-000397.c	-[SCAFeaturePoint getFieldNumberToFieldDict]	
10bad9d80	10bad9d8b	decompiled	chunks/006/functions-000397.c	-[SCAFeaturePoint toProtoWithAllowedFields:]	
10bad9d8c	10bad9d93	decompiled	chunks/006/functions-000397.c	-[SCAFeaturePoint getPayloadIdentifier]	
10bad9d94	10bad9dab	decompiled	chunks/006/functions-000397.c	-[SCAIosPlatformInfo setNotificationType:]	
10bad9dac	10bad9daf	decompiled	chunks/006/functions-000397.c	-[SCAIosPlatformInfo getFieldNumberToFieldDict]	
10bad9db0	10bad9dbb	decompiled	chunks/006/functions-000397.c	-[SCAIosPlatformInfo toProtoWithAllowedFields:]	
10bad9dbc	10bad9dc3	decompiled	chunks/006/functions-000397.c	-[SCAIosPlatformInfo getPayloadIdentifier]	
10bad9dc4	10bad9e17	decompiled	chunks/006/functions-000397.c	-[SCAPlatformInfo setUiStableConsecutiveFramesThreshold:]	
10bad9e18	10bad9e97	decompiled	chunks/006/functions-000397.c	-[SCAPlatformInfo setDeepLinkSource:]	
10bad9e98	10bad9e9b	decompiled	chunks/006/functions-000397.c	-[SCAPlatformInfo getFieldNumberToFieldDict]	
10bad9e9c	10bad9ea7	decompiled	chunks/006/functions-000397.c	-[SCAPlatformInfo toProtoWithAllowedFields:]	
10bad9ea8	10bad9eaf	decompiled	chunks/006/functions-000397.c	-[SCAPlatformInfo getPayloadIdentifier]	
10bad9eb0	10bad9eb3	decompiled	chunks/006/functions-000397.c	-[SCAPlatformPoint getFieldNumberToFieldDict]	
10bad9eb4	10bad9ebf	decompiled	chunks/006/functions-000397.c	-[SCAPlatformPoint toProtoWithAllowedFields:]	
10bad9ec0	10bad9ec7	decompiled	chunks/006/functions-000397.c	-[SCAPlatformPoint getPayloadIdentifier]	
10bad9ec8	10bad9f1b	decompiled	chunks/006/functions-000397.c	-[SCASaberProviderDurationInfo setDurationSec:]	
10bad9f1c	10bad9f33	decompiled	chunks/006/functions-000397.c	-[SCASaberProviderDurationInfo setName:]	
10bad9f34	10bad9f87	decompiled	chunks/006/functions-000397.c	-[SCASaberProviderDurationInfo setTransitiveDurationSec:]	
10bad9f88	10bad9f8b	decompiled	chunks/006/functions-000397.c	-[SCASaberProviderDurationInfo getFieldNumberToFieldDict]	
10bad9f8c	10bad9f97	decompiled	chunks/006/functions-000397.c	-[SCASaberProviderDurationInfo toProtoWithAllowedFields:]	
10bad9f98	10bad9f9f	decompiled	chunks/006/functions-000397.c	-[SCASaberProviderDurationInfo getPayloadIdentifier]	
10bad9fa0	10bad9fab	decompiled	chunks/006/functions-000397.c	-[SCASaberStartupAttribution getEventName]	
10bad9fac	10bad9fb3	decompiled	chunks/006/functions-000397.c	-[SCASaberStartupAttribution getEventQoS]	
10bad9fb4	10bad9fbf	decompiled	chunks/006/functions-000397.c	-[SCASaberStartupAttribution getPerUserSamplingRate]	
10bad9fc0	10bad9fcb	decompiled	chunks/006/functions-000397.c	-[SCASaberStartupAttribution getPerUserSamplingRateV2]	
10bad9fcc	10bada013	decompiled	chunks/006/functions-000397.c	-[SCASaberStartupAttribution setProviderDurationInfoList:]	
10bada014	10bada067	decompiled	chunks/006/functions-000397.c	-[SCASaberStartupAttribution setTotalDurationSec:]	
10bada068	10bada20f	decompiled	chunks/006/functions-000397.c	-[SCASaberStartupAttribution prepareDictionary:]	
10bada210	10bada213	decompiled	chunks/006/functions-000397.c	-[SCASaberStartupAttribution getFieldNumberToFieldDict]	
10bada214	10bada21f	decompiled	chunks/006/functions-000397.c	-[SCASaberStartupAttribution toProtoWithAllowedFields:]	
10bada220	10bada227	decompiled	chunks/006/functions-000397.c	-[SCASaberStartupAttribution getPayloadIdentifier]	
10bada228	10bada233	decompiled	chunks/006/functions-000397.c	-[SCAScopeGraphStartupAttribution getEventName]	
10bada234	10bada23b	decompiled	chunks/006/functions-000398.c	-[SCAScopeGraphStartupAttribution getEventQoS]	
10bada23c	10bada247	decompiled	chunks/006/functions-000398.c	-[SCAScopeGraphStartupAttribution getPerUserSamplingRate]	
10bada248	10bada253	decompiled	chunks/006/functions-000398.c	-[SCAScopeGraphStartupAttribution getPerUserSamplingRateV2]	
10bada254	10bada29b	decompiled	chunks/006/functions-000398.c	-[SCAScopeGraphStartupAttribution setEntryPointDurationInfoList:]	
10bada29c	10bada2e3	decompiled	chunks/006/functions-000398.c	-[SCAScopeGraphStartupAttribution setTeamEntryPointDurationInfoList:]	
10bada2e4	10bada337	decompiled	chunks/006/functions-000398.c	-[SCAScopeGraphStartupAttribution setTotalDurationMs:]	
10bada338	10bada38b	decompiled	chunks/006/functions-000398.c	-[SCAScopeGraphStartupAttribution setTotalDurationSec:]	
10bada38c	10bada633	decompiled	chunks/006/functions-000398.c	-[SCAScopeGraphStartupAttribution prepareDictionary:]	
10bada634	10bada637	decompiled	chunks/006/functions-000398.c	-[SCAScopeGraphStartupAttribution getFieldNumberToFieldDict]	
10bada638	10bada643	decompiled	chunks/006/functions-000398.c	-[SCAScopeGraphStartupAttribution toProtoWithAllowedFields:]	
10bada644	10bada64b	decompiled	chunks/006/functions-000398.c	-[SCAScopeGraphStartupAttribution getPayloadIdentifier]	
10bada64c	10bada69f	decompiled	chunks/006/functions-000398.c	-[SCATeamEntryPointDurationInfo setDurationMs:]	
10bada6a0	10bada6b7	decompiled	chunks/006/functions-000398.c	-[SCATeamEntryPointDurationInfo setJiraProject:]	
10bada6b8	10bada70b	decompiled	chunks/006/functions-000398.c	-[SCATeamEntryPointDurationInfo setDurationSec:]	
10bada70c	10bada70f	decompiled	chunks/006/functions-000398.c	-[SCATeamEntryPointDurationInfo getFieldNumberToFieldDict]	
10bada710	10bada71b	decompiled	chunks/006/functions-000398.c	-[SCATeamEntryPointDurationInfo toProtoWithAllowedFields:]	
10bada71c	10bada88b	decompiled	chunks/006/functions-000398.c	-[SCATeamEntryPointDurationInfo getPayloadIdentifier]	
10bada88c	10bada897	decompiled	chunks/006/functions-000398.c	-[SCAContentSnapTakedown getEventName]	
10bada898	10bada89f	decompiled	chunks/006/functions-000398.c	-[SCAContentSnapTakedown getEventQoS]	
10bada8a0	10bada8f3	decompiled	chunks/006/functions-000398.c	-[SCAContentSnapTakedown setLiveTime:]	
10bada8f4	10bada90b	decompiled	chunks/006/functions-000398.c	-[SCAContentSnapTakedown setSnapId:]	
10bada90c	10bada923	decompiled	chunks/006/functions-000398.c	-[SCAContentSnapTakedown setTakedownSessionId:]	
10bada924	10bada927	decompiled	chunks/006/functions-000398.c	-[SCAContentSnapTakedown getFieldNumberToFieldDict]	
10bada928	10bada933	decompiled	chunks/006/functions-000398.c	-[SCAContentSnapTakedown toProtoWithAllowedFields:]	
10bada934	10bada93b	decompiled	chunks/006/functions-000398.c	-[SCAContentSnapTakedown getPayloadIdentifier]	
10bada93c	10bada947	decompiled	chunks/006/functions-000398.c	-[SCAContentUnifiedProfilePageExit getEventName]	
10bada948	10bada94f	decompiled	chunks/006/functions-000398.c	-[SCAContentUnifiedProfilePageExit getEventQoS]	
10bada950	10bada957	decompiled	chunks/006/functions-000398.c	-[SCAContentUnifiedProfilePageExit getPerUserSamplingRateV2]	
10bada958	10bada9ab	decompiled	chunks/006/functions-000398.c	-[SCAContentUnifiedProfilePageExit setFirstStorySeenAtTimestampMs:]	
10bada9ac	10bada9f3	decompiled	chunks/006/functions-000398.c	-[SCAContentUnifiedProfilePageExit setStoryTypesCurrentlyAvailable:]	
10bada9f4	10badaa3b	decompiled	chunks/006/functions-000398.c	-[SCAContentUnifiedProfilePageExit setStoryTypesPreviouslySeen:]	
10badaa3c	10badace3	decompiled	chunks/006/functions-000398.c	-[SCAContentUnifiedProfilePageExit prepareDictionary:]	
10badace4	10badad07	decompiled	chunks/006/functions-000398.c	-[SCAContentUnifiedProfilePageExit getFieldNumberToFieldDict]	
10badad08	10badad3f	decompiled	chunks/006/functions-000398.c	-[SCAContentUnifiedProfilePageExit addToProtoDictionary]	
10badad40	10badad97	decompiled	chunks/006/functions-000398.c	-[SCAContentUnifiedProfilePageExit toProtoWithAllowedFields:]	
10badad98	10badad9f	decompiled	chunks/006/functions-000398.c	-[SCAContentUnifiedProfilePageExit getPayloadIdentifier]	
10badada0	10badadab	decompiled	chunks/006/functions-000398.c	-[SCACustomStoryItemAction getEventName]	
10badadac	10badadb3	decompiled	chunks/006/functions-000398.c	-[SCACustomStoryItemAction getEventQoS]	
10badadb4	10badae33	decompiled	chunks/006/functions-000398.c	-[SCACustomStoryItemAction setActionName:]	
10badae34	10badae57	decompiled	chunks/006/functions-000398.c	-[SCACustomStoryItemAction getFieldNumberToFieldDict]	
10badae58	10badae8f	decompiled	chunks/006/functions-000398.c	-[SCACustomStoryItemAction addToProtoDictionary]	
10badae90	10badaee7	decompiled	chunks/006/functions-000398.c	-[SCACustomStoryItemAction toProtoWithAllowedFields:]	
10badaee8	10badaeef	decompiled	chunks/006/functions-000398.c	-[SCACustomStoryItemAction getPayloadIdentifier]	
10badaef0	10badaf6b	decompiled	chunks/006/functions-000398.c	-[SCACustomStoryItemBase setItemType:]	
10badaf6c	10badaf7f	decompiled	chunks/006/functions-000398.c	-[SCACustomStoryItemBase setPublicationId:]	
10badaf80	10badaffb	decompiled	chunks/006/functions-000398.c	-[SCACustomStoryItemBase setStoryType:]	
10badaffc	10badb077	decompiled	chunks/006/functions-000398.c	-[SCACustomStoryItemBase setStoryTypeSpecific:]	
10badb078	10badb083	decompiled	chunks/006/functions-000398.c	-[SCACustomStoryItemImp getEventName]	
10badb084	10badb08b	decompiled	chunks/006/functions-000398.c	-[SCACustomStoryItemImp getEventQoS]	
10badb08c	10badb0df	decompiled	chunks/006/functions-000398.c	-[SCACustomStoryItemImp setReadyLatencyMs:]	
10badb0e0	10badb103	decompiled	chunks/006/functions-000398.c	-[SCACustomStoryItemImp getFieldNumberToFieldDict]	
10badb104	10badb13b	decompiled	chunks/006/functions-000398.c	-[SCACustomStoryItemImp addToProtoDictionary]	
10badb13c	10badb193	decompiled	chunks/006/functions-000398.c	-[SCACustomStoryItemImp toProtoWithAllowedFields:]	
10badb194	10badb19b	decompiled	chunks/006/functions-000398.c	-[SCACustomStoryItemImp getPayloadIdentifier]	
10badb19c	10badb1a7	decompiled	chunks/006/functions-000398.c	-[SCAGeofilterStorySnapPost getEventName]	
10badb1a8	10badb1af	decompiled	chunks/006/functions-000398.c	-[SCAGeofilterStorySnapPost getEventQoS]	
10badb1b0	10badb1c7	decompiled	chunks/006/functions-000398.c	-[SCAGeofilterStorySnapPost setAdsnapPlacementId:]	
10badb1c8	10badb21b	decompiled	chunks/006/functions-000398.c	-[SCAGeofilterStorySnapPost setAnimatedFilterCount:]	
10badb21c	10badb26f	decompiled	chunks/006/functions-000398.c	-[SCAGeofilterStorySnapPost setAnimatedStickerCount:]	
10badb270	10badb287	decompiled	chunks/006/functions-000398.c	-[SCAGeofilterStorySnapPost setAudioToolName:]	
10badb288	10badb2db	decompiled	chunks/006/functions-000398.c	-[SCAGeofilterStorySnapPost setBrushCancelCount:]	
10badb2dc	10badb32f	decompiled	chunks/006/functions-000398.c	-[SCAGeofilterStorySnapPost setBrushFinalTintCount:]	
10badb330	10badb383	decompiled	chunks/006/functions-000398.c	-[SCAGeofilterStorySnapPost setBrushHasTint:]	
10badb384	10badb3d7	decompiled	chunks/006/functions-000398.c	-[SCAGeofilterStorySnapPost setBrushResizeCount:]	
10badb3d8	10badb42b	decompiled	chunks/006/functions-000398.c	-[SCAGeofilterStorySnapPost setBrushSessionCount:]	
10badb42c	10badb443	decompiled	chunks/006/functions-000398.c	-[SCAGeofilterStorySnapPost setBrushStroke:]	
10badb444	10badb497	decompiled	chunks/006/functions-000398.c	-[SCAGeofilterStorySnapPost setBrushTotalTintCount:]	
10badb498	10badb51f	decompiled	chunks/006/functions-000398.c	-[SCAGeofilterStorySnapPost setCachedDate:]	
10badb520	10badb573	decompiled	chunks/006/functions-000398.c	-[SCAGeofilterStorySnapPost setCachedTimeSec:]	
10badb574	10badb5c7	decompiled	chunks/006/functions-000398.c	-[SCAGeofilterStorySnapPost setCamera:]	
10badb5c8	10badb647	decompiled	chunks/006/functions-000398.c	-[SCAGeofilterStorySnapPost setCameraApi:]	
10badb648	10badb69b	decompiled	chunks/006/functions-000398.c	-[SCAGeofilterStorySnapPost setCaption:]	
10badb69c	10badb6ef	decompiled	chunks/006/functions-000398.c	-[SCAGeofilterStorySnapPost setCaptionDeletionCount:]	
10badb6f0	10badb743	decompiled	chunks/006/functions-000398.c	-[SCAGeofilterStorySnapPost setCaptionHasStyling:]	
10badb744	10badb797	decompiled	chunks/006/functions-000398.c	-[SCAGeofilterStorySnapPost setCaptionTracking:]	
10badb798	10badb817	decompiled	chunks/006/functions-000398.c	-[SCAGeofilterStorySnapPost setCaptureSource:]	
10badb818	10badb86b	decompiled	chunks/006/functions-000398.c	-[SCAGeofilterStorySnapPost setContextFilterGeneratedCount:]	
10badb86c	10badb883	decompiled	chunks/006/functions-000398.c	-[SCAGeofilterStorySnapPost setContextFilterId:]	
10badb884	10badb8d7	decompiled	chunks/006/functions-000398.c	-[SCAGeofilterStorySnapPost setContextFilterIsSeen:]	
10badb8d8	10badb8ef	decompiled	chunks/006/functions-000398.c	-[SCAGeofilterStorySnapPost setContextFilterPortraitType:]	
10badb8f0	10badb907	decompiled	chunks/006/functions-000398.c	-[SCAGeofilterStorySnapPost setContextFilterSkyType:]	
10badb908	10badb987	decompiled	chunks/006/functions-000398.c	-[SCAGeofilterStorySnapPost setDeletedSegments:]	
10badb988	10badb9db	decompiled	chunks/006/functions-000398.c	-[SCAGeofilterStorySnapPost setDeviceScore:]	
10badb9dc	10badba2f	decompiled	chunks/006/functions-000398.c	-[SCAGeofilterStorySnapPost setDrawing:]	
10badba30	10badba47	decompiled	chunks/006/functions-000398.c	-[SCAGeofilterStorySnapPost setDrawingV2BrushStrokes:]	
10badba48	10badba5f	decompiled	chunks/006/functions-000398.c	-[SCAGeofilterStorySnapPost setDynamicContextSourceList:]	
10badba60	10badba77	decompiled	chunks/006/functions-000398.c	-[SCAGeofilterStorySnapPost setEncGeoData:]	
10badba78	10badbacb	decompiled	chunks/006/functions-000398.c	-[SCAGeofilterStorySnapPost setEraserCancelCount:]	
10badbacc	10badbb1f	decompiled	chunks/006/functions-000398.c	-[SCAGeofilterStorySnapPost setEraserIsInpainted:]	
10badbb20	10badbb73	decompiled	chunks/006/functions-000398.c	-[SCAGeofilterStorySnapPost setEraserLastEraseCount:]	
10badbb74	10badbbc7	decompiled	chunks/006/functions-000398.c	-[SCAGeofilterStorySnapPost setEraserSessionCount:]	
10badbbc8	10badbc1b	decompiled	chunks/006/functions-000398.c	-[SCAGeofilterStorySnapPost setEraserTotalEraseCount:]	
10badbc1c	10badbc6f	decompiled	chunks/006/functions-000398.c	-[SCAGeofilterStorySnapPost setFaceBackCameraCount:]	
10badbc70	10badbcc3	decompiled	chunks/006/functions-000398.c	-[SCAGeofilterStorySnapPost setFaceFrontCameraCount:]	
10badbcc4	10badbcdb	decompiled	chunks/006/functions-000398.c	-[SCAGeofilterStorySnapPost setFacecraftStyleId:]	
10badbcdc	10badbcf3	decompiled	chunks/006/functions-000398.c	-[SCAGeofilterStorySnapPost setFilterGeofilterId:]	
10badbcf4	10badbd0b	decompiled	chunks/006/functions-000398.c	-[SCAGeofilterStorySnapPost setFilterGeofilterIdList:]	
10badbd0c	10badbd23	decompiled	chunks/006/functions-000398.c	-[SCAGeofilterStorySnapPost setFilterGeolensId:]	
10badbd24	10badbd77	decompiled	chunks/006/functions-000398.c	-[SCAGeofilterStorySnapPost setFilterIndexCount:]	
10badbd78	10badbdcb	decompiled	chunks/006/functions-000398.c	-[SCAGeofilterStorySnapPost setFilterIndexPos:]	
10badbdcc	10badbe4b	decompiled	chunks/006/functions-000399.c	-[SCAGeofilterStorySnapPost setFilterInfo:]	
10badbe4c	10badbecb	decompiled	chunks/006/functions-000399.c	-[SCAGeofilterStorySnapPost setFilterMotion:]	
10badbecc	10badbf1f	decompiled	chunks/006/functions-000399.c	-[SCAGeofilterStorySnapPost setFilterReverse:]	
10badbf20	10badbf9f	decompiled	chunks/006/functions-000399.c	-[SCAGeofilterStorySnapPost setFilterSource:]	
10badbfa0	10badbfb7	decompiled	chunks/006/functions-000399.c	-[SCAGeofilterStorySnapPost setFilterSponsor:]	
10badbfb8	10badbfcf	decompiled	chunks/006/functions-000399.c	-[SCAGeofilterStorySnapPost setFilterVenueId:]	
10badbfd0	10badc04f	decompiled	chunks/006/functions-000399.c	-[SCAGeofilterStorySnapPost setFilterVisual:]	
10badc050	10badc0a3	decompiled	chunks/006/functions-000399.c	-[SCAGeofilterStorySnapPost setFlash:]	
10badc0a4	10badc0f7	decompiled	chunks/006/functions-000399.c	-[SCAGeofilterStorySnapPost setFriendLinkHop:]	
10badc0f8	10badc177	decompiled	chunks/006/functions-000399.c	-[SCAGeofilterStorySnapPost setGalleryContextMenuSource:]	
10badc178	10badc18f	decompiled	chunks/006/functions-000399.c	-[SCAGeofilterStorySnapPost setGeoFence:]	
10badc190	10badc1a7	decompiled	chunks/006/functions-000399.c	-[SCAGeofilterStorySnapPost setGroupStoryId:]	
10badc1a8	10badc1fb	decompiled	chunks/006/functions-000399.c	-[SCAGeofilterStorySnapPost setHandsFree:]	
10badc1fc	10badc24f	decompiled	chunks/006/functions-000399.c	-[SCAGeofilterStorySnapPost setIsCached:]	
10badc250	10badc267	decompiled	chunks/006/functions-000399.c	-[SCAGeofilterStorySnapPost setLagunaDeviceId:]	
10badc268	10badc27f	decompiled	chunks/006/functions-000399.c	-[SCAGeofilterStorySnapPost setLagunaUserAgent:]	
10badc280	10badc297	decompiled	chunks/006/functions-000399.c	-[SCAGeofilterStorySnapPost setLensBundleUrl:]	
10badc298	10badc2eb	decompiled	chunks/006/functions-000399.c	-[SCAGeofilterStorySnapPost setLensIndexCount:]	
10badc2ec	10badc33f	decompiled	chunks/006/functions-000399.c	-[SCAGeofilterStorySnapPost setLensIndexPos:]	
10badc340	10badc357	decompiled	chunks/006/functions-000399.c	-[SCAGeofilterStorySnapPost setLensInfo:]	
10badc358	10badc36f	decompiled	chunks/006/functions-000399.c	-[SCAGeofilterStorySnapPost setLensOptionId:]	
10badc370	10badc3ef	decompiled	chunks/006/functions-000399.c	-[SCAGeofilterStorySnapPost setLensSource:]	
10badc3f0	10badc443	decompiled	chunks/006/functions-000399.c	-[SCAGeofilterStorySnapPost setLightSensorValue:]	
10badc444	10badc4c3	decompiled	chunks/006/functions-000399.c	-[SCAGeofilterStorySnapPost setLowLightStatus:]	
10badc4c4	10badc517	decompiled	chunks/006/functions-000399.c	-[SCAGeofilterStorySnapPost setMagicCancelCount:]	
10badc518	10badc56b	decompiled	chunks/006/functions-000399.c	-[SCAGeofilterStorySnapPost setMagicFinalEditCount:]	
10badc56c	10badc5bf	decompiled	chunks/006/functions-000399.c	-[SCAGeofilterStorySnapPost setMagicHasMagicImage:]	
10badc5c0	10badc613	decompiled	chunks/006/functions-000399.c	-[SCAGeofilterStorySnapPost setMagicSessionCount:]	
10badc614	10badc667	decompiled	chunks/006/functions-000399.c	-[SCAGeofilterStorySnapPost setMagicTotalEditCount:]	
10badc668	10badc6e7	decompiled	chunks/006/functions-000399.c	-[SCAGeofilterStorySnapPost setMediaType:]	
10badc6e8	10badc73b	decompiled	chunks/006/functions-000399.c	-[SCAGeofilterStorySnapPost setMultiSnapCount:]	
10badc73c	10badc78f	decompiled	chunks/006/functions-000399.c	-[SCAGeofilterStorySnapPost setMultiSnapIndex:]	
10badc790	10badc7d7	decompiled	chunks/006/functions-000399.c	-[SCAGeofilterStorySnapPost setMultiSnapInfo:]	
10badc7d8	10badc857	decompiled	chunks/006/functions-000399.c	-[SCAGeofilterStorySnapPost setNightModeState:]	
10badc858	10badc86f	decompiled	chunks/006/functions-000399.c	-[SCAGeofilterStorySnapPost setPosterGuid:]	
10badc870	10badc887	decompiled	chunks/006/functions-000399.c	-[SCAGeofilterStorySnapPost setPosterId:]	
10badc888	10badc8db	decompiled	chunks/006/functions-000399.c	-[SCAGeofilterStorySnapPost setPrefixMatchStickerTagSelectCount:]	
10badc8dc	10badc92f	decompiled	chunks/006/functions-000399.c	-[SCAGeofilterStorySnapPost setPretypeStickerTagSelectCount:]	
10badc930	10badc983	decompiled	chunks/006/functions-000399.c	-[SCAGeofilterStorySnapPost setPurikuraCancelCount:]	
10badc984	10badc9d7	decompiled	chunks/006/functions-000399.c	-[SCAGeofilterStorySnapPost setPurikuraLastDrawCount:]	
10badc9d8	10badc9ef	decompiled	chunks/006/functions-000399.c	-[SCAGeofilterStorySnapPost setPurikuraResourceId:]	
10badc9f0	10badca43	decompiled	chunks/006/functions-000399.c	-[SCAGeofilterStorySnapPost setPurikuraSessionCount:]	
10badca44	10badca97	decompiled	chunks/006/functions-000399.c	-[SCAGeofilterStorySnapPost setPurikuraTotalEditCount:]	
10badca98	10badcaeb	decompiled	chunks/006/functions-000399.c	-[SCAGeofilterStorySnapPost setRecipientCount:]	
10badcaec	10badcb6b	decompiled	chunks/006/functions-000399.c	-[SCAGeofilterStorySnapPost setRoleType:]	
10badcb6c	10badcb83	decompiled	chunks/006/functions-000399.c	-[SCAGeofilterStorySnapPost setSnapEditingAngleList:]	
10badcb84	10badcb9b	decompiled	chunks/006/functions-000399.c	-[SCAGeofilterStorySnapPost setSnapSessionId:]	
10badcb9c	10badcbef	decompiled	chunks/006/functions-000399.c	-[SCAGeofilterStorySnapPost setSnapTimeIsLoop:]	
10badcbf0	10badcc43	decompiled	chunks/006/functions-000399.c	-[SCAGeofilterStorySnapPost setSnapTimeSec:]	
10badcc44	10badcc5b	decompiled	chunks/006/functions-000399.c	-[SCAGeofilterStorySnapPost setSnapcraftStyleId:]	
10badcc5c	10badccdb	decompiled	chunks/006/functions-000399.c	-[SCAGeofilterStorySnapPost setSource:]	
10badccdc	10badccf3	decompiled	chunks/006/functions-000399.c	-[SCAGeofilterStorySnapPost setSpecsContentId:]	
10badccf4	10badcd47	decompiled	chunks/006/functions-000399.c	-[SCAGeofilterStorySnapPost setStickerAutoGeneratedUsageCount:]	
10badcd48	10badcd9b	decompiled	chunks/006/functions-000399.c	-[SCAGeofilterStorySnapPost setStickerBitmojiCount:]	
10badcd9c	10badcdef	decompiled	chunks/006/functions-000399.c	-[SCAGeofilterStorySnapPost setStickerBitmojiFromRecentsCount:]	
10badcdf0	10badce07	decompiled	chunks/006/functions-000399.c	-[SCAGeofilterStorySnapPost setStickerBitmojiList:]	
10badce08	10badce5b	decompiled	chunks/006/functions-000399.c	-[SCAGeofilterStorySnapPost setStickerContextualCount:]	
10badce5c	10badce73	decompiled	chunks/006/functions-000399.c	-[SCAGeofilterStorySnapPost setStickerContextualList:]	
10badce74	10badcec7	decompiled	chunks/006/functions-000399.c	-[SCAGeofilterStorySnapPost setStickerCount:]	
10badcec8	10badcf1b	decompiled	chunks/006/functions-000399.c	-[SCAGeofilterStorySnapPost setStickerCustomCount:]	
10badcf1c	10badcf6f	decompiled	chunks/006/functions-000399.c	-[SCAGeofilterStorySnapPost setStickerCustomCreateCount:]	
10badcf70	10badcfc3	decompiled	chunks/006/functions-000399.c	-[SCAGeofilterStorySnapPost setStickerCustomDeleteCount:]	
10badcfc4	10badd017	decompiled	chunks/006/functions-000399.c	-[SCAGeofilterStorySnapPost setStickerCustomFromRecentsCount:]	
10badd018	10badd06b	decompiled	chunks/006/functions-000399.c	-[SCAGeofilterStorySnapPost setStickerDeletionCount:]	
10badd06c	10badd0bf	decompiled	chunks/006/functions-000399.c	-[SCAGeofilterStorySnapPost setStickerEmojiCount:]	
10badd0c0	10badd113	decompiled	chunks/006/functions-000399.c	-[SCAGeofilterStorySnapPost setStickerEmojiFromRecentsCount:]	
10badd114	10badd12b	decompiled	chunks/006/functions-000399.c	-[SCAGeofilterStorySnapPost setStickerEmojiList:]	
10badd12c	10badd17f	decompiled	chunks/006/functions-000399.c	-[SCAGeofilterStorySnapPost setStickerFromSearchCount:]	
10badd180	10badd1d3	decompiled	chunks/006/functions-000399.c	-[SCAGeofilterStorySnapPost setStickerGeoBitmojiCount:]	
10badd1d4	10badd227	decompiled	chunks/006/functions-000399.c	-[SCAGeofilterStorySnapPost setStickerGeoBitmojiFromRecentsCount:]	
10badd228	10badd23f	decompiled	chunks/006/functions-000399.c	-[SCAGeofilterStorySnapPost setStickerGeoBitmojiList:]	
10badd240	10badd293	decompiled	chunks/006/functions-000399.c	-[SCAGeofilterStorySnapPost setStickerGiphyCount:]	
10badd294	10badd2ab	decompiled	chunks/006/functions-000399.c	-[SCAGeofilterStorySnapPost setStickerGiphyList:]	
10badd2ac	10badd2ff	decompiled	chunks/006/functions-000399.c	-[SCAGeofilterStorySnapPost setStickerInfoCount:]	
10badd300	10badd317	decompiled	chunks/006/functions-000399.c	-[SCAGeofilterStorySnapPost setStickerInfoList:]	
10badd318	10badd36b	decompiled	chunks/006/functions-000399.c	-[SCAGeofilterStorySnapPost setStickerInfoTapCount:]	
10badd36c	10badd383	decompiled	chunks/006/functions-000399.c	-[SCAGeofilterStorySnapPost setStickerPackIds:]	
10badd384	10badd3d7	decompiled	chunks/006/functions-000399.c	-[SCAGeofilterStorySnapPost setStickerSnapchatCount:]	
10badd3d8	10badd42b	decompiled	chunks/006/functions-000399.c	-[SCAGeofilterStorySnapPost setStickerSnapchatFromRecentsCount:]	
10badd42c	10badd443	decompiled	chunks/006/functions-000399.c	-[SCAGeofilterStorySnapPost setStickerSnapchatList:]	
10badd444	10badd497	decompiled	chunks/006/functions-000399.c	-[SCAGeofilterStorySnapPost setStickerTrackingCount:]	
10badd498	10badd4eb	decompiled	chunks/006/functions-000399.c	-[SCAGeofilterStorySnapPost setStickerUnlockedCount:]	
10badd4ec	10badd503	decompiled	chunks/006/functions-000399.c	-[SCAGeofilterStorySnapPost setStickerUnlockedList:]	
10badd504	10badd557	decompiled	chunks/006/functions-000399.c	-[SCAGeofilterStorySnapPost setStickerUserEnterSearchCount:]	
10badd558	10badd5d7	decompiled	chunks/006/functions-000399.c	-[SCAGeofilterStorySnapPost setStoryType:]	
10badd5d8	10badd657	decompiled	chunks/006/functions-000399.c	-[SCAGeofilterStorySnapPost setStoryTypeSpecific:]	
10badd658	10badd6ab	decompiled	chunks/006/functions-000399.c	-[SCAGeofilterStorySnapPost setSwipeCount:]	
10badd6ac	10badd6c3	decompiled	chunks/006/functions-000399.c	-[SCAGeofilterStorySnapPost setTopsnapAdId:]	
10badd6c4	10badd6db	decompiled	chunks/006/functions-000399.c	-[SCAGeofilterStorySnapPost setTopsnapRequestId:]	
10badd6dc	10badd72f	decompiled	chunks/006/functions-000399.c	-[SCAGeofilterStorySnapPost setVenueTapIndex:]	
10badd730	10badd783	decompiled	chunks/006/functions-000399.c	-[SCAGeofilterStorySnapPost setViewTimeSec:]	
10badd784	10badd7d7	decompiled	chunks/006/functions-000399.c	-[SCAGeofilterStorySnapPost setVisualFilterIsSeen:]	
10badd7d8	10badd7ef	decompiled	chunks/006/functions-000399.c	-[SCAGeofilterStorySnapPost setWidgetValueList:]	
10badd7f0	10badd843	decompiled	chunks/006/functions-000399.c	-[SCAGeofilterStorySnapPost setWithAnimated:]	
10badd844	10badd897	decompiled	chunks/006/functions-000399.c	-[SCAGeofilterStorySnapPost setWithAttachment:]	
10badd898	10badd8eb	decompiled	chunks/006/functions-000399.c	-[SCAGeofilterStorySnapPost setWithContextFilterEnabled:]	
10badd8ec	10badd93f	decompiled	chunks/006/functions-000399.c	-[SCAGeofilterStorySnapPost setWithContextFilterHighEndModelEnabled:]	
10badd940	10badd993	decompiled	chunks/006/functions-000399.c	-[SCAGeofilterStorySnapPost setWithCropping:]	
10badd994	10badd9e7	decompiled	chunks/006/functions-000399.c	-[SCAGeofilterStorySnapPost setWithFraming:]	
10badd9e8	10badda3b	decompiled	chunks/006/functions-000399.c	-[SCAGeofilterStorySnapPost setWithGallery:]	
