address	end_address	status	pseudocode_file	runtime_label	error
10bb22184	10bb22187	decompiled	chunks/006/functions-000420.c	-[SCAAiLensInfo getFieldNumberToFieldDict]	
10bb22188	10bb22193	decompiled	chunks/006/functions-000420.c	-[SCAAiLensInfo toProtoWithAllowedFields:]	
10bb22194	10bb2219b	decompiled	chunks/006/functions-000420.c	-[SCAAiLensInfo getPayloadIdentifier]	
10bb2219c	10bb22783	decompiled	chunks/006/functions-000420.c	-[SCAAiOnboardingAttempt fromDictionary:]	
10bb22784	10bb2278f	decompiled	chunks/006/functions-000420.c	-[SCAAiOnboardingAttempt getEventName]	
10bb22790	10bb22797	decompiled	chunks/006/functions-000420.c	-[SCAAiOnboardingAttempt getEventQoS]	
10bb22798	10bb227eb	decompiled	chunks/006/functions-000420.c	-[SCAAiOnboardingAttempt setErrorCode:]	
10bb227ec	10bb22803	decompiled	chunks/006/functions-000420.c	-[SCAAiOnboardingAttempt setErrorDomain:]	
10bb22804	10bb22883	decompiled	chunks/006/functions-000420.c	-[SCAAiOnboardingAttempt setErrorType:]	
10bb22884	10bb228d7	decompiled	chunks/006/functions-000420.c	-[SCAAiOnboardingAttempt setIdentityLoadingTime:]	
10bb228d8	10bb2292b	decompiled	chunks/006/functions-000420.c	-[SCAAiOnboardingAttempt setIsOnboarding:]	
10bb2292c	10bb2297f	decompiled	chunks/006/functions-000420.c	-[SCAAiOnboardingAttempt setNumCameraRollSelfies:]	
10bb22980	10bb229d3	decompiled	chunks/006/functions-000420.c	-[SCAAiOnboardingAttempt setNumCapturedSelfies:]	
10bb229d4	10bb22a53	decompiled	chunks/006/functions-000420.c	-[SCAAiOnboardingAttempt setOnboardingResult:]	
10bb22a54	10bb22ad3	decompiled	chunks/006/functions-000420.c	-[SCAAiOnboardingAttempt setPrivacyResult:]	
10bb22ad4	10bb22b53	decompiled	chunks/006/functions-000420.c	-[SCAAiOnboardingAttempt setSource:]	
10bb22b54	10bb22ba7	decompiled	chunks/006/functions-000420.c	-[SCAAiOnboardingAttempt setNumRetakeSelfieFlow:]	
10bb22ba8	10bb22c27	decompiled	chunks/006/functions-000420.c	-[SCAAiOnboardingAttempt setGenderType:]	
10bb22c28	10bb22ca7	decompiled	chunks/006/functions-000420.c	-[SCAAiOnboardingAttempt setModeType:]	
10bb22ca8	10bb22cab	decompiled	chunks/006/functions-000420.c	-[SCAAiOnboardingAttempt getFieldNumberToFieldDict]	
10bb22cac	10bb22cb7	decompiled	chunks/006/functions-000420.c	-[SCAAiOnboardingAttempt toProtoWithAllowedFields:]	
10bb22cb8	10bb22cbf	decompiled	chunks/006/functions-000420.c	-[SCAAiOnboardingAttempt getPayloadIdentifier]	
10bb22cc0	10bb22df7	decompiled	chunks/006/functions-000420.c	-[SCAAiOnboardingSelfieClear fromDictionary:]	
10bb22df8	10bb22e03	decompiled	chunks/006/functions-000420.c	-[SCAAiOnboardingSelfieClear getEventName]	
10bb22e04	10bb22e0b	decompiled	chunks/006/functions-000420.c	-[SCAAiOnboardingSelfieClear getEventQoS]	
10bb22e0c	10bb22e8b	decompiled	chunks/006/functions-000420.c	-[SCAAiOnboardingSelfieClear setSelfieClearResult:]	
10bb22e8c	10bb22f0b	decompiled	chunks/006/functions-000420.c	-[SCAAiOnboardingSelfieClear setSource:]	
10bb22f0c	10bb22f0f	decompiled	chunks/006/functions-000420.c	-[SCAAiOnboardingSelfieClear getFieldNumberToFieldDict]	
10bb22f10	10bb22f1b	decompiled	chunks/006/functions-000420.c	-[SCAAiOnboardingSelfieClear toProtoWithAllowedFields:]	
10bb22f1c	10bb22f23	decompiled	chunks/006/functions-000420.c	-[SCAAiOnboardingSelfieClear getPayloadIdentifier]	
10bb22f24	10bb234ab	decompiled	chunks/006/functions-000420.c	-[SCAAndroidCodecDetails initWithDictionary:]	
10bb234ac	10bb234f3	decompiled	chunks/006/functions-000420.c	-[SCAAndroidCodecDetails setEncoderDetails:]	
10bb234f4	10bb23547	decompiled	chunks/006/functions-000420.c	-[SCAAndroidCodecDetails setIllegalStateExceptionCount:]	
10bb23548	10bb2359b	decompiled	chunks/006/functions-000420.c	-[SCAAndroidCodecDetails setMediaCodecExceptionCount:]	
10bb2359c	10bb235ef	decompiled	chunks/006/functions-000420.c	-[SCAAndroidCodecDetails setMediaCodecExceptionRecoverableCount:]	
10bb235f0	10bb23643	decompiled	chunks/006/functions-000420.c	-[SCAAndroidCodecDetails setMediaCodecExceptionTransientCount:]	
10bb23644	10bb2365b	decompiled	chunks/006/functions-000420.c	-[SCAAndroidCodecDetails setMimeType:]	
10bb2365c	10bb236af	decompiled	chunks/006/functions-000420.c	-[SCAAndroidCodecDetails setMediaCodecFallbackDepth:]	
10bb236b0	10bb23703	decompiled	chunks/006/functions-000420.c	-[SCAAndroidCodecDetails setMediaCodecInitAttemptCount:]	
10bb23704	10bb23757	decompiled	chunks/006/functions-000420.c	-[SCAAndroidCodecDetails setMediaCodecInitAttemptFailure:]	
10bb23758	10bb2376f	decompiled	chunks/006/functions-000420.c	-[SCAAndroidCodecDetails setMediaCodecName:]	
10bb23770	10bb237ef	decompiled	chunks/006/functions-000420.c	-[SCAAndroidCodecDetails setMediaCodecStatus:]	
10bb237f0	10bb23843	decompiled	chunks/006/functions-000420.c	-[SCAAndroidCodecDetails setIllegalStateExceptionPerSetParametersCount:]	
10bb23844	10bb23903	decompiled	chunks/006/functions-000420.c	-[SCAAndroidCodecDetails prepareDictionary:]	
10bb23904	10bb23907	decompiled	chunks/006/functions-000420.c	-[SCAAndroidCodecDetails getFieldNumberToFieldDict]	
10bb23908	10bb23913	decompiled	chunks/006/functions-000420.c	-[SCAAndroidCodecDetails toProtoWithAllowedFields:]	
10bb23914	10bb2391b	decompiled	chunks/006/functions-000420.c	-[SCAAndroidCodecDetails getPayloadIdentifier]	
10bb2391c	10bb23b6b	decompiled	chunks/006/functions-000420.c	-[SCAAndroidEncoderDetails initWithDictionary:]	
10bb23b6c	10bb23bbf	decompiled	chunks/006/functions-000420.c	-[SCAAndroidEncoderDetails setExtBufferFullCount:]	
10bb23bc0	10bb23c13	decompiled	chunks/006/functions-000420.c	-[SCAAndroidEncoderDetails setExtBufferFullTimeMs:]	
10bb23c14	10bb23c67	decompiled	chunks/006/functions-000420.c	-[SCAAndroidEncoderDetails setExtBufferToInputBufferSuccessCount:]	
10bb23c68	10bb23cbb	decompiled	chunks/006/functions-000420.c	-[SCAAndroidEncoderDetails setSendToExtBufferCount:]	
10bb23cbc	10bb23cbf	decompiled	chunks/006/functions-000420.c	-[SCAAndroidEncoderDetails getFieldNumberToFieldDict]	
10bb23cc0	10bb23ccb	decompiled	chunks/006/functions-000420.c	-[SCAAndroidEncoderDetails toProtoWithAllowedFields:]	
10bb23ccc	10bb23cd3	decompiled	chunks/006/functions-000420.c	-[SCAAndroidEncoderDetails getPayloadIdentifier]	
10bb23cd4	10bb23cdf	decompiled	chunks/006/functions-000420.c	-[SCAAppApplicationAuthAttempt getEventName]	
10bb23ce0	10bb23ce7	decompiled	chunks/006/functions-000420.c	-[SCAAppApplicationAuthAttempt getEventQoS]	
10bb23ce8	10bb23cff	decompiled	chunks/006/functions-000420.c	-[SCAAppApplicationAuthAttempt setClientNetworkRequestId:]	
10bb23d00	10bb23d17	decompiled	chunks/006/functions-000420.c	-[SCAAppApplicationAuthAttempt setEndpoint:]	
10bb23d18	10bb23d5f	decompiled	chunks/006/functions-000420.c	-[SCAAppApplicationAuthAttempt setInstallSessionMetadata:]	
10bb23d60	10bb23e1f	decompiled	chunks/006/functions-000420.c	-[SCAAppApplicationAuthAttempt prepareDictionary:]	
10bb23e20	10bb23e43	decompiled	chunks/006/functions-000420.c	-[SCAAppApplicationAuthAttempt getFieldNumberToFieldDict]	
10bb23e44	10bb23e7b	decompiled	chunks/006/functions-000420.c	-[SCAAppApplicationAuthAttempt addToProtoDictionary]	
10bb23e7c	10bb23ed3	decompiled	chunks/006/functions-000420.c	-[SCAAppApplicationAuthAttempt toProtoWithAllowedFields:]	
10bb23ed4	10bb23edb	decompiled	chunks/006/functions-000420.c	-[SCAAppApplicationAuthAttempt getPayloadIdentifier]	
10bb23edc	10bb23ee7	decompiled	chunks/006/functions-000420.c	-[SCAAppApplicationAuthInitialInfoSubmit getEventName]	
10bb23ee8	10bb23eef	decompiled	chunks/006/functions-000420.c	-[SCAAppApplicationAuthInitialInfoSubmit getEventQoS]	
10bb23ef0	10bb23f07	decompiled	chunks/006/functions-000420.c	-[SCAAppApplicationAuthInitialInfoSubmit setClientNetworkRequestId:]	
10bb23f08	10bb23f4f	decompiled	chunks/006/functions-000420.c	-[SCAAppApplicationAuthInitialInfoSubmit setInstallSessionMetadata:]	
10bb23f50	10bb2400f	decompiled	chunks/006/functions-000420.c	-[SCAAppApplicationAuthInitialInfoSubmit prepareDictionary:]	
10bb24010	10bb24033	decompiled	chunks/006/functions-000420.c	-[SCAAppApplicationAuthInitialInfoSubmit getFieldNumberToFieldDict]	
10bb24034	10bb2406b	decompiled	chunks/006/functions-000420.c	-[SCAAppApplicationAuthInitialInfoSubmit addToProtoDictionary]	
10bb2406c	10bb240c3	decompiled	chunks/006/functions-000420.c	-[SCAAppApplicationAuthInitialInfoSubmit toProtoWithAllowedFields:]	
10bb240c4	10bb240cb	decompiled	chunks/006/functions-000420.c	-[SCAAppApplicationAuthInitialInfoSubmit getPayloadIdentifier]	
10bb240cc	10bb240d7	decompiled	chunks/006/functions-000420.c	-[SCAAppApplicationAuthInitialInfoSubmitResponse getEventName]	
10bb240d8	10bb240df	decompiled	chunks/006/functions-000420.c	-[SCAAppApplicationAuthInitialInfoSubmitResponse getEventQoS]	
10bb240e0	10bb240f7	decompiled	chunks/006/functions-000420.c	-[SCAAppApplicationAuthInitialInfoSubmitResponse setClientNetworkRequestId:]	
10bb240f8	10bb2413f	decompiled	chunks/006/functions-000420.c	-[SCAAppApplicationAuthInitialInfoSubmitResponse setInstallSessionMetadata:]	
10bb24140	10bb24193	decompiled	chunks/006/functions-000420.c	-[SCAAppApplicationAuthInitialInfoSubmitResponse setProtoStatusCode:]	
10bb24194	10bb241e7	decompiled	chunks/006/functions-000420.c	-[SCAAppApplicationAuthInitialInfoSubmitResponse setStatusCode:]	
10bb241e8	10bb2423b	decompiled	chunks/006/functions-000420.c	-[SCAAppApplicationAuthInitialInfoSubmitResponse setSuccess:]	
10bb2423c	10bb242fb	decompiled	chunks/006/functions-000420.c	-[SCAAppApplicationAuthInitialInfoSubmitResponse prepareDictionary:]	
10bb242fc	10bb2431f	decompiled	chunks/006/functions-000420.c	-[SCAAppApplicationAuthInitialInfoSubmitResponse getFieldNumberToFieldDict]	
10bb24320	10bb24357	decompiled	chunks/006/functions-000420.c	-[SCAAppApplicationAuthInitialInfoSubmitResponse addToProtoDictionary]	
10bb24358	10bb243af	decompiled	chunks/006/functions-000420.c	-[SCAAppApplicationAuthInitialInfoSubmitResponse toProtoWithAllowedFields:]	
10bb243b0	10bb243b7	decompiled	chunks/006/functions-000420.c	-[SCAAppApplicationAuthInitialInfoSubmitResponse getPayloadIdentifier]	
10bb243b8	10bb243c3	decompiled	chunks/006/functions-000420.c	-[SCAAppApplicationAuthRedirect getEventName]	
10bb243c4	10bb243cb	decompiled	chunks/006/functions-000420.c	-[SCAAppApplicationAuthRedirect getEventQoS]	
10bb243cc	10bb2444b	decompiled	chunks/006/functions-000420.c	-[SCAAppApplicationAuthRedirect setFromFlow:]	
10bb2444c	10bb24493	decompiled	chunks/006/functions-000420.c	-[SCAAppApplicationAuthRedirect setInstallSessionMetadata:]	
10bb24494	10bb24513	decompiled	chunks/006/functions-000420.c	-[SCAAppApplicationAuthRedirect setToFlow:]	
10bb24514	10bb245d3	decompiled	chunks/006/functions-000420.c	-[SCAAppApplicationAuthRedirect prepareDictionary:]	
10bb245d4	10bb245f7	decompiled	chunks/006/functions-000420.c	-[SCAAppApplicationAuthRedirect getFieldNumberToFieldDict]	
10bb245f8	10bb2462f	decompiled	chunks/006/functions-000420.c	-[SCAAppApplicationAuthRedirect addToProtoDictionary]	
10bb24630	10bb24687	decompiled	chunks/006/functions-000420.c	-[SCAAppApplicationAuthRedirect toProtoWithAllowedFields:]	
10bb24688	10bb2468f	decompiled	chunks/006/functions-000420.c	-[SCAAppApplicationAuthRedirect getPayloadIdentifier]	
10bb24690	10bb2469b	decompiled	chunks/006/functions-000420.c	-[SCAAppApplicationClose getEventName]	
10bb2469c	10bb246a3	decompiled	chunks/006/functions-000420.c	-[SCAAppApplicationClose getEventQoS]	
10bb246a4	10bb246bb	decompiled	chunks/006/functions-000420.c	-[SCAAppApplicationClose setAdditionalInfo:]	
10bb246bc	10bb24743	decompiled	chunks/006/functions-000420.c	-[SCAAppApplicationClose setAppCloseTriggerTs:]	
10bb24744	10bb247cb	decompiled	chunks/006/functions-000421.c	-[SCAAppApplicationClose setAppOpenTriggerTs:]	
10bb247cc	10bb24853	decompiled	chunks/006/functions-000421.c	-[SCAAppApplicationClose setAppOpenTs:]	
10bb24854	10bb248d3	decompiled	chunks/006/functions-000421.c	-[SCAAppApplicationClose setApplicationState:]	
10bb248d4	10bb248eb	decompiled	chunks/006/functions-000421.c	-[SCAAppApplicationClose setDeepLinkId:]	
10bb248ec	10bb2496b	decompiled	chunks/006/functions-000421.c	-[SCAAppApplicationClose setDeepLinkSource:]	
10bb2496c	10bb249bf	decompiled	chunks/006/functions-000421.c	-[SCAAppApplicationClose setIsLoggingOut:]	
10bb249c0	10bb24a47	decompiled	chunks/006/functions-000421.c	-[SCAAppApplicationClose setRealAppCloseTs:]	
10bb24a48	10bb24acf	decompiled	chunks/006/functions-000421.c	-[SCAAppApplicationClose setRealAppOpenTs:]	
10bb24ad0	10bb24ad3	decompiled	chunks/006/functions-000421.c	-[SCAAppApplicationClose getFieldNumberToFieldDict]	
10bb24ad4	10bb24adf	decompiled	chunks/006/functions-000421.c	-[SCAAppApplicationClose toProtoWithAllowedFields:]	
10bb24ae0	10bb24ae7	decompiled	chunks/006/functions-000421.c	-[SCAAppApplicationClose getPayloadIdentifier]	
10bb24ae8	10bb24af3	decompiled	chunks/006/functions-000421.c	-[SCAAppApplicationInstall getEventName]	
10bb24af4	10bb24afb	decompiled	chunks/006/functions-000421.c	-[SCAAppApplicationInstall getEventQoS]	
10bb24afc	10bb24b13	decompiled	chunks/006/functions-000421.c	-[SCAAppApplicationInstall setChannelId:]	
10bb24b14	10bb24b2b	decompiled	chunks/006/functions-000421.c	-[SCAAppApplicationInstall setDeepLinkId:]	
10bb24b2c	10bb24bab	decompiled	chunks/006/functions-000421.c	-[SCAAppApplicationInstall setDeepLinkSource:]	
10bb24bac	10bb24bf3	decompiled	chunks/006/functions-000421.c	-[SCAAppApplicationInstall setInstallSessionMetadata:]	
10bb24bf4	10bb24c47	decompiled	chunks/006/functions-000421.c	-[SCAAppApplicationInstall setInstallTimestamp:]	
10bb24c48	10bb24c5f	decompiled	chunks/006/functions-000421.c	-[SCAAppApplicationInstall setLongClientId:]	
10bb24c60	10bb24cdf	decompiled	chunks/006/functions-000421.c	-[SCAAppApplicationInstall setSource:]	
10bb24ce0	10bb24cf7	decompiled	chunks/006/functions-000421.c	-[SCAAppApplicationInstall setShareId:]	
10bb24cf8	10bb24db7	decompiled	chunks/006/functions-000421.c	-[SCAAppApplicationInstall prepareDictionary:]	
10bb24db8	10bb24dbb	decompiled	chunks/006/functions-000421.c	-[SCAAppApplicationInstall getFieldNumberToFieldDict]	
10bb24dbc	10bb24dc7	decompiled	chunks/006/functions-000421.c	-[SCAAppApplicationInstall toProtoWithAllowedFields:]	
10bb24dc8	10bb24dcf	decompiled	chunks/006/functions-000421.c	-[SCAAppApplicationInstall getPayloadIdentifier]	
10bb24dd0	10bb24ddb	decompiled	chunks/006/functions-000421.c	-[SCAAppApplicationLogoutAttempt getEventName]	
10bb24ddc	10bb24de3	decompiled	chunks/006/functions-000421.c	-[SCAAppApplicationLogoutAttempt getEventQoS]	
10bb24de4	10bb24e63	decompiled	chunks/006/functions-000421.c	-[SCAAppApplicationLogoutAttempt setAppState:]	
10bb24e64	10bb24eb7	decompiled	chunks/006/functions-000421.c	-[SCAAppApplicationLogoutAttempt setForced:]	
10bb24eb8	10bb24eff	decompiled	chunks/006/functions-000421.c	-[SCAAppApplicationLogoutAttempt setInstallSessionMetadata:]	
10bb24f00	10bb24f17	decompiled	chunks/006/functions-000421.c	-[SCAAppApplicationLogoutAttempt setReason:]	
10bb24f18	10bb24fd7	decompiled	chunks/006/functions-000421.c	-[SCAAppApplicationLogoutAttempt prepareDictionary:]	
10bb24fd8	10bb24fdb	decompiled	chunks/006/functions-000421.c	-[SCAAppApplicationLogoutAttempt getFieldNumberToFieldDict]	
10bb24fdc	10bb24fe7	decompiled	chunks/006/functions-000421.c	-[SCAAppApplicationLogoutAttempt toProtoWithAllowedFields:]	
10bb24fe8	10bb24fef	decompiled	chunks/006/functions-000421.c	-[SCAAppApplicationLogoutAttempt getPayloadIdentifier]	
10bb24ff0	10bb24ffb	decompiled	chunks/006/functions-000421.c	-[SCAAppApplicationOpen getEventName]	
10bb24ffc	10bb25003	decompiled	chunks/006/functions-000421.c	-[SCAAppApplicationOpen getEventQoS]	
10bb25004	10bb2508b	decompiled	chunks/006/functions-000421.c	-[SCAAppApplicationOpen setAppOpenTs:]	
10bb2508c	10bb2510b	decompiled	chunks/006/functions-000421.c	-[SCAAppApplicationOpen setApplicationState:]	
10bb2510c	10bb25123	decompiled	chunks/006/functions-000421.c	-[SCAAppApplicationOpen setBlizzardConfigVersion:]	
10bb25124	10bb2513b	decompiled	chunks/006/functions-000421.c	-[SCAAppApplicationOpen setChannelId:]	
10bb2513c	10bb25153	decompiled	chunks/006/functions-000421.c	-[SCAAppApplicationOpen setDeepLinkId:]	
10bb25154	10bb251d3	decompiled	chunks/006/functions-000421.c	-[SCAAppApplicationOpen setDeepLinkSource:]	
10bb251d4	10bb25227	decompiled	chunks/006/functions-000421.c	-[SCAAppApplicationOpen setHasLoggedInBefore:]	
10bb25228	10bb2526f	decompiled	chunks/006/functions-000421.c	-[SCAAppApplicationOpen setInstallSessionMetadata:]	
10bb25270	10bb25287	decompiled	chunks/006/functions-000421.c	-[SCAAppApplicationOpen setNotificationId:]	
10bb25288	10bb2529f	decompiled	chunks/006/functions-000421.c	-[SCAAppApplicationOpen setNotificationOpenAction:]	
10bb252a0	10bb252b7	decompiled	chunks/006/functions-000421.c	-[SCAAppApplicationOpen setNotificationType:]	
10bb252b8	10bb2533f	decompiled	chunks/006/functions-000421.c	-[SCAAppApplicationOpen setRealAppOpenTs:]	
10bb25340	10bb253bf	decompiled	chunks/006/functions-000421.c	-[SCAAppApplicationOpen setSource:]	
10bb253c0	10bb2543f	decompiled	chunks/006/functions-000421.c	-[SCAAppApplicationOpen setUploadSource:]	
10bb25440	10bb25457	decompiled	chunks/006/functions-000421.c	-[SCAAppApplicationOpen setUserAdId:]	
10bb25458	10bb2546f	decompiled	chunks/006/functions-000421.c	-[SCAAppApplicationOpen setWebClientId:]	
10bb25470	10bb2552f	decompiled	chunks/006/functions-000421.c	-[SCAAppApplicationOpen prepareDictionary:]	
10bb25530	10bb25533	decompiled	chunks/006/functions-000421.c	-[SCAAppApplicationOpen getFieldNumberToFieldDict]	
10bb25534	10bb2553f	decompiled	chunks/006/functions-000421.c	-[SCAAppApplicationOpen toProtoWithAllowedFields:]	
10bb25540	10bb25547	decompiled	chunks/006/functions-000421.c	-[SCAAppApplicationOpen getPayloadIdentifier]	
10bb25548	10bb25d1b	decompiled	chunks/006/functions-000421.c	-[SCAAppPageLoad fromDictionary:]	
10bb25d1c	10bb25d23	decompiled	chunks/006/functions-000421.c	-[SCAAppPageLoad getEventQoS]	
10bb25d24	10bb25d2f	decompiled	chunks/006/functions-000421.c	-[SCAAppPageLoad getPerUserSamplingRate]	
10bb25d30	10bb25daf	decompiled	chunks/006/functions-000421.c	-[SCAAppPageLoad setContentType:]	
10bb25db0	10bb25dc7	decompiled	chunks/006/functions-000421.c	-[SCAAppPageLoad setProjectName:]	
10bb25dc8	10bb25e0f	decompiled	chunks/006/functions-000421.c	-[SCAAppPageLoad setEvents:]	
10bb25e10	10bb25e63	decompiled	chunks/006/functions-000421.c	-[SCAAppPageLoad setAbandoned:]	
10bb25e64	10bb25eb7	decompiled	chunks/006/functions-000421.c	-[SCAAppPageLoad setAbandonedLatencyMs:]	
10bb25eb8	10bb25f37	decompiled	chunks/006/functions-000421.c	-[SCAAppPageLoad setAbandonedType:]	
10bb25f38	10bb25f8b	decompiled	chunks/006/functions-000421.c	-[SCAAppPageLoad setIsPageCreated:]	
10bb25f8c	10bb25fd3	decompiled	chunks/006/functions-000421.c	-[SCAAppPageLoad setFeatureAnnotations:]	
10bb25fd4	10bb2627b	decompiled	chunks/006/functions-000421.c	-[SCAAppPageLoad prepareDictionary:]	
10bb2627c	10bb2627f	decompiled	chunks/006/functions-000421.c	-[SCAAppPageLoad getFieldNumberToFieldDict]	
10bb26280	10bb2628b	decompiled	chunks/006/functions-000421.c	-[SCAAppPageLoad toProtoWithAllowedFields:]	
10bb2628c	10bb26293	decompiled	chunks/006/functions-000421.c	-[SCAAppPageLoad getPayloadIdentifier]	
10bb26294	10bb26313	decompiled	chunks/006/functions-000421.c	-[SCAApplicationCrash setAppCrashSubCategory:]	
10bb26314	10bb2632b	decompiled	chunks/006/functions-000421.c	-[SCAApplicationCrash setCrashAppBuildType:]	
10bb2632c	10bb26343	decompiled	chunks/006/functions-000421.c	-[SCAApplicationCrash setCrashClass:]	
10bb26344	10bb26397	decompiled	chunks/006/functions-000421.c	-[SCAApplicationCrash setIsDeadlockAnr:]	
10bb26398	10bb263af	decompiled	chunks/006/functions-000421.c	-[SCAApplicationCrash setLastEvents:]	
10bb263b0	10bb263c7	decompiled	chunks/006/functions-000421.c	-[SCAApplicationCrash setReason:]	
10bb263c8	10bb263df	decompiled	chunks/006/functions-000421.c	-[SCAApplicationCrash setSrcPage:]	
10bb263e0	10bb263f7	decompiled	chunks/006/functions-000421.c	-[SCAApplicationCrash setSrcSrcPage:]	
10bb263f8	10bb26477	decompiled	chunks/006/functions-000421.c	-[SCAApplicationCrash setCrashAppVariant:]	
10bb26478	10bb2647b	decompiled	chunks/006/functions-000421.c	-[SCAApplicationCrash getFieldNumberToFieldDict]	
10bb2647c	10bb26487	decompiled	chunks/006/functions-000421.c	-[SCAApplicationLowMemoryWarning getEventName]	
10bb26488	10bb2648f	decompiled	chunks/006/functions-000421.c	-[SCAApplicationLowMemoryWarning getEventQoS]	
10bb26490	10bb2650f	decompiled	chunks/006/functions-000421.c	-[SCAApplicationLowMemoryWarning setAppState:]	
10bb26510	10bb26563	decompiled	chunks/006/functions-000421.c	-[SCAApplicationLowMemoryWarning setMemoryAvailableMB:]	
10bb26564	10bb265b7	decompiled	chunks/006/functions-000421.c	-[SCAApplicationLowMemoryWarning setMemoryUsedMB:]	
10bb265b8	10bb265cf	decompiled	chunks/006/functions-000421.c	-[SCAApplicationLowMemoryWarning setTopViewController:]	
10bb265d0	10bb265d3	decompiled	chunks/006/functions-000421.c	-[SCAApplicationLowMemoryWarning getFieldNumberToFieldDict]	
10bb265d4	10bb265df	decompiled	chunks/006/functions-000421.c	-[SCAApplicationLowMemoryWarning toProtoWithAllowedFields:]	
10bb265e0	10bb265e7	decompiled	chunks/006/functions-000421.c	-[SCAApplicationLowMemoryWarning getPayloadIdentifier]	
10bb265e8	10bb26867	decompiled	chunks/006/functions-000421.c	-[SCAArroyoMixedModeConversationData initWithDictionary:]	
10bb26868	10bb2687f	decompiled	chunks/006/functions-000421.c	-[SCAArroyoMixedModeConversationData setArroyoGroupConversationId:]	
10bb26880	10bb26897	decompiled	chunks/006/functions-000421.c	-[SCAArroyoMixedModeConversationData setArroyoOneOnOneConversationId:]	
10bb26898	10bb268af	decompiled	chunks/006/functions-000421.c	-[SCAArroyoMixedModeConversationData setFsnGroupConversationId:]	
10bb268b0	10bb268c7	decompiled	chunks/006/functions-000421.c	-[SCAArroyoMixedModeConversationData setFsnOneOnOneConversationId:]	
10bb268c8	10bb268cb	decompiled	chunks/006/functions-000421.c	-[SCAArroyoMixedModeConversationData getFieldNumberToFieldDict]	
10bb268cc	10bb268d7	decompiled	chunks/006/functions-000421.c	-[SCAArroyoMixedModeConversationData toProtoWithAllowedFields:]	
10bb268d8	10bb268df	decompiled	chunks/006/functions-000421.c	-[SCAArroyoMixedModeConversationData getPayloadIdentifier]	
10bb268e0	10bb26c9b	decompiled	chunks/006/functions-000421.c	-[SCAAudioEditorSessionEnd fromDictionary:]	
10bb26c9c	10bb26ca7	decompiled	chunks/006/functions-000422.c	-[SCAAudioEditorSessionEnd getEventName]	
10bb26ca8	10bb26caf	decompiled	chunks/006/functions-000422.c	-[SCAAudioEditorSessionEnd getEventQoS]	
10bb26cb0	10bb26d03	decompiled	chunks/006/functions-000422.c	-[SCAAudioEditorSessionEnd setAudioScrubCount:]	
10bb26d04	10bb26d57	decompiled	chunks/006/functions-000422.c	-[SCAAudioEditorSessionEnd setAudioVolume:]	
10bb26d58	10bb26dab	decompiled	chunks/006/functions-000422.c	-[SCAAudioEditorSessionEnd setHasAudio:]	
10bb26dac	10bb26dff	decompiled	chunks/006/functions-000422.c	-[SCAAudioEditorSessionEnd setHasMusic:]	
10bb26e00	10bb26e53	decompiled	chunks/006/functions-000422.c	-[SCAAudioEditorSessionEnd setHasVoiceover:]	
10bb26e54	10bb26ea7	decompiled	chunks/006/functions-000422.c	-[SCAAudioEditorSessionEnd setMusicScrubCount:]	
10bb26ea8	10bb26ebf	decompiled	chunks/006/functions-000422.c	-[SCAAudioEditorSessionEnd setMusicTrackId:]	
10bb26ec0	10bb26f13	decompiled	chunks/006/functions-000422.c	-[SCAAudioEditorSessionEnd setMusicVolume:]	
10bb26f14	10bb26f17	decompiled	chunks/006/functions-000422.c	-[SCAAudioEditorSessionEnd getFieldNumberToFieldDict]	
10bb26f18	10bb26f23	decompiled	chunks/006/functions-000422.c	-[SCAAudioEditorSessionEnd toProtoWithAllowedFields:]	
10bb26f24	10bb26f2b	decompiled	chunks/006/functions-000422.c	-[SCAAudioEditorSessionEnd getPayloadIdentifier]	
10bb26f2c	10bb271db	decompiled	chunks/006/functions-000422.c	-[SCAAudioMixingOptions initWithDictionary:]	
10bb271dc	10bb2722f	decompiled	chunks/006/functions-000422.c	-[SCAAudioMixingOptions setVoiceoverEnabledAudioMix:]	
10bb27230	10bb27283	decompiled	chunks/006/functions-000422.c	-[SCAAudioMixingOptions setMusicAudioMixed:]	
10bb27284	10bb272d7	decompiled	chunks/006/functions-000422.c	-[SCAAudioMixingOptions setBaseMediaMixedVolume:]	
10bb272d8	10bb2732b	decompiled	chunks/006/functions-000422.c	-[SCAAudioMixingOptions setMusicMixedVolume:]	
10bb2732c	10bb2737f	decompiled	chunks/006/functions-000422.c	-[SCAAudioMixingOptions setVoiceoverMixedVolume:]	
10bb27380	10bb27383	decompiled	chunks/006/functions-000422.c	-[SCAAudioMixingOptions getFieldNumberToFieldDict]	
10bb27384	10bb2738f	decompiled	chunks/006/functions-000422.c	-[SCAAudioMixingOptions toProtoWithAllowedFields:]	
10bb27390	10bb27397	decompiled	chunks/006/functions-000422.c	-[SCAAudioMixingOptions getPayloadIdentifier]	
10bb27398	10bb27723	decompiled	chunks/006/functions-000422.c	-[SCAAudioUplink initWithDictionary:]	
10bb27724	10bb27777	decompiled	chunks/006/functions-000422.c	-[SCAAudioUplink setUplinkAudioBitrateBps:]	
10bb27778	10bb277cb	decompiled	chunks/006/functions-000422.c	-[SCAAudioUplink setUplinkAudioJitterMs:]	
10bb277cc	10bb2781f	decompiled	chunks/006/functions-000422.c	-[SCAAudioUplink setAudioPacketsLost:]	
10bb27820	10bb27873	decompiled	chunks/006/functions-000422.c	-[SCAAudioUplink setAudioPacketsSent:]	
10bb27874	10bb278c7	decompiled	chunks/006/functions-000422.c	-[SCAAudioUplink setAudioRttMs:]	
10bb278c8	10bb2791b	decompiled	chunks/006/functions-000422.c	-[SCAAudioUplink setAudioInputDurationSec:]	
10bb2791c	10bb2796f	decompiled	chunks/006/functions-000422.c	-[SCAAudioUplink setAudioInputEnergy:]	
10bb27970	10bb27973	decompiled	chunks/006/functions-000422.c	-[SCAAudioUplink getFieldNumberToFieldDict]	
10bb27974	10bb2797f	decompiled	chunks/006/functions-000422.c	-[SCAAudioUplink toProtoWithAllowedFields:]	
10bb27980	10bb27987	decompiled	chunks/006/functions-000422.c	-[SCAAudioUplink getPayloadIdentifier]	
10bb27988	10bb27a03	decompiled	chunks/006/functions-000422.c	-[SCAAuthUserTrackedEvent setAuthenticationSource:]	
10bb27a04	10bb27a17	decompiled	chunks/006/functions-000422.c	-[SCAAuthUserTrackedEvent setClientAuthenticationId:]	
10bb27a18	10bb27a2b	decompiled	chunks/006/functions-000422.c	-[SCAAuthUserTrackedEvent setClientLoginAttemptId:]	
10bb27a2c	10bb27a7b	decompiled	chunks/006/functions-000422.c	-[SCAAuthUserTrackedEvent setHasLoggedInBefore:]	
10bb27a7c	10bb27acb	decompiled	chunks/006/functions-000422.c	-[SCAAuthUserTrackedEvent setIsFirstSessionForInstall:]	
10bb27acc	10bb27adf	decompiled	chunks/006/functions-000422.c	-[SCAAuthUserTrackedEvent setLoginFlowSessionId:]	
10bb27ae0	10bb27b5b	decompiled	chunks/006/functions-000422.c	-[SCAAuthUserTrackedEvent setLoginIdentifier:]	
10bb27b5c	10bb27bd7	decompiled	chunks/006/functions-000422.c	-[SCAAuthUserTrackedEvent setLoginSource:]	
10bb27bd8	10bb27beb	decompiled	chunks/006/functions-000422.c	-[SCAAuthUserTrackedEvent setServerAuthenticationId:]	
10bb27bec	10bb27cb7	decompiled	chunks/006/functions-000422.c	-[SCABackupBaseEvent fromDictionary:]	
10bb27cb8	10bb27d07	decompiled	chunks/006/functions-000422.c	-[SCABackupBaseEvent setTacomaVersion:]	
10bb27d08	10bb28073	decompiled	chunks/006/functions-000422.c	-[SCABackupJobExecutionFinish fromDictionary:]	
10bb28074	10bb2807f	decompiled	chunks/006/functions-000422.c	-[SCABackupJobExecutionFinish getEventName]	
10bb28080	10bb28087	decompiled	chunks/006/functions-000422.c	-[SCABackupJobExecutionFinish getEventQoS]	
10bb28088	10bb28093	decompiled	chunks/006/functions-000422.c	-[SCABackupJobExecutionFinish getPerUserSamplingRate]	
10bb28094	10bb2809f	decompiled	chunks/006/functions-000422.c	-[SCABackupJobExecutionFinish getPerUserSamplingRateV2]	
10bb280a0	10bb280b7	decompiled	chunks/006/functions-000422.c	-[SCABackupJobExecutionFinish setExitCause:]	
10bb280b8	10bb2810b	decompiled	chunks/006/functions-000422.c	-[SCABackupJobExecutionFinish setJobDurationMs:]	
10bb2810c	10bb2815f	decompiled	chunks/006/functions-000422.c	-[SCABackupJobExecutionFinish setOperationCompleteCount:]	
10bb28160	10bb281b3	decompiled	chunks/006/functions-000422.c	-[SCABackupJobExecutionFinish setStepAttemptCount:]	
10bb281b4	10bb28207	decompiled	chunks/006/functions-000422.c	-[SCABackupJobExecutionFinish setStepCompleteCount:]	
10bb28208	10bb2825b	decompiled	chunks/006/functions-000422.c	-[SCABackupJobExecutionFinish setStepFailureCount:]	
10bb2825c	10bb28273	decompiled	chunks/006/functions-000422.c	-[SCABackupJobExecutionFinish setVerboseFailureReason:]	
10bb28274	10bb28297	decompiled	chunks/006/functions-000422.c	-[SCABackupJobExecutionFinish getFieldNumberToFieldDict]	
10bb28298	10bb282cf	decompiled	chunks/006/functions-000422.c	-[SCABackupJobExecutionFinish addToProtoDictionary]	
10bb282d0	10bb28327	decompiled	chunks/006/functions-000422.c	-[SCABackupJobExecutionFinish toProtoWithAllowedFields:]	
10bb28328	10bb2832f	decompiled	chunks/006/functions-000422.c	-[SCABackupJobExecutionFinish getPayloadIdentifier]	
10bb28330	10bb28473	decompiled	chunks/006/functions-000422.c	-[SCABackupJobExecutionStart fromDictionary:]	
10bb28474	10bb2847f	decompiled	chunks/006/functions-000422.c	-[SCABackupJobExecutionStart getEventName]	
10bb28480	10bb28487	decompiled	chunks/006/functions-000422.c	-[SCABackupJobExecutionStart getEventQoS]	
10bb28488	10bb28493	decompiled	chunks/006/functions-000422.c	-[SCABackupJobExecutionStart getPerUserSamplingRate]	
10bb28494	10bb2849f	decompiled	chunks/006/functions-000422.c	-[SCABackupJobExecutionStart getPerUserSamplingRateV2]	
10bb284a0	10bb284f3	decompiled	chunks/006/functions-000422.c	-[SCABackupJobExecutionStart setOperationCount:]	
10bb284f4	10bb2850b	decompiled	chunks/006/functions-000422.c	-[SCABackupJobExecutionStart setOperationCountPerType:]	
10bb2850c	10bb2852f	decompiled	chunks/006/functions-000422.c	-[SCABackupJobExecutionStart getFieldNumberToFieldDict]	
10bb28530	10bb28567	decompiled	chunks/006/functions-000422.c	-[SCABackupJobExecutionStart addToProtoDictionary]	
10bb28568	10bb285bf	decompiled	chunks/006/functions-000422.c	-[SCABackupJobExecutionStart toProtoWithAllowedFields:]	
10bb285c0	10bb285c7	decompiled	chunks/006/functions-000422.c	-[SCABackupJobExecutionStart getPayloadIdentifier]	
10bb285c8	10bb28717	decompiled	chunks/006/functions-000422.c	-[SCABackupJobSchedulingAttempt fromDictionary:]	
10bb28718	10bb28723	decompiled	chunks/006/functions-000422.c	-[SCABackupJobSchedulingAttempt getEventName]	
10bb28724	10bb2872b	decompiled	chunks/006/functions-000422.c	-[SCABackupJobSchedulingAttempt getEventQoS]	
10bb2872c	10bb28737	decompiled	chunks/006/functions-000422.c	-[SCABackupJobSchedulingAttempt getPerUserSamplingRate]	
10bb28738	10bb28743	decompiled	chunks/006/functions-000422.c	-[SCABackupJobSchedulingAttempt getPerUserSamplingRateV2]	
10bb28744	10bb2875b	decompiled	chunks/006/functions-000422.c	-[SCABackupJobSchedulingAttempt setConfigurationName:]	
10bb2875c	10bb28773	decompiled	chunks/006/functions-000422.c	-[SCABackupJobSchedulingAttempt setTrigger:]	
10bb28774	10bb28797	decompiled	chunks/006/functions-000422.c	-[SCABackupJobSchedulingAttempt getFieldNumberToFieldDict]	
10bb28798	10bb287cf	decompiled	chunks/006/functions-000422.c	-[SCABackupJobSchedulingAttempt addToProtoDictionary]	
10bb287d0	10bb28827	decompiled	chunks/006/functions-000422.c	-[SCABackupJobSchedulingAttempt toProtoWithAllowedFields:]	
10bb28828	10bb2882f	decompiled	chunks/006/functions-000422.c	-[SCABackupJobSchedulingAttempt getPayloadIdentifier]	
10bb28830	10bb28a6f	decompiled	chunks/006/functions-000422.c	-[SCABackupJobSchedulingFailure fromDictionary:]	
10bb28a70	10bb28a7b	decompiled	chunks/006/functions-000422.c	-[SCABackupJobSchedulingFailure getEventName]	
10bb28a7c	10bb28a83	decompiled	chunks/006/functions-000422.c	-[SCABackupJobSchedulingFailure getEventQoS]	
10bb28a84	10bb28a8f	decompiled	chunks/006/functions-000422.c	-[SCABackupJobSchedulingFailure getPerUserSamplingRate]	
10bb28a90	10bb28a9b	decompiled	chunks/006/functions-000422.c	-[SCABackupJobSchedulingFailure getPerUserSamplingRateV2]	
10bb28a9c	10bb28ab3	decompiled	chunks/006/functions-000422.c	-[SCABackupJobSchedulingFailure setConfigurationName:]	
10bb28ab4	10bb28acb	decompiled	chunks/006/functions-000422.c	-[SCABackupJobSchedulingFailure setFailureReason:]	
10bb28acc	10bb28ae3	decompiled	chunks/006/functions-000422.c	-[SCABackupJobSchedulingFailure setTrigger:]	
10bb28ae4	10bb28afb	decompiled	chunks/006/functions-000422.c	-[SCABackupJobSchedulingFailure setVerboseFailure:]	
10bb28afc	10bb28b1f	decompiled	chunks/006/functions-000422.c	-[SCABackupJobSchedulingFailure getFieldNumberToFieldDict]	
10bb28b20	10bb28b57	decompiled	chunks/006/functions-000422.c	-[SCABackupJobSchedulingFailure addToProtoDictionary]	
10bb28b58	10bb28baf	decompiled	chunks/006/functions-000422.c	-[SCABackupJobSchedulingFailure toProtoWithAllowedFields:]	
10bb28bb0	10bb28bb7	decompiled	chunks/006/functions-000422.c	-[SCABackupJobSchedulingFailure getPayloadIdentifier]	
10bb28bb8	10bb28d07	decompiled	chunks/006/functions-000422.c	-[SCABackupJobSchedulingSuccess fromDictionary:]	
10bb28d08	10bb28d13	decompiled	chunks/006/functions-000422.c	-[SCABackupJobSchedulingSuccess getEventName]	
10bb28d14	10bb28d1b	decompiled	chunks/006/functions-000422.c	-[SCABackupJobSchedulingSuccess getEventQoS]	
10bb28d1c	10bb28d27	decompiled	chunks/006/functions-000422.c	-[SCABackupJobSchedulingSuccess getPerUserSamplingRate]	
10bb28d28	10bb28d33	decompiled	chunks/006/functions-000422.c	-[SCABackupJobSchedulingSuccess getPerUserSamplingRateV2]	
10bb28d34	10bb28d4b	decompiled	chunks/006/functions-000423.c	-[SCABackupJobSchedulingSuccess setConfigurationName:]	
10bb28d4c	10bb28d63	decompiled	chunks/006/functions-000423.c	-[SCABackupJobSchedulingSuccess setTrigger:]	
10bb28d64	10bb28d87	decompiled	chunks/006/functions-000423.c	-[SCABackupJobSchedulingSuccess getFieldNumberToFieldDict]	
10bb28d88	10bb28dbf	decompiled	chunks/006/functions-000423.c	-[SCABackupJobSchedulingSuccess addToProtoDictionary]	
10bb28dc0	10bb28e17	decompiled	chunks/006/functions-000423.c	-[SCABackupJobSchedulingSuccess toProtoWithAllowedFields:]	
10bb28e18	10bb28e1f	decompiled	chunks/006/functions-000423.c	-[SCABackupJobSchedulingSuccess getPayloadIdentifier]	
10bb28e20	10bb29093	decompiled	chunks/006/functions-000423.c	-[SCABackupOperation initWithDictionary:]	
10bb29094	10bb290ab	decompiled	chunks/006/functions-000423.c	-[SCABackupOperation setEntryId:]	
10bb290ac	10bb290c3	decompiled	chunks/006/functions-000423.c	-[SCABackupOperation setOperationType:]	
10bb290c4	10bb29117	decompiled	chunks/006/functions-000423.c	-[SCABackupOperation setOperationId:]	
10bb29118	10bb2912f	decompiled	chunks/006/functions-000423.c	-[SCABackupOperation setOrigin:]	
10bb29130	10bb29133	decompiled	chunks/006/functions-000423.c	-[SCABackupOperation getFieldNumberToFieldDict]	
10bb29134	10bb2913f	decompiled	chunks/006/functions-000423.c	-[SCABackupOperation toProtoWithAllowedFields:]	
10bb29140	10bb29147	decompiled	chunks/006/functions-000423.c	-[SCABackupOperation getPayloadIdentifier]	
10bb29148	10bb29387	decompiled	chunks/006/functions-000423.c	-[SCABackupOperationAddFailed fromDictionary:]	
10bb29388	10bb29393	decompiled	chunks/006/functions-000423.c	-[SCABackupOperationAddFailed getEventName]	
10bb29394	10bb2939b	decompiled	chunks/006/functions-000423.c	-[SCABackupOperationAddFailed getEventQoS]	
10bb2939c	10bb293a7	decompiled	chunks/006/functions-000423.c	-[SCABackupOperationAddFailed getPerUserSamplingRate]	
10bb293a8	10bb293b3	decompiled	chunks/006/functions-000423.c	-[SCABackupOperationAddFailed getPerUserSamplingRateV2]	
10bb293b4	10bb293cb	decompiled	chunks/006/functions-000423.c	-[SCABackupOperationAddFailed setEntryId:]	
10bb293cc	10bb293e3	decompiled	chunks/006/functions-000423.c	-[SCABackupOperationAddFailed setError:]	
10bb293e4	10bb293fb	decompiled	chunks/006/functions-000423.c	-[SCABackupOperationAddFailed setOperationOrigin:]	
10bb293fc	10bb29413	decompiled	chunks/006/functions-000423.c	-[SCABackupOperationAddFailed setOperationType:]	
10bb29414	10bb29437	decompiled	chunks/006/functions-000423.c	-[SCABackupOperationAddFailed getFieldNumberToFieldDict]	
10bb29438	10bb2946f	decompiled	chunks/006/functions-000423.c	-[SCABackupOperationAddFailed addToProtoDictionary]	
10bb29470	10bb294c7	decompiled	chunks/006/functions-000423.c	-[SCABackupOperationAddFailed toProtoWithAllowedFields:]	
10bb294c8	10bb294cf	decompiled	chunks/006/functions-000423.c	-[SCABackupOperationAddFailed getPayloadIdentifier]	
10bb294d0	10bb298e7	decompiled	chunks/006/functions-000423.c	-[SCABackupOperationAdded fromDictionary:]	
10bb298e8	10bb298f3	decompiled	chunks/006/functions-000423.c	-[SCABackupOperationAdded getEventName]	
10bb298f4	10bb298fb	decompiled	chunks/006/functions-000423.c	-[SCABackupOperationAdded getEventQoS]	
10bb298fc	10bb29907	decompiled	chunks/006/functions-000423.c	-[SCABackupOperationAdded getPerUserSamplingRate]	
10bb29908	10bb29913	decompiled	chunks/006/functions-000423.c	-[SCABackupOperationAdded getPerUserSamplingRateV2]	
10bb29914	10bb2992b	decompiled	chunks/006/functions-000423.c	-[SCABackupOperationAdded setEntryId:]	
10bb2992c	10bb29943	decompiled	chunks/006/functions-000423.c	-[SCABackupOperationAdded setOperationType:]	
10bb29944	10bb2998b	decompiled	chunks/006/functions-000423.c	-[SCABackupOperationAdded setAllDependentOperations:]	
10bb2998c	10bb299df	decompiled	chunks/006/functions-000423.c	-[SCABackupOperationAdded setDependentOperationCount:]	
10bb299e0	10bb29a33	decompiled	chunks/006/functions-000423.c	-[SCABackupOperationAdded setOperationId:]	
10bb29a34	10bb29a4b	decompiled	chunks/006/functions-000423.c	-[SCABackupOperationAdded setOperationOrigin:]	
10bb29a4c	10bb29bf3	decompiled	chunks/006/functions-000423.c	-[SCABackupOperationAdded prepareDictionary:]	
10bb29bf4	10bb29c17	decompiled	chunks/006/functions-000423.c	-[SCABackupOperationAdded getFieldNumberToFieldDict]	
10bb29c18	10bb29c4f	decompiled	chunks/006/functions-000423.c	-[SCABackupOperationAdded addToProtoDictionary]	
10bb29c50	10bb29ca7	decompiled	chunks/006/functions-000423.c	-[SCABackupOperationAdded toProtoWithAllowedFields:]	
10bb29ca8	10bb29caf	decompiled	chunks/006/functions-000423.c	-[SCABackupOperationAdded getPayloadIdentifier]	
10bb29cb0	10bb29f4f	decompiled	chunks/006/functions-000423.c	-[SCABackupOperationCompleted fromDictionary:]	
10bb29f50	10bb29f5b	decompiled	chunks/006/functions-000423.c	-[SCABackupOperationCompleted getEventName]	
10bb29f5c	10bb29f63	decompiled	chunks/006/functions-000423.c	-[SCABackupOperationCompleted getEventQoS]	
10bb29f64	10bb29f6f	decompiled	chunks/006/functions-000423.c	-[SCABackupOperationCompleted getPerUserSamplingRate]	
10bb29f70	10bb29f7b	decompiled	chunks/006/functions-000423.c	-[SCABackupOperationCompleted getPerUserSamplingRateV2]	
10bb29f7c	10bb29fcf	decompiled	chunks/006/functions-000423.c	-[SCABackupOperationCompleted setOperationAgeMs:]	
10bb29fd0	10bb2a023	decompiled	chunks/006/functions-000423.c	-[SCABackupOperationCompleted setAttemptCount:]	
10bb2a024	10bb2a03b	decompiled	chunks/006/functions-000423.c	-[SCABackupOperationCompleted setEntryId:]	
10bb2a03c	10bb2a053	decompiled	chunks/006/functions-000423.c	-[SCABackupOperationCompleted setOperationType:]	
10bb2a054	10bb2a06b	decompiled	chunks/006/functions-000423.c	-[SCABackupOperationCompleted setOperationOrigin:]	
10bb2a06c	10bb2a08f	decompiled	chunks/006/functions-000423.c	-[SCABackupOperationCompleted getFieldNumberToFieldDict]	
10bb2a090	10bb2a0c7	decompiled	chunks/006/functions-000423.c	-[SCABackupOperationCompleted addToProtoDictionary]	
10bb2a0c8	10bb2a11f	decompiled	chunks/006/functions-000423.c	-[SCABackupOperationCompleted toProtoWithAllowedFields:]	
10bb2a120	10bb2a127	decompiled	chunks/006/functions-000423.c	-[SCABackupOperationCompleted getPayloadIdentifier]	
10bb2a128	10bb2a3d7	decompiled	chunks/006/functions-000423.c	-[SCABackupOperationSchedulingFinish fromDictionary:]	
10bb2a3d8	10bb2a3e3	decompiled	chunks/006/functions-000423.c	-[SCABackupOperationSchedulingFinish getEventName]	
10bb2a3e4	10bb2a3eb	decompiled	chunks/006/functions-000423.c	-[SCABackupOperationSchedulingFinish getEventQoS]	
10bb2a3ec	10bb2a3f7	decompiled	chunks/006/functions-000423.c	-[SCABackupOperationSchedulingFinish getPerUserSamplingRate]	
10bb2a3f8	10bb2a403	decompiled	chunks/006/functions-000423.c	-[SCABackupOperationSchedulingFinish getPerUserSamplingRateV2]	
10bb2a404	10bb2a457	decompiled	chunks/006/functions-000423.c	-[SCABackupOperationSchedulingFinish setPendingOperationsCount:]	
10bb2a458	10bb2a49f	decompiled	chunks/006/functions-000423.c	-[SCABackupOperationSchedulingFinish setScheduledOperations:]	
10bb2a4a0	10bb2a4f3	decompiled	chunks/006/functions-000423.c	-[SCABackupOperationSchedulingFinish setSchedulingDurationMs:]	
10bb2a4f4	10bb2a69b	decompiled	chunks/006/functions-000423.c	-[SCABackupOperationSchedulingFinish prepareDictionary:]	
10bb2a69c	10bb2a6bf	decompiled	chunks/006/functions-000423.c	-[SCABackupOperationSchedulingFinish getFieldNumberToFieldDict]	
10bb2a6c0	10bb2a6f7	decompiled	chunks/006/functions-000423.c	-[SCABackupOperationSchedulingFinish addToProtoDictionary]	
10bb2a6f8	10bb2a74f	decompiled	chunks/006/functions-000423.c	-[SCABackupOperationSchedulingFinish toProtoWithAllowedFields:]	
10bb2a750	10bb2a757	decompiled	chunks/006/functions-000423.c	-[SCABackupOperationSchedulingFinish getPayloadIdentifier]	
10bb2a758	10bb2a823	decompiled	chunks/006/functions-000423.c	-[SCABackupOperationSchedulingStart fromDictionary:]	
10bb2a824	10bb2a82f	decompiled	chunks/006/functions-000423.c	-[SCABackupOperationSchedulingStart getEventName]	
10bb2a830	10bb2a837	decompiled	chunks/006/functions-000423.c	-[SCABackupOperationSchedulingStart getEventQoS]	
10bb2a838	10bb2a843	decompiled	chunks/006/functions-000423.c	-[SCABackupOperationSchedulingStart getPerUserSamplingRate]	
10bb2a844	10bb2a84f	decompiled	chunks/006/functions-000423.c	-[SCABackupOperationSchedulingStart getPerUserSamplingRateV2]	
10bb2a850	10bb2a8a3	decompiled	chunks/006/functions-000423.c	-[SCABackupOperationSchedulingStart setPendingOperationsCount:]	
10bb2a8a4	10bb2a8c7	decompiled	chunks/006/functions-000423.c	-[SCABackupOperationSchedulingStart getFieldNumberToFieldDict]	
10bb2a8c8	10bb2a8ff	decompiled	chunks/006/functions-000423.c	-[SCABackupOperationSchedulingStart addToProtoDictionary]	
10bb2a900	10bb2a957	decompiled	chunks/006/functions-000423.c	-[SCABackupOperationSchedulingStart toProtoWithAllowedFields:]	
10bb2a958	10bb2a95f	decompiled	chunks/006/functions-000423.c	-[SCABackupOperationSchedulingStart getPayloadIdentifier]	
10bb2a960	10bb2ace3	decompiled	chunks/006/functions-000423.c	-[SCABackupOperationStepAttempt fromDictionary:]	
10bb2ace4	10bb2acef	decompiled	chunks/006/functions-000423.c	-[SCABackupOperationStepAttempt getEventName]	
10bb2acf0	10bb2acf7	decompiled	chunks/006/functions-000423.c	-[SCABackupOperationStepAttempt getEventQoS]	
10bb2acf8	10bb2ad03	decompiled	chunks/006/functions-000423.c	-[SCABackupOperationStepAttempt getPerUserSamplingRate]	
10bb2ad04	10bb2ad0f	decompiled	chunks/006/functions-000423.c	-[SCABackupOperationStepAttempt getPerUserSamplingRateV2]	
10bb2ad10	10bb2ad27	decompiled	chunks/006/functions-000423.c	-[SCABackupOperationStepAttempt setStepType:]	
10bb2ad28	10bb2ad7b	decompiled	chunks/006/functions-000423.c	-[SCABackupOperationStepAttempt setAttemptCount:]	
10bb2ad7c	10bb2adcf	decompiled	chunks/006/functions-000423.c	-[SCABackupOperationStepAttempt setOperationAgeMs:]	
10bb2add0	10bb2ae23	decompiled	chunks/006/functions-000423.c	-[SCABackupOperationStepAttempt setStepAgeMs:]	
10bb2ae24	10bb2ae3b	decompiled	chunks/006/functions-000423.c	-[SCABackupOperationStepAttempt setEntryId:]	
10bb2ae3c	10bb2ae53	decompiled	chunks/006/functions-000423.c	-[SCABackupOperationStepAttempt setOperationType:]	
10bb2ae54	10bb2ae6b	decompiled	chunks/006/functions-000423.c	-[SCABackupOperationStepAttempt setOperationOrigin:]	
10bb2ae6c	10bb2ae8f	decompiled	chunks/006/functions-000423.c	-[SCABackupOperationStepAttempt getFieldNumberToFieldDict]	
10bb2ae90	10bb2aec7	decompiled	chunks/006/functions-000423.c	-[SCABackupOperationStepAttempt addToProtoDictionary]	
10bb2aec8	10bb2af1f	decompiled	chunks/006/functions-000423.c	-[SCABackupOperationStepAttempt toProtoWithAllowedFields:]	
10bb2af20	10bb2af27	decompiled	chunks/006/functions-000423.c	-[SCABackupOperationStepAttempt getPayloadIdentifier]	
10bb2af28	10bb2b407	decompiled	chunks/006/functions-000423.c	-[SCABackupOperationStepFailure fromDictionary:]	
10bb2b408	10bb2b413	decompiled	chunks/006/functions-000423.c	-[SCABackupOperationStepFailure getEventName]	
10bb2b414	10bb2b41b	decompiled	chunks/006/functions-000423.c	-[SCABackupOperationStepFailure getEventQoS]	
10bb2b41c	10bb2b427	decompiled	chunks/006/functions-000423.c	-[SCABackupOperationStepFailure getPerUserSamplingRate]	
10bb2b428	10bb2b433	decompiled	chunks/006/functions-000424.c	-[SCABackupOperationStepFailure getPerUserSamplingRateV2]	
10bb2b434	10bb2b487	decompiled	chunks/006/functions-000424.c	-[SCABackupOperationStepFailure setAttemptDurationMs:]	
10bb2b488	10bb2b49f	decompiled	chunks/006/functions-000424.c	-[SCABackupOperationStepFailure setFailureReason:]	
10bb2b4a0	10bb2b4f3	decompiled	chunks/006/functions-000424.c	-[SCABackupOperationStepFailure setOperationAgeMs:]	
10bb2b4f4	10bb2b547	decompiled	chunks/006/functions-000424.c	-[SCABackupOperationStepFailure setStepAgeMs:]	
10bb2b548	10bb2b55f	decompiled	chunks/006/functions-000424.c	-[SCABackupOperationStepFailure setStepType:]	
10bb2b560	10bb2b577	decompiled	chunks/006/functions-000424.c	-[SCABackupOperationStepFailure setVerboseFailureReason:]	
10bb2b578	10bb2b5cb	decompiled	chunks/006/functions-000424.c	-[SCABackupOperationStepFailure setAttemptCount:]	
10bb2b5cc	10bb2b5e3	decompiled	chunks/006/functions-000424.c	-[SCABackupOperationStepFailure setEntryId:]	
10bb2b5e4	10bb2b5fb	decompiled	chunks/006/functions-000424.c	-[SCABackupOperationStepFailure setOperationType:]	
10bb2b5fc	10bb2b613	decompiled	chunks/006/functions-000424.c	-[SCABackupOperationStepFailure setOperationOrigin:]	
10bb2b614	10bb2b637	decompiled	chunks/006/functions-000424.c	-[SCABackupOperationStepFailure getFieldNumberToFieldDict]	
10bb2b638	10bb2b66f	decompiled	chunks/006/functions-000424.c	-[SCABackupOperationStepFailure addToProtoDictionary]	
10bb2b670	10bb2b6c7	decompiled	chunks/006/functions-000424.c	-[SCABackupOperationStepFailure toProtoWithAllowedFields:]	
10bb2b6c8	10bb2b6cf	decompiled	chunks/006/functions-000424.c	-[SCABackupOperationStepFailure getPayloadIdentifier]	
10bb2b6d0	10bb2babf	decompiled	chunks/006/functions-000424.c	-[SCABackupOperationStepSuccess fromDictionary:]	
10bb2bac0	10bb2bacb	decompiled	chunks/006/functions-000424.c	-[SCABackupOperationStepSuccess getEventName]	
10bb2bacc	10bb2bad3	decompiled	chunks/006/functions-000424.c	-[SCABackupOperationStepSuccess getEventQoS]	
10bb2bad4	10bb2badf	decompiled	chunks/006/functions-000424.c	-[SCABackupOperationStepSuccess getPerUserSamplingRate]	
10bb2bae0	10bb2baeb	decompiled	chunks/006/functions-000424.c	-[SCABackupOperationStepSuccess getPerUserSamplingRateV2]	
10bb2baec	10bb2bb3f	decompiled	chunks/006/functions-000424.c	-[SCABackupOperationStepSuccess setAttemptDurationMs:]	
10bb2bb40	10bb2bb93	decompiled	chunks/006/functions-000424.c	-[SCABackupOperationStepSuccess setOperationAgeMs:]	
10bb2bb94	10bb2bbe7	decompiled	chunks/006/functions-000424.c	-[SCABackupOperationStepSuccess setStepAgeMs:]	
10bb2bbe8	10bb2bbff	decompiled	chunks/006/functions-000424.c	-[SCABackupOperationStepSuccess setStepType:]	
10bb2bc00	10bb2bc53	decompiled	chunks/006/functions-000424.c	-[SCABackupOperationStepSuccess setAttemptCount:]	
10bb2bc54	10bb2bc6b	decompiled	chunks/006/functions-000424.c	-[SCABackupOperationStepSuccess setEntryId:]	
10bb2bc6c	10bb2bc83	decompiled	chunks/006/functions-000424.c	-[SCABackupOperationStepSuccess setOperationType:]	
10bb2bc84	10bb2bc9b	decompiled	chunks/006/functions-000424.c	-[SCABackupOperationStepSuccess setOperationOrigin:]	
10bb2bc9c	10bb2bcbf	decompiled	chunks/006/functions-000424.c	-[SCABackupOperationStepSuccess getFieldNumberToFieldDict]	
10bb2bcc0	10bb2bcf7	decompiled	chunks/006/functions-000424.c	-[SCABackupOperationStepSuccess addToProtoDictionary]	
10bb2bcf8	10bb2bd4f	decompiled	chunks/006/functions-000424.c	-[SCABackupOperationStepSuccess toProtoWithAllowedFields:]	
10bb2bd50	10bb2bd57	decompiled	chunks/006/functions-000424.c	-[SCABackupOperationStepSuccess getPayloadIdentifier]	
10bb2bd58	10bb2c22b	decompiled	chunks/006/functions-000424.c	-[SCABackupSessionEvent fromDictionary:]	
10bb2c22c	10bb2c23f	decompiled	chunks/006/functions-000424.c	-[SCABackupSessionEvent setAppLifecycle:]	
10bb2c240	10bb2c253	decompiled	chunks/006/functions-000424.c	-[SCABackupSessionEvent setBackupSessionId:]	
10bb2c254	10bb2c2a3	decompiled	chunks/006/functions-000424.c	-[SCABackupSessionEvent setBatteryLevel:]	
10bb2c2a4	10bb2c2f3	decompiled	chunks/006/functions-000424.c	-[SCABackupSessionEvent setCellularBackupEnabled:]	
10bb2c2f4	10bb2c343	decompiled	chunks/006/functions-000424.c	-[SCABackupSessionEvent setCellularQuota:]	
10bb2c344	10bb2c357	decompiled	chunks/006/functions-000424.c	-[SCABackupSessionEvent setConfigurationName:]	
10bb2c358	10bb2c36b	decompiled	chunks/006/functions-000424.c	-[SCABackupSessionEvent setConnectivity:]	
10bb2c36c	10bb2c3bb	decompiled	chunks/006/functions-000424.c	-[SCABackupSessionEvent setCurrentCellularQuotaUsage:]	
10bb2c3bc	10bb2c40b	decompiled	chunks/006/functions-000424.c	-[SCABackupSessionEvent setIsDeviceCharging:]	
10bb2c40c	10bb2c41f	decompiled	chunks/006/functions-000424.c	-[SCABackupSessionEvent setTrigger:]	
10bb2c420	10bb2c5cb	decompiled	chunks/006/functions-000424.c	-[SCABirthdayPageCloseEvent fromDictionary:]	
10bb2c5cc	10bb2c5d7	decompiled	chunks/006/functions-000424.c	-[SCABirthdayPageCloseEvent getEventName]	
10bb2c5d8	10bb2c5df	decompiled	chunks/006/functions-000424.c	-[SCABirthdayPageCloseEvent getEventQoS]	
10bb2c5e0	10bb2c5eb	decompiled	chunks/006/functions-000424.c	-[SCABirthdayPageCloseEvent getPerUserSamplingRate]	
10bb2c5ec	10bb2c5f7	decompiled	chunks/006/functions-000424.c	-[SCABirthdayPageCloseEvent getPerUserSamplingRateV2]	
10bb2c5f8	10bb2c60f	decompiled	chunks/006/functions-000424.c	-[SCABirthdayPageCloseEvent setBirthdayPageSessionId:]	
10bb2c610	10bb2c68f	decompiled	chunks/006/functions-000424.c	-[SCABirthdayPageCloseEvent setSource:]	
10bb2c690	10bb2c6e3	decompiled	chunks/006/functions-000424.c	-[SCABirthdayPageCloseEvent setViewTimeSecs:]	
10bb2c6e4	10bb2c6e7	decompiled	chunks/006/functions-000424.c	-[SCABirthdayPageCloseEvent getFieldNumberToFieldDict]	
10bb2c6e8	10bb2c6f3	decompiled	chunks/006/functions-000424.c	-[SCABirthdayPageCloseEvent toProtoWithAllowedFields:]	
10bb2c6f4	10bb2c6fb	decompiled	chunks/006/functions-000424.c	-[SCABirthdayPageCloseEvent getPayloadIdentifier]	
10bb2c6fc	10bb2ca73	decompiled	chunks/006/functions-000424.c	-[SCABirthdayPageItemActionEvent fromDictionary:]	
10bb2ca74	10bb2ca7f	decompiled	chunks/006/functions-000424.c	-[SCABirthdayPageItemActionEvent getEventName]	
10bb2ca80	10bb2ca87	decompiled	chunks/006/functions-000424.c	-[SCABirthdayPageItemActionEvent getEventQoS]	
10bb2ca88	10bb2ca93	decompiled	chunks/006/functions-000424.c	-[SCABirthdayPageItemActionEvent getPerUserSamplingRate]	
10bb2ca94	10bb2ca9f	decompiled	chunks/006/functions-000424.c	-[SCABirthdayPageItemActionEvent getPerUserSamplingRateV2]	
10bb2caa0	10bb2cb1f	decompiled	chunks/006/functions-000424.c	-[SCABirthdayPageItemActionEvent setAction:]	
10bb2cb20	10bb2cb9f	decompiled	chunks/006/functions-000424.c	-[SCABirthdayPageItemActionEvent setActionSource:]	
10bb2cba0	10bb2cbb7	decompiled	chunks/006/functions-000424.c	-[SCABirthdayPageItemActionEvent setBirthdayPageSessionId:]	
10bb2cbb8	10bb2cc37	decompiled	chunks/006/functions-000424.c	-[SCABirthdayPageItemActionEvent setBirthdayResultSection:]	
10bb2cc38	10bb2cc4f	decompiled	chunks/006/functions-000424.c	-[SCABirthdayPageItemActionEvent setCorrespondentId:]	
10bb2cc50	10bb2cccf	decompiled	chunks/006/functions-000424.c	-[SCABirthdayPageItemActionEvent setSource:]	
10bb2ccd0	10bb2cce7	decompiled	chunks/006/functions-000424.c	-[SCABirthdayPageItemActionEvent setZodiacName:]	
10bb2cce8	10bb2cceb	decompiled	chunks/006/functions-000424.c	-[SCABirthdayPageItemActionEvent getFieldNumberToFieldDict]	
10bb2ccec	10bb2ccf7	decompiled	chunks/006/functions-000424.c	-[SCABirthdayPageItemActionEvent toProtoWithAllowedFields:]	
10bb2ccf8	10bb2ccff	decompiled	chunks/006/functions-000424.c	-[SCABirthdayPageItemActionEvent getPayloadIdentifier]	
10bb2cd00	10bb2cf9f	decompiled	chunks/006/functions-000424.c	-[SCABirthdayPageItemImpressionEvent fromDictionary:]	
10bb2cfa0	10bb2cfab	decompiled	chunks/006/functions-000424.c	-[SCABirthdayPageItemImpressionEvent getEventName]	
10bb2cfac	10bb2cfb3	decompiled	chunks/006/functions-000424.c	-[SCABirthdayPageItemImpressionEvent getEventQoS]	
10bb2cfb4	10bb2cfbf	decompiled	chunks/006/functions-000424.c	-[SCABirthdayPageItemImpressionEvent getPerUserSamplingRate]	
10bb2cfc0	10bb2cfcb	decompiled	chunks/006/functions-000424.c	-[SCABirthdayPageItemImpressionEvent getPerUserSamplingRateV2]	
10bb2cfcc	10bb2cfe3	decompiled	chunks/006/functions-000424.c	-[SCABirthdayPageItemImpressionEvent setBirthdayPageSessionId:]	
10bb2cfe4	10bb2d063	decompiled	chunks/006/functions-000424.c	-[SCABirthdayPageItemImpressionEvent setBirthdayResultSection:]	
10bb2d064	10bb2d07b	decompiled	chunks/006/functions-000424.c	-[SCABirthdayPageItemImpressionEvent setCorrespondentId:]	
10bb2d07c	10bb2d0fb	decompiled	chunks/006/functions-000424.c	-[SCABirthdayPageItemImpressionEvent setSource:]	
10bb2d0fc	10bb2d113	decompiled	chunks/006/functions-000424.c	-[SCABirthdayPageItemImpressionEvent setZodiacName:]	
10bb2d114	10bb2d117	decompiled	chunks/006/functions-000424.c	-[SCABirthdayPageItemImpressionEvent getFieldNumberToFieldDict]	
10bb2d118	10bb2d123	decompiled	chunks/006/functions-000424.c	-[SCABirthdayPageItemImpressionEvent toProtoWithAllowedFields:]	
10bb2d124	10bb2d12b	decompiled	chunks/006/functions-000424.c	-[SCABirthdayPageItemImpressionEvent getPayloadIdentifier]	
10bb2d12c	10bb2d26f	decompiled	chunks/006/functions-000424.c	-[SCABirthdayPageOpenEvent fromDictionary:]	
10bb2d270	10bb2d27b	decompiled	chunks/006/functions-000424.c	-[SCABirthdayPageOpenEvent getEventName]	
10bb2d27c	10bb2d283	decompiled	chunks/006/functions-000424.c	-[SCABirthdayPageOpenEvent getEventQoS]	
10bb2d284	10bb2d28f	decompiled	chunks/006/functions-000424.c	-[SCABirthdayPageOpenEvent getPerUserSamplingRate]	
10bb2d290	10bb2d29b	decompiled	chunks/006/functions-000424.c	-[SCABirthdayPageOpenEvent getPerUserSamplingRateV2]	
10bb2d29c	10bb2d2b3	decompiled	chunks/006/functions-000424.c	-[SCABirthdayPageOpenEvent setBirthdayPageSessionId:]	
10bb2d2b4	10bb2d333	decompiled	chunks/006/functions-000424.c	-[SCABirthdayPageOpenEvent setSource:]	
10bb2d334	10bb2d337	decompiled	chunks/006/functions-000424.c	-[SCABirthdayPageOpenEvent getFieldNumberToFieldDict]	
10bb2d338	10bb2d343	decompiled	chunks/006/functions-000424.c	-[SCABirthdayPageOpenEvent toProtoWithAllowedFields:]	
10bb2d344	10bb2d34b	decompiled	chunks/006/functions-000424.c	-[SCABirthdayPageOpenEvent getPayloadIdentifier]	
10bb2d34c	10bb2d657	decompiled	chunks/006/functions-000424.c	-[SCABitmojiAvatarBuilder3DError fromDictionary:]	
10bb2d658	10bb2d663	decompiled	chunks/006/functions-000424.c	-[SCABitmojiAvatarBuilder3DError getEventName]	
10bb2d664	10bb2d66b	decompiled	chunks/006/functions-000424.c	-[SCABitmojiAvatarBuilder3DError getEventQoS]	
10bb2d66c	10bb2d6eb	decompiled	chunks/006/functions-000424.c	-[SCABitmojiAvatarBuilder3DError setBitmojiAvatarBuilderFlowMode:]	
10bb2d6ec	10bb2d703	decompiled	chunks/006/functions-000424.c	-[SCABitmojiAvatarBuilder3DError setBitmojiAvatarBuilderSessionId:]	
10bb2d704	10bb2d71b	decompiled	chunks/006/functions-000424.c	-[SCABitmojiAvatarBuilder3DError setEndpoint:]	
10bb2d71c	10bb2d76f	decompiled	chunks/006/functions-000424.c	-[SCABitmojiAvatarBuilder3DError setStatusCode:]	
10bb2d770	10bb2d787	decompiled	chunks/006/functions-000424.c	-[SCABitmojiAvatarBuilder3DError setBitmojiProfileSessionId:]	
10bb2d788	10bb2d807	decompiled	chunks/006/functions-000425.c	-[SCABitmojiAvatarBuilder3DError setSessionType:]	
10bb2d808	10bb2d80b	decompiled	chunks/006/functions-000425.c	-[SCABitmojiAvatarBuilder3DError getFieldNumberToFieldDict]	
10bb2d80c	10bb2d817	decompiled	chunks/006/functions-000425.c	-[SCABitmojiAvatarBuilder3DError toProtoWithAllowedFields:]	
10bb2d818	10bb2d81f	decompiled	chunks/006/functions-000425.c	-[SCABitmojiAvatarBuilder3DError getPayloadIdentifier]	
10bb2d820	10bb2db7f	decompiled	chunks/006/functions-000425.c	-[SCABitmojiAvatarBuilder3DFPS fromDictionary:]	
10bb2db80	10bb2db8b	decompiled	chunks/006/functions-000425.c	-[SCABitmojiAvatarBuilder3DFPS getEventName]	
10bb2db8c	10bb2db93	decompiled	chunks/006/functions-000425.c	-[SCABitmojiAvatarBuilder3DFPS getEventQoS]	
10bb2db94	10bb2dbe7	decompiled	chunks/006/functions-000425.c	-[SCABitmojiAvatarBuilder3DFPS setAvgFPS:]	
10bb2dbe8	10bb2dc67	decompiled	chunks/006/functions-000425.c	-[SCABitmojiAvatarBuilder3DFPS setBitmojiAvatarBuilderFlowMode:]	
10bb2dc68	10bb2dc7f	decompiled	chunks/006/functions-000425.c	-[SCABitmojiAvatarBuilder3DFPS setBitmojiAvatarBuilderSessionId:]	
10bb2dc80	10bb2dcd3	decompiled	chunks/006/functions-000425.c	-[SCABitmojiAvatarBuilder3DFPS setMaxFPS:]	
10bb2dcd4	10bb2dd27	decompiled	chunks/006/functions-000425.c	-[SCABitmojiAvatarBuilder3DFPS setMinFPS:]	
10bb2dd28	10bb2dd3f	decompiled	chunks/006/functions-000425.c	-[SCABitmojiAvatarBuilder3DFPS setBitmojiProfileSessionId:]	
10bb2dd40	10bb2ddbf	decompiled	chunks/006/functions-000425.c	-[SCABitmojiAvatarBuilder3DFPS setSessionType:]	
10bb2ddc0	10bb2ddc3	decompiled	chunks/006/functions-000425.c	-[SCABitmojiAvatarBuilder3DFPS getFieldNumberToFieldDict]	
10bb2ddc4	10bb2ddcf	decompiled	chunks/006/functions-000425.c	-[SCABitmojiAvatarBuilder3DFPS toProtoWithAllowedFields:]	
10bb2ddd0	10bb2ddd7	decompiled	chunks/006/functions-000425.c	-[SCABitmojiAvatarBuilder3DFPS getPayloadIdentifier]	
10bb2ddd8	10bb2e86f	decompiled	chunks/006/functions-000425.c	-[SCABitmojiAvatarBuilder3DLaunch fromDictionary:]	
10bb2e870	10bb2e87b	decompiled	chunks/006/functions-000425.c	-[SCABitmojiAvatarBuilder3DLaunch getEventName]	
10bb2e87c	10bb2e883	decompiled	chunks/006/functions-000425.c	-[SCABitmojiAvatarBuilder3DLaunch getEventQoS]	
10bb2e884	10bb2e903	decompiled	chunks/006/functions-000425.c	-[SCABitmojiAvatarBuilder3DLaunch setBitmojiAvatarBuilderFlowMode:]	
10bb2e904	10bb2e91b	decompiled	chunks/006/functions-000425.c	-[SCABitmojiAvatarBuilder3DLaunch setBitmojiAvatarBuilderSessionId:]	
10bb2e91c	10bb2e99b	decompiled	chunks/006/functions-000425.c	-[SCABitmojiAvatarBuilder3DLaunch setPreviewLoadStatus:]	
10bb2e99c	10bb2e9ef	decompiled	chunks/006/functions-000425.c	-[SCABitmojiAvatarBuilder3DLaunch setTimeToClientResponse:]	
10bb2e9f0	10bb2ea43	decompiled	chunks/006/functions-000425.c	-[SCABitmojiAvatarBuilder3DLaunch setTimeToCompleteLaunch:]	
10bb2ea44	10bb2ea97	decompiled	chunks/006/functions-000425.c	-[SCABitmojiAvatarBuilder3DLaunch setTimeToFetchGlb:]	
10bb2ea98	10bb2eaeb	decompiled	chunks/006/functions-000425.c	-[SCABitmojiAvatarBuilder3DLaunch setTimeToLoadCharData:]	
10bb2eaec	10bb2eb3f	decompiled	chunks/006/functions-000425.c	-[SCABitmojiAvatarBuilder3DLaunch setTimeToPlaycanvasStartUp:]	
10bb2eb40	10bb2eb93	decompiled	chunks/006/functions-000425.c	-[SCABitmojiAvatarBuilder3DLaunch setTimeToProcessGlb:]	
10bb2eb94	10bb2ebe7	decompiled	chunks/006/functions-000425.c	-[SCABitmojiAvatarBuilder3DLaunch setTimeToSetupPlaycanvasApp:]	
10bb2ebe8	10bb2ec3b	decompiled	chunks/006/functions-000425.c	-[SCABitmojiAvatarBuilder3DLaunch setTimeToSetupScene:]	
10bb2ec3c	10bb2ec8f	decompiled	chunks/006/functions-000425.c	-[SCABitmojiAvatarBuilder3DLaunch setTimeToSetupTouchEvents:]	
10bb2ec90	10bb2ece3	decompiled	chunks/006/functions-000425.c	-[SCABitmojiAvatarBuilder3DLaunch setTimeToWebviewLoad:]	
10bb2ece4	10bb2ed37	decompiled	chunks/006/functions-000425.c	-[SCABitmojiAvatarBuilder3DLaunch setTimeWaitingInQueue:]	
10bb2ed38	10bb2ed8b	decompiled	chunks/006/functions-000425.c	-[SCABitmojiAvatarBuilder3DLaunch setUsedPrecachedGlb:]	
10bb2ed8c	10bb2eddf	decompiled	chunks/006/functions-000425.c	-[SCABitmojiAvatarBuilder3DLaunch setTimeToDecodeGlb:]	
10bb2ede0	10bb2ee33	decompiled	chunks/006/functions-000425.c	-[SCABitmojiAvatarBuilder3DLaunch setTimeToPostRender:]	
10bb2ee34	10bb2ee87	decompiled	chunks/006/functions-000425.c	-[SCABitmojiAvatarBuilder3DLaunch setTimeToShowAvatar:]	
10bb2ee88	10bb2ef07	decompiled	chunks/006/functions-000425.c	-[SCABitmojiAvatarBuilder3DLaunch setAvatarType:]	
10bb2ef08	10bb2ef87	decompiled	chunks/006/functions-000425.c	-[SCABitmojiAvatarBuilder3DLaunch setTraitsType:]	
10bb2ef88	10bb2f007	decompiled	chunks/006/functions-000425.c	-[SCABitmojiAvatarBuilder3DLaunch setAvatarStyleType:]	
10bb2f008	10bb2f087	decompiled	chunks/006/functions-000425.c	-[SCABitmojiAvatarBuilder3DLaunch setBuilderType:]	
10bb2f088	10bb2f09f	decompiled	chunks/006/functions-000425.c	-[SCABitmojiAvatarBuilder3DLaunch setBitmojiProfileSessionId:]	
10bb2f0a0	10bb2f11f	decompiled	chunks/006/functions-000425.c	-[SCABitmojiAvatarBuilder3DLaunch setSessionType:]	
10bb2f120	10bb2f123	decompiled	chunks/006/functions-000425.c	-[SCABitmojiAvatarBuilder3DLaunch getFieldNumberToFieldDict]	
10bb2f124	10bb2f12f	decompiled	chunks/006/functions-000425.c	-[SCABitmojiAvatarBuilder3DLaunch toProtoWithAllowedFields:]	
10bb2f130	10bb2f137	decompiled	chunks/006/functions-000425.c	-[SCABitmojiAvatarBuilder3DLaunch getPayloadIdentifier]	
10bb2f138	10bb2f95f	decompiled	chunks/006/functions-000425.c	-[SCABitmojiAvatarBuilder3DPreviewLoad fromDictionary:]	
10bb2f960	10bb2f96b	decompiled	chunks/006/functions-000425.c	-[SCABitmojiAvatarBuilder3DPreviewLoad getEventName]	
10bb2f96c	10bb2f973	decompiled	chunks/006/functions-000425.c	-[SCABitmojiAvatarBuilder3DPreviewLoad getEventQoS]	
10bb2f974	10bb2f9f3	decompiled	chunks/006/functions-000425.c	-[SCABitmojiAvatarBuilder3DPreviewLoad setBitmojiAvatarBuilderFlowMode:]	
10bb2f9f4	10bb2fa0b	decompiled	chunks/006/functions-000425.c	-[SCABitmojiAvatarBuilder3DPreviewLoad setBitmojiAvatarBuilderSessionId:]	
10bb2fa0c	10bb2fa23	decompiled	chunks/006/functions-000425.c	-[SCABitmojiAvatarBuilder3DPreviewLoad setCategory:]	
10bb2fa24	10bb2fa3b	decompiled	chunks/006/functions-000425.c	-[SCABitmojiAvatarBuilder3DPreviewLoad setOperation:]	
10bb2fa3c	10bb2fa53	decompiled	chunks/006/functions-000425.c	-[SCABitmojiAvatarBuilder3DPreviewLoad setOptionId:]	
10bb2fa54	10bb2fad3	decompiled	chunks/006/functions-000425.c	-[SCABitmojiAvatarBuilder3DPreviewLoad setPreviewLoadStatus:]	
10bb2fad4	10bb2fb27	decompiled	chunks/006/functions-000425.c	-[SCABitmojiAvatarBuilder3DPreviewLoad setTimeToLoadCharData:]	
10bb2fb28	10bb2fb7b	decompiled	chunks/006/functions-000425.c	-[SCABitmojiAvatarBuilder3DPreviewLoad setTimeToLoadPreview:]	
10bb2fb7c	10bb2fbcf	decompiled	chunks/006/functions-000425.c	-[SCABitmojiAvatarBuilder3DPreviewLoad setTimeToRender:]	
10bb2fbd0	10bb2fc23	decompiled	chunks/006/functions-000425.c	-[SCABitmojiAvatarBuilder3DPreviewLoad setTimeWaitingInQueue:]	
10bb2fc24	10bb2fc77	decompiled	chunks/006/functions-000425.c	-[SCABitmojiAvatarBuilder3DPreviewLoad setTimeToFetchGlb:]	
10bb2fc78	10bb2fccb	decompiled	chunks/006/functions-000425.c	-[SCABitmojiAvatarBuilder3DPreviewLoad setTimeToProcessGlb:]	
10bb2fccc	10bb2fd1f	decompiled	chunks/006/functions-000425.c	-[SCABitmojiAvatarBuilder3DPreviewLoad setTimeToPostRender:]	
10bb2fd20	10bb2fd73	decompiled	chunks/006/functions-000425.c	-[SCABitmojiAvatarBuilder3DPreviewLoad setTimeToShowAvatar:]	
10bb2fd74	10bb2fdf3	decompiled	chunks/006/functions-000425.c	-[SCABitmojiAvatarBuilder3DPreviewLoad setAvatarType:]	
10bb2fdf4	10bb2fe73	decompiled	chunks/006/functions-000425.c	-[SCABitmojiAvatarBuilder3DPreviewLoad setTraitsType:]	
10bb2fe74	10bb2fef3	decompiled	chunks/006/functions-000425.c	-[SCABitmojiAvatarBuilder3DPreviewLoad setAvatarStyleType:]	
10bb2fef4	10bb2ff73	decompiled	chunks/006/functions-000425.c	-[SCABitmojiAvatarBuilder3DPreviewLoad setBuilderType:]	
10bb2ff74	10bb2ff77	decompiled	chunks/006/functions-000425.c	-[SCABitmojiAvatarBuilder3DPreviewLoad getFieldNumberToFieldDict]	
10bb2ff78	10bb2ff83	decompiled	chunks/006/functions-000425.c	-[SCABitmojiAvatarBuilder3DPreviewLoad toProtoWithAllowedFields:]	
10bb2ff84	10bb2ff8b	decompiled	chunks/006/functions-000425.c	-[SCABitmojiAvatarBuilder3DPreviewLoad getPayloadIdentifier]	
10bb2ff8c	10bb303db	decompiled	chunks/006/functions-000425.c	-[SCABitmojiAvatarBuilderCategoryExit fromDictionary:]	
10bb303dc	10bb303e7	decompiled	chunks/006/functions-000425.c	-[SCABitmojiAvatarBuilderCategoryExit getEventName]	
10bb303e8	10bb303ef	decompiled	chunks/006/functions-000425.c	-[SCABitmojiAvatarBuilderCategoryExit getEventQoS]	
10bb303f0	10bb3046f	decompiled	chunks/006/functions-000425.c	-[SCABitmojiAvatarBuilderCategoryExit setAvatarType:]	
10bb30470	10bb30487	decompiled	chunks/006/functions-000425.c	-[SCABitmojiAvatarBuilderCategoryExit setBitmojiAvatarBuilderCategorySessionId:]	
10bb30488	10bb304db	decompiled	chunks/006/functions-000425.c	-[SCABitmojiAvatarBuilderCategoryExit setBitmojiAvatarBuilderCategorySessionLength:]	
10bb304dc	10bb3055b	decompiled	chunks/006/functions-000425.c	-[SCABitmojiAvatarBuilderCategoryExit setBitmojiAvatarBuilderCategoryTabType:]	
10bb3055c	10bb305db	decompiled	chunks/006/functions-000425.c	-[SCABitmojiAvatarBuilderCategoryExit setBitmojiAvatarBuilderFlowMode:]	
10bb305dc	10bb305f3	decompiled	chunks/006/functions-000425.c	-[SCABitmojiAvatarBuilderCategoryExit setBitmojiAvatarBuilderSessionId:]	
10bb305f4	10bb30673	decompiled	chunks/006/functions-000425.c	-[SCABitmojiAvatarBuilderCategoryExit setSource:]	
10bb30674	10bb306f3	decompiled	chunks/006/functions-000425.c	-[SCABitmojiAvatarBuilderCategoryExit setBitmojiAvatarBuilderTabMode:]	
10bb306f4	10bb3070b	decompiled	chunks/006/functions-000425.c	-[SCABitmojiAvatarBuilderCategoryExit setBitmojiAvatarBuilderTabId:]	
10bb3070c	10bb3070f	decompiled	chunks/006/functions-000425.c	-[SCABitmojiAvatarBuilderCategoryExit getFieldNumberToFieldDict]	
10bb30710	10bb3071b	decompiled	chunks/006/functions-000425.c	-[SCABitmojiAvatarBuilderCategoryExit toProtoWithAllowedFields:]	
10bb3071c	10bb30723	decompiled	chunks/006/functions-000425.c	-[SCABitmojiAvatarBuilderCategoryExit getPayloadIdentifier]	
10bb30724	10bb30b73	decompiled	chunks/006/functions-000425.c	-[SCABitmojiAvatarBuilderCategoryLoad fromDictionary:]	
10bb30b74	10bb30b7f	decompiled	chunks/006/functions-000425.c	-[SCABitmojiAvatarBuilderCategoryLoad getEventName]	
10bb30b80	10bb30b87	decompiled	chunks/006/functions-000425.c	-[SCABitmojiAvatarBuilderCategoryLoad getEventQoS]	
10bb30b88	10bb30c07	decompiled	chunks/006/functions-000425.c	-[SCABitmojiAvatarBuilderCategoryLoad setAvatarType:]	
10bb30c08	10bb30c87	decompiled	chunks/006/functions-000425.c	-[SCABitmojiAvatarBuilderCategoryLoad setBitmojiAvatarBuilderCategoryTabType:]	
10bb30c88	10bb30d07	decompiled	chunks/006/functions-000425.c	-[SCABitmojiAvatarBuilderCategoryLoad setBitmojiAvatarBuilderFlowMode:]	
10bb30d08	10bb30d1f	decompiled	chunks/006/functions-000425.c	-[SCABitmojiAvatarBuilderCategoryLoad setBitmojiAvatarBuilderSessionId:]	
10bb30d20	10bb30d73	decompiled	chunks/006/functions-000425.c	-[SCABitmojiAvatarBuilderCategoryLoad setLatencyMs:]	
10bb30d74	10bb30df3	decompiled	chunks/006/functions-000425.c	-[SCABitmojiAvatarBuilderCategoryLoad setSource:]	
10bb30df4	10bb30e0b	decompiled	chunks/006/functions-000425.c	-[SCABitmojiAvatarBuilderCategoryLoad setBitmojiAvatarBuilderCategorySessionId:]	
10bb30e0c	10bb30e8b	decompiled	chunks/006/functions-000425.c	-[SCABitmojiAvatarBuilderCategoryLoad setBitmojiAvatarBuilderTabMode:]	
10bb30e8c	10bb30ea3	decompiled	chunks/006/functions-000425.c	-[SCABitmojiAvatarBuilderCategoryLoad setBitmojiAvatarBuilderTabId:]	
10bb30ea4	10bb30ea7	decompiled	chunks/006/functions-000425.c	-[SCABitmojiAvatarBuilderCategoryLoad getFieldNumberToFieldDict]	
10bb30ea8	10bb30eb3	decompiled	chunks/006/functions-000425.c	-[SCABitmojiAvatarBuilderCategoryLoad toProtoWithAllowedFields:]	
10bb30eb4	10bb30ebb	decompiled	chunks/006/functions-000426.c	-[SCABitmojiAvatarBuilderCategoryLoad getPayloadIdentifier]	
10bb30ebc	10bb3129f	decompiled	chunks/006/functions-000426.c	-[SCABitmojiAvatarBuilderCategoryStart fromDictionary:]	
10bb312a0	10bb312ab	decompiled	chunks/006/functions-000426.c	-[SCABitmojiAvatarBuilderCategoryStart getEventName]	
10bb312ac	10bb312b3	decompiled	chunks/006/functions-000426.c	-[SCABitmojiAvatarBuilderCategoryStart getEventQoS]	
10bb312b4	10bb31333	decompiled	chunks/006/functions-000426.c	-[SCABitmojiAvatarBuilderCategoryStart setAvatarType:]	
10bb31334	10bb3134b	decompiled	chunks/006/functions-000426.c	-[SCABitmojiAvatarBuilderCategoryStart setBitmojiAvatarBuilderCategorySessionId:]	
10bb3134c	10bb313cb	decompiled	chunks/006/functions-000426.c	-[SCABitmojiAvatarBuilderCategoryStart setBitmojiAvatarBuilderCategoryTabType:]	
10bb313cc	10bb3144b	decompiled	chunks/006/functions-000426.c	-[SCABitmojiAvatarBuilderCategoryStart setBitmojiAvatarBuilderFlowMode:]	
10bb3144c	10bb31463	decompiled	chunks/006/functions-000426.c	-[SCABitmojiAvatarBuilderCategoryStart setBitmojiAvatarBuilderSessionId:]	
10bb31464	10bb314e3	decompiled	chunks/006/functions-000426.c	-[SCABitmojiAvatarBuilderCategoryStart setSource:]	
10bb314e4	10bb31563	decompiled	chunks/006/functions-000426.c	-[SCABitmojiAvatarBuilderCategoryStart setBitmojiAvatarBuilderTabMode:]	
10bb31564	10bb3157b	decompiled	chunks/006/functions-000426.c	-[SCABitmojiAvatarBuilderCategoryStart setBitmojiAvatarBuilderTabId:]	
10bb3157c	10bb3157f	decompiled	chunks/006/functions-000426.c	-[SCABitmojiAvatarBuilderCategoryStart getFieldNumberToFieldDict]	
10bb31580	10bb3158b	decompiled	chunks/006/functions-000426.c	-[SCABitmojiAvatarBuilderCategoryStart toProtoWithAllowedFields:]	
10bb3158c	10bb31593	decompiled	chunks/006/functions-000426.c	-[SCABitmojiAvatarBuilderCategoryStart getPayloadIdentifier]	
10bb31594	10bb31d8b	decompiled	chunks/006/functions-000426.c	-[SCABitmojiAvatarBuilderLaunch fromDictionary:]	
10bb31d8c	10bb31d97	decompiled	chunks/006/functions-000426.c	-[SCABitmojiAvatarBuilderLaunch getEventName]	
10bb31d98	10bb31d9f	decompiled	chunks/006/functions-000426.c	-[SCABitmojiAvatarBuilderLaunch getEventQoS]	
10bb31da0	10bb31e1f	decompiled	chunks/006/functions-000426.c	-[SCABitmojiAvatarBuilderLaunch setBitmojiAvatarBuilderFlowMode:]	
10bb31e20	10bb31e37	decompiled	chunks/006/functions-000426.c	-[SCABitmojiAvatarBuilderLaunch setBitmojiAvatarBuilderSessionId:]	
10bb31e38	10bb31e4f	decompiled	chunks/006/functions-000426.c	-[SCABitmojiAvatarBuilderLaunch setBitmojiAvatarBuilderVersion:]	
10bb31e50	10bb31e67	decompiled	chunks/006/functions-000426.c	-[SCABitmojiAvatarBuilderLaunch setWebviewVersion:]	
10bb31e68	10bb31ee7	decompiled	chunks/006/functions-000426.c	-[SCABitmojiAvatarBuilderLaunch setAvatarType:]	
10bb31ee8	10bb31f67	decompiled	chunks/006/functions-000426.c	-[SCABitmojiAvatarBuilderLaunch setSource:]	
10bb31f68	10bb31f7f	decompiled	chunks/006/functions-000426.c	-[SCABitmojiAvatarBuilderLaunch setTrackingId:]	
10bb31f80	10bb31f97	decompiled	chunks/006/functions-000426.c	-[SCABitmojiAvatarBuilderLaunch setBitmojiAvatarBuilderReferrer:]	
10bb31f98	10bb31feb	decompiled	chunks/006/functions-000426.c	-[SCABitmojiAvatarBuilderLaunch setHasSubscribedBefore:]	
10bb31fec	10bb3203f	decompiled	chunks/006/functions-000426.c	-[SCABitmojiAvatarBuilderLaunch setIsSubscribed:]	
10bb32040	10bb32057	decompiled	chunks/006/functions-000426.c	-[SCABitmojiAvatarBuilderLaunch setEntrypointSectionId:]	
10bb32058	10bb3206f	decompiled	chunks/006/functions-000426.c	-[SCABitmojiAvatarBuilderLaunch setGranularSource:]	
10bb32070	10bb320ef	decompiled	chunks/006/functions-000426.c	-[SCABitmojiAvatarBuilderLaunch setBitmojiAvatarBuilderCategoryTabType:]	
10bb320f0	10bb3216f	decompiled	chunks/006/functions-000426.c	-[SCABitmojiAvatarBuilderLaunch setBitmojiAvatarBuilderTabMode:]	
10bb32170	10bb32187	decompiled	chunks/006/functions-000426.c	-[SCABitmojiAvatarBuilderLaunch setSourceSessionId:]	
10bb32188	10bb32207	decompiled	chunks/006/functions-000426.c	-[SCABitmojiAvatarBuilderLaunch setBitmojiStyle:]	
10bb32208	10bb3221f	decompiled	chunks/006/functions-000426.c	-[SCABitmojiAvatarBuilderLaunch setBitmojiAvatarBuilderTabId:]	
10bb32220	10bb32223	decompiled	chunks/006/functions-000426.c	-[SCABitmojiAvatarBuilderLaunch getFieldNumberToFieldDict]	
10bb32224	10bb3222f	decompiled	chunks/006/functions-000426.c	-[SCABitmojiAvatarBuilderLaunch toProtoWithAllowedFields:]	
10bb32230	10bb32237	decompiled	chunks/006/functions-000426.c	-[SCABitmojiAvatarBuilderLaunch getPayloadIdentifier]	
10bb32238	10bb325a3	decompiled	chunks/006/functions-000426.c	-[SCABitmojiAvatarBuilderLaunchToCategoryLoad fromDictionary:]	
10bb325a4	10bb325af	decompiled	chunks/006/functions-000426.c	-[SCABitmojiAvatarBuilderLaunchToCategoryLoad getEventName]	
10bb325b0	10bb325b7	decompiled	chunks/006/functions-000426.c	-[SCABitmojiAvatarBuilderLaunchToCategoryLoad getEventQoS]	
10bb325b8	10bb32637	decompiled	chunks/006/functions-000426.c	-[SCABitmojiAvatarBuilderLaunchToCategoryLoad setAvatarType:]	
10bb32638	10bb326b7	decompiled	chunks/006/functions-000426.c	-[SCABitmojiAvatarBuilderLaunchToCategoryLoad setBitmojiAvatarBuilderCategoryTabType:]	
10bb326b8	10bb32737	decompiled	chunks/006/functions-000426.c	-[SCABitmojiAvatarBuilderLaunchToCategoryLoad setBitmojiAvatarBuilderFlowMode:]	
10bb32738	10bb3274f	decompiled	chunks/006/functions-000426.c	-[SCABitmojiAvatarBuilderLaunchToCategoryLoad setBitmojiAvatarBuilderSessionId:]	
10bb32750	10bb327a3	decompiled	chunks/006/functions-000426.c	-[SCABitmojiAvatarBuilderLaunchToCategoryLoad setLatencyMs:]	
10bb327a4	10bb32823	decompiled	chunks/006/functions-000426.c	-[SCABitmojiAvatarBuilderLaunchToCategoryLoad setSource:]	
10bb32824	10bb3283b	decompiled	chunks/006/functions-000426.c	-[SCABitmojiAvatarBuilderLaunchToCategoryLoad setBitmojiAvatarBuilderTabId:]	
10bb3283c	10bb3283f	decompiled	chunks/006/functions-000426.c	-[SCABitmojiAvatarBuilderLaunchToCategoryLoad getFieldNumberToFieldDict]	
10bb32840	10bb3284b	decompiled	chunks/006/functions-000426.c	-[SCABitmojiAvatarBuilderLaunchToCategoryLoad toProtoWithAllowedFields:]	
10bb3284c	10bb32853	decompiled	chunks/006/functions-000426.c	-[SCABitmojiAvatarBuilderLaunchToCategoryLoad getPayloadIdentifier]	
10bb32854	10bb32c8b	decompiled	chunks/006/functions-000426.c	-[SCABitmojiAvatarBuilderLaunchToLoadPreview fromDictionary:]	
10bb32c8c	10bb32c97	decompiled	chunks/006/functions-000426.c	-[SCABitmojiAvatarBuilderLaunchToLoadPreview getEventName]	
10bb32c98	10bb32c9f	decompiled	chunks/006/functions-000426.c	-[SCABitmojiAvatarBuilderLaunchToLoadPreview getEventQoS]	
10bb32ca0	10bb32cb7	decompiled	chunks/006/functions-000426.c	-[SCABitmojiAvatarBuilderLaunchToLoadPreview setBitmojiAvatarBuilderSessionId:]	
10bb32cb8	10bb32d37	decompiled	chunks/006/functions-000426.c	-[SCABitmojiAvatarBuilderLaunchToLoadPreview setPreviewLoadStatus:]	
10bb32d38	10bb32d8b	decompiled	chunks/006/functions-000426.c	-[SCABitmojiAvatarBuilderLaunchToLoadPreview setTimeToLoadPreview:]	
10bb32d8c	10bb32e0b	decompiled	chunks/006/functions-000426.c	-[SCABitmojiAvatarBuilderLaunchToLoadPreview setBitmojiAvatarBuilderFlowMode:]	
10bb32e0c	10bb32e8b	decompiled	chunks/006/functions-000426.c	-[SCABitmojiAvatarBuilderLaunchToLoadPreview setBuilderType:]	
10bb32e8c	10bb32edf	decompiled	chunks/006/functions-000426.c	-[SCABitmojiAvatarBuilderLaunchToLoadPreview setWithPrefetch:]	
10bb32ee0	10bb32f5f	decompiled	chunks/006/functions-000426.c	-[SCABitmojiAvatarBuilderLaunchToLoadPreview setAvatarType:]	
10bb32f60	10bb32fdf	decompiled	chunks/006/functions-000426.c	-[SCABitmojiAvatarBuilderLaunchToLoadPreview setTraitsType:]	
10bb32fe0	10bb3305f	decompiled	chunks/006/functions-000426.c	-[SCABitmojiAvatarBuilderLaunchToLoadPreview setSource:]	
10bb33060	10bb33063	decompiled	chunks/006/functions-000426.c	-[SCABitmojiAvatarBuilderLaunchToLoadPreview getFieldNumberToFieldDict]	
10bb33064	10bb3306f	decompiled	chunks/006/functions-000426.c	-[SCABitmojiAvatarBuilderLaunchToLoadPreview toProtoWithAllowedFields:]	
10bb33070	10bb33077	decompiled	chunks/006/functions-000426.c	-[SCABitmojiAvatarBuilderLaunchToLoadPreview getPayloadIdentifier]	
10bb33078	10bb3344f	decompiled	chunks/006/functions-000426.c	-[SCABitmojiAvatarBuilderLaunchToUsable fromDictionary:]	
10bb33450	10bb3345b	decompiled	chunks/006/functions-000426.c	-[SCABitmojiAvatarBuilderLaunchToUsable getEventName]	
10bb3345c	10bb33463	decompiled	chunks/006/functions-000426.c	-[SCABitmojiAvatarBuilderLaunchToUsable getEventQoS]	
10bb33464	10bb334e3	decompiled	chunks/006/functions-000426.c	-[SCABitmojiAvatarBuilderLaunchToUsable setAvatarType:]	
10bb334e4	10bb33563	decompiled	chunks/006/functions-000426.c	-[SCABitmojiAvatarBuilderLaunchToUsable setBitmojiAvatarBuilderCategoryTabType:]	
10bb33564	10bb335e3	decompiled	chunks/006/functions-000426.c	-[SCABitmojiAvatarBuilderLaunchToUsable setBitmojiAvatarBuilderFlowMode:]	
10bb335e4	10bb335fb	decompiled	chunks/006/functions-000426.c	-[SCABitmojiAvatarBuilderLaunchToUsable setBitmojiAvatarBuilderSessionId:]	
10bb335fc	10bb3364f	decompiled	chunks/006/functions-000426.c	-[SCABitmojiAvatarBuilderLaunchToUsable setLatencyMs:]	
10bb33650	10bb336cf	decompiled	chunks/006/functions-000426.c	-[SCABitmojiAvatarBuilderLaunchToUsable setSource:]	
10bb336d0	10bb33723	decompiled	chunks/006/functions-000426.c	-[SCABitmojiAvatarBuilderLaunchToUsable setThumbnailsLoadedCount:]	
10bb33724	10bb3373b	decompiled	chunks/006/functions-000426.c	-[SCABitmojiAvatarBuilderLaunchToUsable setBitmojiAvatarBuilderTabId:]	
10bb3373c	10bb3373f	decompiled	chunks/006/functions-000426.c	-[SCABitmojiAvatarBuilderLaunchToUsable getFieldNumberToFieldDict]	
10bb33740	10bb3374b	decompiled	chunks/006/functions-000426.c	-[SCABitmojiAvatarBuilderLaunchToUsable toProtoWithAllowedFields:]	
10bb3374c	10bb33753	decompiled	chunks/006/functions-000426.c	-[SCABitmojiAvatarBuilderLaunchToUsable getPayloadIdentifier]	
10bb33754	10bb33f87	decompiled	chunks/006/functions-000426.c	-[SCABitmojiAvatarBuilderPageView fromDictionary:]	
10bb33f88	10bb33f93	decompiled	chunks/006/functions-000426.c	-[SCABitmojiAvatarBuilderPageView getEventName]	
10bb33f94	10bb33f9b	decompiled	chunks/006/functions-000426.c	-[SCABitmojiAvatarBuilderPageView getEventQoS]	
10bb33f9c	10bb3401b	decompiled	chunks/006/functions-000426.c	-[SCABitmojiAvatarBuilderPageView setBitmojiAvatarBuilderFlowMode:]	
10bb3401c	10bb3409b	decompiled	chunks/006/functions-000426.c	-[SCABitmojiAvatarBuilderPageView setBitmojiAvatarBuilderTraitCategory:]	
10bb3409c	10bb3411b	decompiled	chunks/006/functions-000426.c	-[SCABitmojiAvatarBuilderPageView setBitmojiAvatarBuilderType:]	
10bb3411c	10bb3416f	decompiled	chunks/006/functions-000426.c	-[SCABitmojiAvatarBuilderPageView setBitmojiAvatarGender:]	
10bb34170	10bb341ef	decompiled	chunks/006/functions-000426.c	-[SCABitmojiAvatarBuilderPageView setSource:]	
10bb341f0	10bb34243	decompiled	chunks/006/functions-000426.c	-[SCABitmojiAvatarBuilderPageView setViewedByReceiver:]	
10bb34244	10bb3425b	decompiled	chunks/006/functions-000426.c	-[SCABitmojiAvatarBuilderPageView setBitmojiAvatarBuilderSessionId:]	
10bb3425c	10bb342db	decompiled	chunks/006/functions-000426.c	-[SCABitmojiAvatarBuilderPageView setBitmojiAvatarBuilderTabMode:]	
10bb342dc	10bb3435b	decompiled	chunks/006/functions-000426.c	-[SCABitmojiAvatarBuilderPageView setAvatarType:]	
10bb3435c	10bb343db	decompiled	chunks/006/functions-000426.c	-[SCABitmojiAvatarBuilderPageView setBitmojiAvatarBuilderCategoryTabType:]	
10bb343dc	10bb343f3	decompiled	chunks/006/functions-000426.c	-[SCABitmojiAvatarBuilderPageView setSearchSessionId:]	
10bb343f4	10bb34447	decompiled	chunks/006/functions-000426.c	-[SCABitmojiAvatarBuilderPageView setSearchSessionQueryId:]	
10bb34448	10bb344c7	decompiled	chunks/006/functions-000426.c	-[SCABitmojiAvatarBuilderPageView setOrderState:]	
10bb344c8	10bb344df	decompiled	chunks/006/functions-000426.c	-[SCABitmojiAvatarBuilderPageView setBitmojiAvatarBuilderReferrer:]	
10bb344e0	10bb34533	decompiled	chunks/006/functions-000426.c	-[SCABitmojiAvatarBuilderPageView setHasSubscribedBefore:]	
10bb34534	10bb34587	decompiled	chunks/006/functions-000426.c	-[SCABitmojiAvatarBuilderPageView setIsSubscribed:]	
10bb34588	10bb3459f	decompiled	chunks/006/functions-000426.c	-[SCABitmojiAvatarBuilderPageView setBitmojiAvatarBuilderTabId:]	
10bb345a0	10bb345b7	decompiled	chunks/006/functions-000427.c	-[SCABitmojiAvatarBuilderPageView setBitmojiOptionCategory:]	
10bb345b8	10bb345bb	decompiled	chunks/006/functions-000427.c	-[SCABitmojiAvatarBuilderPageView getFieldNumberToFieldDict]	
10bb345bc	10bb345c7	decompiled	chunks/006/functions-000427.c	-[SCABitmojiAvatarBuilderPageView toProtoWithAllowedFields:]	
10bb345c8	10bb345cf	decompiled	chunks/006/functions-000427.c	-[SCABitmojiAvatarBuilderPageView getPayloadIdentifier]	
10bb345d0	10bb34cbf	decompiled	chunks/006/functions-000427.c	-[SCABitmojiAvatarBuilderTapToPreview fromDictionary:]	
10bb34cc0	10bb34ccb	decompiled	chunks/006/functions-000427.c	-[SCABitmojiAvatarBuilderTapToPreview getEventName]	
10bb34ccc	10bb34cd3	decompiled	chunks/006/functions-000427.c	-[SCABitmojiAvatarBuilderTapToPreview getEventQoS]	
10bb34cd4	10bb34d53	decompiled	chunks/006/functions-000427.c	-[SCABitmojiAvatarBuilderTapToPreview setBitmojiAvatarBuilderFlowMode:]	
10bb34d54	10bb34d6b	decompiled	chunks/006/functions-000427.c	-[SCABitmojiAvatarBuilderTapToPreview setBitmojiAvatarBuilderSessionId:]	
10bb34d6c	10bb34deb	decompiled	chunks/006/functions-000427.c	-[SCABitmojiAvatarBuilderTapToPreview setBuilderType:]	
10bb34dec	10bb34e03	decompiled	chunks/006/functions-000427.c	-[SCABitmojiAvatarBuilderTapToPreview setCategory:]	
10bb34e04	10bb34e1b	decompiled	chunks/006/functions-000427.c	-[SCABitmojiAvatarBuilderTapToPreview setOptionId:]	
10bb34e1c	10bb34e9b	decompiled	chunks/006/functions-000427.c	-[SCABitmojiAvatarBuilderTapToPreview setPreviewLoadStatus:]	
10bb34e9c	10bb34eef	decompiled	chunks/006/functions-000427.c	-[SCABitmojiAvatarBuilderTapToPreview setTimeToLoadPreview:]	
10bb34ef0	10bb34f6f	decompiled	chunks/006/functions-000427.c	-[SCABitmojiAvatarBuilderTapToPreview setAvatarType:]	
10bb34f70	10bb34fef	decompiled	chunks/006/functions-000427.c	-[SCABitmojiAvatarBuilderTapToPreview setTraitsType:]	
10bb34ff0	10bb3506f	decompiled	chunks/006/functions-000427.c	-[SCABitmojiAvatarBuilderTapToPreview setSource:]	
10bb35070	10bb35087	decompiled	chunks/006/functions-000427.c	-[SCABitmojiAvatarBuilderTapToPreview setBitmojiAvatarBuilderBrandName:]	
10bb35088	10bb35107	decompiled	chunks/006/functions-000427.c	-[SCABitmojiAvatarBuilderTapToPreview setBitmojiAvatarBuilderCategoryTabType:]	
10bb35108	10bb35187	decompiled	chunks/006/functions-000427.c	-[SCABitmojiAvatarBuilderTapToPreview setBitmojiAvatarBuilderTabMode:]	
10bb35188	10bb35207	decompiled	chunks/006/functions-000427.c	-[SCABitmojiAvatarBuilderTapToPreview setOrderState:]	
10bb35208	10bb3521f	decompiled	chunks/006/functions-000427.c	-[SCABitmojiAvatarBuilderTapToPreview setBitmojiAvatarBuilderTabId:]	
10bb35220	10bb35223	decompiled	chunks/006/functions-000427.c	-[SCABitmojiAvatarBuilderTapToPreview getFieldNumberToFieldDict]	
10bb35224	10bb3522f	decompiled	chunks/006/functions-000427.c	-[SCABitmojiAvatarBuilderTapToPreview toProtoWithAllowedFields:]	
10bb35230	10bb35237	decompiled	chunks/006/functions-000427.c	-[SCABitmojiAvatarBuilderTapToPreview getPayloadIdentifier]	
10bb35238	10bb35b7f	decompiled	chunks/006/functions-000427.c	-[SCABitmojiAvatarChange fromDictionary:]	
10bb35b80	10bb35b8b	decompiled	chunks/006/functions-000427.c	-[SCABitmojiAvatarChange getEventName]	
10bb35b8c	10bb35b93	decompiled	chunks/006/functions-000427.c	-[SCABitmojiAvatarChange getEventQoS]	
10bb35b94	10bb35bab	decompiled	chunks/006/functions-000427.c	-[SCABitmojiAvatarChange setAvatarOptionIds:]	
10bb35bac	10bb35c2b	decompiled	chunks/006/functions-000427.c	-[SCABitmojiAvatarChange setBitmojiAvatarBuilderFlowMode:]	
10bb35c2c	10bb35cab	decompiled	chunks/006/functions-000427.c	-[SCABitmojiAvatarChange setBitmojiAvatarBuilderType:]	
10bb35cac	10bb35cc3	decompiled	chunks/006/functions-000427.c	-[SCABitmojiAvatarChange setOldAvatarOptionIds:]	
10bb35cc4	10bb35d43	decompiled	chunks/006/functions-000427.c	-[SCABitmojiAvatarChange setSource:]	
10bb35d44	10bb35d5b	decompiled	chunks/006/functions-000427.c	-[SCABitmojiAvatarChange setBitmojiAvatarBuilderSessionId:]	
10bb35d5c	10bb35ddb	decompiled	chunks/006/functions-000427.c	-[SCABitmojiAvatarChange setAvatarType:]	
10bb35ddc	10bb35df3	decompiled	chunks/006/functions-000427.c	-[SCABitmojiAvatarChange setSearchSessionId:]	
10bb35df4	10bb35e47	decompiled	chunks/006/functions-000427.c	-[SCABitmojiAvatarChange setSearchSessionQueryId:]	
10bb35e48	10bb35e5f	decompiled	chunks/006/functions-000427.c	-[SCABitmojiAvatarChange setBitmojiTraitsChanged:]	
10bb35e60	10bb35eb3	decompiled	chunks/006/functions-000427.c	-[SCABitmojiAvatarChange setWithLiveMirror:]	
10bb35eb4	10bb35f07	decompiled	chunks/006/functions-000427.c	-[SCABitmojiAvatarChange setWithUgcFashionInSession:]	
10bb35f08	10bb35f1f	decompiled	chunks/006/functions-000427.c	-[SCABitmojiAvatarChange setBitmojiAvatarBuilderReferrer:]	
10bb35f20	10bb35f73	decompiled	chunks/006/functions-000427.c	-[SCABitmojiAvatarChange setHasSubscribedBefore:]	
10bb35f74	10bb35fc7	decompiled	chunks/006/functions-000427.c	-[SCABitmojiAvatarChange setIsSubscribed:]	
10bb35fc8	10bb35fdf	decompiled	chunks/006/functions-000427.c	-[SCABitmojiAvatarChange setEditAvatarSessionId:]	
10bb35fe0	10bb3605f	decompiled	chunks/006/functions-000427.c	-[SCABitmojiAvatarChange setEditAvatarSurfaceType:]	
10bb36060	10bb36077	decompiled	chunks/006/functions-000427.c	-[SCABitmojiAvatarChange setParentSessionId:]	
10bb36078	10bb3608f	decompiled	chunks/006/functions-000427.c	-[SCABitmojiAvatarChange setIdentityViewSessionId:]	
10bb36090	10bb360a7	decompiled	chunks/006/functions-000427.c	-[SCABitmojiAvatarChange setGranularSource:]	
10bb360a8	10bb360ab	decompiled	chunks/006/functions-000427.c	-[SCABitmojiAvatarChange getFieldNumberToFieldDict]	
10bb360ac	10bb360b7	decompiled	chunks/006/functions-000427.c	-[SCABitmojiAvatarChange toProtoWithAllowedFields:]	
10bb360b8	10bb360bf	decompiled	chunks/006/functions-000427.c	-[SCABitmojiAvatarChange getPayloadIdentifier]	
10bb360c0	10bb3635f	decompiled	chunks/006/functions-000427.c	-[SCABitmojiAvatarShareOutfitTap fromDictionary:]	
10bb36360	10bb3636b	decompiled	chunks/006/functions-000427.c	-[SCABitmojiAvatarShareOutfitTap getEventName]	
10bb3636c	10bb36373	decompiled	chunks/006/functions-000427.c	-[SCABitmojiAvatarShareOutfitTap getEventQoS]	
10bb36374	10bb3638b	decompiled	chunks/006/functions-000427.c	-[SCABitmojiAvatarShareOutfitTap setAvatarOptionIds:]	
10bb3638c	10bb3640b	decompiled	chunks/006/functions-000427.c	-[SCABitmojiAvatarShareOutfitTap setSource:]	
10bb3640c	10bb36423	decompiled	chunks/006/functions-000427.c	-[SCABitmojiAvatarShareOutfitTap setBitmojiAvatarBuilderSessionId:]	
10bb36424	10bb3643b	decompiled	chunks/006/functions-000427.c	-[SCABitmojiAvatarShareOutfitTap setProfileSessionId:]	
10bb3643c	10bb364bb	decompiled	chunks/006/functions-000427.c	-[SCABitmojiAvatarShareOutfitTap setBitmojiStyle:]	
10bb364bc	10bb364bf	decompiled	chunks/006/functions-000427.c	-[SCABitmojiAvatarShareOutfitTap getFieldNumberToFieldDict]	
10bb364c0	10bb364cb	decompiled	chunks/006/functions-000427.c	-[SCABitmojiAvatarShareOutfitTap toProtoWithAllowedFields:]	
10bb364cc	10bb364d3	decompiled	chunks/006/functions-000427.c	-[SCABitmojiAvatarShareOutfitTap getPayloadIdentifier]	
10bb364d4	10bb3660b	decompiled	chunks/006/functions-000427.c	-[SCABitmojiAvatarStyleChange fromDictionary:]	
10bb3660c	10bb36617	decompiled	chunks/006/functions-000427.c	-[SCABitmojiAvatarStyleChange getEventName]	
10bb36618	10bb3661f	decompiled	chunks/006/functions-000427.c	-[SCABitmojiAvatarStyleChange getEventQoS]	
10bb36620	10bb3669f	decompiled	chunks/006/functions-000427.c	-[SCABitmojiAvatarStyleChange setStyle:]	
10bb366a0	10bb3671f	decompiled	chunks/006/functions-000427.c	-[SCABitmojiAvatarStyleChange setSource:]	
10bb36720	10bb36723	decompiled	chunks/006/functions-000427.c	-[SCABitmojiAvatarStyleChange getFieldNumberToFieldDict]	
10bb36724	10bb3672f	decompiled	chunks/006/functions-000427.c	-[SCABitmojiAvatarStyleChange toProtoWithAllowedFields:]	
10bb36730	10bb36737	decompiled	chunks/006/functions-000427.c	-[SCABitmojiAvatarStyleChange getPayloadIdentifier]	
10bb36738	10bb371c3	decompiled	chunks/006/functions-000427.c	-[SCABitmojiAvatarTraitAction fromDictionary:]	
10bb371c4	10bb371cf	decompiled	chunks/006/functions-000427.c	-[SCABitmojiAvatarTraitAction getEventName]	
10bb371d0	10bb371d7	decompiled	chunks/006/functions-000427.c	-[SCABitmojiAvatarTraitAction getEventQoS]	
10bb371d8	10bb37257	decompiled	chunks/006/functions-000427.c	-[SCABitmojiAvatarTraitAction setBitmojiAvatarBuilderFlowMode:]	
10bb37258	10bb372d7	decompiled	chunks/006/functions-000427.c	-[SCABitmojiAvatarTraitAction setBitmojiAvatarBuilderType:]	
10bb372d8	10bb372ef	decompiled	chunks/006/functions-000427.c	-[SCABitmojiAvatarTraitAction setOldAvatarOptionIds:]	
10bb372f0	10bb3736f	decompiled	chunks/006/functions-000427.c	-[SCABitmojiAvatarTraitAction setSource:]	
10bb37370	10bb37387	decompiled	chunks/006/functions-000427.c	-[SCABitmojiAvatarTraitAction setAvatarOptionId:]	
10bb37388	10bb37407	decompiled	chunks/006/functions-000427.c	-[SCABitmojiAvatarTraitAction setBitmojiAvatarBuilderTraitCategory:]	
10bb37408	10bb37487	decompiled	chunks/006/functions-000427.c	-[SCABitmojiAvatarTraitAction setBitmojiAvatarTraitActionType:]	
10bb37488	10bb3749f	decompiled	chunks/006/functions-000427.c	-[SCABitmojiAvatarTraitAction setBitmojiAvatarBuilderSessionId:]	
10bb374a0	10bb3751f	decompiled	chunks/006/functions-000427.c	-[SCABitmojiAvatarTraitAction setAvatarType:]	
10bb37520	10bb37537	decompiled	chunks/006/functions-000427.c	-[SCABitmojiAvatarTraitAction setBitmojiAvatarBuilderBrandName:]	
10bb37538	10bb375b7	decompiled	chunks/006/functions-000427.c	-[SCABitmojiAvatarTraitAction setBitmojiAvatarBuilderCategoryTabType:]	
10bb375b8	10bb3760b	decompiled	chunks/006/functions-000427.c	-[SCABitmojiAvatarTraitAction setBitmojiAvatarBuilderOptionPosition:]	
10bb3760c	10bb3768b	decompiled	chunks/006/functions-000427.c	-[SCABitmojiAvatarTraitAction setBitmojiAvatarBuilderOptionsViewType:]	
10bb3768c	10bb376a3	decompiled	chunks/006/functions-000427.c	-[SCABitmojiAvatarTraitAction setBitmojiAvatarBuilderSectionID:]	
10bb376a4	10bb376f7	decompiled	chunks/006/functions-000427.c	-[SCABitmojiAvatarTraitAction setBitmojiAvatarBuilderSectionPosition:]	
10bb376f8	10bb37777	decompiled	chunks/006/functions-000427.c	-[SCABitmojiAvatarTraitAction setBitmojiAvatarBuilderSectionType:]	
10bb37778	10bb3778f	decompiled	chunks/006/functions-000427.c	-[SCABitmojiAvatarTraitAction setAvatarOptionIds:]	
10bb37790	10bb377a7	decompiled	chunks/006/functions-000427.c	-[SCABitmojiAvatarTraitAction setBitmojiTraitsTriedOn:]	
10bb377a8	10bb377bf	decompiled	chunks/006/functions-000427.c	-[SCABitmojiAvatarTraitAction setBitmojiAvatarBuilderReferrer:]	
10bb377c0	10bb37813	decompiled	chunks/006/functions-000427.c	-[SCABitmojiAvatarTraitAction setHasSubscribedBefore:]	
10bb37814	10bb37867	decompiled	chunks/006/functions-000427.c	-[SCABitmojiAvatarTraitAction setIsSubscribed:]	
10bb37868	10bb3787f	decompiled	chunks/006/functions-000427.c	-[SCABitmojiAvatarTraitAction setBitmojiAvatarBuilderTabId:]	
10bb37880	10bb37897	decompiled	chunks/006/functions-000427.c	-[SCABitmojiAvatarTraitAction setBitmojiOptionCategory:]	
10bb37898	10bb3789b	decompiled	chunks/006/functions-000427.c	-[SCABitmojiAvatarTraitAction getFieldNumberToFieldDict]	
10bb3789c	10bb378a7	decompiled	chunks/006/functions-000427.c	-[SCABitmojiAvatarTraitAction toProtoWithAllowedFields:]	
10bb378a8	10bb378af	decompiled	chunks/006/functions-000427.c	-[SCABitmojiAvatarTraitAction getPayloadIdentifier]	
10bb378b0	10bb37e73	decompiled	chunks/006/functions-000427.c	-[SCABitmojiAvatarTrayAction fromDictionary:]	
10bb37e74	10bb37e7f	decompiled	chunks/006/functions-000428.c	-[SCABitmojiAvatarTrayAction getEventName]	
10bb37e80	10bb37e87	decompiled	chunks/006/functions-000428.c	-[SCABitmojiAvatarTrayAction getEventQoS]	
10bb37e88	10bb37f07	decompiled	chunks/006/functions-000428.c	-[SCABitmojiAvatarTrayAction setAction:]	
10bb37f08	10bb37f5b	decompiled	chunks/006/functions-000428.c	-[SCABitmojiAvatarTrayAction setBitmojiAvatarGender:]	
10bb37f5c	10bb37fdb	decompiled	chunks/006/functions-000428.c	-[SCABitmojiAvatarTrayAction setBitmojiFashionExclusiveItemType:]	
10bb37fdc	10bb37ff3	decompiled	chunks/006/functions-000428.c	-[SCABitmojiAvatarTrayAction setBitmojiItems:]	
10bb37ff4	10bb3800b	decompiled	chunks/006/functions-000428.c	-[SCABitmojiAvatarTrayAction setBitmojiOptionCategory:]	
10bb3800c	10bb3805f	decompiled	chunks/006/functions-000428.c	-[SCABitmojiAvatarTrayAction setBitmojiOptionPosition:]	
10bb38060	10bb38077	decompiled	chunks/006/functions-000428.c	-[SCABitmojiAvatarTrayAction setBitmojiOutfit:]	
10bb38078	10bb3808f	decompiled	chunks/006/functions-000428.c	-[SCABitmojiAvatarTrayAction setBitmojiShoppingCartSessionId:]	
10bb38090	10bb380a7	decompiled	chunks/006/functions-000428.c	-[SCABitmojiAvatarTrayAction setEditAvatarSessionId:]	
10bb380a8	10bb38127	decompiled	chunks/006/functions-000428.c	-[SCABitmojiAvatarTrayAction setEditAvatarSurfaceType:]	
10bb38128	10bb3813f	decompiled	chunks/006/functions-000428.c	-[SCABitmojiAvatarTrayAction setParentSessionId:]	
10bb38140	10bb38157	decompiled	chunks/006/functions-000428.c	-[SCABitmojiAvatarTrayAction setGranularSource:]	
10bb38158	10bb3815b	decompiled	chunks/006/functions-000428.c	-[SCABitmojiAvatarTrayAction getFieldNumberToFieldDict]	
10bb3815c	10bb38167	decompiled	chunks/006/functions-000428.c	-[SCABitmojiAvatarTrayAction toProtoWithAllowedFields:]	
10bb38168	10bb3816f	decompiled	chunks/006/functions-000428.c	-[SCABitmojiAvatarTrayAction getPayloadIdentifier]	
10bb38170	10bb385d7	decompiled	chunks/006/functions-000428.c	-[SCABitmojiAvatarTrayClose fromDictionary:]	
10bb385d8	10bb385e3	decompiled	chunks/006/functions-000428.c	-[SCABitmojiAvatarTrayClose getEventName]	
10bb385e4	10bb385eb	decompiled	chunks/006/functions-000428.c	-[SCABitmojiAvatarTrayClose getEventQoS]	
10bb385ec	10bb38603	decompiled	chunks/006/functions-000428.c	-[SCABitmojiAvatarTrayClose setAvatarOptionIds:]	
10bb38604	10bb38657	decompiled	chunks/006/functions-000428.c	-[SCABitmojiAvatarTrayClose setBitmojiAvatarGender:]	
10bb38658	10bb386d7	decompiled	chunks/006/functions-000428.c	-[SCABitmojiAvatarTrayClose setCloseSource:]	
10bb386d8	10bb386ef	decompiled	chunks/006/functions-000428.c	-[SCABitmojiAvatarTrayClose setEditAvatarSessionId:]	
10bb386f0	10bb3876f	decompiled	chunks/006/functions-000428.c	-[SCABitmojiAvatarTrayClose setEditAvatarSurfaceType:]	
10bb38770	10bb38787	decompiled	chunks/006/functions-000428.c	-[SCABitmojiAvatarTrayClose setOldAvatarOptionIds:]	
10bb38788	10bb3879f	decompiled	chunks/006/functions-000428.c	-[SCABitmojiAvatarTrayClose setParentSessionId:]	
10bb387a0	10bb387f3	decompiled	chunks/006/functions-000428.c	-[SCABitmojiAvatarTrayClose setViewTimeSec:]	
10bb387f4	10bb3880b	decompiled	chunks/006/functions-000428.c	-[SCABitmojiAvatarTrayClose setGranularSource:]	
10bb3880c	10bb3880f	decompiled	chunks/006/functions-000428.c	-[SCABitmojiAvatarTrayClose getFieldNumberToFieldDict]	
10bb38810	10bb3881b	decompiled	chunks/006/functions-000428.c	-[SCABitmojiAvatarTrayClose toProtoWithAllowedFields:]	
10bb3881c	10bb38823	decompiled	chunks/006/functions-000428.c	-[SCABitmojiAvatarTrayClose getPayloadIdentifier]	
10bb38824	10bb38b3b	decompiled	chunks/006/functions-000428.c	-[SCABitmojiAvatarTrayLaunch fromDictionary:]	
10bb38b3c	10bb38b47	decompiled	chunks/006/functions-000428.c	-[SCABitmojiAvatarTrayLaunch getEventName]	
10bb38b48	10bb38b4f	decompiled	chunks/006/functions-000428.c	-[SCABitmojiAvatarTrayLaunch getEventQoS]	
10bb38b50	10bb38ba3	decompiled	chunks/006/functions-000428.c	-[SCABitmojiAvatarTrayLaunch setBitmojiAvatarGender:]	
10bb38ba4	10bb38bbb	decompiled	chunks/006/functions-000428.c	-[SCABitmojiAvatarTrayLaunch setEditAvatarSessionId:]	
10bb38bbc	10bb38c3b	decompiled	chunks/006/functions-000428.c	-[SCABitmojiAvatarTrayLaunch setEditAvatarSurfaceType:]	
10bb38c3c	10bb38c53	decompiled	chunks/006/functions-000428.c	-[SCABitmojiAvatarTrayLaunch setOldAvatarOptionIds:]	
10bb38c54	10bb38c6b	decompiled	chunks/006/functions-000428.c	-[SCABitmojiAvatarTrayLaunch setParentSessionId:]	
10bb38c6c	10bb38c83	decompiled	chunks/006/functions-000428.c	-[SCABitmojiAvatarTrayLaunch setGranularSource:]	
10bb38c84	10bb38c87	decompiled	chunks/006/functions-000428.c	-[SCABitmojiAvatarTrayLaunch getFieldNumberToFieldDict]	
10bb38c88	10bb38c93	decompiled	chunks/006/functions-000428.c	-[SCABitmojiAvatarTrayLaunch toProtoWithAllowedFields:]	
10bb38c94	10bb38c9b	decompiled	chunks/006/functions-000428.c	-[SCABitmojiAvatarTrayLaunch getPayloadIdentifier]	
10bb38c9c	10bb3924f	decompiled	chunks/006/functions-000428.c	-[SCABitmojiAvatarTrayOptionView fromDictionary:]	
10bb39250	10bb3925b	decompiled	chunks/006/functions-000428.c	-[SCABitmojiAvatarTrayOptionView getEventName]	
10bb3925c	10bb39263	decompiled	chunks/006/functions-000428.c	-[SCABitmojiAvatarTrayOptionView getEventQoS]	
10bb39264	10bb392b7	decompiled	chunks/006/functions-000428.c	-[SCABitmojiAvatarTrayOptionView setBitmojiAvatarGender:]	
10bb392b8	10bb39337	decompiled	chunks/006/functions-000428.c	-[SCABitmojiAvatarTrayOptionView setBitmojiFashionExclusiveItemType:]	
10bb39338	10bb3934f	decompiled	chunks/006/functions-000428.c	-[SCABitmojiAvatarTrayOptionView setBitmojiGarmentViewed:]	
10bb39350	10bb39367	decompiled	chunks/006/functions-000428.c	-[SCABitmojiAvatarTrayOptionView setBitmojiOptionCategory:]	
10bb39368	10bb3937f	decompiled	chunks/006/functions-000428.c	-[SCABitmojiAvatarTrayOptionView setEditAvatarSessionId:]	
10bb39380	10bb393ff	decompiled	chunks/006/functions-000428.c	-[SCABitmojiAvatarTrayOptionView setEditAvatarSurfaceType:]	
10bb39400	10bb39417	decompiled	chunks/006/functions-000428.c	-[SCABitmojiAvatarTrayOptionView setGarmentBrandName:]	
10bb39418	10bb3942f	decompiled	chunks/006/functions-000428.c	-[SCABitmojiAvatarTrayOptionView setGranularSource:]	
10bb39430	10bb39447	decompiled	chunks/006/functions-000428.c	-[SCABitmojiAvatarTrayOptionView setParentSessionId:]	
10bb39448	10bb3949b	decompiled	chunks/006/functions-000428.c	-[SCABitmojiAvatarTrayOptionView setPosition:]	
10bb3949c	10bb3951b	decompiled	chunks/006/functions-000428.c	-[SCABitmojiAvatarTrayOptionView setShowingReason:]	
10bb3951c	10bb3956f	decompiled	chunks/006/functions-000428.c	-[SCABitmojiAvatarTrayOptionView setViewTimeSec:]	
10bb39570	10bb39573	decompiled	chunks/006/functions-000428.c	-[SCABitmojiAvatarTrayOptionView getFieldNumberToFieldDict]	
10bb39574	10bb3957f	decompiled	chunks/006/functions-000428.c	-[SCABitmojiAvatarTrayOptionView toProtoWithAllowedFields:]	
10bb39580	10bb39587	decompiled	chunks/006/functions-000428.c	-[SCABitmojiAvatarTrayOptionView getPayloadIdentifier]	
10bb39588	10bb397af	decompiled	chunks/006/functions-000428.c	-[SCABitmojiAvatarViewerGesture fromDictionary:]	
10bb397b0	10bb397bb	decompiled	chunks/006/functions-000428.c	-[SCABitmojiAvatarViewerGesture getEventName]	
10bb397bc	10bb397c3	decompiled	chunks/006/functions-000428.c	-[SCABitmojiAvatarViewerGesture getEventQoS]	
10bb397c4	10bb397cf	decompiled	chunks/006/functions-000428.c	-[SCABitmojiAvatarViewerGesture getPerUserSamplingRateV2]	
10bb397d0	10bb397e7	decompiled	chunks/006/functions-000428.c	-[SCABitmojiAvatarViewerGesture setBitmojiAvatarBuilderSessionId:]	
10bb397e8	10bb397ff	decompiled	chunks/006/functions-000428.c	-[SCABitmojiAvatarViewerGesture setBitmojiProfileSessionId:]	
10bb39800	10bb3987f	decompiled	chunks/006/functions-000428.c	-[SCABitmojiAvatarViewerGesture setGestureType:]	
10bb39880	10bb398ff	decompiled	chunks/006/functions-000428.c	-[SCABitmojiAvatarViewerGesture setSessionType:]	
10bb39900	10bb39903	decompiled	chunks/006/functions-000428.c	-[SCABitmojiAvatarViewerGesture getFieldNumberToFieldDict]	
10bb39904	10bb3990f	decompiled	chunks/006/functions-000428.c	-[SCABitmojiAvatarViewerGesture toProtoWithAllowedFields:]	
10bb39910	10bb39917	decompiled	chunks/006/functions-000428.c	-[SCABitmojiAvatarViewerGesture getPayloadIdentifier]	
10bb39918	10bb39f3b	decompiled	chunks/006/functions-000428.c	-[SCABitmojiFashionClosetAction fromDictionary:]	
10bb39f3c	10bb39f47	decompiled	chunks/006/functions-000428.c	-[SCABitmojiFashionClosetAction getEventName]	
10bb39f48	10bb39f4f	decompiled	chunks/006/functions-000428.c	-[SCABitmojiFashionClosetAction getEventQoS]	
10bb39f50	10bb39fcf	decompiled	chunks/006/functions-000428.c	-[SCABitmojiFashionClosetAction setBitmojiFashionClosetActionType:]	
10bb39fd0	10bb3a04f	decompiled	chunks/006/functions-000428.c	-[SCABitmojiFashionClosetAction setBitmojiFashionClosetCategory:]	
10bb3a050	10bb3a067	decompiled	chunks/006/functions-000428.c	-[SCABitmojiFashionClosetAction setBitmojiFashionItem:]	
10bb3a068	10bb3a07f	decompiled	chunks/006/functions-000428.c	-[SCABitmojiFashionClosetAction setBitmojiAvatarBuilderSessionId:]	
10bb3a080	10bb3a097	decompiled	chunks/006/functions-000428.c	-[SCABitmojiFashionClosetAction setBitmojiAvatarBuilderBrandName:]	
10bb3a098	10bb3a117	decompiled	chunks/006/functions-000428.c	-[SCABitmojiFashionClosetAction setBitmojiAvatarBuilderCategoryTabType:]	
10bb3a118	10bb3a16b	decompiled	chunks/006/functions-000428.c	-[SCABitmojiFashionClosetAction setBitmojiAvatarBuilderOptionPosition:]	
10bb3a16c	10bb3a1eb	decompiled	chunks/006/functions-000428.c	-[SCABitmojiFashionClosetAction setBitmojiAvatarBuilderOptionsViewType:]	
10bb3a1ec	10bb3a203	decompiled	chunks/006/functions-000428.c	-[SCABitmojiFashionClosetAction setBitmojiAvatarBuilderSectionID:]	
10bb3a204	10bb3a257	decompiled	chunks/006/functions-000428.c	-[SCABitmojiFashionClosetAction setBitmojiAvatarBuilderSectionPosition:]	
10bb3a258	10bb3a2d7	decompiled	chunks/006/functions-000428.c	-[SCABitmojiFashionClosetAction setBitmojiAvatarBuilderSectionType:]	
10bb3a2d8	10bb3a2ef	decompiled	chunks/006/functions-000428.c	-[SCABitmojiFashionClosetAction setBitmojiAvatarBuilderTabId:]	
10bb3a2f0	10bb3a307	decompiled	chunks/006/functions-000428.c	-[SCABitmojiFashionClosetAction setBitmojiOptionCategory:]	
10bb3a308	10bb3a30b	decompiled	chunks/006/functions-000428.c	-[SCABitmojiFashionClosetAction getFieldNumberToFieldDict]	
10bb3a30c	10bb3a317	decompiled	chunks/006/functions-000428.c	-[SCABitmojiFashionClosetAction toProtoWithAllowedFields:]	
10bb3a318	10bb3a31f	decompiled	chunks/006/functions-000428.c	-[SCABitmojiFashionClosetAction getPayloadIdentifier]	
10bb3a320	10bb3a6f7	decompiled	chunks/006/functions-000428.c	-[SCABitmojiFashionDropAction fromDictionary:]	
10bb3a6f8	10bb3a703	decompiled	chunks/006/functions-000428.c	-[SCABitmojiFashionDropAction getEventName]	
10bb3a704	10bb3a70b	decompiled	chunks/006/functions-000428.c	-[SCABitmojiFashionDropAction getEventQoS]	
10bb3a70c	10bb3a723	decompiled	chunks/006/functions-000428.c	-[SCABitmojiFashionDropAction setDropId:]	
10bb3a724	10bb3a73b	decompiled	chunks/006/functions-000428.c	-[SCABitmojiFashionDropAction setBitmojiAvatarBuilderSessionId:]	
10bb3a73c	10bb3a7bb	decompiled	chunks/006/functions-000428.c	-[SCABitmojiFashionDropAction setBitmojiFashionDropActionType:]	
10bb3a7bc	10bb3a83b	decompiled	chunks/006/functions-000428.c	-[SCABitmojiFashionDropAction setDropType:]	
10bb3a83c	10bb3a8bb	decompiled	chunks/006/functions-000428.c	-[SCABitmojiFashionDropAction setSource:]	
10bb3a8bc	10bb3a90f	decompiled	chunks/006/functions-000429.c	-[SCABitmojiFashionDropAction setTokenBalance:]	
10bb3a910	10bb3a963	decompiled	chunks/006/functions-000429.c	-[SCABitmojiFashionDropAction setTokenPrice:]	
10bb3a964	10bb3a9b7	decompiled	chunks/006/functions-000429.c	-[SCABitmojiFashionDropAction setWithSmartTryOn:]	
10bb3a9b8	10bb3a9bb	decompiled	chunks/006/functions-000429.c	-[SCABitmojiFashionDropAction getFieldNumberToFieldDict]	
10bb3a9bc	10bb3a9c7	decompiled	chunks/006/functions-000429.c	-[SCABitmojiFashionDropAction toProtoWithAllowedFields:]	
10bb3a9c8	10bb3a9cf	decompiled	chunks/006/functions-000429.c	-[SCABitmojiFashionDropAction getPayloadIdentifier]	
10bb3a9d0	10bb3baff	decompiled	chunks/006/functions-000429.c	-[SCABitmojiFashionOutfitAction fromDictionary:]	
10bb3bb00	10bb3bb0b	decompiled	chunks/006/functions-000429.c	-[SCABitmojiFashionOutfitAction getEventName]	
10bb3bb0c	10bb3bb13	decompiled	chunks/006/functions-000429.c	-[SCABitmojiFashionOutfitAction getEventQoS]	
10bb3bb14	10bb3bb93	decompiled	chunks/006/functions-000429.c	-[SCABitmojiFashionOutfitAction setBitmojiAvatarBuilderFlowMode:]	
10bb3bb94	10bb3bc13	decompiled	chunks/006/functions-000429.c	-[SCABitmojiFashionOutfitAction setBitmojiAvatarBuilderTraitCategory:]	
10bb3bc14	10bb3bc93	decompiled	chunks/006/functions-000429.c	-[SCABitmojiFashionOutfitAction setBitmojiFashionOutfitActionType:]	
10bb3bc94	10bb3bcab	decompiled	chunks/006/functions-000429.c	-[SCABitmojiFashionOutfitAction setBitmojiOutfit:]	
10bb3bcac	10bb3bd2b	decompiled	chunks/006/functions-000429.c	-[SCABitmojiFashionOutfitAction setBitmojiAvatarBuilderType:]	
10bb3bd2c	10bb3bd7f	decompiled	chunks/006/functions-000429.c	-[SCABitmojiFashionOutfitAction setBitmojiAvatarGender:]	
10bb3bd80	10bb3bd97	decompiled	chunks/006/functions-000429.c	-[SCABitmojiFashionOutfitAction setBitmojiAvatarBuilderSessionId:]	
10bb3bd98	10bb3be17	decompiled	chunks/006/functions-000429.c	-[SCABitmojiFashionOutfitAction setBitmojiAvatarBuilderTabMode:]	
10bb3be18	10bb3be97	decompiled	chunks/006/functions-000429.c	-[SCABitmojiFashionOutfitAction setAvatarType:]	
10bb3be98	10bb3bf17	decompiled	chunks/006/functions-000429.c	-[SCABitmojiFashionOutfitAction setSource:]	
10bb3bf18	10bb3bf6b	decompiled	chunks/006/functions-000429.c	-[SCABitmojiFashionOutfitAction setWithSmartTryOn:]	
10bb3bf6c	10bb3bf83	decompiled	chunks/006/functions-000429.c	-[SCABitmojiFashionOutfitAction setBitmojiAvatarBuilderBrandName:]	
10bb3bf84	10bb3c003	decompiled	chunks/006/functions-000429.c	-[SCABitmojiFashionOutfitAction setBitmojiAvatarBuilderCategoryTabType:]	
10bb3c004	10bb3c057	decompiled	chunks/006/functions-000429.c	-[SCABitmojiFashionOutfitAction setBitmojiAvatarBuilderOptionPosition:]	
10bb3c058	10bb3c0d7	decompiled	chunks/006/functions-000429.c	-[SCABitmojiFashionOutfitAction setBitmojiAvatarBuilderOptionsViewType:]	
10bb3c0d8	10bb3c0ef	decompiled	chunks/006/functions-000429.c	-[SCABitmojiFashionOutfitAction setBitmojiAvatarBuilderSectionID:]	
10bb3c0f0	10bb3c143	decompiled	chunks/006/functions-000429.c	-[SCABitmojiFashionOutfitAction setBitmojiAvatarBuilderSectionPosition:]	
10bb3c144	10bb3c1c3	decompiled	chunks/006/functions-000429.c	-[SCABitmojiFashionOutfitAction setBitmojiAvatarBuilderSectionType:]	
10bb3c1c4	10bb3c243	decompiled	chunks/006/functions-000429.c	-[SCABitmojiFashionOutfitAction setBitmojiFashionExclusiveItemType:]	
10bb3c244	10bb3c25b	decompiled	chunks/006/functions-000429.c	-[SCABitmojiFashionOutfitAction setSearchSessionId:]	
10bb3c25c	10bb3c2af	decompiled	chunks/006/functions-000429.c	-[SCABitmojiFashionOutfitAction setSearchSessionQueryId:]	
10bb3c2b0	10bb3c2c7	decompiled	chunks/006/functions-000429.c	-[SCABitmojiFashionOutfitAction setBitmojiGarmentsTriedOn:]	
10bb3c2c8	10bb3c347	decompiled	chunks/006/functions-000429.c	-[SCABitmojiFashionOutfitAction setOrderState:]	
10bb3c348	10bb3c35f	decompiled	chunks/006/functions-000429.c	-[SCABitmojiFashionOutfitAction setBitmojiAvatarBuilderFilterSessionId:]	
10bb3c360	10bb3c3a7	decompiled	chunks/006/functions-000429.c	-[SCABitmojiFashionOutfitAction setFilterOptionsSelected:]	
10bb3c3a8	10bb3c3bf	decompiled	chunks/006/functions-000429.c	-[SCABitmojiFashionOutfitAction setBitmojiAvatarBuilderReferrer:]	
10bb3c3c0	10bb3c3d7	decompiled	chunks/006/functions-000429.c	-[SCABitmojiFashionOutfitAction setSku:]	
10bb3c3d8	10bb3c42b	decompiled	chunks/006/functions-000429.c	-[SCABitmojiFashionOutfitAction setHasSubscribedBefore:]	
10bb3c42c	10bb3c47f	decompiled	chunks/006/functions-000429.c	-[SCABitmojiFashionOutfitAction setIsSubscribed:]	
10bb3c480	10bb3c497	decompiled	chunks/006/functions-000429.c	-[SCABitmojiFashionOutfitAction setEditAvatarSessionId:]	
10bb3c498	10bb3c517	decompiled	chunks/006/functions-000429.c	-[SCABitmojiFashionOutfitAction setEditAvatarSurfaceType:]	
10bb3c518	10bb3c52f	decompiled	chunks/006/functions-000429.c	-[SCABitmojiFashionOutfitAction setParentSessionId:]	
10bb3c530	10bb3c547	decompiled	chunks/006/functions-000429.c	-[SCABitmojiFashionOutfitAction setIdentityViewSessionId:]	
10bb3c548	10bb3c55f	decompiled	chunks/006/functions-000429.c	-[SCABitmojiFashionOutfitAction setBitmojiAvatarBuilderTabId:]	
10bb3c560	10bb3c577	decompiled	chunks/006/functions-000429.c	-[SCABitmojiFashionOutfitAction setBitmojiOptionCategory:]	
10bb3c578	10bb3c58f	decompiled	chunks/006/functions-000429.c	-[SCABitmojiFashionOutfitAction setGranularSource:]	
10bb3c590	10bb3c593	decompiled	chunks/006/functions-000429.c	-[SCABitmojiFashionOutfitAction getFieldNumberToFieldDict]	
10bb3c594	10bb3c59f	decompiled	chunks/006/functions-000429.c	-[SCABitmojiFashionOutfitAction toProtoWithAllowedFields:]	
10bb3c5a0	10bb3c5a7	decompiled	chunks/006/functions-000429.c	-[SCABitmojiFashionOutfitAction getPayloadIdentifier]	
10bb3c5a8	10bb3d093	decompiled	chunks/006/functions-000429.c	-[SCABitmojiFashionOutfitChange fromDictionary:]	
10bb3d094	10bb3d09f	decompiled	chunks/006/functions-000429.c	-[SCABitmojiFashionOutfitChange getEventName]	
10bb3d0a0	10bb3d0a7	decompiled	chunks/006/functions-000429.c	-[SCABitmojiFashionOutfitChange getEventQoS]	
10bb3d0a8	10bb3d127	decompiled	chunks/006/functions-000429.c	-[SCABitmojiFashionOutfitChange setBitmojiAvatarBuilderFlowMode:]	
10bb3d128	10bb3d17b	decompiled	chunks/006/functions-000429.c	-[SCABitmojiFashionOutfitChange setBitmojiHasTappedMixAndMatchItemInSession:]	
10bb3d17c	10bb3d193	decompiled	chunks/006/functions-000429.c	-[SCABitmojiFashionOutfitChange setBitmojiOutfit:]	
10bb3d194	10bb3d213	decompiled	chunks/006/functions-000429.c	-[SCABitmojiFashionOutfitChange setBitmojiOutfitType:]	
10bb3d214	10bb3d293	decompiled	chunks/006/functions-000429.c	-[SCABitmojiFashionOutfitChange setBitmojiAvatarBuilderType:]	
10bb3d294	10bb3d2e7	decompiled	chunks/006/functions-000429.c	-[SCABitmojiFashionOutfitChange setBitmojiAvatarGender:]	
10bb3d2e8	10bb3d2ff	decompiled	chunks/006/functions-000429.c	-[SCABitmojiFashionOutfitChange setBitmojiAvatarBuilderSessionId:]	
10bb3d300	10bb3d37f	decompiled	chunks/006/functions-000429.c	-[SCABitmojiFashionOutfitChange setAvatarType:]	
10bb3d380	10bb3d3ff	decompiled	chunks/006/functions-000429.c	-[SCABitmojiFashionOutfitChange setSource:]	
10bb3d400	10bb3d453	decompiled	chunks/006/functions-000429.c	-[SCABitmojiFashionOutfitChange setWithSmartTryOn:]	
10bb3d454	10bb3d4a7	decompiled	chunks/006/functions-000429.c	-[SCABitmojiFashionOutfitChange setWithShoppablesPurchasedInSession:]	
10bb3d4a8	10bb3d4bf	decompiled	chunks/006/functions-000429.c	-[SCABitmojiFashionOutfitChange setSearchSessionId:]	
10bb3d4c0	10bb3d513	decompiled	chunks/006/functions-000429.c	-[SCABitmojiFashionOutfitChange setSearchSessionQueryId:]	
10bb3d514	10bb3d52b	decompiled	chunks/006/functions-000429.c	-[SCABitmojiFashionOutfitChange setBitmojiGarmentsChanged:]	
10bb3d52c	10bb3d57f	decompiled	chunks/006/functions-000429.c	-[SCABitmojiFashionOutfitChange setWithLiveMirror:]	
10bb3d580	10bb3d5d3	decompiled	chunks/006/functions-000429.c	-[SCABitmojiFashionOutfitChange setWithUgcFashionInSession:]	
10bb3d5d4	10bb3d5eb	decompiled	chunks/006/functions-000429.c	-[SCABitmojiFashionOutfitChange setBitmojiAvatarBuilderReferrer:]	
10bb3d5ec	10bb3d63f	decompiled	chunks/006/functions-000429.c	-[SCABitmojiFashionOutfitChange setHasSubscribedBefore:]	
10bb3d640	10bb3d693	decompiled	chunks/006/functions-000429.c	-[SCABitmojiFashionOutfitChange setIsSubscribed:]	
10bb3d694	10bb3d6ab	decompiled	chunks/006/functions-000429.c	-[SCABitmojiFashionOutfitChange setEditAvatarSessionId:]	
10bb3d6ac	10bb3d72b	decompiled	chunks/006/functions-000429.c	-[SCABitmojiFashionOutfitChange setEditAvatarSurfaceType:]	
10bb3d72c	10bb3d743	decompiled	chunks/006/functions-000429.c	-[SCABitmojiFashionOutfitChange setParentSessionId:]	
10bb3d744	10bb3d75b	decompiled	chunks/006/functions-000429.c	-[SCABitmojiFashionOutfitChange setIdentityViewSessionId:]	
10bb3d75c	10bb3d773	decompiled	chunks/006/functions-000429.c	-[SCABitmojiFashionOutfitChange setGranularSource:]	
10bb3d774	10bb3d777	decompiled	chunks/006/functions-000429.c	-[SCABitmojiFashionOutfitChange getFieldNumberToFieldDict]	
10bb3d778	10bb3d783	decompiled	chunks/006/functions-000429.c	-[SCABitmojiFashionOutfitChange toProtoWithAllowedFields:]	
10bb3d784	10bb3d78b	decompiled	chunks/006/functions-000429.c	-[SCABitmojiFashionOutfitChange getPayloadIdentifier]	
10bb3d78c	10bb3e4bf	decompiled	chunks/006/functions-000429.c	-[SCABitmojiFashionShoppableAction fromDictionary:]	
10bb3e4c0	10bb3e4cb	decompiled	chunks/006/functions-000429.c	-[SCABitmojiFashionShoppableAction getEventName]	
10bb3e4cc	10bb3e4d3	decompiled	chunks/006/functions-000429.c	-[SCABitmojiFashionShoppableAction getEventQoS]	
10bb3e4d4	10bb3e553	decompiled	chunks/006/functions-000429.c	-[SCABitmojiFashionShoppableAction setBitmojiAvatarBuilderCategoryTabType:]	
10bb3e554	10bb3e5d3	decompiled	chunks/006/functions-000429.c	-[SCABitmojiFashionShoppableAction setBitmojiAvatarBuilderFlowMode:]	
10bb3e5d4	10bb3e5eb	decompiled	chunks/006/functions-000429.c	-[SCABitmojiFashionShoppableAction setBitmojiAvatarBuilderSessionId:]	
10bb3e5ec	10bb3e66b	decompiled	chunks/006/functions-000429.c	-[SCABitmojiFashionShoppableAction setBitmojiAvatarBuilderTraitCategory:]	
10bb3e66c	10bb3e6bf	decompiled	chunks/006/functions-000429.c	-[SCABitmojiFashionShoppableAction setBitmojiAvatarGender:]	
10bb3e6c0	10bb3e713	decompiled	chunks/006/functions-000429.c	-[SCABitmojiFashionShoppableAction setBitmojiFashionItemOptionId:]	
10bb3e714	10bb3e793	decompiled	chunks/006/functions-000429.c	-[SCABitmojiFashionShoppableAction setBitmojiFashionShoppableActionType:]	
10bb3e794	10bb3e813	decompiled	chunks/006/functions-000429.c	-[SCABitmojiFashionShoppableAction setSource:]	
10bb3e814	10bb3e867	decompiled	chunks/006/functions-000429.c	-[SCABitmojiFashionShoppableAction setTokenBalance:]	
10bb3e868	10bb3e8bb	decompiled	chunks/006/functions-000429.c	-[SCABitmojiFashionShoppableAction setTokenPrice:]	
10bb3e8bc	10bb3e90f	decompiled	chunks/006/functions-000429.c	-[SCABitmojiFashionShoppableAction setWithSmartTryOn:]	
10bb3e910	10bb3e927	decompiled	chunks/006/functions-000429.c	-[SCABitmojiFashionShoppableAction setSearchSessionId:]	
10bb3e928	10bb3e97b	decompiled	chunks/006/functions-000429.c	-[SCABitmojiFashionShoppableAction setSearchSessionQueryId:]	
10bb3e97c	10bb3e9fb	decompiled	chunks/006/functions-000429.c	-[SCABitmojiFashionShoppableAction setOrderState:]	
10bb3e9fc	10bb3ea13	decompiled	chunks/006/functions-000429.c	-[SCABitmojiFashionShoppableAction setBitmojiAvatarBuilderFilterSessionId:]	
10bb3ea14	10bb3ea5b	decompiled	chunks/006/functions-000429.c	-[SCABitmojiFashionShoppableAction setFilterOptionsSelected:]	
10bb3ea5c	10bb3ea73	decompiled	chunks/006/functions-000429.c	-[SCABitmojiFashionShoppableAction setBitmojiAvatarBuilderReferrer:]	
10bb3ea74	10bb3ea8b	decompiled	chunks/006/functions-000429.c	-[SCABitmojiFashionShoppableAction setSku:]	
10bb3ea8c	10bb3eadf	decompiled	chunks/006/functions-000429.c	-[SCABitmojiFashionShoppableAction setHasSubscribedBefore:]	
