address	end_address	status	pseudocode_file	runtime_label	error
10bbf3c4c	10bbf3c63	decompiled	chunks/007/functions-000490.c	-[SCAMusicFailure setReason:]	
10bbf3c64	10bbf3c7b	decompiled	chunks/007/functions-000490.c	-[SCAMusicFailure setSource:]	
10bbf3c7c	10bbf3c7f	decompiled	chunks/007/functions-000490.c	-[SCAMusicFailure getFieldNumberToFieldDict]	
10bbf3c80	10bbf3c8b	decompiled	chunks/007/functions-000490.c	-[SCAMusicFailure toProtoWithAllowedFields:]	
10bbf3c8c	10bbf3c93	decompiled	chunks/007/functions-000490.c	-[SCAMusicFailure getPayloadIdentifier]	
10bbf3c94	10bbf3e4f	decompiled	chunks/007/functions-000490.c	-[SCAMusicLatency fromDictionary:]	
10bbf3e50	10bbf3e5b	decompiled	chunks/007/functions-000490.c	-[SCAMusicLatency getEventName]	
10bbf3e5c	10bbf3e63	decompiled	chunks/007/functions-000490.c	-[SCAMusicLatency getEventQoS]	
10bbf3e64	10bbf3e6f	decompiled	chunks/007/functions-000490.c	-[SCAMusicLatency getPerUserSamplingRate]	
10bbf3e70	10bbf3e7b	decompiled	chunks/007/functions-000490.c	-[SCAMusicLatency getPerUserSamplingRateV2]	
10bbf3e7c	10bbf3ecf	decompiled	chunks/007/functions-000490.c	-[SCAMusicLatency setLatencyMs:]	
10bbf3ed0	10bbf3ee7	decompiled	chunks/007/functions-000490.c	-[SCAMusicLatency setRequestId:]	
10bbf3ee8	10bbf3eff	decompiled	chunks/007/functions-000490.c	-[SCAMusicLatency setSource:]	
10bbf3f00	10bbf3f03	decompiled	chunks/007/functions-000490.c	-[SCAMusicLatency getFieldNumberToFieldDict]	
10bbf3f04	10bbf3f0f	decompiled	chunks/007/functions-000490.c	-[SCAMusicLatency toProtoWithAllowedFields:]	
10bbf3f10	10bbf3f17	decompiled	chunks/007/functions-000490.c	-[SCAMusicLatency getPayloadIdentifier]	
10bbf3f18	10bbf413f	decompiled	chunks/007/functions-000490.c	-[SCAMusicLinkfireAction fromDictionary:]	
10bbf4140	10bbf414b	decompiled	chunks/007/functions-000490.c	-[SCAMusicLinkfireAction getEventName]	
10bbf414c	10bbf4153	decompiled	chunks/007/functions-000490.c	-[SCAMusicLinkfireAction getEventQoS]	
10bbf4154	10bbf41d3	decompiled	chunks/007/functions-000490.c	-[SCAMusicLinkfireAction setAction:]	
10bbf41d4	10bbf41eb	decompiled	chunks/007/functions-000490.c	-[SCAMusicLinkfireAction setLinkfireDestination:]	
10bbf41ec	10bbf4203	decompiled	chunks/007/functions-000490.c	-[SCAMusicLinkfireAction setMusicTrackId:]	
10bbf4204	10bbf4283	decompiled	chunks/007/functions-000490.c	-[SCAMusicLinkfireAction setSourcePageType:]	
10bbf4284	10bbf4287	decompiled	chunks/007/functions-000490.c	-[SCAMusicLinkfireAction getFieldNumberToFieldDict]	
10bbf4288	10bbf4293	decompiled	chunks/007/functions-000490.c	-[SCAMusicLinkfireAction toProtoWithAllowedFields:]	
10bbf4294	10bbf429b	decompiled	chunks/007/functions-000490.c	-[SCAMusicLinkfireAction getPayloadIdentifier]	
10bbf429c	10bbf444b	decompiled	chunks/007/functions-000490.c	-[SCAMusicPickerActionFail fromDictionary:]	
10bbf444c	10bbf4457	decompiled	chunks/007/functions-000490.c	-[SCAMusicPickerActionFail getEventName]	
10bbf4458	10bbf445f	decompiled	chunks/007/functions-000490.c	-[SCAMusicPickerActionFail getEventQoS]	
10bbf4460	10bbf446b	decompiled	chunks/007/functions-000490.c	-[SCAMusicPickerActionFail getPerUserSamplingRateV2]	
10bbf446c	10bbf44eb	decompiled	chunks/007/functions-000490.c	-[SCAMusicPickerActionFail setMusicActionType:]	
10bbf44ec	10bbf456b	decompiled	chunks/007/functions-000490.c	-[SCAMusicPickerActionFail setMusicPageType:]	
10bbf456c	10bbf4583	decompiled	chunks/007/functions-000490.c	-[SCAMusicPickerActionFail setReason:]	
10bbf4584	10bbf45a7	decompiled	chunks/007/functions-000490.c	-[SCAMusicPickerActionFail getFieldNumberToFieldDict]	
10bbf45a8	10bbf45df	decompiled	chunks/007/functions-000490.c	-[SCAMusicPickerActionFail addToProtoDictionary]	
10bbf45e0	10bbf4637	decompiled	chunks/007/functions-000490.c	-[SCAMusicPickerActionFail toProtoWithAllowedFields:]	
10bbf4638	10bbf463f	decompiled	chunks/007/functions-000490.c	-[SCAMusicPickerActionFail getPayloadIdentifier]	
10bbf4640	10bbf49e7	decompiled	chunks/007/functions-000490.c	-[SCAMusicPickerLoadLatency fromDictionary:]	
10bbf49e8	10bbf49f3	decompiled	chunks/007/functions-000490.c	-[SCAMusicPickerLoadLatency getEventName]	
10bbf49f4	10bbf49fb	decompiled	chunks/007/functions-000490.c	-[SCAMusicPickerLoadLatency getEventQoS]	
10bbf49fc	10bbf4a7b	decompiled	chunks/007/functions-000490.c	-[SCAMusicPickerLoadLatency setMusicPageType:]	
10bbf4a7c	10bbf4acf	decompiled	chunks/007/functions-000490.c	-[SCAMusicPickerLoadLatency setPageLoadLatencyMs:]	
10bbf4ad0	10bbf4b23	decompiled	chunks/007/functions-000490.c	-[SCAMusicPickerLoadLatency setIsCached:]	
10bbf4b24	10bbf4b77	decompiled	chunks/007/functions-000490.c	-[SCAMusicPickerLoadLatency setNetworkRequest:]	
10bbf4b78	10bbf4bcb	decompiled	chunks/007/functions-000490.c	-[SCAMusicPickerLoadLatency setNetworkResponse:]	
10bbf4bcc	10bbf4c1f	decompiled	chunks/007/functions-000490.c	-[SCAMusicPickerLoadLatency setOnPageLoad:]	
10bbf4c20	10bbf4c73	decompiled	chunks/007/functions-000490.c	-[SCAMusicPickerLoadLatency setOnPageReady:]	
10bbf4c74	10bbf4cc7	decompiled	chunks/007/functions-000490.c	-[SCAMusicPickerLoadLatency setUserIntentReady:]	
10bbf4cc8	10bbf4ceb	decompiled	chunks/007/functions-000490.c	-[SCAMusicPickerLoadLatency getFieldNumberToFieldDict]	
10bbf4cec	10bbf4d23	decompiled	chunks/007/functions-000490.c	-[SCAMusicPickerLoadLatency addToProtoDictionary]	
10bbf4d24	10bbf4d7b	decompiled	chunks/007/functions-000490.c	-[SCAMusicPickerLoadLatency toProtoWithAllowedFields:]	
10bbf4d7c	10bbf4d83	decompiled	chunks/007/functions-000490.c	-[SCAMusicPickerLoadLatency getPayloadIdentifier]	
10bbf4d84	10bbf4f9b	decompiled	chunks/007/functions-000490.c	-[SCAMusicPickerPageLoadStageLatency fromDictionary:]	
10bbf4f9c	10bbf4fa7	decompiled	chunks/007/functions-000490.c	-[SCAMusicPickerPageLoadStageLatency getEventName]	
10bbf4fa8	10bbf4faf	decompiled	chunks/007/functions-000490.c	-[SCAMusicPickerPageLoadStageLatency getEventQoS]	
10bbf4fb0	10bbf5003	decompiled	chunks/007/functions-000490.c	-[SCAMusicPickerPageLoadStageLatency setIsResponseCached:]	
10bbf5004	10bbf5083	decompiled	chunks/007/functions-000490.c	-[SCAMusicPickerPageLoadStageLatency setLoadStage:]	
10bbf5084	10bbf50d7	decompiled	chunks/007/functions-000490.c	-[SCAMusicPickerPageLoadStageLatency setPageLatencyMs:]	
10bbf50d8	10bbf50ef	decompiled	chunks/007/functions-000490.c	-[SCAMusicPickerPageLoadStageLatency setPageName:]	
10bbf50f0	10bbf5113	decompiled	chunks/007/functions-000490.c	-[SCAMusicPickerPageLoadStageLatency getFieldNumberToFieldDict]	
10bbf5114	10bbf514b	decompiled	chunks/007/functions-000490.c	-[SCAMusicPickerPageLoadStageLatency addToProtoDictionary]	
10bbf514c	10bbf51a3	decompiled	chunks/007/functions-000490.c	-[SCAMusicPickerPageLoadStageLatency toProtoWithAllowedFields:]	
10bbf51a4	10bbf51ab	decompiled	chunks/007/functions-000490.c	-[SCAMusicPickerPageLoadStageLatency getPayloadIdentifier]	
10bbf51ac	10bbf5607	decompiled	chunks/007/functions-000490.c	-[SCAMusicPillRemove fromDictionary:]	
10bbf5608	10bbf5613	decompiled	chunks/007/functions-000490.c	-[SCAMusicPillRemove getEventName]	
10bbf5614	10bbf561b	decompiled	chunks/007/functions-000490.c	-[SCAMusicPillRemove getEventQoS]	
10bbf561c	10bbf566f	decompiled	chunks/007/functions-000490.c	-[SCAMusicPillRemove setContextIndex:]	
10bbf5670	10bbf56c3	decompiled	chunks/007/functions-000490.c	-[SCAMusicPillRemove setIsAutoApplied:]	
10bbf56c4	10bbf5717	decompiled	chunks/007/functions-000490.c	-[SCAMusicPillRemove setIsAutoPlayed:]	
10bbf5718	10bbf572f	decompiled	chunks/007/functions-000490.c	-[SCAMusicPillRemove setLensId:]	
10bbf5730	10bbf5747	decompiled	chunks/007/functions-000490.c	-[SCAMusicPillRemove setMusicTrackId:]	
10bbf5748	10bbf57c7	decompiled	chunks/007/functions-000490.c	-[SCAMusicPillRemove setMusicTrackPageSource:]	
10bbf57c8	10bbf57df	decompiled	chunks/007/functions-000490.c	-[SCAMusicPillRemove setRequestId:]	
10bbf57e0	10bbf5833	decompiled	chunks/007/functions-000490.c	-[SCAMusicPillRemove setViewTimeMs:]	
10bbf5834	10bbf584b	decompiled	chunks/007/functions-000490.c	-[SCAMusicPillRemove setMusicSessionId:]	
10bbf584c	10bbf584f	decompiled	chunks/007/functions-000490.c	-[SCAMusicPillRemove getFieldNumberToFieldDict]	
10bbf5850	10bbf585b	decompiled	chunks/007/functions-000490.c	-[SCAMusicPillRemove toProtoWithAllowedFields:]	
10bbf585c	10bbf5863	decompiled	chunks/007/functions-000490.c	-[SCAMusicPillRemove getPayloadIdentifier]	
10bbf5864	10bbf5cbf	decompiled	chunks/007/functions-000490.c	-[SCAMusicPillTap fromDictionary:]	
10bbf5cc0	10bbf5ccb	decompiled	chunks/007/functions-000490.c	-[SCAMusicPillTap getEventName]	
10bbf5ccc	10bbf5cd3	decompiled	chunks/007/functions-000490.c	-[SCAMusicPillTap getEventQoS]	
10bbf5cd4	10bbf5d27	decompiled	chunks/007/functions-000490.c	-[SCAMusicPillTap setContextIndex:]	
10bbf5d28	10bbf5d7b	decompiled	chunks/007/functions-000490.c	-[SCAMusicPillTap setIsAutoApplied:]	
10bbf5d7c	10bbf5dcf	decompiled	chunks/007/functions-000490.c	-[SCAMusicPillTap setIsAutoPlayed:]	
10bbf5dd0	10bbf5de7	decompiled	chunks/007/functions-000490.c	-[SCAMusicPillTap setLensId:]	
10bbf5de8	10bbf5dff	decompiled	chunks/007/functions-000490.c	-[SCAMusicPillTap setMusicTrackId:]	
10bbf5e00	10bbf5e7f	decompiled	chunks/007/functions-000490.c	-[SCAMusicPillTap setMusicTrackPageSource:]	
10bbf5e80	10bbf5e97	decompiled	chunks/007/functions-000490.c	-[SCAMusicPillTap setRequestId:]	
10bbf5e98	10bbf5eeb	decompiled	chunks/007/functions-000490.c	-[SCAMusicPillTap setViewTimeMs:]	
10bbf5eec	10bbf5f03	decompiled	chunks/007/functions-000490.c	-[SCAMusicPillTap setMusicSessionId:]	
10bbf5f04	10bbf5f07	decompiled	chunks/007/functions-000490.c	-[SCAMusicPillTap getFieldNumberToFieldDict]	
10bbf5f08	10bbf5f13	decompiled	chunks/007/functions-000490.c	-[SCAMusicPillTap toProtoWithAllowedFields:]	
10bbf5f14	10bbf5f1b	decompiled	chunks/007/functions-000490.c	-[SCAMusicPillTap getPayloadIdentifier]	
10bbf5f1c	10bbf63ef	decompiled	chunks/007/functions-000490.c	-[SCAMusicRecommendationPick fromDictionary:]	
10bbf63f0	10bbf63fb	decompiled	chunks/007/functions-000490.c	-[SCAMusicRecommendationPick getEventName]	
10bbf63fc	10bbf6403	decompiled	chunks/007/functions-000490.c	-[SCAMusicRecommendationPick getEventQoS]	
10bbf6404	10bbf641b	decompiled	chunks/007/functions-000490.c	-[SCAMusicRecommendationPick setLensId:]	
10bbf641c	10bbf6433	decompiled	chunks/007/functions-000490.c	-[SCAMusicRecommendationPick setMusicTrackId:]	
10bbf6434	10bbf644b	decompiled	chunks/007/functions-000490.c	-[SCAMusicRecommendationPick setRequestId:]	
10bbf644c	10bbf649f	decompiled	chunks/007/functions-000490.c	-[SCAMusicRecommendationPick setViewTimeMs:]	
10bbf64a0	10bbf64f3	decompiled	chunks/007/functions-000491.c	-[SCAMusicRecommendationPick setContextIndex:]	
10bbf64f4	10bbf6573	decompiled	chunks/007/functions-000491.c	-[SCAMusicRecommendationPick setMusicTrackPageSource:]	
10bbf6574	10bbf65c7	decompiled	chunks/007/functions-000491.c	-[SCAMusicRecommendationPick setIsAutoApplied:]	
10bbf65c8	10bbf661b	decompiled	chunks/007/functions-000491.c	-[SCAMusicRecommendationPick setIsAutoPlayed:]	
10bbf661c	10bbf6633	decompiled	chunks/007/functions-000491.c	-[SCAMusicRecommendationPick setMusicSessionId:]	
10bbf6634	10bbf664b	decompiled	chunks/007/functions-000491.c	-[SCAMusicRecommendationPick setModelFootprint:]	
10bbf664c	10bbf664f	decompiled	chunks/007/functions-000491.c	-[SCAMusicRecommendationPick getFieldNumberToFieldDict]	
10bbf6650	10bbf665b	decompiled	chunks/007/functions-000491.c	-[SCAMusicRecommendationPick toProtoWithAllowedFields:]	
10bbf665c	10bbf6663	decompiled	chunks/007/functions-000491.c	-[SCAMusicRecommendationPick getPayloadIdentifier]	
10bbf6664	10bbf6abf	decompiled	chunks/007/functions-000491.c	-[SCAMusicRecommendationRemove fromDictionary:]	
10bbf6ac0	10bbf6acb	decompiled	chunks/007/functions-000491.c	-[SCAMusicRecommendationRemove getEventName]	
10bbf6acc	10bbf6ad3	decompiled	chunks/007/functions-000491.c	-[SCAMusicRecommendationRemove getEventQoS]	
10bbf6ad4	10bbf6aeb	decompiled	chunks/007/functions-000491.c	-[SCAMusicRecommendationRemove setLensId:]	
10bbf6aec	10bbf6b03	decompiled	chunks/007/functions-000491.c	-[SCAMusicRecommendationRemove setMusicTrackId:]	
10bbf6b04	10bbf6b1b	decompiled	chunks/007/functions-000491.c	-[SCAMusicRecommendationRemove setRequestId:]	
10bbf6b1c	10bbf6b6f	decompiled	chunks/007/functions-000491.c	-[SCAMusicRecommendationRemove setViewTimeMs:]	
10bbf6b70	10bbf6bc3	decompiled	chunks/007/functions-000491.c	-[SCAMusicRecommendationRemove setContextIndex:]	
10bbf6bc4	10bbf6c43	decompiled	chunks/007/functions-000491.c	-[SCAMusicRecommendationRemove setMusicTrackPageSource:]	
10bbf6c44	10bbf6c97	decompiled	chunks/007/functions-000491.c	-[SCAMusicRecommendationRemove setIsAutoApplied:]	
10bbf6c98	10bbf6ceb	decompiled	chunks/007/functions-000491.c	-[SCAMusicRecommendationRemove setIsAutoPlayed:]	
10bbf6cec	10bbf6d03	decompiled	chunks/007/functions-000491.c	-[SCAMusicRecommendationRemove setMusicSessionId:]	
10bbf6d04	10bbf6d07	decompiled	chunks/007/functions-000491.c	-[SCAMusicRecommendationRemove getFieldNumberToFieldDict]	
10bbf6d08	10bbf6d13	decompiled	chunks/007/functions-000491.c	-[SCAMusicRecommendationRemove toProtoWithAllowedFields:]	
10bbf6d14	10bbf6d1b	decompiled	chunks/007/functions-000491.c	-[SCAMusicRecommendationRemove getPayloadIdentifier]	
10bbf6d1c	10bbf70ff	decompiled	chunks/007/functions-000491.c	-[SCAMusicRecommendationResponse fromDictionary:]	
10bbf7100	10bbf710b	decompiled	chunks/007/functions-000491.c	-[SCAMusicRecommendationResponse getEventName]	
10bbf710c	10bbf7113	decompiled	chunks/007/functions-000491.c	-[SCAMusicRecommendationResponse getEventQoS]	
10bbf7114	10bbf712b	decompiled	chunks/007/functions-000491.c	-[SCAMusicRecommendationResponse setCameraType:]	
10bbf712c	10bbf717f	decompiled	chunks/007/functions-000491.c	-[SCAMusicRecommendationResponse setIsFromCache:]	
10bbf7180	10bbf71d3	decompiled	chunks/007/functions-000491.c	-[SCAMusicRecommendationResponse setLatencyMs:]	
10bbf71d4	10bbf71eb	decompiled	chunks/007/functions-000491.c	-[SCAMusicRecommendationResponse setModelId:]	
10bbf71ec	10bbf723f	decompiled	chunks/007/functions-000491.c	-[SCAMusicRecommendationResponse setNumLenses:]	
10bbf7240	10bbf7293	decompiled	chunks/007/functions-000491.c	-[SCAMusicRecommendationResponse setNumRecommendations:]	
10bbf7294	10bbf72e7	decompiled	chunks/007/functions-000491.c	-[SCAMusicRecommendationResponse setNumRecommendationsMatch:]	
10bbf72e8	10bbf72ff	decompiled	chunks/007/functions-000491.c	-[SCAMusicRecommendationResponse setRequestId:]	
10bbf7300	10bbf7303	decompiled	chunks/007/functions-000491.c	-[SCAMusicRecommendationResponse getFieldNumberToFieldDict]	
10bbf7304	10bbf730f	decompiled	chunks/007/functions-000491.c	-[SCAMusicRecommendationResponse toProtoWithAllowedFields:]	
10bbf7310	10bbf7317	decompiled	chunks/007/functions-000491.c	-[SCAMusicRecommendationResponse getPayloadIdentifier]	
10bbf7318	10bbf777f	decompiled	chunks/007/functions-000491.c	-[SCAMusicRecommendationView fromDictionary:]	
10bbf7780	10bbf778b	decompiled	chunks/007/functions-000491.c	-[SCAMusicRecommendationView getEventName]	
10bbf778c	10bbf7793	decompiled	chunks/007/functions-000491.c	-[SCAMusicRecommendationView getEventQoS]	
10bbf7794	10bbf77ab	decompiled	chunks/007/functions-000491.c	-[SCAMusicRecommendationView setLensId:]	
10bbf77ac	10bbf77c3	decompiled	chunks/007/functions-000491.c	-[SCAMusicRecommendationView setMusicTrackId:]	
10bbf77c4	10bbf77db	decompiled	chunks/007/functions-000491.c	-[SCAMusicRecommendationView setRequestId:]	
10bbf77dc	10bbf782f	decompiled	chunks/007/functions-000491.c	-[SCAMusicRecommendationView setContextIndex:]	
10bbf7830	10bbf78af	decompiled	chunks/007/functions-000491.c	-[SCAMusicRecommendationView setMusicTrackPageSource:]	
10bbf78b0	10bbf7903	decompiled	chunks/007/functions-000491.c	-[SCAMusicRecommendationView setIsAutoApplied:]	
10bbf7904	10bbf7957	decompiled	chunks/007/functions-000491.c	-[SCAMusicRecommendationView setIsAutoPlayed:]	
10bbf7958	10bbf796f	decompiled	chunks/007/functions-000491.c	-[SCAMusicRecommendationView setMusicSessionId:]	
10bbf7970	10bbf7987	decompiled	chunks/007/functions-000491.c	-[SCAMusicRecommendationView setModelFootprint:]	
10bbf7988	10bbf798b	decompiled	chunks/007/functions-000491.c	-[SCAMusicRecommendationView getFieldNumberToFieldDict]	
10bbf798c	10bbf7997	decompiled	chunks/007/functions-000491.c	-[SCAMusicRecommendationView toProtoWithAllowedFields:]	
10bbf7998	10bbf799f	decompiled	chunks/007/functions-000491.c	-[SCAMusicRecommendationView getPayloadIdentifier]	
10bbf79a0	10bbf7a77	decompiled	chunks/007/functions-000491.c	-[SCAMusicScanResult fromDictionary:]	
10bbf7a78	10bbf7a83	decompiled	chunks/007/functions-000491.c	-[SCAMusicScanResult getEventName]	
10bbf7a84	10bbf7a8b	decompiled	chunks/007/functions-000491.c	-[SCAMusicScanResult getEventQoS]	
10bbf7a8c	10bbf7aa3	decompiled	chunks/007/functions-000491.c	-[SCAMusicScanResult setIsrc:]	
10bbf7aa4	10bbf7aa7	decompiled	chunks/007/functions-000491.c	-[SCAMusicScanResult getFieldNumberToFieldDict]	
10bbf7aa8	10bbf7ab3	decompiled	chunks/007/functions-000491.c	-[SCAMusicScanResult toProtoWithAllowedFields:]	
10bbf7ab4	10bbf7abb	decompiled	chunks/007/functions-000491.c	-[SCAMusicScanResult getPayloadIdentifier]	
10bbf7abc	10bbf7c5f	decompiled	chunks/007/functions-000491.c	-[SCAMusicSearchLatency fromDictionary:]	
10bbf7c60	10bbf7c6b	decompiled	chunks/007/functions-000491.c	-[SCAMusicSearchLatency getEventName]	
10bbf7c6c	10bbf7c73	decompiled	chunks/007/functions-000491.c	-[SCAMusicSearchLatency getEventQoS]	
10bbf7c74	10bbf7c7f	decompiled	chunks/007/functions-000491.c	-[SCAMusicSearchLatency getPerUserSamplingRateV2]	
10bbf7c80	10bbf7cd3	decompiled	chunks/007/functions-000491.c	-[SCAMusicSearchLatency setLatencyMs:]	
10bbf7cd4	10bbf7d27	decompiled	chunks/007/functions-000491.c	-[SCAMusicSearchLatency setTrackCount:]	
10bbf7d28	10bbf7d7b	decompiled	chunks/007/functions-000491.c	-[SCAMusicSearchLatency setArtistCount:]	
10bbf7d7c	10bbf7d9f	decompiled	chunks/007/functions-000491.c	-[SCAMusicSearchLatency getFieldNumberToFieldDict]	
10bbf7da0	10bbf7dd7	decompiled	chunks/007/functions-000491.c	-[SCAMusicSearchLatency addToProtoDictionary]	
10bbf7dd8	10bbf7e2f	decompiled	chunks/007/functions-000491.c	-[SCAMusicSearchLatency toProtoWithAllowedFields:]	
10bbf7e30	10bbf7e37	decompiled	chunks/007/functions-000491.c	-[SCAMusicSearchLatency getPayloadIdentifier]	
10bbf7e38	10bbf7f6f	decompiled	chunks/007/functions-000491.c	-[SCAMusicSettingsPageView fromDictionary:]	
10bbf7f70	10bbf7f7b	decompiled	chunks/007/functions-000491.c	-[SCAMusicSettingsPageView getEventName]	
10bbf7f7c	10bbf7f83	decompiled	chunks/007/functions-000491.c	-[SCAMusicSettingsPageView getEventQoS]	
10bbf7f84	10bbf7f8f	decompiled	chunks/007/functions-000491.c	-[SCAMusicSettingsPageView getPerUserSamplingRateV2]	
10bbf7f90	10bbf7fe3	decompiled	chunks/007/functions-000491.c	-[SCAMusicSettingsPageView setHasLinkedAccount:]	
10bbf7fe4	10bbf8063	decompiled	chunks/007/functions-000491.c	-[SCAMusicSettingsPageView setLinkedProvider:]	
10bbf8064	10bbf8067	decompiled	chunks/007/functions-000491.c	-[SCAMusicSettingsPageView getFieldNumberToFieldDict]	
10bbf8068	10bbf8073	decompiled	chunks/007/functions-000491.c	-[SCAMusicSettingsPageView toProtoWithAllowedFields:]	
10bbf8074	10bbf807b	decompiled	chunks/007/functions-000491.c	-[SCAMusicSettingsPageView getPayloadIdentifier]	
10bbf807c	10bbf828b	decompiled	chunks/007/functions-000491.c	-[SCAMusicSharingPreferenceChange fromDictionary:]	
10bbf828c	10bbf8297	decompiled	chunks/007/functions-000491.c	-[SCAMusicSharingPreferenceChange getEventName]	
10bbf8298	10bbf829f	decompiled	chunks/007/functions-000491.c	-[SCAMusicSharingPreferenceChange getEventQoS]	
10bbf82a0	10bbf831f	decompiled	chunks/007/functions-000491.c	-[SCAMusicSharingPreferenceChange setPreferenceType:]	
10bbf8320	10bbf839f	decompiled	chunks/007/functions-000491.c	-[SCAMusicSharingPreferenceChange setSharingPreferenceNewValue:]	
10bbf83a0	10bbf841f	decompiled	chunks/007/functions-000491.c	-[SCAMusicSharingPreferenceChange setSharingPreferencePreviousValue:]	
10bbf8420	10bbf849f	decompiled	chunks/007/functions-000491.c	-[SCAMusicSharingPreferenceChange setUserMusicProvider:]	
10bbf84a0	10bbf84a3	decompiled	chunks/007/functions-000491.c	-[SCAMusicSharingPreferenceChange getFieldNumberToFieldDict]	
10bbf84a4	10bbf84af	decompiled	chunks/007/functions-000491.c	-[SCAMusicSharingPreferenceChange toProtoWithAllowedFields:]	
10bbf84b0	10bbf84b7	decompiled	chunks/007/functions-000491.c	-[SCAMusicSharingPreferenceChange getPayloadIdentifier]	
10bbf84b8	10bbf87c3	decompiled	chunks/007/functions-000491.c	-[SCAMusicSharingView fromDictionary:]	
10bbf87c4	10bbf87cf	decompiled	chunks/007/functions-000491.c	-[SCAMusicSharingView getEventName]	
10bbf87d0	10bbf87d7	decompiled	chunks/007/functions-000491.c	-[SCAMusicSharingView getEventQoS]	
10bbf87d8	10bbf8857	decompiled	chunks/007/functions-000491.c	-[SCAMusicSharingView setFriendMusicProvider:]	
10bbf8858	10bbf886f	decompiled	chunks/007/functions-000491.c	-[SCAMusicSharingView setIsrc:]	
10bbf8870	10bbf88c3	decompiled	chunks/007/functions-000491.c	-[SCAMusicSharingView setMapSessionId:]	
10bbf88c4	10bbf88db	decompiled	chunks/007/functions-000491.c	-[SCAMusicSharingView setMusicTrackId:]	
10bbf88dc	10bbf895b	decompiled	chunks/007/functions-000491.c	-[SCAMusicSharingView setPageType:]	
10bbf895c	10bbf8973	decompiled	chunks/007/functions-000491.c	-[SCAMusicSharingView setTargetUserGuid:]	
10bbf8974	10bbf8977	decompiled	chunks/007/functions-000491.c	-[SCAMusicSharingView getFieldNumberToFieldDict]	
10bbf8978	10bbf8983	decompiled	chunks/007/functions-000492.c	-[SCAMusicSharingView toProtoWithAllowedFields:]	
10bbf8984	10bbf898b	decompiled	chunks/007/functions-000492.c	-[SCAMusicSharingView getPayloadIdentifier]	
10bbf898c	10bbf8b1b	decompiled	chunks/007/functions-000492.c	-[SCAMusicSoundPageMetrics initWithDictionary:]	
10bbf8b1c	10bbf8b33	decompiled	chunks/007/functions-000492.c	-[SCAMusicSoundPageMetrics setContextSessionId:]	
10bbf8b34	10bbf8b4b	decompiled	chunks/007/functions-000492.c	-[SCAMusicSoundPageMetrics setMatchedTrackId:]	
10bbf8b4c	10bbf8b4f	decompiled	chunks/007/functions-000492.c	-[SCAMusicSoundPageMetrics getFieldNumberToFieldDict]	
10bbf8b50	10bbf8b5b	decompiled	chunks/007/functions-000492.c	-[SCAMusicSoundPageMetrics toProtoWithAllowedFields:]	
10bbf8b5c	10bbf8b63	decompiled	chunks/007/functions-000492.c	-[SCAMusicSoundPageMetrics getPayloadIdentifier]	
10bbf8b64	10bbf8c2f	decompiled	chunks/007/functions-000492.c	-[SCAMusicSoundRecordAction fromDictionary:]	
10bbf8c30	10bbf8c3b	decompiled	chunks/007/functions-000492.c	-[SCAMusicSoundRecordAction getEventName]	
10bbf8c3c	10bbf8c43	decompiled	chunks/007/functions-000492.c	-[SCAMusicSoundRecordAction getEventQoS]	
10bbf8c44	10bbf8cc3	decompiled	chunks/007/functions-000492.c	-[SCAMusicSoundRecordAction setAction:]	
10bbf8cc4	10bbf8ce7	decompiled	chunks/007/functions-000492.c	-[SCAMusicSoundRecordAction getFieldNumberToFieldDict]	
10bbf8ce8	10bbf8d1f	decompiled	chunks/007/functions-000492.c	-[SCAMusicSoundRecordAction addToProtoDictionary]	
10bbf8d20	10bbf8d77	decompiled	chunks/007/functions-000492.c	-[SCAMusicSoundRecordAction toProtoWithAllowedFields:]	
10bbf8d78	10bbf8d7f	decompiled	chunks/007/functions-000492.c	-[SCAMusicSoundRecordAction getPayloadIdentifier]	
10bbf8d80	10bbf8eb7	decompiled	chunks/007/functions-000492.c	-[SCAMusicSoundRecordSaveFail fromDictionary:]	
10bbf8eb8	10bbf8ec3	decompiled	chunks/007/functions-000492.c	-[SCAMusicSoundRecordSaveFail getEventName]	
10bbf8ec4	10bbf8ecb	decompiled	chunks/007/functions-000492.c	-[SCAMusicSoundRecordSaveFail getEventQoS]	
10bbf8ecc	10bbf8f4b	decompiled	chunks/007/functions-000492.c	-[SCAMusicSoundRecordSaveFail setFailureReason:]	
10bbf8f4c	10bbf8f9f	decompiled	chunks/007/functions-000492.c	-[SCAMusicSoundRecordSaveFail setIsPublic:]	
10bbf8fa0	10bbf8fc3	decompiled	chunks/007/functions-000492.c	-[SCAMusicSoundRecordSaveFail getFieldNumberToFieldDict]	
10bbf8fc4	10bbf8ffb	decompiled	chunks/007/functions-000492.c	-[SCAMusicSoundRecordSaveFail addToProtoDictionary]	
10bbf8ffc	10bbf9053	decompiled	chunks/007/functions-000492.c	-[SCAMusicSoundRecordSaveFail toProtoWithAllowedFields:]	
10bbf9054	10bbf905b	decompiled	chunks/007/functions-000492.c	-[SCAMusicSoundRecordSaveFail getPayloadIdentifier]	
10bbf905c	10bbf919f	decompiled	chunks/007/functions-000492.c	-[SCAMusicSoundRecordSaveSuccess fromDictionary:]	
10bbf91a0	10bbf91ab	decompiled	chunks/007/functions-000492.c	-[SCAMusicSoundRecordSaveSuccess getEventName]	
10bbf91ac	10bbf91b3	decompiled	chunks/007/functions-000492.c	-[SCAMusicSoundRecordSaveSuccess getEventQoS]	
10bbf91b4	10bbf9207	decompiled	chunks/007/functions-000492.c	-[SCAMusicSoundRecordSaveSuccess setIsPublic:]	
10bbf9208	10bbf921f	decompiled	chunks/007/functions-000492.c	-[SCAMusicSoundRecordSaveSuccess setMusicTrackId:]	
10bbf9220	10bbf9243	decompiled	chunks/007/functions-000492.c	-[SCAMusicSoundRecordSaveSuccess getFieldNumberToFieldDict]	
10bbf9244	10bbf927b	decompiled	chunks/007/functions-000492.c	-[SCAMusicSoundRecordSaveSuccess addToProtoDictionary]	
10bbf927c	10bbf92d3	decompiled	chunks/007/functions-000492.c	-[SCAMusicSoundRecordSaveSuccess toProtoWithAllowedFields:]	
10bbf92d4	10bbf92db	decompiled	chunks/007/functions-000492.c	-[SCAMusicSoundRecordSaveSuccess getPayloadIdentifier]	
10bbf92dc	10bbf95eb	decompiled	chunks/007/functions-000492.c	-[SCAMusicTrackEditorAction fromDictionary:]	
10bbf95ec	10bbf95f7	decompiled	chunks/007/functions-000492.c	-[SCAMusicTrackEditorAction getEventName]	
10bbf95f8	10bbf95ff	decompiled	chunks/007/functions-000492.c	-[SCAMusicTrackEditorAction getEventQoS]	
10bbf9600	10bbf9617	decompiled	chunks/007/functions-000492.c	-[SCAMusicTrackEditorAction setActionType:]	
10bbf9618	10bbf962f	decompiled	chunks/007/functions-000492.c	-[SCAMusicTrackEditorAction setMusicTrackId:]	
10bbf9630	10bbf9683	decompiled	chunks/007/functions-000492.c	-[SCAMusicTrackEditorAction setMusicTrackOffsetSec:]	
10bbf9684	10bbf96d7	decompiled	chunks/007/functions-000492.c	-[SCAMusicTrackEditorAction setScrubCount:]	
10bbf96d8	10bbf96ef	decompiled	chunks/007/functions-000492.c	-[SCAMusicTrackEditorAction setScrubDeltasSec:]	
10bbf96f0	10bbf9707	decompiled	chunks/007/functions-000492.c	-[SCAMusicTrackEditorAction setMusicLyricsStickerType:]	
10bbf9708	10bbf972b	decompiled	chunks/007/functions-000492.c	-[SCAMusicTrackEditorAction getFieldNumberToFieldDict]	
10bbf972c	10bbf9763	decompiled	chunks/007/functions-000492.c	-[SCAMusicTrackEditorAction addToProtoDictionary]	
10bbf9764	10bbf97bb	decompiled	chunks/007/functions-000492.c	-[SCAMusicTrackEditorAction toProtoWithAllowedFields:]	
10bbf97bc	10bbf97c3	decompiled	chunks/007/functions-000492.c	-[SCAMusicTrackEditorAction getPayloadIdentifier]	
10bbf97c4	10bbf99eb	decompiled	chunks/007/functions-000492.c	-[SCAMusicTrackFavorite fromDictionary:]	
10bbf99ec	10bbf99f7	decompiled	chunks/007/functions-000492.c	-[SCAMusicTrackFavorite getEventName]	
10bbf99f8	10bbf99ff	decompiled	chunks/007/functions-000492.c	-[SCAMusicTrackFavorite getEventQoS]	
10bbf9a00	10bbf9a53	decompiled	chunks/007/functions-000492.c	-[SCAMusicTrackFavorite setIsFavorited:]	
10bbf9a54	10bbf9a6b	decompiled	chunks/007/functions-000492.c	-[SCAMusicTrackFavorite setMusicTrackId:]	
10bbf9a6c	10bbf9aeb	decompiled	chunks/007/functions-000492.c	-[SCAMusicTrackFavorite setSourcePageType:]	
10bbf9aec	10bbf9b03	decompiled	chunks/007/functions-000492.c	-[SCAMusicTrackFavorite setMusicSessionId:]	
10bbf9b04	10bbf9b07	decompiled	chunks/007/functions-000492.c	-[SCAMusicTrackFavorite getFieldNumberToFieldDict]	
10bbf9b08	10bbf9b13	decompiled	chunks/007/functions-000492.c	-[SCAMusicTrackFavorite toProtoWithAllowedFields:]	
10bbf9b14	10bbf9b1b	decompiled	chunks/007/functions-000492.c	-[SCAMusicTrackFavorite getPayloadIdentifier]	
10bbf9b1c	10bbf9f0b	decompiled	chunks/007/functions-000492.c	-[SCAMusicTrackPlayback fromDictionary:]	
10bbf9f0c	10bbf9f17	decompiled	chunks/007/functions-000492.c	-[SCAMusicTrackPlayback getEventName]	
10bbf9f18	10bbf9f1f	decompiled	chunks/007/functions-000492.c	-[SCAMusicTrackPlayback getEventQoS]	
10bbf9f20	10bbf9f37	decompiled	chunks/007/functions-000492.c	-[SCAMusicTrackPlayback setMusicTrackId:]	
10bbf9f38	10bbf9f8b	decompiled	chunks/007/functions-000492.c	-[SCAMusicTrackPlayback setMusicTrackOffsetSec:]	
10bbf9f8c	10bbf9fa3	decompiled	chunks/007/functions-000492.c	-[SCAMusicTrackPlayback setPickerTab:]	
10bbf9fa4	10bbf9ff7	decompiled	chunks/007/functions-000492.c	-[SCAMusicTrackPlayback setPlaybackDurationSec:]	
10bbf9ff8	10bbfa00f	decompiled	chunks/007/functions-000492.c	-[SCAMusicTrackPlayback setSectionId:]	
10bbfa010	10bbfa063	decompiled	chunks/007/functions-000492.c	-[SCAMusicTrackPlayback setPlaybackLatencyMs:]	
10bbfa064	10bbfa07b	decompiled	chunks/007/functions-000492.c	-[SCAMusicTrackPlayback setSelectionAction:]	
10bbfa07c	10bbfa093	decompiled	chunks/007/functions-000492.c	-[SCAMusicTrackPlayback setAiSongInfo:]	
10bbfa094	10bbfa0b7	decompiled	chunks/007/functions-000492.c	-[SCAMusicTrackPlayback getFieldNumberToFieldDict]	
10bbfa0b8	10bbfa0ef	decompiled	chunks/007/functions-000492.c	-[SCAMusicTrackPlayback addToProtoDictionary]	
10bbfa0f0	10bbfa147	decompiled	chunks/007/functions-000492.c	-[SCAMusicTrackPlayback toProtoWithAllowedFields:]	
10bbfa148	10bbfa14f	decompiled	chunks/007/functions-000492.c	-[SCAMusicTrackPlayback getPayloadIdentifier]	
10bbfa150	10bbfa4bb	decompiled	chunks/007/functions-000492.c	-[SCAMusicTrackSaveAction fromDictionary:]	
10bbfa4bc	10bbfa4c7	decompiled	chunks/007/functions-000492.c	-[SCAMusicTrackSaveAction getEventName]	
10bbfa4c8	10bbfa4cf	decompiled	chunks/007/functions-000492.c	-[SCAMusicTrackSaveAction getEventQoS]	
10bbfa4d0	10bbfa54f	decompiled	chunks/007/functions-000492.c	-[SCAMusicTrackSaveAction setAction:]	
10bbfa550	10bbfa567	decompiled	chunks/007/functions-000492.c	-[SCAMusicTrackSaveAction setIsrc:]	
10bbfa568	10bbfa5bb	decompiled	chunks/007/functions-000492.c	-[SCAMusicTrackSaveAction setMapSessionId:]	
10bbfa5bc	10bbfa5d3	decompiled	chunks/007/functions-000492.c	-[SCAMusicTrackSaveAction setMusicTrackId:]	
10bbfa5d4	10bbfa653	decompiled	chunks/007/functions-000492.c	-[SCAMusicTrackSaveAction setPageType:]	
10bbfa654	10bbfa6d3	decompiled	chunks/007/functions-000492.c	-[SCAMusicTrackSaveAction setSource:]	
10bbfa6d4	10bbfa753	decompiled	chunks/007/functions-000492.c	-[SCAMusicTrackSaveAction setUserMusicProvider:]	
10bbfa754	10bbfa757	decompiled	chunks/007/functions-000492.c	-[SCAMusicTrackSaveAction getFieldNumberToFieldDict]	
10bbfa758	10bbfa763	decompiled	chunks/007/functions-000492.c	-[SCAMusicTrackSaveAction toProtoWithAllowedFields:]	
10bbfa764	10bbfa76b	decompiled	chunks/007/functions-000492.c	-[SCAMusicTrackSaveAction getPayloadIdentifier]	
10bbfa76c	10bbfa95b	decompiled	chunks/007/functions-000492.c	-[SCAMusicTrendingInfo initWithDictionary:]	
10bbfa95c	10bbfa9af	decompiled	chunks/007/functions-000492.c	-[SCAMusicTrendingInfo setRank:]	
10bbfa9b0	10bbfaa03	decompiled	chunks/007/functions-000492.c	-[SCAMusicTrendingInfo setRankChange:]	
10bbfaa04	10bbfaa1b	decompiled	chunks/007/functions-000492.c	-[SCAMusicTrendingInfo setRankMovement:]	
10bbfaa1c	10bbfaa1f	decompiled	chunks/007/functions-000492.c	-[SCAMusicTrendingInfo getFieldNumberToFieldDict]	
10bbfaa20	10bbfaa2b	decompiled	chunks/007/functions-000492.c	-[SCAMusicTrendingInfo toProtoWithAllowedFields:]	
10bbfaa2c	10bbfaa33	decompiled	chunks/007/functions-000492.c	-[SCAMusicTrendingInfo getPayloadIdentifier]	
10bbfaa34	10bbfabe3	decompiled	chunks/007/functions-000492.c	-[SCAMutualFriendsInteraction fromDictionary:]	
10bbfabe4	10bbfabef	decompiled	chunks/007/functions-000492.c	-[SCAMutualFriendsInteraction getEventName]	
10bbfabf0	10bbfabf7	decompiled	chunks/007/functions-000492.c	-[SCAMutualFriendsInteraction getEventQoS]	
10bbfabf8	10bbfac77	decompiled	chunks/007/functions-000492.c	-[SCAMutualFriendsInteraction setInteractionType:]	
10bbfac78	10bbfac8f	decompiled	chunks/007/functions-000492.c	-[SCAMutualFriendsInteraction setPageSessionId:]	
10bbfac90	10bbfad0f	decompiled	chunks/007/functions-000492.c	-[SCAMutualFriendsInteraction setSource:]	
10bbfad10	10bbfad13	decompiled	chunks/007/functions-000492.c	-[SCAMutualFriendsInteraction getFieldNumberToFieldDict]	
10bbfad14	10bbfad1f	decompiled	chunks/007/functions-000492.c	-[SCAMutualFriendsInteraction toProtoWithAllowedFields:]	
10bbfad20	10bbfad27	decompiled	chunks/007/functions-000493.c	-[SCAMutualFriendsInteraction getPayloadIdentifier]	
10bbfad28	10bbfb22f	decompiled	chunks/007/functions-000493.c	-[SCAMutualFriendsPageExit fromDictionary:]	
10bbfb230	10bbfb23b	decompiled	chunks/007/functions-000493.c	-[SCAMutualFriendsPageExit getEventName]	
10bbfb23c	10bbfb243	decompiled	chunks/007/functions-000493.c	-[SCAMutualFriendsPageExit getEventQoS]	
10bbfb244	10bbfb297	decompiled	chunks/007/functions-000493.c	-[SCAMutualFriendsPageExit setAcceptButtonShown:]	
10bbfb298	10bbfb2eb	decompiled	chunks/007/functions-000493.c	-[SCAMutualFriendsPageExit setAddFriendsCarouselShown:]	
10bbfb2ec	10bbfb33f	decompiled	chunks/007/functions-000493.c	-[SCAMutualFriendsPageExit setAddFriendsPageButtonShown:]	
10bbfb340	10bbfb393	decompiled	chunks/007/functions-000493.c	-[SCAMutualFriendsPageExit setChatButtonShown:]	
10bbfb394	10bbfb3e7	decompiled	chunks/007/functions-000493.c	-[SCAMutualFriendsPageExit setMutualFriendCount:]	
10bbfb3e8	10bbfb43b	decompiled	chunks/007/functions-000493.c	-[SCAMutualFriendsPageExit setPageLoadLatencyMs:]	
10bbfb43c	10bbfb453	decompiled	chunks/007/functions-000493.c	-[SCAMutualFriendsPageExit setPageSessionId:]	
10bbfb454	10bbfb4d3	decompiled	chunks/007/functions-000493.c	-[SCAMutualFriendsPageExit setPageState:]	
10bbfb4d4	10bbfb527	decompiled	chunks/007/functions-000493.c	-[SCAMutualFriendsPageExit setRetryCount:]	
10bbfb528	10bbfb5a7	decompiled	chunks/007/functions-000493.c	-[SCAMutualFriendsPageExit setSource:]	
10bbfb5a8	10bbfb5fb	decompiled	chunks/007/functions-000493.c	-[SCAMutualFriendsPageExit setViewTimeSecs:]	
10bbfb5fc	10bbfb5ff	decompiled	chunks/007/functions-000493.c	-[SCAMutualFriendsPageExit getFieldNumberToFieldDict]	
10bbfb600	10bbfb60b	decompiled	chunks/007/functions-000493.c	-[SCAMutualFriendsPageExit toProtoWithAllowedFields:]	
10bbfb60c	10bbfb613	decompiled	chunks/007/functions-000493.c	-[SCAMutualFriendsPageExit getPayloadIdentifier]	
10bbfb614	10bbfb757	decompiled	chunks/007/functions-000493.c	-[SCAMutualFriendsPageView fromDictionary:]	
10bbfb758	10bbfb763	decompiled	chunks/007/functions-000493.c	-[SCAMutualFriendsPageView getEventName]	
10bbfb764	10bbfb76b	decompiled	chunks/007/functions-000493.c	-[SCAMutualFriendsPageView getEventQoS]	
10bbfb76c	10bbfb783	decompiled	chunks/007/functions-000493.c	-[SCAMutualFriendsPageView setPageSessionId:]	
10bbfb784	10bbfb803	decompiled	chunks/007/functions-000493.c	-[SCAMutualFriendsPageView setSource:]	
10bbfb804	10bbfb807	decompiled	chunks/007/functions-000493.c	-[SCAMutualFriendsPageView getFieldNumberToFieldDict]	
10bbfb808	10bbfb813	decompiled	chunks/007/functions-000493.c	-[SCAMutualFriendsPageView toProtoWithAllowedFields:]	
10bbfb814	10bbfb81b	decompiled	chunks/007/functions-000493.c	-[SCAMutualFriendsPageView getPayloadIdentifier]	
10bbfb81c	10bbfba2b	decompiled	chunks/007/functions-000493.c	-[SCAMutualFriendsProfileImpression fromDictionary:]	
10bbfba2c	10bbfba37	decompiled	chunks/007/functions-000493.c	-[SCAMutualFriendsProfileImpression getEventName]	
10bbfba38	10bbfba3f	decompiled	chunks/007/functions-000493.c	-[SCAMutualFriendsProfileImpression getEventQoS]	
10bbfba40	10bbfba93	decompiled	chunks/007/functions-000493.c	-[SCAMutualFriendsProfileImpression setAvailableFriendCount:]	
10bbfba94	10bbfbae7	decompiled	chunks/007/functions-000493.c	-[SCAMutualFriendsProfileImpression setDisplayedFriendCount:]	
10bbfbae8	10bbfbb67	decompiled	chunks/007/functions-000493.c	-[SCAMutualFriendsProfileImpression setImpressionType:]	
10bbfbb68	10bbfbbe7	decompiled	chunks/007/functions-000493.c	-[SCAMutualFriendsProfileImpression setProfileType:]	
10bbfbbe8	10bbfbbeb	decompiled	chunks/007/functions-000493.c	-[SCAMutualFriendsProfileImpression getFieldNumberToFieldDict]	
10bbfbbec	10bbfbbf7	decompiled	chunks/007/functions-000493.c	-[SCAMutualFriendsProfileImpression toProtoWithAllowedFields:]	
10bbfbbf8	10bbfbbff	decompiled	chunks/007/functions-000493.c	-[SCAMutualFriendsProfileImpression getPayloadIdentifier]	
10bbfbc00	10bbfbd37	decompiled	chunks/007/functions-000493.c	-[SCAMutualFriendsSettingsUpdate fromDictionary:]	
10bbfbd38	10bbfbd43	decompiled	chunks/007/functions-000493.c	-[SCAMutualFriendsSettingsUpdate getEventName]	
10bbfbd44	10bbfbd4b	decompiled	chunks/007/functions-000493.c	-[SCAMutualFriendsSettingsUpdate getEventQoS]	
10bbfbd4c	10bbfbd9f	decompiled	chunks/007/functions-000493.c	-[SCAMutualFriendsSettingsUpdate setEnabledState:]	
10bbfbda0	10bbfbe1f	decompiled	chunks/007/functions-000493.c	-[SCAMutualFriendsSettingsUpdate setSource:]	
10bbfbe20	10bbfbe23	decompiled	chunks/007/functions-000493.c	-[SCAMutualFriendsSettingsUpdate getFieldNumberToFieldDict]	
10bbfbe24	10bbfbe2f	decompiled	chunks/007/functions-000493.c	-[SCAMutualFriendsSettingsUpdate toProtoWithAllowedFields:]	
10bbfbe30	10bbfbe37	decompiled	chunks/007/functions-000493.c	-[SCAMutualFriendsSettingsUpdate getPayloadIdentifier]	
10bbfbe38	10bbfbfe7	decompiled	chunks/007/functions-000493.c	-[SCAMutualFriendsUpsell fromDictionary:]	
10bbfbfe8	10bbfbff3	decompiled	chunks/007/functions-000493.c	-[SCAMutualFriendsUpsell getEventName]	
10bbfbff4	10bbfbffb	decompiled	chunks/007/functions-000493.c	-[SCAMutualFriendsUpsell getEventQoS]	
10bbfbffc	10bbfc07b	decompiled	chunks/007/functions-000493.c	-[SCAMutualFriendsUpsell setAction:]	
10bbfc07c	10bbfc093	decompiled	chunks/007/functions-000493.c	-[SCAMutualFriendsUpsell setPageSessionId:]	
10bbfc094	10bbfc113	decompiled	chunks/007/functions-000493.c	-[SCAMutualFriendsUpsell setSource:]	
10bbfc114	10bbfc117	decompiled	chunks/007/functions-000493.c	-[SCAMutualFriendsUpsell getFieldNumberToFieldDict]	
10bbfc118	10bbfc123	decompiled	chunks/007/functions-000493.c	-[SCAMutualFriendsUpsell toProtoWithAllowedFields:]	
10bbfc124	10bbfc12b	decompiled	chunks/007/functions-000493.c	-[SCAMutualFriendsUpsell getPayloadIdentifier]	
10bbfc12c	10bbfc263	decompiled	chunks/007/functions-000493.c	-[SCAMyAIJustInTimeAction fromDictionary:]	
10bbfc264	10bbfc26f	decompiled	chunks/007/functions-000493.c	-[SCAMyAIJustInTimeAction getEventName]	
10bbfc270	10bbfc277	decompiled	chunks/007/functions-000493.c	-[SCAMyAIJustInTimeAction getEventQoS]	
10bbfc278	10bbfc2f7	decompiled	chunks/007/functions-000493.c	-[SCAMyAIJustInTimeAction setActionType:]	
10bbfc2f8	10bbfc377	decompiled	chunks/007/functions-000493.c	-[SCAMyAIJustInTimeAction setPromptSource:]	
10bbfc378	10bbfc37b	decompiled	chunks/007/functions-000493.c	-[SCAMyAIJustInTimeAction getFieldNumberToFieldDict]	
10bbfc37c	10bbfc387	decompiled	chunks/007/functions-000493.c	-[SCAMyAIJustInTimeAction toProtoWithAllowedFields:]	
10bbfc388	10bbfc38f	decompiled	chunks/007/functions-000493.c	-[SCAMyAIJustInTimeAction getPayloadIdentifier]	
10bbfc390	10bbfc45b	decompiled	chunks/007/functions-000493.c	-[SCAMyAIJustInTimeImpression fromDictionary:]	
10bbfc45c	10bbfc467	decompiled	chunks/007/functions-000493.c	-[SCAMyAIJustInTimeImpression getEventName]	
10bbfc468	10bbfc46f	decompiled	chunks/007/functions-000493.c	-[SCAMyAIJustInTimeImpression getEventQoS]	
10bbfc470	10bbfc4ef	decompiled	chunks/007/functions-000493.c	-[SCAMyAIJustInTimeImpression setPromptSource:]	
10bbfc4f0	10bbfc4f3	decompiled	chunks/007/functions-000493.c	-[SCAMyAIJustInTimeImpression getFieldNumberToFieldDict]	
10bbfc4f4	10bbfc4ff	decompiled	chunks/007/functions-000493.c	-[SCAMyAIJustInTimeImpression toProtoWithAllowedFields:]	
10bbfc500	10bbfc507	decompiled	chunks/007/functions-000493.c	-[SCAMyAIJustInTimeImpression getPayloadIdentifier]	
10bbfc508	10bbfc6ab	decompiled	chunks/007/functions-000493.c	-[SCAMyCreatorOnboardingResult fromDictionary:]	
10bbfc6ac	10bbfc6b7	decompiled	chunks/007/functions-000493.c	-[SCAMyCreatorOnboardingResult getEventName]	
10bbfc6b8	10bbfc6bf	decompiled	chunks/007/functions-000493.c	-[SCAMyCreatorOnboardingResult getEventQoS]	
10bbfc6c0	10bbfc713	decompiled	chunks/007/functions-000493.c	-[SCAMyCreatorOnboardingResult setIsSuccessful:]	
10bbfc714	10bbfc793	decompiled	chunks/007/functions-000493.c	-[SCAMyCreatorOnboardingResult setItemType:]	
10bbfc794	10bbfc813	decompiled	chunks/007/functions-000493.c	-[SCAMyCreatorOnboardingResult setPageType:]	
10bbfc814	10bbfc817	decompiled	chunks/007/functions-000493.c	-[SCAMyCreatorOnboardingResult getFieldNumberToFieldDict]	
10bbfc818	10bbfc823	decompiled	chunks/007/functions-000493.c	-[SCAMyCreatorOnboardingResult toProtoWithAllowedFields:]	
10bbfc824	10bbfc82b	decompiled	chunks/007/functions-000493.c	-[SCAMyCreatorOnboardingResult getPayloadIdentifier]	
10bbfc82c	10bbfc9cf	decompiled	chunks/007/functions-000493.c	-[SCAMyCreatorSubscriptionPageEventBase fromDictionary:]	
10bbfc9d0	10bbfca4b	decompiled	chunks/007/functions-000493.c	-[SCAMyCreatorSubscriptionPageEventBase setPageType:]	
10bbfca4c	10bbfcac7	decompiled	chunks/007/functions-000493.c	-[SCAMyCreatorSubscriptionPageEventBase setSourcePageType:]	
10bbfcac8	10bbfcb43	decompiled	chunks/007/functions-000493.c	-[SCAMyCreatorSubscriptionPageEventBase setSourceType:]	
10bbfcb44	10bbfcc7b	decompiled	chunks/007/functions-000493.c	-[SCAMyCreatorSubscriptionPageItemAction fromDictionary:]	
10bbfcc7c	10bbfcc87	decompiled	chunks/007/functions-000493.c	-[SCAMyCreatorSubscriptionPageItemAction getEventName]	
10bbfcc88	10bbfcc8f	decompiled	chunks/007/functions-000493.c	-[SCAMyCreatorSubscriptionPageItemAction getEventQoS]	
10bbfcc90	10bbfcd0f	decompiled	chunks/007/functions-000493.c	-[SCAMyCreatorSubscriptionPageItemAction setAction:]	
10bbfcd10	10bbfcd8f	decompiled	chunks/007/functions-000493.c	-[SCAMyCreatorSubscriptionPageItemAction setSectionType:]	
10bbfcd90	10bbfcdb3	decompiled	chunks/007/functions-000493.c	-[SCAMyCreatorSubscriptionPageItemAction getFieldNumberToFieldDict]	
10bbfcdb4	10bbfcdeb	decompiled	chunks/007/functions-000493.c	-[SCAMyCreatorSubscriptionPageItemAction addToProtoDictionary]	
10bbfcdec	10bbfce43	decompiled	chunks/007/functions-000493.c	-[SCAMyCreatorSubscriptionPageItemAction toProtoWithAllowedFields:]	
10bbfce44	10bbfce4b	decompiled	chunks/007/functions-000493.c	-[SCAMyCreatorSubscriptionPageItemAction getPayloadIdentifier]	
10bbfce4c	10bbfce7f	decompiled	chunks/007/functions-000493.c	-[SCAMyCreatorSubscriptionPageOpen fromDictionary:]	
10bbfce80	10bbfce8b	decompiled	chunks/007/functions-000493.c	-[SCAMyCreatorSubscriptionPageOpen getEventName]	
10bbfce8c	10bbfce93	decompiled	chunks/007/functions-000493.c	-[SCAMyCreatorSubscriptionPageOpen getEventQoS]	
10bbfce94	10bbfceb7	decompiled	chunks/007/functions-000493.c	-[SCAMyCreatorSubscriptionPageOpen getFieldNumberToFieldDict]	
10bbfceb8	10bbfceef	decompiled	chunks/007/functions-000493.c	-[SCAMyCreatorSubscriptionPageOpen addToProtoDictionary]	
10bbfcef0	10bbfcf47	decompiled	chunks/007/functions-000493.c	-[SCAMyCreatorSubscriptionPageOpen toProtoWithAllowedFields:]	
10bbfcf48	10bbfcf4f	decompiled	chunks/007/functions-000493.c	-[SCAMyCreatorSubscriptionPageOpen getPayloadIdentifier]	
10bbfcf50	10bbfd167	decompiled	chunks/007/functions-000493.c	-[SCANativeAppealAction fromDictionary:]	
10bbfd168	10bbfd173	decompiled	chunks/007/functions-000493.c	-[SCANativeAppealAction getEventName]	
10bbfd174	10bbfd17b	decompiled	chunks/007/functions-000493.c	-[SCANativeAppealAction getEventQoS]	
10bbfd17c	10bbfd1fb	decompiled	chunks/007/functions-000494.c	-[SCANativeAppealAction setAppealAction:]	
10bbfd1fc	10bbfd213	decompiled	chunks/007/functions-000494.c	-[SCANativeAppealAction setInputUrl:]	
10bbfd214	10bbfd267	decompiled	chunks/007/functions-000494.c	-[SCANativeAppealAction setCommentLength:]	
10bbfd268	10bbfd2bb	decompiled	chunks/007/functions-000494.c	-[SCANativeAppealAction setEmailLength:]	
10bbfd2bc	10bbfd2df	decompiled	chunks/007/functions-000494.c	-[SCANativeAppealAction getFieldNumberToFieldDict]	
10bbfd2e0	10bbfd317	decompiled	chunks/007/functions-000494.c	-[SCANativeAppealAction addToProtoDictionary]	
10bbfd318	10bbfd36f	decompiled	chunks/007/functions-000494.c	-[SCANativeAppealAction toProtoWithAllowedFields:]	
10bbfd370	10bbfd377	decompiled	chunks/007/functions-000494.c	-[SCANativeAppealAction getPayloadIdentifier]	
10bbfd378	10bbfd533	decompiled	chunks/007/functions-000494.c	-[SCANativeAppealBase fromDictionary:]	
10bbfd534	10bbfd547	decompiled	chunks/007/functions-000494.c	-[SCANativeAppealBase setAppealSessionId:]	
10bbfd548	10bbfd55b	decompiled	chunks/007/functions-000494.c	-[SCANativeAppealBase setAppealUserId:]	
10bbfd55c	10bbfd5d7	decompiled	chunks/007/functions-000494.c	-[SCANativeAppealBase setPage:]	
10bbfd5d8	10bbfd71b	decompiled	chunks/007/functions-000494.c	-[SCANativeAppealDialogAction fromDictionary:]	
10bbfd71c	10bbfd727	decompiled	chunks/007/functions-000494.c	-[SCANativeAppealDialogAction getEventName]	
10bbfd728	10bbfd72f	decompiled	chunks/007/functions-000494.c	-[SCANativeAppealDialogAction getEventQoS]	
10bbfd730	10bbfd7af	decompiled	chunks/007/functions-000494.c	-[SCANativeAppealDialogAction setAppealAction:]	
10bbfd7b0	10bbfd7c7	decompiled	chunks/007/functions-000494.c	-[SCANativeAppealDialogAction setAppealSessionId:]	
10bbfd7c8	10bbfd7cb	decompiled	chunks/007/functions-000494.c	-[SCANativeAppealDialogAction getFieldNumberToFieldDict]	
10bbfd7cc	10bbfd7d7	decompiled	chunks/007/functions-000494.c	-[SCANativeAppealDialogAction toProtoWithAllowedFields:]	
10bbfd7d8	10bbfd7df	decompiled	chunks/007/functions-000494.c	-[SCANativeAppealDialogAction getPayloadIdentifier]	
10bbfd7e0	10bbfd8b7	decompiled	chunks/007/functions-000494.c	-[SCANativeAppealDialogView fromDictionary:]	
10bbfd8b8	10bbfd8c3	decompiled	chunks/007/functions-000494.c	-[SCANativeAppealDialogView getEventName]	
10bbfd8c4	10bbfd8cb	decompiled	chunks/007/functions-000494.c	-[SCANativeAppealDialogView getEventQoS]	
10bbfd8cc	10bbfd8e3	decompiled	chunks/007/functions-000494.c	-[SCANativeAppealDialogView setAppealSessionId:]	
10bbfd8e4	10bbfd8e7	decompiled	chunks/007/functions-000494.c	-[SCANativeAppealDialogView getFieldNumberToFieldDict]	
10bbfd8e8	10bbfd8f3	decompiled	chunks/007/functions-000494.c	-[SCANativeAppealDialogView toProtoWithAllowedFields:]	
10bbfd8f4	10bbfd8fb	decompiled	chunks/007/functions-000494.c	-[SCANativeAppealDialogView getPayloadIdentifier]	
10bbfd8fc	10bbfdb7f	decompiled	chunks/007/functions-000494.c	-[SCANativeAppealFormAction fromDictionary:]	
10bbfdb80	10bbfdb8b	decompiled	chunks/007/functions-000494.c	-[SCANativeAppealFormAction getEventName]	
10bbfdb8c	10bbfdb93	decompiled	chunks/007/functions-000494.c	-[SCANativeAppealFormAction getEventQoS]	
10bbfdb94	10bbfdc13	decompiled	chunks/007/functions-000494.c	-[SCANativeAppealFormAction setAppealAction:]	
10bbfdc14	10bbfdc67	decompiled	chunks/007/functions-000494.c	-[SCANativeAppealFormAction setAppealCommentLength:]	
10bbfdc68	10bbfdcbb	decompiled	chunks/007/functions-000494.c	-[SCANativeAppealFormAction setDidProvideEmail:]	
10bbfdcbc	10bbfdd0f	decompiled	chunks/007/functions-000494.c	-[SCANativeAppealFormAction setEmailLength:]	
10bbfdd10	10bbfdd27	decompiled	chunks/007/functions-000494.c	-[SCANativeAppealFormAction setAppealSessionId:]	
10bbfdd28	10bbfdd2b	decompiled	chunks/007/functions-000494.c	-[SCANativeAppealFormAction getFieldNumberToFieldDict]	
10bbfdd2c	10bbfdd37	decompiled	chunks/007/functions-000494.c	-[SCANativeAppealFormAction toProtoWithAllowedFields:]	
10bbfdd38	10bbfdd3f	decompiled	chunks/007/functions-000494.c	-[SCANativeAppealFormAction getPayloadIdentifier]	
10bbfdd40	10bbfde83	decompiled	chunks/007/functions-000494.c	-[SCANativeAppealFormView fromDictionary:]	
10bbfde84	10bbfde8f	decompiled	chunks/007/functions-000494.c	-[SCANativeAppealFormView getEventName]	
10bbfde90	10bbfde97	decompiled	chunks/007/functions-000494.c	-[SCANativeAppealFormView getEventQoS]	
10bbfde98	10bbfdeeb	decompiled	chunks/007/functions-000494.c	-[SCANativeAppealFormView setDidProvideEmail:]	
10bbfdeec	10bbfdf03	decompiled	chunks/007/functions-000494.c	-[SCANativeAppealFormView setAppealSessionId:]	
10bbfdf04	10bbfdf07	decompiled	chunks/007/functions-000494.c	-[SCANativeAppealFormView getFieldNumberToFieldDict]	
10bbfdf08	10bbfdf13	decompiled	chunks/007/functions-000494.c	-[SCANativeAppealFormView toProtoWithAllowedFields:]	
10bbfdf14	10bbfdf1b	decompiled	chunks/007/functions-000494.c	-[SCANativeAppealFormView getPayloadIdentifier]	
10bbfdf1c	10bbfe0d7	decompiled	chunks/007/functions-000494.c	-[SCANativeAppealStatusAction fromDictionary:]	
10bbfe0d8	10bbfe0e3	decompiled	chunks/007/functions-000494.c	-[SCANativeAppealStatusAction getEventName]	
10bbfe0e4	10bbfe0eb	decompiled	chunks/007/functions-000494.c	-[SCANativeAppealStatusAction getEventQoS]	
10bbfe0ec	10bbfe16b	decompiled	chunks/007/functions-000494.c	-[SCANativeAppealStatusAction setAppealAction:]	
10bbfe16c	10bbfe183	decompiled	chunks/007/functions-000494.c	-[SCANativeAppealStatusAction setAppealStatus:]	
10bbfe184	10bbfe19b	decompiled	chunks/007/functions-000494.c	-[SCANativeAppealStatusAction setAppealSessionId:]	
10bbfe19c	10bbfe19f	decompiled	chunks/007/functions-000494.c	-[SCANativeAppealStatusAction getFieldNumberToFieldDict]	
10bbfe1a0	10bbfe1ab	decompiled	chunks/007/functions-000494.c	-[SCANativeAppealStatusAction toProtoWithAllowedFields:]	
10bbfe1ac	10bbfe1b3	decompiled	chunks/007/functions-000494.c	-[SCANativeAppealStatusAction getPayloadIdentifier]	
10bbfe1b4	10bbfe37b	decompiled	chunks/007/functions-000494.c	-[SCANativeAppealStatusView fromDictionary:]	
10bbfe37c	10bbfe387	decompiled	chunks/007/functions-000494.c	-[SCANativeAppealStatusView getEventName]	
10bbfe388	10bbfe38f	decompiled	chunks/007/functions-000494.c	-[SCANativeAppealStatusView getEventQoS]	
10bbfe390	10bbfe3a7	decompiled	chunks/007/functions-000494.c	-[SCANativeAppealStatusView setAppealStatus:]	
10bbfe3a8	10bbfe3bf	decompiled	chunks/007/functions-000494.c	-[SCANativeAppealStatusView setPrevPage:]	
10bbfe3c0	10bbfe3d7	decompiled	chunks/007/functions-000494.c	-[SCANativeAppealStatusView setAppealSessionId:]	
10bbfe3d8	10bbfe3db	decompiled	chunks/007/functions-000494.c	-[SCANativeAppealStatusView getFieldNumberToFieldDict]	
10bbfe3dc	10bbfe3e7	decompiled	chunks/007/functions-000494.c	-[SCANativeAppealStatusView toProtoWithAllowedFields:]	
10bbfe3e8	10bbfe3ef	decompiled	chunks/007/functions-000494.c	-[SCANativeAppealStatusView getPayloadIdentifier]	
10bbfe3f0	10bbfe60b	decompiled	chunks/007/functions-000494.c	-[SCANativeAppealView fromDictionary:]	
10bbfe60c	10bbfe617	decompiled	chunks/007/functions-000494.c	-[SCANativeAppealView getEventName]	
10bbfe618	10bbfe61f	decompiled	chunks/007/functions-000494.c	-[SCANativeAppealView getEventQoS]	
10bbfe620	10bbfe69f	decompiled	chunks/007/functions-000494.c	-[SCANativeAppealView setAppealType:]	
10bbfe6a0	10bbfe6b7	decompiled	chunks/007/functions-000494.c	-[SCANativeAppealView setAppealStatus:]	
10bbfe6b8	10bbfe70b	decompiled	chunks/007/functions-000494.c	-[SCANativeAppealView setDidProvideEmail:]	
10bbfe70c	10bbfe78b	decompiled	chunks/007/functions-000494.c	-[SCANativeAppealView setPrevPage:]	
10bbfe78c	10bbfe7af	decompiled	chunks/007/functions-000494.c	-[SCANativeAppealView getFieldNumberToFieldDict]	
10bbfe7b0	10bbfe7e7	decompiled	chunks/007/functions-000494.c	-[SCANativeAppealView addToProtoDictionary]	
10bbfe7e8	10bbfe83f	decompiled	chunks/007/functions-000494.c	-[SCANativeAppealView toProtoWithAllowedFields:]	
10bbfe840	10bbfe847	decompiled	chunks/007/functions-000494.c	-[SCANativeAppealView getPayloadIdentifier]	
10bbfe848	10bbfe89b	decompiled	chunks/007/functions-000494.c	-[SCANetworkCondition setBandwidthMean:]	
10bbfe89c	10bbfe8ef	decompiled	chunks/007/functions-000494.c	-[SCANetworkCondition setBandwidthMedian:]	
10bbfe8f0	10bbfe943	decompiled	chunks/007/functions-000494.c	-[SCANetworkCondition setBandwidthSampleSize:]	
10bbfe944	10bbfe9c3	decompiled	chunks/007/functions-000494.c	-[SCANetworkCondition setConnectionClass:]	
10bbfe9c4	10bbfe9c7	decompiled	chunks/007/functions-000494.c	-[SCANetworkCondition getFieldNumberToFieldDict]	
10bbfe9c8	10bbfe9d3	decompiled	chunks/007/functions-000494.c	-[SCANetworkCondition toProtoWithAllowedFields:]	
10bbfe9d4	10bbfe9db	decompiled	chunks/007/functions-000494.c	-[SCANetworkCondition getPayloadIdentifier]	
10bbfe9dc	10bbfea2f	decompiled	chunks/007/functions-000494.c	-[SCANetworkRequestSnapshot setBytesDownloaded:]	
10bbfea30	10bbfea47	decompiled	chunks/007/functions-000494.c	-[SCANetworkRequestSnapshot setContentId:]	
10bbfea48	10bbfea9b	decompiled	chunks/007/functions-000494.c	-[SCANetworkRequestSnapshot setContentLength:]	
10bbfea9c	10bbfeaef	decompiled	chunks/007/functions-000494.c	-[SCANetworkRequestSnapshot setExecutingMs:]	
10bbfeaf0	10bbfeb43	decompiled	chunks/007/functions-000494.c	-[SCANetworkRequestSnapshot setImportance:]	
10bbfeb44	10bbfeb5b	decompiled	chunks/007/functions-000494.c	-[SCANetworkRequestSnapshot setMediaContextType:]	
10bbfeb5c	10bbfebaf	decompiled	chunks/007/functions-000494.c	-[SCANetworkRequestSnapshot setNetworkRequestPageId:]	
10bbfebb0	10bbfec03	decompiled	chunks/007/functions-000494.c	-[SCANetworkRequestSnapshot setOperaStallIndex:]	
10bbfec04	10bbfec57	decompiled	chunks/007/functions-000494.c	-[SCANetworkRequestSnapshot setPreemptionCount:]	
10bbfec58	10bbfecd7	decompiled	chunks/007/functions-000494.c	-[SCANetworkRequestSnapshot setPriority:]	
10bbfecd8	10bbfed2b	decompiled	chunks/007/functions-000494.c	-[SCANetworkRequestSnapshot setQueuedMs:]	
10bbfed2c	10bbfed7f	decompiled	chunks/007/functions-000494.c	-[SCANetworkRequestSnapshot setRangeEnd:]	
10bbfed80	10bbfedd3	decompiled	chunks/007/functions-000494.c	-[SCANetworkRequestSnapshot setRangeStart:]	
10bbfedd4	10bbfedeb	decompiled	chunks/007/functions-000494.c	-[SCANetworkRequestSnapshot setRequestId:]	
10bbfedec	10bbfee6b	decompiled	chunks/007/functions-000494.c	-[SCANetworkRequestSnapshot setRequestState:]	
10bbfee6c	10bbfeebf	decompiled	chunks/007/functions-000494.c	-[SCANetworkRequestSnapshot setRequestTrigger:]	
10bbfeec0	10bbfef13	decompiled	chunks/007/functions-000494.c	-[SCANetworkRequestSnapshot setRetryCount:]	
10bbfef14	10bbfef67	decompiled	chunks/007/functions-000494.c	-[SCANetworkRequestSnapshot setStallDurationThreshold:]	
10bbfef68	10bbfefbb	decompiled	chunks/007/functions-000495.c	-[SCANetworkRequestSnapshot setTtfbMs:]	
10bbfefbc	10bbfefd3	decompiled	chunks/007/functions-000495.c	-[SCANetworkRequestSnapshot setUrl:]	
10bbfefd4	10bbff053	decompiled	chunks/007/functions-000495.c	-[SCANetworkRequestSnapshot setRequestType:]	
10bbff054	10bbff057	decompiled	chunks/007/functions-000495.c	-[SCANetworkRequestSnapshot getFieldNumberToFieldDict]	
10bbff058	10bbff063	decompiled	chunks/007/functions-000495.c	-[SCANetworkRequestSnapshot toProtoWithAllowedFields:]	
10bbff064	10bbff06b	decompiled	chunks/007/functions-000495.c	-[SCANetworkRequestSnapshot getPayloadIdentifier]	
10bbff06c	10bbff0bf	decompiled	chunks/007/functions-000495.c	-[SCANetworkSnapshotStats setNetworkSnapshotPopulatedMs:]	
10bbff0c0	10bbff113	decompiled	chunks/007/functions-000495.c	-[SCANetworkSnapshotStats setNetworkSnapshotRetrievalMs:]	
10bbff114	10bbff167	decompiled	chunks/007/functions-000495.c	-[SCANetworkSnapshotStats setOperaStallIndex:]	
10bbff168	10bbff16b	decompiled	chunks/007/functions-000495.c	-[SCANetworkSnapshotStats getFieldNumberToFieldDict]	
10bbff16c	10bbff177	decompiled	chunks/007/functions-000495.c	-[SCANetworkSnapshotStats toProtoWithAllowedFields:]	
10bbff178	10bbff17f	decompiled	chunks/007/functions-000495.c	-[SCANetworkSnapshotStats getPayloadIdentifier]	
10bbff180	10bbff257	decompiled	chunks/007/functions-000495.c	-[SCANotificationCenterAction fromDictionary:]	
10bbff258	10bbff263	decompiled	chunks/007/functions-000495.c	-[SCANotificationCenterAction getEventName]	
10bbff264	10bbff26b	decompiled	chunks/007/functions-000495.c	-[SCANotificationCenterAction getEventQoS]	
10bbff26c	10bbff283	decompiled	chunks/007/functions-000495.c	-[SCANotificationCenterAction setButtonName:]	
10bbff284	10bbff2a7	decompiled	chunks/007/functions-000495.c	-[SCANotificationCenterAction getFieldNumberToFieldDict]	
10bbff2a8	10bbff2df	decompiled	chunks/007/functions-000495.c	-[SCANotificationCenterAction addToProtoDictionary]	
10bbff2e0	10bbff337	decompiled	chunks/007/functions-000495.c	-[SCANotificationCenterAction toProtoWithAllowedFields:]	
10bbff338	10bbff33f	decompiled	chunks/007/functions-000495.c	-[SCANotificationCenterAction getPayloadIdentifier]	
10bbff340	10bbff477	decompiled	chunks/007/functions-000495.c	-[SCANotificationCenterIconImpression fromDictionary:]	
10bbff478	10bbff483	decompiled	chunks/007/functions-000495.c	-[SCANotificationCenterIconImpression getEventName]	
10bbff484	10bbff48b	decompiled	chunks/007/functions-000495.c	-[SCANotificationCenterIconImpression getEventQoS]	
10bbff48c	10bbff4df	decompiled	chunks/007/functions-000495.c	-[SCANotificationCenterIconImpression setBadgeCount:]	
10bbff4e0	10bbff55f	decompiled	chunks/007/functions-000495.c	-[SCANotificationCenterIconImpression setPage:]	
10bbff560	10bbff563	decompiled	chunks/007/functions-000495.c	-[SCANotificationCenterIconImpression getFieldNumberToFieldDict]	
10bbff564	10bbff56f	decompiled	chunks/007/functions-000495.c	-[SCANotificationCenterIconImpression toProtoWithAllowedFields:]	
10bbff570	10bbff577	decompiled	chunks/007/functions-000495.c	-[SCANotificationCenterIconImpression getPayloadIdentifier]	
10bbff578	10bbff6ab	decompiled	chunks/007/functions-000495.c	-[SCANotificationCenterPageOpen fromDictionary:]	
10bbff6ac	10bbff6b7	decompiled	chunks/007/functions-000495.c	-[SCANotificationCenterPageOpen getEventName]	
10bbff6b8	10bbff6bf	decompiled	chunks/007/functions-000495.c	-[SCANotificationCenterPageOpen getEventQoS]	
10bbff6c0	10bbff713	decompiled	chunks/007/functions-000495.c	-[SCANotificationCenterPageOpen setIsBadged:]	
10bbff714	10bbff767	decompiled	chunks/007/functions-000495.c	-[SCANotificationCenterPageOpen setNotifNum:]	
10bbff768	10bbff78b	decompiled	chunks/007/functions-000495.c	-[SCANotificationCenterPageOpen getFieldNumberToFieldDict]	
10bbff78c	10bbff7c3	decompiled	chunks/007/functions-000495.c	-[SCANotificationCenterPageOpen addToProtoDictionary]	
10bbff7c4	10bbff81b	decompiled	chunks/007/functions-000495.c	-[SCANotificationCenterPageOpen toProtoWithAllowedFields:]	
10bbff81c	10bbff823	decompiled	chunks/007/functions-000495.c	-[SCANotificationCenterPageOpen getPayloadIdentifier]	
10bbff824	10bbff8ef	decompiled	chunks/007/functions-000495.c	-[SCANotificationCommunicationOnlyOsPermissionChange fromDictionary:]	
10bbff8f0	10bbff8fb	decompiled	chunks/007/functions-000495.c	-[SCANotificationCommunicationOnlyOsPermissionChange getEventName]	
10bbff8fc	10bbff903	decompiled	chunks/007/functions-000495.c	-[SCANotificationCommunicationOnlyOsPermissionChange getEventQoS]	
10bbff904	10bbff957	decompiled	chunks/007/functions-000495.c	-[SCANotificationCommunicationOnlyOsPermissionChange setOsNotificationsEnabled:]	
10bbff958	10bbff95b	decompiled	chunks/007/functions-000495.c	-[SCANotificationCommunicationOnlyOsPermissionChange getFieldNumberToFieldDict]	
10bbff95c	10bbff967	decompiled	chunks/007/functions-000495.c	-[SCANotificationCommunicationOnlyOsPermissionChange toProtoWithAllowedFields:]	
10bbff968	10bbff96f	decompiled	chunks/007/functions-000495.c	-[SCANotificationCommunicationOnlyOsPermissionChange getPayloadIdentifier]	
10bbff970	10bbffa3b	decompiled	chunks/007/functions-000495.c	-[SCANotificationCommunicationOnlyToggleChange fromDictionary:]	
10bbffa3c	10bbffa47	decompiled	chunks/007/functions-000495.c	-[SCANotificationCommunicationOnlyToggleChange getEventName]	
10bbffa48	10bbffa4f	decompiled	chunks/007/functions-000495.c	-[SCANotificationCommunicationOnlyToggleChange getEventQoS]	
10bbffa50	10bbffaa3	decompiled	chunks/007/functions-000495.c	-[SCANotificationCommunicationOnlyToggleChange setEnabled:]	
10bbffaa4	10bbffaa7	decompiled	chunks/007/functions-000495.c	-[SCANotificationCommunicationOnlyToggleChange getFieldNumberToFieldDict]	
10bbffaa8	10bbffab3	decompiled	chunks/007/functions-000495.c	-[SCANotificationCommunicationOnlyToggleChange toProtoWithAllowedFields:]	
10bbffab4	10bbffabb	decompiled	chunks/007/functions-000495.c	-[SCANotificationCommunicationOnlyToggleChange getPayloadIdentifier]	
10bbffabc	10bbffaef	decompiled	chunks/007/functions-000495.c	-[SCANotificationCommunicationOnlyToggleImpression fromDictionary:]	
10bbffaf0	10bbffafb	decompiled	chunks/007/functions-000495.c	-[SCANotificationCommunicationOnlyToggleImpression getEventName]	
10bbffafc	10bbffb03	decompiled	chunks/007/functions-000495.c	-[SCANotificationCommunicationOnlyToggleImpression getEventQoS]	
10bbffb04	10bbffb07	decompiled	chunks/007/functions-000495.c	-[SCANotificationCommunicationOnlyToggleImpression getFieldNumberToFieldDict]	
10bbffb08	10bbffb13	decompiled	chunks/007/functions-000495.c	-[SCANotificationCommunicationOnlyToggleImpression toProtoWithAllowedFields:]	
10bbffb14	10bbffb1b	decompiled	chunks/007/functions-000495.c	-[SCANotificationCommunicationOnlyToggleImpression getPayloadIdentifier]	
10bbffb1c	10bc024d3	decompiled	chunks/007/functions-000495.c	-[SCANotificationsSettingPanelExit fromDictionary:]	
10bc024d4	10bc024df	decompiled	chunks/007/functions-000495.c	-[SCANotificationsSettingPanelExit getEventName]	
10bc024e0	10bc024e7	decompiled	chunks/007/functions-000495.c	-[SCANotificationsSettingPanelExit getEventQoS]	
10bc024e8	10bc0253b	decompiled	chunks/007/functions-000495.c	-[SCANotificationsSettingPanelExit setNewValueBestFriendsSounds:]	
10bc0253c	10bc0258f	decompiled	chunks/007/functions-000495.c	-[SCANotificationsSettingPanelExit setNewValueCreativeTools:]	
10bc02590	10bc025e3	decompiled	chunks/007/functions-000495.c	-[SCANotificationsSettingPanelExit setNewValueFriendSuggestions:]	
10bc025e4	10bc02637	decompiled	chunks/007/functions-000495.c	-[SCANotificationsSettingPanelExit setNewValueFriendTags:]	
10bc02638	10bc0268b	decompiled	chunks/007/functions-000495.c	-[SCANotificationsSettingPanelExit setNewValueFriendsBirthday:]	
10bc0268c	10bc026df	decompiled	chunks/007/functions-000495.c	-[SCANotificationsSettingPanelExit setNewValueMemories:]	
10bc026e0	10bc02733	decompiled	chunks/007/functions-000495.c	-[SCANotificationsSettingPanelExit setNewValueMessageReminders:]	
10bc02734	10bc02787	decompiled	chunks/007/functions-000495.c	-[SCANotificationsSettingPanelExit setNewValueStories:]	
10bc02788	10bc027db	decompiled	chunks/007/functions-000495.c	-[SCANotificationsSettingPanelExit setOldValueBestFriendsSounds:]	
10bc027dc	10bc0282f	decompiled	chunks/007/functions-000495.c	-[SCANotificationsSettingPanelExit setOldValueCreativeTools:]	
10bc02830	10bc02883	decompiled	chunks/007/functions-000495.c	-[SCANotificationsSettingPanelExit setOldValueFriendSuggestions:]	
10bc02884	10bc028d7	decompiled	chunks/007/functions-000495.c	-[SCANotificationsSettingPanelExit setOldValueFriendTags:]	
10bc028d8	10bc0292b	decompiled	chunks/007/functions-000495.c	-[SCANotificationsSettingPanelExit setOldValueFriendsBirthday:]	
10bc0292c	10bc0297f	decompiled	chunks/007/functions-000495.c	-[SCANotificationsSettingPanelExit setOldValueMemories:]	
10bc02980	10bc029d3	decompiled	chunks/007/functions-000495.c	-[SCANotificationsSettingPanelExit setOldValueMessageReminders:]	
10bc029d4	10bc02a27	decompiled	chunks/007/functions-000495.c	-[SCANotificationsSettingPanelExit setOldValueStories:]	
10bc02a28	10bc02a7b	decompiled	chunks/007/functions-000495.c	-[SCANotificationsSettingPanelExit setNewValueTrendingPublicContent:]	
10bc02a7c	10bc02acf	decompiled	chunks/007/functions-000495.c	-[SCANotificationsSettingPanelExit setOldValueTrendingPublicContent:]	
10bc02ad0	10bc02b23	decompiled	chunks/007/functions-000495.c	-[SCANotificationsSettingPanelExit setNewValueMapNotifications:]	
10bc02b24	10bc02b77	decompiled	chunks/007/functions-000495.c	-[SCANotificationsSettingPanelExit setOldValueMapNotifications:]	
10bc02b78	10bc02bcb	decompiled	chunks/007/functions-000495.c	-[SCANotificationsSettingPanelExit setNewValueFriendStoriesContacts:]	
10bc02bcc	10bc02c1f	decompiled	chunks/007/functions-000495.c	-[SCANotificationsSettingPanelExit setNewValueFriendStoriesPrivate:]	
10bc02c20	10bc02c73	decompiled	chunks/007/functions-000495.c	-[SCANotificationsSettingPanelExit setNewValueFriendStoriesRegular:]	
10bc02c74	10bc02cc7	decompiled	chunks/007/functions-000495.c	-[SCANotificationsSettingPanelExit setNewValueFriendSuggestionsContacts:]	
10bc02cc8	10bc02d1b	decompiled	chunks/007/functions-000495.c	-[SCANotificationsSettingPanelExit setNewValueFriendSuggestionsPending:]	
10bc02d1c	10bc02d6f	decompiled	chunks/007/functions-000495.c	-[SCANotificationsSettingPanelExit setNewValueFriendSuggestionsRegular:]	
10bc02d70	10bc02dc3	decompiled	chunks/007/functions-000495.c	-[SCANotificationsSettingPanelExit setNewValueMessageRemindersFriend:]	
10bc02dc4	10bc02e17	decompiled	chunks/007/functions-000495.c	-[SCANotificationsSettingPanelExit setNewValueMessageRemindersPending:]	
10bc02e18	10bc02e6b	decompiled	chunks/007/functions-000495.c	-[SCANotificationsSettingPanelExit setNewValuePublicContentContacts:]	
10bc02e6c	10bc02ebf	decompiled	chunks/007/functions-000495.c	-[SCANotificationsSettingPanelExit setNewValuePublicContentPersonalized:]	
10bc02ec0	10bc02f13	decompiled	chunks/007/functions-000495.c	-[SCANotificationsSettingPanelExit setNewValuePublicContentSubscription:]	
10bc02f14	10bc02f67	decompiled	chunks/007/functions-000495.c	-[SCANotificationsSettingPanelExit setNewValuePublicContentTrending:]	
10bc02f68	10bc02fbb	decompiled	chunks/007/functions-000495.c	-[SCANotificationsSettingPanelExit setOldValueFriendStoriesContacts:]	
10bc02fbc	10bc0300f	decompiled	chunks/007/functions-000495.c	-[SCANotificationsSettingPanelExit setOldValueFriendStoriesPrivate:]	
10bc03010	10bc03063	decompiled	chunks/007/functions-000495.c	-[SCANotificationsSettingPanelExit setOldValueFriendStoriesRegular:]	
10bc03064	10bc030b7	decompiled	chunks/007/functions-000495.c	-[SCANotificationsSettingPanelExit setOldValueFriendSuggestionsContacts:]	
10bc030b8	10bc0310b	decompiled	chunks/007/functions-000495.c	-[SCANotificationsSettingPanelExit setOldValueFriendSuggestionsPending:]	
10bc0310c	10bc0315f	decompiled	chunks/007/functions-000495.c	-[SCANotificationsSettingPanelExit setOldValueFriendSuggestionsRegular:]	
10bc03160	10bc031b3	decompiled	chunks/007/functions-000495.c	-[SCANotificationsSettingPanelExit setOldValueMessageRemindersFriend:]	
10bc031b4	10bc03207	decompiled	chunks/007/functions-000495.c	-[SCANotificationsSettingPanelExit setOldValueMessageRemindersPending:]	
10bc03208	10bc0325b	decompiled	chunks/007/functions-000496.c	-[SCANotificationsSettingPanelExit setOldValuePublicContentContacts:]	
10bc0325c	10bc032af	decompiled	chunks/007/functions-000496.c	-[SCANotificationsSettingPanelExit setOldValuePublicContentPersonalized:]	
10bc032b0	10bc03303	decompiled	chunks/007/functions-000496.c	-[SCANotificationsSettingPanelExit setOldValuePublicContentSubscription:]	
10bc03304	10bc03357	decompiled	chunks/007/functions-000496.c	-[SCANotificationsSettingPanelExit setOldValuePublicContentTrending:]	
10bc03358	10bc033ab	decompiled	chunks/007/functions-000496.c	-[SCANotificationsSettingPanelExit setNewValueMemoriesCameraRollFlashback:]	
10bc033ac	10bc033ff	decompiled	chunks/007/functions-000496.c	-[SCANotificationsSettingPanelExit setNewValueMemoriesChatFlashback:]	
10bc03400	10bc03453	decompiled	chunks/007/functions-000496.c	-[SCANotificationsSettingPanelExit setNewValueMemoriesDailyFlashback:]	
10bc03454	10bc034a7	decompiled	chunks/007/functions-000496.c	-[SCANotificationsSettingPanelExit setNewValueMemoriesMonthlyRecap:]	
10bc034a8	10bc034fb	decompiled	chunks/007/functions-000496.c	-[SCANotificationsSettingPanelExit setNewValueMemoriesPersonalizedFlashback:]	
10bc034fc	10bc0354f	decompiled	chunks/007/functions-000496.c	-[SCANotificationsSettingPanelExit setNewValueMemoriesPlaceFlashback:]	
10bc03550	10bc035a3	decompiled	chunks/007/functions-000496.c	-[SCANotificationsSettingPanelExit setNewValueMemoriesRandomDayFlashback:]	
10bc035a4	10bc035f7	decompiled	chunks/007/functions-000496.c	-[SCANotificationsSettingPanelExit setOldValueMemoriesCameraRollFlashback:]	
10bc035f8	10bc0364b	decompiled	chunks/007/functions-000496.c	-[SCANotificationsSettingPanelExit setOldValueMemoriesChatFlashback:]	
10bc0364c	10bc0369f	decompiled	chunks/007/functions-000496.c	-[SCANotificationsSettingPanelExit setOldValueMemoriesDailyFlashback:]	
10bc036a0	10bc036f3	decompiled	chunks/007/functions-000496.c	-[SCANotificationsSettingPanelExit setOldValueMemoriesMonthlyRecap:]	
10bc036f4	10bc03747	decompiled	chunks/007/functions-000496.c	-[SCANotificationsSettingPanelExit setOldValueMemoriesPersonalizedFlashback:]	
10bc03748	10bc0379b	decompiled	chunks/007/functions-000496.c	-[SCANotificationsSettingPanelExit setOldValueMemoriesPlaceFlashback:]	
10bc0379c	10bc037ef	decompiled	chunks/007/functions-000496.c	-[SCANotificationsSettingPanelExit setOldValueMemoriesRandomDayFlashback:]	
10bc037f0	10bc03843	decompiled	chunks/007/functions-000496.c	-[SCANotificationsSettingPanelExit setNewValueAiSnaps:]	
10bc03844	10bc03897	decompiled	chunks/007/functions-000496.c	-[SCANotificationsSettingPanelExit setNewValueBitmojisInNotifications:]	
10bc03898	10bc038eb	decompiled	chunks/007/functions-000496.c	-[SCANotificationsSettingPanelExit setNewValueComments:]	
10bc038ec	10bc0393f	decompiled	chunks/007/functions-000496.c	-[SCANotificationsSettingPanelExit setNewValueFamilyCenter:]	
10bc03940	10bc03993	decompiled	chunks/007/functions-000496.c	-[SCANotificationsSettingPanelExit setNewValueFriendPosts:]	
10bc03994	10bc039e7	decompiled	chunks/007/functions-000496.c	-[SCANotificationsSettingPanelExit setNewValueFriendReposts:]	
10bc039e8	10bc03a3b	decompiled	chunks/007/functions-000496.c	-[SCANotificationsSettingPanelExit setNewValueGameActivity:]	
10bc03a3c	10bc03a8f	decompiled	chunks/007/functions-000496.c	-[SCANotificationsSettingPanelExit setNewValueMyCommunities:]	
10bc03a90	10bc03ae3	decompiled	chunks/007/functions-000496.c	-[SCANotificationsSettingPanelExit setNewValueMyStories:]	
10bc03ae4	10bc03b37	decompiled	chunks/007/functions-000496.c	-[SCANotificationsSettingPanelExit setNewValueMyTopicChats:]	
10bc03b38	10bc03b8b	decompiled	chunks/007/functions-000496.c	-[SCANotificationsSettingPanelExit setNewValuePinnedAsWidget:]	
10bc03b8c	10bc03bdf	decompiled	chunks/007/functions-000496.c	-[SCANotificationsSettingPanelExit setNewValuePromotionalMessages:]	
10bc03be0	10bc03c33	decompiled	chunks/007/functions-000496.c	-[SCANotificationsSettingPanelExit setNewValuePromotions:]	
10bc03c34	10bc03c87	decompiled	chunks/007/functions-000496.c	-[SCANotificationsSettingPanelExit setNewValueSnapchatPlus:]	
10bc03c88	10bc03cdb	decompiled	chunks/007/functions-000496.c	-[SCANotificationsSettingPanelExit setNewValueSpotlightAndSnapMapSubmissions:]	
10bc03cdc	10bc03d2f	decompiled	chunks/007/functions-000496.c	-[SCANotificationsSettingPanelExit setNewValueSpotlightRecommendations:]	
10bc03d30	10bc03d83	decompiled	chunks/007/functions-000496.c	-[SCANotificationsSettingPanelExit setNewValueStoryRecommendations:]	
10bc03d84	10bc03dd7	decompiled	chunks/007/functions-000496.c	-[SCANotificationsSettingPanelExit setNewValueSuggestedTopicChats:]	
10bc03dd8	10bc03e2b	decompiled	chunks/007/functions-000496.c	-[SCANotificationsSettingPanelExit setNewValueTransactionalMessages:]	
10bc03e2c	10bc03e7f	decompiled	chunks/007/functions-000496.c	-[SCANotificationsSettingPanelExit setOldValueAiSnaps:]	
10bc03e80	10bc03ed3	decompiled	chunks/007/functions-000496.c	-[SCANotificationsSettingPanelExit setOldValueBitmojisInNotifications:]	
10bc03ed4	10bc03f27	decompiled	chunks/007/functions-000496.c	-[SCANotificationsSettingPanelExit setOldValueComments:]	
10bc03f28	10bc03f7b	decompiled	chunks/007/functions-000496.c	-[SCANotificationsSettingPanelExit setOldValueFamilyCenter:]	
10bc03f7c	10bc03fcf	decompiled	chunks/007/functions-000496.c	-[SCANotificationsSettingPanelExit setOldValueFriendPosts:]	
10bc03fd0	10bc04023	decompiled	chunks/007/functions-000496.c	-[SCANotificationsSettingPanelExit setOldValueFriendReposts:]	
10bc04024	10bc04077	decompiled	chunks/007/functions-000496.c	-[SCANotificationsSettingPanelExit setOldValueGameActivity:]	
10bc04078	10bc040cb	decompiled	chunks/007/functions-000496.c	-[SCANotificationsSettingPanelExit setOldValueMyCommunities:]	
10bc040cc	10bc0411f	decompiled	chunks/007/functions-000496.c	-[SCANotificationsSettingPanelExit setOldValueMyStories:]	
10bc04120	10bc04173	decompiled	chunks/007/functions-000496.c	-[SCANotificationsSettingPanelExit setOldValueMyTopicChats:]	
10bc04174	10bc041c7	decompiled	chunks/007/functions-000496.c	-[SCANotificationsSettingPanelExit setOldValuePinnedAsWidget:]	
10bc041c8	10bc0421b	decompiled	chunks/007/functions-000496.c	-[SCANotificationsSettingPanelExit setOldValuePromotionalMessages:]	
10bc0421c	10bc0426f	decompiled	chunks/007/functions-000496.c	-[SCANotificationsSettingPanelExit setOldValuePromotions:]	
10bc04270	10bc042c3	decompiled	chunks/007/functions-000496.c	-[SCANotificationsSettingPanelExit setOldValueSnapchatPlus:]	
10bc042c4	10bc04317	decompiled	chunks/007/functions-000496.c	-[SCANotificationsSettingPanelExit setOldValueSpotlightAndSnapMapSubmissions:]	
10bc04318	10bc0436b	decompiled	chunks/007/functions-000496.c	-[SCANotificationsSettingPanelExit setOldValueSpotlightRecommendations:]	
10bc0436c	10bc043bf	decompiled	chunks/007/functions-000496.c	-[SCANotificationsSettingPanelExit setOldValueStoryRecommendations:]	
10bc043c0	10bc04413	decompiled	chunks/007/functions-000496.c	-[SCANotificationsSettingPanelExit setOldValueSuggestedTopicChats:]	
10bc04414	10bc04467	decompiled	chunks/007/functions-000496.c	-[SCANotificationsSettingPanelExit setOldValueTransactionalMessages:]	
10bc04468	10bc044bb	decompiled	chunks/007/functions-000496.c	-[SCANotificationsSettingPanelExit setNewValueCommunicationOnly:]	
10bc044bc	10bc0450f	decompiled	chunks/007/functions-000496.c	-[SCANotificationsSettingPanelExit setOldValueCommunicationOnly:]	
10bc04510	10bc04513	decompiled	chunks/007/functions-000496.c	-[SCANotificationsSettingPanelExit getFieldNumberToFieldDict]	
10bc04514	10bc0451f	decompiled	chunks/007/functions-000496.c	-[SCANotificationsSettingPanelExit toProtoWithAllowedFields:]	
10bc04520	10bc04527	decompiled	chunks/007/functions-000496.c	-[SCANotificationsSettingPanelExit getPayloadIdentifier]	
10bc04528	10bc055bb	decompiled	chunks/007/functions-000496.c	-[SCAOffPlatformShare fromDictionary:]	
10bc055bc	10bc055c7	decompiled	chunks/007/functions-000496.c	-[SCAOffPlatformShare getEventName]	
10bc055c8	10bc055cf	decompiled	chunks/007/functions-000496.c	-[SCAOffPlatformShare getEventQoS]	
10bc055d0	10bc055e7	decompiled	chunks/007/functions-000496.c	-[SCAOffPlatformShare setCaptureSessionId:]	
10bc055e8	10bc05667	decompiled	chunks/007/functions-000496.c	-[SCAOffPlatformShare setDestinationSelected:]	
10bc05668	10bc056bb	decompiled	chunks/007/functions-000496.c	-[SCAOffPlatformShare setDestinationTimeSpent:]	
10bc056bc	10bc057a3	decompiled	chunks/007/functions-000496.c	-[SCAOffPlatformShare setDestinationsAvailable:]	
10bc057a4	10bc057f7	decompiled	chunks/007/functions-000496.c		
10bc057f8	10bc058df	decompiled	chunks/007/functions-000496.c	-[SCAOffPlatformShare setDestinationsSeen:]	
10bc058e0	10bc05933	decompiled	chunks/007/functions-000496.c		
10bc05934	10bc0594b	decompiled	chunks/007/functions-000496.c	-[SCAOffPlatformShare setSendtoSessionId:]	
10bc0594c	10bc0599f	decompiled	chunks/007/functions-000496.c	-[SCAOffPlatformShare setSessionTimeSec:]	
10bc059a0	10bc05a1f	decompiled	chunks/007/functions-000496.c	-[SCAOffPlatformShare setSource:]	
10bc05a20	10bc05a9f	decompiled	chunks/007/functions-000496.c	-[SCAOffPlatformShare setShareSheetType:]	
10bc05aa0	10bc05b1f	decompiled	chunks/007/functions-000496.c	-[SCAOffPlatformShare setDeepLinkSource:]	
10bc05b20	10bc05b37	decompiled	chunks/007/functions-000496.c	-[SCAOffPlatformShare setDeepLinkUrl:]	
10bc05b38	10bc05b4f	decompiled	chunks/007/functions-000496.c	-[SCAOffPlatformShare setShortLinkUrl:]	
10bc05b50	10bc05bcf	decompiled	chunks/007/functions-000496.c	-[SCAOffPlatformShare setMediaType:]	
10bc05bd0	10bc05be7	decompiled	chunks/007/functions-000496.c	-[SCAOffPlatformShare setShareChannel:]	
10bc05be8	10bc05bff	decompiled	chunks/007/functions-000496.c	-[SCAOffPlatformShare setFilterLensId:]	
10bc05c00	10bc05c17	decompiled	chunks/007/functions-000496.c	-[SCAOffPlatformShare setShareId:]	
10bc05c18	10bc05c6b	decompiled	chunks/007/functions-000496.c	-[SCAOffPlatformShare setHasWatermark:]	
10bc05c6c	10bc05ceb	decompiled	chunks/007/functions-000496.c	-[SCAOffPlatformShare setShareResult:]	
10bc05cec	10bc05d3f	decompiled	chunks/007/functions-000496.c	-[SCAOffPlatformShare setMultiSelectionCount:]	
10bc05d40	10bc05d87	decompiled	chunks/007/functions-000496.c	-[SCAOffPlatformShare setHashedPhoneNumbers:]	
10bc05d88	10bc05e07	decompiled	chunks/007/functions-000496.c	-[SCAOffPlatformShare setProductMediaType:]	
10bc05e08	10bc05e1f	decompiled	chunks/007/functions-000496.c	-[SCAOffPlatformShare setShareSessionId:]	
10bc05e20	10bc05e73	decompiled	chunks/007/functions-000496.c	-[SCAOffPlatformShare setExportMediaCount:]	
10bc05e74	10bc05ebb	decompiled	chunks/007/functions-000496.c	-[SCAOffPlatformShare setDreamsTemplateIds:]	
10bc05ebc	10bc05ed3	decompiled	chunks/007/functions-000496.c	-[SCAOffPlatformShare setPosterId:]	
10bc05ed4	10bc05eeb	decompiled	chunks/007/functions-000496.c	-[SCAOffPlatformShare setSnapId:]	
10bc05eec	10bc05f03	decompiled	chunks/007/functions-000496.c	-[SCAOffPlatformShare setAdId:]	
10bc05f04	10bc05f1b	decompiled	chunks/007/functions-000496.c	-[SCAOffPlatformShare setAdServeItemId:]	
10bc05f1c	10bc05f33	decompiled	chunks/007/functions-000496.c	-[SCAOffPlatformShare setClientProcessingType:]	
10bc05f34	10bc05f4b	decompiled	chunks/007/functions-000496.c	-[SCAOffPlatformShare setGalleryCollectionCategory:]	
10bc05f4c	10bc05f4f	decompiled	chunks/007/functions-000496.c	-[SCAOffPlatformShare getFieldNumberToFieldDict]	
10bc05f50	10bc05f5b	decompiled	chunks/007/functions-000496.c	-[SCAOffPlatformShare toProtoWithAllowedFields:]	
10bc05f5c	10bc05f63	decompiled	chunks/007/functions-000496.c	-[SCAOffPlatformShare getPayloadIdentifier]	
10bc05f64	10bc0611b	decompiled	chunks/007/functions-000496.c	-[SCAOnDeviceMLModelCache fromDictionary:]	
10bc0611c	10bc06127	decompiled	chunks/007/functions-000497.c	-[SCAOnDeviceMLModelCache getEventName]	
10bc06128	10bc0612f	decompiled	chunks/007/functions-000497.c	-[SCAOnDeviceMLModelCache getEventQoS]	
10bc06130	10bc06177	decompiled	chunks/007/functions-000497.c	-[SCAOnDeviceMLModelCache setCachedAssetsChecksumsList:]	
10bc06178	10bc0617b	decompiled	chunks/007/functions-000497.c	-[SCAOnDeviceMLModelCache getFieldNumberToFieldDict]	
10bc0617c	10bc06187	decompiled	chunks/007/functions-000497.c	-[SCAOnDeviceMLModelCache toProtoWithAllowedFields:]	
10bc06188	10bc0618f	decompiled	chunks/007/functions-000497.c	-[SCAOnDeviceMLModelCache getPayloadIdentifier]	
10bc06190	10bc066b7	decompiled	chunks/007/functions-000497.c	-[SCAOnDeviceMLModelDownload fromDictionary:]	
10bc066b8	10bc066c3	decompiled	chunks/007/functions-000497.c	-[SCAOnDeviceMLModelDownload getEventName]	
10bc066c4	10bc066cb	decompiled	chunks/007/functions-000497.c	-[SCAOnDeviceMLModelDownload getEventQoS]	
10bc066cc	10bc0674b	decompiled	chunks/007/functions-000497.c	-[SCAOnDeviceMLModelDownload setAction:]	
10bc0674c	10bc0679f	decompiled	chunks/007/functions-000497.c	-[SCAOnDeviceMLModelDownload setDownloadTimeSec:]	
10bc067a0	10bc067b7	decompiled	chunks/007/functions-000497.c	-[SCAOnDeviceMLModelDownload setJobId:]	
10bc067b8	10bc067cf	decompiled	chunks/007/functions-000497.c	-[SCAOnDeviceMLModelDownload setMediaId:]	
10bc067d0	10bc06823	decompiled	chunks/007/functions-000497.c	-[SCAOnDeviceMLModelDownload setSizeByte:]	
10bc06824	10bc06877	decompiled	chunks/007/functions-000497.c	-[SCAOnDeviceMLModelDownload setStatusCode:]	
10bc06878	10bc0688f	decompiled	chunks/007/functions-000497.c	-[SCAOnDeviceMLModelDownload setUrl:]	
10bc06890	10bc068e3	decompiled	chunks/007/functions-000497.c	-[SCAOnDeviceMLModelDownload setIsFromCache:]	
10bc068e4	10bc06937	decompiled	chunks/007/functions-000497.c	-[SCAOnDeviceMLModelDownload setIsStreamingDownload:]	
10bc06938	10bc0698b	decompiled	chunks/007/functions-000497.c	-[SCAOnDeviceMLModelDownload setNetworkErrorCode:]	
10bc0698c	10bc069df	decompiled	chunks/007/functions-000497.c	-[SCAOnDeviceMLModelDownload setIsForeground:]	
10bc069e0	10bc069e3	decompiled	chunks/007/functions-000497.c	-[SCAOnDeviceMLModelDownload getFieldNumberToFieldDict]	
10bc069e4	10bc069ef	decompiled	chunks/007/functions-000497.c	-[SCAOnDeviceMLModelDownload toProtoWithAllowedFields:]	
10bc069f0	10bc069f7	decompiled	chunks/007/functions-000497.c	-[SCAOnDeviceMLModelDownload getPayloadIdentifier]	
10bc069f8	10bc06c73	decompiled	chunks/007/functions-000497.c	-[SCAOnboardingEducationEvent fromDictionary:]	
10bc06c74	10bc06c7f	decompiled	chunks/007/functions-000497.c	-[SCAOnboardingEducationEvent getEventName]	
10bc06c80	10bc06c87	decompiled	chunks/007/functions-000497.c	-[SCAOnboardingEducationEvent getEventQoS]	
10bc06c88	10bc06d07	decompiled	chunks/007/functions-000497.c	-[SCAOnboardingEducationEvent setEvent:]	
10bc06d08	10bc06d87	decompiled	chunks/007/functions-000497.c	-[SCAOnboardingEducationEvent setType:]	
10bc06d88	10bc06ddb	decompiled	chunks/007/functions-000497.c	-[SCAOnboardingEducationEvent setActionPosition:]	
10bc06ddc	10bc06e5b	decompiled	chunks/007/functions-000497.c	-[SCAOnboardingEducationEvent setEntryType:]	
10bc06e5c	10bc06edb	decompiled	chunks/007/functions-000497.c	-[SCAOnboardingEducationEvent setSubEvent:]	
10bc06edc	10bc06edf	decompiled	chunks/007/functions-000497.c	-[SCAOnboardingEducationEvent getFieldNumberToFieldDict]	
10bc06ee0	10bc06eeb	decompiled	chunks/007/functions-000497.c	-[SCAOnboardingEducationEvent toProtoWithAllowedFields:]	
10bc06eec	10bc06ef3	decompiled	chunks/007/functions-000497.c	-[SCAOnboardingEducationEvent getPayloadIdentifier]	
10bc06ef4	10bc06f47	decompiled	chunks/007/functions-000497.c	-[SCAOperaFrameDrop setElapsedTimeMs:]	
10bc06f48	10bc06f9b	decompiled	chunks/007/functions-000497.c	-[SCAOperaFrameDrop setFrameDropCount:]	
10bc06f9c	10bc06fef	decompiled	chunks/007/functions-000497.c	-[SCAOperaFrameDrop setMediaTimeMs:]	
10bc06ff0	10bc06ff3	decompiled	chunks/007/functions-000497.c	-[SCAOperaFrameDrop getFieldNumberToFieldDict]	
10bc06ff4	10bc06fff	decompiled	chunks/007/functions-000497.c	-[SCAOperaFrameDrop toProtoWithAllowedFields:]	
10bc07000	10bc07007	decompiled	chunks/007/functions-000497.c	-[SCAOperaFrameDrop getPayloadIdentifier]	
10bc07008	10bc0705b	decompiled	chunks/007/functions-000497.c	-[SCAOperaLoadingIndicator setElapsedTimeMsSincePageStart:]	
10bc0705c	10bc070af	decompiled	chunks/007/functions-000497.c	-[SCAOperaLoadingIndicator setLoadingDurationMs:]	
10bc070b0	10bc07103	decompiled	chunks/007/functions-000497.c	-[SCAOperaLoadingIndicator setLoadingOnPageStart:]	
10bc07104	10bc07183	decompiled	chunks/007/functions-000497.c	-[SCAOperaLoadingIndicator setLocation:]	
10bc07184	10bc07203	decompiled	chunks/007/functions-000497.c	-[SCAOperaLoadingIndicator setDisplayReason:]	
10bc07204	10bc07283	decompiled	chunks/007/functions-000497.c	-[SCAOperaLoadingIndicator setHideReason:]	
10bc07284	10bc07287	decompiled	chunks/007/functions-000497.c	-[SCAOperaLoadingIndicator getFieldNumberToFieldDict]	
10bc07288	10bc07293	decompiled	chunks/007/functions-000497.c	-[SCAOperaLoadingIndicator toProtoWithAllowedFields:]	
10bc07294	10bc0729b	decompiled	chunks/007/functions-000497.c	-[SCAOperaLoadingIndicator getPayloadIdentifier]	
10bc0729c	10bc072a7	decompiled	chunks/007/functions-000497.c	-[SCAOperaSnapPlayback getEventName]	
10bc072a8	10bc072af	decompiled	chunks/007/functions-000497.c	-[SCAOperaSnapPlayback getEventQoS]	
10bc072b0	10bc07303	decompiled	chunks/007/functions-000497.c	-[SCAOperaSnapPlayback setDroppedFrameCount:]	
10bc07304	10bc07383	decompiled	chunks/007/functions-000497.c	-[SCAOperaSnapPlayback setEntryEvent:]	
10bc07384	10bc07403	decompiled	chunks/007/functions-000497.c	-[SCAOperaSnapPlayback setEntryIntent:]	
10bc07404	10bc07483	decompiled	chunks/007/functions-000497.c	-[SCAOperaSnapPlayback setExitEvent:]	
10bc07484	10bc07503	decompiled	chunks/007/functions-000497.c	-[SCAOperaSnapPlayback setExitIntent:]	
10bc07504	10bc07557	decompiled	chunks/007/functions-000497.c	-[SCAOperaSnapPlayback setLongformVideo:]	
10bc07558	10bc075ab	decompiled	chunks/007/functions-000497.c	-[SCAOperaSnapPlayback setMediaDurationMs:]	
10bc075ac	10bc075c3	decompiled	chunks/007/functions-000497.c	-[SCAOperaSnapPlayback setMediaEncoding:]	
10bc075c4	10bc075db	decompiled	chunks/007/functions-000497.c	-[SCAOperaSnapPlayback setMediaEncodingVariant:]	
10bc075dc	10bc075f3	decompiled	chunks/007/functions-000497.c	-[SCAOperaSnapPlayback setMediaGroupId:]	
10bc075f4	10bc0760b	decompiled	chunks/007/functions-000497.c	-[SCAOperaSnapPlayback setMediaId:]	
10bc0760c	10bc07623	decompiled	chunks/007/functions-000497.c	-[SCAOperaSnapPlayback setMediaPlaybackSessionId:]	
10bc07624	10bc076a3	decompiled	chunks/007/functions-000497.c	-[SCAOperaSnapPlayback setMediaType:]	
10bc076a4	10bc076eb	decompiled	chunks/007/functions-000497.c	-[SCAOperaSnapPlayback setMediaVariants:]	
10bc076ec	10bc0773f	decompiled	chunks/007/functions-000497.c	-[SCAOperaSnapPlayback setMidPlaybackStallCount:]	
10bc07740	10bc07793	decompiled	chunks/007/functions-000497.c	-[SCAOperaSnapPlayback setMidPlaybackStallDurationTotalMs:]	
10bc07794	10bc07813	decompiled	chunks/007/functions-000497.c	-[SCAOperaSnapPlayback setNavigationType:]	
10bc07814	10bc0782b	decompiled	chunks/007/functions-000497.c	-[SCAOperaSnapPlayback setOperaSessionId:]	
10bc0782c	10bc07873	decompiled	chunks/007/functions-000497.c	-[SCAOperaSnapPlayback setOperaStalls:]	
10bc07874	10bc078f3	decompiled	chunks/007/functions-000497.c	-[SCAOperaSnapPlayback setOperaVersion:]	
10bc078f4	10bc0790b	decompiled	chunks/007/functions-000497.c	-[SCAOperaSnapPlayback setPageId:]	
10bc0790c	10bc07953	decompiled	chunks/007/functions-000497.c	-[SCAOperaSnapPlayback setPlaybackEvents:]	
10bc07954	10bc079d3	decompiled	chunks/007/functions-000497.c	-[SCAOperaSnapPlayback setPlaybackItemType:]	
10bc079d4	10bc07a53	decompiled	chunks/007/functions-000497.c	-[SCAOperaSnapPlayback setPlaybackMode:]	
10bc07a54	10bc07a9b	decompiled	chunks/007/functions-000497.c	-[SCAOperaSnapPlayback setProductContext:]	
10bc07a9c	10bc07aef	decompiled	chunks/007/functions-000497.c	-[SCAOperaSnapPlayback setSnapViewIndex:]	
10bc07af0	10bc07b43	decompiled	chunks/007/functions-000497.c	-[SCAOperaSnapPlayback setStallDurationOnStartMs:]	
10bc07b44	10bc07b97	decompiled	chunks/007/functions-000497.c	-[SCAOperaSnapPlayback setStalledOnExit:]	
10bc07b98	10bc07beb	decompiled	chunks/007/functions-000497.c	-[SCAOperaSnapPlayback setStalledOnStart:]	
10bc07bec	10bc07c3f	decompiled	chunks/007/functions-000497.c	-[SCAOperaSnapPlayback setTimeToStartLoadingMediaMs:]	
10bc07c40	10bc07cbf	decompiled	chunks/007/functions-000497.c	-[SCAOperaSnapPlayback setViewSource:]	
10bc07cc0	10bc07d13	decompiled	chunks/007/functions-000497.c	-[SCAOperaSnapPlayback setViewTimeMs:]	
10bc07d14	10bc07d67	decompiled	chunks/007/functions-000497.c	-[SCAOperaSnapPlayback setViewportHeightPx:]	
10bc07d68	10bc07dbb	decompiled	chunks/007/functions-000497.c	-[SCAOperaSnapPlayback setViewportWidthPx:]	
10bc07dbc	10bc07e0f	decompiled	chunks/007/functions-000497.c	-[SCAOperaSnapPlayback setWatchTimeMs:]	
10bc07e10	10bc07e63	decompiled	chunks/007/functions-000497.c	-[SCAOperaSnapPlayback setResolutionHeight:]	
10bc07e64	10bc07eb7	decompiled	chunks/007/functions-000497.c	-[SCAOperaSnapPlayback setResolutionWidth:]	
10bc07eb8	10bc07eff	decompiled	chunks/007/functions-000497.c	-[SCAOperaSnapPlayback setMediaRenderers:]	
10bc07f00	10bc07f7f	decompiled	chunks/007/functions-000497.c	-[SCAOperaSnapPlayback setPlayerType:]	
10bc07f80	10bc07fc7	decompiled	chunks/007/functions-000497.c	-[SCAOperaSnapPlayback setOperaLoadingIndicatorHistory:]	
10bc07fc8	10bc07fdf	decompiled	chunks/007/functions-000497.c	-[SCAOperaSnapPlayback setContentId:]	
10bc07fe0	10bc0805f	decompiled	chunks/007/functions-000497.c	-[SCAOperaSnapPlayback setItemType:]	
10bc08060	10bc080b3	decompiled	chunks/007/functions-000497.c	-[SCAOperaSnapPlayback setIsFragmentedMp4:]	
10bc080b4	10bc08107	decompiled	chunks/007/functions-000497.c	-[SCAOperaSnapPlayback setSpinnerOnExit:]	
10bc08108	10bc0815b	decompiled	chunks/007/functions-000497.c	-[SCAOperaSnapPlayback setConnectionPlaybackBandwidthBps:]	
10bc0815c	10bc081af	decompiled	chunks/007/functions-000497.c	-[SCAOperaSnapPlayback setIsUltraHdr:]	
10bc081b0	10bc081f7	decompiled	chunks/007/functions-000497.c	-[SCAOperaSnapPlayback setNetworkQueueSnapshot:]	
10bc081f8	10bc0823f	decompiled	chunks/007/functions-000497.c	-[SCAOperaSnapPlayback setNetworkSnapshotsStatsList:]	
10bc08240	10bc08293	decompiled	chunks/007/functions-000497.c	-[SCAOperaSnapPlayback setVideoFrameRate:]	
10bc08294	10bc082db	decompiled	chunks/007/functions-000498.c	-[SCAOperaSnapPlayback setVsrPlayback:]	
10bc082dc	10bc0832f	decompiled	chunks/007/functions-000498.c	-[SCAOperaSnapPlayback setResolvedBitrate:]	
10bc08330	10bc08383	decompiled	chunks/007/functions-000498.c	-[SCAOperaSnapPlayback setResolvedHeight:]	
10bc08384	10bc083d7	decompiled	chunks/007/functions-000498.c	-[SCAOperaSnapPlayback setResolvedVQA:]	
10bc083d8	10bc08457	decompiled	chunks/007/functions-000498.c	-[SCAOperaSnapPlayback setResolvedVideoCodec:]	
10bc08458	10bc084ab	decompiled	chunks/007/functions-000498.c	-[SCAOperaSnapPlayback setResolvedWidth:]	
10bc084ac	10bc084f3	decompiled	chunks/007/functions-000498.c	-[SCAOperaSnapPlayback setMediaVariantsAnalytics:]	
10bc084f4	10bc0853b	decompiled	chunks/007/functions-000498.c	-[SCAOperaSnapPlayback setOperaFrameDrops:]	
10bc0853c	10bc0858f	decompiled	chunks/007/functions-000498.c	-[SCAOperaSnapPlayback setWaitMs:]	
10bc08590	10bc085d7	decompiled	chunks/007/functions-000498.c	-[SCAOperaSnapPlayback setPlaybackSummary:]	
10bc085d8	10bc0909f	decompiled	chunks/007/functions-000498.c	-[SCAOperaSnapPlayback prepareDictionary:]	
10bc090a0	10bc090a3	decompiled	chunks/007/functions-000498.c	-[SCAOperaSnapPlayback getFieldNumberToFieldDict]	
10bc090a4	10bc090af	decompiled	chunks/007/functions-000498.c	-[SCAOperaSnapPlayback toProtoWithAllowedFields:]	
10bc090b0	10bc090b7	decompiled	chunks/007/functions-000498.c	-[SCAOperaSnapPlayback getPayloadIdentifier]	
10bc090b8	10bc090cf	decompiled	chunks/007/functions-000498.c	-[SCAOperaStall setBandwidthConnectionClass:]	
10bc090d0	10bc09123	decompiled	chunks/007/functions-000498.c	-[SCAOperaStall setDurationMs:]	
10bc09124	10bc09177	decompiled	chunks/007/functions-000498.c	-[SCAOperaStall setElapsedTimeMs:]	
10bc09178	10bc091cb	decompiled	chunks/007/functions-000498.c	-[SCAOperaStall setMediaTimeMs:]	
10bc091cc	10bc0924b	decompiled	chunks/007/functions-000498.c	-[SCAOperaStall setType:]	
10bc0924c	10bc0929f	decompiled	chunks/007/functions-000498.c	-[SCAOperaStall setIsStartStall:]	
10bc092a0	10bc092f3	decompiled	chunks/007/functions-000498.c	-[SCAOperaStall setBandwidthBps:]	
10bc092f4	10bc09347	decompiled	chunks/007/functions-000498.c	-[SCAOperaStall setExitOnStall:]	
10bc09348	10bc0939b	decompiled	chunks/007/functions-000498.c	-[SCAOperaStall setMediaHasStartedPlaying:]	
10bc0939c	10bc093ef	decompiled	chunks/007/functions-000498.c	-[SCAOperaStall setNetworkSnapshotRequestCount:]	
10bc093f0	10bc093f3	decompiled	chunks/007/functions-000498.c	-[SCAOperaStall getFieldNumberToFieldDict]	
10bc093f4	10bc093ff	decompiled	chunks/007/functions-000498.c	-[SCAOperaStall toProtoWithAllowedFields:]	
10bc09400	10bc09407	decompiled	chunks/007/functions-000498.c	-[SCAOperaStall getPayloadIdentifier]	
10bc09408	10bc0941f	decompiled	chunks/007/functions-000498.c	-[SCAPage setFeature:]	
10bc09420	10bc09473	decompiled	chunks/007/functions-000498.c	-[SCAPage setPageViewId:]	
10bc09474	10bc09477	decompiled	chunks/007/functions-000498.c	-[SCAPage getFieldNumberToFieldDict]	
10bc09478	10bc09483	decompiled	chunks/007/functions-000498.c	-[SCAPage toProtoWithAllowedFields:]	
10bc09484	10bc0948b	decompiled	chunks/007/functions-000498.c	-[SCAPage getPayloadIdentifier]	
10bc0948c	10bc0967b	decompiled	chunks/007/functions-000498.c	-[SCAPageEntryInfo initWithDictionary:]	
10bc0967c	10bc096fb	decompiled	chunks/007/functions-000498.c	-[SCAPageEntryInfo setEntryType:]	
10bc096fc	10bc0977b	decompiled	chunks/007/functions-000498.c	-[SCAPageEntryInfo setSourcePage:]	
10bc0977c	10bc09793	decompiled	chunks/007/functions-000498.c	-[SCAPageEntryInfo setSourcePageSessionId:]	
10bc09794	10bc09797	decompiled	chunks/007/functions-000498.c	-[SCAPageEntryInfo getFieldNumberToFieldDict]	
10bc09798	10bc097a3	decompiled	chunks/007/functions-000498.c	-[SCAPageEntryInfo toProtoWithAllowedFields:]	
10bc097a4	10bc097ab	decompiled	chunks/007/functions-000498.c	-[SCAPageEntryInfo getPayloadIdentifier]	
10bc097ac	10bc0991f	decompiled	chunks/007/functions-000498.c	-[SCAPageExitInfo initWithDictionary:]	
10bc09920	10bc0999f	decompiled	chunks/007/functions-000498.c	-[SCAPageExitInfo setExitType:]	
10bc099a0	10bc099f3	decompiled	chunks/007/functions-000498.c	-[SCAPageExitInfo setViewTimeSecs:]	
10bc099f4	10bc099f7	decompiled	chunks/007/functions-000498.c	-[SCAPageExitInfo getFieldNumberToFieldDict]	
10bc099f8	10bc09a03	decompiled	chunks/007/functions-000498.c	-[SCAPageExitInfo toProtoWithAllowedFields:]	
10bc09a04	10bc09a0b	decompiled	chunks/007/functions-000498.c	-[SCAPageExitInfo getPayloadIdentifier]	
10bc09a0c	10bc09c7f	decompiled	chunks/007/functions-000498.c	-[SCAPageInstanceInfo initWithDictionary:]	
10bc09c80	10bc09c97	decompiled	chunks/007/functions-000498.c	-[SCAPageInstanceInfo setPageId:]	
10bc09c98	10bc09caf	decompiled	chunks/007/functions-000498.c	-[SCAPageInstanceInfo setPageSessionId:]	
10bc09cb0	10bc09d2f	decompiled	chunks/007/functions-000498.c	-[SCAPageInstanceInfo setPageType:]	
10bc09d30	10bc09d47	decompiled	chunks/007/functions-000498.c	-[SCAPageInstanceInfo setPageTypeSpecific:]	
10bc09d48	10bc09d4b	decompiled	chunks/007/functions-000498.c	-[SCAPageInstanceInfo getFieldNumberToFieldDict]	
10bc09d4c	10bc09d57	decompiled	chunks/007/functions-000498.c	-[SCAPageInstanceInfo toProtoWithAllowedFields:]	
10bc09d58	10bc09d5f	decompiled	chunks/007/functions-000498.c	-[SCAPageInstanceInfo getPayloadIdentifier]	
10bc09d60	10bc0a117	decompiled	chunks/007/functions-000498.c	-[SCAPageItemInfo initWithDictionary:]	
10bc0a118	10bc0a12f	decompiled	chunks/007/functions-000498.c	-[SCAPageItemInfo setItemAppearance:]	
10bc0a130	10bc0a147	decompiled	chunks/007/functions-000498.c	-[SCAPageItemInfo setItemId:]	
10bc0a148	10bc0a19b	decompiled	chunks/007/functions-000498.c	-[SCAPageItemInfo setItemPos:]	
10bc0a19c	10bc0a21b	decompiled	chunks/007/functions-000498.c	-[SCAPageItemInfo setItemType:]	
10bc0a21c	10bc0a233	decompiled	chunks/007/functions-000498.c	-[SCAPageItemInfo setItemTypeSpecific:]	
10bc0a234	10bc0a2b3	decompiled	chunks/007/functions-000498.c	-[SCAPageItemInfo setSectionLayout:]	
10bc0a2b4	10bc0a307	decompiled	chunks/007/functions-000498.c	-[SCAPageItemInfo setSectionUpdateId:]	
10bc0a308	10bc0a30b	decompiled	chunks/007/functions-000498.c	-[SCAPageItemInfo getFieldNumberToFieldDict]	
10bc0a30c	10bc0a317	decompiled	chunks/007/functions-000498.c	-[SCAPageItemInfo toProtoWithAllowedFields:]	
10bc0a318	10bc0a31f	decompiled	chunks/007/functions-000498.c	-[SCAPageItemInfo getPayloadIdentifier]	
10bc0a320	10bc0a497	decompiled	chunks/007/functions-000498.c	-[SCAPageLoadEvent initWithDictionary:]	
10bc0a498	10bc0a4eb	decompiled	chunks/007/functions-000498.c	-[SCAPageLoadEvent setElapsedTimeMs:]	
10bc0a4ec	10bc0a56b	decompiled	chunks/007/functions-000498.c	-[SCAPageLoadEvent setType:]	
10bc0a56c	10bc0a56f	decompiled	chunks/007/functions-000498.c	-[SCAPageLoadEvent getFieldNumberToFieldDict]	
10bc0a570	10bc0a57b	decompiled	chunks/007/functions-000498.c	-[SCAPageLoadEvent toProtoWithAllowedFields:]	
10bc0a57c	10bc0a583	decompiled	chunks/007/functions-000498.c	-[SCAPageLoadEvent getPayloadIdentifier]	
10bc0a584	10bc0a63f	decompiled	chunks/007/functions-000498.c	-[SCAPageOpenBase fromDictionary:]	
10bc0a640	10bc0a683	decompiled	chunks/007/functions-000498.c	-[SCAPageOpenBase setPageEntryInfo:]	
10bc0a684	10bc0a6c7	decompiled	chunks/007/functions-000498.c	-[SCAPageOpenBase setPageInstanceInfo:]	
10bc0a6c8	10bc0a7e7	decompiled	chunks/007/functions-000498.c	-[SCAPageOpenBase prepareDictionary:]	
10bc0a7e8	10bc0ab27	decompiled	chunks/007/functions-000498.c	-[SCAPageSectionInfo initWithDictionary:]	
10bc0ab28	10bc0aba7	decompiled	chunks/007/functions-000498.c	-[SCAPageSectionInfo setPageLayout:]	
10bc0aba8	10bc0abfb	decompiled	chunks/007/functions-000498.c	-[SCAPageSectionInfo setPageUpdateId:]	
10bc0abfc	10bc0ac13	decompiled	chunks/007/functions-000498.c	-[SCAPageSectionInfo setSectionId:]	
10bc0ac14	10bc0ac67	decompiled	chunks/007/functions-000498.c	-[SCAPageSectionInfo setSectionPos:]	
10bc0ac68	10bc0ace7	decompiled	chunks/007/functions-000498.c	-[SCAPageSectionInfo setSectionType:]	
10bc0ace8	10bc0acff	decompiled	chunks/007/functions-000498.c	-[SCAPageSectionInfo setSectionTypeSpecific:]	
10bc0ad00	10bc0ad03	decompiled	chunks/007/functions-000498.c	-[SCAPageSectionInfo getFieldNumberToFieldDict]	
10bc0ad04	10bc0ad0f	decompiled	chunks/007/functions-000498.c	-[SCAPageSectionInfo toProtoWithAllowedFields:]	
10bc0ad10	10bc0ad17	decompiled	chunks/007/functions-000498.c	-[SCAPageSectionInfo getPayloadIdentifier]	
10bc0ad18	10bc0c873	decompiled	chunks/007/functions-000498.c	-[SCAPageSendtoSessionEnd fromDictionary:]	
10bc0c874	10bc0c87f	decompiled	chunks/007/functions-000498.c	-[SCAPageSendtoSessionEnd getEventName]	
10bc0c880	10bc0c887	decompiled	chunks/007/functions-000498.c	-[SCAPageSendtoSessionEnd getEventQoS]	
10bc0c888	10bc0c8db	decompiled	chunks/007/functions-000498.c	-[SCAPageSendtoSessionEnd setBestFriendsDeselectAllActionCount:]	
10bc0c8dc	10bc0c92f	decompiled	chunks/007/functions-000498.c	-[SCAPageSendtoSessionEnd setBestFriendsSelectAllActionCount:]	
10bc0c930	10bc0c9af	decompiled	chunks/007/functions-000498.c	-[SCAPageSendtoSessionEnd setBestFriendsSelectAllLastActionType:]	
10bc0c9b0	10bc0c9c7	decompiled	chunks/007/functions-000498.c	-[SCAPageSendtoSessionEnd setCaptureSessionId:]	
10bc0c9c8	10bc0ca1b	decompiled	chunks/007/functions-000498.c	-[SCAPageSendtoSessionEnd setDidDismissRealTimeSuggestions:]	
10bc0ca1c	10bc0ca6f	decompiled	chunks/007/functions-000498.c	-[SCAPageSendtoSessionEnd setListsAvailable:]	
10bc0ca70	10bc0cac3	decompiled	chunks/007/functions-000498.c	-[SCAPageSendtoSessionEnd setListsViewed:]	
10bc0cac4	10bc0cb0b	decompiled	chunks/007/functions-000498.c	-[SCAPageSendtoSessionEnd setRankingSessionMetadata:]	
10bc0cb0c	10bc0cb23	decompiled	chunks/007/functions-000498.c	-[SCAPageSendtoSessionEnd setRecipientsPreselected:]	
10bc0cb24	10bc0cb3b	decompiled	chunks/007/functions-000498.c	-[SCAPageSendtoSessionEnd setSectionsAvailable:]	
10bc0cb3c	10bc0cb53	decompiled	chunks/007/functions-000498.c	-[SCAPageSendtoSessionEnd setSectionsFriendsSeen:]	
10bc0cb54	10bc0cb6b	decompiled	chunks/007/functions-000498.c	-[SCAPageSendtoSessionEnd setSectionsFriendsSelected:]	
10bc0cb6c	10bc0cb83	decompiled	chunks/007/functions-000498.c	-[SCAPageSendtoSessionEnd setSectionsNonSnapchattersAvailable:]	
10bc0cb84	10bc0cb9b	decompiled	chunks/007/functions-000499.c	-[SCAPageSendtoSessionEnd setSectionsNonSnapchattersSeen:]	
10bc0cb9c	10bc0cbb3	decompiled	chunks/007/functions-000499.c	-[SCAPageSendtoSessionEnd setSectionsNonSnapchattersSelected:]	
10bc0cbb4	10bc0cbcb	decompiled	chunks/007/functions-000499.c	-[SCAPageSendtoSessionEnd setSectionsOurStoryTagsSeen:]	
10bc0cbcc	10bc0cc4b	decompiled	chunks/007/functions-000499.c	-[SCAPageSendtoSessionEnd setSendtoFirstSelectSection:]	
10bc0cc4c	10bc0cc63	decompiled	chunks/007/functions-000499.c	-[SCAPageSendtoSessionEnd setSendtoSessionId:]	
10bc0cc64	10bc0ccb7	decompiled	chunks/007/functions-000499.c	-[SCAPageSendtoSessionEnd setSendtoSessionSearchTimeSec:]	
10bc0ccb8	10bc0cd0b	decompiled	chunks/007/functions-000499.c	-[SCAPageSendtoSessionEnd setSendtoSessionTimeSec:]	
10bc0cd0c	10bc0cd5f	decompiled	chunks/007/functions-000499.c	-[SCAPageSendtoSessionEnd setShareSheetAvailable:]	
10bc0cd60	10bc0cd77	decompiled	chunks/007/functions-000499.c	-[SCAPageSendtoSessionEnd setSnapId:]	
10bc0cd78	10bc0cdf7	decompiled	chunks/007/functions-000499.c	-[SCAPageSendtoSessionEnd setSource:]	
10bc0cdf8	10bc0ce77	decompiled	chunks/007/functions-000499.c	-[SCAPageSendtoSessionEnd setStatus:]	
10bc0ce78	10bc0cebf	decompiled	chunks/007/functions-000499.c	-[SCAPageSendtoSessionEnd setStoriesAvailable:]	
10bc0cec0	10bc0ced7	decompiled	chunks/007/functions-000499.c	-[SCAPageSendtoSessionEnd setStoriesSeen:]	
10bc0ced8	10bc0ceef	decompiled	chunks/007/functions-000499.c	-[SCAPageSendtoSessionEnd setStoriesSelected:]	
10bc0cef0	10bc0cf43	decompiled	chunks/007/functions-000499.c	-[SCAPageSendtoSessionEnd setStoriesViewMoreIndex:]	
10bc0cf44	10bc0cf97	decompiled	chunks/007/functions-000499.c	-[SCAPageSendtoSessionEnd setStoriesViewMoreTapped:]	
10bc0cf98	10bc0cfaf	decompiled	chunks/007/functions-000499.c	-[SCAPageSendtoSessionEnd setStoryTypesAvailable:]	
10bc0cfb0	10bc0cfc7	decompiled	chunks/007/functions-000499.c	-[SCAPageSendtoSessionEnd setStoryTypesSeen:]	
10bc0cfc8	10bc0cfdf	decompiled	chunks/007/functions-000499.c	-[SCAPageSendtoSessionEnd setStoryTypesSelected:]	
10bc0cfe0	10bc0cff7	decompiled	chunks/007/functions-000499.c	-[SCAPageSendtoSessionEnd setSectionsContactsAvailable:]	
10bc0cff8	10bc0d00f	decompiled	chunks/007/functions-000499.c	-[SCAPageSendtoSessionEnd setSectionsContactsSeen:]	
10bc0d010	10bc0d027	decompiled	chunks/007/functions-000499.c	-[SCAPageSendtoSessionEnd setSectionsContactsSelected:]	
10bc0d028	10bc0d03f	decompiled	chunks/007/functions-000499.c	-[SCAPageSendtoSessionEnd setContextSessionId:]	
10bc0d040	10bc0d0bf	decompiled	chunks/007/functions-000499.c	-[SCAPageSendtoSessionEnd setMediaType:]	
10bc0d0c0	10bc0d13f	decompiled	chunks/007/functions-000499.c	-[SCAPageSendtoSessionEnd setMessageType:]	
10bc0d140	10bc0d157	decompiled	chunks/007/functions-000499.c	-[SCAPageSendtoSessionEnd setParcelType:]	
10bc0d158	10bc0d16f	decompiled	chunks/007/functions-000499.c	-[SCAPageSendtoSessionEnd setCommerceSessionId:]	
10bc0d170	10bc0d187	decompiled	chunks/007/functions-000499.c	-[SCAPageSendtoSessionEnd setContextualListsAvailable:]	
10bc0d188	10bc0d20f	decompiled	chunks/007/functions-000499.c	-[SCAPageSendtoSessionEnd setActionTs:]	
10bc0d210	10bc0d273	decompiled	chunks/007/functions-000499.c	-[SCAPageSendtoSessionEnd getActionTs]	
10bc0d274	10bc0d2c7	decompiled	chunks/007/functions-000499.c	-[SCAPageSendtoSessionEnd setListsSelectAllCount:]	
10bc0d2c8	10bc0d2df	decompiled	chunks/007/functions-000499.c	-[SCAPageSendtoSessionEnd setSectionsStoriesSelected:]	
10bc0d2e0	10bc0d2f7	decompiled	chunks/007/functions-000499.c	-[SCAPageSendtoSessionEnd setNewUserExperiencesSeen:]	
10bc0d2f8	10bc0d3df	decompiled	chunks/007/functions-000499.c	-[SCAPageSendtoSessionEnd setNewUserExperiencesSeenList:]	
10bc0d3e0	10bc0d433	decompiled	chunks/007/functions-000499.c		
10bc0d434	10bc0d47b	decompiled	chunks/007/functions-000499.c	-[SCAPageSendtoSessionEnd setSpotlightEducationData:]	
10bc0d47c	10bc0d493	decompiled	chunks/007/functions-000499.c	-[SCAPageSendtoSessionEnd setNewGroupsCreated:]	
10bc0d494	10bc0d4ab	decompiled	chunks/007/functions-000499.c	-[SCAPageSendtoSessionEnd setSelectBarActions:]	
10bc0d4ac	10bc0d4ff	decompiled	chunks/007/functions-000499.c	-[SCAPageSendtoSessionEnd setFirstStorySeenAtTimestampMs:]	
10bc0d500	10bc0d57f	decompiled	chunks/007/functions-000499.c	-[SCAPageSendtoSessionEnd setExitType:]	
10bc0d580	10bc0d5d3	decompiled	chunks/007/functions-000499.c	-[SCAPageSendtoSessionEnd setAddAChatPreFilled:]	
10bc0d5d4	10bc0d627	decompiled	chunks/007/functions-000499.c	-[SCAPageSendtoSessionEnd setUsedAddAChatField:]	
10bc0d628	10bc0d63f	decompiled	chunks/007/functions-000499.c	-[SCAPageSendtoSessionEnd setContextualListsSeen:]	
10bc0d640	10bc0d6bf	decompiled	chunks/007/functions-000499.c	-[SCAPageSendtoSessionEnd setSendToPageType:]	
10bc0d6c0	10bc0d713	decompiled	chunks/007/functions-000499.c	-[SCAPageSendtoSessionEnd setTotalGroupsRecipientFanout:]	
10bc0d714	10bc0d767	decompiled	chunks/007/functions-000499.c	-[SCAPageSendtoSessionEnd setTotalIndividualsSelected:]	
10bc0d768	10bc0d7bb	decompiled	chunks/007/functions-000499.c	-[SCAPageSendtoSessionEnd setOpsFabShown:]	
10bc0d7bc	10bc0d80f	decompiled	chunks/007/functions-000499.c	-[SCAPageSendtoSessionEnd setOpsFabTapped:]	
10bc0d810	10bc0d827	decompiled	chunks/007/functions-000499.c	-[SCAPageSendtoSessionEnd setRankingResultsId:]	
10bc0d828	10bc0d9a7	decompiled	chunks/007/functions-000499.c	-[SCAPageSendtoSessionEnd prepareDictionary:]	
10bc0d9a8	10bc0d9ab	decompiled	chunks/007/functions-000499.c	-[SCAPageSendtoSessionEnd getFieldNumberToFieldDict]	
10bc0d9ac	10bc0d9b7	decompiled	chunks/007/functions-000499.c	-[SCAPageSendtoSessionEnd toProtoWithAllowedFields:]	
10bc0d9b8	10bc0d9bf	decompiled	chunks/007/functions-000499.c	-[SCAPageSendtoSessionEnd getPayloadIdentifier]	
10bc0d9c0	10bc0da7b	decompiled	chunks/007/functions-000499.c	-[SCAPageViewBase fromDictionary:]	
10bc0da7c	10bc0dabf	decompiled	chunks/007/functions-000499.c	-[SCAPageViewBase setPageExitInfo:]	
10bc0dac0	10bc0db03	decompiled	chunks/007/functions-000499.c	-[SCAPageViewBase setPageInstanceInfo:]	
10bc0db04	10bc0dc23	decompiled	chunks/007/functions-000499.c	-[SCAPageViewBase prepareDictionary:]	
10bc0dc24	10bc0dc2f	decompiled	chunks/007/functions-000499.c	-[SCAPasskeyLoginOptionsExpiration getEventName]	
10bc0dc30	10bc0dc37	decompiled	chunks/007/functions-000499.c	-[SCAPasskeyLoginOptionsExpiration getEventQoS]	
10bc0dc38	10bc0dc8b	decompiled	chunks/007/functions-000499.c	-[SCAPasskeyLoginOptionsExpiration setExpired:]	
10bc0dc8c	10bc0dcdf	decompiled	chunks/007/functions-000499.c	-[SCAPasskeyLoginOptionsExpiration setTimeToExpireSeconds:]	
10bc0dce0	10bc0dce3	decompiled	chunks/007/functions-000499.c	-[SCAPasskeyLoginOptionsExpiration getFieldNumberToFieldDict]	
10bc0dce4	10bc0dcef	decompiled	chunks/007/functions-000499.c	-[SCAPasskeyLoginOptionsExpiration toProtoWithAllowedFields:]	
10bc0dcf0	10bc0dcf7	decompiled	chunks/007/functions-000499.c	-[SCAPasskeyLoginOptionsExpiration getPayloadIdentifier]	
10bc0dcf8	10bc0e45b	decompiled	chunks/007/functions-000499.c	-[SCAPerfSlice initWithDictionary:]	
10bc0e45c	10bc0e4af	decompiled	chunks/007/functions-000499.c	-[SCAPerfSlice setBatteryLevelEnd:]	
10bc0e4b0	10bc0e503	decompiled	chunks/007/functions-000499.c	-[SCAPerfSlice setBatteryLevelStart:]	
10bc0e504	10bc0e583	decompiled	chunks/007/functions-000499.c	-[SCAPerfSlice setCodecIn:]	
10bc0e584	10bc0e603	decompiled	chunks/007/functions-000499.c	-[SCAPerfSlice setCodecOut:]	
10bc0e604	10bc0e657	decompiled	chunks/007/functions-000499.c	-[SCAPerfSlice setDurationMs:]	
10bc0e658	10bc0e6ab	decompiled	chunks/007/functions-000499.c	-[SCAPerfSlice setLocalAudioPublished:]	
10bc0e6ac	10bc0e6ff	decompiled	chunks/007/functions-000499.c	-[SCAPerfSlice setLocalVideoPublished:]	
10bc0e700	10bc0e753	decompiled	chunks/007/functions-000499.c	-[SCAPerfSlice setPowered:]	
10bc0e754	10bc0e7a7	decompiled	chunks/007/functions-000499.c	-[SCAPerfSlice setRemoteAudioCount:]	
10bc0e7a8	10bc0e7fb	decompiled	chunks/007/functions-000499.c	-[SCAPerfSlice setRemoteVideoCount:]	
10bc0e7fc	10bc0e813	decompiled	chunks/007/functions-000499.c	-[SCAPerfSlice setSelectedLensId:]	
10bc0e814	10bc0e867	decompiled	chunks/007/functions-000499.c	-[SCAPerfSlice setStartTimeMs:]	
10bc0e868	10bc0e8bb	decompiled	chunks/007/functions-000499.c	-[SCAPerfSlice setTemperatureEnd:]	
10bc0e8bc	10bc0e90f	decompiled	chunks/007/functions-000499.c	-[SCAPerfSlice setTemperatureStart:]	
10bc0e910	10bc0e963	decompiled	chunks/007/functions-000499.c	-[SCAPerfSlice setLocalScreenPublished:]	
10bc0e964	10bc0e9b7	decompiled	chunks/007/functions-000499.c	-[SCAPerfSlice setRemoteScreenCount:]	
10bc0e9b8	10bc0e9bb	decompiled	chunks/007/functions-000499.c	-[SCAPerfSlice getFieldNumberToFieldDict]	
10bc0e9bc	10bc0e9c7	decompiled	chunks/007/functions-000499.c	-[SCAPerfSlice toProtoWithAllowedFields:]	
10bc0e9c8	10bc0e9cf	decompiled	chunks/007/functions-000499.c	-[SCAPerfSlice getPayloadIdentifier]	
10bc0e9d0	10bc0e9db	decompiled	chunks/007/functions-000499.c	-[SCAPermissionPrePromptResponse getEventName]	
10bc0e9dc	10bc0e9e3	decompiled	chunks/007/functions-000499.c	-[SCAPermissionPrePromptResponse getEventQoS]	
10bc0e9e4	10bc0ea37	decompiled	chunks/007/functions-000499.c	-[SCAPermissionPrePromptResponse setAccepted:]	
10bc0ea38	10bc0ea8b	decompiled	chunks/007/functions-000499.c	-[SCAPermissionPrePromptResponse setMapSessionId:]	
10bc0ea8c	10bc0eb0b	decompiled	chunks/007/functions-000499.c	-[SCAPermissionPrePromptResponse setPage:]	
10bc0eb0c	10bc0eb8b	decompiled	chunks/007/functions-000499.c	-[SCAPermissionPrePromptResponse setPermissionPrePromptActionType:]	
10bc0eb8c	10bc0ec0b	decompiled	chunks/007/functions-000499.c	-[SCAPermissionPrePromptResponse setPermissionPromptType:]	
10bc0ec0c	10bc0ec0f	decompiled	chunks/007/functions-000499.c	-[SCAPermissionPrePromptResponse getFieldNumberToFieldDict]	
10bc0ec10	10bc0ec1b	decompiled	chunks/007/functions-000499.c	-[SCAPermissionPrePromptResponse toProtoWithAllowedFields:]	
10bc0ec1c	10bc0ec23	decompiled	chunks/007/functions-000499.c	-[SCAPermissionPrePromptResponse getPayloadIdentifier]	
10bc0ec24	10bc0ec2f	decompiled	chunks/007/functions-000499.c	-[SCAPermissionPromptResponse getEventName]	
10bc0ec30	10bc0ec37	decompiled	chunks/007/functions-000499.c	-[SCAPermissionPromptResponse getEventQoS]	
10bc0ec38	10bc0ec8b	decompiled	chunks/007/functions-000499.c	-[SCAPermissionPromptResponse setAccepted:]	
10bc0ec8c	10bc0ecdf	decompiled	chunks/007/functions-000499.c	-[SCAPermissionPromptResponse setMapSessionId:]	
10bc0ece0	10bc0ed5f	decompiled	chunks/007/functions-000499.c	-[SCAPermissionPromptResponse setPage:]	
10bc0ed60	10bc0eddf	decompiled	chunks/007/functions-000499.c	-[SCAPermissionPromptResponse setPermisionPromptActionType:]	
