address	end_address	status	pseudocode_file	runtime_label	error
107cfed38	107cfeda7	decompiled	chunks/000/functions-000000.c		
107cfeda8	107cfedab	decompiled	chunks/000/functions-000000.c		
107cfedac	107cfee27	decompiled	chunks/000/functions-000000.c		
107cfee28	107cfef1b	decompiled	chunks/000/functions-000000.c		
107cfef1c	107cff02f	decompiled	chunks/000/functions-000000.c		
107cff030	107cff03f	decompiled	chunks/000/functions-000000.c		
107cff040	107cff2d7	decompiled	chunks/000/functions-000000.c		
107cff2d8	107cff397	decompiled	chunks/000/functions-000000.c		
107cff398	107cff3cf	decompiled	chunks/000/functions-000000.c		
107cff3d0	107cff48f	decompiled	chunks/000/functions-000000.c		
107cff490	107cff4ff	decompiled	chunks/000/functions-000000.c		
107cff500	107cff5bf	decompiled	chunks/000/functions-000000.c		
107cff5c0	107cff5f7	decompiled	chunks/000/functions-000000.c		
107cff5f8	107cff6b7	decompiled	chunks/000/functions-000000.c		
107cff6b8	107cff703	decompiled	chunks/000/functions-000000.c		
107cff704	107cff7c3	decompiled	chunks/000/functions-000000.c		
107cff7c4	107cff7d7	decompiled	chunks/000/functions-000000.c		
107cff7d8	107cff897	decompiled	chunks/000/functions-000000.c		
107cff898	107cff8cf	decompiled	chunks/000/functions-000000.c		
107cff8d0	107cff98f	decompiled	chunks/000/functions-000000.c		
107cff990	107cff9ff	decompiled	chunks/000/functions-000000.c		
107cffa00	107cffb6b	decompiled	chunks/000/functions-000000.c		
107cffb6c	107cffc23	decompiled	chunks/000/functions-000000.c		
107cffc24	107cffdeb	decompiled	chunks/000/functions-000000.c		
107cffdec	107cffe1b	decompiled	chunks/000/functions-000000.c		
107cffe1c	107d002ff	decompiled	chunks/000/functions-000000.c		
107d00300	107d0049b	decompiled	chunks/000/functions-000000.c		
107d0049c	107d0050b	decompiled	chunks/000/functions-000000.c		
107d0050c	107d0085f	decompiled	chunks/000/functions-000000.c		
107d00860	107d0088f	decompiled	chunks/000/functions-000000.c		
107d00890	107d00a07	decompiled	chunks/000/functions-000000.c		
107d00a08	107d00a7f	decompiled	chunks/000/functions-000000.c		
107d00a80	107d00cbf	decompiled	chunks/000/functions-000000.c		
107d00cc0	107d00cc3	decompiled	chunks/000/functions-000000.c		
107d00cc4	107d00cf3	decompiled	chunks/000/functions-000000.c		
107d00cf4	107d00f43	decompiled	chunks/000/functions-000000.c		
107d00f44	107d010bf	decompiled	chunks/000/functions-000000.c		
107d010c0	107d01327	decompiled	chunks/000/functions-000000.c		
107d01328	107d01513	decompiled	chunks/000/functions-000000.c		
107d01514	107d01837	decompiled	chunks/000/functions-000000.c		
107d01838	107d0184f	decompiled	chunks/000/functions-000000.c		
107d01850	107d018ef	decompiled	chunks/000/functions-000000.c		
107d018f0	107d019f7	decompiled	chunks/000/functions-000000.c		
107d019f8	107d01acb	decompiled	chunks/000/functions-000000.c		
107d01acc	107d01cd7	decompiled	chunks/000/functions-000000.c		
107d01cd8	107d01e13	decompiled	chunks/000/functions-000000.c		
107d01e14	107d01e1b	decompiled	chunks/000/functions-000000.c		
107d01e1c	107d02053	decompiled	chunks/000/functions-000000.c		
107d02054	107d020b3	decompiled	chunks/000/functions-000000.c		
107d020b4	107d0225f	decompiled	chunks/000/functions-000000.c		
107d02260	107d0296f	decompiled	chunks/000/functions-000000.c		
107d02970	107d029df	decompiled	chunks/000/functions-000000.c		
107d029e0	107d02b4b	decompiled	chunks/000/functions-000000.c		
107d02b4c	107d02b53	decompiled	chunks/000/functions-000000.c		
107d02b54	107d02c6f	decompiled	chunks/000/functions-000000.c		
107d02c70	107d03433	decompiled	chunks/000/functions-000000.c		
107d03434	107d048b3	decompiled	chunks/000/functions-000000.c		
107d048b4	107d0492b	decompiled	chunks/000/functions-000000.c		
107d0492c	107d04ae7	decompiled	chunks/000/functions-000000.c		
107d04ae8	107d04caf	decompiled	chunks/000/functions-000000.c		
107d04cb0	107d04d4b	decompiled	chunks/000/functions-000000.c		
107d04d4c	107d04d7f	decompiled	chunks/000/functions-000000.c		
107d04d80	107d04e9f	decompiled	chunks/000/functions-000000.c		
107d04ea0	107d04eeb	decompiled	chunks/000/functions-000000.c		
107d04eec	107d04f3b	decompiled	chunks/000/functions-000000.c		
107d04f3c	107d0506b	decompiled	chunks/000/functions-000000.c		
107d0506c	107d05203	decompiled	chunks/000/functions-000000.c		
107d05204	107d05283	decompiled	chunks/000/functions-000000.c		
107d05284	107d05453	decompiled	chunks/000/functions-000000.c		
107d05454	107d0561b	decompiled	chunks/000/functions-000000.c		
107d0561c	107d056ef	decompiled	chunks/000/functions-000000.c		
107d056f0	107d0573b	decompiled	chunks/000/functions-000000.c		
107d0573c	107d058e3	decompiled	chunks/000/functions-000000.c		
107d058e4	107d05a7f	decompiled	chunks/000/functions-000000.c		
107d05a80	107d05cdf	decompiled	chunks/000/functions-000000.c		
107d05ce0	107d05d6f	decompiled	chunks/000/functions-000000.c		
107d05d70	107d061db	decompiled	chunks/000/functions-000000.c		
107d061dc	107d061f3	decompiled	chunks/000/functions-000000.c		
107d061f4	107d0622b	decompiled	chunks/000/functions-000000.c		
107d0622c	107d0622f	decompiled	chunks/000/functions-000000.c		
107d06230	107d062b3	decompiled	chunks/000/functions-000000.c		
107d062b4	107d0643b	decompiled	chunks/000/functions-000000.c		
107d0643c	107d064af	decompiled	chunks/000/functions-000000.c	-[SCFriendsFeedUIServices initWithFriendsFeedItemImpressionTracker:]	
107d064b0	107d064b7	decompiled	chunks/000/functions-000000.c	-[SCFriendsFeedUIServices friendsFeedItemImpressionTracker]	
107d064b8	107d064e7	decompiled	chunks/000/functions-000000.c	-[SCFriendsFeedUIServices .cxx_destruct]	
107d064e8	107d0654b	decompiled	chunks/000/functions-000000.c	+[SCFriendsFeedItemDisplayName displayNameWithDisplayName:]	
107d0654c	107d065bf	decompiled	chunks/000/functions-000000.c	+[SCFriendsFeedItemDisplayName unnamedGroupWithParticipantDisplayNames:hasConsumable:]	
107d065c0	107d065e3	decompiled	chunks/000/functions-000000.c	-[SCFriendsFeedItemDisplayName copyWithZone:]	
107d065e4	107d0665f	decompiled	chunks/000/functions-000000.c	-[SCFriendsFeedItemDisplayName hash]	
107d06660	107d066a3	decompiled	chunks/000/functions-000000.c	-[SCFriendsFeedItemDisplayName internalInit]	
107d066a4	107d0676b	decompiled	chunks/000/functions-000000.c	-[SCFriendsFeedItemDisplayName isEqual:]	
107d0676c	107d067f7	decompiled	chunks/000/functions-000000.c	-[SCFriendsFeedItemDisplayName matchDisplayName:unnamedGroup:]	
107d067f8	107d06827	decompiled	chunks/000/functions-000000.c	-[SCFriendsFeedItemDisplayName .cxx_destruct]	
107d06828	107d06a5b	decompiled	chunks/000/functions-000000.c	-[SCFriendsFeedItemImpressionTrackingData initWithCellIdentifier:conversationId:entity:rightHandButtonType:isLoading:isUnread:recipientUserId:lensSuggestionParams:streakImpressionData:expiredStreakMetadata:hasMapIcon:hasSaturnStatusVisible:hasActionmoji:liveGamingParams:contextPostSnapParams:]	
107d06a5c	107d06a7f	decompiled	chunks/000/functions-000000.c	-[SCFriendsFeedItemImpressionTrackingData copyWithZone:]	
107d06a80	107d06b6f	decompiled	chunks/000/functions-000000.c	-[SCFriendsFeedItemImpressionTrackingData hash]	
107d06b70	107d06d1f	decompiled	chunks/000/functions-000000.c	-[SCFriendsFeedItemImpressionTrackingData isEqual:]	
107d06d20	107d06d27	decompiled	chunks/000/functions-000000.c	-[SCFriendsFeedItemImpressionTrackingData cellIdentifier]	
107d06d28	107d06d2f	decompiled	chunks/000/functions-000000.c	-[SCFriendsFeedItemImpressionTrackingData conversationId]	
107d06d30	107d06d37	decompiled	chunks/000/functions-000000.c	-[SCFriendsFeedItemImpressionTrackingData entity]	
107d06d38	107d06d3f	decompiled	chunks/000/functions-000001.c	-[SCFriendsFeedItemImpressionTrackingData rightHandButtonType]	
107d06d40	107d06d47	decompiled	chunks/000/functions-000001.c	-[SCFriendsFeedItemImpressionTrackingData isLoading]	
107d06d48	107d06d4f	decompiled	chunks/000/functions-000001.c	-[SCFriendsFeedItemImpressionTrackingData isUnread]	
107d06d50	107d06d57	decompiled	chunks/000/functions-000001.c	-[SCFriendsFeedItemImpressionTrackingData recipientUserId]	
107d06d58	107d06d5f	decompiled	chunks/000/functions-000001.c	-[SCFriendsFeedItemImpressionTrackingData lensSuggestionParams]	
107d06d60	107d06d67	decompiled	chunks/000/functions-000001.c	-[SCFriendsFeedItemImpressionTrackingData streakImpressionData]	
107d06d68	107d06d6f	decompiled	chunks/000/functions-000001.c	-[SCFriendsFeedItemImpressionTrackingData expiredStreakMetadata]	
107d06d70	107d06d77	decompiled	chunks/000/functions-000001.c	-[SCFriendsFeedItemImpressionTrackingData hasMapIcon]	
107d06d78	107d06d7f	decompiled	chunks/000/functions-000001.c	-[SCFriendsFeedItemImpressionTrackingData hasSaturnStatusVisible]	
107d06d80	107d06d87	decompiled	chunks/000/functions-000001.c	-[SCFriendsFeedItemImpressionTrackingData hasActionmoji]	
107d06d88	107d06d8f	decompiled	chunks/000/functions-000001.c	-[SCFriendsFeedItemImpressionTrackingData liveGamingParams]	
107d06d90	107d06d97	decompiled	chunks/000/functions-000001.c	-[SCFriendsFeedItemImpressionTrackingData contextPostSnapParams]	
107d06d98	107d06e1b	decompiled	chunks/000/functions-000001.c	-[SCFriendsFeedItemImpressionTrackingData .cxx_destruct]	
107d06e1c	107d0704f	decompiled	chunks/000/functions-000001.c	-[SCFriendsFeedItemSimplifiedImpressionTrackingData initWithCellIdentifier:conversationId:recipientUserId:cellVisibilityPercentage:conversationSubtypeMetadata:index:expectedIndex:isAboveFold:adResponse:hasStory:hasSaturnStatusVisible:isSnapchatBot:displayName:]	
107d07050	107d07073	decompiled	chunks/000/functions-000001.c	-[SCFriendsFeedItemSimplifiedImpressionTrackingData copyWithZone:]	
107d07074	107d0714f	decompiled	chunks/000/functions-000001.c	-[SCFriendsFeedItemSimplifiedImpressionTrackingData hash]	
107d07150	107d072df	decompiled	chunks/000/functions-000001.c	-[SCFriendsFeedItemSimplifiedImpressionTrackingData isEqual:]	
107d072e0	107d072e7	decompiled	chunks/000/functions-000001.c	-[SCFriendsFeedItemSimplifiedImpressionTrackingData cellIdentifier]	
107d072e8	107d072ef	decompiled	chunks/000/functions-000001.c	-[SCFriendsFeedItemSimplifiedImpressionTrackingData conversationId]	
107d072f0	107d072f7	decompiled	chunks/000/functions-000001.c	-[SCFriendsFeedItemSimplifiedImpressionTrackingData recipientUserId]	
107d072f8	107d072ff	decompiled	chunks/000/functions-000001.c	-[SCFriendsFeedItemSimplifiedImpressionTrackingData cellVisibilityPercentage]	
107d07300	107d07307	decompiled	chunks/000/functions-000001.c	-[SCFriendsFeedItemSimplifiedImpressionTrackingData conversationSubtypeMetadata]	
107d07308	107d0730f	decompiled	chunks/000/functions-000001.c	-[SCFriendsFeedItemSimplifiedImpressionTrackingData index]	
107d07310	107d07317	decompiled	chunks/000/functions-000001.c	-[SCFriendsFeedItemSimplifiedImpressionTrackingData expectedIndex]	
107d07318	107d0731f	decompiled	chunks/000/functions-000001.c	-[SCFriendsFeedItemSimplifiedImpressionTrackingData isAboveFold]	
107d07320	107d07327	decompiled	chunks/000/functions-000001.c	-[SCFriendsFeedItemSimplifiedImpressionTrackingData adResponse]	
107d07328	107d0732f	decompiled	chunks/000/functions-000001.c	-[SCFriendsFeedItemSimplifiedImpressionTrackingData hasStory]	
107d07330	107d07337	decompiled	chunks/000/functions-000001.c	-[SCFriendsFeedItemSimplifiedImpressionTrackingData hasSaturnStatusVisible]	
107d07338	107d0733f	decompiled	chunks/000/functions-000001.c	-[SCFriendsFeedItemSimplifiedImpressionTrackingData isSnapchatBot]	
107d07340	107d07347	decompiled	chunks/000/functions-000001.c	-[SCFriendsFeedItemSimplifiedImpressionTrackingData displayName]	
107d07348	107d073cb	decompiled	chunks/000/functions-000001.c	-[SCFriendsFeedItemSimplifiedImpressionTrackingData .cxx_destruct]	
107d073cc	107d0742f	decompiled	chunks/000/functions-000001.c	-[SCFriendsFeedItemStreakImpressionData initWithStreakState:streakCount:isFrozen:cellPosition:]	
107d07430	107d07453	decompiled	chunks/000/functions-000001.c	-[SCFriendsFeedItemStreakImpressionData copyWithZone:]	
107d07454	107d074c7	decompiled	chunks/000/functions-000001.c	-[SCFriendsFeedItemStreakImpressionData hash]	
107d074c8	107d0757f	decompiled	chunks/000/functions-000001.c	-[SCFriendsFeedItemStreakImpressionData isEqual:]	
107d07580	107d07587	decompiled	chunks/000/functions-000001.c	-[SCFriendsFeedItemStreakImpressionData streakState]	
107d07588	107d0758f	decompiled	chunks/000/functions-000001.c	-[SCFriendsFeedItemStreakImpressionData streakCount]	
107d07590	107d07597	decompiled	chunks/000/functions-000001.c	-[SCFriendsFeedItemStreakImpressionData isFrozen]	
107d07598	107d0759f	decompiled	chunks/000/functions-000001.c	-[SCFriendsFeedItemStreakImpressionData cellPosition]	
107d075a0	107d0764b	decompiled	chunks/000/functions-000001.c	-[SCFriendsFeedCellInteractionEvent initWithTrackingData:actionIdentifier:]	
107d0764c	107d0766f	decompiled	chunks/000/functions-000001.c	-[SCFriendsFeedCellInteractionEvent copyWithZone:]	
107d07670	107d076e3	decompiled	chunks/000/functions-000001.c	-[SCFriendsFeedCellInteractionEvent hash]	
107d076e4	107d0778b	decompiled	chunks/000/functions-000001.c	-[SCFriendsFeedCellInteractionEvent isEqual:]	
107d0778c	107d07793	decompiled	chunks/000/functions-000001.c	-[SCFriendsFeedCellInteractionEvent trackingData]	
107d07794	107d0779b	decompiled	chunks/000/functions-000001.c	-[SCFriendsFeedCellInteractionEvent actionIdentifier]	
107d0779c	107d077cb	decompiled	chunks/000/functions-000001.c	-[SCFriendsFeedCellInteractionEvent .cxx_destruct]	
107d077cc	107d0783f	decompiled	chunks/000/functions-000001.c	+[SCFriendsFeedCancelMenuActionData multiRecipientWithConversationIds:isFailed:]	
107d07840	107d078df	decompiled	chunks/000/functions-000001.c	+[SCFriendsFeedCancelMenuActionData singleRecipientWithConversationId:isFailed:profileActionData:]	
107d078e0	107d07903	decompiled	chunks/000/functions-000001.c	-[SCFriendsFeedCancelMenuActionData copyWithZone:]	
107d07904	107d0798f	decompiled	chunks/000/functions-000001.c	-[SCFriendsFeedCancelMenuActionData hash]	
107d07990	107d079d3	decompiled	chunks/000/functions-000001.c	-[SCFriendsFeedCancelMenuActionData internalInit]	
107d079d4	107d07ac3	decompiled	chunks/000/functions-000001.c	-[SCFriendsFeedCancelMenuActionData isEqual:]	
107d07ac4	107d07b57	decompiled	chunks/000/functions-000001.c	-[SCFriendsFeedCancelMenuActionData matchSingleRecipient:multiRecipient:]	
107d07b58	107d07b93	decompiled	chunks/000/functions-000001.c	-[SCFriendsFeedCancelMenuActionData .cxx_destruct]	
107d07b94	107d07c43	decompiled	chunks/000/functions-000001.c	+[SCFriendsFeedOpenCameraActionData groupWithConversationId:displayName:isDoubleTap:source:]	
107d07c44	107d07d63	decompiled	chunks/000/functions-000001.c	+[SCFriendsFeedOpenCameraActionData snapchatterWithUserId:username:conversationId:displayName:isBirthday:isDoubleTap:source:isAiChatbot:]	
107d07d64	107d07d87	decompiled	chunks/000/functions-000001.c	-[SCFriendsFeedOpenCameraActionData copyWithZone:]	
107d07d88	107d07e53	decompiled	chunks/000/functions-000001.c	-[SCFriendsFeedOpenCameraActionData hash]	
107d07e54	107d07e97	decompiled	chunks/000/functions-000001.c	-[SCFriendsFeedOpenCameraActionData internalInit]	
107d07e98	107d0800f	decompiled	chunks/000/functions-000001.c	-[SCFriendsFeedOpenCameraActionData isEqual:]	
107d08010	107d080bf	decompiled	chunks/000/functions-000001.c	-[SCFriendsFeedOpenCameraActionData matchSnapchatter:group:]	
107d080c0	107d0811f	decompiled	chunks/000/functions-000001.c	-[SCFriendsFeedOpenCameraActionData .cxx_destruct]	
107d08120	107d08197	decompiled	chunks/000/functions-000001.c	-[SCFriendsFeedRetryActionData initWithConversationId:]	
107d08198	107d081bb	decompiled	chunks/000/functions-000001.c	-[SCFriendsFeedRetryActionData copyWithZone:]	
107d081bc	107d081c3	decompiled	chunks/000/functions-000001.c	-[SCFriendsFeedRetryActionData hash]	
107d081c4	107d08253	decompiled	chunks/000/functions-000001.c	-[SCFriendsFeedRetryActionData isEqual:]	
107d08254	107d0825b	decompiled	chunks/000/functions-000001.c	-[SCFriendsFeedRetryActionData conversationId]	
107d0825c	107d08267	decompiled	chunks/000/functions-000001.c	-[SCFriendsFeedRetryActionData .cxx_destruct]	
107d08268	107d08387	decompiled	chunks/000/functions-000001.c	-[SCFriendsFeedOpenMiniProfileActionData initWithFeedId:openCameraActionData:snapchatter:addSourceType:pageType:indexPath:]	
107d08388	107d083ab	decompiled	chunks/000/functions-000001.c	-[SCFriendsFeedOpenMiniProfileActionData copyWithZone:]	
107d083ac	107d08443	decompiled	chunks/000/functions-000001.c	-[SCFriendsFeedOpenMiniProfileActionData hash]	
107d08444	107d0853b	decompiled	chunks/000/functions-000001.c	-[SCFriendsFeedOpenMiniProfileActionData isEqual:]	
107d0853c	107d08543	decompiled	chunks/000/functions-000001.c	-[SCFriendsFeedOpenMiniProfileActionData feedId]	
107d08544	107d0854b	decompiled	chunks/000/functions-000001.c	-[SCFriendsFeedOpenMiniProfileActionData openCameraActionData]	
107d0854c	107d08553	decompiled	chunks/000/functions-000001.c	-[SCFriendsFeedOpenMiniProfileActionData snapchatter]	
107d08554	107d0855b	decompiled	chunks/000/functions-000001.c	-[SCFriendsFeedOpenMiniProfileActionData addSourceType]	
107d0855c	107d08563	decompiled	chunks/000/functions-000001.c	-[SCFriendsFeedOpenMiniProfileActionData pageType]	
107d08564	107d0856b	decompiled	chunks/000/functions-000001.c	-[SCFriendsFeedOpenMiniProfileActionData indexPath]	
107d0856c	107d085b3	decompiled	chunks/000/functions-000001.c	-[SCFriendsFeedOpenMiniProfileActionData .cxx_destruct]	
107d085b4	107d0862b	decompiled	chunks/000/functions-000001.c	-[SCFriendsFeedCampaignActionData initWithAdResponseBytes:]	
107d0862c	107d0864f	decompiled	chunks/000/functions-000001.c	-[SCFriendsFeedCampaignActionData copyWithZone:]	
107d08650	107d08657	decompiled	chunks/000/functions-000001.c	-[SCFriendsFeedCampaignActionData hash]	
107d08658	107d086e7	decompiled	chunks/000/functions-000001.c	-[SCFriendsFeedCampaignActionData isEqual:]	
107d086e8	107d086ef	decompiled	chunks/000/functions-000001.c	-[SCFriendsFeedCampaignActionData adResponseBytes]	
107d086f0	107d086fb	decompiled	chunks/000/functions-000001.c	-[SCFriendsFeedCampaignActionData .cxx_destruct]	
107d086fc	107d087a7	decompiled	chunks/000/functions-000001.c	-[SCFriendsFeedLoadSnapActionData initWithConversationId:messageId:]	
107d087a8	107d087cb	decompiled	chunks/000/functions-000001.c	-[SCFriendsFeedLoadSnapActionData copyWithZone:]	
107d087cc	107d0883f	decompiled	chunks/000/functions-000001.c	-[SCFriendsFeedLoadSnapActionData hash]	
107d08840	107d088e7	decompiled	chunks/000/functions-000001.c	-[SCFriendsFeedLoadSnapActionData isEqual:]	
107d088e8	107d088ef	decompiled	chunks/000/functions-000001.c	-[SCFriendsFeedLoadSnapActionData conversationId]	
107d088f0	107d088f7	decompiled	chunks/000/functions-000001.c	-[SCFriendsFeedLoadSnapActionData messageId]	
107d088f8	107d08927	decompiled	chunks/000/functions-000001.c	-[SCFriendsFeedLoadSnapActionData .cxx_destruct]	
107d08928	107d089d3	decompiled	chunks/000/functions-000001.c	-[SCFriendsFeedReplayActionData initWithConversationId:replayRequestInfo:]	
107d089d4	107d089f7	decompiled	chunks/000/functions-000001.c	-[SCFriendsFeedReplayActionData copyWithZone:]	
107d089f8	107d08a6b	decompiled	chunks/000/functions-000001.c	-[SCFriendsFeedReplayActionData hash]	
107d08a6c	107d08b13	decompiled	chunks/000/functions-000001.c	-[SCFriendsFeedReplayActionData isEqual:]	
107d08b14	107d08b1b	decompiled	chunks/000/functions-000001.c	-[SCFriendsFeedReplayActionData conversationId]	
107d08b1c	107d08b23	decompiled	chunks/000/functions-000001.c	-[SCFriendsFeedReplayActionData replayRequestInfo]	
107d08b24	107d08b53	decompiled	chunks/000/functions-000001.c	-[SCFriendsFeedReplayActionData .cxx_destruct]	
107d08b54	107d08bcb	decompiled	chunks/000/functions-000001.c	-[SCFriendsFeedOpenStoriesActionData initWithCurrentStory:]	
107d08bcc	107d08bef	decompiled	chunks/000/functions-000002.c	-[SCFriendsFeedOpenStoriesActionData copyWithZone:]	
107d08bf0	107d08bf7	decompiled	chunks/000/functions-000002.c	-[SCFriendsFeedOpenStoriesActionData hash]	
107d08bf8	107d08c87	decompiled	chunks/000/functions-000002.c	-[SCFriendsFeedOpenStoriesActionData isEqual:]	
107d08c88	107d08c8f	decompiled	chunks/000/functions-000002.c	-[SCFriendsFeedOpenStoriesActionData currentStory]	
107d08c90	107d08c9b	decompiled	chunks/000/functions-000002.c	-[SCFriendsFeedOpenStoriesActionData .cxx_destruct]	
107d08c9c	107d08d23	decompiled	chunks/000/functions-000002.c	-[SCFriendsFeedAcceptCallActionData initWithChatIdentifier:callMedia:]	
107d08d24	107d08d47	decompiled	chunks/000/functions-000002.c	-[SCFriendsFeedAcceptCallActionData copyWithZone:]	
107d08d48	107d08db3	decompiled	chunks/000/functions-000002.c	-[SCFriendsFeedAcceptCallActionData hash]	
107d08db4	107d08e53	decompiled	chunks/000/functions-000002.c	-[SCFriendsFeedAcceptCallActionData isEqual:]	
107d08e54	107d08e5b	decompiled	chunks/000/functions-000002.c	-[SCFriendsFeedAcceptCallActionData chatIdentifier]	
107d08e5c	107d08e63	decompiled	chunks/000/functions-000002.c	-[SCFriendsFeedAcceptCallActionData callMedia]	
107d08e64	107d08e6f	decompiled	chunks/000/functions-000002.c	-[SCFriendsFeedAcceptCallActionData .cxx_destruct]	
107d08e70	107d08f57	decompiled	chunks/000/functions-000002.c	-[SCFriendsFeedOpenChatActionData initWithConversationId:chatIdentifier:hasConsumableContent:boostSnapMessageId:]	
107d08f58	107d08f7b	decompiled	chunks/000/functions-000002.c	-[SCFriendsFeedOpenChatActionData copyWithZone:]	
107d08f7c	107d08fff	decompiled	chunks/000/functions-000002.c	-[SCFriendsFeedOpenChatActionData hash]	
107d09000	107d090cf	decompiled	chunks/000/functions-000002.c	-[SCFriendsFeedOpenChatActionData isEqual:]	
107d090d0	107d090d7	decompiled	chunks/000/functions-000002.c	-[SCFriendsFeedOpenChatActionData conversationId]	
107d090d8	107d090df	decompiled	chunks/000/functions-000002.c	-[SCFriendsFeedOpenChatActionData chatIdentifier]	
107d090e0	107d090e7	decompiled	chunks/000/functions-000002.c	-[SCFriendsFeedOpenChatActionData hasConsumableContent]	
107d090e8	107d090ef	decompiled	chunks/000/functions-000002.c	-[SCFriendsFeedOpenChatActionData boostSnapMessageId]	
107d090f0	107d0912b	decompiled	chunks/000/functions-000002.c	-[SCFriendsFeedOpenChatActionData .cxx_destruct]	
107d0912c	107d09213	decompiled	chunks/000/functions-000002.c	-[SCFriendsFeedOpenSnapActionData initWithConversationId:messageId:isLockedConversation:playableSnaps:]	
107d09214	107d09237	decompiled	chunks/000/functions-000002.c	-[SCFriendsFeedOpenSnapActionData copyWithZone:]	
107d09238	107d092bb	decompiled	chunks/000/functions-000002.c	-[SCFriendsFeedOpenSnapActionData hash]	
107d092bc	107d0938b	decompiled	chunks/000/functions-000002.c	-[SCFriendsFeedOpenSnapActionData isEqual:]	
107d0938c	107d09393	decompiled	chunks/000/functions-000002.c	-[SCFriendsFeedOpenSnapActionData conversationId]	
107d09394	107d0939b	decompiled	chunks/000/functions-000002.c	-[SCFriendsFeedOpenSnapActionData messageId]	
107d0939c	107d093a3	decompiled	chunks/000/functions-000002.c	-[SCFriendsFeedOpenSnapActionData isLockedConversation]	
107d093a4	107d093ab	decompiled	chunks/000/functions-000002.c	-[SCFriendsFeedOpenSnapActionData playableSnaps]	
107d093ac	107d093e7	decompiled	chunks/000/functions-000002.c	-[SCFriendsFeedOpenSnapActionData .cxx_destruct]	
107d093e8	107d0945f	decompiled	chunks/000/functions-000002.c	-[SCFriendsFeedMultiRecipientRetryActionData initWithConversationIds:]	
107d09460	107d09483	decompiled	chunks/000/functions-000002.c	-[SCFriendsFeedMultiRecipientRetryActionData copyWithZone:]	
107d09484	107d0948b	decompiled	chunks/000/functions-000002.c	-[SCFriendsFeedMultiRecipientRetryActionData hash]	
107d0948c	107d0951b	decompiled	chunks/000/functions-000002.c	-[SCFriendsFeedMultiRecipientRetryActionData isEqual:]	
107d0951c	107d09523	decompiled	chunks/000/functions-000002.c	-[SCFriendsFeedMultiRecipientRetryActionData conversationIds]	
107d09524	107d0952f	decompiled	chunks/000/functions-000002.c	-[SCFriendsFeedMultiRecipientRetryActionData .cxx_destruct]	
107d09530	107d095a7	decompiled	chunks/000/functions-000002.c	-[SCFriendsFeedOpenBlockExceptionPromptActionData initWithConversationId:]	
107d095a8	107d095cb	decompiled	chunks/000/functions-000002.c	-[SCFriendsFeedOpenBlockExceptionPromptActionData copyWithZone:]	
107d095cc	107d095d3	decompiled	chunks/000/functions-000002.c	-[SCFriendsFeedOpenBlockExceptionPromptActionData hash]	
107d095d4	107d09663	decompiled	chunks/000/functions-000002.c	-[SCFriendsFeedOpenBlockExceptionPromptActionData isEqual:]	
107d09664	107d0966b	decompiled	chunks/000/functions-000002.c	-[SCFriendsFeedOpenBlockExceptionPromptActionData conversationId]	
107d0966c	107d09677	decompiled	chunks/000/functions-000002.c	-[SCFriendsFeedOpenBlockExceptionPromptActionData .cxx_destruct]	
107d09678	107d09717	decompiled	chunks/000/functions-000002.c	+[SCFriendsFeedUnifiedProfileActionData groupWithGroupId:mayHaveSaveableSentSnap:flashbackId:]	
107d09718	107d097eb	decompiled	chunks/000/functions-000002.c	+[SCFriendsFeedUnifiedProfileActionData snapchatterWithUserId:mayHaveSaveableSentSnap:actionmojiId:flashbackId:]	
107d097ec	107d0980f	decompiled	chunks/000/functions-000002.c	-[SCFriendsFeedUnifiedProfileActionData copyWithZone:]	
107d09810	107d098b3	decompiled	chunks/000/functions-000002.c	-[SCFriendsFeedUnifiedProfileActionData hash]	
107d098b4	107d098f7	decompiled	chunks/000/functions-000002.c	-[SCFriendsFeedUnifiedProfileActionData internalInit]	
107d098f8	107d09a17	decompiled	chunks/000/functions-000002.c	-[SCFriendsFeedUnifiedProfileActionData isEqual:]	
107d09a18	107d09aaf	decompiled	chunks/000/functions-000002.c	-[SCFriendsFeedUnifiedProfileActionData matchGroup:snapchatter:]	
107d09ab0	107d09b03	decompiled	chunks/000/functions-000002.c	-[SCFriendsFeedUnifiedProfileActionData .cxx_destruct]	
107d09b04	107d09b93	decompiled	chunks/000/functions-000002.c	-[SCFriendsFeedMessageActionMenuActionData initWithConversationId:numMessagesToSave:showReplay:]	
107d09b94	107d09bb7	decompiled	chunks/000/functions-000002.c	-[SCFriendsFeedMessageActionMenuActionData copyWithZone:]	
107d09bb8	107d09c2b	decompiled	chunks/000/functions-000002.c	-[SCFriendsFeedMessageActionMenuActionData hash]	
107d09c2c	107d09cdb	decompiled	chunks/000/functions-000002.c	-[SCFriendsFeedMessageActionMenuActionData isEqual:]	
107d09cdc	107d09ce3	decompiled	chunks/000/functions-000002.c	-[SCFriendsFeedMessageActionMenuActionData conversationId]	
107d09ce4	107d09ceb	decompiled	chunks/000/functions-000002.c	-[SCFriendsFeedMessageActionMenuActionData numMessagesToSave]	
107d09cec	107d09cf3	decompiled	chunks/000/functions-000002.c	-[SCFriendsFeedMessageActionMenuActionData showReplay]	
107d09cf4	107d09cff	decompiled	chunks/000/functions-000002.c	-[SCFriendsFeedMessageActionMenuActionData .cxx_destruct]	
107d09d00	107d09d8b	decompiled	chunks/000/functions-000002.c	-[SCAlternatingTextAnimationData initWithAlternateTexts:duration:repeatingAnimationDelay:]	
107d09d8c	107d09daf	decompiled	chunks/000/functions-000002.c	-[SCAlternatingTextAnimationData copyWithZone:]	
107d09db0	107d09e5b	decompiled	chunks/000/functions-000002.c	-[SCAlternatingTextAnimationData hash]	
107d09e5c	107d09f53	decompiled	chunks/000/functions-000002.c	-[SCAlternatingTextAnimationData isEqual:]	
107d09f54	107d09f5b	decompiled	chunks/000/functions-000002.c	-[SCAlternatingTextAnimationData alternateTexts]	
107d09f5c	107d09f63	decompiled	chunks/000/functions-000002.c	-[SCAlternatingTextAnimationData duration]	
107d09f64	107d09f6b	decompiled	chunks/000/functions-000002.c	-[SCAlternatingTextAnimationData repeatingAnimationDelay]	
107d09f6c	107d09f77	decompiled	chunks/000/functions-000002.c	-[SCAlternatingTextAnimationData .cxx_destruct]	
107d09f78	107d0a023	decompiled	chunks/000/functions-000002.c	-[SCFriendsFeedSubstituteTextAnimationData initWithFeedId:animationData:]	
107d0a024	107d0a047	decompiled	chunks/000/functions-000002.c	-[SCFriendsFeedSubstituteTextAnimationData copyWithZone:]	
107d0a048	107d0a0bb	decompiled	chunks/000/functions-000002.c	-[SCFriendsFeedSubstituteTextAnimationData hash]	
107d0a0bc	107d0a163	decompiled	chunks/000/functions-000002.c	-[SCFriendsFeedSubstituteTextAnimationData isEqual:]	
107d0a164	107d0a16b	decompiled	chunks/000/functions-000002.c	-[SCFriendsFeedSubstituteTextAnimationData feedId]	
107d0a16c	107d0a173	decompiled	chunks/000/functions-000002.c	-[SCFriendsFeedSubstituteTextAnimationData animationData]	
107d0a174	107d0a1a3	decompiled	chunks/000/functions-000002.c	-[SCFriendsFeedSubstituteTextAnimationData .cxx_destruct]	
107d0a1a4	107d0a24f	decompiled	chunks/000/functions-000002.c	-[SCSpringScaleAnimationData initWithDuration:delay:scale:options:nextSpringScaleAnimationData:]	
107d0a250	107d0a273	decompiled	chunks/000/functions-000002.c	-[SCSpringScaleAnimationData copyWithZone:]	
107d0a274	107d0a337	decompiled	chunks/000/functions-000002.c	-[SCSpringScaleAnimationData hash]	
107d0a338	107d0a473	decompiled	chunks/000/functions-000002.c	-[SCSpringScaleAnimationData isEqual:]	
107d0a474	107d0a47b	decompiled	chunks/000/functions-000002.c	-[SCSpringScaleAnimationData duration]	
107d0a47c	107d0a483	decompiled	chunks/000/functions-000002.c	-[SCSpringScaleAnimationData delay]	
107d0a484	107d0a48b	decompiled	chunks/000/functions-000002.c	-[SCSpringScaleAnimationData scale]	
107d0a48c	107d0a493	decompiled	chunks/000/functions-000002.c	-[SCSpringScaleAnimationData options]	
107d0a494	107d0a49b	decompiled	chunks/000/functions-000002.c	-[SCSpringScaleAnimationData nextSpringScaleAnimationData]	
107d0a49c	107d0a4a7	decompiled	chunks/000/functions-000002.c	-[SCSpringScaleAnimationData .cxx_destruct]	
107d0a4a8	107d0a5cb	decompiled	chunks/000/functions-000002.c	-[SCSnapCountdownAnimationData initWithConversationId:snapId:snapColor:duration:deadline:paused:]	
107d0a5cc	107d0a5ef	decompiled	chunks/000/functions-000002.c	-[SCSnapCountdownAnimationData copyWithZone:]	
107d0a5f0	107d0a6a3	decompiled	chunks/000/functions-000002.c	-[SCSnapCountdownAnimationData hash]	
107d0a6a4	107d0a7bf	decompiled	chunks/000/functions-000002.c	-[SCSnapCountdownAnimationData isEqual:]	
107d0a7c0	107d0a7c7	decompiled	chunks/000/functions-000002.c	-[SCSnapCountdownAnimationData conversationId]	
107d0a7c8	107d0a7cf	decompiled	chunks/000/functions-000002.c	-[SCSnapCountdownAnimationData snapId]	
107d0a7d0	107d0a7d7	decompiled	chunks/000/functions-000002.c	-[SCSnapCountdownAnimationData snapColor]	
107d0a7d8	107d0a7df	decompiled	chunks/000/functions-000002.c	-[SCSnapCountdownAnimationData duration]	
107d0a7e0	107d0a7e7	decompiled	chunks/000/functions-000002.c	-[SCSnapCountdownAnimationData deadline]	
107d0a7e8	107d0a7ef	decompiled	chunks/000/functions-000002.c	-[SCSnapCountdownAnimationData paused]	
107d0a7f0	107d0a837	decompiled	chunks/000/functions-000002.c	-[SCSnapCountdownAnimationData .cxx_destruct]	
107d0a838	107d0a91f	decompiled	chunks/000/functions-000002.c	-[SCSnapPostViewAnimationData initWithEmoji:isViewed:feedId:conversationId:]	
107d0a920	107d0a943	decompiled	chunks/000/functions-000002.c	-[SCSnapPostViewAnimationData copyWithZone:]	
107d0a944	107d0a9c7	decompiled	chunks/000/functions-000002.c	-[SCSnapPostViewAnimationData hash]	
107d0a9c8	107d0aa97	decompiled	chunks/000/functions-000002.c	-[SCSnapPostViewAnimationData isEqual:]	
107d0aa98	107d0aa9f	decompiled	chunks/000/functions-000002.c	-[SCSnapPostViewAnimationData emoji]	
107d0aaa0	107d0aaa7	decompiled	chunks/000/functions-000002.c	-[SCSnapPostViewAnimationData isViewed]	
107d0aaa8	107d0aaaf	decompiled	chunks/000/functions-000003.c	-[SCSnapPostViewAnimationData feedId]	
107d0aab0	107d0aab7	decompiled	chunks/000/functions-000003.c	-[SCSnapPostViewAnimationData conversationId]	
107d0aab8	107d0aaf3	decompiled	chunks/000/functions-000003.c	-[SCSnapPostViewAnimationData .cxx_destruct]	
107d0aaf4	107d0ab6b	decompiled	chunks/000/functions-000003.c	-[SCSnapReplayAnimationData initWithConversationId:]	
107d0ab6c	107d0ab8f	decompiled	chunks/000/functions-000003.c	-[SCSnapReplayAnimationData copyWithZone:]	
107d0ab90	107d0ab97	decompiled	chunks/000/functions-000003.c	-[SCSnapReplayAnimationData hash]	
107d0ab98	107d0ac27	decompiled	chunks/000/functions-000003.c	-[SCSnapReplayAnimationData isEqual:]	
107d0ac28	107d0ac2f	decompiled	chunks/000/functions-000003.c	-[SCSnapReplayAnimationData conversationId]	
107d0ac30	107d0ac3b	decompiled	chunks/000/functions-000003.c	-[SCSnapReplayAnimationData .cxx_destruct]	
107d0ac3c	107d0acab	decompiled	chunks/000/functions-000003.c	-[SCAlphaAnimationData initWithDuration:delay:startAlpha:endAlpha:options:]	
107d0acac	107d0accf	decompiled	chunks/000/functions-000003.c	-[SCAlphaAnimationData copyWithZone:]	
107d0acd0	107d0adab	decompiled	chunks/000/functions-000003.c	-[SCAlphaAnimationData hash]	
107d0adac	107d0af03	decompiled	chunks/000/functions-000003.c	-[SCAlphaAnimationData isEqual:]	
107d0af04	107d0af0b	decompiled	chunks/000/functions-000003.c	-[SCAlphaAnimationData duration]	
107d0af0c	107d0af13	decompiled	chunks/000/functions-000003.c	-[SCAlphaAnimationData delay]	
107d0af14	107d0af1b	decompiled	chunks/000/functions-000003.c	-[SCAlphaAnimationData startAlpha]	
107d0af1c	107d0af23	decompiled	chunks/000/functions-000003.c	-[SCAlphaAnimationData endAlpha]	
107d0af24	107d0af2b	decompiled	chunks/000/functions-000003.c	-[SCAlphaAnimationData options]	
107d0af2c	107d0afb7	decompiled	chunks/000/functions-000003.c	-[SCSubstituteTextAnimationData initWithSubstituteText:duration:resetDelay:]	
107d0afb8	107d0afdb	decompiled	chunks/000/functions-000003.c	-[SCSubstituteTextAnimationData copyWithZone:]	
107d0afdc	107d0b087	decompiled	chunks/000/functions-000003.c	-[SCSubstituteTextAnimationData hash]	
107d0b088	107d0b17f	decompiled	chunks/000/functions-000003.c	-[SCSubstituteTextAnimationData isEqual:]	
107d0b180	107d0b187	decompiled	chunks/000/functions-000003.c	-[SCSubstituteTextAnimationData substituteText]	
107d0b188	107d0b18f	decompiled	chunks/000/functions-000003.c	-[SCSubstituteTextAnimationData duration]	
107d0b190	107d0b197	decompiled	chunks/000/functions-000003.c	-[SCSubstituteTextAnimationData resetDelay]	
107d0b198	107d0b1a3	decompiled	chunks/000/functions-000003.c	-[SCSubstituteTextAnimationData .cxx_destruct]	
107d0b1a4	107d0b24b	decompiled	chunks/000/functions-000003.c	-[SCTranslationAnimationData initWithDuration:delay:damping:velocity:xStartMultiplier:xStartOffset:yStartMultiplier:yStartOffset:xEndMultiplier:xEndOffset:yEndMultiplier:yEndOffset:options:]	
107d0b24c	107d0b26f	decompiled	chunks/000/functions-000003.c	-[SCTranslationAnimationData copyWithZone:]	
107d0b270	107d0b44b	decompiled	chunks/000/functions-000003.c	-[SCTranslationAnimationData hash]	
107d0b44c	107d0b75b	decompiled	chunks/000/functions-000003.c	-[SCTranslationAnimationData isEqual:]	
107d0b75c	107d0b763	decompiled	chunks/000/functions-000003.c	-[SCTranslationAnimationData duration]	
107d0b764	107d0b76b	decompiled	chunks/000/functions-000003.c	-[SCTranslationAnimationData delay]	
107d0b76c	107d0b773	decompiled	chunks/000/functions-000003.c	-[SCTranslationAnimationData damping]	
107d0b774	107d0b77b	decompiled	chunks/000/functions-000003.c	-[SCTranslationAnimationData velocity]	
107d0b77c	107d0b783	decompiled	chunks/000/functions-000003.c	-[SCTranslationAnimationData xStartMultiplier]	
107d0b784	107d0b78b	decompiled	chunks/000/functions-000003.c	-[SCTranslationAnimationData xStartOffset]	
107d0b78c	107d0b793	decompiled	chunks/000/functions-000003.c	-[SCTranslationAnimationData yStartMultiplier]	
107d0b794	107d0b79b	decompiled	chunks/000/functions-000003.c	-[SCTranslationAnimationData yStartOffset]	
107d0b79c	107d0b7a3	decompiled	chunks/000/functions-000003.c	-[SCTranslationAnimationData xEndMultiplier]	
107d0b7a4	107d0b7ab	decompiled	chunks/000/functions-000003.c	-[SCTranslationAnimationData xEndOffset]	
107d0b7ac	107d0b7b3	decompiled	chunks/000/functions-000003.c	-[SCTranslationAnimationData yEndMultiplier]	
107d0b7b4	107d0b7bb	decompiled	chunks/000/functions-000003.c	-[SCTranslationAnimationData yEndOffset]	
107d0b7bc	107d0b7c3	decompiled	chunks/000/functions-000003.c	-[SCTranslationAnimationData options]	
107d0b7c4	107d0b82f	decompiled	chunks/000/functions-000003.c	+[SCFriendsFeedClearMenuActionData groupWithGroupId:]	
107d0b830	107d0b8f3	decompiled	chunks/000/functions-000003.c	+[SCFriendsFeedClearMenuActionData snapchatterWithIdentifier:conversationId:recipientSnapchatter:]	
107d0b8f4	107d0b917	decompiled	chunks/000/functions-000003.c	-[SCFriendsFeedClearMenuActionData copyWithZone:]	
107d0b918	107d0b9a7	decompiled	chunks/000/functions-000003.c	-[SCFriendsFeedClearMenuActionData hash]	
107d0b9a8	107d0b9eb	decompiled	chunks/000/functions-000003.c	-[SCFriendsFeedClearMenuActionData internalInit]	
107d0b9ec	107d0bad3	decompiled	chunks/000/functions-000003.c	-[SCFriendsFeedClearMenuActionData isEqual:]	
107d0bad4	107d0bb5f	decompiled	chunks/000/functions-000003.c	-[SCFriendsFeedClearMenuActionData matchSnapchatter:group:]	
107d0bb60	107d0bba7	decompiled	chunks/000/functions-000003.c	-[SCFriendsFeedClearMenuActionData .cxx_destruct]	
107d0bba8	107d0bc67	decompiled	chunks/000/functions-000003.c	-[SCFriendsFeedStreakRestoreActionData initWithRecipientSnapchatter:conversationId:streakCount:streakExpirationTimestampMS:]	
107d0bc68	107d0bc8b	decompiled	chunks/000/functions-000003.c	-[SCFriendsFeedStreakRestoreActionData copyWithZone:]	
107d0bc8c	107d0bd0b	decompiled	chunks/000/functions-000003.c	-[SCFriendsFeedStreakRestoreActionData hash]	
107d0bd0c	107d0bdd3	decompiled	chunks/000/functions-000003.c	-[SCFriendsFeedStreakRestoreActionData isEqual:]	
107d0bdd4	107d0bddb	decompiled	chunks/000/functions-000003.c	-[SCFriendsFeedStreakRestoreActionData recipientSnapchatter]	
107d0bddc	107d0bde3	decompiled	chunks/000/functions-000003.c	-[SCFriendsFeedStreakRestoreActionData conversationId]	
107d0bde4	107d0bdeb	decompiled	chunks/000/functions-000003.c	-[SCFriendsFeedStreakRestoreActionData streakCount]	
107d0bdec	107d0bdf3	decompiled	chunks/000/functions-000003.c	-[SCFriendsFeedStreakRestoreActionData streakExpirationTimestampMS]	
107d0bdf4	107d0be23	decompiled	chunks/000/functions-000003.c	-[SCFriendsFeedStreakRestoreActionData .cxx_destruct]	
107d0be24	107d0becf	decompiled	chunks/000/functions-000003.c	-[SCPeekAPeekAnimationData initWithFeedId:animationData:]	
107d0bed0	107d0bef3	decompiled	chunks/000/functions-000003.c	-[SCPeekAPeekAnimationData copyWithZone:]	
107d0bef4	107d0bf67	decompiled	chunks/000/functions-000003.c	-[SCPeekAPeekAnimationData hash]	
107d0bf68	107d0c00f	decompiled	chunks/000/functions-000003.c	-[SCPeekAPeekAnimationData isEqual:]	
107d0c010	107d0c017	decompiled	chunks/000/functions-000003.c	-[SCPeekAPeekAnimationData feedId]	
107d0c018	107d0c01f	decompiled	chunks/000/functions-000003.c	-[SCPeekAPeekAnimationData animationData]	
107d0c020	107d0c04f	decompiled	chunks/000/functions-000003.c	-[SCPeekAPeekAnimationData .cxx_destruct]	
107d0c050	107d0c187	decompiled	chunks/000/functions-000003.c	-[SCFriendsFeedGroupJoinPermissionActionData initWithGroupDisplayName:groupInviterId:loggedInUserId:conversationParticipantIds:conversationId:]	
107d0c188	107d0c1ab	decompiled	chunks/000/functions-000003.c	-[SCFriendsFeedGroupJoinPermissionActionData copyWithZone:]	
107d0c1ac	107d0c243	decompiled	chunks/000/functions-000003.c	-[SCFriendsFeedGroupJoinPermissionActionData hash]	
107d0c244	107d0c333	decompiled	chunks/000/functions-000003.c	-[SCFriendsFeedGroupJoinPermissionActionData isEqual:]	
107d0c334	107d0c33b	decompiled	chunks/000/functions-000003.c	-[SCFriendsFeedGroupJoinPermissionActionData groupDisplayName]	
107d0c33c	107d0c343	decompiled	chunks/000/functions-000003.c	-[SCFriendsFeedGroupJoinPermissionActionData groupInviterId]	
107d0c344	107d0c34b	decompiled	chunks/000/functions-000003.c	-[SCFriendsFeedGroupJoinPermissionActionData loggedInUserId]	
107d0c34c	107d0c353	decompiled	chunks/000/functions-000003.c	-[SCFriendsFeedGroupJoinPermissionActionData conversationParticipantIds]	
107d0c354	107d0c35b	decompiled	chunks/000/functions-000003.c	-[SCFriendsFeedGroupJoinPermissionActionData conversationId]	
107d0c35c	107d0c3af	decompiled	chunks/000/functions-000003.c	-[SCFriendsFeedGroupJoinPermissionActionData .cxx_destruct]	
107d0c3b0	107d0c3f7	decompiled	chunks/000/functions-000003.c	-[SCFeedIconPeekAPeekAnimationData initWithShouldHide:]	
107d0c3f8	107d0c41b	decompiled	chunks/000/functions-000003.c	-[SCFeedIconPeekAPeekAnimationData copyWithZone:]	
107d0c41c	107d0c423	decompiled	chunks/000/functions-000003.c	-[SCFeedIconPeekAPeekAnimationData hash]	
107d0c424	107d0c4ab	decompiled	chunks/000/functions-000003.c	-[SCFeedIconPeekAPeekAnimationData isEqual:]	
107d0c4ac	107d0c4b3	decompiled	chunks/000/functions-000003.c	-[SCFeedIconPeekAPeekAnimationData shouldHide]	
107d0c4b4	107d0c577	decompiled	chunks/000/functions-000003.c	-[SCSnapReplayScope initWithDelegate:snapReplayRequest:uiContainer:]	
107d0c578	107d0c58f	decompiled	chunks/000/functions-000003.c	-[SCSnapReplayScope delegate]	
107d0c590	107d0c59b	decompiled	chunks/000/functions-000003.c	-[SCSnapReplayScope setDelegate:]	
107d0c59c	107d0c5a3	decompiled	chunks/000/functions-000003.c	-[SCSnapReplayScope snapReplayRequest]	
107d0c5a4	107d0c5d3	decompiled	chunks/000/functions-000003.c	-[SCSnapReplayScope setSnapReplayRequest:]	
107d0c5d4	107d0c5db	decompiled	chunks/000/functions-000003.c	-[SCSnapReplayScope uiContainer]	
107d0c5dc	107d0c60b	decompiled	chunks/000/functions-000003.c	-[SCSnapReplayScope setUiContainer:]	
107d0c60c	107d0c643	decompiled	chunks/000/functions-000003.c	-[SCSnapReplayScope .cxx_destruct]	
107d0c644	107d0c6af	decompiled	chunks/000/functions-000003.c	+[SCSnapReplayRequestInfo replayAllSnapsWithConversationId:isReplayAgain:]	
107d0c6b0	107d0c757	decompiled	chunks/000/functions-000003.c	+[SCSnapReplayRequestInfo replaySnapWithConversationId:messageId:isGroupConversation:]	
107d0c758	107d0c77b	decompiled	chunks/000/functions-000003.c	-[SCSnapReplayRequestInfo copyWithZone:]	
107d0c77c	107d0c807	decompiled	chunks/000/functions-000003.c	-[SCSnapReplayRequestInfo hash]	
107d0c808	107d0c84b	decompiled	chunks/000/functions-000003.c	-[SCSnapReplayRequestInfo internalInit]	
107d0c84c	107d0c93b	decompiled	chunks/000/functions-000003.c	-[SCSnapReplayRequestInfo isEqual:]	
107d0c93c	107d0c9cb	decompiled	chunks/000/functions-000003.c	-[SCSnapReplayRequestInfo matchReplayAllSnaps:replaySnap:]	
107d0c9cc	107d0ca07	decompiled	chunks/000/functions-000003.c	-[SCSnapReplayRequestInfo .cxx_destruct]	
107d0ca08	107d0cb03	decompiled	chunks/000/functions-000003.c	-[SCLensFriendsFeedContextServices initWithDataFetcher:dataStore:logger:impressionTracker:]	
107d0cb04	107d0cb0b	decompiled	chunks/000/functions-000003.c	-[SCLensFriendsFeedContextServices lensFriendsFeedContextDataFetcher]	
107d0cb0c	107d0cb13	decompiled	chunks/000/functions-000004.c	-[SCLensFriendsFeedContextServices lensFriendsFeedContextDataStore]	
107d0cb14	107d0cb1b	decompiled	chunks/000/functions-000004.c	-[SCLensFriendsFeedContextServices lensFriendsFeedContextLogger]	
107d0cb1c	107d0cb23	decompiled	chunks/000/functions-000004.c	-[SCLensFriendsFeedContextServices lensFriendsFeedContextImpressionTracker]	
107d0cb24	107d0cb6b	decompiled	chunks/000/functions-000004.c	-[SCLensFriendsFeedContextServices .cxx_destruct]	
107d0cb6c	107d0ccf7	decompiled	chunks/000/functions-000004.c	-[SCLensFriendsFeedSuggestionParams initWithEventType:lenses:localizedButtonText:conversationId:username:displayName:userId:isGroupConversation:useStandardEventIcons:]	
107d0ccf8	107d0cd1b	decompiled	chunks/000/functions-000004.c	-[SCLensFriendsFeedSuggestionParams copyWithZone:]	
107d0cd1c	107d0cdcf	decompiled	chunks/000/functions-000004.c	-[SCLensFriendsFeedSuggestionParams hash]	
107d0cdd0	107d0cf07	decompiled	chunks/000/functions-000004.c	-[SCLensFriendsFeedSuggestionParams isEqual:]	
107d0cf08	107d0cf0f	decompiled	chunks/000/functions-000004.c	-[SCLensFriendsFeedSuggestionParams eventType]	
107d0cf10	107d0cf17	decompiled	chunks/000/functions-000004.c	-[SCLensFriendsFeedSuggestionParams lenses]	
107d0cf18	107d0cf1f	decompiled	chunks/000/functions-000004.c	-[SCLensFriendsFeedSuggestionParams localizedButtonText]	
107d0cf20	107d0cf27	decompiled	chunks/000/functions-000004.c	-[SCLensFriendsFeedSuggestionParams conversationId]	
107d0cf28	107d0cf2f	decompiled	chunks/000/functions-000004.c	-[SCLensFriendsFeedSuggestionParams username]	
107d0cf30	107d0cf37	decompiled	chunks/000/functions-000004.c	-[SCLensFriendsFeedSuggestionParams displayName]	
107d0cf38	107d0cf3f	decompiled	chunks/000/functions-000004.c	-[SCLensFriendsFeedSuggestionParams userId]	
107d0cf40	107d0cf47	decompiled	chunks/000/functions-000004.c	-[SCLensFriendsFeedSuggestionParams isGroupConversation]	
107d0cf48	107d0cf4f	decompiled	chunks/000/functions-000004.c	-[SCLensFriendsFeedSuggestionParams useStandardEventIcons]	
107d0cf50	107d0cfaf	decompiled	chunks/000/functions-000004.c	-[SCLensFriendsFeedSuggestionParams .cxx_destruct]	
107d0cfb0	107d0d03b	decompiled	chunks/000/functions-000004.c	-[SCLensFriendsFeedContextEventModel initWithEventType:priority:lenses:]	
107d0d03c	107d0d05f	decompiled	chunks/000/functions-000004.c	-[SCLensFriendsFeedContextEventModel copyWithZone:]	
107d0d060	107d0d0c3	decompiled	chunks/000/functions-000004.c	-[SCLensFriendsFeedContextEventModel hash]	
107d0d0c4	107d0d173	decompiled	chunks/000/functions-000004.c	-[SCLensFriendsFeedContextEventModel isEqual:]	
107d0d174	107d0d17b	decompiled	chunks/000/functions-000004.c	-[SCLensFriendsFeedContextEventModel eventType]	
107d0d17c	107d0d183	decompiled	chunks/000/functions-000004.c	-[SCLensFriendsFeedContextEventModel priority]	
107d0d184	107d0d18b	decompiled	chunks/000/functions-000004.c	-[SCLensFriendsFeedContextEventModel lenses]	
107d0d18c	107d0d197	decompiled	chunks/000/functions-000004.c	-[SCLensFriendsFeedContextEventModel .cxx_destruct]	
107d0d198	107d0d243	decompiled	chunks/000/functions-000004.c	-[SCLensFriendsFeedSuggestionLensModel initWithLensId:lensIconURL:]	
107d0d244	107d0d267	decompiled	chunks/000/functions-000004.c	-[SCLensFriendsFeedSuggestionLensModel copyWithZone:]	
107d0d268	107d0d2db	decompiled	chunks/000/functions-000004.c	-[SCLensFriendsFeedSuggestionLensModel hash]	
107d0d2dc	107d0d383	decompiled	chunks/000/functions-000004.c	-[SCLensFriendsFeedSuggestionLensModel isEqual:]	
107d0d384	107d0d38b	decompiled	chunks/000/functions-000004.c	-[SCLensFriendsFeedSuggestionLensModel lensId]	
107d0d38c	107d0d393	decompiled	chunks/000/functions-000004.c	-[SCLensFriendsFeedSuggestionLensModel lensIconURL]	
107d0d394	107d0d3c3	decompiled	chunks/000/functions-000004.c	-[SCLensFriendsFeedSuggestionLensModel .cxx_destruct]	
107d0d3c4	107d0d4af	decompiled	chunks/000/functions-000004.c		
107d0d4b0	107d0d4ff	decompiled	chunks/000/functions-000004.c		
107d0d500	107d0d65b	decompiled	chunks/000/functions-000004.c	-[SCLegacyMyProfileScope initWithUiContainer:displaySetting:hideRecursiveOptions:showRecentStoryOnOpen:showRecentPublicStoryOnOpen:notification:openningData:delegate:showBitmojiIdentityViewOnOpen:]	
107d0d65c	107d0d7e7	decompiled	chunks/000/functions-000004.c	-[SCLegacyMyProfileScope initWithContainerViewController:animated:displaySetting:hideRecursiveOptions:showRecentStoryOnOpen:showRecentPublicStoryOnOpen:notification:openningData:delegate:showBitmojiIdentityViewOnOpen:]	
107d0d7e8	107d0d923	decompiled	chunks/000/functions-000004.c	-[SCLegacyMyProfileScope initWithDeckContainerFactory:animated:displaySetting:hideRecursiveOptions:showRecentStoryOnOpen:showRecentPublicStoryOnOpen:notification:openningData:delegate:showBitmojiIdentityViewOnOpen:]	
107d0d924	107d0d92b	decompiled	chunks/000/functions-000004.c	-[SCLegacyMyProfileScope uiContainer]	
107d0d92c	107d0d933	decompiled	chunks/000/functions-000004.c	-[SCLegacyMyProfileScope isOverlayPresentation]	
107d0d934	107d0d94b	decompiled	chunks/000/functions-000004.c	-[SCLegacyMyProfileScope containerViewController]	
107d0d94c	107d0d953	decompiled	chunks/000/functions-000004.c	-[SCLegacyMyProfileScope animated]	
107d0d954	107d0d95b	decompiled	chunks/000/functions-000004.c	-[SCLegacyMyProfileScope displaySetting]	
107d0d95c	107d0d963	decompiled	chunks/000/functions-000004.c	-[SCLegacyMyProfileScope hideRecursiveOptions]	
107d0d964	107d0d96b	decompiled	chunks/000/functions-000004.c	-[SCLegacyMyProfileScope showRecentStoryOnOpen]	
107d0d96c	107d0d973	decompiled	chunks/000/functions-000004.c	-[SCLegacyMyProfileScope showRecentPublicStoryOnOpen]	
107d0d974	107d0d97b	decompiled	chunks/000/functions-000004.c	-[SCLegacyMyProfileScope notification]	
107d0d97c	107d0d983	decompiled	chunks/000/functions-000004.c	-[SCLegacyMyProfileScope openningData]	
107d0d984	107d0d98b	decompiled	chunks/000/functions-000004.c	-[SCLegacyMyProfileScope profile3DeeplinkPayload]	
107d0d98c	107d0d9bb	decompiled	chunks/000/functions-000004.c	-[SCLegacyMyProfileScope setProfile3DeeplinkPayload:]	
107d0d9bc	107d0d9d3	decompiled	chunks/000/functions-000004.c	-[SCLegacyMyProfileScope contactSupportScopeExposerForDeeplink]	
107d0d9d4	107d0d9df	decompiled	chunks/000/functions-000004.c	-[SCLegacyMyProfileScope setContactSupportScopeExposerForDeeplink:]	
107d0d9e0	107d0d9f7	decompiled	chunks/000/functions-000004.c	-[SCLegacyMyProfileScope contactSupportScopeServicesForDeeplink]	
107d0d9f8	107d0da03	decompiled	chunks/000/functions-000004.c	-[SCLegacyMyProfileScope setContactSupportScopeServicesForDeeplink:]	
107d0da04	107d0da0b	decompiled	chunks/000/functions-000004.c	-[SCLegacyMyProfileScope sourcePage]	
107d0da0c	107d0da13	decompiled	chunks/000/functions-000004.c	-[SCLegacyMyProfileScope setSourcePage:]	
107d0da14	107d0da2b	decompiled	chunks/000/functions-000004.c	-[SCLegacyMyProfileScope delegate]	
107d0da2c	107d0da37	decompiled	chunks/000/functions-000004.c	-[SCLegacyMyProfileScope setDelegate:]	
107d0da38	107d0da3f	decompiled	chunks/000/functions-000004.c	-[SCLegacyMyProfileScope profileBackgroundPickerMode]	
107d0da40	107d0da47	decompiled	chunks/000/functions-000004.c	-[SCLegacyMyProfileScope setProfileBackgroundPickerMode:]	
107d0da48	107d0da4f	decompiled	chunks/000/functions-000004.c	-[SCLegacyMyProfileScope deckContainerFactory]	
107d0da50	107d0da57	decompiled	chunks/000/functions-000004.c	-[SCLegacyMyProfileScope showBitmojiIdentityViewOnOpen]	
107d0da58	107d0dacb	decompiled	chunks/000/functions-000004.c	-[SCLegacyMyProfileScope .cxx_destruct]	
107d0dacc	107d0db3b	decompiled	chunks/000/functions-000004.c	+[SCProfile3DeeplinkPayload settingsPayloadWithDeepLinkTypeRaw:unknownFeature:]	
107d0db3c	107d0dbbf	decompiled	chunks/000/functions-000004.c	+[SCProfile3DeeplinkPayload profileManagementPayloadWithProfileId:deeplinkActionRaw:]	
107d0dbc0	107d0dbf3	decompiled	chunks/000/functions-000004.c	+[SCProfile3DeeplinkPayload pendingInvitationsPayload]	
107d0dbf4	107d0dbfb	decompiled	chunks/000/functions-000004.c	-[SCProfile3DeeplinkPayload kind]	
107d0dbfc	107d0dc03	decompiled	chunks/000/functions-000004.c	-[SCProfile3DeeplinkPayload setKind:]	
107d0dc04	107d0dc0b	decompiled	chunks/000/functions-000004.c	-[SCProfile3DeeplinkPayload settingsDeepLinkTypeRaw]	
107d0dc0c	107d0dc13	decompiled	chunks/000/functions-000004.c	-[SCProfile3DeeplinkPayload setSettingsDeepLinkTypeRaw:]	
107d0dc14	107d0dc1b	decompiled	chunks/000/functions-000004.c	-[SCProfile3DeeplinkPayload settingsUnknownFeature]	
107d0dc1c	107d0dc23	decompiled	chunks/000/functions-000004.c	-[SCProfile3DeeplinkPayload setSettingsUnknownFeature:]	
107d0dc24	107d0dc2b	decompiled	chunks/000/functions-000004.c	-[SCProfile3DeeplinkPayload profileManagementProfileId]	
107d0dc2c	107d0dc33	decompiled	chunks/000/functions-000004.c	-[SCProfile3DeeplinkPayload setProfileManagementProfileId:]	
107d0dc34	107d0dc3b	decompiled	chunks/000/functions-000004.c	-[SCProfile3DeeplinkPayload impalaProfileDeeplinkActionRaw]	
107d0dc3c	107d0dc43	decompiled	chunks/000/functions-000004.c	-[SCProfile3DeeplinkPayload setImpalaProfileDeeplinkActionRaw:]	
107d0dc44	107d0dc73	decompiled	chunks/000/functions-000004.c	-[SCProfile3DeeplinkPayload .cxx_destruct]	
107d0dc74	107d0dd0b	decompiled	chunks/000/functions-000004.c	-[SCPrivateProfileOpenningData initWithSourcePageType:userInitializedOpenTime:pageEntryType:]	
107d0dd0c	107d0dd2f	decompiled	chunks/000/functions-000004.c	-[SCPrivateProfileOpenningData copyWithZone:]	
107d0dd30	107d0ddc7	decompiled	chunks/000/functions-000004.c	-[SCPrivateProfileOpenningData hash]	
107d0ddc8	107d0de9b	decompiled	chunks/000/functions-000004.c	-[SCPrivateProfileOpenningData isEqual:]	
107d0de9c	107d0dea3	decompiled	chunks/000/functions-000004.c	-[SCPrivateProfileOpenningData sourcePageType]	
107d0dea4	107d0deab	decompiled	chunks/000/functions-000004.c	-[SCPrivateProfileOpenningData userInitializedOpenTime]	
107d0deac	107d0deb3	decompiled	chunks/000/functions-000004.c	-[SCPrivateProfileOpenningData pageEntryType]	
107d0deb4	107d0debf	decompiled	chunks/000/functions-000004.c	-[SCPrivateProfileOpenningData .cxx_destruct]	
107d0dec0	107d0e0b3	decompiled	chunks/000/functions-000004.c	-[SCUnifiedProfileNotification initWithUserInfo:serverSentTime:notificationId:notificationKey:spotlightPendingReplySnapClientId:spotlightSnapId:profileId:activityFeedNotificationId:spotlightId:]	
107d0e0b4	107d0e0d7	decompiled	chunks/000/functions-000004.c	-[SCUnifiedProfileNotification copyWithZone:]	
107d0e0d8	107d0e19f	decompiled	chunks/000/functions-000004.c	-[SCUnifiedProfileNotification hash]	
107d0e1a0	107d0e2ef	decompiled	chunks/000/functions-000004.c	-[SCUnifiedProfileNotification isEqual:]	
107d0e2f0	107d0e2f7	decompiled	chunks/000/functions-000004.c	-[SCUnifiedProfileNotification userInfo]	
107d0e2f8	107d0e2ff	decompiled	chunks/000/functions-000004.c	-[SCUnifiedProfileNotification serverSentTime]	
107d0e300	107d0e307	decompiled	chunks/000/functions-000004.c	-[SCUnifiedProfileNotification notificationId]	
107d0e308	107d0e30f	decompiled	chunks/000/functions-000004.c	-[SCUnifiedProfileNotification notificationKey]	
107d0e310	107d0e317	decompiled	chunks/000/functions-000004.c	-[SCUnifiedProfileNotification spotlightPendingReplySnapClientId]	
107d0e318	107d0e31f	decompiled	chunks/000/functions-000004.c	-[SCUnifiedProfileNotification spotlightSnapId]	
107d0e320	107d0e327	decompiled	chunks/000/functions-000004.c	-[SCUnifiedProfileNotification profileId]	
107d0e328	107d0e32f	decompiled	chunks/000/functions-000004.c	-[SCUnifiedProfileNotification activityFeedNotificationId]	
107d0e330	107d0e337	decompiled	chunks/000/functions-000004.c	-[SCUnifiedProfileNotification spotlightId]	
107d0e338	107d0e3bb	decompiled	chunks/000/functions-000004.c	-[SCUnifiedProfileNotification .cxx_destruct]	
107d0e3bc	107d0e41f	decompiled	chunks/000/functions-000004.c	-[SCPreferences ctaPromoLastViewedValues]	
107d0e420	107d0e42b	decompiled	chunks/000/functions-000005.c	-[SCPreferences setCtaPromoLastViewedValues:]	
107d0e42c	107d0e51b	decompiled	chunks/000/functions-000005.c	-[SCPreferences observePromoLastViewedValuesWithDefaultValue:]	
107d0e51c	107d0e76f	decompiled	chunks/000/functions-000005.c		
107d0e770	107d0e7e7	decompiled	chunks/000/functions-000005.c		
107d0e7e8	107d0e7ef	decompiled	chunks/000/functions-000005.c		
107d0e7f0	107d0e937	decompiled	chunks/000/functions-000005.c	-[SCPreferences _lastViewedPromoValuesWithChangedValues:defaultValue:]	
107d0e938	107d0e9b3	decompiled	chunks/000/functions-000005.c		
107d0e9b4	107d0e9d3	decompiled	chunks/000/functions-000005.c		
107d0e9d4	107d0ea3b	decompiled	chunks/000/functions-000005.c	+[CtaPromoData descriptor]	
107d0ea3c	107d0ead7	decompiled	chunks/000/functions-000005.c	+[CtaPromoData_CtaPromoItem descriptor]	
107d0ead8	107d0eb67	decompiled	chunks/000/functions-000005.c	-[SCOurStorySpotlightViewCountNotificationActionHandler initWithSnapViewerDataCoordinator:]	
107d0eb68	107d0ec77	decompiled	chunks/000/functions-000005.c	-[SCOurStorySpotlightViewCountNotificationActionHandler handleActionWithSender:actionModel:fromSourceView:]	
107d0ec78	107d0ed63	decompiled	chunks/000/functions-000005.c	-[SCOurStorySpotlightViewCountNotificationActionHandler _didOpenNotificationWithActionModel:]	
107d0ed64	107d0ee4b	decompiled	chunks/000/functions-000005.c	-[SCOurStorySpotlightViewCountNotificationActionHandler _ourStorySectionUpdateWithActionModel:]	
107d0ee4c	107d0efe7	decompiled	chunks/000/functions-000005.c	-[SCOurStorySpotlightViewCountNotificationActionHandler _sectionDidLoadWithActionModel:]	
107d0efe8	107d0f013	decompiled	chunks/000/functions-000005.c		
107d0f014	107d0f067	decompiled	chunks/000/functions-000005.c	-[SCOurStorySpotlightViewCountNotificationActionHandler _scrollToSectionIfAlreadyReady]	
107d0f068	107d0f0b7	decompiled	chunks/000/functions-000005.c	-[SCOurStorySpotlightViewCountNotificationActionHandler _openStoriesSection]	
107d0f0b8	107d0f1eb	decompiled	chunks/000/functions-000005.c	-[SCOurStorySpotlightViewCountNotificationActionHandler _fetchReadReceiptViewInfoFor:]	
107d0f1ec	107d0f203	decompiled	chunks/000/functions-000005.c	-[SCOurStorySpotlightViewCountNotificationActionHandler parentActionHandler]	
107d0f204	107d0f20f	decompiled	chunks/000/functions-000005.c	-[SCOurStorySpotlightViewCountNotificationActionHandler setParentActionHandler:]	
107d0f210	107d0f227	decompiled	chunks/000/functions-000005.c	-[SCOurStorySpotlightViewCountNotificationActionHandler ourStoriesSection]	
107d0f228	107d0f233	decompiled	chunks/000/functions-000005.c	-[SCOurStorySpotlightViewCountNotificationActionHandler setOurStoriesSection:]	
107d0f234	107d0f273	decompiled	chunks/000/functions-000005.c	-[SCOurStorySpotlightViewCountNotificationActionHandler .cxx_destruct]	
107d0f274	107d0f3c7	decompiled	chunks/000/functions-000005.c	-[SCUnifiedProfileStoriesViewMoreStoriesGroupActionHandler initWithExpandableBehaviorSubject:]	
107d0f3c8	107d0f427	decompiled	chunks/000/functions-000005.c		
107d0f428	107d0f42f	decompiled	chunks/000/functions-000005.c	-[SCUnifiedProfileStoriesViewMoreStoriesGroupActionHandler _handledExpandedObservableValue:]	
107d0f430	107d0f493	decompiled	chunks/000/functions-000005.c	-[SCUnifiedProfileStoriesViewMoreStoriesGroupActionHandler handleActionWithSender:actionModel:fromSourceView:]	
107d0f494	107d0f4e3	decompiled	chunks/000/functions-000005.c	-[SCUnifiedProfileStoriesViewMoreStoriesGroupActionHandler _toggleExpandedState]	
107d0f4e4	107d0f513	decompiled	chunks/000/functions-000005.c	-[SCUnifiedProfileStoriesViewMoreStoriesGroupActionHandler .cxx_destruct]	
107d0f514	107d0f61b	decompiled	chunks/000/functions-000005.c	-[SCUnifiedProfileMyStorySnapActionMenuDataProvider initWithStoryType:storyId:snapClientId:isSavable:isDeletable:isShareable:]	
107d0f61c	107d0f96f	decompiled	chunks/000/functions-000005.c	-[SCUnifiedProfileMyStorySnapActionMenuDataProvider updateViewModelWithCompletionBlock:]	
107d0f970	107d0f9fb	decompiled	chunks/000/functions-000005.c		
107d0f9fc	107d0fa13	decompiled	chunks/000/functions-000005.c	-[SCUnifiedProfileMyStorySnapActionMenuDataProvider delegate]	
107d0fa14	107d0fa1f	decompiled	chunks/000/functions-000005.c	-[SCUnifiedProfileMyStorySnapActionMenuDataProvider setDelegate:]	
107d0fa20	107d0fa63	decompiled	chunks/000/functions-000005.c	-[SCUnifiedProfileMyStorySnapActionMenuDataProvider .cxx_destruct]	
107d0fa64	107d0fae3	decompiled	chunks/000/functions-000005.c		
107d0fae4	107d0faff	decompiled	chunks/000/functions-000005.c	-[SCUnifiedProfileExportButtonResource urlForScale:]	
107d0fb00	107d0fb57	decompiled	chunks/000/functions-000005.c	-[SCUnifiedProfileExportButtonResource url]	
107d0fb58	107d0fbc7	decompiled	chunks/000/functions-000005.c		
107d0fbc8	107d0ff23	decompiled	chunks/000/functions-000005.c	-[SCProfileMyCustomStoryDataSource initWithStoryId:storyType:myStoriesDataCoordinator:snapViewerDataCoordinator:readReceiptCoordinator:customStoriesDataFetcher:snapchattersDataFetcher:shortcutsDataFetcher:currentUserId:circumstanceEngine:]	
107d0ff24	107d0ff4f	decompiled	chunks/000/functions-000005.c		
107d0ff50	107d10397	decompiled	chunks/000/functions-000005.c	-[SCProfileMyCustomStoryDataSource _setUp]	
107d10398	107d10483	decompiled	chunks/000/functions-000005.c		
107d10484	107d10647	decompiled	chunks/000/functions-000005.c		
107d10648	107d109bf	decompiled	chunks/000/functions-000005.c		
107d109c0	107d10a07	decompiled	chunks/000/functions-000005.c		
107d10a08	107d10e13	decompiled	chunks/000/functions-000005.c	-[SCProfileMyCustomStoryDataSource _onStoryUpdate:]	
107d10e14	107d10e7b	decompiled	chunks/000/functions-000005.c		
107d10e7c	107d10f67	decompiled	chunks/000/functions-000005.c	-[SCProfileMyCustomStoryDataSource _updateWithStoryUpdate:userIdToSnapchatter:]	
107d10f68	107d11213	decompiled	chunks/000/functions-000005.c	-[SCProfileMyCustomStoryDataSource _updateWithStoryUpdate:subtext:displayName:]	
107d11214	107d1121b	decompiled	chunks/000/functions-000005.c	-[SCProfileMyCustomStoryDataSource storiesSectionDataModelObservable]	
107d1121c	107d11223	decompiled	chunks/000/functions-000005.c	-[SCProfileMyCustomStoryDataSource storySavableObservable]	
107d11224	107d11227	decompiled	chunks/000/functions-000005.c	-[SCProfileMyCustomStoryDataSource dismissTooltip]	
107d11228	107d1122f	decompiled	chunks/000/functions-000005.c	-[SCProfileMyCustomStoryDataSource storyId]	
107d11230	107d11237	decompiled	chunks/000/functions-000005.c	-[SCProfileMyCustomStoryDataSource storyType]	
107d11238	107d1130f	decompiled	chunks/000/functions-000005.c	-[SCProfileMyCustomStoryDataSource .cxx_destruct]	
107d11310	107d1160b	decompiled	chunks/000/functions-000005.c	-[SCProfileMyOurStoryDataSource initWithMyStoriesDataCoordinator:snapViewerDataCoordinator:readReceiptCoordinator:ourStoriesAttributionManager:storiesGrapheneMetricsEmitter:currentUserId:circumstanceEngine:updatesTracker:spotlightRepliesViewCountManager:]	
107d1160c	107d11927	decompiled	chunks/000/functions-000005.c	-[SCProfileMyOurStoryDataSource _setUpNonCombinedObservables]	
107d11928	107d1199b	decompiled	chunks/000/functions-000005.c		
107d1199c	107d11a33	decompiled	chunks/000/functions-000005.c	-[SCProfileMyOurStoryDataSource _onPlaybackSequences:]	
107d11a34	107d11a6b	decompiled	chunks/000/functions-000005.c	-[SCProfileMyOurStoryDataSource _onViewerInfo]	
107d11a6c	107d11c87	decompiled	chunks/000/functions-000005.c	-[SCProfileMyOurStoryDataSource _updateDataModels]	
107d11c88	107d11c8f	decompiled	chunks/000/functions-000005.c	-[SCProfileMyOurStoryDataSource storiesSectionDataModelObservable]	
107d11c90	107d11c97	decompiled	chunks/000/functions-000005.c	-[SCProfileMyOurStoryDataSource storySavableObservable]	
107d11c98	107d11ccf	decompiled	chunks/000/functions-000005.c	-[SCProfileMyOurStoryDataSource dismissTooltip]	
107d11cd0	107d11dbb	decompiled	chunks/000/functions-000005.c	-[SCProfileMyOurStoryDataSource didUpdateMyStoriesDataRequest:]	
107d11dbc	107d11df7	decompiled	chunks/000/functions-000005.c		
107d11df8	107d11e53	decompiled	chunks/000/functions-000005.c		
107d11e54	107d11e8f	decompiled	chunks/000/functions-000005.c		
107d11e90	107d11eef	decompiled	chunks/000/functions-000005.c	-[SCProfileMyOurStoryDataSource didUpdateWithStoriesSnapReadReceiptUpdateRequest:fromPullToRefreshSync:]	
107d11ef0	107d11fc7	decompiled	chunks/000/functions-000005.c		
107d11fc8	107d12003	decompiled	chunks/000/functions-000005.c		
107d12004	107d1200b	decompiled	chunks/000/functions-000005.c	-[SCProfileMyOurStoryDataSource storyId]	
107d1200c	107d12013	decompiled	chunks/000/functions-000005.c	-[SCProfileMyOurStoryDataSource storyType]	
107d12014	107d120f7	decompiled	chunks/000/functions-000005.c	-[SCProfileMyOurStoryDataSource .cxx_destruct]	
107d120f8	107d12187	decompiled	chunks/000/functions-000005.c	-[SCProfileMyOurStoryUpdatesTracker initWithGrapheneMetricsEmitter:]	
107d12188	107d12227	decompiled	chunks/000/functions-000005.c	-[SCProfileMyOurStoryUpdatesTracker flushMetrics]	
107d12228	107d1222f	decompiled	chunks/000/functions-000005.c	-[SCProfileMyOurStoryUpdatesTracker liveSnapsMissingViews]	
107d12230	107d12237	decompiled	chunks/000/functions-000005.c	-[SCProfileMyOurStoryUpdatesTracker totalSetups]	
107d12238	107d1223f	decompiled	chunks/000/functions-000005.c	-[SCProfileMyOurStoryUpdatesTracker setTotalSetups:]	
107d12240	107d12247	decompiled	chunks/000/functions-000005.c	-[SCProfileMyOurStoryUpdatesTracker storyUpdates]	
107d12248	107d1224f	decompiled	chunks/000/functions-000005.c	-[SCProfileMyOurStoryUpdatesTracker setStoryUpdates:]	
107d12250	107d12257	decompiled	chunks/000/functions-000005.c	-[SCProfileMyOurStoryUpdatesTracker viewStateUpdates]	
107d12258	107d1225f	decompiled	chunks/000/functions-000005.c	-[SCProfileMyOurStoryUpdatesTracker setViewStateUpdates:]	
107d12260	107d12267	decompiled	chunks/000/functions-000005.c	-[SCProfileMyOurStoryUpdatesTracker viewerInfoUpdates]	
107d12268	107d1226f	decompiled	chunks/000/functions-000005.c	-[SCProfileMyOurStoryUpdatesTracker setViewerInfoUpdates:]	
107d12270	107d12277	decompiled	chunks/000/functions-000005.c	-[SCProfileMyOurStoryUpdatesTracker postingStateUpdates]	
107d12278	107d1227f	decompiled	chunks/000/functions-000005.c	-[SCProfileMyOurStoryUpdatesTracker setPostingStateUpdates:]	
107d12280	107d12287	decompiled	chunks/000/functions-000005.c	-[SCProfileMyOurStoryUpdatesTracker postingProgressUpdates]	
107d12288	107d1228f	decompiled	chunks/000/functions-000005.c	-[SCProfileMyOurStoryUpdatesTracker setPostingProgressUpdates:]	
107d12290	107d12297	decompiled	chunks/000/functions-000005.c	-[SCProfileMyOurStoryUpdatesTracker totalSnaps]	
107d12298	107d1229f	decompiled	chunks/000/functions-000005.c	-[SCProfileMyOurStoryUpdatesTracker setTotalSnaps:]	
107d122a0	107d122a7	decompiled	chunks/000/functions-000005.c	-[SCProfileMyOurStoryUpdatesTracker showingSnaps]	
107d122a8	107d122af	decompiled	chunks/000/functions-000005.c	-[SCProfileMyOurStoryUpdatesTracker setShowingSnaps:]	
107d122b0	107d122b7	decompiled	chunks/000/functions-000005.c	-[SCProfileMyOurStoryUpdatesTracker totalViewerInfo]	
107d122b8	107d122bf	decompiled	chunks/000/functions-000005.c	-[SCProfileMyOurStoryUpdatesTracker setTotalViewerInfo:]	
107d122c0	107d122c7	decompiled	chunks/000/functions-000005.c	-[SCProfileMyOurStoryUpdatesTracker totalViewCount]	
107d122c8	107d122cf	decompiled	chunks/000/functions-000005.c	-[SCProfileMyOurStoryUpdatesTracker setTotalViewCount:]	
107d122d0	107d122ff	decompiled	chunks/000/functions-000005.c	-[SCProfileMyOurStoryUpdatesTracker .cxx_destruct]	
107d12300	107d1266b	decompiled	chunks/000/functions-000006.c	-[SCProfileMyStoryDataSource initWithStoryId:storyType:myStoriesDataCoordinator:snapViewerDataCoordinator:readReceiptCoordinator:storyPrivacySettingManager:snapProUserProfileIdProvider:snapProManagedProfilesProvider:currentUserId:circumstanceEngine:dataSourceFilter:]	
107d1266c	107d12697	decompiled	chunks/000/functions-000006.c		
107d12698	107d12a3f	decompiled	chunks/000/functions-000006.c	-[SCProfileMyStoryDataSource _setUp]	
107d12a40	107d12b2b	decompiled	chunks/000/functions-000006.c		
107d12b2c	107d12cef	decompiled	chunks/000/functions-000006.c		
107d12cf0	107d12f3b	decompiled	chunks/000/functions-000006.c		
107d12f3c	107d12f83	decompiled	chunks/000/functions-000006.c		
107d12f84	107d1336b	decompiled	chunks/000/functions-000006.c	-[SCProfileMyStoryDataSource _onStoryUpdate:]	
107d1336c	107d13373	decompiled	chunks/000/functions-000006.c	-[SCProfileMyStoryDataSource storiesSectionDataModelObservable]	
107d13374	107d1337b	decompiled	chunks/000/functions-000006.c	-[SCProfileMyStoryDataSource storySavableObservable]	
107d1337c	107d1337f	decompiled	chunks/000/functions-000006.c	-[SCProfileMyStoryDataSource dismissTooltip]	
107d13380	107d13387	decompiled	chunks/000/functions-000006.c	-[SCProfileMyStoryDataSource storyId]	
107d13388	107d1338f	decompiled	chunks/000/functions-000006.c	-[SCProfileMyStoryDataSource storyType]	
107d13390	107d1344f	decompiled	chunks/000/functions-000006.c	-[SCProfileMyStoryDataSource .cxx_destruct]	
107d13450	107d13513	decompiled	chunks/000/functions-000006.c		
107d13514	107d13803	decompiled	chunks/000/functions-000006.c		
107d13804	107d1398b	decompiled	chunks/000/functions-000006.c		
107d1398c	107d13bf3	decompiled	chunks/000/functions-000006.c		
107d13bf4	107d13ca3	decompiled	chunks/000/functions-000006.c		
107d13ca4	107d13e0f	decompiled	chunks/000/functions-000006.c		
107d13e10	107d13ecf	decompiled	chunks/000/functions-000006.c		
107d13ed0	107d14bfb	decompiled	chunks/000/functions-000006.c		
107d14bfc	107d15e77	decompiled	chunks/000/functions-000006.c		
107d15e78	107d1635b	decompiled	chunks/000/functions-000006.c		
107d1635c	107d16373	decompiled	chunks/000/functions-000006.c		
107d16374	107d1640b	decompiled	chunks/000/functions-000006.c		
107d1640c	107d16a9b	decompiled	chunks/000/functions-000006.c		
107d16a9c	107d17767	decompiled	chunks/000/functions-000006.c		
107d17768	107d177ff	decompiled	chunks/000/functions-000006.c		
107d17800	107d17bb3	decompiled	chunks/000/functions-000006.c		
107d17bb4	107d17c17	decompiled	chunks/000/functions-000006.c	-[SCUnifiedProfileMyStoriesDataSourceManager init]	
107d17c18	107d17c73	decompiled	chunks/000/functions-000006.c	-[SCUnifiedProfileMyStoriesDataSourceManager dismissTooltipForStoryId:]	
107d17c74	107d17cdb	decompiled	chunks/000/functions-000006.c	-[SCUnifiedProfileMyStoriesDataSourceManager registerStoryDataSource:forStoryId:]	
107d17cdc	107d17d5b	decompiled	chunks/000/functions-000006.c	-[SCUnifiedProfileMyStoriesDataSourceManager storySavableObservableForStoryId:]	
107d17d5c	107d17d67	decompiled	chunks/000/functions-000006.c	-[SCUnifiedProfileMyStoriesDataSourceManager .cxx_destruct]	
107d17d68	107d17f1b	decompiled	chunks/000/functions-000006.c	-[SCUnifiedProfileStoriesSectionDataProvider initWithImageDownloader:dataSource:showEmptyState:storyPrivacySettingManager:circumstanceEngine:lazyLegacyProfileTooltipsService:]	
107d17f1c	107d17f8f	decompiled	chunks/000/functions-000006.c	-[SCUnifiedProfileStoriesSectionDataProvider setUpdateQueuePerformer:]	
107d17f90	107d1809f	decompiled	chunks/000/functions-000006.c	-[SCUnifiedProfileStoriesSectionDataProvider setUp]	
107d180a0	107d180e7	decompiled	chunks/000/functions-000006.c		
107d180e8	107d180ef	decompiled	chunks/000/functions-000006.c	-[SCUnifiedProfileStoriesSectionDataProvider tearDown]	
107d180f0	107d18317	decompiled	chunks/000/functions-000006.c	-[SCUnifiedProfileStoriesSectionDataProvider _onNextSectionDataModel:]	
107d18318	107d1839f	decompiled	chunks/000/functions-000006.c		
107d183a0	107d183ab	decompiled	chunks/000/functions-000006.c	+[SCUnifiedProfileStoriesSectionDataProvider announcerIdentifier]	
107d183ac	107d183b3	decompiled	chunks/000/functions-000006.c	-[SCUnifiedProfileStoriesSectionDataProvider addListener:]	
107d183b4	107d183bb	decompiled	chunks/000/functions-000006.c	-[SCUnifiedProfileStoriesSectionDataProvider removeListener:]	
107d183bc	107d184ab	decompiled	chunks/000/functions-000006.c	-[SCUnifiedProfileStoriesSectionDataProvider setSectionDataModel:]	
107d184ac	107d184d3	decompiled	chunks/000/functions-000006.c	-[SCUnifiedProfileStoriesSectionDataProvider storiesCellViewModel]	
107d184d4	107d184fb	decompiled	chunks/000/functions-000006.c	-[SCUnifiedProfileStoriesSectionDataProvider storyListViewCellViewModels]	
107d184fc	107d1859b	decompiled	chunks/000/functions-000006.c	-[SCUnifiedProfileStoriesSectionDataProvider configurationBlockForStoriesCell]	
107d1859c	107d185e3	decompiled	chunks/000/functions-000006.c		
107d185e4	107d18683	decompiled	chunks/000/functions-000006.c	-[SCUnifiedProfileStoriesSectionDataProvider configurationBlockForStoriesListViewCell]	
107d18684	107d186cb	decompiled	chunks/000/functions-000006.c		
107d186cc	107d18737	decompiled	chunks/000/functions-000006.c	-[SCUnifiedProfileStoriesSectionDataProvider viewMoreExpansionThreshold]	
107d18738	107d188bb	decompiled	chunks/000/functions-000006.c	-[SCUnifiedProfileStoriesSectionDataProvider _viewMoreExpansionThresholdForSpotlight]	
107d188bc	107d188f3	decompiled	chunks/000/functions-000006.c	-[SCUnifiedProfileStoriesSectionDataProvider viewMoreExpansionIncrementThreshold]	
107d188f4	107d188fb	decompiled	chunks/000/functions-000006.c	-[SCUnifiedProfileStoriesSectionDataProvider storyId]	
107d188fc	107d18903	decompiled	chunks/000/functions-000006.c	-[SCUnifiedProfileStoriesSectionDataProvider storyType]	
107d18904	107d18973	decompiled	chunks/000/functions-000006.c	-[SCUnifiedProfileStoriesSectionDataProvider _configureStoriesCollectionViewCell:]	
107d18974	107d189e3	decompiled	chunks/000/functions-000006.c	-[SCUnifiedProfileStoriesSectionDataProvider _configureStoriesListViewCell:]	
107d189e4	107d189fb	decompiled	chunks/000/functions-000006.c	-[SCUnifiedProfileStoriesSectionDataProvider dataProviderDelegate]	
107d189fc	107d18a07	decompiled	chunks/000/functions-000006.c	-[SCUnifiedProfileStoriesSectionDataProvider setDataProviderDelegate:]	
107d18a08	107d18a0f	decompiled	chunks/000/functions-000006.c	-[SCUnifiedProfileStoriesSectionDataProvider updateQueuePerformer]	
107d18a10	107d18a17	decompiled	chunks/000/functions-000006.c	-[SCUnifiedProfileStoriesSectionDataProvider emptyStateBitmojiUserId]	
107d18a18	107d18a1f	decompiled	chunks/000/functions-000006.c	-[SCUnifiedProfileStoriesSectionDataProvider setEmptyStateBitmojiUserId:]	
107d18a20	107d18a27	decompiled	chunks/000/functions-000006.c	-[SCUnifiedProfileStoriesSectionDataProvider emptyStateBitmojiAvatarId]	
107d18a28	107d18a2f	decompiled	chunks/000/functions-000006.c	-[SCUnifiedProfileStoriesSectionDataProvider setEmptyStateBitmojiAvatarId:]	
107d18a30	107d18a37	decompiled	chunks/000/functions-000006.c	-[SCUnifiedProfileStoriesSectionDataProvider emptyStateBitmojiSelfieId]	
107d18a38	107d18a3f	decompiled	chunks/000/functions-000006.c	-[SCUnifiedProfileStoriesSectionDataProvider setEmptyStateBitmojiSelfieId:]	
107d18a40	107d18b1f	decompiled	chunks/000/functions-000006.c	-[SCUnifiedProfileStoriesSectionDataProvider .cxx_destruct]	
107d18b20	107d192c3	decompiled	chunks/000/functions-000006.c		
107d192c4	107d19657	decompiled	chunks/000/functions-000006.c		
107d19658	107d19757	decompiled	chunks/000/functions-000006.c		
107d19758	107d19873	decompiled	chunks/000/functions-000006.c		
107d19874	107d199f3	decompiled	chunks/000/functions-000006.c		
107d199f4	107d19ab3	decompiled	chunks/000/functions-000006.c		
107d19ab4	107d1acff	decompiled	chunks/000/functions-000006.c		
107d1ad00	107d1adbf	decompiled	chunks/000/functions-000006.c		
107d1adc0	107d1b64b	decompiled	chunks/000/functions-000006.c		
107d1b64c	107d1b6eb	decompiled	chunks/000/functions-000006.c		
107d1b6ec	107d1b9f7	decompiled	chunks/000/functions-000006.c		
107d1b9f8	107d1bb1f	decompiled	chunks/000/functions-000006.c	-[SCSpotlightEntrySection initWithActionHandler:actionModel:supplementaryViewProvider:titleVariant:]	
107d1bb20	107d1bb47	decompiled	chunks/000/functions-000006.c	-[SCSpotlightEntrySection supplementaryViewProvider]	
107d1bb48	107d1bb4b	decompiled	chunks/000/functions-000006.c	-[SCSpotlightEntrySection setUp]	
107d1bb4c	107d1bb4f	decompiled	chunks/000/functions-000006.c	-[SCSpotlightEntrySection tearDown]	
107d1bb50	107d1bbcf	decompiled	chunks/000/functions-000006.c	-[SCSpotlightEntrySection reuseCellClassesByIdentifiers]	
107d1bbd0	107d1bbd7	decompiled	chunks/000/functions-000006.c	-[SCSpotlightEntrySection numberOfCellsInSection]	
107d1bbd8	107d1bd1b	decompiled	chunks/000/functions-000006.c	-[SCSpotlightEntrySection cellForItemAtIndexInSection:]	
107d1bd1c	107d1bd7f	decompiled	chunks/000/functions-000006.c	-[SCSpotlightEntrySection sizeForItemAtIndexInSection:withWidth:]	
107d1bd80	107d1be03	decompiled	chunks/000/functions-000006.c	-[SCSpotlightEntrySection sectionInfo]	
107d1be04	107d1be1f	decompiled	chunks/000/functions-000006.c	-[SCSpotlightEntrySection sectionInsets]	
107d1be20	107d1be27	decompiled	chunks/000/functions-000006.c	-[SCSpotlightEntrySection minimumSectionLineSpacing]	
107d1be28	107d1be3f	decompiled	chunks/000/functions-000006.c	-[SCSpotlightEntrySection delegate]	
107d1be40	107d1be4b	decompiled	chunks/000/functions-000006.c	-[SCSpotlightEntrySection setDelegate:]	
107d1be4c	107d1be53	decompiled	chunks/000/functions-000006.c	-[SCSpotlightEntrySection sectionUpdateModel]	
107d1be54	107d1be5b	decompiled	chunks/000/functions-000006.c	-[SCSpotlightEntrySection setSectionUpdateModel:]	
107d1be5c	107d1be63	decompiled	chunks/000/functions-000006.c	-[SCSpotlightEntrySection dataLoadingStatus]	
107d1be64	107d1be6b	decompiled	chunks/000/functions-000006.c	-[SCSpotlightEntrySection setDataLoadingStatus:]	
107d1be6c	107d1be73	decompiled	chunks/000/functions-000006.c	-[SCSpotlightEntrySection isFriendsOnlyProfile]	
107d1be74	107d1be7b	decompiled	chunks/000/functions-000006.c	-[SCSpotlightEntrySection setIsFriendsOnlyProfile:]	
107d1be7c	107d1be83	decompiled	chunks/000/functions-000006.c	-[SCSpotlightEntrySection renameToReals]	
107d1be84	107d1be8b	decompiled	chunks/000/functions-000007.c	-[SCSpotlightEntrySection setRenameToReals:]	
107d1be8c	107d1bedb	decompiled	chunks/000/functions-000007.c	-[SCSpotlightEntrySection .cxx_destruct]	
107d1bedc	107d1bf4f	decompiled	chunks/000/functions-000007.c	-[SCUnifiedProfileStoriesBoxedExpandable initWithObservableSubject:]	
107d1bf50	107d1bf7b	decompiled	chunks/000/functions-000007.c	-[SCUnifiedProfileStoriesBoxedExpandable copyWithZone:]	
107d1bf7c	107d1bf83	decompiled	chunks/000/functions-000007.c	-[SCUnifiedProfileStoriesBoxedExpandable observableSubject]	
107d1bf84	107d1bf8f	decompiled	chunks/000/functions-000007.c	-[SCUnifiedProfileStoriesBoxedExpandable .cxx_destruct]	
107d1bf90	107d1bffb	decompiled	chunks/000/functions-000007.c	-[SCUnifiedProfileStoriesHorizontalCreationSection init]	
107d1bffc	107d1c03b	decompiled	chunks/000/functions-000007.c	-[SCUnifiedProfileStoriesHorizontalCreationSection setHideSharedStory:]	
107d1c03c	107d1c18b	decompiled	chunks/000/functions-000007.c	-[SCUnifiedProfileStoriesHorizontalCreationSection cellForItemAtIndexInSection:]	
107d1c18c	107d1c193	decompiled	chunks/000/functions-000007.c	-[SCUnifiedProfileStoriesHorizontalCreationSection numberOfCellsInSection]	
107d1c194	107d1c213	decompiled	chunks/000/functions-000007.c	-[SCUnifiedProfileStoriesHorizontalCreationSection reuseCellClassesByIdentifiers]	
107d1c214	107d1c277	decompiled	chunks/000/functions-000007.c	-[SCUnifiedProfileStoriesHorizontalCreationSection sizeForItemAtIndexInSection:withWidth:]	
107d1c278	107d1c2a7	decompiled	chunks/000/functions-000007.c	-[SCUnifiedProfileStoriesHorizontalCreationSection setSectionInfo:]	
107d1c2a8	107d1c2cf	decompiled	chunks/000/functions-000007.c	-[SCUnifiedProfileStoriesHorizontalCreationSection sectionInfo]	
107d1c2d0	107d1c2eb	decompiled	chunks/000/functions-000007.c	-[SCUnifiedProfileStoriesHorizontalCreationSection sectionInsets]	
107d1c2ec	107d1c2f3	decompiled	chunks/000/functions-000007.c	-[SCUnifiedProfileStoriesHorizontalCreationSection minimumSectionLineSpacing]	
107d1c2f4	107d1c2fb	decompiled	chunks/000/functions-000007.c	-[SCUnifiedProfileStoriesHorizontalCreationSection shouldClingsToPreviousSection]	
107d1c2fc	107d1c303	decompiled	chunks/000/functions-000007.c	-[SCUnifiedProfileStoriesHorizontalCreationSection dataLoadingStatus]	
107d1c304	107d1c30b	decompiled	chunks/000/functions-000007.c	-[SCUnifiedProfileStoriesHorizontalCreationSection setDataLoadingStatus:]	
107d1c30c	107d1c323	decompiled	chunks/000/functions-000007.c	-[SCUnifiedProfileStoriesHorizontalCreationSection delegate]	
107d1c324	107d1c32f	decompiled	chunks/000/functions-000007.c	-[SCUnifiedProfileStoriesHorizontalCreationSection setDelegate:]	
107d1c330	107d1c337	decompiled	chunks/000/functions-000007.c	-[SCUnifiedProfileStoriesHorizontalCreationSection sectionUpdateModel]	
107d1c338	107d1c33f	decompiled	chunks/000/functions-000007.c	-[SCUnifiedProfileStoriesHorizontalCreationSection setSectionUpdateModel:]	
107d1c340	107d1c347	decompiled	chunks/000/functions-000007.c	-[SCUnifiedProfileStoriesHorizontalCreationSection actionHandler]	
107d1c348	107d1c377	decompiled	chunks/000/functions-000007.c	-[SCUnifiedProfileStoriesHorizontalCreationSection setActionHandler:]	
107d1c378	107d1c37f	decompiled	chunks/000/functions-000007.c	-[SCUnifiedProfileStoriesHorizontalCreationSection hideSharedStory]	
107d1c380	107d1c3db	decompiled	chunks/000/functions-000007.c	-[SCUnifiedProfileStoriesHorizontalCreationSection .cxx_destruct]	
107d1c3dc	107d1c5a3	decompiled	chunks/000/functions-000007.c	-[SCUnifiedProfileStoriesListSection initWithSupplementaryViewProvider:actionHandler:]	
107d1c5a4	107d1c61b	decompiled	chunks/000/functions-000007.c	+[SCUnifiedProfileStoriesListSection viewMoreOfGroupSectionWithActionHandler:storyGroupActionHandler:]	
107d1c61c	107d1c62b	decompiled	chunks/000/functions-000007.c	-[SCUnifiedProfileStoriesListSection storyGroupsEnabled]	
107d1c62c	107d1c6e3	decompiled	chunks/000/functions-000007.c	-[SCUnifiedProfileStoriesListSection setActionHandler:]	
107d1c6e4	107d1c83f	decompiled	chunks/000/functions-000007.c	-[SCUnifiedProfileStoriesListSection setSectionDataProvider:]	
107d1c840	107d1c86f	decompiled	chunks/000/functions-000007.c		
107d1c870	107d1c93b	decompiled	chunks/000/functions-000007.c	-[SCUnifiedProfileStoriesListSection setUp]	
107d1c93c	107d1c967	decompiled	chunks/000/functions-000007.c		
107d1c968	107d1c96f	decompiled	chunks/000/functions-000007.c	-[SCUnifiedProfileStoriesListSection _setUpSectionDataProvider]	
107d1c970	107d1ca37	decompiled	chunks/000/functions-000007.c	-[SCUnifiedProfileStoriesListSection tearDown]	
107d1ca38	107d1ca63	decompiled	chunks/000/functions-000007.c		
107d1ca64	107d1ca6b	decompiled	chunks/000/functions-000007.c	-[SCUnifiedProfileStoriesListSection _tearDownSectionDataProvider]	
107d1ca6c	107d1cb57	decompiled	chunks/000/functions-000007.c	-[SCUnifiedProfileStoriesListSection reuseCellClassesByIdentifiers]	
107d1cb58	107d1cbcb	decompiled	chunks/000/functions-000007.c	-[SCUnifiedProfileStoriesListSection numberOfCellsInSection]	
107d1cbcc	107d1cc57	decompiled	chunks/000/functions-000007.c	-[SCUnifiedProfileStoriesListSection cellForItemAtIndexInSection:]	
107d1cc58	107d1cd5f	decompiled	chunks/000/functions-000007.c	-[SCUnifiedProfileStoriesListSection sizeForItemAtIndexInSection:withWidth:]	
107d1cd60	107d1d0eb	decompiled	chunks/000/functions-000007.c	-[SCUnifiedProfileStoriesListSection applyConfiguration:]	
107d1d0ec	107d1d14b	decompiled	chunks/000/functions-000007.c		
107d1d14c	107d1d223	decompiled	chunks/000/functions-000007.c	-[SCUnifiedProfileStoriesListSection setShouldRemoveBottomCornerForLastCell:]	
107d1d224	107d1d2fb	decompiled	chunks/000/functions-000007.c	-[SCUnifiedProfileStoriesListSection _handledExpandedObservableValue:]	
107d1d2fc	107d1d303	decompiled	chunks/000/functions-000007.c	-[SCUnifiedProfileStoriesListSection sectionInsets]	
107d1d304	107d1d30b	decompiled	chunks/000/functions-000007.c	-[SCUnifiedProfileStoriesListSection minimumSectionLineSpacing]	
107d1d30c	107d1d333	decompiled	chunks/000/functions-000007.c	-[SCUnifiedProfileStoriesListSection supplementaryViewProvider]	
107d1d334	107d1d3bb	decompiled	chunks/000/functions-000007.c	-[SCUnifiedProfileStoriesListSection setSectionUpdateModel:]	
107d1d3bc	107d1d3f7	decompiled	chunks/000/functions-000007.c	-[SCUnifiedProfileStoriesListSection sectionInfo]	
107d1d3f8	107d1d437	decompiled	chunks/000/functions-000007.c	-[SCUnifiedProfileStoriesListSection setSectionInfo:]	
107d1d438	107d1d4fb	decompiled	chunks/000/functions-000007.c	-[SCUnifiedProfileStoriesListSection storiesSectionDataProviderDidUpdateViewModels:]	
107d1d4fc	107d1d52b	decompiled	chunks/000/functions-000007.c		
107d1d52c	107d1d5bf	decompiled	chunks/000/functions-000007.c	-[SCUnifiedProfileStoriesListSection viewMoreCollectionViewCellDidTapViewMore:]	
107d1d5c0	107d1d683	decompiled	chunks/000/functions-000007.c		
107d1d684	107d1d787	decompiled	chunks/000/functions-000007.c	-[SCUnifiedProfileStoriesListSection _logStoriesViewMoreTapped:]	
107d1d788	107d1d797	decompiled	chunks/000/functions-000007.c		
107d1d798	107d1d99f	decompiled	chunks/000/functions-000007.c	-[SCUnifiedProfileStoriesListSection _handleExpandHeaderCell]	
107d1d9a0	107d1db0f	decompiled	chunks/000/functions-000007.c	-[SCUnifiedProfileStoriesListSection _handleTapViewMore]	
107d1db10	107d1dcc7	decompiled	chunks/000/functions-000007.c	-[SCUnifiedProfileStoriesListSection _prepareAndReturnHeaderCell]	
107d1dcc8	107d1df0f	decompiled	chunks/000/functions-000007.c	-[SCUnifiedProfileStoriesListSection _prepareAndReturnViewMoreGroupCell]	
107d1df10	107d1e103	decompiled	chunks/000/functions-000007.c	-[SCUnifiedProfileStoriesListSection _prepareAndReturnViewMoreCellAtIndex:]	
107d1e104	107d1e357	decompiled	chunks/000/functions-000007.c	-[SCUnifiedProfileStoriesListSection _prepareAndReturnSnapCellAtIndex:]	
107d1e358	107d1e447	decompiled	chunks/000/functions-000007.c	-[SCUnifiedProfileStoriesListSection _updateSectionWithShouldResetExpansion:]	
107d1e448	107d1e45f	decompiled	chunks/000/functions-000007.c		
107d1e460	107d1e68f	decompiled	chunks/000/functions-000007.c	-[SCUnifiedProfileStoriesListSection _updateSectionWithShouldResetExpansion:newHeaderViewModel:newSnapViewModels:newExpansionThreshold:newExpansionIncrement:]	
107d1e690	107d1ec03	decompiled	chunks/000/functions-000007.c	-[SCUnifiedProfileStoriesListSection _sectionUpdateModelWithOldHeaderViewModel:newHeaderViewModel:oldSnapViewModels:newSnapViewModels:oldExpansionTracker:newExpansionTracker:]	
107d1ec04	107d1ec1b	decompiled	chunks/000/functions-000007.c		
107d1ec1c	107d1ee73	decompiled	chunks/000/functions-000007.c	-[SCUnifiedProfileStoriesListSection _updateSectionWithSectionUpdateModel:pendingHeaderViewModel:pendingSnapViewModels:pendingExpansionTracker:pendingExpanded:]	
107d1ee74	107d1efa3	decompiled	chunks/000/functions-000007.c	-[SCUnifiedProfileStoriesListSection _didRequestUpdate]	
107d1efa4	107d1efb7	decompiled	chunks/000/functions-000007.c		
107d1efb8	107d1f05b	decompiled	chunks/000/functions-000007.c	-[SCUnifiedProfileStoriesListSection _releasePendingUpdates]	
107d1f05c	107d1f0c3	decompiled	chunks/000/functions-000007.c	-[SCUnifiedProfileStoriesListSection _hasRoundBottomForIndex:forViewModels:expansionTracker:]	
107d1f0c4	107d1f103	decompiled	chunks/000/functions-000007.c	-[SCUnifiedProfileStoriesListSection _isViewMoreCellAtIndex:]	
107d1f104	107d1f357	decompiled	chunks/000/functions-000007.c	-[SCUnifiedProfileStoriesListSection _reloadIndexSetForUpdateIndices:newSnapViewModels:]	
107d1f358	107d1f403	decompiled	chunks/000/functions-000007.c	-[SCUnifiedProfileStoriesListSection setExpandedState:]	
107d1f404	107d1f437	decompiled	chunks/000/functions-000007.c		
107d1f438	107d1f44b	decompiled	chunks/000/functions-000007.c	-[SCUnifiedProfileStoriesListSection _setExpandedState:]	
107d1f44c	107d1f537	decompiled	chunks/000/functions-000007.c	-[SCUnifiedProfileStoriesListSection snapViewModelForServerId:]	
107d1f538	107d1f623	decompiled	chunks/000/functions-000007.c	-[SCUnifiedProfileStoriesListSection collectionViewCellForClientId:]	
107d1f624	107d1f66b	decompiled	chunks/000/functions-000007.c		
107d1f66c	107d1f733	decompiled	chunks/000/functions-000007.c	-[SCUnifiedProfileStoriesListSection scrollToCellForClientId:]	
107d1f734	107d1f77b	decompiled	chunks/000/functions-000007.c		
107d1f77c	107d1f783	decompiled	chunks/000/functions-000007.c	-[SCUnifiedProfileStoriesListSection sectionUpdateModel]	
107d1f784	107d1f79b	decompiled	chunks/000/functions-000007.c	-[SCUnifiedProfileStoriesListSection delegate]	
107d1f79c	107d1f7a7	decompiled	chunks/000/functions-000007.c	-[SCUnifiedProfileStoriesListSection setDelegate:]	
107d1f7a8	107d1f7af	decompiled	chunks/000/functions-000007.c	-[SCUnifiedProfileStoriesListSection dataLoadingStatus]	
107d1f7b0	107d1f7b7	decompiled	chunks/000/functions-000007.c	-[SCUnifiedProfileStoriesListSection setDataLoadingStatus:]	
107d1f7b8	107d1f7bf	decompiled	chunks/000/functions-000007.c	-[SCUnifiedProfileStoriesListSection actionHandler]	
107d1f7c0	107d1f7c7	decompiled	chunks/000/functions-000007.c	-[SCUnifiedProfileStoriesListSection sectionDataProvider]	
107d1f7c8	107d1f7cf	decompiled	chunks/000/functions-000007.c	-[SCUnifiedProfileStoriesListSection forceExpanded]	
107d1f7d0	107d1f7d7	decompiled	chunks/000/functions-000007.c	-[SCUnifiedProfileStoriesListSection setForceExpanded:]	
107d1f7d8	107d1f7df	decompiled	chunks/000/functions-000007.c	-[SCUnifiedProfileStoriesListSection storyGroupActionHandler]	
107d1f7e0	107d1f7e7	decompiled	chunks/000/functions-000007.c	-[SCUnifiedProfileStoriesListSection shouldRemoveBottomCornerForLastCell]	
107d1f7e8	107d1f8f7	decompiled	chunks/000/functions-000007.c	-[SCUnifiedProfileStoriesListSection .cxx_destruct]	
107d1f8f8	107d1f903	decompiled	chunks/000/functions-000007.c	-[SCUnifiedProfileStoriesSectionConfiguration initWithInsets:storyId:]	
107d1f904	107d1f98b	decompiled	chunks/000/functions-000007.c		
107d1f98c	107d1f9f7	decompiled	chunks/000/functions-000007.c	-[SCUnifiedProfileStoriesListSectionBox initWithSection:]	
107d1f9f8	107d1fa4b	decompiled	chunks/000/functions-000008.c	-[SCUnifiedProfileStoriesListSectionBox copyWithZone:]	
107d1fa4c	107d1fa63	decompiled	chunks/000/functions-000008.c	-[SCUnifiedProfileStoriesListSectionBox section]	
107d1fa64	107d1fa6b	decompiled	chunks/000/functions-000008.c	-[SCUnifiedProfileStoriesListSectionBox .cxx_destruct]	
107d1fa6c	107d1fc0b	decompiled	chunks/000/functions-000008.c		
107d1fc0c	107d1fd7f	decompiled	chunks/000/functions-000008.c	-[SCProfileStoryUpdate initWithPlaybackSequences:snapIdToViewState:snapIdToSnapViewers:customStoryMetadata:clientIdToPostingState:clientIdToPostingProgress:storyPrivacy:]	
107d1fd80	107d1fda3	decompiled	chunks/000/functions-000008.c	-[SCProfileStoryUpdate copyWithZone:]	
107d1fda4	107d1fe53	decompiled	chunks/000/functions-000008.c	-[SCProfileStoryUpdate hash]	
107d1fe54	107d1ff6b	decompiled	chunks/000/functions-000008.c	-[SCProfileStoryUpdate isEqual:]	
107d1ff6c	107d1ff73	decompiled	chunks/000/functions-000008.c	-[SCProfileStoryUpdate playbackSequences]	
107d1ff74	107d1ff7b	decompiled	chunks/000/functions-000008.c	-[SCProfileStoryUpdate snapIdToViewState]	
107d1ff7c	107d1ff83	decompiled	chunks/000/functions-000008.c	-[SCProfileStoryUpdate snapIdToSnapViewers]	
107d1ff84	107d1ff8b	decompiled	chunks/000/functions-000008.c	-[SCProfileStoryUpdate customStoryMetadata]	
107d1ff8c	107d1ff93	decompiled	chunks/000/functions-000008.c	-[SCProfileStoryUpdate clientIdToPostingState]	
107d1ff94	107d1ff9b	decompiled	chunks/000/functions-000008.c	-[SCProfileStoryUpdate clientIdToPostingProgress]	
107d1ff9c	107d1ffa3	decompiled	chunks/000/functions-000008.c	-[SCProfileStoryUpdate storyPrivacy]	
107d1ffa4	107d20003	decompiled	chunks/000/functions-000008.c	-[SCProfileStoryUpdate .cxx_destruct]	
107d20004	107d2027b	decompiled	chunks/000/functions-000008.c	-[SCUnifiedProfileMyStoriesHeaderDataModel initWithThumbnail:storyThumbnailMedia:storiesSnapAttributes:hasStories:hasUnviewedStories:postingStories:failedPosts:totalViewCount:totalScreenshotCount:totalStoryReplyCount:totalStorySnapCount:customStoryMembersCount:storyId:displayName:subtext:tooltip:storyType:isSnapProHostAccount:hasSnapProStandardProfile:storyPrivacy:hasLoadedSnapProData:shouldShowSharedStoriesMemberCount:mostRecentStoryTimestamp:tier:]	
107d2027c	107d2029f	decompiled	chunks/000/functions-000008.c	-[SCUnifiedProfileMyStoriesHeaderDataModel copyWithZone:]	
107d202a0	107d203d3	decompiled	chunks/000/functions-000008.c	-[SCUnifiedProfileMyStoriesHeaderDataModel hash]	
107d203d4	107d2062b	decompiled	chunks/000/functions-000008.c	-[SCUnifiedProfileMyStoriesHeaderDataModel isEqual:]	
107d2062c	107d20633	decompiled	chunks/000/functions-000008.c	-[SCUnifiedProfileMyStoriesHeaderDataModel thumbnail]	
107d20634	107d2063b	decompiled	chunks/000/functions-000008.c	-[SCUnifiedProfileMyStoriesHeaderDataModel storyThumbnailMedia]	
107d2063c	107d20643	decompiled	chunks/000/functions-000008.c	-[SCUnifiedProfileMyStoriesHeaderDataModel storiesSnapAttributes]	
107d20644	107d2064b	decompiled	chunks/000/functions-000008.c	-[SCUnifiedProfileMyStoriesHeaderDataModel hasStories]	
107d2064c	107d20653	decompiled	chunks/000/functions-000008.c	-[SCUnifiedProfileMyStoriesHeaderDataModel hasUnviewedStories]	
107d20654	107d2065b	decompiled	chunks/000/functions-000008.c	-[SCUnifiedProfileMyStoriesHeaderDataModel postingStories]	
107d2065c	107d20663	decompiled	chunks/000/functions-000008.c	-[SCUnifiedProfileMyStoriesHeaderDataModel failedPosts]	
107d20664	107d2066b	decompiled	chunks/000/functions-000008.c	-[SCUnifiedProfileMyStoriesHeaderDataModel totalViewCount]	
107d2066c	107d20673	decompiled	chunks/000/functions-000008.c	-[SCUnifiedProfileMyStoriesHeaderDataModel totalScreenshotCount]	
107d20674	107d2067b	decompiled	chunks/000/functions-000008.c	-[SCUnifiedProfileMyStoriesHeaderDataModel totalStoryReplyCount]	
107d2067c	107d20683	decompiled	chunks/000/functions-000008.c	-[SCUnifiedProfileMyStoriesHeaderDataModel totalStorySnapCount]	
107d20684	107d2068b	decompiled	chunks/000/functions-000008.c	-[SCUnifiedProfileMyStoriesHeaderDataModel customStoryMembersCount]	
107d2068c	107d20693	decompiled	chunks/000/functions-000008.c	-[SCUnifiedProfileMyStoriesHeaderDataModel storyId]	
107d20694	107d2069b	decompiled	chunks/000/functions-000008.c	-[SCUnifiedProfileMyStoriesHeaderDataModel displayName]	
107d2069c	107d206a3	decompiled	chunks/000/functions-000008.c	-[SCUnifiedProfileMyStoriesHeaderDataModel subtext]	
107d206a4	107d206ab	decompiled	chunks/000/functions-000008.c	-[SCUnifiedProfileMyStoriesHeaderDataModel tooltip]	
107d206ac	107d206b3	decompiled	chunks/000/functions-000008.c	-[SCUnifiedProfileMyStoriesHeaderDataModel storyType]	
107d206b4	107d206bb	decompiled	chunks/000/functions-000008.c	-[SCUnifiedProfileMyStoriesHeaderDataModel isSnapProHostAccount]	
107d206bc	107d206c3	decompiled	chunks/000/functions-000008.c	-[SCUnifiedProfileMyStoriesHeaderDataModel hasSnapProStandardProfile]	
107d206c4	107d206cb	decompiled	chunks/000/functions-000008.c	-[SCUnifiedProfileMyStoriesHeaderDataModel storyPrivacy]	
107d206cc	107d206d3	decompiled	chunks/000/functions-000008.c	-[SCUnifiedProfileMyStoriesHeaderDataModel hasLoadedSnapProData]	
107d206d4	107d206db	decompiled	chunks/000/functions-000008.c	-[SCUnifiedProfileMyStoriesHeaderDataModel shouldShowSharedStoriesMemberCount]	
107d206dc	107d206e3	decompiled	chunks/000/functions-000008.c	-[SCUnifiedProfileMyStoriesHeaderDataModel mostRecentStoryTimestamp]	
107d206e4	107d206eb	decompiled	chunks/000/functions-000008.c	-[SCUnifiedProfileMyStoriesHeaderDataModel tier]	
107d206ec	107d20757	decompiled	chunks/000/functions-000008.c	-[SCUnifiedProfileMyStoriesHeaderDataModel .cxx_destruct]	
107d20758	107d20803	decompiled	chunks/000/functions-000008.c	-[SCUnifiedProfileMyStoriesSectionDataModel initWithHeaderDataModel:snapDataModels:]	
107d20804	107d20827	decompiled	chunks/000/functions-000008.c	-[SCUnifiedProfileMyStoriesSectionDataModel copyWithZone:]	
107d20828	107d2089b	decompiled	chunks/000/functions-000008.c	-[SCUnifiedProfileMyStoriesSectionDataModel hash]	
107d2089c	107d20943	decompiled	chunks/000/functions-000008.c	-[SCUnifiedProfileMyStoriesSectionDataModel isEqual:]	
107d20944	107d2094b	decompiled	chunks/000/functions-000008.c	-[SCUnifiedProfileMyStoriesSectionDataModel headerDataModel]	
107d2094c	107d20953	decompiled	chunks/000/functions-000008.c	-[SCUnifiedProfileMyStoriesSectionDataModel snapDataModels]	
107d20954	107d20983	decompiled	chunks/000/functions-000008.c	-[SCUnifiedProfileMyStoriesSectionDataModel .cxx_destruct]	
107d20984	107d20bbb	decompiled	chunks/000/functions-000008.c	-[SCUnifiedProfileMyStoriesSnapDataModel initWithStoriesThumbnailInfo:storiesSnapAttributes:snapClientId:snapServerId:totalViewCount:screenshotCount:storyReplyCount:storyId:captionText:timestamp:storyType:isUploading:uploadProgressPercent:hasFailed:shouldShowViewers:viewed:isSpotlightSnap:isMapSnap:isSpotlightRemix:]	
107d20bbc	107d20bdf	decompiled	chunks/000/functions-000008.c	-[SCUnifiedProfileMyStoriesSnapDataModel copyWithZone:]	
107d20be0	107d20cef	decompiled	chunks/000/functions-000008.c	-[SCUnifiedProfileMyStoriesSnapDataModel hash]	
107d20cf0	107d20ecf	decompiled	chunks/000/functions-000008.c	-[SCUnifiedProfileMyStoriesSnapDataModel isEqual:]	
107d20ed0	107d20ed7	decompiled	chunks/000/functions-000008.c	-[SCUnifiedProfileMyStoriesSnapDataModel storiesThumbnailInfo]	
107d20ed8	107d20edf	decompiled	chunks/000/functions-000008.c	-[SCUnifiedProfileMyStoriesSnapDataModel storiesSnapAttributes]	
107d20ee0	107d20ee7	decompiled	chunks/000/functions-000008.c	-[SCUnifiedProfileMyStoriesSnapDataModel snapClientId]	
107d20ee8	107d20eef	decompiled	chunks/000/functions-000008.c	-[SCUnifiedProfileMyStoriesSnapDataModel snapServerId]	
107d20ef0	107d20ef7	decompiled	chunks/000/functions-000008.c	-[SCUnifiedProfileMyStoriesSnapDataModel totalViewCount]	
107d20ef8	107d20eff	decompiled	chunks/000/functions-000008.c	-[SCUnifiedProfileMyStoriesSnapDataModel screenshotCount]	
107d20f00	107d20f07	decompiled	chunks/000/functions-000008.c	-[SCUnifiedProfileMyStoriesSnapDataModel storyReplyCount]	
107d20f08	107d20f0f	decompiled	chunks/000/functions-000008.c	-[SCUnifiedProfileMyStoriesSnapDataModel storyId]	
107d20f10	107d20f17	decompiled	chunks/000/functions-000008.c	-[SCUnifiedProfileMyStoriesSnapDataModel captionText]	
107d20f18	107d20f1f	decompiled	chunks/000/functions-000008.c	-[SCUnifiedProfileMyStoriesSnapDataModel timestamp]	
107d20f20	107d20f27	decompiled	chunks/000/functions-000008.c	-[SCUnifiedProfileMyStoriesSnapDataModel storyType]	
107d20f28	107d20f2f	decompiled	chunks/000/functions-000008.c	-[SCUnifiedProfileMyStoriesSnapDataModel isUploading]	
107d20f30	107d20f37	decompiled	chunks/000/functions-000008.c	-[SCUnifiedProfileMyStoriesSnapDataModel uploadProgressPercent]	
107d20f38	107d20f3f	decompiled	chunks/000/functions-000008.c	-[SCUnifiedProfileMyStoriesSnapDataModel hasFailed]	
107d20f40	107d20f47	decompiled	chunks/000/functions-000008.c	-[SCUnifiedProfileMyStoriesSnapDataModel shouldShowViewers]	
107d20f48	107d20f4f	decompiled	chunks/000/functions-000008.c	-[SCUnifiedProfileMyStoriesSnapDataModel viewed]	
107d20f50	107d20f57	decompiled	chunks/000/functions-000008.c	-[SCUnifiedProfileMyStoriesSnapDataModel isSpotlightSnap]	
107d20f58	107d20f5f	decompiled	chunks/000/functions-000008.c	-[SCUnifiedProfileMyStoriesSnapDataModel isMapSnap]	
107d20f60	107d20f67	decompiled	chunks/000/functions-000008.c	-[SCUnifiedProfileMyStoriesSnapDataModel isSpotlightRemix]	
107d20f68	107d20fd3	decompiled	chunks/000/functions-000008.c	-[SCUnifiedProfileMyStoriesSnapDataModel .cxx_destruct]	
107d20fd4	107d210f7	decompiled	chunks/000/functions-000008.c	-[SCUnifiedProfileStoriesActionDataModel initWithStoryType:storyId:snapClientId:snapServerId:deletable:dataModel:]	
107d210f8	107d2111b	decompiled	chunks/000/functions-000008.c	-[SCUnifiedProfileStoriesActionDataModel copyWithZone:]	
107d2111c	107d211b7	decompiled	chunks/000/functions-000008.c	-[SCUnifiedProfileStoriesActionDataModel hash]	
107d211b8	107d212af	decompiled	chunks/000/functions-000008.c	-[SCUnifiedProfileStoriesActionDataModel isEqual:]	
107d212b0	107d212b7	decompiled	chunks/000/functions-000008.c	-[SCUnifiedProfileStoriesActionDataModel storyType]	
107d212b8	107d212bf	decompiled	chunks/000/functions-000008.c	-[SCUnifiedProfileStoriesActionDataModel storyId]	
107d212c0	107d212c7	decompiled	chunks/000/functions-000008.c	-[SCUnifiedProfileStoriesActionDataModel snapClientId]	
107d212c8	107d212cf	decompiled	chunks/000/functions-000008.c	-[SCUnifiedProfileStoriesActionDataModel snapServerId]	
107d212d0	107d212d7	decompiled	chunks/000/functions-000008.c	-[SCUnifiedProfileStoriesActionDataModel deletable]	
107d212d8	107d212df	decompiled	chunks/000/functions-000008.c	-[SCUnifiedProfileStoriesActionDataModel dataModel]	
107d212e0	107d21327	decompiled	chunks/000/functions-000008.c	-[SCUnifiedProfileStoriesActionDataModel .cxx_destruct]	
107d21328	107d21433	decompiled	chunks/000/functions-000008.c	-[SCUnifiedProfileStoryViewCountDataModel initWithUserInfo:serverSentTime:notificationId:notificationKey:]	
107d21434	107d21457	decompiled	chunks/000/functions-000008.c	-[SCUnifiedProfileStoryViewCountDataModel copyWithZone:]	
107d21458	107d214e3	decompiled	chunks/000/functions-000008.c	-[SCUnifiedProfileStoryViewCountDataModel hash]	
107d214e4	107d215bb	decompiled	chunks/000/functions-000008.c	-[SCUnifiedProfileStoryViewCountDataModel isEqual:]	
107d215bc	107d215c3	decompiled	chunks/000/functions-000008.c	-[SCUnifiedProfileStoryViewCountDataModel userInfo]	
107d215c4	107d215cb	decompiled	chunks/000/functions-000008.c	-[SCUnifiedProfileStoryViewCountDataModel serverSentTime]	
107d215cc	107d215d3	decompiled	chunks/000/functions-000008.c	-[SCUnifiedProfileStoryViewCountDataModel notificationId]	
107d215d4	107d215db	decompiled	chunks/000/functions-000008.c	-[SCUnifiedProfileStoryViewCountDataModel notificationKey]	
107d215dc	107d21623	decompiled	chunks/000/functions-000008.c	-[SCUnifiedProfileStoryViewCountDataModel .cxx_destruct]	
107d21624	107d216ab	decompiled	chunks/000/functions-000008.c	-[SCUnifiedProfileOurStorySectionUpdateDataModel initWithBoxedSection:isLoaded:]	
107d216ac	107d216cf	decompiled	chunks/000/functions-000008.c	-[SCUnifiedProfileOurStorySectionUpdateDataModel copyWithZone:]	
107d216d0	107d2173b	decompiled	chunks/000/functions-000008.c	-[SCUnifiedProfileOurStorySectionUpdateDataModel hash]	
107d2173c	107d217db	decompiled	chunks/000/functions-000008.c	-[SCUnifiedProfileOurStorySectionUpdateDataModel isEqual:]	
107d217dc	107d217e3	decompiled	chunks/000/functions-000009.c	-[SCUnifiedProfileOurStorySectionUpdateDataModel boxedSection]	
107d217e4	107d217eb	decompiled	chunks/000/functions-000009.c	-[SCUnifiedProfileOurStorySectionUpdateDataModel isLoaded]	
107d217ec	107d217f7	decompiled	chunks/000/functions-000009.c	-[SCUnifiedProfileOurStorySectionUpdateDataModel .cxx_destruct]	
107d217f8	107d2183f	decompiled	chunks/000/functions-000009.c	-[SCUnifiedProfileSharedStoryActionDataModel initWithHasStories:]	
107d21840	107d21863	decompiled	chunks/000/functions-000009.c	-[SCUnifiedProfileSharedStoryActionDataModel copyWithZone:]	
107d21864	107d2186b	decompiled	chunks/000/functions-000009.c	-[SCUnifiedProfileSharedStoryActionDataModel hash]	
107d2186c	107d218f3	decompiled	chunks/000/functions-000009.c	-[SCUnifiedProfileSharedStoryActionDataModel isEqual:]	
107d218f4	107d218fb	decompiled	chunks/000/functions-000009.c	-[SCUnifiedProfileSharedStoryActionDataModel hasStories]	
107d218fc	107d219d3	decompiled	chunks/000/functions-000009.c	-[SCUnifiedProfileStoriesSectionConfiguration initWithInsets:storyId:boxedStoryGroupIsExpandedObservable:]	
107d219d4	107d219f7	decompiled	chunks/000/functions-000009.c	-[SCUnifiedProfileStoriesSectionConfiguration copyWithZone:]	
107d219f8	107d21a77	decompiled	chunks/000/functions-000009.c	-[SCUnifiedProfileStoriesSectionConfiguration hash]	
107d21a78	107d21b37	decompiled	chunks/000/functions-000009.c	-[SCUnifiedProfileStoriesSectionConfiguration isEqual:]	
107d21b38	107d21b3f	decompiled	chunks/000/functions-000009.c	-[SCUnifiedProfileStoriesSectionConfiguration insets]	
107d21b40	107d21b47	decompiled	chunks/000/functions-000009.c	-[SCUnifiedProfileStoriesSectionConfiguration storyId]	
107d21b48	107d21b4f	decompiled	chunks/000/functions-000009.c	-[SCUnifiedProfileStoriesSectionConfiguration boxedStoryGroupIsExpandedObservable]	
107d21b50	107d21b8b	decompiled	chunks/000/functions-000009.c	-[SCUnifiedProfileStoriesSectionConfiguration .cxx_destruct]	
107d21b8c	107d21c63	decompiled	chunks/000/functions-000009.c	-[SCUnifiedProfileCreatorMilestoneDataModel initWithProfileId:activityFeedNotificationId:spotlightId:]	
107d21c64	107d21c87	decompiled	chunks/000/functions-000009.c	-[SCUnifiedProfileCreatorMilestoneDataModel copyWithZone:]	
107d21c88	107d21d07	decompiled	chunks/000/functions-000009.c	-[SCUnifiedProfileCreatorMilestoneDataModel hash]	
107d21d08	107d21dc7	decompiled	chunks/000/functions-000009.c	-[SCUnifiedProfileCreatorMilestoneDataModel isEqual:]	
107d21dc8	107d21dcf	decompiled	chunks/000/functions-000009.c	-[SCUnifiedProfileCreatorMilestoneDataModel profileId]	
107d21dd0	107d21dd7	decompiled	chunks/000/functions-000009.c	-[SCUnifiedProfileCreatorMilestoneDataModel activityFeedNotificationId]	
107d21dd8	107d21ddf	decompiled	chunks/000/functions-000009.c	-[SCUnifiedProfileCreatorMilestoneDataModel spotlightId]	
107d21de0	107d21e1b	decompiled	chunks/000/functions-000009.c	-[SCUnifiedProfileCreatorMilestoneDataModel .cxx_destruct]	
107d21e1c	107d21ec7	decompiled	chunks/000/functions-000009.c	-[SCUnifiedProfileActivityFeedActionDataModel initWithProfileId:activityFeedNotificationId:]	
107d21ec8	107d21eeb	decompiled	chunks/000/functions-000009.c	-[SCUnifiedProfileActivityFeedActionDataModel copyWithZone:]	
107d21eec	107d21f5f	decompiled	chunks/000/functions-000009.c	-[SCUnifiedProfileActivityFeedActionDataModel hash]	
107d21f60	107d22007	decompiled	chunks/000/functions-000009.c	-[SCUnifiedProfileActivityFeedActionDataModel isEqual:]	
107d22008	107d2200f	decompiled	chunks/000/functions-000009.c	-[SCUnifiedProfileActivityFeedActionDataModel profileId]	
107d22010	107d22017	decompiled	chunks/000/functions-000009.c	-[SCUnifiedProfileActivityFeedActionDataModel activityFeedNotificationId]	
107d22018	107d22047	decompiled	chunks/000/functions-000009.c	-[SCUnifiedProfileActivityFeedActionDataModel .cxx_destruct]	
107d22048	107d220bf	decompiled	chunks/000/functions-000009.c	-[SCUnifiedProfilePublicProfileActionDataModel initWithProfileId:]	
107d220c0	107d220e3	decompiled	chunks/000/functions-000009.c	-[SCUnifiedProfilePublicProfileActionDataModel copyWithZone:]	
107d220e4	107d220eb	decompiled	chunks/000/functions-000009.c	-[SCUnifiedProfilePublicProfileActionDataModel hash]	
107d220ec	107d2217b	decompiled	chunks/000/functions-000009.c	-[SCUnifiedProfilePublicProfileActionDataModel isEqual:]	
107d2217c	107d22183	decompiled	chunks/000/functions-000009.c	-[SCUnifiedProfilePublicProfileActionDataModel profileId]	
107d22184	107d2218f	decompiled	chunks/000/functions-000009.c	-[SCUnifiedProfilePublicProfileActionDataModel .cxx_destruct]	
107d22190	107d222f7	decompiled	chunks/000/functions-000009.c	-[SCUnifiedProfilePublicStoryDataModel initWithBusinessId:hasStories:archiveOnly:snapPlaybackInfos:config:thumbnailURL:mediaType:displayName:isPublicOrOfficialTier:]	
107d222f8	107d2231b	decompiled	chunks/000/functions-000009.c	-[SCUnifiedProfilePublicStoryDataModel copyWithZone:]	
107d2231c	107d223cf	decompiled	chunks/000/functions-000009.c	-[SCUnifiedProfilePublicStoryDataModel hash]	
107d223d0	107d224ff	decompiled	chunks/000/functions-000009.c	-[SCUnifiedProfilePublicStoryDataModel isEqual:]	
107d22500	107d22507	decompiled	chunks/000/functions-000009.c	-[SCUnifiedProfilePublicStoryDataModel businessId]	
107d22508	107d2250f	decompiled	chunks/000/functions-000009.c	-[SCUnifiedProfilePublicStoryDataModel hasStories]	
107d22510	107d22517	decompiled	chunks/000/functions-000009.c	-[SCUnifiedProfilePublicStoryDataModel archiveOnly]	
107d22518	107d2251f	decompiled	chunks/000/functions-000009.c	-[SCUnifiedProfilePublicStoryDataModel snapPlaybackInfos]	
107d22520	107d22527	decompiled	chunks/000/functions-000009.c	-[SCUnifiedProfilePublicStoryDataModel config]	
107d22528	107d2252f	decompiled	chunks/000/functions-000009.c	-[SCUnifiedProfilePublicStoryDataModel thumbnailURL]	
107d22530	107d22537	decompiled	chunks/000/functions-000009.c	-[SCUnifiedProfilePublicStoryDataModel mediaType]	
107d22538	107d2253f	decompiled	chunks/000/functions-000009.c	-[SCUnifiedProfilePublicStoryDataModel displayName]	
107d22540	107d22547	decompiled	chunks/000/functions-000009.c	-[SCUnifiedProfilePublicStoryDataModel isPublicOrOfficialTier]	
107d22548	107d2259b	decompiled	chunks/000/functions-000009.c	-[SCUnifiedProfilePublicStoryDataModel .cxx_destruct]	
107d2259c	107d2261b	decompiled	chunks/000/functions-000009.c	-[SCCreatorsActionSheetConfig initWithAddToStory:autoSaveStoryToMemories:saveStory:deleteSnap:saveSnap:sendSnap:]	
107d2261c	107d2263f	decompiled	chunks/000/functions-000009.c	-[SCCreatorsActionSheetConfig copyWithZone:]	
107d22640	107d226c7	decompiled	chunks/000/functions-000009.c	-[SCCreatorsActionSheetConfig hash]	
107d226c8	107d2279f	decompiled	chunks/000/functions-000009.c	-[SCCreatorsActionSheetConfig isEqual:]	
107d227a0	107d227a7	decompiled	chunks/000/functions-000009.c	-[SCCreatorsActionSheetConfig addToStory]	
107d227a8	107d227af	decompiled	chunks/000/functions-000009.c	-[SCCreatorsActionSheetConfig autoSaveStoryToMemories]	
107d227b0	107d227b7	decompiled	chunks/000/functions-000009.c	-[SCCreatorsActionSheetConfig saveStory]	
107d227b8	107d227bf	decompiled	chunks/000/functions-000009.c	-[SCCreatorsActionSheetConfig deleteSnap]	
107d227c0	107d227c7	decompiled	chunks/000/functions-000009.c	-[SCCreatorsActionSheetConfig saveSnap]	
107d227c8	107d227cf	decompiled	chunks/000/functions-000009.c	-[SCCreatorsActionSheetConfig sendSnap]	
107d227d0	107d22a6b	decompiled	chunks/000/functions-000009.c		
107d22a6c	107d22eff	decompiled	chunks/000/functions-000009.c		
107d22f00	107d22fdb	decompiled	chunks/000/functions-000009.c		
107d22fdc	107d23c67	decompiled	chunks/000/functions-000009.c		
107d23c68	107d23ecf	decompiled	chunks/000/functions-000009.c		
107d23ed0	107d23ef7	decompiled	chunks/000/functions-000009.c		
107d23ef8	107d244bb	decompiled	chunks/000/functions-000009.c		
107d244bc	107d244db	decompiled	chunks/000/functions-000009.c		
107d244dc	107d24933	decompiled	chunks/000/functions-000009.c		
107d24934	107d249cf	decompiled	chunks/000/functions-000009.c		
107d249d0	107d2508f	decompiled	chunks/000/functions-000009.c		
107d25090	107d2649f	decompiled	chunks/000/functions-000009.c		
107d264a0	107d265e3	decompiled	chunks/000/functions-000009.c		
107d265e4	107d2668b	decompiled	chunks/000/functions-000009.c		
107d2668c	107d2669b	decompiled	chunks/000/functions-000009.c		
107d2669c	107d267cf	decompiled	chunks/000/functions-000009.c		
107d267d0	107d26c27	decompiled	chunks/000/functions-000009.c		
107d26c28	107d26cdf	decompiled	chunks/000/functions-000009.c		
107d26ce0	107d27013	decompiled	chunks/000/functions-000009.c		
107d27014	107d2710f	decompiled	chunks/000/functions-000009.c		
107d27110	107d271c7	decompiled	chunks/000/functions-000009.c		
107d271c8	107d27583	decompiled	chunks/000/functions-000009.c		
107d27584	107d277c7	decompiled	chunks/000/functions-000009.c		
107d277c8	107d277f7	decompiled	chunks/000/functions-000009.c		
107d277f8	107d2786b	decompiled	chunks/000/functions-000009.c		
107d2786c	107d278af	decompiled	chunks/000/functions-000009.c		
107d278b0	107d2791f	decompiled	chunks/000/functions-000009.c		
107d27920	107d27dff	decompiled	chunks/000/functions-000009.c		
107d27e00	107d2870f	decompiled	chunks/000/functions-000009.c		
107d28710	107d289c3	decompiled	chunks/000/functions-000009.c		
107d289c4	107d28a53	decompiled	chunks/000/functions-000009.c		
107d28a54	107d28ae3	decompiled	chunks/000/functions-000009.c		
107d28ae4	107d28b67	decompiled	chunks/000/functions-000009.c		
107d28b68	107d28b9b	decompiled	chunks/000/functions-000009.c		
107d28b9c	107d28c93	decompiled	chunks/000/functions-000009.c		
107d28c94	107d28cab	decompiled	chunks/000/functions-000009.c		
107d28cac	107d28d3b	decompiled	chunks/000/functions-000009.c		
107d28d3c	107d2906f	decompiled	chunks/000/functions-000009.c		
107d29070	107d2918b	decompiled	chunks/000/functions-000009.c		
