address	end_address	status	pseudocode_file	runtime_label	error
107d50cc4	107d50d2f	decompiled	chunks/000/functions-000020.c	+[SCSafetyReportParams planWithParams:]	
107d50d30	107d50d9b	decompiled	chunks/000/functions-000020.c	+[SCSafetyReportParams privateSnapWithParams:]	
107d50d9c	107d50e07	decompiled	chunks/000/functions-000020.c	+[SCSafetyReportParams profileBackgroundWithParams:]	
107d50e08	107d50e73	decompiled	chunks/000/functions-000020.c	+[SCSafetyReportParams publicUserStoryWithParams:]	
107d50e74	107d50edf	decompiled	chunks/000/functions-000020.c	+[SCSafetyReportParams publisherStoryTileWithParams:]	
107d50ee0	107d50f4b	decompiled	chunks/000/functions-000020.c	+[SCSafetyReportParams publisherStoryWithParams:]	
107d50f4c	107d50fb7	decompiled	chunks/000/functions-000020.c	+[SCSafetyReportParams savedStorySnapWithParams:]	
107d50fb8	107d51023	decompiled	chunks/000/functions-000020.c	+[SCSafetyReportParams savedStoryTileWithParams:]	
107d51024	107d5108f	decompiled	chunks/000/functions-000020.c	+[SCSafetyReportParams spotlightReplyWithParams:]	
107d51090	107d510fb	decompiled	chunks/000/functions-000020.c	+[SCSafetyReportParams spotlightSnapWithParams:]	
107d510fc	107d51167	decompiled	chunks/000/functions-000020.c	+[SCSafetyReportParams spotlightTileWithParams:]	
107d51168	107d511d3	decompiled	chunks/000/functions-000020.c	+[SCSafetyReportParams storyCommentWithParams:]	
107d511d4	107d5123f	decompiled	chunks/000/functions-000020.c	+[SCSafetyReportParams topicStoryWithParams:]	
107d51240	107d512a3	decompiled	chunks/000/functions-000020.c	+[SCSafetyReportParams userWithParams:]	
107d512a4	107d512c7	decompiled	chunks/000/functions-000020.c	-[SCSafetyReportParams copyWithZone:]	
107d512c8	107d5145f	decompiled	chunks/000/functions-000020.c	-[SCSafetyReportParams hash]	
107d51460	107d514a3	decompiled	chunks/000/functions-000020.c	-[SCSafetyReportParams internalInit]	
107d514a4	107d5179b	decompiled	chunks/000/functions-000020.c	-[SCSafetyReportParams isEqual:]	
107d5179c	107d51c3b	decompiled	chunks/000/functions-000020.c	-[SCSafetyReportParams matchUser:lens:spotlightSnap:spotlightTile:customStory:myStory:publicUserStory:publisherStoryTile:officialUserStoryTile:nonPartnerStoryTile:mapStory:savedStorySnap:savedStoryTile:topicStory:spotlightReply:storyComment:publisherStory:privateSnap:chatMedia:chatMessage:chatWallpaper:profileBackground:mediaShare:bitmojiOutfit:gamesChatMessage:plan:]	
107d51c3c	107d51e07	decompiled	chunks/000/functions-000020.c	-[SCSafetyReportParams .cxx_destruct]	
107d51e08	107d51e0f	decompiled	chunks/000/functions-000020.c		
107d51e10	107d51e1b	decompiled	chunks/000/functions-000020.c	-[SCOffPlatformShareServices .cxx_destruct]	
107d51e1c	107d51f23	decompiled	chunks/000/functions-000020.c	-[SCOffPlatformShareConfig initWithShareSource:shareUIType:shareSheetConfiguration:delegate:uiContainer:sendToSessionId:]	
107d51f24	107d51f2b	decompiled	chunks/000/functions-000020.c	-[SCOffPlatformShareConfig shareSource]	
107d51f2c	107d51f33	decompiled	chunks/000/functions-000020.c	-[SCOffPlatformShareConfig shareUIType]	
107d51f34	107d51f3b	decompiled	chunks/000/functions-000020.c	-[SCOffPlatformShareConfig shareSheetConfiguration]	
107d51f3c	107d51f53	decompiled	chunks/000/functions-000020.c	-[SCOffPlatformShareConfig delegate]	
107d51f54	107d51f5b	decompiled	chunks/000/functions-000020.c	-[SCOffPlatformShareConfig uiContainer]	
107d51f5c	107d51f63	decompiled	chunks/000/functions-000020.c	-[SCOffPlatformShareConfig sendToSessionId]	
107d51f64	107d51fa7	decompiled	chunks/000/functions-000020.c	-[SCOffPlatformShareConfig .cxx_destruct]	
107d51fa8	107d5211f	decompiled	chunks/000/functions-000020.c	+[SCExternalShareEvent completeShareWithDestination:shareResult:textConfiguration:mediaConfiguration:activityType:shortLinkURLToShare:lensLoggingInfo:shareIdOverride:completedTimestamp:]	
107d52120	107d5218f	decompiled	chunks/000/functions-000020.c	+[SCExternalShareEvent generateMediaCompleteWithDestination:startTimestamp:endTimestamp:]	
107d52190	107d52207	decompiled	chunks/000/functions-000020.c	+[SCExternalShareEvent generateMediaLinkCompleteWithDidSucceed:destination:startTimestamp:endTimestamp:]	
107d52208	107d522d7	decompiled	chunks/000/functions-000020.c	+[SCExternalShareEvent handleShareWithDestination:mediaConfiguration:textConfiguration:phoneNumber:]	
107d522d8	107d52347	decompiled	chunks/000/functions-000020.c	+[SCExternalShareEvent mediaExportCompleteWithDidSucceed:startTimestamp:endTimestamp:]	
107d52348	107d5238f	decompiled	chunks/000/functions-000020.c	+[SCExternalShareEvent requestShareSheet]	
107d52390	107d523db	decompiled	chunks/000/functions-000020.c	+[SCExternalShareEvent selectShareDestination]	
107d523dc	107d52427	decompiled	chunks/000/functions-000020.c	+[SCExternalShareEvent shareSheetRenderComplete]	
107d52428	107d524ab	decompiled	chunks/000/functions-000020.c	+[SCExternalShareEvent watermarkingCompleteWithDestination:lensId:startTimestamp:endTimestamp:]	
107d524ac	107d524cf	decompiled	chunks/000/functions-000020.c	-[SCExternalShareEvent copyWithZone:]	
107d524d0	107d5271f	decompiled	chunks/000/functions-000020.c	-[SCExternalShareEvent hash]	
107d52720	107d52763	decompiled	chunks/000/functions-000020.c	-[SCExternalShareEvent internalInit]	
107d52764	107d52b53	decompiled	chunks/000/functions-000020.c	-[SCExternalShareEvent isEqual:]	
107d52b54	107d52d8f	decompiled	chunks/000/functions-000020.c	-[SCExternalShareEvent matchRequestShareSheet:shareSheetRenderComplete:selectShareDestination:handleShare:generateMediaComplete:mediaExportComplete:generateMediaLinkComplete:watermarkingComplete:completeShare:]	
107d52d90	107d52e1f	decompiled	chunks/000/functions-000020.c	-[SCExternalShareEvent .cxx_destruct]	
107d52e20	107d52ee3	decompiled	chunks/000/functions-000020.c	-[SCBloopsReportScope initWithParams:uiContainer:delegate:]	
107d52ee4	107d52eeb	decompiled	chunks/000/functions-000020.c	-[SCBloopsReportScope params]	
107d52eec	107d52ef3	decompiled	chunks/000/functions-000020.c	-[SCBloopsReportScope uiContainer]	
107d52ef4	107d52f0b	decompiled	chunks/000/functions-000020.c	-[SCBloopsReportScope delegate]	
107d52f0c	107d52f43	decompiled	chunks/000/functions-000020.c	-[SCBloopsReportScope .cxx_destruct]	
107d52f44	107d52fa7	decompiled	chunks/000/functions-000020.c	+[SCBloopsReportParams storyWithParams:]	
107d52fa8	107d52fcb	decompiled	chunks/000/functions-000020.c	-[SCBloopsReportParams copyWithZone:]	
107d52fcc	107d5302b	decompiled	chunks/000/functions-000020.c	-[SCBloopsReportParams hash]	
107d5302c	107d5306f	decompiled	chunks/000/functions-000020.c	-[SCBloopsReportParams internalInit]	
107d53070	107d5310f	decompiled	chunks/000/functions-000020.c	-[SCBloopsReportParams isEqual:]	
107d53110	107d5312f	decompiled	chunks/000/functions-000020.c	-[SCBloopsReportParams matchStory:]	
107d53130	107d5313b	decompiled	chunks/000/functions-000020.c	-[SCBloopsReportParams .cxx_destruct]	
107d5313c	107d532a7	decompiled	chunks/000/functions-000020.c	-[SCBloopsStoryReportParams initWithPublisherId:publisherName:storyId:cameoId:additionalUserIds:contentImage:]	
107d532a8	107d532cb	decompiled	chunks/000/functions-000020.c	-[SCBloopsStoryReportParams copyWithZone:]	
107d532cc	107d5336f	decompiled	chunks/000/functions-000020.c	-[SCBloopsStoryReportParams hash]	
107d53370	107d53477	decompiled	chunks/000/functions-000020.c	-[SCBloopsStoryReportParams isEqual:]	
107d53478	107d5347f	decompiled	chunks/000/functions-000020.c	-[SCBloopsStoryReportParams publisherId]	
107d53480	107d53487	decompiled	chunks/000/functions-000020.c	-[SCBloopsStoryReportParams publisherName]	
107d53488	107d5348f	decompiled	chunks/000/functions-000020.c	-[SCBloopsStoryReportParams storyId]	
107d53490	107d53497	decompiled	chunks/000/functions-000020.c	-[SCBloopsStoryReportParams cameoId]	
107d53498	107d5349f	decompiled	chunks/000/functions-000020.c	-[SCBloopsStoryReportParams additionalUserIds]	
107d534a0	107d534a7	decompiled	chunks/000/functions-000020.c	-[SCBloopsStoryReportParams contentImage]	
107d534a8	107d53507	decompiled	chunks/000/functions-000020.c	-[SCBloopsStoryReportParams .cxx_destruct]	
107d53508	107d535df	decompiled	chunks/000/functions-000020.c	-[SCStandardExternalContentSharePresenter initWithPresentingViewController:sessionId:deepLinkSourceType:shareSource:standardExternalContentShareScopeExposer:]	
107d535e0	107d537c7	decompiled	chunks/000/functions-000020.c	-[SCStandardExternalContentSharePresenter presentShareSheetWithGenerateTextContentBlock:]	
107d537c8	107d537cf	decompiled	chunks/000/functions-000020.c	-[SCStandardExternalContentSharePresenter handleShareDestination:standardExternalContentShareScope:]	
107d537d0	107d537ef	decompiled	chunks/000/functions-000020.c	-[SCStandardExternalContentSharePresenter shareSheetDismissedWithShareDestination:]	
107d537f0	107d537f7	decompiled	chunks/000/functions-000020.c	-[SCStandardExternalContentSharePresenter deepLinkSourceType]	
107d537f8	107d537ff	decompiled	chunks/000/functions-000020.c	-[SCStandardExternalContentSharePresenter setDeepLinkSourceType:]	
107d53800	107d53843	decompiled	chunks/000/functions-000020.c	-[SCStandardExternalContentSharePresenter .cxx_destruct]	
107d53844	107d5392f	decompiled	chunks/000/functions-000020.c		
107d53930	107d53e47	decompiled	chunks/000/functions-000020.c		
107d53e48	107d53f5b	decompiled	chunks/000/functions-000020.c	-[SCUnifiedProfileOpenFriendActionMenuActionData initWithSnapchatter:configuration:sourceSessionId:groupConversationId:attributedPage:]	
107d53f5c	107d53f7f	decompiled	chunks/000/functions-000020.c	-[SCUnifiedProfileOpenFriendActionMenuActionData copyWithZone:]	
107d53f80	107d54017	decompiled	chunks/000/functions-000020.c	-[SCUnifiedProfileOpenFriendActionMenuActionData hash]	
107d54018	107d540ff	decompiled	chunks/000/functions-000020.c	-[SCUnifiedProfileOpenFriendActionMenuActionData isEqual:]	
107d54100	107d54107	decompiled	chunks/000/functions-000020.c	-[SCUnifiedProfileOpenFriendActionMenuActionData snapchatter]	
107d54108	107d5410f	decompiled	chunks/000/functions-000020.c	-[SCUnifiedProfileOpenFriendActionMenuActionData configuration]	
107d54110	107d54117	decompiled	chunks/000/functions-000020.c	-[SCUnifiedProfileOpenFriendActionMenuActionData sourceSessionId]	
107d54118	107d5411f	decompiled	chunks/000/functions-000020.c	-[SCUnifiedProfileOpenFriendActionMenuActionData groupConversationId]	
107d54120	107d54127	decompiled	chunks/000/functions-000020.c	-[SCUnifiedProfileOpenFriendActionMenuActionData attributedPage]	
107d54128	107d5416f	decompiled	chunks/000/functions-000020.c	-[SCUnifiedProfileOpenFriendActionMenuActionData .cxx_destruct]	
107d54170	107d54223	decompiled	chunks/000/functions-000020.c	-[SCUnifiedProfileOpenGroupProfileActionData initWithGroupId:sourcePageType:hideRecursiveOptions:]	
107d54224	107d54247	decompiled	chunks/000/functions-000020.c	-[SCUnifiedProfileOpenGroupProfileActionData copyWithZone:]	
107d54248	107d542bf	decompiled	chunks/000/functions-000020.c	-[SCUnifiedProfileOpenGroupProfileActionData hash]	
107d542c0	107d54377	decompiled	chunks/000/functions-000020.c	-[SCUnifiedProfileOpenGroupProfileActionData isEqual:]	
107d54378	107d5437f	decompiled	chunks/000/functions-000020.c	-[SCUnifiedProfileOpenGroupProfileActionData groupId]	
107d54380	107d54387	decompiled	chunks/000/functions-000020.c	-[SCUnifiedProfileOpenGroupProfileActionData sourcePageType]	
107d54388	107d5438f	decompiled	chunks/000/functions-000020.c	-[SCUnifiedProfileOpenGroupProfileActionData hideRecursiveOptions]	
107d54390	107d543bf	decompiled	chunks/000/functions-000020.c	-[SCUnifiedProfileOpenGroupProfileActionData .cxx_destruct]	
107d543c0	107d5444b	decompiled	chunks/000/functions-000020.c	-[SCUnifiedProfileOpenFriendActionConfiguration initWithActionOption:nonFriendAddSourceType:nonFriendAddPlacementType:hideRecursiveOptions:hideSendTo:suppressSnapProProfileOpen:showHideStorySuggestions:hideUserDetails:]	
107d5444c	107d5446f	decompiled	chunks/000/functions-000020.c	-[SCUnifiedProfileOpenFriendActionConfiguration copyWithZone:]	
107d54470	107d54503	decompiled	chunks/000/functions-000020.c	-[SCUnifiedProfileOpenFriendActionConfiguration hash]	
107d54504	107d545fb	decompiled	chunks/000/functions-000020.c	-[SCUnifiedProfileOpenFriendActionConfiguration isEqual:]	
107d545fc	107d54603	decompiled	chunks/000/functions-000020.c	-[SCUnifiedProfileOpenFriendActionConfiguration actionOption]	
107d54604	107d5460b	decompiled	chunks/000/functions-000021.c	-[SCUnifiedProfileOpenFriendActionConfiguration nonFriendAddSourceType]	
107d5460c	107d54613	decompiled	chunks/000/functions-000021.c	-[SCUnifiedProfileOpenFriendActionConfiguration nonFriendAddPlacementType]	
107d54614	107d5461b	decompiled	chunks/000/functions-000021.c	-[SCUnifiedProfileOpenFriendActionConfiguration hideRecursiveOptions]	
107d5461c	107d54623	decompiled	chunks/000/functions-000021.c	-[SCUnifiedProfileOpenFriendActionConfiguration hideSendTo]	
107d54624	107d5462b	decompiled	chunks/000/functions-000021.c	-[SCUnifiedProfileOpenFriendActionConfiguration suppressSnapProProfileOpen]	
107d5462c	107d54633	decompiled	chunks/000/functions-000021.c	-[SCUnifiedProfileOpenFriendActionConfiguration showHideStorySuggestions]	
107d54634	107d5463b	decompiled	chunks/000/functions-000021.c	-[SCUnifiedProfileOpenFriendActionConfiguration hideUserDetails]	
107d5463c	107d5469f	decompiled	chunks/000/functions-000021.c	+[SCUnifiedProfileShowCameraActionModel friendWithSnapchatter:]	
107d546a0	107d5470b	decompiled	chunks/000/functions-000021.c	+[SCUnifiedProfileShowCameraActionModel groupWithGroupId:]	
107d5470c	107d54893	decompiled	chunks/000/functions-000021.c	-[SCUnifiedProfileShowCameraActionModel initWithCoder:]	
107d54894	107d548b7	decompiled	chunks/000/functions-000021.c	-[SCUnifiedProfileShowCameraActionModel copyWithZone:]	
107d548b8	107d5492b	decompiled	chunks/000/functions-000021.c	-[SCUnifiedProfileShowCameraActionModel encodeWithCoder:]	
107d5492c	107d549a3	decompiled	chunks/000/functions-000021.c	-[SCUnifiedProfileShowCameraActionModel hash]	
107d549a4	107d549e7	decompiled	chunks/000/functions-000021.c	-[SCUnifiedProfileShowCameraActionModel internalInit]	
107d549e8	107d54a9f	decompiled	chunks/000/functions-000021.c	-[SCUnifiedProfileShowCameraActionModel isEqual:]	
107d54aa0	107d54b23	decompiled	chunks/000/functions-000021.c	-[SCUnifiedProfileShowCameraActionModel matchFriend:group:]	
107d54b24	107d54b53	decompiled	chunks/000/functions-000021.c	-[SCUnifiedProfileShowCameraActionModel .cxx_destruct]	
107d54b54	107d54b5b	decompiled	chunks/000/functions-000021.c	-[SCShareNotificationServices shareNotificationService]	
107d54b5c	107d54b67	decompiled	chunks/000/functions-000021.c	-[SCShareNotificationServices .cxx_destruct]	
107d54b68	107d54bdb	decompiled	chunks/000/functions-000021.c	-[SCScreenshotSharingServices initWithScreenshotSharingService:]	
107d54bdc	107d54be3	decompiled	chunks/000/functions-000021.c	-[SCScreenshotSharingServices screenshotSharingService]	
107d54be4	107d54bef	decompiled	chunks/000/functions-000021.c	-[SCScreenshotSharingServices .cxx_destruct]	
107d54bf0	107d54d9b	decompiled	chunks/000/functions-000021.c	-[SCScreenshotSharingConfiguration initWithTitle:subtitle:url:shareSheetConfiguration:thumbnailConfiguration:userId:ctaStyle:ctaImageTintColor:shareSource:deeplinkSourceType:shareUIType:upsellType:]	
107d54d9c	107d54dbf	decompiled	chunks/000/functions-000021.c	-[SCScreenshotSharingConfiguration copyWithZone:]	
107d54dc0	107d54e8b	decompiled	chunks/000/functions-000021.c	-[SCScreenshotSharingConfiguration hash]	
107d54e8c	107d54ff3	decompiled	chunks/000/functions-000021.c	-[SCScreenshotSharingConfiguration isEqual:]	
107d54ff4	107d54ffb	decompiled	chunks/000/functions-000021.c	-[SCScreenshotSharingConfiguration title]	
107d54ffc	107d55003	decompiled	chunks/000/functions-000021.c	-[SCScreenshotSharingConfiguration subtitle]	
107d55004	107d5500b	decompiled	chunks/000/functions-000021.c	-[SCScreenshotSharingConfiguration url]	
107d5500c	107d55013	decompiled	chunks/000/functions-000021.c	-[SCScreenshotSharingConfiguration shareSheetConfiguration]	
107d55014	107d5501b	decompiled	chunks/000/functions-000021.c	-[SCScreenshotSharingConfiguration thumbnailConfiguration]	
107d5501c	107d55023	decompiled	chunks/000/functions-000021.c	-[SCScreenshotSharingConfiguration userId]	
107d55024	107d5502b	decompiled	chunks/000/functions-000021.c	-[SCScreenshotSharingConfiguration ctaStyle]	
107d5502c	107d55033	decompiled	chunks/000/functions-000021.c	-[SCScreenshotSharingConfiguration ctaImageTintColor]	
107d55034	107d5503b	decompiled	chunks/000/functions-000021.c	-[SCScreenshotSharingConfiguration shareSource]	
107d5503c	107d55043	decompiled	chunks/000/functions-000021.c	-[SCScreenshotSharingConfiguration deeplinkSourceType]	
107d55044	107d5504b	decompiled	chunks/000/functions-000021.c	-[SCScreenshotSharingConfiguration shareUIType]	
107d5504c	107d55053	decompiled	chunks/000/functions-000021.c	-[SCScreenshotSharingConfiguration upsellType]	
107d55054	107d550b3	decompiled	chunks/000/functions-000021.c	-[SCScreenshotSharingConfiguration .cxx_destruct]	
107d550b4	107d5519b	decompiled	chunks/000/functions-000021.c	-[SCScreenshotSharingThumbnailConfiguration initWithProfilePhotoURLString:bitmojiAvatarId:bitmojiSelfieId:sigIconType:]	
107d5519c	107d551bf	decompiled	chunks/000/functions-000021.c	-[SCScreenshotSharingThumbnailConfiguration copyWithZone:]	
107d551c0	107d55243	decompiled	chunks/000/functions-000021.c	-[SCScreenshotSharingThumbnailConfiguration hash]	
107d55244	107d55313	decompiled	chunks/000/functions-000021.c	-[SCScreenshotSharingThumbnailConfiguration isEqual:]	
107d55314	107d5531b	decompiled	chunks/000/functions-000021.c	-[SCScreenshotSharingThumbnailConfiguration profilePhotoURLString]	
107d5531c	107d55323	decompiled	chunks/000/functions-000021.c	-[SCScreenshotSharingThumbnailConfiguration bitmojiAvatarId]	
107d55324	107d5532b	decompiled	chunks/000/functions-000021.c	-[SCScreenshotSharingThumbnailConfiguration bitmojiSelfieId]	
107d5532c	107d55333	decompiled	chunks/000/functions-000021.c	-[SCScreenshotSharingThumbnailConfiguration sigIconType]	
107d55334	107d5536f	decompiled	chunks/000/functions-000021.c	-[SCScreenshotSharingThumbnailConfiguration .cxx_destruct]	
107d55370	107d5537b	decompiled	chunks/000/functions-000021.c	+[SCCShareUpsellShareUpsellComponent componentPath]	
107d5537c	107d553af	decompiled	chunks/000/functions-000021.c	-[SCCShareUpsellShareUpsellComponent initWithViewModel:componentContext:runtime:]	
107d553b0	107d553ff	decompiled	chunks/000/functions-000021.c	-[SCCShareUpsellShareUpsellComponent setViewModel:]	
107d55400	107d55443	decompiled	chunks/000/functions-000021.c	-[SCCShareUpsellShareUpsellComponent viewModel]	
107d55444	107d5544b	decompiled	chunks/000/functions-000021.c	-[SCCUpsellType__Enum init]	
107d5544c	107d5551f	decompiled	chunks/000/functions-000021.c	-[SCCShareUpsellShareUpsellContext initWithDestinationClicked:dismiss:getAvailableDestinationsObservable:]	
107d55520	107d55547	decompiled	chunks/000/functions-000021.c	+[SCCShareUpsellShareUpsellContext valdiMarshallableObjectDescriptor]	
107d55548	107d5556b	decompiled	chunks/000/functions-000021.c		
107d5556c	107d555eb	decompiled	chunks/000/functions-000021.c		
107d555ec	107d5562b	decompiled	chunks/000/functions-000021.c	-[SCCShareUpsellShareUpsellViewModel initWithUpsellType:]	
107d5562c	107d5564b	decompiled	chunks/000/functions-000021.c	+[SCCShareUpsellShareUpsellViewModel valdiMarshallableObjectDescriptor]	
107d5564c	107d5567b	decompiled	chunks/000/functions-000021.c		
107d5567c	107d557c3	decompiled	chunks/000/functions-000021.c	-[SCMemoriesPickerV2Scope initWithUiContainer:config:actionHandling:]	
107d557c4	107d557f7	decompiled	chunks/000/functions-000021.c		
107d557f8	107d55803	decompiled	chunks/000/functions-000021.c		
107d55804	107d5580b	decompiled	chunks/000/functions-000021.c	-[SCMemoriesPickerV2Scope uiContainer]	
107d5580c	107d55813	decompiled	chunks/000/functions-000021.c	-[SCMemoriesPickerV2Scope config]	
107d55814	107d5581b	decompiled	chunks/000/functions-000021.c	-[SCMemoriesPickerV2Scope customActionHandler]	
107d5581c	107d55833	decompiled	chunks/000/functions-000021.c	-[SCMemoriesPickerV2Scope defaultActionHandlerDelegate]	
107d55834	107d55877	decompiled	chunks/000/functions-000021.c	-[SCMemoriesPickerV2Scope .cxx_destruct]	
107d55878	107d55bfb	decompiled	chunks/000/functions-000021.c	-[SCMemoriesPickerV2Config initWithTitle:subtitle:allowMultiSelect:limitMultiSnapCameraRollItemLength:showSnapsTab:showCameraRollTab:showPostArchiveTabWithBusinessProfileId:allowVideoEntries:allowPhotoEntries:showFeaturedStories:showSelectionOrder:videoDurationConfig:actionBarConfig:preselectedItems:preselectionStyle:shouldHideScrollBar:shouldDisableClusterer:showAlbumPicker:showAlbumShortcuts:thumbnailsConfig:maxSelectionLimit:source:multiSlotConfig:cameraRollConfig:shouldDismissOnCancel:shouldShowCameraButton:shouldShowNativePhotoLibrary:showLoadingOnComplete:supplementaryHeaderComponent:preserveAllEdits:]	
107d55bfc	107d55c1f	decompiled	chunks/000/functions-000021.c	-[SCMemoriesPickerV2Config copyWithZone:]	
107d55c20	107d55c27	decompiled	chunks/000/functions-000021.c	-[SCMemoriesPickerV2Config title]	
107d55c28	107d55c2f	decompiled	chunks/000/functions-000021.c	-[SCMemoriesPickerV2Config subtitle]	
107d55c30	107d55c37	decompiled	chunks/000/functions-000021.c	-[SCMemoriesPickerV2Config allowMultiSelect]	
107d55c38	107d55c3f	decompiled	chunks/000/functions-000021.c	-[SCMemoriesPickerV2Config limitMultiSnapCameraRollItemLength]	
107d55c40	107d55c47	decompiled	chunks/000/functions-000021.c	-[SCMemoriesPickerV2Config showSnapsTab]	
107d55c48	107d55c4f	decompiled	chunks/000/functions-000021.c	-[SCMemoriesPickerV2Config showCameraRollTab]	
107d55c50	107d55c57	decompiled	chunks/000/functions-000021.c	-[SCMemoriesPickerV2Config showPostArchiveTabWithBusinessProfileId]	
107d55c58	107d55c5f	decompiled	chunks/000/functions-000021.c	-[SCMemoriesPickerV2Config allowVideoEntries]	
107d55c60	107d55c67	decompiled	chunks/000/functions-000021.c	-[SCMemoriesPickerV2Config allowPhotoEntries]	
107d55c68	107d55c6f	decompiled	chunks/000/functions-000021.c	-[SCMemoriesPickerV2Config showFeaturedStories]	
107d55c70	107d55c77	decompiled	chunks/000/functions-000021.c	-[SCMemoriesPickerV2Config showSelectionOrder]	
107d55c78	107d55c7f	decompiled	chunks/000/functions-000021.c	-[SCMemoriesPickerV2Config videoDurationConfig]	
107d55c80	107d55c87	decompiled	chunks/000/functions-000021.c	-[SCMemoriesPickerV2Config actionBarConfig]	
107d55c88	107d55c8f	decompiled	chunks/000/functions-000021.c	-[SCMemoriesPickerV2Config preselectedItems]	
107d55c90	107d55c97	decompiled	chunks/000/functions-000021.c	-[SCMemoriesPickerV2Config preselectionStyle]	
107d55c98	107d55c9f	decompiled	chunks/000/functions-000021.c	-[SCMemoriesPickerV2Config shouldHideScrollBar]	
107d55ca0	107d55ca7	decompiled	chunks/000/functions-000021.c	-[SCMemoriesPickerV2Config shouldDisableClusterer]	
107d55ca8	107d55caf	decompiled	chunks/000/functions-000021.c	-[SCMemoriesPickerV2Config showAlbumPicker]	
107d55cb0	107d55cb7	decompiled	chunks/000/functions-000021.c	-[SCMemoriesPickerV2Config showAlbumShortcuts]	
107d55cb8	107d55cbf	decompiled	chunks/000/functions-000021.c	-[SCMemoriesPickerV2Config thumbnailsConfig]	
107d55cc0	107d55cc7	decompiled	chunks/000/functions-000021.c	-[SCMemoriesPickerV2Config maxSelectionLimit]	
107d55cc8	107d55ccf	decompiled	chunks/000/functions-000021.c	-[SCMemoriesPickerV2Config source]	
107d55cd0	107d55cd7	decompiled	chunks/000/functions-000021.c	-[SCMemoriesPickerV2Config multiSlotConfig]	
107d55cd8	107d55cdf	decompiled	chunks/000/functions-000021.c	-[SCMemoriesPickerV2Config cameraRollConfig]	
107d55ce0	107d55ce7	decompiled	chunks/000/functions-000021.c	-[SCMemoriesPickerV2Config shouldDismissOnCancel]	
107d55ce8	107d55cef	decompiled	chunks/000/functions-000021.c	-[SCMemoriesPickerV2Config shouldShowCameraButton]	
107d55cf0	107d55cf7	decompiled	chunks/000/functions-000021.c	-[SCMemoriesPickerV2Config shouldShowNativePhotoLibrary]	
107d55cf8	107d55cff	decompiled	chunks/000/functions-000021.c	-[SCMemoriesPickerV2Config showLoadingOnComplete]	
107d55d00	107d55d07	decompiled	chunks/000/functions-000021.c	-[SCMemoriesPickerV2Config supplementaryHeaderComponent]	
107d55d08	107d55d0f	decompiled	chunks/000/functions-000021.c	-[SCMemoriesPickerV2Config preserveAllEdits]	
107d55d10	107d55dab	decompiled	chunks/000/functions-000022.c	-[SCMemoriesPickerV2Config .cxx_destruct]	
107d55dac	107d55e0f	decompiled	chunks/000/functions-000022.c	+[SCMemoriesPickerV2ActionHandling customActionHandlerWithCustomActionHandler:]	
107d55e10	107d55e7b	decompiled	chunks/000/functions-000022.c	+[SCMemoriesPickerV2ActionHandling defaultActionHanlderDelegateWithDefaultActionHanlderDelegate:]	
107d55e7c	107d55fdb	decompiled	chunks/000/functions-000022.c	-[SCMemoriesPickerV2ActionHandling initWithCoder:]	
107d55fdc	107d55fff	decompiled	chunks/000/functions-000022.c	-[SCMemoriesPickerV2ActionHandling copyWithZone:]	
107d56000	107d5605f	decompiled	chunks/000/functions-000022.c	-[SCMemoriesPickerV2ActionHandling encodeWithCoder:]	
107d56060	107d560d7	decompiled	chunks/000/functions-000022.c	-[SCMemoriesPickerV2ActionHandling hash]	
107d560d8	107d5611b	decompiled	chunks/000/functions-000022.c	-[SCMemoriesPickerV2ActionHandling internalInit]	
107d5611c	107d561d3	decompiled	chunks/000/functions-000022.c	-[SCMemoriesPickerV2ActionHandling isEqual:]	
107d561d4	107d56257	decompiled	chunks/000/functions-000022.c	-[SCMemoriesPickerV2ActionHandling matchCustomActionHandler:defaultActionHanlderDelegate:]	
107d56258	107d56287	decompiled	chunks/000/functions-000022.c	-[SCMemoriesPickerV2ActionHandling .cxx_destruct]	
107d56288	107d562eb	decompiled	chunks/000/functions-000022.c	+[SCMemoriesPickerV2PickerItem cameraRollAssetWithAsset:]	
107d562ec	107d56383	decompiled	chunks/000/functions-000022.c	+[SCMemoriesPickerV2PickerItem galleryItemWithEntry:snap:]	
107d56384	107d563ef	decompiled	chunks/000/functions-000022.c	+[SCMemoriesPickerV2PickerItem memoriesSnapWithSnapId:]	
107d563f0	107d56413	decompiled	chunks/000/functions-000022.c	-[SCMemoriesPickerV2PickerItem copyWithZone:]	
107d56414	107d564a3	decompiled	chunks/000/functions-000022.c	-[SCMemoriesPickerV2PickerItem hash]	
107d564a4	107d564e7	decompiled	chunks/000/functions-000022.c	-[SCMemoriesPickerV2PickerItem internalInit]	
107d564e8	107d565cf	decompiled	chunks/000/functions-000022.c	-[SCMemoriesPickerV2PickerItem isEqual:]	
107d565d0	107d56683	decompiled	chunks/000/functions-000022.c	-[SCMemoriesPickerV2PickerItem matchCameraRollAsset:galleryItem:memoriesSnap:]	
107d56684	107d566cb	decompiled	chunks/000/functions-000022.c	-[SCMemoriesPickerV2PickerItem .cxx_destruct]	
107d566cc	107d567af	decompiled	chunks/000/functions-000022.c	-[SCMemoriesPickerCameraRollConfig initWithPageSize:validator:lazyPagingWhenFiltered:preselectedCollection:]	
107d567b0	107d567d3	decompiled	chunks/000/functions-000022.c	-[SCMemoriesPickerCameraRollConfig copyWithZone:]	
107d567d4	107d567db	decompiled	chunks/000/functions-000022.c	-[SCMemoriesPickerCameraRollConfig pageSize]	
107d567dc	107d567e3	decompiled	chunks/000/functions-000022.c	-[SCMemoriesPickerCameraRollConfig validator]	
107d567e4	107d567eb	decompiled	chunks/000/functions-000022.c	-[SCMemoriesPickerCameraRollConfig lazyPagingWhenFiltered]	
107d567ec	107d567f3	decompiled	chunks/000/functions-000022.c	-[SCMemoriesPickerCameraRollConfig preselectedCollection]	
107d567f4	107d5682f	decompiled	chunks/000/functions-000022.c	-[SCMemoriesPickerCameraRollConfig .cxx_destruct]	
107d56830	107d569c3	decompiled	chunks/000/functions-000022.c	-[SCChatStickerFuzzySearch initWithUserSession:repositoryExperiments:stickerSearcher:creativeToolsABProvider:]	
107d569c4	107d569eb	decompiled	chunks/000/functions-000022.c	-[SCChatStickerFuzzySearch searchResultsFinishedObservable]	
107d569ec	107d56a2b	decompiled	chunks/000/functions-000022.c	-[SCChatStickerFuzzySearch searchChatStickersWithQuery:]	
107d56a2c	107d56dc7	decompiled	chunks/000/functions-000022.c	-[SCChatStickerFuzzySearch searchChatStickersWithFuzzyText:]	
107d56dc8	107d56eb7	decompiled	chunks/000/functions-000022.c		
107d56eb8	107d56ef3	decompiled	chunks/000/functions-000022.c		
107d56ef4	107d5700b	decompiled	chunks/000/functions-000022.c		
107d5700c	107d57043	decompiled	chunks/000/functions-000022.c		
107d57044	107d5705b	decompiled	chunks/000/functions-000022.c	-[SCChatStickerFuzzySearch resetChatSearchText]	
107d5705c	107d571bf	decompiled	chunks/000/functions-000022.c	-[SCChatStickerFuzzySearch _updateChatSearchResultsWithStickers:bitmojiStickerSearchResults:customojiSearchResults:searchTerm:]	
107d571c0	107d57243	decompiled	chunks/000/functions-000022.c	-[SCChatStickerFuzzySearch searchDynamicDebounceForSearchText:]	
107d57244	107d5724b	decompiled	chunks/000/functions-000022.c	-[SCChatStickerFuzzySearch chatSearchResults]	
107d5724c	107d57253	decompiled	chunks/000/functions-000022.c	-[SCChatStickerFuzzySearch announcer]	
107d57254	107d572ef	decompiled	chunks/000/functions-000022.c	-[SCChatStickerFuzzySearch .cxx_destruct]	
107d572f0	107d57377	decompiled	chunks/000/functions-000022.c	-[SCLocalStickerSearchFinishedInformation initWithSearchTerm:notifySearchResult:]	
107d57378	107d5739b	decompiled	chunks/000/functions-000022.c	-[SCLocalStickerSearchFinishedInformation copyWithZone:]	
107d5739c	107d57407	decompiled	chunks/000/functions-000022.c	-[SCLocalStickerSearchFinishedInformation hash]	
107d57408	107d574a7	decompiled	chunks/000/functions-000022.c	-[SCLocalStickerSearchFinishedInformation isEqual:]	
107d574a8	107d574af	decompiled	chunks/000/functions-000022.c	-[SCLocalStickerSearchFinishedInformation searchTerm]	
107d574b0	107d574b7	decompiled	chunks/000/functions-000022.c	-[SCLocalStickerSearchFinishedInformation notifySearchResult]	
107d574b8	107d574c3	decompiled	chunks/000/functions-000022.c	-[SCLocalStickerSearchFinishedInformation .cxx_destruct]	
107d574c4	107d57683	decompiled	chunks/000/functions-000022.c	-[SCDiscoverFeedBaseDeepLinkProcessor initWithNavigationDelegate:containerViewController:discoverFeedDeeplinkHandler:featureStartupEventBus:addFriendSheetScopeExposer:addFriendSheetScopeServices:circumstanceEngine:storiesConfigProvider:adPrefetchServices:]	
107d57684	107d5779f	decompiled	chunks/000/functions-000022.c	-[SCDiscoverFeedBaseDeepLinkProcessor handleOpenURL:additionalInfo:]	
107d577a0	107d579cf	decompiled	chunks/000/functions-000022.c	-[SCDiscoverFeedBaseDeepLinkProcessor _triggerAdPrefetchForFeature:additionalInfo:]	
107d579d0	107d57b7f	decompiled	chunks/000/functions-000022.c	-[SCDiscoverFeedBaseDeepLinkProcessor _presentDeeplinkUrl:additionalInfo:feature:featureIsSpotlight:]	
107d57b80	107d57d93	decompiled	chunks/000/functions-000022.c	-[SCDiscoverFeedBaseDeepLinkProcessor _exposeAddFriendSheetScopeIfNeeded:additionalInfo:]	
107d57d94	107d57ddb	decompiled	chunks/000/functions-000022.c	-[SCDiscoverFeedBaseDeepLinkProcessor endAddFriendSheetScope]	
107d57ddc	107d57e57	decompiled	chunks/000/functions-000022.c	-[SCDiscoverFeedBaseDeepLinkProcessor .cxx_destruct]	
107d57e58	107d57ecb	decompiled	chunks/000/functions-000022.c	-[SCDiscoverFeedDeepLinkProcessorServices initWithDiscoverFeedDeepLinkProcessor:]	
107d57ecc	107d57ed3	decompiled	chunks/000/functions-000022.c	-[SCDiscoverFeedDeepLinkProcessorServices discoverFeedDeepLinkProcessor]	
107d57ed4	107d57edf	decompiled	chunks/000/functions-000022.c	-[SCDiscoverFeedDeepLinkProcessorServices .cxx_destruct]	
107d57ee0	107d5812f	decompiled	chunks/000/functions-000022.c	-[SCDiscoverFeedDeepLinkProcessorServiceProvider provide]	
107d58130	107d5814f	decompiled	chunks/000/functions-000022.c	-[SCDiscoverFeedDeepLinkProcessorServiceProvider storiesExperimentServices]	
107d58150	107d58163	decompiled	chunks/000/functions-000022.c	-[SCDiscoverFeedDeepLinkProcessorServiceProvider setStoriesExperimentServices:]	
107d58164	107d581f3	decompiled	chunks/000/functions-000022.c	-[SCDiscoverFeedDeepLinkProcessorServiceProvider .cxx_destruct]	
107d581f4	107d582ef	decompiled	chunks/000/functions-000022.c	-[SCAddFriendSheetScope initWithUIContainer:addFriendSheetDelegate:inviteID:isLens:deepLinkHash:]	
107d582f0	107d582f7	decompiled	chunks/000/functions-000022.c	-[SCAddFriendSheetScope uiContainer]	
107d582f8	107d5830f	decompiled	chunks/000/functions-000022.c	-[SCAddFriendSheetScope addFriendSheetDelegate]	
107d58310	107d58317	decompiled	chunks/000/functions-000022.c	-[SCAddFriendSheetScope inviteID]	
107d58318	107d5831f	decompiled	chunks/000/functions-000022.c	-[SCAddFriendSheetScope isLens]	
107d58320	107d58327	decompiled	chunks/000/functions-000022.c	-[SCAddFriendSheetScope deepLinkHash]	
107d58328	107d5836b	decompiled	chunks/000/functions-000022.c	-[SCAddFriendSheetScope .cxx_destruct]	
107d5836c	107d583df	decompiled	chunks/000/functions-000022.c	-[SCDiscoverFeedDeeplinkHandlingServices initWithDiscoverFeedDeeplinkHandler:]	
107d583e0	107d583e7	decompiled	chunks/000/functions-000022.c	-[SCDiscoverFeedDeeplinkHandlingServices discoverFeedDeeplinkHandler]	
107d583e8	107d583f3	decompiled	chunks/000/functions-000022.c	-[SCDiscoverFeedDeeplinkHandlingServices .cxx_destruct]	
107d583f4	107d58583	decompiled	chunks/000/functions-000022.c	-[SCAdOperaCollectionItem initWithAttachmentType:iconImageKey:webViewUrl:deepLinkUri:deepLinkFallbackType:deepLinkFallBackStoreVCParams:deepLinkFallBackUrl:appInstallStoreVCParams:showcaseModelUpdate:]	
107d58584	107d589f7	decompiled	chunks/000/functions-000022.c	-[SCAdOperaCollectionItem initWithProperties:]	
107d589f8	107d58cc7	decompiled	chunks/000/functions-000022.c	-[SCAdOperaCollectionItem isEqual:]	
107d58cc8	107d58ccf	decompiled	chunks/000/functions-000022.c	-[SCAdOperaCollectionItem attachmentType]	
107d58cd0	107d58cd7	decompiled	chunks/000/functions-000022.c	-[SCAdOperaCollectionItem iconImageKey]	
107d58cd8	107d58cdf	decompiled	chunks/000/functions-000022.c	-[SCAdOperaCollectionItem webViewUrl]	
107d58ce0	107d58ce7	decompiled	chunks/000/functions-000022.c	-[SCAdOperaCollectionItem deepLinkUri]	
107d58ce8	107d58cef	decompiled	chunks/000/functions-000022.c	-[SCAdOperaCollectionItem deepLinkFallbackType]	
107d58cf0	107d58cf7	decompiled	chunks/000/functions-000022.c	-[SCAdOperaCollectionItem deepLinkFallBackStoreVCParams]	
107d58cf8	107d58cff	decompiled	chunks/000/functions-000022.c	-[SCAdOperaCollectionItem deepLinkFallBackUrl]	
107d58d00	107d58d07	decompiled	chunks/000/functions-000022.c	-[SCAdOperaCollectionItem appInstallStoreVCParams]	
107d58d08	107d58d0f	decompiled	chunks/000/functions-000022.c	-[SCAdOperaCollectionItem showcaseModelUpdate]	
107d58d10	107d58d7b	decompiled	chunks/000/functions-000022.c	-[SCAdOperaCollectionItem .cxx_destruct]	
107d58d7c	107d58e33	decompiled	chunks/000/functions-000022.c	-[SCCameraLensItem initWithProperties:]	
107d58e34	107d58fab	decompiled	chunks/000/functions-000022.c	-[SCCameraLensItem isEqual:]	
107d58fac	107d58fb3	decompiled	chunks/000/functions-000022.c	-[SCCameraLensItem scancodeId]	
107d58fb4	107d58fbb	decompiled	chunks/000/functions-000022.c	-[SCCameraLensItem scancodeVersion]	
107d58fbc	107d58feb	decompiled	chunks/000/functions-000022.c	-[SCCameraLensItem .cxx_destruct]	
107d58fec	107d59037	decompiled	chunks/000/functions-000022.c	+[SCAdComposerDpaLayer layerWithPage:]	
107d59038	107d59237	decompiled	chunks/000/functions-000022.c	-[SCAdComposerDpaLayer initWithPage:]	
107d59238	107d59497	decompiled	chunks/000/functions-000022.c	-[SCAdComposerDpaLayer isEqual:]	
107d59498	107d5949f	decompiled	chunks/000/functions-000022.c	-[SCAdComposerDpaLayer layerContentType]	
107d594a0	107d594af	decompiled	chunks/000/functions-000022.c	-[SCAdComposerDpaLayer entryPointViewModel]	
107d594b0	107d594ef	decompiled	chunks/000/functions-000022.c	-[SCAdComposerDpaLayer setEntryPointViewModel:]	
107d594f0	107d594ff	decompiled	chunks/000/functions-000022.c	-[SCAdComposerDpaLayer entryPointContext]	
107d59500	107d5953f	decompiled	chunks/000/functions-000022.c	-[SCAdComposerDpaLayer setEntryPointContext:]	
107d59540	107d5954f	decompiled	chunks/000/functions-000022.c	-[SCAdComposerDpaLayer enableRedBorder]	
107d59550	107d5955f	decompiled	chunks/000/functions-000022.c	-[SCAdComposerDpaLayer bottomContentInset]	
107d59560	107d595af	decompiled	chunks/000/functions-000023.c	-[SCAdComposerDpaLayer .cxx_destruct]	
107d595b0	107d595fb	decompiled	chunks/000/functions-000023.c	+[SCAdContentContainerLayer layerWithPage:]	
107d595fc	107d5986b	decompiled	chunks/000/functions-000023.c	-[SCAdContentContainerLayer initWithPage:]	
107d5986c	107d59b2b	decompiled	chunks/000/functions-000023.c	-[SCAdContentContainerLayer isEqual:]	
107d59b2c	107d59b3b	decompiled	chunks/000/functions-000023.c	-[SCAdContentContainerLayer viewModel]	
107d59b3c	107d59b4b	decompiled	chunks/000/functions-000023.c	-[SCAdContentContainerLayer adSpecData]	
107d59b4c	107d59b5b	decompiled	chunks/000/functions-000023.c	-[SCAdContentContainerLayer adRenderData]	
107d59b5c	107d59b6b	decompiled	chunks/000/functions-000023.c	-[SCAdContentContainerLayer adSnapIndex]	
107d59b6c	107d59bcb	decompiled	chunks/000/functions-000023.c	-[SCAdContentContainerLayer .cxx_destruct]	
107d59bcc	107d59c17	decompiled	chunks/000/functions-000023.c	+[SCAdGradientViewLayer layerWithPage:]	
107d59c18	107d59c4b	decompiled	chunks/000/functions-000023.c	-[SCAdGradientViewLayer initWithPage:]	
107d59c4c	107d59c7f	decompiled	chunks/000/functions-000023.c	-[SCAdGradientViewLayer isEqual:]	
107d59c80	107d59ccb	decompiled	chunks/000/functions-000023.c	+[SCAdOperaBaseLayer layerWithPage:]	
107d59ccc	107d59e7f	decompiled	chunks/000/functions-000023.c	-[SCAdOperaBaseLayer initWithPage:]	
107d59e80	107d59f07	decompiled	chunks/000/functions-000023.c	-[SCAdOperaBaseLayer initWithIsRecyclable:ctaType:unifiedActionBarBottomOffset:page:]	
107d59f08	107d59f0f	decompiled	chunks/000/functions-000023.c	-[SCAdOperaBaseLayer fixedPosition]	
107d59f10	107d59f17	decompiled	chunks/000/functions-000023.c	-[SCAdOperaBaseLayer type]	
107d59f18	107d5a087	decompiled	chunks/000/functions-000023.c	-[SCAdOperaBaseLayer isEqual:]	
107d5a088	107d5a08f	decompiled	chunks/000/functions-000023.c	-[SCAdOperaBaseLayer isRecyclable]	
107d5a090	107d5a097	decompiled	chunks/000/functions-000023.c	-[SCAdOperaBaseLayer ctaType]	
107d5a098	107d5a09f	decompiled	chunks/000/functions-000023.c	-[SCAdOperaBaseLayer unifiedActionBarBottomOffset]	
107d5a0a0	107d5a0ab	decompiled	chunks/000/functions-000023.c	-[SCAdOperaBaseLayer .cxx_destruct]	
107d5a0ac	107d5a0f7	decompiled	chunks/000/functions-000023.c	+[SCAdOperaInteractiveAreaLayer layerWithPage:]	
107d5a0f8	107d5a28b	decompiled	chunks/000/functions-000023.c	-[SCAdOperaInteractiveAreaLayer initWithPage:]	
107d5a28c	107d5a3ef	decompiled	chunks/000/functions-000023.c	-[SCAdOperaInteractiveAreaLayer isEqual:]	
107d5a3f0	107d5a3ff	decompiled	chunks/000/functions-000023.c	-[SCAdOperaInteractiveAreaLayer interactiveAreaConfig]	
107d5a400	107d5a40f	decompiled	chunks/000/functions-000023.c	-[SCAdOperaInteractiveAreaLayer isSwipeToAttachmentRestricted]	
107d5a410	107d5a423	decompiled	chunks/000/functions-000023.c	-[SCAdOperaInteractiveAreaLayer .cxx_destruct]	
107d5a424	107d5a46f	decompiled	chunks/000/functions-000023.c	+[SCAdOperaPlaceLayer layerWithPage:]	
107d5a470	107d5a543	decompiled	chunks/000/functions-000023.c	-[SCAdOperaPlaceLayer initWithPage:]	
107d5a544	107d5a62f	decompiled	chunks/000/functions-000023.c	-[SCAdOperaPlaceLayer isEqual:]	
107d5a630	107d5a63f	decompiled	chunks/000/functions-000023.c	-[SCAdOperaPlaceLayer placeId]	
107d5a640	107d5a653	decompiled	chunks/000/functions-000023.c	-[SCAdOperaPlaceLayer .cxx_destruct]	
107d5a654	107d5a69f	decompiled	chunks/000/functions-000023.c	+[SCAdStickersViewLayer layerWithPage:]	
107d5a6a0	107d5a90f	decompiled	chunks/000/functions-000023.c	-[SCAdStickersViewLayer initWithPage:]	
107d5a910	107d5abcf	decompiled	chunks/000/functions-000023.c	-[SCAdStickersViewLayer isEqual:]	
107d5abd0	107d5abdf	decompiled	chunks/000/functions-000023.c	-[SCAdStickersViewLayer viewModel]	
107d5abe0	107d5abef	decompiled	chunks/000/functions-000023.c	-[SCAdStickersViewLayer adSpecData]	
107d5abf0	107d5abff	decompiled	chunks/000/functions-000023.c	-[SCAdStickersViewLayer adRenderData]	
107d5ac00	107d5ac0f	decompiled	chunks/000/functions-000023.c	-[SCAdStickersViewLayer adSnapIndex]	
107d5ac10	107d5ac6f	decompiled	chunks/000/functions-000023.c	-[SCAdStickersViewLayer .cxx_destruct]	
107d5ac70	107d5acbb	decompiled	chunks/000/functions-000023.c	+[SCAdTapToSkipLayer layerWithPage:]	
107d5acbc	107d5adc7	decompiled	chunks/000/functions-000023.c	-[SCAdTapToSkipLayer initWithPage:]	
107d5adc8	107d5ae9b	decompiled	chunks/000/functions-000023.c	-[SCAdTapToSkipLayer isEqual:]	
107d5ae9c	107d5aeab	decompiled	chunks/000/functions-000023.c	-[SCAdTapToSkipLayer skipRemainingSnapsMs]	
107d5aeac	107d5af0f	decompiled	chunks/000/functions-000023.c	-[SCAdTopSnapInteractionInfoStore init]	
107d5af10	107d5b3d7	decompiled	chunks/000/functions-000023.c	-[SCAdTopSnapInteractionInfoStore addInteractionForAdRequestClientId:attachmentTriggered:viewingStatusIndex:collectionItems:tileIndex:collectionItemIndex:defaultAttachmentIndex:interactionSource:interactionTimestamp:sourceRelativeLocation:screenRelativeLocation:screenLocation:scrollDepth:scrollOffset:]	
107d5b3d8	107d5b3df	decompiled	chunks/000/functions-000023.c	-[SCAdTopSnapInteractionInfoStore interactionInfosForAdRequestClientId:]	
107d5b3e0	107d5b3ef	decompiled	chunks/000/functions-000023.c	-[SCAdTopSnapInteractionInfoStore removeInteractionInfosForAdRequestClientId:]	
107d5b3f0	107d5b4d7	decompiled	chunks/000/functions-000023.c	-[SCAdTopSnapInteractionInfoStore _productIdFromCollectionItems:atIndex:defaultAttachmentIndex:]	
107d5b4d8	107d5b4e3	decompiled	chunks/000/functions-000023.c	-[SCAdTopSnapInteractionInfoStore .cxx_destruct]	
107d5b4e4	107d5b52f	decompiled	chunks/000/functions-000023.c	+[SCCameraProductOperaLayer layerWithPage:]	
107d5b530	107d5b78b	decompiled	chunks/000/functions-000023.c	-[SCCameraProductOperaLayer initWithPage:]	
107d5b78c	107d5b8cf	decompiled	chunks/000/functions-000023.c	+[SCCameraProductOperaLayer _cameraLensItemsFromItemsProperties:]	
107d5b8d0	107d5bc0b	decompiled	chunks/000/functions-000023.c	-[SCCameraProductOperaLayer isEqual:]	
107d5bc0c	107d5bc1b	decompiled	chunks/000/functions-000023.c	-[SCCameraProductOperaLayer lenses]	
107d5bc1c	107d5bc2b	decompiled	chunks/000/functions-000023.c	-[SCCameraProductOperaLayer adId]	
107d5bc2c	107d5bc3b	decompiled	chunks/000/functions-000023.c	-[SCCameraProductOperaLayer adRequestClientId]	
107d5bc3c	107d5bc4b	decompiled	chunks/000/functions-000023.c	-[SCCameraProductOperaLayer shouldSelectOurStory]	
107d5bc4c	107d5bc5b	decompiled	chunks/000/functions-000023.c	-[SCCameraProductOperaLayer shouldSelectSpotlight]	
107d5bc5c	107d5bcab	decompiled	chunks/000/functions-000023.c	-[SCCameraProductOperaLayer .cxx_destruct]	
107d5bcac	107d5bcf7	decompiled	chunks/000/functions-000023.c	+[SCOperaAdProgressBarLayer layerWithPage:]	
107d5bcf8	107d5bdcb	decompiled	chunks/000/functions-000023.c	-[SCOperaAdProgressBarLayer initWithPage:]	
107d5bdcc	107d5bef3	decompiled	chunks/000/functions-000023.c	-[SCOperaAdProgressBarLayer isEqual:]	
107d5bef4	107d5bf03	decompiled	chunks/000/functions-000023.c	-[SCOperaAdProgressBarLayer progressBarViewModel]	
107d5bf04	107d5bf17	decompiled	chunks/000/functions-000023.c	-[SCOperaAdProgressBarLayer .cxx_destruct]	
107d5bf18	107d5bf63	decompiled	chunks/000/functions-000023.c	+[SCOperaExpandButtonLayer layerWithPage:]	
107d5bf64	107d5c25b	decompiled	chunks/000/functions-000023.c	-[SCOperaExpandButtonLayer initWithPage:]	
107d5c25c	107d5c3f7	decompiled	chunks/000/functions-000023.c	-[SCOperaExpandButtonLayer isEqual:]	
107d5c3f8	107d5c407	decompiled	chunks/000/functions-000023.c	-[SCOperaExpandButtonLayer buttonText]	
107d5c408	107d5c417	decompiled	chunks/000/functions-000023.c	-[SCOperaExpandButtonLayer highlightTapArea]	
107d5c418	107d5c427	decompiled	chunks/000/functions-000023.c	-[SCOperaExpandButtonLayer actionMenuEnabled]	
107d5c428	107d5c437	decompiled	chunks/000/functions-000023.c	-[SCOperaExpandButtonLayer setActionMenuEnabled:]	
107d5c438	107d5c447	decompiled	chunks/000/functions-000023.c	-[SCOperaExpandButtonLayer isSpotlight]	
107d5c448	107d5c45b	decompiled	chunks/000/functions-000023.c	-[SCOperaExpandButtonLayer .cxx_destruct]	
107d5c45c	107d5c527	decompiled	chunks/000/functions-000023.c	-[SCCommerceOperaPluginServices initWithOperaAttachmentPluginProvider:operaScreenshopPluginProvider:operaShopScreenshopPluginProvider:]	
107d5c528	107d5c52f	decompiled	chunks/000/functions-000023.c	-[SCCommerceOperaPluginServices operaAttachmentPluginProvider]	
107d5c530	107d5c537	decompiled	chunks/000/functions-000023.c	-[SCCommerceOperaPluginServices operaScreenshopPluginProvider]	
107d5c538	107d5c53f	decompiled	chunks/000/functions-000023.c	-[SCCommerceOperaPluginServices operaShopScreenshopPluginProvider]	
107d5c540	107d5c57b	decompiled	chunks/000/functions-000023.c	-[SCCommerceOperaPluginServices .cxx_destruct]	
107d5c57c	107d5c587	decompiled	chunks/000/functions-000023.c	-[SCCommerceOperaServices .cxx_destruct]	
107d5c588	107d5c7c7	decompiled	chunks/000/functions-000023.c	-[SCOperaShowcaseLayerModel initWithTitle:productSetId:productSetToken:shopNowUrl:shopNowDeepLinkURL:adID:pixelId:serveItemId:calloutText:itemIndex:]	
107d5c7c8	107d5c7eb	decompiled	chunks/000/functions-000023.c	-[SCOperaShowcaseLayerModel copyWithZone:]	
107d5c7ec	107d5c7f3	decompiled	chunks/000/functions-000023.c	-[SCOperaShowcaseLayerModel title]	
107d5c7f4	107d5c7fb	decompiled	chunks/000/functions-000023.c	-[SCOperaShowcaseLayerModel productSetId]	
107d5c7fc	107d5c803	decompiled	chunks/000/functions-000023.c	-[SCOperaShowcaseLayerModel productSetToken]	
107d5c804	107d5c80b	decompiled	chunks/000/functions-000023.c	-[SCOperaShowcaseLayerModel shopNowUrl]	
107d5c80c	107d5c813	decompiled	chunks/000/functions-000023.c	-[SCOperaShowcaseLayerModel shopNowDeepLinkURL]	
107d5c814	107d5c81b	decompiled	chunks/000/functions-000023.c	-[SCOperaShowcaseLayerModel adID]	
107d5c81c	107d5c823	decompiled	chunks/000/functions-000023.c	-[SCOperaShowcaseLayerModel pixelId]	
107d5c824	107d5c82b	decompiled	chunks/000/functions-000023.c	-[SCOperaShowcaseLayerModel serveItemId]	
107d5c82c	107d5c833	decompiled	chunks/000/functions-000023.c	-[SCOperaShowcaseLayerModel calloutText]	
107d5c834	107d5c83b	decompiled	chunks/000/functions-000023.c	-[SCOperaShowcaseLayerModel itemIndex]	
107d5c83c	107d5c8cb	decompiled	chunks/000/functions-000023.c	-[SCOperaShowcaseLayerModel .cxx_destruct]	
107d5c8cc	107d5c93f	decompiled	chunks/000/functions-000023.c	-[SCCTChatMessagingServices initWithChatNewMessageProvider:]	
107d5c940	107d5c947	decompiled	chunks/000/functions-000023.c	-[SCCTChatMessagingServices chatNewMessageProvider]	
107d5c948	107d5c953	decompiled	chunks/000/functions-000023.c	-[SCCTChatMessagingServices .cxx_destruct]	
107d5c954	107d5cacf	decompiled	chunks/000/functions-000023.c	-[SCCTChatNewMessageProviderListenerAnnouncer description]	
107d5cad0	107d5cb2f	decompiled	chunks/000/functions-000023.c		
107d5cb30	107d5cddb	decompiled	chunks/000/functions-000023.c	-[SCCTChatNewMessageProviderListenerAnnouncer addListener:]	
107d5cddc	107d5cf1b	decompiled	chunks/000/functions-000024.c		
107d5cf1c	107d5cf63	decompiled	chunks/000/functions-000024.c		
107d5cf64	107d5d193	decompiled	chunks/000/functions-000024.c	-[SCCTChatNewMessageProviderListenerAnnouncer removeListener:]	
107d5d194	107d5d29f	decompiled	chunks/000/functions-000024.c	-[SCCTChatNewMessageProviderListenerAnnouncer chatNewMessageProvider:didReceiveNewTextMessage:]	
107d5d2a0	107d5d2c7	decompiled	chunks/000/functions-000024.c	-[SCCTChatNewMessageProviderListenerAnnouncer .cxx_destruct]	
107d5d2c8	107d5d2e7	decompiled	chunks/000/functions-000024.c	-[SCCTChatNewMessageProviderListenerAnnouncer .cxx_construct]	
107d5d2e8	107d5d2fb	decompiled	chunks/000/functions-000024.c		
107d5d2fc	107d5d353	decompiled	chunks/000/functions-000024.c		
107d5d354	107d5d363	decompiled	chunks/000/functions-000024.c		
107d5d364	107d5d383	decompiled	chunks/000/functions-000024.c		
107d5d384	107d5d3eb	decompiled	chunks/000/functions-000024.c		
107d5d3ec	107d5d3ef	decompiled	chunks/000/functions-000024.c		
107d5d3f0	107d5d763	decompiled	chunks/000/functions-000024.c	+[SCStickerFavoriteNotifications displayFavoriteNotificationForAddedToFavorites:withError:notificationPool:pageSource:stickerId:entityType:superCategoryType:indexPath:stickerPickerSessionId:isAnimated:creativeToolsMetricsServices:]	
107d5d764	107d5d7e7	decompiled	chunks/000/functions-000024.c		
107d5d7e8	107d5d863	decompiled	chunks/000/functions-000024.c		
107d5d864	107d5d86f	decompiled	chunks/000/functions-000024.c		
107d5d870	107d5da23	decompiled	chunks/000/functions-000024.c	-[SCPreviewFeatureTooltipImpl initWithConfiguration:tooltipsProvider:bounce:autoCreativeTooltip:music:timeline:autoCaptions:lensExplorer:voiceover:smartTemplate:]	
107d5da24	107d5da2b	decompiled	chunks/000/functions-000024.c	-[SCPreviewFeatureTooltipImpl responderChainPriority]	
107d5da2c	107d5da6b	decompiled	chunks/000/functions-000024.c	-[SCPreviewFeatureTooltipImpl configureWithView:]	
107d5da6c	107d5de13	decompiled	chunks/000/functions-000024.c	-[SCPreviewFeatureTooltipImpl activate]	
107d5de14	107d5de2b	decompiled	chunks/000/functions-000024.c	-[SCPreviewFeatureTooltipImpl configuration]	
107d5de2c	107d5de37	decompiled	chunks/000/functions-000024.c	-[SCPreviewFeatureTooltipImpl setConfiguration:]	
107d5de38	107d5de4f	decompiled	chunks/000/functions-000024.c	-[SCPreviewFeatureTooltipImpl tooltipsProvider]	
107d5de50	107d5de5b	decompiled	chunks/000/functions-000024.c	-[SCPreviewFeatureTooltipImpl setTooltipsProvider:]	
107d5de5c	107d5de73	decompiled	chunks/000/functions-000024.c	-[SCPreviewFeatureTooltipImpl bounce]	
107d5de74	107d5de7f	decompiled	chunks/000/functions-000024.c	-[SCPreviewFeatureTooltipImpl setBounce:]	
107d5de80	107d5de97	decompiled	chunks/000/functions-000024.c	-[SCPreviewFeatureTooltipImpl autoCreativeTooltip]	
107d5de98	107d5dea3	decompiled	chunks/000/functions-000024.c	-[SCPreviewFeatureTooltipImpl setAutoCreativeTooltip:]	
107d5dea4	107d5debb	decompiled	chunks/000/functions-000024.c	-[SCPreviewFeatureTooltipImpl music]	
107d5debc	107d5dec7	decompiled	chunks/000/functions-000024.c	-[SCPreviewFeatureTooltipImpl setMusic:]	
107d5dec8	107d5dedf	decompiled	chunks/000/functions-000024.c	-[SCPreviewFeatureTooltipImpl timeline]	
107d5dee0	107d5deeb	decompiled	chunks/000/functions-000024.c	-[SCPreviewFeatureTooltipImpl setTimeline:]	
107d5deec	107d5def3	decompiled	chunks/000/functions-000024.c	-[SCPreviewFeatureTooltipImpl autoCaptions]	
107d5def4	107d5df23	decompiled	chunks/000/functions-000024.c	-[SCPreviewFeatureTooltipImpl setAutoCaptions:]	
107d5df24	107d5df3b	decompiled	chunks/000/functions-000024.c	-[SCPreviewFeatureTooltipImpl lensExplorer]	
107d5df3c	107d5df47	decompiled	chunks/000/functions-000024.c	-[SCPreviewFeatureTooltipImpl setLensExplorer:]	
107d5df48	107d5df4f	decompiled	chunks/000/functions-000024.c	-[SCPreviewFeatureTooltipImpl voiceover]	
107d5df50	107d5df7f	decompiled	chunks/000/functions-000024.c	-[SCPreviewFeatureTooltipImpl setVoiceover:]	
107d5df80	107d5df97	decompiled	chunks/000/functions-000024.c	-[SCPreviewFeatureTooltipImpl smartTemplate]	
107d5df98	107d5dfa3	decompiled	chunks/000/functions-000024.c	-[SCPreviewFeatureTooltipImpl setSmartTemplate:]	
107d5dfa4	107d5dfbb	decompiled	chunks/000/functions-000024.c	-[SCPreviewFeatureTooltipImpl previewView]	
107d5dfbc	107d5dfc7	decompiled	chunks/000/functions-000024.c	-[SCPreviewFeatureTooltipImpl setPreviewView:]	
107d5dfc8	107d5e03f	decompiled	chunks/000/functions-000024.c	-[SCPreviewFeatureTooltipImpl .cxx_destruct]	
107d5e040	107d5e157	decompiled	chunks/000/functions-000024.c	-[SCPreviewFeatureTooltipServicesEntryPoint begin]	
107d5e158	107d5e41b	decompiled	chunks/000/functions-000024.c		
107d5e41c	107d5e4c3	decompiled	chunks/000/functions-000024.c	-[SCPreviewFeatureTooltipServicesEntryPoint .cxx_destruct]	
107d5e4c4	107d5e56f	decompiled	chunks/000/functions-000024.c	-[SCPreviewFeatureTooltipServicesPluginEntryPoint begin]	
107d5e570	107d5e5a7	decompiled	chunks/000/functions-000024.c	-[SCPreviewFeatureTooltipServicesPluginEntryPoint .cxx_destruct]	
107d5e5a8	107d5e623	decompiled	chunks/000/functions-000024.c		
107d5e624	107d5e663	decompiled	chunks/000/functions-000024.c		
107d5e664	107d5e6cb	decompiled	chunks/000/functions-000024.c		
107d5e6cc	107d5e6d3	decompiled	chunks/000/functions-000024.c		
107d5e6d4	107d5e7f3	decompiled	chunks/000/functions-000024.c	-[CTPSearchEngineConfigDefault initWithSession:strategy:]	
107d5e7f4	107d5e81b	decompiled	chunks/000/functions-000024.c	-[CTPSearchEngineConfigDefault textInputProvider]	
107d5e81c	107d5e843	decompiled	chunks/000/functions-000024.c	-[CTPSearchEngineConfigDefault session]	
107d5e844	107d5e86b	decompiled	chunks/000/functions-000024.c	-[CTPSearchEngineConfigDefault inputProvider]	
107d5e86c	107d5e893	decompiled	chunks/000/functions-000024.c	-[CTPSearchEngineConfigDefault taskScheduler]	
107d5e894	107d5e8bb	decompiled	chunks/000/functions-000024.c	-[CTPSearchEngineConfigDefault inputProcessor]	
107d5e8bc	107d5e8e3	decompiled	chunks/000/functions-000024.c	-[CTPSearchEngineConfigDefault strategy]	
107d5e8e4	107d5e90b	decompiled	chunks/000/functions-000024.c	-[CTPSearchEngineConfigDefault outputProcessor]	
107d5e90c	107d5e96b	decompiled	chunks/000/functions-000024.c	-[CTPSearchEngineConfigDefault .cxx_destruct]	
107d5e96c	107d5e993	decompiled	chunks/000/functions-000024.c	-[CTPSearchInputProcessorNoOp processInput:]	
107d5e994	107d5e9f7	decompiled	chunks/000/functions-000024.c	-[CTPSearchInputProviderText init]	
107d5e9f8	107d5e9ff	decompiled	chunks/000/functions-000024.c	-[CTPSearchInputProviderText updateText:]	
107d5ea00	107d5ea27	decompiled	chunks/000/functions-000024.c	-[CTPSearchInputProviderText getInput]	
107d5ea28	107d5ea33	decompiled	chunks/000/functions-000024.c	-[CTPSearchInputProviderText .cxx_destruct]	
107d5ea34	107d5ea5b	decompiled	chunks/000/functions-000024.c	-[CTPSearchOutputProcessorNoOp processOutput:]	
107d5ea5c	107d5ea6b	decompiled	chunks/000/functions-000024.c	-[CTPSearchSessionConfig initWithTarget:andOrigin:]	
107d5ea6c	107d5eaf3	decompiled	chunks/000/functions-000024.c	-[CTPSearchSessionConfig initWithExperimentalSections:withTarget:andOrigin:]	
107d5eaf4	107d5eafb	decompiled	chunks/000/functions-000024.c	-[CTPSearchSessionConfig updateWithExperimentalSections:]	
107d5eafc	107d5eb3b	decompiled	chunks/000/functions-000024.c	-[CTPSearchSessionConfig updateWithBitmojiOptions:]	
107d5eb3c	107d5eb7b	decompiled	chunks/000/functions-000024.c	-[CTPSearchSessionConfig updateWithCameoOptions:]	
107d5eb7c	107d5eb83	decompiled	chunks/000/functions-000024.c	-[CTPSearchSessionConfig origin]	
107d5eb84	107d5eb8f	decompiled	chunks/000/functions-000024.c	-[CTPSearchSessionConfig filteredSections]	
107d5eb90	107d5eb97	decompiled	chunks/000/functions-000024.c	-[CTPSearchSessionConfig ctpTarget]	
107d5eb98	107d5eba3	decompiled	chunks/000/functions-000024.c	-[CTPSearchSessionConfig languages]	
107d5eba4	107d5eba7	decompiled	chunks/000/functions-000024.c	-[CTPSearchSessionConfig resultTypeOptions]	
107d5eba8	107d5ebe3	decompiled	chunks/000/functions-000024.c	-[CTPSearchSessionConfig bitmojiOptions]	
107d5ebe4	107d5ec1f	decompiled	chunks/000/functions-000024.c	-[CTPSearchSessionConfig cameoOptions]	
107d5ec20	107d5ec4f	decompiled	chunks/000/functions-000024.c	-[CTPSearchSessionConfig .cxx_destruct]	
107d5ec50	107d5ec97	decompiled	chunks/000/functions-000024.c	-[CTPSearchTaskSchedulerDebounce initWithDelay:]	
107d5ec98	107d5eca3	decompiled	chunks/000/functions-000024.c	-[CTPSearchTaskSchedulerDebounce scheduleTask:]	
107d5eca4	107d5eccb	decompiled	chunks/000/functions-000024.c	-[CTPSearchTaskSchedulerImmediate scheduleTask:]	
107d5eccc	107d5eceb	decompiled	chunks/000/functions-000024.c		
107d5ecec	107d5ee3b	decompiled	chunks/000/functions-000024.c		
107d5ee3c	107d5effb	decompiled	chunks/000/functions-000024.c		
107d5effc	107d5f16f	decompiled	chunks/000/functions-000024.c	-[SCNMessagingMessage storyReplyCtItemInstance]	
107d5f170	107d5f58b	decompiled	chunks/000/functions-000024.c		
107d5f58c	107d5f6d3	decompiled	chunks/000/functions-000024.c		
107d5f6d4	107d5f7fb	decompiled	chunks/000/functions-000024.c		
107d5f7fc	107d5fd4b	decompiled	chunks/000/functions-000024.c		
107d5fd4c	107d6046f	decompiled	chunks/000/functions-000024.c		
107d60470	107d604b3	decompiled	chunks/000/functions-000024.c		
107d604b4	107d605f7	decompiled	chunks/000/functions-000024.c		
107d605f8	107d6072f	decompiled	chunks/000/functions-000024.c		
107d60730	107d60797	decompiled	chunks/000/functions-000024.c		
107d60798	107d609e3	decompiled	chunks/000/functions-000024.c		
107d609e4	107d60a87	decompiled	chunks/000/functions-000024.c		
107d60a88	107d60b57	decompiled	chunks/000/functions-000024.c		
107d60b58	107d612e3	decompiled	chunks/000/functions-000024.c		
107d612e4	107d614db	decompiled	chunks/000/functions-000025.c		
107d614dc	107d6151b	decompiled	chunks/000/functions-000025.c		
107d6151c	107d616a7	decompiled	chunks/000/functions-000025.c		
107d616a8	107d61833	decompiled	chunks/000/functions-000025.c		
107d61834	107d618c3	decompiled	chunks/000/functions-000025.c		
107d618c4	107d619c7	decompiled	chunks/000/functions-000025.c		
107d619c8	107d621f3	decompiled	chunks/000/functions-000025.c		
107d621f4	107d624a7	decompiled	chunks/000/functions-000025.c		
107d624a8	107d62513	decompiled	chunks/000/functions-000025.c	-[SCNMessagingConversation isCampaignConversation]	
107d62514	107d62573	decompiled	chunks/000/functions-000025.c	-[SCNMessagingConversation isCampaignResponseInteractionDisabled]	
107d62574	107d625d7	decompiled	chunks/000/functions-000025.c	-[SCNMessagingConversation adResponseBytes]	
107d625d8	107d6263b	decompiled	chunks/000/functions-000025.c	-[SCNMessagingConversation chatHeadline]	
107d6263c	107d62657	decompiled	chunks/000/functions-000025.c	-[SCNMessagingConversation isCommunity]	
107d62658	107d626b3	decompiled	chunks/000/functions-000025.c	-[SCNMessagingConversation communityId]	
107d626b4	107d626f7	decompiled	chunks/000/functions-000025.c	-[SCNMessagingConversation conversationIdString]	
107d626f8	107d62737	decompiled	chunks/000/functions-000025.c	-[SCNMessagingConversation hasSummarizedUserListsEnabled]	
107d62738	107d62753	decompiled	chunks/000/functions-000025.c	-[SCNMessagingConversation isGroupConversation]	
107d62754	107d62903	decompiled	chunks/000/functions-000025.c	-[SCNMessagingConversation recipientUserIdForOneOnOneWithCurrentUserId:]	
107d62904	107d62953	decompiled	chunks/000/functions-000025.c	-[SCNMessagingConversation readRetentionInMinutes]	
107d62954	107d629bf	decompiled	chunks/000/functions-000025.c	-[SCNMessagingConversation messageRetentionInMinutes]	
107d629c0	107d62a6f	decompiled	chunks/000/functions-000025.c	-[SCNMessagingConversation messageRetentionMode]	
107d62a70	107d62aa7	decompiled	chunks/000/functions-000025.c	-[SCNMessagingConversation isLockedConversation]	
107d62aa8	107d62ac3	decompiled	chunks/000/functions-000025.c	-[SCNMessagingConversation isAckedLockedConversation]	
107d62ac4	107d62b2b	decompiled	chunks/000/functions-000025.c	-[SCNMessagingConversation conversationSubtype]	
107d62b2c	107d62c8f	decompiled	chunks/000/functions-000025.c		
107d62c90	107d62ceb	decompiled	chunks/000/functions-000025.c		
107d62cec	107d62d37	decompiled	chunks/000/functions-000025.c	-[SCNMessagingMessage isChatReply]	
107d62d38	107d62daf	decompiled	chunks/000/functions-000025.c	-[SCNMessagingMessage isQuotedMessageAvailable]	
107d62db0	107d62e4b	decompiled	chunks/000/functions-000025.c	-[SCNMessagingMessage chatReplySenderId]	
107d62e4c	107d62efb	decompiled	chunks/000/functions-000025.c	-[SCNMessagingMessage chatReplyMessageId]	
107d62efc	107d62fd7	decompiled	chunks/000/functions-000025.c	-[SCNMessagingMessage chatReplyIsOpenedBy:]	
107d62fd8	107d6304b	decompiled	chunks/000/functions-000025.c	-[SCNMessagingMessage chatReplyIsSaved]	
107d6304c	107d630df	decompiled	chunks/000/functions-000025.c	-[SCNMessagingMessage chatReplyIsViewableAfterOpening]	
107d630e0	107d631a3	decompiled	chunks/000/functions-000025.c	-[SCNMessagingMessage hasQuotedSnapMessage]	
107d631a4	107d6323f	decompiled	chunks/000/functions-000025.c	-[SCNMessagingMessage isQuotedViewableSnap:]	
107d63240	107d632e3	decompiled	chunks/000/functions-000025.c	-[SCNMessagingMessage quotedContents]	
107d632e4	107d6335b	decompiled	chunks/000/functions-000025.c	-[SCNMessagingMessage consistentId]	
107d6335c	107d6339f	decompiled	chunks/000/functions-000025.c	-[SCNMessagingMessage analyticsMessageId]	
107d633a0	107d63403	decompiled	chunks/000/functions-000025.c	-[SCNMessagingMessage conversationId]	
107d63404	107d6343f	decompiled	chunks/000/functions-000025.c	-[SCNMessagingMessage type]	
107d63440	107d6347b	decompiled	chunks/000/functions-000025.c	-[SCNMessagingMessage mediaType]	
107d6347c	107d63637	decompiled	chunks/000/functions-000025.c	-[SCNMessagingMessage mediaForId:]	
107d63638	107d637c3	decompiled	chunks/000/functions-000025.c	-[SCNMessagingMessage replyMedia]	
107d637c4	107d63817	decompiled	chunks/000/functions-000025.c	-[SCNMessagingMessage hasSpectaclesMedia]	
107d63818	107d639c3	decompiled	chunks/000/functions-000025.c	-[SCNMessagingMessage reactionsForUserId:]	
107d639c4	107d63cab	decompiled	chunks/000/functions-000025.c	-[SCNMessagingMessage reactionIdForUserId:reactionContent:]	
107d63cac	107d63dd3	decompiled	chunks/000/functions-000025.c	-[SCNMessagingMessage isReactionReadBySelfFromParticipant:]	
107d63dd4	107d63e0f	decompiled	chunks/000/functions-000025.c	-[SCNMessagingMessage isReactable]	
107d63e10	107d63e53	decompiled	chunks/000/functions-000025.c	-[SCNMessagingMessage reactions]	
107d63e54	107d64033	decompiled	chunks/000/functions-000025.c	-[SCNMessagingMessage hasUnreadReactionForLatestSeenReactionId:currentUserId:]	
107d64034	107d6418b	decompiled	chunks/000/functions-000025.c	-[SCNMessagingMessage numberOfBitmojiReactions]	
107d6418c	107d642ef	decompiled	chunks/000/functions-000025.c	-[SCNMessagingMessage numberOfEmojiReactions]	
107d642f0	107d643a3	decompiled	chunks/000/functions-000025.c	-[SCNMessagingMessage savedStoryPosterId]	
107d643a4	107d6442b	decompiled	chunks/000/functions-000025.c	-[SCNMessagingMessage isSavedStoryMediaPresent]	
107d6442c	107d644bb	decompiled	chunks/000/functions-000025.c	-[SCNMessagingMessage isSavedStoryMediaImage]	
107d644bc	107d64607	decompiled	chunks/000/functions-000025.c		
107d64608	107d64697	decompiled	chunks/000/functions-000025.c	-[SCNMessagingMessage isSnapMessage]	
107d64698	107d64713	decompiled	chunks/000/functions-000025.c	-[SCNMessagingMessage isOpenedAndViewableSnapForUser:]	
107d64714	107d6476b	decompiled	chunks/000/functions-000025.c	-[SCNMessagingMessage isOpenedSnapForUser:]	
107d6476c	107d64817	decompiled	chunks/000/functions-000025.c	-[SCNMessagingMessage isSavedSnapViewedByUser:]	
107d64818	107d6484b	decompiled	chunks/000/functions-000025.c	-[SCNMessagingMessage isSavedImageSnapViewedByUser:]	
107d6484c	107d64abf	decompiled	chunks/000/functions-000025.c	-[SCNMessagingMessage snapState]	
107d64ac0	107d64b3b	decompiled	chunks/000/functions-000025.c	-[SCNMessagingMessage snapMetadata]	
107d64b3c	107d64b9f	decompiled	chunks/000/functions-000025.c	-[SCNMessagingMessage provenance]	
107d64ba0	107d64c03	decompiled	chunks/000/functions-000025.c	-[SCNMessagingMessage timing]	
107d64c04	107d64c67	decompiled	chunks/000/functions-000025.c	-[SCNMessagingMessage playback]	
107d64c68	107d64d07	decompiled	chunks/000/functions-000025.c	-[SCNMessagingMessage isPlayable]	
107d64d08	107d64da7	decompiled	chunks/000/functions-000025.c	-[SCNMessagingMessage isDownloadable]	
107d64da8	107d64de3	decompiled	chunks/000/functions-000025.c	-[SCNMessagingMessage canBeReplayed]	
107d64de4	107d64e73	decompiled	chunks/000/functions-000025.c	-[SCNMessagingMessage isLoadedReplayableBySelf:]	
107d64e74	107d64ed3	decompiled	chunks/000/functions-000025.c	-[SCNMessagingMessage isReplayed]	
107d64ed4	107d64f13	decompiled	chunks/000/functions-000025.c	-[SCNMessagingMessage isViewing]	
107d64f14	107d64f73	decompiled	chunks/000/functions-000025.c	-[SCNMessagingMessage isScreenshotted]	
107d64f74	107d64fff	decompiled	chunks/000/functions-000025.c	-[SCNMessagingMessage replayCountForViewer:]	
107d65000	107d6508f	decompiled	chunks/000/functions-000025.c	-[SCNMessagingMessage isSnapSentFromDweb]	
107d65090	107d650ef	decompiled	chunks/000/functions-000025.c	-[SCNMessagingMessage isViewableAfterOpening]	
107d650f0	107d65163	decompiled	chunks/000/functions-000025.c	-[SCNMessagingMessage isMultiSnap]	
107d65164	107d65207	decompiled	chunks/000/functions-000025.c	-[SCNMessagingMessage isLastSnapInMultiSnap]	
107d65208	107d65297	decompiled	chunks/000/functions-000025.c	-[SCNMessagingMessage isFirstSnapInMultiSnap]	
107d65298	107d6549f	decompiled	chunks/000/functions-000025.c	-[SCNMessagingMessage isGenAISnap]	
107d654a0	107d656db	decompiled	chunks/000/functions-000025.c		
107d656dc	107d658a3	decompiled	chunks/000/functions-000025.c	-[SCNMessagingMessage mediaOrigin]	
107d658a4	107d65bf7	decompiled	chunks/000/functions-000025.c	-[SCNMessagingMessage _mediaOrigin:]	
107d65bf8	107d65d87	decompiled	chunks/000/functions-000025.c	-[SCNMessagingMessage replayParticipants]	
107d65d88	107d65f17	decompiled	chunks/000/functions-000025.c	-[SCNMessagingMessage replayAgainParticipants]	
107d65f18	107d65f33	decompiled	chunks/000/functions-000025.c		
107d65f34	107d65f4b	decompiled	chunks/000/functions-000025.c		
107d65f4c	107d65f7b	decompiled	chunks/000/functions-000025.c		
107d65f7c	107d65f83	decompiled	chunks/000/functions-000025.c		
107d65f84	107d65fcb	decompiled	chunks/000/functions-000025.c		
107d65fcc	107d66157	decompiled	chunks/000/functions-000025.c		
107d66158	107d662eb	decompiled	chunks/000/functions-000025.c		
107d662ec	107d6647b	decompiled	chunks/000/functions-000025.c	+[SCNMessagingMessage shouldShowSnapMeReplyAddToStoryForMessageSenderId:conversationId:currentUserId:]	
107d6647c	107d665ff	decompiled	chunks/000/functions-000025.c	-[SCNMessagingMessage isSnapMeReplyMessage]	
107d66600	107d66743	decompiled	chunks/000/functions-000025.c	-[SCNMessagingMessage snapMeReplyOriginalSnapId]	
107d66744	107d667d3	decompiled	chunks/000/functions-000025.c	-[SCNMessagingMessage isSnapMeReplyToPublicStory]	
107d667d4	107d669e7	decompiled	chunks/000/functions-000025.c	-[SCNMessagingMessage shouldUseSnapMeReplyPluginForCurrentUserId:]	
107d669e8	107d66a27	decompiled	chunks/000/functions-000025.c	-[SCNMessagingMessage isSponsoredSnap]	
107d66a28	107d66aa3	decompiled	chunks/000/functions-000025.c	-[SCNMessagingMessage sponsoredSnapAdResponse]	
107d66aa4	107d66b53	decompiled	chunks/000/functions-000025.c	-[SCNMessagingMessage canBeSaved]	
107d66b54	107d66bb3	decompiled	chunks/000/functions-000026.c	-[SCNMessagingMessage isSaved]	
107d66bb4	107d66d13	decompiled	chunks/000/functions-000026.c	-[SCNMessagingMessage isSavedByParticipant:]	
107d66d14	107d66d77	decompiled	chunks/000/functions-000026.c	-[SCNMessagingMessage savedParticipants]	
107d66d78	107d66d7f	decompiled	chunks/000/functions-000026.c		
107d66d80	107d66de7	decompiled	chunks/000/functions-000026.c	-[SCNMessagingMessage canBeErased]	
107d66de8	107d66e47	decompiled	chunks/000/functions-000026.c	-[SCNMessagingMessage isErased]	
107d66e48	107d66e63	decompiled	chunks/000/functions-000026.c	-[SCNMessagingMessage isSent]	
107d66e64	107d66e9b	decompiled	chunks/000/functions-000026.c	-[SCNMessagingMessage isSendingOrHasFailed]	
107d66e9c	107d66ec7	decompiled	chunks/000/functions-000026.c	-[SCNMessagingMessage failedToSend]	
107d66ec8	107d66ee7	decompiled	chunks/000/functions-000026.c	-[SCNMessagingMessage sending]	
107d66ee8	107d66f63	decompiled	chunks/000/functions-000026.c	-[SCNMessagingMessage isSentBy:]	
107d66f64	107d66fef	decompiled	chunks/000/functions-000026.c	-[SCNMessagingMessage isOpenedBy:]	
107d66ff0	107d6707b	decompiled	chunks/000/functions-000026.c	-[SCNMessagingMessage isOpenedByOtherThan:]	
107d6707c	107d67107	decompiled	chunks/000/functions-000026.c	-[SCNMessagingMessage isReleasedBy:]	
107d67108	107d67167	decompiled	chunks/000/functions-000026.c	-[SCNMessagingMessage isReadBy:]	
107d67168	107d671eb	decompiled	chunks/000/functions-000026.c	-[SCNMessagingMessage readByParticipants]	
107d671ec	107d671f3	decompiled	chunks/000/functions-000026.c		
107d671f4	107d672a7	decompiled	chunks/000/functions-000026.c	-[SCNMessagingMessage isOneTimeOnly]	
107d672a8	107d6735f	decompiled	chunks/000/functions-000026.c	-[SCNMessagingMessage isSelfDestruct]	
107d67360	107d6744b	decompiled	chunks/000/functions-000026.c	-[SCNMessagingMessage hasSelfDestructed]	
107d6744c	107d6756f	decompiled	chunks/000/functions-000026.c	-[SCNMessagingMessage actionPerformingUserId]	
107d67570	107d675ff	decompiled	chunks/000/functions-000026.c	-[SCNMessagingMessage isStickerMessage]	
107d67600	107d6765b	decompiled	chunks/000/functions-000026.c	-[SCNMessagingMessage isStickerReaction]	
107d6765c	107d676ab	decompiled	chunks/000/functions-000026.c	-[SCNMessagingMessage messagingSticker]	
107d676ac	107d6777b	decompiled	chunks/000/functions-000026.c	-[SCNMessagingMessage _messagingStickerForContents:]	
107d6777c	107d6786f	decompiled	chunks/000/functions-000026.c	-[SCNMessagingMessage ctpItemInstance]	
107d67870	107d67927	decompiled	chunks/000/functions-000026.c	-[SCNMessagingMessage quotedCtpItemInstance]	
107d67928	107d67943	decompiled	chunks/000/functions-000026.c	-[SCNMessagingMessage isBloopMessage]	
107d67944	107d67a5b	decompiled	chunks/000/functions-000026.c	-[SCNMessagingMessage cameoStickerId]	
107d67a5c	107d67c93	decompiled	chunks/000/functions-000026.c	-[SCNMessagingMessage isBitmojiSticker]	
107d67c94	107d67de3	decompiled	chunks/000/functions-000026.c		
107d67de4	107d67e57	decompiled	chunks/000/functions-000026.c	-[SCNMessagingMessage isStoryReplyMessage]	
107d67e58	107d67edf	decompiled	chunks/000/functions-000026.c	-[SCNMessagingMessage isStoryReplyMediaDeleted]	
107d67ee0	107d67f67	decompiled	chunks/000/functions-000026.c	-[SCNMessagingMessage isStoryReplyMediaPresent]	
107d67f68	107d67fe3	decompiled	chunks/000/functions-000026.c	-[SCNMessagingMessage storyReplyMediaOwnerId]	
107d67fe4	107d68027	decompiled	chunks/000/functions-000026.c	-[SCNMessagingMessage storyReplySnapStoryId]	
107d68028	107d680eb	decompiled	chunks/000/functions-000026.c	-[SCNMessagingMessage isExternalMediaStoryReply]	
107d680ec	107d6816f	decompiled	chunks/000/functions-000026.c	-[SCNMessagingMessage storyReplyOriginalSnapId]	
107d68170	107d68227	decompiled	chunks/000/functions-000026.c	-[SCNMessagingMessage hasCancelledStream]	
107d68228	107d6832b	decompiled	chunks/000/functions-000026.c	-[SCNMessagingMessage hasSuccessfulStream]	
107d6832c	107d683bf	decompiled	chunks/000/functions-000026.c	-[SCNMessagingMessage isIncompleteBotResponse]	
107d683c0	107d68487	decompiled	chunks/000/functions-000026.c	-[SCNMessagingMessage textContent]	
107d68488	107d684cb	decompiled	chunks/000/functions-000026.c	-[SCNMessagingMessage text]	
107d684cc	107d685bf	decompiled	chunks/000/functions-000026.c	-[SCNMessagingMessage getUrls]	
107d685c0	107d68713	decompiled	chunks/000/functions-000026.c		
107d68714	107d68807	decompiled	chunks/000/functions-000026.c	-[SCNMessagingMessage getAddresses]	
107d68808	107d6894f	decompiled	chunks/000/functions-000026.c		
107d68950	107d68a7b	decompiled	chunks/000/functions-000026.c	-[SCNMessagingMessage textFormatAttributes:]	
107d68a7c	107d68e2f	decompiled	chunks/000/functions-000026.c		
107d68e30	107d68f23	decompiled	chunks/000/functions-000026.c	-[SCNMessagingMessage mentionedNonParticipantsUserIds]	
107d68f24	107d69053	decompiled	chunks/000/functions-000026.c		
107d69054	107d69147	decompiled	chunks/000/functions-000026.c	-[SCNMessagingMessage textMediaAttributes]	
107d69148	107d69457	decompiled	chunks/000/functions-000026.c		
107d69458	107d69643	decompiled	chunks/000/functions-000026.c	-[SCNMessagingMessage hasMentionForUserId:]	
107d69644	107d696d3	decompiled	chunks/000/functions-000026.c	-[SCNMessagingMessage isChatMediaMessage]	
107d696d4	107d6970b	decompiled	chunks/000/functions-000026.c	-[SCNMessagingMessage isSingleImageOrVideoChatMedia]	
107d6970c	107d697a7	decompiled	chunks/000/functions-000026.c	-[SCNMessagingMessage isSingleImageChatMedia]	
107d697a8	107d69833	decompiled	chunks/000/functions-000026.c	-[SCNMessagingMessage isSingleNonSpectaclesImageChatMedia]	
107d69834	107d698cf	decompiled	chunks/000/functions-000026.c	-[SCNMessagingMessage _isSingleVideoChatMedia]	
107d698d0	107d6999b	decompiled	chunks/000/functions-000026.c	-[SCNMessagingMessage isOnePersonFriendCameo]	
107d6999c	107d699db	decompiled	chunks/000/functions-000026.c	-[SCNMessagingMessage isStatusMessage]	
107d699dc	107d69a1b	decompiled	chunks/000/functions-000026.c	-[SCNMessagingMessage isTextMessage]	
107d69a1c	107d69aef	decompiled	chunks/000/functions-000026.c	-[SCNMessagingMessage isSystemConversationRetentionMessage]	
107d69af0	107d69b67	decompiled	chunks/000/functions-000026.c	-[SCNMessagingMessage isSpotlightStoryShareMessage]	
107d69b68	107d69bdf	decompiled	chunks/000/functions-000026.c	-[SCNMessagingMessage isLensSpotlightStoryShareMessage]	
107d69be0	107d69c3f	decompiled	chunks/000/functions-000026.c	-[SCNMessagingMessage isSavedFriendStoryMessage]	
107d69c40	107d69c9f	decompiled	chunks/000/functions-000026.c	-[SCNMessagingMessage isSpotlightCommentShareMessage]	
107d69ca0	107d69cbb	decompiled	chunks/000/functions-000026.c	-[SCNMessagingMessage hasUnknownReleasePolicy]	
107d69cbc	107d69cfb	decompiled	chunks/000/functions-000026.c	-[SCNMessagingMessage isPromptLensResponseMessage]	
107d69cfc	107d69dcb	decompiled	chunks/000/functions-000026.c	-[SCNMessagingMessage snapchatterUserId]	
107d69dcc	107d69e47	decompiled	chunks/000/functions-000026.c	-[SCNMessagingMessage isContentShareMessage]	
107d69e48	107d69e87	decompiled	chunks/000/functions-000026.c	-[SCNMessagingMessage isTinySnapMessage]	
107d69e88	107d69ea3	decompiled	chunks/000/functions-000026.c	-[SCNMessagingMessage isInfiniteMessage]	
107d69ea4	107d69f1b	decompiled	chunks/000/functions-000026.c	-[SCNMessagingMessage isKickedUserScreenCapture]	
107d69f1c	107d69f93	decompiled	chunks/000/functions-000026.c	-[SCNMessagingMessage isScreenRecording]	
107d69f94	107d6a00b	decompiled	chunks/000/functions-000026.c	-[SCNMessagingMessage isErasedSnapStatusMessage]	
107d6a00c	107d6a07f	decompiled	chunks/000/functions-000026.c	-[SCNMessagingMessage isBitmojiUserShare]	
107d6a080	107d6a0f7	decompiled	chunks/000/functions-000026.c	-[SCNMessagingMessage isBotWelcomeCardMessage]	
107d6a0f8	107d6a16f	decompiled	chunks/000/functions-000026.c	-[SCNMessagingMessage _isSpotlightStoryShareSourceFeedLenses]	
107d6a170	107d6a25f	decompiled	chunks/000/functions-000026.c	-[SCNMessagingMessage isVoiceNote]	
107d6a260	107d6a403	decompiled	chunks/000/functions-000026.c	-[SCNMessagingMessage voiceNoteDurationMS]	
107d6a404	107d6a4bb	decompiled	chunks/000/functions-000026.c	-[SCNMessagingQuotedMessage contents]	
107d6a4bc	107d6a4ff	decompiled	chunks/000/functions-000026.c	-[SCNMessagingQuotedMessage media]	
107d6a500	107d6a7a7	decompiled	chunks/000/functions-000026.c	-[SCNMessagingQuotedMessage medias]	
107d6a7a8	107d6a83b	decompiled	chunks/000/functions-000026.c	-[SCNMessagingQuotedMessage isSentOrReceivedSnapOpened:isSelfConversation:]	
107d6a83c	107d6a8bb	decompiled	chunks/000/functions-000026.c	-[SCNMessagingQuotedMessage _isOpenedByAtLeastOneRecipient]	
107d6a8bc	107d6a943	decompiled	chunks/000/functions-000026.c	-[SCNMessagingQuotedMessage _isOpenedBy:]	
107d6a944	107d6a9e7	decompiled	chunks/000/functions-000026.c	-[SCNMessagingQuotedMessage _isOpenedBySender]	
107d6a9e8	107d6aa4b	decompiled	chunks/000/functions-000026.c	-[SCNMessagingQuotedMessage _messageSender]	
107d6aa4c	107d6ad3b	decompiled	chunks/000/functions-000026.c		
107d6ad3c	107d6ae13	decompiled	chunks/000/functions-000026.c		
107d6ae14	107d6ae73	decompiled	chunks/000/functions-000026.c		
107d6ae74	107d6ae7b	decompiled	chunks/000/functions-000026.c		
107d6ae7c	107d6b0af	decompiled	chunks/000/functions-000026.c		
107d6b0b0	107d6b0b7	decompiled	chunks/000/functions-000026.c		
107d6b0b8	107d6b14b	decompiled	chunks/000/functions-000026.c		
107d6b14c	107d6b2eb	decompiled	chunks/000/functions-000026.c		
107d6b2ec	107d6b30b	decompiled	chunks/000/functions-000026.c		
107d6b30c	107d6b607	decompiled	chunks/000/functions-000026.c		
107d6b608	107d6b643	decompiled	chunks/000/functions-000026.c		
107d6b644	107d6b6f3	decompiled	chunks/000/functions-000027.c	-[SCNativeLocalMediaReference initWithCoder:]	
107d6b6f4	107d6b783	decompiled	chunks/000/functions-000027.c	-[SCNativeLocalMediaReference initWithMediaId:mediaType:hasAudio:]	
107d6b784	107d6b7a7	decompiled	chunks/000/functions-000027.c	-[SCNativeLocalMediaReference copyWithZone:]	
107d6b7a8	107d6b81b	decompiled	chunks/000/functions-000027.c	-[SCNativeLocalMediaReference encodeWithCoder:]	
107d6b81c	107d6b897	decompiled	chunks/000/functions-000027.c	-[SCNativeLocalMediaReference hash]	
107d6b898	107d6b947	decompiled	chunks/000/functions-000027.c	-[SCNativeLocalMediaReference isEqual:]	
107d6b948	107d6b94f	decompiled	chunks/000/functions-000027.c	-[SCNativeLocalMediaReference mediaId]	
107d6b950	107d6b957	decompiled	chunks/000/functions-000027.c	-[SCNativeLocalMediaReference mediaType]	
107d6b958	107d6b95f	decompiled	chunks/000/functions-000027.c	-[SCNativeLocalMediaReference hasAudio]	
107d6b960	107d6b96b	decompiled	chunks/000/functions-000027.c	-[SCNativeLocalMediaReference .cxx_destruct]	
107d6b96c	107d6baa7	decompiled	chunks/000/functions-000027.c	-[SCPlatformLocalMediaReference initWithCoder:]	
107d6baa8	107d6bbb3	decompiled	chunks/000/functions-000027.c	-[SCPlatformLocalMediaReference initWithNativeLocalMediaReference:mediaId:mediaListId:associatedValue:mediaReferenceType:mediaUploadMethod:mediaQualityType:mediaRole:]	
107d6bbb4	107d6bbd7	decompiled	chunks/000/functions-000027.c	-[SCPlatformLocalMediaReference copyWithZone:]	
107d6bbd8	107d6bcaf	decompiled	chunks/000/functions-000027.c	-[SCPlatformLocalMediaReference encodeWithCoder:]	
107d6bcb0	107d6bd57	decompiled	chunks/000/functions-000027.c	-[SCPlatformLocalMediaReference hash]	
107d6bd58	107d6be67	decompiled	chunks/000/functions-000027.c	-[SCPlatformLocalMediaReference isEqual:]	
107d6be68	107d6be6f	decompiled	chunks/000/functions-000027.c	-[SCPlatformLocalMediaReference nativeLocalMediaReference]	
107d6be70	107d6be77	decompiled	chunks/000/functions-000027.c	-[SCPlatformLocalMediaReference mediaId]	
107d6be78	107d6be7f	decompiled	chunks/000/functions-000027.c	-[SCPlatformLocalMediaReference mediaListId]	
107d6be80	107d6be87	decompiled	chunks/000/functions-000027.c	-[SCPlatformLocalMediaReference associatedValue]	
107d6be88	107d6be8f	decompiled	chunks/000/functions-000027.c	-[SCPlatformLocalMediaReference mediaReferenceType]	
107d6be90	107d6be97	decompiled	chunks/000/functions-000027.c	-[SCPlatformLocalMediaReference mediaUploadMethod]	
107d6be98	107d6be9f	decompiled	chunks/000/functions-000027.c	-[SCPlatformLocalMediaReference mediaQualityType]	
107d6bea0	107d6bea7	decompiled	chunks/000/functions-000027.c	-[SCPlatformLocalMediaReference mediaRole]	
107d6bea8	107d6bee3	decompiled	chunks/000/functions-000027.c	-[SCPlatformLocalMediaReference .cxx_destruct]	
107d6bee4	107d6beef	decompiled	chunks/000/functions-000027.c	-[SCMessagePresendUploadPluginScope .cxx_destruct]	
107d6bef0	107d6bf53	decompiled	chunks/000/functions-000027.c		
107d6bf54	107d6c0ab	decompiled	chunks/000/functions-000027.c		
107d6c0ac	107d6c10f	decompiled	chunks/000/functions-000027.c		
107d6c110	107d6c22f	decompiled	chunks/000/functions-000027.c		
107d6c230	107d6c253	decompiled	chunks/000/functions-000027.c		
107d6c254	107d6c323	decompiled	chunks/000/functions-000027.c	-[SCMessagingUUID toString]	
107d6c324	107d6c3f7	decompiled	chunks/000/functions-000027.c	+[SCCreativeToolsVideoTrackingUtils trajectoryManagerForTrajectoryState:isTimedTrajectory:videoTrackingServices:videoTracker:bounceEnabled:videoPlaybackFeature:]	
107d6c3f8	107d6c403	decompiled	chunks/000/functions-000027.c		
107d6c404	107d6c4d7	decompiled	chunks/000/functions-000027.c	+[SCCreativeToolsVideoTrackingUtils trajectoryManagerForTrajectoryState:isTimedTrajectory:videoTrackingServices:videoTracker:bounceEnabled:videoPlayback:]	
107d6c4d8	107d6c4e3	decompiled	chunks/000/functions-000027.c		
107d6c4e4	107d6c6e3	decompiled	chunks/000/functions-000027.c	+[SCCreativeToolsVideoTrackingUtils _trajectoryManagerForTrajectoryState:isTimedTrajectory:videoTrackingServices:videoTracker:bounceEnabled:listenerHandlingBlock:]	
107d6c6e4	107d6c6ef	decompiled	chunks/000/functions-000027.c	-[SCUserPreferenceTimeProviderServices .cxx_destruct]	
107d6c6f0	107d6c82f	decompiled	chunks/000/functions-000027.c	+[SCStickerContainer renderableEmojiWithEmoji:]	
107d6c830	107d6cadf	decompiled	chunks/000/functions-000027.c		
107d6cae0	107d6cc37	decompiled	chunks/000/functions-000027.c	-[SCStickerContainer initWithFrame:stickerInjector:itemViewService:]	
107d6cc38	107d6cc8f	decompiled	chunks/000/functions-000027.c	-[SCStickerContainer stickerViewsWithType:]	
107d6cc90	107d6ccd7	decompiled	chunks/000/functions-000027.c		
107d6ccd8	107d6ce03	decompiled	chunks/000/functions-000027.c	-[SCStickerContainer hasNonTrackingStaticSticker]	
107d6ce04	107d6cf2f	decompiled	chunks/000/functions-000027.c	-[SCStickerContainer hasNonTrackingAnimatedSticker]	
107d6cf30	107d6cf73	decompiled	chunks/000/functions-000027.c	-[SCStickerContainer animatedStickerCount]	
107d6cf74	107d6cf7b	decompiled	chunks/000/functions-000027.c		
107d6cf7c	107d6d17f	decompiled	chunks/000/functions-000027.c	-[SCStickerContainer drawStaticStickersScreenshotImageInCurrentContextWithRect:]	
107d6d180	107d6d1d3	decompiled	chunks/000/functions-000027.c	-[SCStickerContainer _exportRenderableSubviews]	
107d6d1d4	107d6d28f	decompiled	chunks/000/functions-000027.c		
107d6d290	107d6d587	decompiled	chunks/000/functions-000027.c	-[SCStickerContainer videoTrackedImagesForTrackingStickersWithCroppingAspectRatio:]	
107d6d588	107d6d6db	decompiled	chunks/000/functions-000027.c		
107d6d6dc	107d6d9af	decompiled	chunks/000/functions-000027.c	-[SCStickerContainer videoTrackedImagesForNonTrackingStickersWithCroppingAspectRatio:]	
107d6d9b0	107d6dc47	decompiled	chunks/000/functions-000027.c		
107d6dc48	107d6dcb7	decompiled	chunks/000/functions-000027.c	-[SCStickerContainer stickerCount]	
107d6dcb8	107d6dcfb	decompiled	chunks/000/functions-000027.c	-[SCStickerContainer stickerEditCount]	
107d6dcfc	107d6dd17	decompiled	chunks/000/functions-000027.c		
107d6dd18	107d6de6f	decompiled	chunks/000/functions-000027.c	-[SCStickerContainer unfinishedTrackingStickerCount]	
107d6de70	107d6de77	decompiled	chunks/000/functions-000027.c	-[SCStickerContainer stickerViews]	
107d6de78	107d6e0cf	decompiled	chunks/000/functions-000027.c	-[SCStickerContainer _filteredStickerViewsUsingBlock:]	
107d6e0d0	107d6e37b	decompiled	chunks/000/functions-000027.c	-[SCStickerContainer stickersStateIncludingStatic:tracking:supportedFlows:]	
107d6e37c	107d6e4c7	decompiled	chunks/000/functions-000027.c	-[SCStickerContainer setStickersHiddenState:includeCustomSticker:]	
107d6e4c8	107d6e8fb	decompiled	chunks/000/functions-000027.c	-[SCStickerContainer setStickersState:configuration:completionBlock:]	
107d6e8fc	107d6e9ab	decompiled	chunks/000/functions-000027.c		
107d6e9ac	107d6eec7	decompiled	chunks/000/functions-000027.c		
107d6eec8	107d6f013	decompiled	chunks/000/functions-000027.c		
107d6f014	107d6f15f	decompiled	chunks/000/functions-000027.c		
107d6f160	107d6f237	decompiled	chunks/000/functions-000027.c		
107d6f238	107d6f23f	decompiled	chunks/000/functions-000027.c		
107d6f240	107d6f537	decompiled	chunks/000/functions-000027.c		
107d6f538	107d6f593	decompiled	chunks/000/functions-000027.c		
107d6f594	107d6f5d7	decompiled	chunks/000/functions-000027.c	-[SCStickerContainer addStickerView:]	
107d6f5d8	107d6f637	decompiled	chunks/000/functions-000027.c	-[SCStickerContainer _addStickerView:isTracking:]	
107d6f638	107d6f6af	decompiled	chunks/000/functions-000027.c	-[SCStickerContainer _allStickers]	
107d6f6b0	107d6f787	decompiled	chunks/000/functions-000027.c	-[SCStickerContainer _logAndAssertForDuplicateMusicStickerForContainer:caller:]	
107d6f788	107d6f7e7	decompiled	chunks/000/functions-000027.c		
107d6f7e8	107d6f84f	decompiled	chunks/000/functions-000027.c		
107d6f850	107d6f8a3	decompiled	chunks/000/functions-000027.c	-[SCStickerContainer previewStickerViewDidUpdate:]	
107d6f8a4	107d6f8ab	decompiled	chunks/000/functions-000027.c	-[SCStickerContainer staticStickersContainerView]	
107d6f8ac	107d6f8c3	decompiled	chunks/000/functions-000027.c	-[SCStickerContainer delegate]	
107d6f8c4	107d6f8cf	decompiled	chunks/000/functions-000027.c	-[SCStickerContainer setDelegate:]	
107d6f8d0	107d6f8d7	decompiled	chunks/000/functions-000027.c	-[SCStickerContainer trackingStickersContainerView]	
107d6f8d8	107d6f8df	decompiled	chunks/000/functions-000027.c	-[SCStickerContainer trackingUpdateVersion]	
107d6f8e0	107d6f8e7	decompiled	chunks/000/functions-000027.c	-[SCStickerContainer setTrackingUpdateVersion:]	
107d6f8e8	107d6f8ef	decompiled	chunks/000/functions-000027.c	-[SCStickerContainer maxUniqueStickerId]	
107d6f8f0	107d6f8f7	decompiled	chunks/000/functions-000027.c	-[SCStickerContainer setMaxUniqueStickerId:]	
107d6f8f8	107d6f953	decompiled	chunks/000/functions-000027.c	-[SCStickerContainer .cxx_destruct]	
107d6f954	107d6f993	decompiled	chunks/000/functions-000027.c		
107d6f994	107d6f9fb	decompiled	chunks/000/functions-000027.c		
107d6f9fc	107d6fa03	decompiled	chunks/000/functions-000027.c		
107d6fa04	107d6fa43	decompiled	chunks/000/functions-000027.c		
107d6fa44	107d6faab	decompiled	chunks/000/functions-000027.c		
107d6faac	107d6fab3	decompiled	chunks/000/functions-000027.c		
107d6fab4	107d6faf3	decompiled	chunks/000/functions-000027.c		
107d6faf4	107d6fb5b	decompiled	chunks/000/functions-000027.c		
107d6fb5c	107d6fb63	decompiled	chunks/000/functions-000027.c		
107d6fb64	107d6fba3	decompiled	chunks/000/functions-000027.c		
107d6fba4	107d6fc0b	decompiled	chunks/000/functions-000027.c		
107d6fc0c	107d6fc13	decompiled	chunks/000/functions-000027.c		
107d6fc14	107d6fc53	decompiled	chunks/000/functions-000027.c		
107d6fc54	107d6fcbb	decompiled	chunks/000/functions-000028.c		
107d6fcbc	107d6fcc3	decompiled	chunks/000/functions-000028.c		
107d6fcc4	107d6fcf3	decompiled	chunks/000/functions-000028.c		
107d6fcf4	107d6fd8f	decompiled	chunks/000/functions-000028.c	-[SCUserSession businessProfileManager]	
107d6fd90	107d6fd97	decompiled	chunks/000/functions-000028.c		
107d6fd98	107d704c7	decompiled	chunks/000/functions-000028.c		
107d704c8	107d70787	decompiled	chunks/000/functions-000028.c		
107d70788	107d7085f	decompiled	chunks/000/functions-000028.c		
107d70860	107d709a3	decompiled	chunks/000/functions-000028.c		
107d709a4	107d70aff	decompiled	chunks/000/functions-000028.c		
107d70b00	107d70b77	decompiled	chunks/000/functions-000028.c	-[SCImpalaCallbackEventListener initWithCallback:]	
107d70b78	107d70b93	decompiled	chunks/000/functions-000028.c	-[SCImpalaCallbackEventListener didTriggerEventWithEventName:announcerIdentifier:extraData:]	
107d70b94	107d70b9f	decompiled	chunks/000/functions-000028.c	-[SCImpalaCallbackEventListener .cxx_destruct]	
107d70ba0	107d70c17	decompiled	chunks/000/functions-000028.c	-[SCImpalaProfileOnboardingShowMyNameHandler turnOffShowMyNameWithCallback:]	
107d70c18	107d70c23	decompiled	chunks/000/functions-000028.c	-[SCImpalaProfileOnboardingShowMyNameHandler pushToValdiMarshaller:]	
107d70c24	107d70e5f	decompiled	chunks/000/functions-000028.c	-[SCPublicProfileOnboardingWorkflow initWithUserSession:userInfoServices:valdiRuntimeProvider:snapTokenProvider:ourStoriesAttributionManager:circumstanceEngine:composerBlizzardLogger:featureSettingsService:snapProUserProfileIdProvider:webBrowsingScopeExposer:]	
107d70e60	107d71047	decompiled	chunks/000/functions-000028.c	-[SCPublicProfileOnboardingWorkflow presentWithOnboardingScope:]	
107d71048	107d710cf	decompiled	chunks/000/functions-000028.c	-[SCPublicProfileOnboardingWorkflow _hasSeenStandardTierNux]	
107d710d0	107d71163	decompiled	chunks/000/functions-000028.c	-[SCPublicProfileOnboardingWorkflow publicProfileSnapProOnboardingShouldDismiss]	
107d71164	107d71173	decompiled	chunks/000/functions-000028.c		
107d71174	107d71217	decompiled	chunks/000/functions-000028.c	-[SCPublicProfileOnboardingWorkflow publicProfileStandardOnboardingShouldDismiss:]	
107d71218	107d712a7	decompiled	chunks/000/functions-000028.c	-[SCPublicProfileOnboardingWorkflow .cxx_destruct]	
107d712a8	107d714c3	decompiled	chunks/000/functions-000028.c	-[SCPublicProfileSnapProOnboardingViewController initWithUserSession:userInfoServices:type:actionContext:valdiRuntimeProvider:snapTokenProvider:ourStoriesAttributionManager:circumstanceEngine:composerBlizzardLogger:delegate:]	
107d714c4	107d71c67	decompiled	chunks/000/functions-000028.c	-[SCPublicProfileSnapProOnboardingViewController viewDidLoad]	
107d71c68	107d71d37	decompiled	chunks/000/functions-000028.c		
107d71d38	107d71d43	decompiled	chunks/000/functions-000028.c		
107d71d44	107d71dd3	decompiled	chunks/000/functions-000028.c		
107d71dd4	107d71dff	decompiled	chunks/000/functions-000028.c		
107d71e00	107d71ea7	decompiled	chunks/000/functions-000028.c	-[SCPublicProfileSnapProOnboardingViewController viewDidLayoutSubviews]	
107d71ea8	107d71f5b	decompiled	chunks/000/functions-000028.c	-[SCPublicProfileSnapProOnboardingViewController setNeedsStatusBarAppearanceUpdate]	
107d71f5c	107d71fa3	decompiled	chunks/000/functions-000028.c	-[SCPublicProfileSnapProOnboardingViewController viewWillAppear:]	
107d71fa4	107d72097	decompiled	chunks/000/functions-000028.c	-[SCPublicProfileSnapProOnboardingViewController viewWillDisappear:]	
107d72098	107d7209f	decompiled	chunks/000/functions-000028.c	-[SCPublicProfileSnapProOnboardingViewController prefersStatusBarHidden]	
107d720a0	107d720a3	decompiled	chunks/000/functions-000028.c	-[SCPublicProfileSnapProOnboardingViewController preferredStatusBarStyle]	
107d720a4	107d720d7	decompiled	chunks/000/functions-000028.c	-[SCPublicProfileSnapProOnboardingViewController _doDismiss]	
107d720d8	107d720ef	decompiled	chunks/000/functions-000028.c	-[SCPublicProfileSnapProOnboardingViewController shouldAnimatePresentationAndDismissal]	
107d720f0	107d720f3	decompiled	chunks/000/functions-000028.c	-[SCPublicProfileSnapProOnboardingViewController dismiss:]	
107d720f4	107d721af	decompiled	chunks/000/functions-000028.c	-[SCPublicProfileSnapProOnboardingViewController .cxx_destruct]	
107d721b0	107d7234f	decompiled	chunks/000/functions-000028.c	-[SCPublicProfileStandardOnboardingViewController initWithDelegate:valdiRuntimeProvider:composerBlizzardLogger:userId:avatarId:isUser16or17:isFriendsOnlyProfile:webBrowsingScopeExposer:]	
107d72350	107d7283f	decompiled	chunks/000/functions-000028.c	-[SCPublicProfileStandardOnboardingViewController viewDidLoad]	
107d72840	107d7286b	decompiled	chunks/000/functions-000028.c		
107d7286c	107d728bf	decompiled	chunks/000/functions-000028.c	-[SCPublicProfileStandardOnboardingViewController viewWillDisappear:]	
107d728c0	107d72963	decompiled	chunks/000/functions-000028.c	-[SCPublicProfileStandardOnboardingViewController presentTrayInContainer:]	
107d72964	107d72977	decompiled	chunks/000/functions-000028.c	-[SCPublicProfileStandardOnboardingViewController _onOkayTapped]	
107d72978	107d72a2b	decompiled	chunks/000/functions-000028.c	-[SCPublicProfileStandardOnboardingViewController _setupWebLauncher]	
107d72a2c	107d72aa7	decompiled	chunks/000/functions-000028.c	-[SCPublicProfileStandardOnboardingViewController _dismissTray]	
107d72aa8	107d72ab3	decompiled	chunks/000/functions-000028.c		
107d72ab4	107d72b0f	decompiled	chunks/000/functions-000028.c	-[SCPublicProfileStandardOnboardingViewController _onTrayDismissed]	
107d72b10	107d72c0b	decompiled	chunks/000/functions-000028.c	-[SCPublicProfileStandardOnboardingViewController _calculateTrayHeightIfNeeded]	
107d72c0c	107d72c1b	decompiled	chunks/000/functions-000028.c	-[SCPublicProfileStandardOnboardingViewController tray:positionDidChange:]	
107d72c1c	107d72c2f	decompiled	chunks/000/functions-000028.c	-[SCPublicProfileStandardOnboardingViewController tray:heightForPosition:]	
107d72c30	107d72c87	decompiled	chunks/000/functions-000028.c	-[SCPublicProfileStandardOnboardingViewController webBrowserDidDismiss:]	
107d72c88	107d72efb	decompiled	chunks/000/functions-000028.c	-[SCPublicProfileStandardOnboardingViewController .cxx_destruct]	
107d72efc	107d72fcb	decompiled	chunks/000/functions-000028.c		
107d72fcc	107d72ffb	decompiled	chunks/000/functions-000028.c		
107d72ffc	107d73233	decompiled	chunks/000/functions-000028.c	-[SCImpalaPublisherInfo initWithBusinessProfileId:publisherId:hostUserId:publisherName:publisherFormalName:publisherDescription:logoURL:deeplinkURL:unskippableAdsEnabled:isBreakingNewsEnabled:originalPublisherId:originalPublisherName:originalPublisherLogoURL:shouldDisableComments:]	
107d73234	107d73257	decompiled	chunks/000/functions-000028.c	-[SCImpalaPublisherInfo copyWithZone:]	
107d73258	107d73343	decompiled	chunks/000/functions-000028.c	-[SCImpalaPublisherInfo hash]	
107d73344	107d734e3	decompiled	chunks/000/functions-000028.c	-[SCImpalaPublisherInfo isEqual:]	
107d734e4	107d734eb	decompiled	chunks/000/functions-000028.c	-[SCImpalaPublisherInfo businessProfileId]	
107d734ec	107d734f3	decompiled	chunks/000/functions-000028.c	-[SCImpalaPublisherInfo publisherId]	
107d734f4	107d734fb	decompiled	chunks/000/functions-000028.c	-[SCImpalaPublisherInfo hostUserId]	
107d734fc	107d73503	decompiled	chunks/000/functions-000028.c	-[SCImpalaPublisherInfo publisherName]	
107d73504	107d7350b	decompiled	chunks/000/functions-000028.c	-[SCImpalaPublisherInfo publisherFormalName]	
107d7350c	107d73513	decompiled	chunks/000/functions-000028.c	-[SCImpalaPublisherInfo publisherDescription]	
107d73514	107d7351b	decompiled	chunks/000/functions-000028.c	-[SCImpalaPublisherInfo logoURL]	
107d7351c	107d73523	decompiled	chunks/000/functions-000028.c	-[SCImpalaPublisherInfo deeplinkURL]	
107d73524	107d7352b	decompiled	chunks/000/functions-000028.c	-[SCImpalaPublisherInfo unskippableAdsEnabled]	
107d7352c	107d73533	decompiled	chunks/000/functions-000028.c	-[SCImpalaPublisherInfo isBreakingNewsEnabled]	
107d73534	107d7353b	decompiled	chunks/000/functions-000028.c	-[SCImpalaPublisherInfo originalPublisherId]	
107d7353c	107d73543	decompiled	chunks/000/functions-000028.c	-[SCImpalaPublisherInfo originalPublisherName]	
107d73544	107d7354b	decompiled	chunks/000/functions-000028.c	-[SCImpalaPublisherInfo originalPublisherLogoURL]	
107d7354c	107d73553	decompiled	chunks/000/functions-000028.c	-[SCImpalaPublisherInfo shouldDisableComments]	
107d73554	107d735d7	decompiled	chunks/000/functions-000028.c	-[SCImpalaPublisherInfo .cxx_destruct]	
107d735d8	107d735df	decompiled	chunks/000/functions-000028.c	-[SCImpalaLegacyServices impalaSnapInsightsHelper]	
107d735e0	107d735e7	decompiled	chunks/000/functions-000028.c	-[SCImpalaLegacyServices impalaPublicProfilePresentationHandler]	
107d735e8	107d735ef	decompiled	chunks/000/functions-000028.c	-[SCImpalaLegacyServices impalaOperaLayerViewControllerProviderCreator]	
107d735f0	107d7362b	decompiled	chunks/000/functions-000028.c	-[SCImpalaLegacyServices .cxx_destruct]	
107d7362c	107d736bb	decompiled	chunks/000/functions-000028.c	-[SCImpalaPublicProfileLoggingInfo initWithSourcePageType:sourcePageSessionId:pageEntryType:]	
107d736bc	107d736df	decompiled	chunks/000/functions-000028.c	-[SCImpalaPublicProfileLoggingInfo copyWithZone:]	
107d736e0	107d7375f	decompiled	chunks/000/functions-000028.c	-[SCImpalaPublicProfileLoggingInfo hash]	
107d73760	107d7380f	decompiled	chunks/000/functions-000028.c	-[SCImpalaPublicProfileLoggingInfo isEqual:]	
107d73810	107d73817	decompiled	chunks/000/functions-000028.c	-[SCImpalaPublicProfileLoggingInfo sourcePageType]	
107d73818	107d7381f	decompiled	chunks/000/functions-000028.c	-[SCImpalaPublicProfileLoggingInfo sourcePageSessionId]	
107d73820	107d73827	decompiled	chunks/000/functions-000028.c	-[SCImpalaPublicProfileLoggingInfo pageEntryType]	
107d73828	107d73833	decompiled	chunks/000/functions-000028.c	-[SCImpalaPublicProfileLoggingInfo .cxx_destruct]	
107d73834	107d739ab	decompiled	chunks/000/functions-000028.c	-[SCImpalaHighlightStoryInfo initWithCoder:]	
107d739ac	107d73b43	decompiled	chunks/000/functions-000028.c	-[SCImpalaHighlightStoryInfo initWithProfileId:highlightId:userId:username:highlightTitle:highlightSubtitle:profileLogoURL:]	
107d73b44	107d73b67	decompiled	chunks/000/functions-000028.c	-[SCImpalaHighlightStoryInfo copyWithZone:]	
107d73b68	107d73c2b	decompiled	chunks/000/functions-000028.c	-[SCImpalaHighlightStoryInfo encodeWithCoder:]	
107d73c2c	107d73cdb	decompiled	chunks/000/functions-000028.c	-[SCImpalaHighlightStoryInfo hash]	
107d73cdc	107d73dfb	decompiled	chunks/000/functions-000028.c	-[SCImpalaHighlightStoryInfo isEqual:]	
107d73dfc	107d73e03	decompiled	chunks/000/functions-000028.c	-[SCImpalaHighlightStoryInfo profileId]	
107d73e04	107d73e0b	decompiled	chunks/000/functions-000028.c	-[SCImpalaHighlightStoryInfo highlightId]	
107d73e0c	107d73e13	decompiled	chunks/000/functions-000028.c	-[SCImpalaHighlightStoryInfo userId]	
107d73e14	107d73e1b	decompiled	chunks/000/functions-000028.c	-[SCImpalaHighlightStoryInfo username]	
107d73e1c	107d73e23	decompiled	chunks/000/functions-000028.c	-[SCImpalaHighlightStoryInfo highlightTitle]	
107d73e24	107d73e2b	decompiled	chunks/000/functions-000028.c	-[SCImpalaHighlightStoryInfo highlightSubtitle]	
107d73e2c	107d73e33	decompiled	chunks/000/functions-000028.c	-[SCImpalaHighlightStoryInfo profileLogoURL]	
107d73e34	107d73e9f	decompiled	chunks/000/functions-000028.c	-[SCImpalaHighlightStoryInfo .cxx_destruct]	
107d73ea0	107d741cf	decompiled	chunks/000/functions-000029.c	-[SCImpalaStoryPlaybackInfo initWithMetricsURL:reach:screenshots:storyReplies:showPeekingViewersList:appearWithExpandedViewersList:deleteAction:saveable:allowSaveEntireStory:reportable:profileEnabled:thumbnailURL:encryptedThumbnailURL:boosts:shares:subscribes:paidViews:paidReach:combinedViews:combinedReach:]	
107d741d0	107d741f3	decompiled	chunks/000/functions-000029.c	-[SCImpalaStoryPlaybackInfo copyWithZone:]	
107d741f4	107d7432b	decompiled	chunks/000/functions-000029.c	-[SCImpalaStoryPlaybackInfo hash]	
107d7432c	107d7454b	decompiled	chunks/000/functions-000029.c	-[SCImpalaStoryPlaybackInfo isEqual:]	
107d7454c	107d74553	decompiled	chunks/000/functions-000029.c	-[SCImpalaStoryPlaybackInfo metricsURL]	
107d74554	107d7455b	decompiled	chunks/000/functions-000029.c	-[SCImpalaStoryPlaybackInfo reach]	
107d7455c	107d74563	decompiled	chunks/000/functions-000029.c	-[SCImpalaStoryPlaybackInfo screenshots]	
107d74564	107d7456b	decompiled	chunks/000/functions-000029.c	-[SCImpalaStoryPlaybackInfo storyReplies]	
107d7456c	107d74573	decompiled	chunks/000/functions-000029.c	-[SCImpalaStoryPlaybackInfo showPeekingViewersList]	
107d74574	107d7457b	decompiled	chunks/000/functions-000029.c	-[SCImpalaStoryPlaybackInfo appearWithExpandedViewersList]	
107d7457c	107d74583	decompiled	chunks/000/functions-000029.c	-[SCImpalaStoryPlaybackInfo deleteAction]	
107d74584	107d7458b	decompiled	chunks/000/functions-000029.c	-[SCImpalaStoryPlaybackInfo saveable]	
107d7458c	107d74593	decompiled	chunks/000/functions-000029.c	-[SCImpalaStoryPlaybackInfo allowSaveEntireStory]	
107d74594	107d7459b	decompiled	chunks/000/functions-000029.c	-[SCImpalaStoryPlaybackInfo reportable]	
107d7459c	107d745a3	decompiled	chunks/000/functions-000029.c	-[SCImpalaStoryPlaybackInfo profileEnabled]	
107d745a4	107d745ab	decompiled	chunks/000/functions-000029.c	-[SCImpalaStoryPlaybackInfo thumbnailURL]	
107d745ac	107d745b3	decompiled	chunks/000/functions-000029.c	-[SCImpalaStoryPlaybackInfo encryptedThumbnailURL]	
107d745b4	107d745bb	decompiled	chunks/000/functions-000029.c	-[SCImpalaStoryPlaybackInfo boosts]	
107d745bc	107d745c3	decompiled	chunks/000/functions-000029.c	-[SCImpalaStoryPlaybackInfo shares]	
107d745c4	107d745cb	decompiled	chunks/000/functions-000029.c	-[SCImpalaStoryPlaybackInfo subscribes]	
107d745cc	107d745d3	decompiled	chunks/000/functions-000029.c	-[SCImpalaStoryPlaybackInfo paidViews]	
107d745d4	107d745db	decompiled	chunks/000/functions-000029.c	-[SCImpalaStoryPlaybackInfo paidReach]	
107d745dc	107d745e3	decompiled	chunks/000/functions-000029.c	-[SCImpalaStoryPlaybackInfo combinedViews]	
107d745e4	107d745eb	decompiled	chunks/000/functions-000029.c	-[SCImpalaStoryPlaybackInfo combinedReach]	
107d745ec	107d7469f	decompiled	chunks/000/functions-000029.c	-[SCImpalaStoryPlaybackInfo .cxx_destruct]	
107d746a0	107d746bb	decompiled	chunks/000/functions-000029.c	+[SCImpalaStoryPlaybackInfoBuilder impalaStoryPlaybackInfo]	
107d746bc	107d74b93	decompiled	chunks/000/functions-000029.c	+[SCImpalaStoryPlaybackInfoBuilder impalaStoryPlaybackInfoFromExistingImpalaStoryPlaybackInfo:]	
107d74b94	107d74c07	decompiled	chunks/000/functions-000029.c	-[SCImpalaStoryPlaybackInfoBuilder build]	
107d74c08	107d74c3f	decompiled	chunks/000/functions-000029.c	-[SCImpalaStoryPlaybackInfoBuilder withMetricsURL:]	
107d74c40	107d74c77	decompiled	chunks/000/functions-000029.c	-[SCImpalaStoryPlaybackInfoBuilder withReach:]	
107d74c78	107d74caf	decompiled	chunks/000/functions-000029.c	-[SCImpalaStoryPlaybackInfoBuilder withScreenshots:]	
107d74cb0	107d74ce7	decompiled	chunks/000/functions-000029.c	-[SCImpalaStoryPlaybackInfoBuilder withStoryReplies:]	
107d74ce8	107d74cef	decompiled	chunks/000/functions-000029.c	-[SCImpalaStoryPlaybackInfoBuilder withShowPeekingViewersList:]	
107d74cf0	107d74cf7	decompiled	chunks/000/functions-000029.c	-[SCImpalaStoryPlaybackInfoBuilder withAppearWithExpandedViewersList:]	
107d74cf8	107d74cff	decompiled	chunks/000/functions-000029.c	-[SCImpalaStoryPlaybackInfoBuilder withDeleteAction:]	
107d74d00	107d74d07	decompiled	chunks/000/functions-000029.c	-[SCImpalaStoryPlaybackInfoBuilder withSaveable:]	
107d74d08	107d74d0f	decompiled	chunks/000/functions-000029.c	-[SCImpalaStoryPlaybackInfoBuilder withAllowSaveEntireStory:]	
107d74d10	107d74d17	decompiled	chunks/000/functions-000029.c	-[SCImpalaStoryPlaybackInfoBuilder withReportable:]	
107d74d18	107d74d1f	decompiled	chunks/000/functions-000029.c	-[SCImpalaStoryPlaybackInfoBuilder withProfileEnabled:]	
107d74d20	107d74d57	decompiled	chunks/000/functions-000029.c	-[SCImpalaStoryPlaybackInfoBuilder withThumbnailURL:]	
107d74d58	107d74d8f	decompiled	chunks/000/functions-000029.c	-[SCImpalaStoryPlaybackInfoBuilder withEncryptedThumbnailURL:]	
107d74d90	107d74dc7	decompiled	chunks/000/functions-000029.c	-[SCImpalaStoryPlaybackInfoBuilder withBoosts:]	
107d74dc8	107d74dff	decompiled	chunks/000/functions-000029.c	-[SCImpalaStoryPlaybackInfoBuilder withShares:]	
107d74e00	107d74e37	decompiled	chunks/000/functions-000029.c	-[SCImpalaStoryPlaybackInfoBuilder withSubscribes:]	
107d74e38	107d74e6f	decompiled	chunks/000/functions-000029.c	-[SCImpalaStoryPlaybackInfoBuilder withPaidViews:]	
107d74e70	107d74ea7	decompiled	chunks/000/functions-000029.c	-[SCImpalaStoryPlaybackInfoBuilder withPaidReach:]	
107d74ea8	107d74edf	decompiled	chunks/000/functions-000029.c	-[SCImpalaStoryPlaybackInfoBuilder withCombinedViews:]	
107d74ee0	107d74f17	decompiled	chunks/000/functions-000029.c	-[SCImpalaStoryPlaybackInfoBuilder withCombinedReach:]	
107d74f18	107d74fcb	decompiled	chunks/000/functions-000029.c	-[SCImpalaStoryPlaybackInfoBuilder .cxx_destruct]	
107d74fcc	107d7513f	decompiled	chunks/000/functions-000029.c		
107d75140	107d75423	decompiled	chunks/000/functions-000029.c		
107d75424	107d75557	decompiled	chunks/000/functions-000029.c	-[SCImpalaOperaLayer initWithPage:]	
107d75558	107d755a3	decompiled	chunks/000/functions-000029.c	+[SCImpalaOperaLayer layerWithPage:]	
107d755a4	107d755ab	decompiled	chunks/000/functions-000029.c	-[SCImpalaOperaLayer type]	
107d755ac	107d755b7	decompiled	chunks/000/functions-000029.c	-[SCImpalaOperaLayer layerViewControllerClass]	
107d755b8	107d75687	decompiled	chunks/000/functions-000029.c	-[SCImpalaOperaLayer isEqual:]	
107d75688	107d7569f	decompiled	chunks/000/functions-000029.c	-[SCImpalaOperaLayer provider]	
107d756a0	107d756a7	decompiled	chunks/000/functions-000029.c	-[SCImpalaOperaLayer enableSwipeToProfileExperiment]	
107d756a8	107d756af	decompiled	chunks/000/functions-000029.c	-[SCImpalaOperaLayer useFullPageLayout]	
107d756b0	107d756b7	decompiled	chunks/000/functions-000029.c	-[SCImpalaOperaLayer .cxx_destruct]	
107d756b8	107d756c3	decompiled	chunks/000/functions-000029.c	+[SCImpalaOperaLayerViewController announcerIdentifier]	
107d756c4	107d756d3	decompiled	chunks/000/functions-000029.c	-[SCImpalaOperaLayerViewController addListener:]	
107d756d4	107d756e3	decompiled	chunks/000/functions-000029.c	-[SCImpalaOperaLayerViewController removeListener:]	
107d756e4	107d75803	decompiled	chunks/000/functions-000029.c	-[SCImpalaOperaLayerViewController loadView]	
107d75804	107d758bb	decompiled	chunks/000/functions-000029.c	-[SCImpalaOperaLayerViewController viewDidLayoutSubviews]	
107d758bc	107d759cf	decompiled	chunks/000/functions-000029.c	-[SCImpalaOperaLayerViewController initWithConfiguration:layerViewControllerConfiguration:operaDependencies:eventAnnouncer:]	
107d759d0	107d75a53	decompiled	chunks/000/functions-000029.c	-[SCImpalaOperaLayerViewController teardown]	
107d75a54	107d75c9f	decompiled	chunks/000/functions-000029.c	-[SCImpalaOperaLayerViewController updateViewWithPreviousLayer:currentLayer:]	
107d75ca0	107d75cef	decompiled	chunks/000/functions-000029.c	-[SCImpalaOperaLayerViewController viewDidFullyAppear]	
107d75cf0	107d75d3b	decompiled	chunks/000/functions-000029.c	-[SCImpalaOperaLayerViewController viewDidFullyDisappear]	
107d75d3c	107d75db3	decompiled	chunks/000/functions-000029.c	-[SCImpalaOperaLayerViewController pageabilityForRelativePosition:gestureRecognizer:]	
107d75db4	107d75dbb	decompiled	chunks/000/functions-000029.c	-[SCImpalaOperaLayerViewController isRecyclable]	
107d75dbc	107d75e9f	decompiled	chunks/000/functions-000029.c	-[SCImpalaOperaLayerViewController updateViewWithHorizontalPageOffset:isCurrentPage:]	
107d75ea0	107d76057	decompiled	chunks/000/functions-000029.c	-[SCImpalaOperaLayerViewController didReceiveUpdateProperties:]	
107d76058	107d7608f	decompiled	chunks/000/functions-000029.c	-[SCImpalaOperaLayerViewController setPaused:]	
107d76090	107d761ab	decompiled	chunks/000/functions-000029.c	-[SCImpalaOperaLayerViewController setLooping:]	
107d761ac	107d761af	decompiled	chunks/000/functions-000029.c	-[SCImpalaOperaLayerViewController operaPage]	
107d761b0	107d761bf	decompiled	chunks/000/functions-000029.c	-[SCImpalaOperaLayerViewController isVisible]	
107d761c0	107d7624b	decompiled	chunks/000/functions-000029.c	-[SCImpalaOperaLayerViewController swipeActionDisabledWithDirection:]	
107d7624c	107d762e3	decompiled	chunks/000/functions-000029.c	-[SCImpalaOperaLayerViewController actionBarContentViewForConfiguration:]	
107d762e4	107d7642b	decompiled	chunks/000/functions-000029.c	-[SCImpalaOperaLayerViewController operaViewDidSendEvent:page:params:]	
107d7642c	107d764bf	decompiled	chunks/000/functions-000029.c	-[SCImpalaOperaLayerViewController _registeredEventsForOperaSession]	
107d764c0	107d76503	decompiled	chunks/000/functions-000029.c	-[SCImpalaOperaLayerViewController layerViewContainerOption]	
107d76504	107d76523	decompiled	chunks/000/functions-000029.c	-[SCImpalaOperaLayerViewController delegateViewForGestures]	
107d76524	107d76537	decompiled	chunks/000/functions-000029.c	-[SCImpalaOperaLayerViewController setDelegateViewForGestures:]	
107d76538	107d76583	decompiled	chunks/000/functions-000029.c	-[SCImpalaOperaLayerViewController .cxx_destruct]	
107d76584	107d7667b	decompiled	chunks/000/functions-000029.c	-[SCImpalaOperaViewControllerWrapper initWithViewController:pauseOperaWhilePresented:]	
107d7667c	107d7668b	decompiled	chunks/000/functions-000029.c	-[SCImpalaOperaViewControllerWrapper prefersStatusBarHidden]	
107d7668c	107d7669b	decompiled	chunks/000/functions-000029.c	-[SCImpalaOperaViewControllerWrapper preferredStatusBarStyle]	
107d7669c	107d766ab	decompiled	chunks/000/functions-000029.c	-[SCImpalaOperaViewControllerWrapper shouldBeSilentlyPresentedAndPauseOpera]	
107d766ac	107d768b3	decompiled	chunks/000/functions-000029.c	-[SCImpalaOperaViewControllerWrapper shouldBeginInteractiveDismissal]	
107d768b4	107d76943	decompiled	chunks/000/functions-000029.c	-[SCImpalaOperaViewControllerWrapper defaultProjectNameV2]	
107d76944	107d76a37	decompiled	chunks/000/functions-000029.c	-[SCImpalaOperaViewControllerWrapper pageViewName]	
107d76a38	107d76a4b	decompiled	chunks/000/functions-000029.c	-[SCImpalaOperaViewControllerWrapper .cxx_destruct]	
107d76a4c	107d76bd3	decompiled	chunks/000/functions-000029.c	-[SCImpalaInteractionControllerContext initWithTransitionContext:mode:callAppearanceMethods:]	
107d76bd4	107d76c53	decompiled	chunks/000/functions-000029.c	-[SCImpalaInteractionControllerContext finish]	
107d76c54	107d76d23	decompiled	chunks/000/functions-000029.c	-[SCImpalaInteractionControllerContext cancel]	
107d76d24	107d76d2b	decompiled	chunks/000/functions-000029.c	-[SCImpalaInteractionControllerContext containerView]	
107d76d2c	107d76d3f	decompiled	chunks/000/functions-000029.c	-[SCImpalaInteractionControllerContext fromViewController]	
107d76d40	107d76d53	decompiled	chunks/000/functions-000029.c	-[SCImpalaInteractionControllerContext toViewController]	
