address	end_address	status	pseudocode_file	runtime_label	error
10af642b4	10af64377	decompiled	chunks/000/functions-000050.c	+[SCRTUSStaticConfig _getSendToRankingDefaultConfigProtoValue]	
10af64378	10af644a3	decompiled	chunks/000/functions-000050.c	+[SCRTUSStaticConfig _getSendToRankingDefaultPerEventConfigs]	
10af644a4	10af64567	decompiled	chunks/000/functions-000050.c	+[SCRTUSStaticConfig _getLastViewedDefaultConfigProtoValue]	
10af64568	10af6461f	decompiled	chunks/000/functions-000050.c	+[SCRTUSStaticConfig _getLastViewedDefaultPerEventConfigs]	
10af64620	10af64793	decompiled	chunks/000/functions-000050.c		
10af64794	10af64907	decompiled	chunks/000/functions-000050.c		
10af64908	10af64bf7	decompiled	chunks/000/functions-000050.c		
10af64bf8	10af64f2b	decompiled	chunks/000/functions-000050.c		
10af64f2c	10af6523b	decompiled	chunks/000/functions-000050.c		
10af6523c	10af652a3	decompiled	chunks/000/functions-000050.c	+[RTUSClientConfigWrapper descriptor]	
10af652a4	10af65337	decompiled	chunks/000/functions-000050.c	-[SCRTUSFile initWithFilePath:creationTimeMillis:fileSizeBytes:]	
10af65338	10af653bf	decompiled	chunks/000/functions-000050.c	-[SCRTUSFile isEqual:]	
10af653c0	10af6548b	decompiled	chunks/000/functions-000050.c	-[SCRTUSFile isEqualToRTUSFile:]	
10af6548c	10af654c7	decompiled	chunks/000/functions-000050.c	-[SCRTUSFile hash]	
10af654c8	10af654cf	decompiled	chunks/000/functions-000050.c	-[SCRTUSFile filePath]	
10af654d0	10af654ff	decompiled	chunks/000/functions-000050.c	-[SCRTUSFile setFilePath:]	
10af65500	10af65507	decompiled	chunks/000/functions-000050.c	-[SCRTUSFile creationTimeMillis]	
10af65508	10af6550f	decompiled	chunks/000/functions-000050.c	-[SCRTUSFile setCreationTimeMillis:]	
10af65510	10af65517	decompiled	chunks/000/functions-000050.c	-[SCRTUSFile fileSizeBytes]	
10af65518	10af6551f	decompiled	chunks/000/functions-000050.c	-[SCRTUSFile setFileSizeBytes:]	
10af65520	10af6552b	decompiled	chunks/000/functions-000050.c	-[SCRTUSFile .cxx_destruct]	
10af6552c	10af655e7	decompiled	chunks/000/functions-000050.c	-[SCRTUSFileQueue initWithProductName:productConfig:]	
10af655e8	10af65667	decompiled	chunks/000/functions-000050.c	-[SCRTUSFileQueue addFile:]	
10af65668	10af65843	decompiled	chunks/000/functions-000050.c	-[SCRTUSFileQueue removeAndGetFilesByTTLMillis:]	
10af65844	10af6597b	decompiled	chunks/000/functions-000050.c	-[SCRTUSFileQueue removeFilesByBytes:]	
10af6597c	10af65abb	decompiled	chunks/000/functions-000050.c	-[SCRTUSFileQueue getFilesTotalNumBytes]	
10af65abc	10af65acb	decompiled	chunks/000/functions-000050.c	-[SCRTUSFileQueue _fileCreationTimeMillisWithinInterval:currentTimeMillis:intervalMillis:]	
10af65acc	10af65ad3	decompiled	chunks/000/functions-000050.c	-[SCRTUSFileQueue productName]	
10af65ad4	10af65b03	decompiled	chunks/000/functions-000050.c	-[SCRTUSFileQueue setProductName:]	
10af65b04	10af65b0b	decompiled	chunks/000/functions-000050.c	-[SCRTUSFileQueue productConfig]	
10af65b0c	10af65b3b	decompiled	chunks/000/functions-000050.c	-[SCRTUSFileQueue setProductConfig:]	
10af65b3c	10af65b43	decompiled	chunks/000/functions-000050.c	-[SCRTUSFileQueue allFiles]	
10af65b44	10af65b73	decompiled	chunks/000/functions-000050.c	-[SCRTUSFileQueue setAllFiles:]	
10af65b74	10af65baf	decompiled	chunks/000/functions-000050.c	-[SCRTUSFileQueue .cxx_destruct]	
10af65bb0	10af65ceb	decompiled	chunks/000/functions-000050.c	-[SCRTUSFileRepository initWithFileWriter:fileManager:graphene:]	
10af65cec	10af65ecb	decompiled	chunks/000/functions-000050.c	-[SCRTUSFileRepository writeData:filePath:productName:]	
10af65ecc	10af66003	decompiled	chunks/000/functions-000050.c	-[SCRTUSFileRepository readDataFromPath:productName:]	
10af66004	10af66143	decompiled	chunks/000/functions-000050.c	-[SCRTUSFileRepository deleteFileAtPath:productName:]	
10af66144	10af663e3	decompiled	chunks/000/functions-000050.c	-[SCRTUSFileRepository getAllFilesInDirectoryForProduct:]	
10af663e4	10af664bf	decompiled	chunks/000/functions-000050.c	-[SCRTUSFileRepository getNewFileNameForProduct:creationTimeMillis:fileNumBytes:]	
10af664c0	10af665eb	decompiled	chunks/000/functions-000050.c	-[SCRTUSFileRepository _contentsOfDirAtPath:productName:]	
10af665ec	10af6676f	decompiled	chunks/000/functions-000050.c	-[SCRTUSFileRepository _createDirectoryIfNecessaryAtPath:productName:]	
10af66770	10af667b7	decompiled	chunks/000/functions-000050.c	-[SCRTUSFileRepository .cxx_destruct]	
10af667b8	10af6684b	decompiled	chunks/000/functions-000050.c	-[SCRTUSFilesByTTL initWithValidFiles:ttlInvalidFiles:]	
10af6684c	10af66853	decompiled	chunks/000/functions-000050.c	-[SCRTUSFilesByTTL ttlValidFiles]	
10af66854	10af66883	decompiled	chunks/000/functions-000050.c	-[SCRTUSFilesByTTL setTtlValidFiles:]	
10af66884	10af6688b	decompiled	chunks/000/functions-000050.c	-[SCRTUSFilesByTTL ttlInvalidFiles]	
10af6688c	10af668bb	decompiled	chunks/000/functions-000050.c	-[SCRTUSFilesByTTL setTtlInvalidFiles:]	
10af668bc	10af668eb	decompiled	chunks/000/functions-000050.c	-[SCRTUSFilesByTTL .cxx_destruct]	
10af668ec	10af6698f	decompiled	chunks/000/functions-000050.c	-[SCRTUSClientCacheConfigResolver initWithConfigProvider:graphene:]	
10af66990	10af669df	decompiled	chunks/000/functions-000050.c	-[SCRTUSClientCacheConfigResolver getTeamNameForProduct:]	
10af669e0	10af66a53	decompiled	chunks/000/functions-000050.c	-[SCRTUSClientCacheConfigResolver getEventCountLimitForProduct:]	
10af66a54	10af66afb	decompiled	chunks/000/functions-000050.c	-[SCRTUSClientCacheConfigResolver isPurgeEventsEnabledForProduct:]	
10af66afc	10af66ba3	decompiled	chunks/000/functions-000050.c	-[SCRTUSClientCacheConfigResolver _getConfigForProduct:]	
10af66ba4	10af66beb	decompiled	chunks/000/functions-000050.c	-[SCRTUSClientCacheConfigResolver getMinimumTimeMillisWithinTtlForProduct:]	
10af66bec	10af66c63	decompiled	chunks/000/functions-000050.c	-[SCRTUSClientCacheConfigResolver _getTtlMillisForProduct:]	
10af66c64	10af66c93	decompiled	chunks/000/functions-000050.c	-[SCRTUSClientCacheConfigResolver .cxx_destruct]	
10af66c94	10af66e2f	decompiled	chunks/000/functions-000050.c	-[SCRTUSClientCacheManagerImpl initWithConfigResolver:resultHandler:metricsLogger:workerQueue:dbTransactorProvider:configProvider:]	
10af66e30	10af66f3b	decompiled	chunks/000/functions-000050.c	-[SCRTUSClientCacheManagerImpl _getLazyDbTransactorFromProvider:]	
10af66f3c	10af67037	decompiled	chunks/000/functions-000050.c	-[SCRTUSClientCacheManagerImpl addRTUSEvent:]	
10af67038	10af67073	decompiled	chunks/000/functions-000050.c		
10af67074	10af67123	decompiled	chunks/000/functions-000050.c	-[SCRTUSClientCacheManagerImpl _writeEventToDbAndTrimRecordsIfNeeded:]	
10af67124	10af6714b	decompiled	chunks/000/functions-000050.c	-[SCRTUSClientCacheManagerImpl RTUSEventAddedObservable]	
10af6714c	10af67233	decompiled	chunks/000/functions-000050.c	-[SCRTUSClientCacheManagerImpl _writeEventToDb:]	
10af67234	10af67353	decompiled	chunks/000/functions-000050.c		
10af67354	10af673cf	decompiled	chunks/000/functions-000050.c	-[SCRTUSClientCacheManagerImpl _maybeTrimRecordsForProduct:]	
10af673d0	10af67483	decompiled	chunks/000/functions-000050.c	-[SCRTUSClientCacheManagerImpl _getNumRecordsInDbForProduct:]	
10af67484	10af67493	decompiled	chunks/000/functions-000050.c		
10af67494	10af6753f	decompiled	chunks/000/functions-000050.c	-[SCRTUSClientCacheManagerImpl _trimDbRecordsForProduct:numRecordsToDelete:]	
10af67540	10af67567	decompiled	chunks/000/functions-000050.c		
10af67568	10af675ff	decompiled	chunks/000/functions-000050.c	-[SCRTUSClientCacheManagerImpl getEventsForProduct:]	
10af67600	10af6766f	decompiled	chunks/000/functions-000050.c	-[SCRTUSClientCacheManagerImpl _getRTUSEventsAndAsyncDeleteForProduct:]	
10af67670	10af67793	decompiled	chunks/000/functions-000050.c	-[SCRTUSClientCacheManagerImpl _retrieveProductEventsFromDb:]	
10af67794	10af6787f	decompiled	chunks/000/functions-000050.c	-[SCRTUSClientCacheManagerImpl _asyncDeleteExpiredTtlEventsGivenValidTtlEvents:listEventsWithinTtl:]	
10af67880	10af678bf	decompiled	chunks/000/functions-000050.c		
10af678c0	10af679ff	decompiled	chunks/000/functions-000050.c	-[SCRTUSClientCacheManagerImpl _deleteExpiredTtlEventsGivenValidTtlEvents:listEventsWithinTtl:]	
10af67a00	10af67a5f	decompiled	chunks/000/functions-000050.c		
10af67a60	10af67b6b	decompiled	chunks/000/functions-000050.c	-[SCRTUSClientCacheManagerImpl _getMinRowIdFromListEvents:]	
10af67b6c	10af67cab	decompiled	chunks/000/functions-000050.c	-[SCRTUSClientCacheManagerImpl purgeEventsForProduct:rtusResponse:]	
10af67cac	10af67d13	decompiled	chunks/000/functions-000050.c		
10af67d14	10af67e4f	decompiled	chunks/000/functions-000050.c	-[SCRTUSClientCacheManagerImpl _purgeEventsFromDbForProduct:listEventIdsToDelete:]	
10af67e50	10af67e77	decompiled	chunks/000/functions-000050.c		
10af67e78	10af67f1f	decompiled	chunks/000/functions-000050.c	-[SCRTUSClientCacheManagerImpl onBackgroundingInternal]	
10af67f20	10af67f53	decompiled	chunks/000/functions-000050.c		
10af67f54	10af68027	decompiled	chunks/000/functions-000050.c	-[SCRTUSClientCacheManagerImpl _deleteDisabledEventsOnBackgrounding]	
10af68028	10af680cf	decompiled	chunks/000/functions-000050.c	-[SCRTUSClientCacheManagerImpl _deleteAllEventsFromDbForProduct:]	
10af680d0	10af680f7	decompiled	chunks/000/functions-000050.c		
10af680f8	10af680ff	decompiled	chunks/000/functions-000050.c	-[SCRTUSClientCacheManagerImpl _getBackgroundCleanupFinished]	
10af68100	10af68177	decompiled	chunks/000/functions-000050.c	-[SCRTUSClientCacheManagerImpl .cxx_destruct]	
10af68178	10af6821b	decompiled	chunks/000/functions-000050.c	-[SCRTUSClientCacheMetricsLogger initWithConfigProvider:graphene:]	
10af6821c	10af6828b	decompiled	chunks/000/functions-000050.c	-[SCRTUSClientCacheMetricsLogger logAddEventLatencyMillisForProduct:durationMillis:]	
10af6828c	10af6835b	decompiled	chunks/000/functions-000050.c	-[SCRTUSClientCacheMetricsLogger logWriteEventResultForProduct:payloadId:status:]	
10af6835c	10af6845b	decompiled	chunks/000/functions-000050.c	-[SCRTUSClientCacheMetricsLogger logBlizzardEventSize:]	
10af6845c	10af684cb	decompiled	chunks/000/functions-000050.c	-[SCRTUSClientCacheMetricsLogger logNumRecordsInDbForProduct:count:]	
10af684cc	10af68537	decompiled	chunks/000/functions-000050.c	-[SCRTUSClientCacheMetricsLogger logGetNumRecordsFailureForProduct:error:]	
10af68538	10af685a3	decompiled	chunks/000/functions-000050.c	-[SCRTUSClientCacheMetricsLogger logDbTrimRecordsFailureForProduct:error:]	
10af685a4	10af68613	decompiled	chunks/000/functions-000050.c	-[SCRTUSClientCacheMetricsLogger logGetEventsLatencyMillisForProduct:durationMillis:]	
10af68614	10af68683	decompiled	chunks/000/functions-000050.c	-[SCRTUSClientCacheMetricsLogger logGetEventsAsyncDeleteLatencyMillisForProduct:durationMillis:]	
10af68684	10af686f3	decompiled	chunks/000/functions-000050.c	-[SCRTUSClientCacheMetricsLogger logNumberOfEventsRetrievedForProduct:count:]	
10af686f4	10af6879f	decompiled	chunks/000/functions-000050.c	-[SCRTUSClientCacheMetricsLogger logGetEventsFailureForProduct:error:]	
10af687a0	10af6880b	decompiled	chunks/000/functions-000051.c	-[SCRTUSClientCacheMetricsLogger logGetEventsDeleteFailureForProduct:error:]	
10af6880c	10af6887b	decompiled	chunks/000/functions-000051.c	-[SCRTUSClientCacheMetricsLogger logPurgeEventsLatencyMillisForProduct:durationMillis:]	
10af6887c	10af688e7	decompiled	chunks/000/functions-000051.c	-[SCRTUSClientCacheMetricsLogger logPurgeEventsFailureForProduct:error:]	
10af688e8	10af68953	decompiled	chunks/000/functions-000051.c	-[SCRTUSClientCacheMetricsLogger logEventsPurgedForProduct:]	
10af68954	10af6895f	decompiled	chunks/000/functions-000051.c	-[SCRTUSClientCacheMetricsLogger logPurgeEventsOnBackgroundLatencyMillis:]	
10af68960	10af689cb	decompiled	chunks/000/functions-000051.c	-[SCRTUSClientCacheMetricsLogger logPurgeEventsOnBackgroundFailureForProduct:error:]	
10af689cc	10af689fb	decompiled	chunks/000/functions-000051.c	-[SCRTUSClientCacheMetricsLogger .cxx_destruct]	
10af689fc	10af68a6f	decompiled	chunks/000/functions-000051.c	-[SCRTUSClientCacheResultHandler initWithMetricsLogger:]	
10af68a70	10af68aef	decompiled	chunks/000/functions-000051.c	-[SCRTUSClientCacheResultHandler handleWriteEventResult:product:eventPayloadId:]	
10af68af0	10af68b27	decompiled	chunks/000/functions-000051.c		
10af68b28	10af68b7f	decompiled	chunks/000/functions-000051.c	-[SCRTUSClientCacheResultHandler handleTrimAfterAddEventResult:product:]	
10af68b80	10af68b8f	decompiled	chunks/000/functions-000051.c		
10af68b90	10af68cab	decompiled	chunks/000/functions-000051.c	-[SCRTUSClientCacheResultHandler getNumProductRecordsFromSCResult:product:]	
10af68cac	10af68cc3	decompiled	chunks/000/functions-000051.c		
10af68cc4	10af68d2b	decompiled	chunks/000/functions-000051.c		
10af68d2c	10af68d3b	decompiled	chunks/000/functions-000051.c		
10af68d3c	10af68e4f	decompiled	chunks/000/functions-000051.c	-[SCRTUSClientCacheResultHandler getDbSchemaRtusEventsFromSCResult:product:]	
10af68e50	10af68ecb	decompiled	chunks/000/functions-000051.c		
10af68ecc	10af68edb	decompiled	chunks/000/functions-000051.c		
10af68edc	10af68f33	decompiled	chunks/000/functions-000051.c	-[SCRTUSClientCacheResultHandler handleGetEventsAsyncDeleteResult:product:]	
10af68f34	10af68f43	decompiled	chunks/000/functions-000051.c		
10af68f44	10af68fbf	decompiled	chunks/000/functions-000051.c	-[SCRTUSClientCacheResultHandler handlePurgeEventsOnNetworkResponseResult:product:]	
10af68fc0	10af68fdb	decompiled	chunks/000/functions-000051.c		
10af68fdc	10af69033	decompiled	chunks/000/functions-000051.c	-[SCRTUSClientCacheResultHandler handlePurgeEventsOnBackgroundResult:product:]	
10af69034	10af69043	decompiled	chunks/000/functions-000051.c		
10af69044	10af6904f	decompiled	chunks/000/functions-000051.c	-[SCRTUSClientCacheResultHandler .cxx_destruct]	
10af69050	10af69193	decompiled	chunks/000/functions-000051.c	+[SCRTUSHelpers getListProtoRtusEventsFromListDbSchemaRtusEvents:]	
10af69194	10af69267	decompiled	chunks/000/functions-000051.c	+[SCRTUSHelpers _getProtoRtusEventFromDbSchemaRtusEvent:]	
10af69268	10af692b7	decompiled	chunks/000/functions-000051.c	+[SCRTUSHelpers getCurrentTimeMillis]	
10af692b8	10af692c7	decompiled	chunks/000/functions-000051.c	+[SCRTUSHelpers productEnumIsValid:]	
10af692c8	10af6942b	decompiled	chunks/000/functions-000051.c	+[SCRTUSHelpers metricsReasonForError:]	
10af6942c	10af69567	decompiled	chunks/000/functions-000051.c	-[SCRTUSV2MigrationManager initWithGraphene:workerQueue:fileManager:]	
10af69568	10af695c7	decompiled	chunks/000/functions-000051.c	-[SCRTUSV2MigrationManager triggerV1FileCleanUp]	
10af695c8	10af6966f	decompiled	chunks/000/functions-000051.c	-[SCRTUSV2MigrationManager _asyncKickOffV1Cleanup]	
10af69670	10af696a3	decompiled	chunks/000/functions-000051.c		
10af696a4	10af69703	decompiled	chunks/000/functions-000051.c	-[SCRTUSV2MigrationManager _deleteAllFilesInV1RtusDirectory]	
10af69704	10af6974b	decompiled	chunks/000/functions-000051.c	-[SCRTUSV2MigrationManager .cxx_destruct]	
10af6974c	10af697bf	decompiled	chunks/000/functions-000051.c	-[SCGrapheneRtusMetric2 init]	
10af697c0	10af69a7f	decompiled	chunks/000/functions-000051.c		
10af69a80	10af69d3f	decompiled	chunks/000/functions-000051.c		
10af69d40	10af69fff	decompiled	chunks/000/functions-000051.c		
10af6a000	10af6a2bf	decompiled	chunks/000/functions-000051.c		
10af6a2c0	10af6a4ef	decompiled	chunks/000/functions-000051.c		
10af6a4f0	10af6a7af	decompiled	chunks/000/functions-000051.c		
10af6a7b0	10af6a823	decompiled	chunks/000/functions-000051.c	-[SCGrapheneRtusV2Metric2 init]	
10af6a824	10af6a997	decompiled	chunks/000/functions-000051.c		
10af6a998	10af6ac57	decompiled	chunks/000/functions-000051.c		
10af6ac58	10af6adcb	decompiled	chunks/000/functions-000051.c		
10af6adcc	10af6af3f	decompiled	chunks/000/functions-000051.c		
10af6af40	10af6b0b3	decompiled	chunks/000/functions-000051.c		
10af6b0b4	10af6b227	decompiled	chunks/000/functions-000051.c		
10af6b228	10af6b39b	decompiled	chunks/000/functions-000051.c		
10af6b39c	10af6b50f	decompiled	chunks/000/functions-000051.c		
10af6b510	10af6b73f	decompiled	chunks/000/functions-000051.c		
10af6b740	10af6b8b3	decompiled	chunks/000/functions-000051.c		
10af6b8b4	10af6ba27	decompiled	chunks/000/functions-000051.c		
10af6ba28	10af6bb9b	decompiled	chunks/000/functions-000051.c		
10af6bb9c	10af6bd0f	decompiled	chunks/000/functions-000051.c		
10af6bd10	10af6be83	decompiled	chunks/000/functions-000051.c		
10af6be84	10af6befb	decompiled	chunks/000/functions-000051.c		
10af6befc	10af6c06f	decompiled	chunks/000/functions-000051.c		
10af6c070	10af6c187	decompiled	chunks/000/functions-000051.c		
10af6c188	10af6c2fb	decompiled	chunks/000/functions-000051.c		
10af6c2fc	10af6c46f	decompiled	chunks/000/functions-000051.c		
10af6c470	10af6c69f	decompiled	chunks/000/functions-000051.c		
10af6c6a0	10af6c81b	decompiled	chunks/000/functions-000051.c	+[SCSQLRTUSClientCacheDatabase schema]	
10af6c81c	10af6c843	decompiled	chunks/000/functions-000051.c	-[SCSQLRTUSClientCacheDatabase getConn]	
10af6c844	10af6c8cb	decompiled	chunks/000/functions-000051.c	-[SCSQLRTUSClientCacheDatabase initWithSqliteConnection:]	
10af6c8cc	10af6c97f	decompiled	chunks/000/functions-000051.c	-[SCSQLRTUSClientCacheDatabase .cxx_destruct]	
10af6c980	10af6c98f	decompiled	chunks/000/functions-000051.c	-[SCSQLRTUSClientCacheDatabase .cxx_construct]	
10af6c990	10af6cab7	decompiled	chunks/000/functions-000051.c		
10af6cab8	10af6cafb	decompiled	chunks/000/functions-000051.c		
10af6cafc	10af6cc37	decompiled	chunks/000/functions-000051.c		
10af6cc38	10af6cd2b	decompiled	chunks/000/functions-000051.c		
10af6cd2c	10af6cf13	decompiled	chunks/000/functions-000051.c		
10af6cf14	10af6d02f	decompiled	chunks/000/functions-000051.c		
10af6d030	10af6d14b	decompiled	chunks/000/functions-000051.c		
10af6d14c	10af6d2df	decompiled	chunks/000/functions-000051.c		
10af6d2e0	10af6d3e7	decompiled	chunks/000/functions-000051.c		
10af6d3e8	10af6d40b	decompiled	chunks/000/functions-000051.c	-[SCSQLRtusEvent copyWithZone:]	
10af6d40c	10af6d4af	decompiled	chunks/000/functions-000051.c	-[SCSQLRtusEvent hash]	
10af6d4b0	10af6d5af	decompiled	chunks/000/functions-000051.c	-[SCSQLRtusEvent isEqual:]	
10af6d5b0	10af6d637	decompiled	chunks/000/functions-000051.c	-[SCSQLRtusEvent .cxx_destruct]	
10af6d638	10af6d65b	decompiled	chunks/000/functions-000051.c	-[SCSQLNumRecordsForProduct copyWithZone:]	
10af6d65c	10af6d66b	decompiled	chunks/000/functions-000051.c	-[SCSQLNumRecordsForProduct hash]	
10af6d66c	10af6d6f3	decompiled	chunks/000/functions-000051.c	-[SCSQLNumRecordsForProduct isEqual:]	
10af6d6f4	10af6d7bf	decompiled	chunks/000/functions-000051.c		
10af6d7c0	10af6d7e3	decompiled	chunks/000/functions-000051.c	-[SCSQLEventsForProductWithinTtl copyWithZone:]	
10af6d7e4	10af6d86f	decompiled	chunks/000/functions-000051.c	-[SCSQLEventsForProductWithinTtl hash]	
10af6d870	10af6d947	decompiled	chunks/000/functions-000051.c	-[SCSQLEventsForProductWithinTtl isEqual:]	
10af6d948	10af6d977	decompiled	chunks/000/functions-000051.c	-[SCSQLEventsForProductWithinTtl .cxx_destruct]	
10af6d978	10af6d983	decompiled	chunks/000/functions-000051.c	-[SCRTUSConfigServices .cxx_destruct]	
10af6d984	10af6da87	decompiled	chunks/000/functions-000051.c	-[SCRTUSEvent initWithEventName:eventId:product:protoPayload:payloadId:clientTs:]	
10af6da88	10af6da8f	decompiled	chunks/000/functions-000051.c	-[SCRTUSEvent eventName]	
10af6da90	10af6dabf	decompiled	chunks/000/functions-000051.c	-[SCRTUSEvent setEventName:]	
10af6dac0	10af6dac7	decompiled	chunks/000/functions-000051.c	-[SCRTUSEvent eventId]	
10af6dac8	10af6daf7	decompiled	chunks/000/functions-000051.c	-[SCRTUSEvent setEventId:]	
10af6daf8	10af6daff	decompiled	chunks/000/functions-000051.c	-[SCRTUSEvent product]	
10af6db00	10af6db07	decompiled	chunks/000/functions-000051.c	-[SCRTUSEvent setProduct:]	
10af6db08	10af6db0f	decompiled	chunks/000/functions-000051.c	-[SCRTUSEvent protoPayload]	
10af6db10	10af6db3f	decompiled	chunks/000/functions-000052.c	-[SCRTUSEvent setProtoPayload:]	
10af6db40	10af6db47	decompiled	chunks/000/functions-000052.c	-[SCRTUSEvent payloadId]	
10af6db48	10af6db4f	decompiled	chunks/000/functions-000052.c	-[SCRTUSEvent setPayloadId:]	
10af6db50	10af6db57	decompiled	chunks/000/functions-000052.c	-[SCRTUSEvent clientTs]	
10af6db58	10af6db87	decompiled	chunks/000/functions-000052.c	-[SCRTUSEvent setClientTs:]	
10af6db88	10af6dbcf	decompiled	chunks/000/functions-000052.c	-[SCRTUSEvent .cxx_destruct]	
10af6dbd0	10af6dbe7	decompiled	chunks/000/functions-000052.c	-[SCRTUSServices .cxx_destruct]	
10af6dbe8	10af6dc4f	decompiled	chunks/000/functions-000052.c	+[RTUSFilteringParenExp descriptor]	
10af6dc50	10af6dcb7	decompiled	chunks/000/functions-000052.c	+[RTUSFilteringNotExpression descriptor]	
10af6dcb8	10af6dd43	decompiled	chunks/000/functions-000052.c	+[RTUSFilteringNumberEqualityComparison descriptor]	
10af6dd44	10af6ddab	decompiled	chunks/000/functions-000052.c	+[RTUSFilteringBooleanComparison descriptor]	
10af6ddac	10af6ddef	decompiled	chunks/000/functions-000052.c	-[SCLazyCircumstanceEngineProxy appStartExperimentReader]	
10af6ddf0	10af6df0b	decompiled	chunks/000/functions-000052.c	-[SCLazyCircumstanceEngineProxy intValueForConfigKey:defaultValue:featureProvidedSignals:callbackPerformer:callback:]	
10af6df0c	10af6df1f	decompiled	chunks/000/functions-000052.c		
10af6df20	10af6e037	decompiled	chunks/000/functions-000052.c	-[SCLazyCircumstanceEngineProxy longValueForConfigKey:defaultValue:featureProvidedSignals:callbackPerformer:callback:]	
10af6e038	10af6e047	decompiled	chunks/000/functions-000052.c		
10af6e048	10af6e16b	decompiled	chunks/000/functions-000052.c	-[SCLazyCircumstanceEngineProxy floatValueForConfigKey:defaultValue:featureProvidedSignals:callbackPerformer:callback:]	
10af6e16c	10af6e17f	decompiled	chunks/000/functions-000052.c		
10af6e180	10af6e29b	decompiled	chunks/000/functions-000052.c	-[SCLazyCircumstanceEngineProxy boolValueForConfigKey:defaultValue:featureProvidedSignals:callbackPerformer:callback:]	
10af6e29c	10af6e2af	decompiled	chunks/000/functions-000052.c		
10af6e2b0	10af6e3eb	decompiled	chunks/000/functions-000052.c	-[SCLazyCircumstanceEngineProxy stringValueForConfigKey:defaultValue:featureProvidedSignals:callbackPerformer:callback:]	
10af6e3ec	10af6e3fb	decompiled	chunks/000/functions-000052.c		
10af6e3fc	10af6e537	decompiled	chunks/000/functions-000052.c	-[SCLazyCircumstanceEngineProxy protoValueForConfigKey:defaultValue:featureProvidedSignals:callbackPerformer:callback:]	
10af6e538	10af6e547	decompiled	chunks/000/functions-000052.c		
10af6e548	10af6e683	decompiled	chunks/000/functions-000052.c	-[SCLazyCircumstanceEngineProxy protoMessageForConfigKey:defaultMessage:featureProvidedSignals:callbackPerformer:callback:]	
10af6e684	10af6e693	decompiled	chunks/000/functions-000052.c		
10af6e694	10af6e7a3	decompiled	chunks/000/functions-000052.c	-[SCLazyCircumstanceEngineProxy manualExposureValueForConfigKey:featureProvidedSignals:callbackPerformer:callback:]	
10af6e7a4	10af6e7b3	decompiled	chunks/000/functions-000052.c		
10af6e7b4	10af6e7ff	decompiled	chunks/000/functions-000052.c	-[SCLazyCircumstanceEngineProxy getSequenceIdArrayInNamespace:]	
10af6e800	10af6e873	decompiled	chunks/000/functions-000052.c	-[SCLazyCircumstanceEngineProxy configsTokenWithCompletion:]	
10af6e874	10af6e8af	decompiled	chunks/000/functions-000052.c	-[SCLazyCircumstanceEngineProxy userInSafeMode]	
10af6e8b0	10af6e933	decompiled	chunks/000/functions-000052.c	-[SCLazyCircumstanceEngineProxy longValueForConfigKeySync:featureProvidedSignals:]	
10af6e934	10af6e9b7	decompiled	chunks/000/functions-000052.c	-[SCLazyCircumstanceEngineProxy manualExposureValueForConfigKeySync:featureProvidedSignals:]	
10af6e9b8	10af6ea13	decompiled	chunks/000/functions-000052.c	-[SCLazyCircumstanceEngineProxy bulkLoadNamespaceSync:exposeAll:]	
10af6ea14	10af6ea5f	decompiled	chunks/000/functions-000052.c	-[SCLazyCircumstanceEngineProxy createConfigProviderForNamespace:]	
10af6ea60	10af6eaa3	decompiled	chunks/000/functions-000052.c	-[SCLazyCircumstanceEngineProxy observeUpdates]	
10af6eaa4	10af6eae7	decompiled	chunks/000/functions-000052.c	-[SCLazyCircumstanceEngineProxy observeSessionSyncStatus]	
10af6eae8	10af6eb2b	decompiled	chunks/000/functions-000052.c	-[SCLazyCircumstanceEngineProxy getGrapheneContextBytes]	
10af6eb2c	10af6ebb7	decompiled	chunks/000/functions-000052.c	-[SCLazyCircumstanceEngineProxy intValueForConfigKeySync:defaultValue:featureProvidedSignals:]	
10af6ebb8	10af6ec43	decompiled	chunks/000/functions-000052.c	-[SCLazyCircumstanceEngineProxy longValueForConfigKeySync:defaultValue:featureProvidedSignals:]	
10af6ec44	10af6ecd7	decompiled	chunks/000/functions-000052.c	-[SCLazyCircumstanceEngineProxy floatValueForConfigKeySync:defaultValue:featureProvidedSignals:]	
10af6ecd8	10af6ed63	decompiled	chunks/000/functions-000052.c	-[SCLazyCircumstanceEngineProxy boolValueForConfigKeySync:defaultValue:featureProvidedSignals:]	
10af6ed64	10af6ee1f	decompiled	chunks/000/functions-000052.c	-[SCLazyCircumstanceEngineProxy stringValueForConfigKeySync:defaultValue:featureProvidedSignals:]	
10af6ee20	10af6eedb	decompiled	chunks/000/functions-000052.c	-[SCLazyCircumstanceEngineProxy stringArrayValueForConfigKeySync:defaultValue:featureProvidedSignals:]	
10af6eedc	10af6ef27	decompiled	chunks/000/functions-000052.c	-[SCLazyCircumstanceEngineProxy createConfigProviderMarshallerForNamespace:]	
10af6ef28	10af6ef33	decompiled	chunks/000/functions-000052.c	-[SCLazyCircumstanceEngineProxy .cxx_destruct]	
10af6ef34	10af6ef3b	decompiled	chunks/000/functions-000052.c	-[SCCircumstanceEngineConfiguration systemType]	
10af6ef3c	10af6ef5f	decompiled	chunks/000/functions-000052.c	-[SCCircumstanceEngineConfiguration getConfigurationState]	
10af6ef60	10af6ef67	decompiled	chunks/000/functions-000052.c	-[SCCircumstanceEngineConfiguration getGrapheneContextBytes]	
10af6ef68	10af6efa3	decompiled	chunks/000/functions-000052.c	-[SCCircumstanceEngineConfiguration .cxx_destruct]	
10af6efa4	10af6f02b	decompiled	chunks/000/functions-000052.c	+[SCTweakConfiguration sharedInstance]	
10af6f02c	10af6f053	decompiled	chunks/000/functions-000052.c		
10af6f054	10af6f05b	decompiled	chunks/000/functions-000052.c	-[SCTweakConfiguration systemType]	
10af6f05c	10af6f07f	decompiled	chunks/000/functions-000052.c	-[SCTweakConfiguration getConfigurationState]	
10af6f080	10af6f083	decompiled	chunks/000/functions-000052.c	-[SCTweakConfiguration boolValueForKey:]	
10af6f084	10af6f087	decompiled	chunks/000/functions-000052.c	-[SCTweakConfiguration intValueForKey:]	
10af6f088	10af6f08b	decompiled	chunks/000/functions-000052.c	-[SCTweakConfiguration floatValueForKey:]	
10af6f08c	10af6f08f	decompiled	chunks/000/functions-000052.c	-[SCTweakConfiguration stringValueForKey:]	
10af6f090	10af6f093	decompiled	chunks/000/functions-000052.c	-[SCTweakConfiguration protoValueForKey:]	
10af6f094	10af6f0cf	decompiled	chunks/000/functions-000052.c	-[SCTweakConfiguration tweakValueForKey:]	
10af6f0d0	10af6f0d7	decompiled	chunks/000/functions-000052.c	-[SCTweakConfiguration getGrapheneContextBytes]	
10af6f0d8	10af6f16b	decompiled	chunks/000/functions-000052.c	+[SCCircumstanceEngineConfigurationKey ConfigurationKeyWithKey:id:featureProvidedSignals:systemType:]	
10af6f16c	10af6f1ab	decompiled	chunks/000/functions-000052.c	-[SCCircumstanceEngineConfigurationKey setFeatureProvidedSignals:]	
10af6f1ac	10af6f253	decompiled	chunks/000/functions-000052.c	-[SCCompositeConfigurationKey initWithKey:id:configurationKeys:featureProvidedSignalsProto:]	
10af6f254	10af6f32b	decompiled	chunks/000/functions-000052.c	-[SCCompositeConfigurationKey hash]	
10af6f32c	10af6f4b7	decompiled	chunks/000/functions-000052.c	-[SCCompositeConfigurationKey isEqual:]	
10af6f4b8	10af6f55b	decompiled	chunks/000/functions-000052.c	+[SCCompositeConfigurationKey ConfigurationKeyWithKey:id:configurationKeys:featureProvidedSignalsProto:]	
10af6f55c	10af6f56b	decompiled	chunks/000/functions-000052.c	-[SCCompositeConfigurationKey configurationKeys]	
10af6f56c	10af6f5ab	decompiled	chunks/000/functions-000052.c	-[SCCompositeConfigurationKey setConfigurationKeys:]	
10af6f5ac	10af6f5bf	decompiled	chunks/000/functions-000052.c	-[SCCompositeConfigurationKey .cxx_destruct]	
10af6f5c0	10af6f71b	decompiled	chunks/000/functions-000052.c	-[SCTweakConfigurationKey initWithCategory:collection:name:id:featureProvidedSignalsProto:]	
10af6f71c	10af6f86f	decompiled	chunks/000/functions-000052.c	-[SCTweakConfigurationKey initWithKey:id:featureProvidedSignalsProto:]	
10af6f870	10af6f92b	decompiled	chunks/000/functions-000052.c	+[SCTweakConfigurationKey ConfigurationKeyWithCategory:collection:name:id:featureProvidedSignalsProto:]	
10af6f92c	10af6f9ff	decompiled	chunks/000/functions-000052.c	+[SCTweakConfigurationKey ConfigurationKeyFromKey:]	
10af6fa00	10af6fab3	decompiled	chunks/000/functions-000052.c	-[SCTweakConfigurationKey hash]	
10af6fab4	10af6fbef	decompiled	chunks/000/functions-000052.c	-[SCTweakConfigurationKey isEqual:]	
10af6fbf0	10af6fbff	decompiled	chunks/000/functions-000052.c	-[SCTweakConfigurationKey category]	
10af6fc00	10af6fc3f	decompiled	chunks/000/functions-000052.c	-[SCTweakConfigurationKey setCategory:]	
10af6fc40	10af6fc4f	decompiled	chunks/000/functions-000052.c	-[SCTweakConfigurationKey collection]	
10af6fc50	10af6fc8f	decompiled	chunks/000/functions-000052.c	-[SCTweakConfigurationKey setCollection:]	
10af6fc90	10af6fc9f	decompiled	chunks/000/functions-000052.c	-[SCTweakConfigurationKey name]	
10af6fca0	10af6fcdf	decompiled	chunks/000/functions-000052.c	-[SCTweakConfigurationKey setName:]	
10af6fce0	10af6fd2f	decompiled	chunks/000/functions-000052.c	-[SCTweakConfigurationKey .cxx_destruct]	
10af6fd30	10af6fd37	decompiled	chunks/000/functions-000052.c	-[SCCircumstanceEngineConfigurationMashaller getSystemType]	
10af6fd38	10af6fd93	decompiled	chunks/000/functions-000052.c	-[SCCircumstanceEngineConfigurationMashaller getConfigurationState]	
10af6fd94	10af6fd9f	decompiled	chunks/000/functions-000052.c	-[SCCircumstanceEngineConfigurationMashaller .cxx_destruct]	
10af6fda0	10af6fda7	decompiled	chunks/000/functions-000052.c	-[SCCompositeConfigurationMarshaller getSystemType]	
10af6fda8	10af6fdcb	decompiled	chunks/000/functions-000052.c	-[SCCompositeConfigurationMarshaller getConfigurationState]	
10af6fdcc	10af6fe27	decompiled	chunks/000/functions-000052.c	-[SCCompositeConfigurationMarshaller getRealValue:]	
10af6fe28	10af6fe83	decompiled	chunks/000/functions-000052.c	-[SCCompositeConfigurationMarshaller getStringValue:]	
10af6fe84	10af6fedf	decompiled	chunks/000/functions-000052.c	-[SCCompositeConfigurationMarshaller getBinaryValue:]	
10af6fee0	10af6ff3b	decompiled	chunks/000/functions-000052.c	-[SCCompositeConfigurationMarshaller getBooleanValue:]	
10af6ff3c	10af6ff97	decompiled	chunks/000/functions-000052.c	-[SCCompositeConfigurationMarshaller getIntegerValue:]	
10af6ff98	10af700bb	decompiled	chunks/000/functions-000052.c	-[SCCompositeConfigurationMarshaller configurationKeyFromKey:]	
10af700bc	10af700f7	decompiled	chunks/000/functions-000052.c	-[SCCompositeConfigurationMarshaller .cxx_destruct]	
10af700f8	10af7016b	decompiled	chunks/000/functions-000052.c	-[SCTweakConfigurationMarshaller initWithConfiguration:]	
10af7016c	10af70173	decompiled	chunks/000/functions-000052.c	-[SCTweakConfigurationMarshaller getSystemType]	
10af70174	10af70197	decompiled	chunks/000/functions-000052.c	-[SCTweakConfigurationMarshaller getConfigurationState]	
10af70198	10af701fb	decompiled	chunks/000/functions-000052.c	-[SCTweakConfigurationMarshaller getRealValue:]	
10af701fc	10af7025f	decompiled	chunks/000/functions-000052.c	-[SCTweakConfigurationMarshaller getStringValue:]	
10af70260	10af702c3	decompiled	chunks/000/functions-000053.c	-[SCTweakConfigurationMarshaller getBinaryValue:]	
10af702c4	10af70327	decompiled	chunks/000/functions-000053.c	-[SCTweakConfigurationMarshaller getBooleanValue:]	
10af70328	10af7038b	decompiled	chunks/000/functions-000053.c	-[SCTweakConfigurationMarshaller getIntegerValue:]	
10af7038c	10af70397	decompiled	chunks/000/functions-000053.c	-[SCTweakConfigurationMarshaller .cxx_destruct]	
10af70398	10af7039f	decompiled	chunks/000/functions-000053.c	-[SCCompositeConfigurationDelegate systemType]	
10af703a0	10af703c3	decompiled	chunks/000/functions-000053.c	-[SCCompositeConfigurationDelegate getConfigurationState]	
10af703c4	10af70473	decompiled	chunks/000/functions-000053.c	-[SCCompositeConfigurationDelegate boolValueForKey:]	
10af70474	10af70663	decompiled	chunks/000/functions-000053.c		
10af70664	10af70713	decompiled	chunks/000/functions-000053.c	-[SCCompositeConfigurationDelegate intValueForKey:]	
10af70714	10af707c3	decompiled	chunks/000/functions-000053.c	-[SCCompositeConfigurationDelegate floatValueForKey:]	
10af707c4	10af70873	decompiled	chunks/000/functions-000053.c	-[SCCompositeConfigurationDelegate stringValueForKey:]	
10af70874	10af70923	decompiled	chunks/000/functions-000053.c	-[SCCompositeConfigurationDelegate protoValueForKey:]	
10af70924	10af7092b	decompiled	chunks/000/functions-000053.c	-[SCCompositeConfigurationDelegate getGrapheneContextBytes]	
10af7092c	10af70953	decompiled	chunks/000/functions-000053.c	-[SCCompositeConfigurationDelegate .cxx_destruct]	
10af70954	10af7095b	decompiled	chunks/000/functions-000053.c	-[SCCompositeConfiguration systemType]	
10af7095c	10af7097f	decompiled	chunks/000/functions-000053.c	-[SCCompositeConfiguration getConfigurationState]	
10af70980	10af70c8f	decompiled	chunks/000/functions-000053.c	-[SCCompositeConfiguration boolValueForKey:]	
10af70c90	10af70f9f	decompiled	chunks/000/functions-000053.c	-[SCCompositeConfiguration intValueForKey:]	
10af70fa0	10af712af	decompiled	chunks/000/functions-000053.c	-[SCCompositeConfiguration floatValueForKey:]	
10af712b0	10af715bf	decompiled	chunks/000/functions-000053.c	-[SCCompositeConfiguration stringValueForKey:]	
10af715c0	10af718cf	decompiled	chunks/000/functions-000053.c	-[SCCompositeConfiguration protoValueForKey:]	
10af718d0	10af718d7	decompiled	chunks/000/functions-000053.c	-[SCCompositeConfiguration getGrapheneContextBytes]	
10af718d8	10af71907	decompiled	chunks/000/functions-000053.c	-[SCCompositeConfiguration .cxx_destruct]	
10af71908	10af7194f	decompiled	chunks/000/functions-000053.c	+[SCQuickPerfloggerQuickPerfLoggerEventCallback onEventDidEnd:]	
10af71950	10af719c7	decompiled	chunks/000/functions-000053.c	-[SCQuickPerfloggerQuickPerfLoggerEventCallback initWithCallback:]	
10af719c8	10af719d7	decompiled	chunks/000/functions-000053.c	-[SCQuickPerfloggerQuickPerfLoggerEventCallback onEventDidEnd:]	
10af719d8	10af719e3	decompiled	chunks/000/functions-000053.c	-[SCQuickPerfloggerQuickPerfLoggerEventCallback .cxx_destruct]	
10af719e4	10af71a23	decompiled	chunks/000/functions-000053.c	-[SCQuickPerfLoggerImplementation startTopicWithTopic:backgroundPolicy:]	
10af71a24	10af71a2b	decompiled	chunks/000/functions-000053.c	-[SCQuickPerfLoggerImplementation dropTopicWithTopic:instanceKey:]	
10af71a2c	10af71a33	decompiled	chunks/000/functions-000053.c	-[SCQuickPerfLoggerImplementation isTopicOnWithTopic:instanceKey:]	
10af71a34	10af71a7b	decompiled	chunks/000/functions-000053.c	-[SCQuickPerfLoggerImplementation addPointWithTopic:instanceKey:pointId:]	
10af71a7c	10af71b57	decompiled	chunks/000/functions-000053.c	-[SCQuickPerfLoggerImplementation endTopicWithTopic:instanceKey:state:errorCode:]	
10af71b58	10af71b63	decompiled	chunks/000/functions-000053.c		
10af71b64	10af71b6b	decompiled	chunks/000/functions-000053.c	-[SCQuickPerfLoggerImplementation addAnnotationWithTopic:instanceKey:annotationKey:annotationValue:]	
10af71b6c	10af71c07	decompiled	chunks/000/functions-000053.c	-[SCQuickPerfLoggerImplementation applicationDidEnterBackground]	
10af71c08	10af71c13	decompiled	chunks/000/functions-000053.c		
10af71c14	10af71c67	decompiled	chunks/000/functions-000053.c	-[SCQuickPerfLoggerImplementation _logEvent:]	
10af71c68	10af71cdb	decompiled	chunks/000/functions-000053.c	-[SCQuickPerfLoggerImplementation _convertToBlizzardEvent:]	
10af71cdc	10af71fb7	decompiled	chunks/000/functions-000053.c	-[SCQuickPerfLoggerImplementation _constructPlatformLoggerEvent:rawEvent:]	
10af71fb8	10af7205f	decompiled	chunks/000/functions-000053.c		
10af72060	10af720ff	decompiled	chunks/000/functions-000053.c	-[SCQuickPerfLoggerImplementation .cxx_destruct]	
10af72100	10af7210b	decompiled	chunks/000/functions-000053.c	-[SCAsyncQueueServices .cxx_destruct]	
10af7210c	10af722df	decompiled	chunks/000/functions-000053.c		
10af722e0	10af7241b	decompiled	chunks/000/functions-000053.c		
10af7241c	10af724af	decompiled	chunks/000/functions-000053.c		
10af724b0	10af724c7	decompiled	chunks/000/functions-000053.c		
10af724c8	10af7253f	decompiled	chunks/000/functions-000053.c	-[SCNQuickPerfloggerQuickPerfLoggerEventCallbackCppProxy initWithCpp:]	
10af72540	10af725fb	decompiled	chunks/000/functions-000053.c	-[SCNQuickPerfloggerQuickPerfLoggerEventCallbackCppProxy onEventDidEnd:]	
10af725fc	10af726ef	decompiled	chunks/000/functions-000053.c		
10af726f0	10af7274b	decompiled	chunks/000/functions-000053.c	-[SCNQuickPerfloggerQuickPerfLoggerEventCallbackCppProxy .cxx_destruct]	
10af7274c	10af727bf	decompiled	chunks/000/functions-000053.c	-[SCNQuickPerfloggerQuickPerfLoggerEventCallbackCppProxy .cxx_construct]	
10af727c0	10af728b7	decompiled	chunks/000/functions-000053.c		
10af728b8	10af728bb	decompiled	chunks/000/functions-000053.c		
10af728bc	10af728cf	decompiled	chunks/000/functions-000053.c		
10af728d0	10af728db	decompiled	chunks/000/functions-000053.c		
10af728dc	10af72917	decompiled	chunks/000/functions-000053.c		
10af72918	10af7298b	decompiled	chunks/000/functions-000053.c		
10af7298c	10af72a1f	decompiled	chunks/000/functions-000053.c		
10af72a20	10af72a2f	decompiled	chunks/000/functions-000053.c		
10af72a30	10af72a7f	decompiled	chunks/000/functions-000053.c		
10af72a80	10af72aab	decompiled	chunks/000/functions-000053.c		
10af72aac	10af72b03	decompiled	chunks/000/functions-000053.c	-[SCNQuickPerfloggerQuickPerfLoggerEventManager startTopic:topicStartTimestampInMicroSeconds:backgroundPolicy:]	
10af72b04	10af72b57	decompiled	chunks/000/functions-000053.c	-[SCNQuickPerfloggerQuickPerfLoggerEventManager dropTopic:instanceKey:]	
10af72b58	10af72bab	decompiled	chunks/000/functions-000053.c	-[SCNQuickPerfloggerQuickPerfLoggerEventManager isTopicOn:instanceKey:]	
10af72bac	10af72cbf	decompiled	chunks/000/functions-000053.c	-[SCNQuickPerfloggerQuickPerfLoggerEventManager endTopic:instanceKey:topicEndTimestampInMicroSeconds:endState:errorCode:eventEndCallback:]	
10af72cc0	10af72d1b	decompiled	chunks/000/functions-000053.c	-[SCNQuickPerfloggerQuickPerfLoggerEventManager addPoint:instanceKey:pointId:pointStartTimestampInMicroSeconds:]	
10af72d1c	10af72def	decompiled	chunks/000/functions-000053.c	-[SCNQuickPerfloggerQuickPerfLoggerEventManager addAnnotation:instanceKey:annotationKey:annotationValue:]	
10af72df0	10af72ea3	decompiled	chunks/000/functions-000053.c	-[SCNQuickPerfloggerQuickPerfLoggerEventManager cancelEventsOnBackground:eventEndCallback:]	
10af72ea4	10af72f2f	decompiled	chunks/000/functions-000053.c	-[SCNQuickPerfloggerQuickPerfLoggerEventManager getEvent:instanceKey:]	
10af72f30	10af72f83	decompiled	chunks/000/functions-000053.c	-[SCNQuickPerfloggerQuickPerfLoggerEventManager .cxx_destruct]	
10af72f84	10af72fd7	decompiled	chunks/000/functions-000053.c		
10af72fd8	10af73057	decompiled	chunks/000/functions-000053.c	-[SCNQuickPerfloggerQuickPerfLoggerEventManagerProvider initWithCpp:]	
10af73058	10af730b3	decompiled	chunks/000/functions-000053.c	-[SCNQuickPerfloggerQuickPerfLoggerEventManagerProvider .cxx_destruct]	
10af730b4	10af7312b	decompiled	chunks/000/functions-000053.c	-[SCNQuickPerfloggerQuickPerfLoggerEventManagerProvider .cxx_construct]	
10af7312c	10af7360f	decompiled	chunks/000/functions-000053.c		
10af73610	10af7368b	decompiled	chunks/000/functions-000053.c		
10af7368c	10af7370b	decompiled	chunks/000/functions-000053.c		
10af7370c	10af737af	decompiled	chunks/000/functions-000053.c		
10af737b0	10af738bf	decompiled	chunks/000/functions-000053.c		
10af738c0	10af73927	decompiled	chunks/000/functions-000053.c		
10af73928	10af7395b	decompiled	chunks/000/functions-000053.c		
10af7395c	10af73a33	decompiled	chunks/000/functions-000053.c		
10af73a34	10af73acf	decompiled	chunks/000/functions-000053.c		
10af73ad0	10af73ad3	decompiled	chunks/000/functions-000053.c		
10af73ad4	10af73ae7	decompiled	chunks/000/functions-000053.c		
10af73ae8	10af73b57	decompiled	chunks/000/functions-000053.c		
10af73b58	10af73b5b	decompiled	chunks/000/functions-000053.c		
10af73b5c	10af73b6f	decompiled	chunks/000/functions-000053.c		
10af73b70	10af73b8f	decompiled	chunks/000/functions-000053.c		
10af73b90	10af73bbf	decompiled	chunks/000/functions-000053.c		
10af73bc0	10af73bd7	decompiled	chunks/000/functions-000053.c		
10af73bd8	10af73c1b	decompiled	chunks/000/functions-000053.c		
10af73c1c	10af73cb3	decompiled	chunks/000/functions-000053.c		
10af73cb4	10af73de7	decompiled	chunks/000/functions-000053.c		
10af73de8	10af73fe3	decompiled	chunks/000/functions-000053.c		
10af73fe4	10af7403f	decompiled	chunks/000/functions-000053.c		
10af74040	10af74093	decompiled	chunks/000/functions-000053.c		
10af74094	10af744bb	decompiled	chunks/000/functions-000053.c	-[SCMainAppSnapTokenAuthenticatedRequestsProvider submitPostRequestWithEndpoint:data:completionPerformer:successBlock:failureBlock:]	
10af744bc	10af74577	decompiled	chunks/000/functions-000053.c		
10af74578	10af745bf	decompiled	chunks/000/functions-000053.c	-[SCMainAppSnapTokenAuthenticatedRequestsProvider deviceId]	
10af745c0	10af745d7	decompiled	chunks/000/functions-000054.c	-[SCMainAppSnapTokenAuthenticatedRequestsProvider httpMetadataService]	
10af745d8	10af745ef	decompiled	chunks/000/functions-000054.c	-[SCMainAppSnapTokenAuthenticatedRequestsProvider httpRequestModifier]	
10af745f0	10af7462f	decompiled	chunks/000/functions-000054.c	-[SCMainAppSnapTokenAuthenticatedRequestsProvider .cxx_destruct]	
10af74630	10af7474b	decompiled	chunks/000/functions-000054.c	-[SCSnapTokenMainAppLogger _logSnapTokenPrefetchError:metricsInfo:]	
10af7474c	10af7499f	decompiled	chunks/000/functions-000054.c	-[SCSnapTokenMainAppLogger logAccessTokenRetrievalErrorWithError:forMetricsInfo:]	
10af749a0	10af749af	decompiled	chunks/000/functions-000054.c	-[SCSnapTokenMainAppLogger logAccessTokenFetchWithNeedsCloud1TLToken:]	
10af749b0	10af74a37	decompiled	chunks/000/functions-000054.c	-[SCSnapTokenMainAppLogger logSnapTokenSessionRequestSuccessWithLatencySecs:]	
10af74a38	10af74b3f	decompiled	chunks/000/functions-000054.c	-[SCSnapTokenMainAppLogger logSnapTokenSessionRequestErrorWithError:]	
10af74b40	10af74ba7	decompiled	chunks/000/functions-000054.c	-[SCSnapTokenMainAppLogger logAccessTokenPrefetchInThePastErrorWithMagnitudeSecs:forType:]	
10af74ba8	10af74bc7	decompiled	chunks/000/functions-000054.c	-[SCSnapTokenMainAppLogger logSnapTokenLoginProcessingLatency:]	
10af74bc8	10af74bd7	decompiled	chunks/000/functions-000054.c	-[SCSnapTokenMainAppLogger logSnapTokensOnJanusLoginProcessedWithStatus:]	
10af74bd8	10af74bf7	decompiled	chunks/000/functions-000054.c	-[SCSnapTokenMainAppLogger logSnapTokensOnLoginEntryPointProcessingWithStatus:referrer:]	
10af74bf8	10af74c07	decompiled	chunks/000/functions-000054.c	-[SCSnapTokenMainAppLogger logInvalidRefreshTokenOnAccessTokenFetchWithStatus:]	
10af74c08	10af74c1b	decompiled	chunks/000/functions-000054.c	-[SCSnapTokenMainAppLogger logInvalidRefreshTokenOnSnapSessionFetchWithStatus:source:]	
10af74c1c	10af74c2b	decompiled	chunks/000/functions-000054.c	-[SCSnapTokenMainAppLogger logSuccesfulRefreshTokenOnSessionFetchWithSource:]	
10af74c2c	10af74c3b	decompiled	chunks/000/functions-000054.c	-[SCSnapTokenMainAppLogger logSnapTokenStorageHadToBeBackedUpWithOperation:]	
10af74c3c	10af74c47	decompiled	chunks/000/functions-000054.c	-[SCSnapTokenMainAppLogger logSnapSessionStartWithoutRefreshToken]	
10af74c48	10af74c67	decompiled	chunks/000/functions-000054.c	-[SCSnapTokenMainAppLogger logAttestationTotalLatencyWithSecs:]	
10af74c68	10af74c87	decompiled	chunks/000/functions-000054.c	-[SCSnapTokenMainAppLogger logAttestationGenerationLatencyWithSecs:]	
10af74c88	10af74c93	decompiled	chunks/000/functions-000054.c	-[SCSnapTokenMainAppLogger logSnapTokenStorageLatency:forMethodWithName:]	
10af74c94	10af74cab	decompiled	chunks/000/functions-000054.c	-[SCSnapTokenMainAppLogger logSnapTokenDiskStorageTokenReadOperationWithSuccess:errorCode:tokenType:]	
10af74cac	10af74cc3	decompiled	chunks/000/functions-000054.c	-[SCSnapTokenMainAppLogger logSnapTokenDiskStorageTokenWriteOperationWithSuccess:errorCode:tokenType:]	
10af74cc4	10af74cdb	decompiled	chunks/000/functions-000054.c	-[SCSnapTokenMainAppLogger logSnapTokenDiskStorageTokenDeleteOperationWithSuccess:errorCode:tokenType:]	
10af74cdc	10af74ce7	decompiled	chunks/000/functions-000054.c	-[SCSnapTokenMainAppLogger logSnapTokenAccessPostInvalidation]	
10af74ce8	10af74cf7	decompiled	chunks/000/functions-000054.c	-[SCSnapTokenMainAppLogger logSnapTokenDiskStorageAccessPostInvalidationWithOperation:]	
10af74cf8	10af74db7	decompiled	chunks/000/functions-000054.c	-[SCSnapTokenMainAppLogger _logSnapTokenDiskStorageTokenOperation:success:errorCode:tokenType:]	
10af74db8	10af74e1b	decompiled	chunks/000/functions-000054.c	-[SCSnapTokenMainAppLogger logFatalCondition:]	
10af74e1c	10af74e9f	decompiled	chunks/000/functions-000054.c		
10af74ea0	10af74ebb	decompiled	chunks/000/functions-000054.c	-[SCSnapTokenMainAppLogger _onAppWillEnterForeground]	
10af74ebc	10af74ec3	decompiled	chunks/000/functions-000054.c	-[SCSnapTokenMainAppLogger _onAppDidEnterBackground]	
10af74ec4	10af74ecb	decompiled	chunks/000/functions-000054.c	-[SCSnapTokenMainAppLogger _onAppWillTerminate]	
10af74ecc	10af74f13	decompiled	chunks/000/functions-000054.c	-[SCSnapTokenMainAppLogger .cxx_destruct]	
10af74f14	10af74f43	decompiled	chunks/000/functions-000054.c	-[SCSnapTokenManagerMainAppInternalDelegate .cxx_destruct]	
10af74f44	10af750b7	decompiled	chunks/000/functions-000054.c		
10af750b8	10af751cf	decompiled	chunks/000/functions-000054.c		
10af751d0	10af755f3	decompiled	chunks/000/functions-000054.c		
10af755f4	10af75927	decompiled	chunks/000/functions-000054.c		
10af75928	10af75b57	decompiled	chunks/000/functions-000054.c		
10af75b58	10af75ccb	decompiled	chunks/000/functions-000054.c		
10af75ccc	10af75d37	decompiled	chunks/000/functions-000054.c		
10af75d38	10af7608f	decompiled	chunks/000/functions-000054.c		
10af76090	10af763e3	decompiled	chunks/000/functions-000054.c		
10af763e4	10af764bf	decompiled	chunks/000/functions-000054.c		
10af764c0	10af7677f	decompiled	chunks/000/functions-000054.c		
10af76780	10af76a3f	decompiled	chunks/000/functions-000054.c		
10af76a40	10af76af3	decompiled	chunks/000/functions-000054.c		
10af76af4	10af76c67	decompiled	chunks/000/functions-000054.c		
10af76c68	10af76cd3	decompiled	chunks/000/functions-000054.c		
10af76cd4	10af76f03	decompiled	chunks/000/functions-000054.c		
10af76f04	10af76f97	decompiled	chunks/000/functions-000054.c		
10af76f98	10af771c7	decompiled	chunks/000/functions-000054.c		
10af771c8	10af773f7	decompiled	chunks/000/functions-000054.c		
10af773f8	10af7748b	decompiled	chunks/000/functions-000054.c		
10af7748c	10af77503	decompiled	chunks/000/functions-000054.c		
10af77504	10af77677	decompiled	chunks/000/functions-000054.c		
10af77678	10af778a7	decompiled	chunks/000/functions-000054.c		
10af778a8	10af77a1b	decompiled	chunks/000/functions-000054.c		
10af77a1c	10af77b8f	decompiled	chunks/000/functions-000054.c		
10af77b90	10af77d03	decompiled	chunks/000/functions-000054.c		
10af77d04	10af77d6f	decompiled	chunks/000/functions-000054.c		
10af77d70	10af77ee3	decompiled	chunks/000/functions-000054.c		
10af77ee4	10af77f4f	decompiled	chunks/000/functions-000054.c		
10af77f50	10af78283	decompiled	chunks/000/functions-000054.c		
10af78284	10af783f7	decompiled	chunks/000/functions-000054.c		
10af783f8	10af78627	decompiled	chunks/000/functions-000054.c		
10af78628	10af7879b	decompiled	chunks/000/functions-000054.c		
10af7879c	10af7890f	decompiled	chunks/000/functions-000054.c		
10af78910	10af78987	decompiled	chunks/000/functions-000054.c		
10af78988	10af789ff	decompiled	chunks/000/functions-000054.c		
10af78a00	10af78b73	decompiled	chunks/000/functions-000054.c		
10af78b74	10af78beb	decompiled	chunks/000/functions-000054.c		
10af78bec	10af78c63	decompiled	chunks/000/functions-000054.c		
10af78c64	10af78c6f	decompiled	chunks/000/functions-000054.c	-[SCAppUserLifecycleEventHandlerServices .cxx_destruct]	
10af78c70	10af78cfb	decompiled	chunks/000/functions-000054.c	-[SCSnapTokenKeychainBackedByArchiveDiskStorage setAccessTokenDataWithData:userId:accessType:]	
10af78cfc	10af78d67	decompiled	chunks/000/functions-000054.c	-[SCSnapTokenKeychainBackedByArchiveDiskStorage removeAccessTokenDataWithUserId:accessType:]	
10af78d68	10af78e1b	decompiled	chunks/000/functions-000054.c	-[SCSnapTokenKeychainBackedByArchiveDiskStorage setRefreshTokenDataWithData:userId:]	
10af78e1c	10af78eb7	decompiled	chunks/000/functions-000054.c	-[SCSnapTokenKeychainBackedByArchiveDiskStorage removeRefreshTokenDataWithUserId:]	
10af78eb8	10af78f33	decompiled	chunks/000/functions-000054.c	-[SCSnapTokenKeychainBackedByArchiveDiskStorage setCloud1TLTokenDataWithData:forUserId:]	
10af78f34	10af78f97	decompiled	chunks/000/functions-000054.c	-[SCSnapTokenKeychainBackedByArchiveDiskStorage removeCloud1TLTokenDataWithUserId:]	
10af78f98	10af79063	decompiled	chunks/000/functions-000054.c	-[SCSnapTokenKeychainBackedByArchiveDiskStorage _archiveSetRefreshTokenData:forUserId:]	
10af79064	10af790f3	decompiled	chunks/000/functions-000054.c	-[SCSnapTokenKeychainBackedByArchiveDiskStorage _archiveRemoveRefreshTokenDataForUserId:]	
10af790f4	10af791f3	decompiled	chunks/000/functions-000054.c	-[SCSnapTokenKeychainBackedByArchiveDiskStorage _archiveRefreshTokenDataForUserId:]	
10af791f4	10af7927f	decompiled	chunks/000/functions-000054.c	-[SCSnapTokenKeychainBackedByArchiveDiskStorage pathForUserId:]	
10af79280	10af792af	decompiled	chunks/000/functions-000054.c	-[SCSnapTokenKeychainBackedByArchiveDiskStorage .cxx_destruct]	
10af792b0	10af79403	decompiled	chunks/000/functions-000054.c	+[SCSnapTokenMetricsUtil generateAccessTokenFetchErrorBlizzardEventWithError:metricsInfo:]	
10af79404	10af79463	decompiled	chunks/000/functions-000054.c	+[SCSnapTokenMetricsUtil generateSnapSessionFetchErrorBlizzardEventWithError:]	
10af79464	10af794d7	decompiled	chunks/000/functions-000054.c	+[SCSnapTokenMetricsUtil generateSnapTokenAppSessionPeriodBlizzardEventWithScope:misses:]	
10af794d8	10af79567	decompiled	chunks/000/functions-000054.c	-[SCSnapTokenKeychainDiskStorage setRefreshTokenDataWithData:userId:]	
10af79568	10af795cb	decompiled	chunks/000/functions-000054.c	-[SCSnapTokenKeychainDiskStorage removeRefreshTokenDataWithUserId:]	
10af795cc	10af79687	decompiled	chunks/000/functions-000054.c	-[SCSnapTokenKeychainDiskStorage setAccessTokenDataWithData:userId:accessType:]	
10af79688	10af79713	decompiled	chunks/000/functions-000054.c	-[SCSnapTokenKeychainDiskStorage removeAccessTokenDataWithUserId:accessType:]	
10af79714	10af797a3	decompiled	chunks/000/functions-000054.c	-[SCSnapTokenKeychainDiskStorage setCloud1TLTokenDataWithData:forUserId:]	
10af797a4	10af79807	decompiled	chunks/000/functions-000054.c	-[SCSnapTokenKeychainDiskStorage removeCloud1TLTokenDataWithUserId:]	
10af79808	10af79933	decompiled	chunks/000/functions-000054.c	-[SCSnapTokenKeychainDiskStorage _guardedDataForKey:tokenType:]	
10af79934	10af7994b	decompiled	chunks/000/functions-000054.c		
10af7994c	10af7998f	decompiled	chunks/000/functions-000054.c		
10af79990	10af79a4b	decompiled	chunks/000/functions-000054.c	-[SCSnapTokenKeychainDiskStorage _guardedRemoveDataForKeyWithStatus:tokenType:]	
10af79a4c	10af79a5b	decompiled	chunks/000/functions-000054.c		
10af79a5c	10af79b43	decompiled	chunks/000/functions-000054.c	-[SCSnapTokenKeychainDiskStorage _guardedSetBackgroundDataWithStatus:forKey:tokenType:]	
10af79b44	10af79b53	decompiled	chunks/000/functions-000054.c		
10af79b54	10af79bfb	decompiled	chunks/000/functions-000055.c	-[SCSnapTokenKeychainDiskStorage _removeDataForKeyWithStatus:tokenType:]	
10af79bfc	10af79ca7	decompiled	chunks/000/functions-000055.c	-[SCSnapTokenKeychainDiskStorage _setBackgroundDataWithStatus:forKey:tokenType:]	
10af79ca8	10af79cd7	decompiled	chunks/000/functions-000055.c	-[SCSnapTokenKeychainDiskStorage .cxx_destruct]	
10af79cd8	10af79d93	decompiled	chunks/000/functions-000055.c	-[SCSnapTokenAccessTokenFetchOperation sendFailure:]	
10af79d94	10af79da3	decompiled	chunks/000/functions-000055.c		
10af79da4	10af79dab	decompiled	chunks/000/functions-000055.c	-[SCSnapTokenAccessTokenFetchOperation isSyncBlockExecution]	
10af79dac	10af79db3	decompiled	chunks/000/functions-000055.c	-[SCSnapTokenAccessTokenFetchOperation setIsSyncBlockExecution:]	
10af79db4	10af79dbb	decompiled	chunks/000/functions-000055.c	-[SCSnapTokenAccessTokenFetchOperation successQueue]	
10af79dbc	10af79dc3	decompiled	chunks/000/functions-000055.c	-[SCSnapTokenAccessTokenFetchOperation failureQueue]	
10af79dc4	10af79dcb	decompiled	chunks/000/functions-000055.c	-[SCSnapTokenAccessTokenFetchOperation successBlock]	
10af79dcc	10af79dd3	decompiled	chunks/000/functions-000055.c	-[SCSnapTokenAccessTokenFetchOperation setSuccessBlock:]	
10af79dd4	10af79ddb	decompiled	chunks/000/functions-000055.c	-[SCSnapTokenAccessTokenFetchOperation failureBlock]	
10af79ddc	10af79de3	decompiled	chunks/000/functions-000055.c	-[SCSnapTokenAccessTokenFetchOperation setFailureBlock:]	
10af79de4	10af79e87	decompiled	chunks/000/functions-000055.c	-[SCSnapTokenStorageLatencyOperation initWithLogger:name:]	
10af79e88	10af79eab	decompiled	chunks/000/functions-000055.c	-[SCSnapTokenStorageLatencyOperation begin]	
10af79eac	10af79eeb	decompiled	chunks/000/functions-000055.c	-[SCSnapTokenStorageLatencyOperation end]	
10af79eec	10af79f1b	decompiled	chunks/000/functions-000055.c	-[SCSnapTokenStorageLatencyOperation .cxx_destruct]	
10af79f1c	10af79f8f	decompiled	chunks/000/functions-000055.c	-[SCSnapTokenLatencyInstrumentor initWithLogger:]	
10af79f90	10af79f97	decompiled	chunks/000/functions-000055.c	-[SCSnapTokenLatencyInstrumentor beginStorageLatencyOperationWithName:]	
10af79f98	10af79fa3	decompiled	chunks/000/functions-000055.c	-[SCSnapTokenLatencyInstrumentor .cxx_destruct]	
10af79fa4	10af7a09f	decompiled	chunks/000/functions-000055.c		
10af7a0a0	10af7a373	decompiled	chunks/000/functions-000055.c		
10af7a374	10af7a633	decompiled	chunks/000/functions-000055.c		
10af7a634	10af7a6cb	decompiled	chunks/000/functions-000055.c		
10af7a6cc	10af7a7c7	decompiled	chunks/000/functions-000055.c		
10af7a7c8	10af7a943	decompiled	chunks/000/functions-000055.c		
10af7a944	10af7a95b	decompiled	chunks/000/functions-000055.c		
10af7a95c	10af7ab9b	decompiled	chunks/000/functions-000055.c		
10af7ab9c	10af7ac57	decompiled	chunks/000/functions-000055.c		
10af7ac58	10af7accb	decompiled	chunks/000/functions-000055.c		
10af7accc	10af7aef7	decompiled	chunks/000/functions-000055.c		
10af7aef8	10af7af27	decompiled	chunks/000/functions-000055.c	-[SCSnapTokenManager initWithRequestsProvider:circumstanceEngine:logger:userId:snapTokenStorageBackedUp:source:]	
10af7af28	10af7af3f	decompiled	chunks/000/functions-000055.c	-[SCSnapTokenManager initWithRequestsProvider:logger:userId:snapTokenStorageBackedUp:source:]	
10af7af40	10af7af67	decompiled	chunks/000/functions-000055.c	-[SCSnapTokenManager snapTokenStore]	
10af7af68	10af7b0ab	decompiled	chunks/000/functions-000055.c	-[SCSnapTokenManager fetchAccessTokenForAccessType:successQueue:failureQueue:successBlock:failureBlock:]	
10af7b0ac	10af7b0db	decompiled	chunks/000/functions-000055.c		
10af7b0dc	10af7b313	decompiled	chunks/000/functions-000055.c	-[SCSnapTokenManager invalidate]	
10af7b314	10af7b3ab	decompiled	chunks/000/functions-000055.c		
10af7b3ac	10af7b5cb	decompiled	chunks/000/functions-000055.c	-[SCSnapTokenManager getRefreshTokenWithCompletionBlock:]	
10af7b5cc	10af7b64b	decompiled	chunks/000/functions-000055.c		
10af7b64c	10af7b7af	decompiled	chunks/000/functions-000055.c	+[SCSnapTokenManager _createNSErrorWithCode:errorReason:origError:]	
10af7b7b0	10af7b87f	decompiled	chunks/000/functions-000055.c	-[SCSnapTokenManager _handleInvalidate]	
10af7b880	10af7b933	decompiled	chunks/000/functions-000055.c		
10af7b934	10af7b937	decompiled	chunks/000/functions-000055.c		
10af7b938	10af7bd4b	decompiled	chunks/000/functions-000055.c	-[SCSnapTokenManager _getRefreshTokenToExchangeForOp:]	
10af7bd4c	10af7bd63	decompiled	chunks/000/functions-000055.c		
10af7bd64	10af7bdbf	decompiled	chunks/000/functions-000055.c		
10af7bdc0	10af7be23	decompiled	chunks/000/functions-000055.c		
10af7be24	10af7be97	decompiled	chunks/000/functions-000055.c		
10af7be98	10af7bf37	decompiled	chunks/000/functions-000055.c		
10af7bf38	10af7bfcf	decompiled	chunks/000/functions-000055.c	-[SCSnapTokenManager _refreshTokenFetchDoneForOp:refreshToken:needsCloud1TLToken:]	
10af7bfd0	10af7c06f	decompiled	chunks/000/functions-000055.c	-[SCSnapTokenManager _handleMissingRefreshTokenForOp:]	
10af7c070	10af7c2e7	decompiled	chunks/000/functions-000055.c	-[SCSnapTokenManager _networkFetchAccessTokenForOp:refreshToken:needsCloud1TLToken:]	
10af7c2e8	10af7c337	decompiled	chunks/000/functions-000055.c		
10af7c338	10af7c3f3	decompiled	chunks/000/functions-000055.c		
10af7c3f4	10af7c873	decompiled	chunks/000/functions-000055.c	-[SCSnapTokenManager _handleAccessTokenNetworkFetchSuccessForResponse:]	
10af7c874	10af7cadf	decompiled	chunks/000/functions-000055.c	-[SCSnapTokenManager _handleAccessTokenNetworkFetchForError:]	
10af7cae0	10af7cbe3	decompiled	chunks/000/functions-000055.c	-[SCSnapTokenManager _accessTokenDoneWithErrorForOp:error:]	
10af7cbe4	10af7cc6f	decompiled	chunks/000/functions-000055.c	-[SCSnapTokenManager _assertMissingRefreshToken]	
10af7cc70	10af7ccfb	decompiled	chunks/000/functions-000055.c	-[SCSnapTokenManager _immediateSnaptokenStorageCleanupOnLogout]	
10af7ccfc	10af7ce63	decompiled	chunks/000/functions-000055.c	-[SCSnapTokenManager cleanOldTokensOnLogin]	
10af7ce64	10af7cfab	decompiled	chunks/000/functions-000055.c	-[SCSnapTokenManager clearAccessTokens]	
10af7cfac	10af7d0f3	decompiled	chunks/000/functions-000055.c	-[SCSnapTokenManager clearInMemoryAccessTokens]	
10af7d0f4	10af7d3bf	decompiled	chunks/000/functions-000055.c	-[SCSnapTokenManager invalidateApiGwAccessToken]	
10af7d3c0	10af7d3c7	decompiled	chunks/000/functions-000055.c	-[SCSnapTokenManager pendingAccessTokenFetchWaiters]	
10af7d3c8	10af7d3cf	decompiled	chunks/000/functions-000055.c	-[SCSnapTokenManager setInvalidated:]	
10af7d3d0	10af7d3d7	decompiled	chunks/000/functions-000055.c	-[SCSnapTokenManager networkRequests]	
10af7d3d8	10af7d46f	decompiled	chunks/000/functions-000055.c	-[SCSnapTokenManager .cxx_destruct]	
10af7d470	10af7d517	decompiled	chunks/000/functions-000055.c		
10af7d518	10af7d703	decompiled	chunks/000/functions-000055.c	-[SCSnapTokenNetworkRequests fetchAccessTokensForServerScopeNames:refreshToken:needsCloud1TLToken:op:completionPerformer:successBlock:failureBlock:]	
10af7d704	10af7d73b	decompiled	chunks/000/functions-000055.c		
10af7d73c	10af7d79f	decompiled	chunks/000/functions-000055.c		
10af7d7a0	10af7dacb	decompiled	chunks/000/functions-000055.c	-[SCSnapTokenNetworkRequests _buildRequestAndSubmitAccessTokenFetchWithServerScopeNames:refreshToken:needsCloud1TLToken:op:completionPerformer:successBlock:failureBlock:]	
10af7dacc	10af7db73	decompiled	chunks/000/functions-000055.c		
10af7db74	10af7dc6b	decompiled	chunks/000/functions-000055.c		
10af7dc6c	10af7ddbf	decompiled	chunks/000/functions-000055.c	-[SCSnapTokenNetworkRequests _accessTokenHttpSuccessWithResponseData:successBlock:failureBlock:]	
10af7ddc0	10af7debb	decompiled	chunks/000/functions-000055.c	-[SCSnapTokenNetworkRequests _accessTokenSuccessWithResponse:successBlock:failureBlock:]	
10af7debc	10af7e4c7	decompiled	chunks/000/functions-000055.c	-[SCSnapTokenNetworkRequests _buildAccessTokenRequestForRefreshToken:serverScopeNames:needsCloud1TLToken:]	
10af7e4c8	10af7e54b	decompiled	chunks/000/functions-000055.c	-[SCSnapTokenNetworkRequests _shouldAddAttestationOnAccessTokenRefresh]	
10af7e54c	10af7e607	decompiled	chunks/000/functions-000055.c	-[SCSnapTokenNetworkRequests _generateAttestationRequestToken]	
10af7e608	10af7e7e3	decompiled	chunks/000/functions-000055.c	-[SCSnapTokenNetworkRequests _getAttestationPayloadWithRequestToken:]	
10af7e7e4	10af7e7fb	decompiled	chunks/000/functions-000055.c		
10af7e7fc	10af7e85f	decompiled	chunks/000/functions-000055.c		
10af7e860	10af7e867	decompiled	chunks/000/functions-000055.c	-[SCSnapTokenNetworkRequests requestsProvider]	
10af7e868	10af7e8bb	decompiled	chunks/000/functions-000055.c	-[SCSnapTokenNetworkRequests .cxx_destruct]	
10af7e8bc	10af7e8cb	decompiled	chunks/000/functions-000055.c	-[SCSnapTokenStorage setSnapSessionSyncWithRefreshToken:accessTokens:userId:]	
10af7e8cc	10af7e98b	decompiled	chunks/000/functions-000055.c	-[SCSnapTokenStorage _setSnapSessionSyncWithRefreshToken:accessTokens:cloud1TLToken:userId:isSessionVerified:]	
10af7e98c	10af7e9cb	decompiled	chunks/000/functions-000055.c		
10af7e9cc	10af7e9e3	decompiled	chunks/000/functions-000055.c		
10af7e9e4	10af7ebbf	decompiled	chunks/000/functions-000055.c	-[SCSnapTokenStorage getAccessTokenAsyncForFetchOperation:userId:completionPerformer:completion:]	
10af7ebc0	10af7ec47	decompiled	chunks/000/functions-000055.c		
10af7ec48	10af7ecb7	decompiled	chunks/000/functions-000055.c		
10af7ecb8	10af7ecf7	decompiled	chunks/000/functions-000055.c		
10af7ecf8	10af7ed87	decompiled	chunks/000/functions-000055.c	-[SCSnapTokenStorage getAccessTokenSyncForAccessType:userId:]	
10af7ed88	10af7edfb	decompiled	chunks/000/functions-000055.c	-[SCSnapTokenStorage setAccessTokensSyncWithUserId:accessTokens:]	
10af7edfc	10af7eeb3	decompiled	chunks/000/functions-000055.c	-[SCSnapTokenStorage setAccessTokenSyncWithUserId:accessToken:accessType:]	
10af7eeb4	10af7ef33	decompiled	chunks/000/functions-000055.c	-[SCSnapTokenStorage setCloud1TLTokenSyncWithUserId:cloud1TLToken:]	
10af7ef34	10af7ef8b	decompiled	chunks/000/functions-000055.c	-[SCSnapTokenStorage handleInvalidationSyncForUserId:]	
10af7ef8c	10af7f03b	decompiled	chunks/000/functions-000055.c	-[SCSnapTokenStorage clearAllAccessTokensSyncWithUserId:]	
10af7f03c	10af7f06f	decompiled	chunks/000/functions-000055.c		
10af7f070	10af7f0cf	decompiled	chunks/000/functions-000056.c	-[SCSnapTokenStorage clearAllInMemoryAccessTokensSyncWithUserId:]	
10af7f0d0	10af7f0db	decompiled	chunks/000/functions-000056.c		
10af7f0dc	10af7f1c3	decompiled	chunks/000/functions-000056.c	-[SCSnapTokenStorage getAccessTokenDirectlyFromPersistentStorageForAccesstype:userId:]	
10af7f1c4	10af7f1cb	decompiled	chunks/000/functions-000056.c	-[SCSnapTokenStorage updateWithSession:userId:]	
10af7f1cc	10af7f1d3	decompiled	chunks/000/functions-000056.c	-[SCSnapTokenStorage updateWithUnverifiedSession:userId:]	
10af7f1d4	10af7f377	decompiled	chunks/000/functions-000056.c	-[SCSnapTokenStorage _updateWithSession:userId:isSessionVerified:]	
10af7f378	10af7f4c7	decompiled	chunks/000/functions-000056.c	-[SCSnapTokenStorage _updateRefreshToken:accessTokens:cloud1TLToken:userId:isSessionVerified:]	
10af7f4c8	10af7f56f	decompiled	chunks/000/functions-000056.c	-[SCSnapTokenStorage _clearAllTokensForUserId:]	
10af7f570	10af7f66b	decompiled	chunks/000/functions-000056.c	-[SCSnapTokenStorage _updateAccessTokens:userId:]	
10af7f66c	10af7f707	decompiled	chunks/000/functions-000056.c		
10af7f708	10af7f7f3	decompiled	chunks/000/functions-000056.c	-[SCSnapTokenStorage _clearAccessTokensForUserId:]	
10af7f7f4	10af7f803	decompiled	chunks/000/functions-000056.c		
10af7f804	10af7f917	decompiled	chunks/000/functions-000056.c	-[SCSnapTokenStorage _updateAccessToken:accessType:userId:]	
10af7f918	10af7f9bf	decompiled	chunks/000/functions-000056.c	-[SCSnapTokenStorage _clearAccessTokenForAccessType:userId:]	
10af7f9c0	10af7fa97	decompiled	chunks/000/functions-000056.c	-[SCSnapTokenStorage _updateRefreshToken:userId:isSessionVerified:]	
10af7fa98	10af7fb3f	decompiled	chunks/000/functions-000056.c	-[SCSnapTokenStorage _clearRefreshTokenForUserId:]	
10af7fb40	10af7fc0f	decompiled	chunks/000/functions-000056.c	-[SCSnapTokenStorage _updateCloud1TLToken:userId:]	
10af7fc10	10af7fcb7	decompiled	chunks/000/functions-000056.c	-[SCSnapTokenStorage _clearCloud1TLTokenForUserId:]	
10af7fcb8	10af7fe63	decompiled	chunks/000/functions-000056.c	-[SCSnapTokenStorage _removeAccessTokenFromMemoryForAccessTypeKey:]	
10af7fe64	10af7ffbf	decompiled	chunks/000/functions-000056.c	-[SCSnapTokenStorage _writeToDiskAccessToken:accessType:userId:]	
10af7ffc0	10af80077	decompiled	chunks/000/functions-000056.c	-[SCSnapTokenStorage _removeAccessTokenFromDiskForAccessType:userId:]	
10af80078	10af80163	decompiled	chunks/000/functions-000056.c	-[SCSnapTokenStorage _writeToDiskRefreshToken:userId:]	
10af80164	10af801ef	decompiled	chunks/000/functions-000056.c	-[SCSnapTokenStorage _removeRefreshTokenFromDiskForUserId:]	
10af801f0	10af802db	decompiled	chunks/000/functions-000056.c	-[SCSnapTokenStorage _writeToDiskCloud1TLToken:userId:]	
10af802dc	10af80367	decompiled	chunks/000/functions-000056.c	-[SCSnapTokenStorage _removeCloud1TLTokenFromDiskForUserId:]	
10af80368	10af8036f	decompiled	chunks/000/functions-000056.c	-[SCSnapTokenStorage setInvalidated:]	
10af80370	10af803cb	decompiled	chunks/000/functions-000056.c	-[SCSnapTokenStorage .cxx_destruct]	
10af803cc	10af803d3	decompiled	chunks/000/functions-000056.c		
10af803d4	10af8040f	decompiled	chunks/000/functions-000056.c		
10af80410	10af80413	decompiled	chunks/000/functions-000056.c		
10af80414	10af80427	decompiled	chunks/000/functions-000056.c		
10af80428	10af804a7	decompiled	chunks/000/functions-000056.c		
10af804a8	10af8066f	decompiled	chunks/000/functions-000056.c		
10af80670	10af80753	decompiled	chunks/000/functions-000056.c		
10af80754	10af80807	decompiled	chunks/000/functions-000056.c		
10af80808	10af8083b	decompiled	chunks/000/functions-000056.c		
10af8083c	10af80893	decompiled	chunks/000/functions-000056.c		
10af80894	10af808b3	decompiled	chunks/000/functions-000056.c		
10af808b4	10af80a0b	decompiled	chunks/000/functions-000056.c		
10af80a0c	10af80a73	decompiled	chunks/000/functions-000056.c		
10af80a74	10af80af3	decompiled	chunks/000/functions-000056.c		
10af80af4	10af80af7	decompiled	chunks/000/functions-000056.c		
10af80af8	10af80b0b	decompiled	chunks/000/functions-000056.c		
10af80b0c	10af80b17	decompiled	chunks/000/functions-000056.c		
10af80b18	10af80c87	decompiled	chunks/000/functions-000056.c		
10af80c88	10af8129f	decompiled	chunks/000/functions-000056.c		
10af812a0	10af81583	decompiled	chunks/000/functions-000056.c		
10af81584	10af81797	decompiled	chunks/000/functions-000056.c		
10af81798	10af81873	decompiled	chunks/000/functions-000056.c		
10af81874	10af818cf	decompiled	chunks/000/functions-000056.c		
10af818d0	10af818d3	decompiled	chunks/000/functions-000056.c		
10af818d4	10af818e7	decompiled	chunks/000/functions-000056.c		
10af818e8	10af818f3	decompiled	chunks/000/functions-000056.c		
10af818f4	10af81983	decompiled	chunks/000/functions-000056.c		
10af81984	10af81e17	decompiled	chunks/000/functions-000056.c		
10af81e18	10af81e37	decompiled	chunks/000/functions-000056.c		
10af81e38	10af81e6b	decompiled	chunks/000/functions-000056.c		
10af81e6c	10af81fdb	decompiled	chunks/000/functions-000056.c		
10af81fdc	10af82067	decompiled	chunks/000/functions-000056.c		
10af82068	10af8206b	decompiled	chunks/000/functions-000056.c		
10af8206c	10af8207f	decompiled	chunks/000/functions-000056.c		
10af82080	10af8235f	decompiled	chunks/000/functions-000056.c		
10af82360	10af824eb	decompiled	chunks/000/functions-000056.c		
10af824ec	10af825cb	decompiled	chunks/000/functions-000056.c		
10af825cc	10af825d3	decompiled	chunks/000/functions-000056.c		
10af825d4	10af826c3	decompiled	chunks/000/functions-000056.c		
10af826c4	10af82897	decompiled	chunks/000/functions-000056.c		
10af82898	10af82e1b	decompiled	chunks/000/functions-000056.c	-[SCSpectaclesWiFiNetworksController initWithDelegate:SSID:password:reachabilityCheckURL:networkConnectivityMonitorFactory:circumstanceEngine:systemScope:]	
10af82e1c	10af82e6f	decompiled	chunks/000/functions-000056.c		
10af82e70	10af82f17	decompiled	chunks/000/functions-000056.c	-[SCSpectaclesWiFiNetworksController startConnecting]	
10af82f18	10af82f4f	decompiled	chunks/000/functions-000056.c		
10af82f50	10af82f6f	decompiled	chunks/000/functions-000056.c	-[SCSpectaclesWiFiNetworksController isJoinedWiFiNetwork]	
10af82f70	10af83017	decompiled	chunks/000/functions-000056.c	-[SCSpectaclesWiFiNetworksController cancel]	
10af83018	10af83087	decompiled	chunks/000/functions-000056.c		
10af83088	10af830fb	decompiled	chunks/000/functions-000056.c	-[SCSpectaclesWiFiNetworksController startedConnecting]	
10af830fc	10af8322f	decompiled	chunks/000/functions-000056.c	-[SCSpectaclesWiFiNetworksController askingToJoin]	
10af83230	10af8330b	decompiled	chunks/000/functions-000056.c		
10af8330c	10af83347	decompiled	chunks/000/functions-000056.c		
10af83348	10af8334b	decompiled	chunks/000/functions-000056.c	-[SCSpectaclesWiFiNetworksController waitingForJoining]	
10af8334c	10af8337f	decompiled	chunks/000/functions-000056.c	-[SCSpectaclesWiFiNetworksController joined]	
10af83380	10af833c3	decompiled	chunks/000/functions-000056.c	-[SCSpectaclesWiFiNetworksController errorWhileInitializing]	
10af833c4	10af83407	decompiled	chunks/000/functions-000056.c	-[SCSpectaclesWiFiNetworksController userRejectedJoinDialog]	
10af83408	10af8344b	decompiled	chunks/000/functions-000056.c	-[SCSpectaclesWiFiNetworksController interruptWhileAskingToJoin]	
10af8344c	10af8348f	decompiled	chunks/000/functions-000056.c	-[SCSpectaclesWiFiNetworksController interruptWhileWaitingToJoin]	
10af83490	10af834ef	decompiled	chunks/000/functions-000056.c	-[SCSpectaclesWiFiNetworksController disconnected:]	
10af834f0	10af83613	decompiled	chunks/000/functions-000056.c	-[SCSpectaclesWiFiNetworksController checkJoinConditionsWithCompletion:]	
10af83614	10af8378b	decompiled	chunks/000/functions-000056.c	-[SCSpectaclesWiFiNetworksController _handleHotspotApplyCompletion:]	
10af8378c	10af838c3	decompiled	chunks/000/functions-000056.c	-[SCSpectaclesWiFiNetworksController _startReachabilityWatcher]	
10af838c4	10af83923	decompiled	chunks/000/functions-000056.c		
10af83924	10af839db	decompiled	chunks/000/functions-000056.c	-[SCSpectaclesWiFiNetworksController _networkConnectivityStatusDidChange:]	
10af839dc	10af83a2b	decompiled	chunks/000/functions-000056.c		
10af83a2c	10af83a83	decompiled	chunks/000/functions-000056.c	-[SCSpectaclesWiFiNetworksController _startSSIDPollingTimer]	
10af83a84	10af83b2b	decompiled	chunks/000/functions-000056.c	-[SCSpectaclesWiFiNetworksController _checkCurrentSSIDIfNotInBackground]	
10af83b2c	10af83c1f	decompiled	chunks/000/functions-000056.c		
10af83c20	10af83c53	decompiled	chunks/000/functions-000056.c		
10af83c54	10af83d37	decompiled	chunks/000/functions-000056.c	-[SCSpectaclesWiFiNetworksController _checkCurrentSSIDIfNeeded]	
10af83d38	10af83df3	decompiled	chunks/000/functions-000056.c	-[SCSpectaclesWiFiNetworksController .cxx_destruct]	
10af83df4	10af83e27	decompiled	chunks/000/functions-000056.c		
10af83e28	10af83ef3	decompiled	chunks/000/functions-000056.c	-[SCSpectaclesWiFiNetworksControllerFactoryImplementation initWithNetworkConnectivityMonitorFactory:circumstanceEngine:systemScope:]	
10af83ef4	10af83fdb	decompiled	chunks/000/functions-000056.c	-[SCSpectaclesWiFiNetworksControllerFactoryImplementation createControllerWithDelegate:SSID:password:reachabilityCheckURL:]	
10af83fdc	10af84017	decompiled	chunks/000/functions-000057.c	-[SCSpectaclesWiFiNetworksControllerFactoryImplementation .cxx_destruct]	
10af84018	10af840fb	decompiled	chunks/000/functions-000057.c	-[SCSpectaclesWiFiNetworksControllerServiceProvider provide]	
10af840fc	10af8420f	decompiled	chunks/000/functions-000057.c		
10af84210	10af8424b	decompiled	chunks/000/functions-000057.c	-[SCSpectaclesWiFiNetworksControllerServiceProvider end]	
10af8424c	10af8429f	decompiled	chunks/000/functions-000057.c	-[SCSpectaclesWiFiNetworksControllerServiceProvider .cxx_destruct]	
10af842a0	10af84417	decompiled	chunks/000/functions-000057.c	-[SCGCDBlockTimer initWithTimeInterval:callbackQueue:callbackBlock:repeats:]	
10af84418	10af8446b	decompiled	chunks/000/functions-000057.c		
10af8446c	10af844af	decompiled	chunks/000/functions-000057.c	-[SCGCDBlockTimer dealloc]	
10af844b0	10af844b7	decompiled	chunks/000/functions-000057.c	-[SCGCDBlockTimer invalidate]	
10af844b8	10af844c3	decompiled	chunks/000/functions-000057.c	-[SCGCDBlockTimer .cxx_destruct]	
10af844c4	10af84507	decompiled	chunks/000/functions-000057.c	-[SCGCDTimer dealloc]	
10af84508	10af84587	decompiled	chunks/000/functions-000057.c		
10af84588	10af845a3	decompiled	chunks/000/functions-000057.c	-[SCGCDTimer testAndSetInvalid]	
10af845a4	10af845af	decompiled	chunks/000/functions-000057.c	-[SCGCDTimer isInvalid]	
10af845b0	10af8465f	decompiled	chunks/000/functions-000057.c	-[SCGCDTimer invalidate]	
10af84660	10af84667	decompiled	chunks/000/functions-000057.c		
10af84668	10af8466f	decompiled	chunks/000/functions-000057.c	-[SCGCDTimer userInfo]	
10af84670	10af84677	decompiled	chunks/000/functions-000057.c	-[SCGCDTimer scheduledDate]	
10af84678	10af8467f	decompiled	chunks/000/functions-000057.c	-[SCGCDTimer timer]	
10af84680	10af84687	decompiled	chunks/000/functions-000057.c	-[SCGCDTimer queue]	
10af84688	10af846cf	decompiled	chunks/000/functions-000057.c	-[SCGCDTimer .cxx_destruct]	
10af846d0	10af84713	decompiled	chunks/000/functions-000057.c	-[SCThrottleTimer dealloc]	
10af84714	10af8474f	decompiled	chunks/000/functions-000057.c	-[SCThrottleTimer _onThrottleTargetDidTrigger:]	
10af84750	10af84777	decompiled	chunks/000/functions-000057.c	-[SCThrottleTimer reschedule]	
10af84778	10af84783	decompiled	chunks/000/functions-000057.c	-[SCThrottleTimer isScheduled]	
10af84784	10af847d7	decompiled	chunks/000/functions-000057.c	-[SCThrottleTimer .cxx_destruct]	
10af847d8	10af8480f	decompiled	chunks/000/functions-000057.c	-[SCThrottleTarget onTimer:]	
10af84810	10af84837	decompiled	chunks/000/functions-000057.c	-[SCThrottleTarget .cxx_destruct]	
10af84838	10af848cb	decompiled	chunks/000/functions-000057.c		
10af848cc	10af8490f	decompiled	chunks/000/functions-000057.c	-[SCWeakTimer dealloc]	
10af84910	10af849b7	decompiled	chunks/000/functions-000057.c	-[SCWeakTimer invalidate]	
10af849b8	10af849bf	decompiled	chunks/000/functions-000057.c		
10af849c0	10af84a0f	decompiled	chunks/000/functions-000057.c	-[SCWeakTimer isValid]	
10af84a10	10af84a67	decompiled	chunks/000/functions-000057.c	-[SCWeakTimer fireDate]	
10af84a68	10af84ac3	decompiled	chunks/000/functions-000057.c	-[SCWeakTimer setFireDate:]	
10af84ac4	10af84acf	decompiled	chunks/000/functions-000057.c	-[SCWeakTimer .cxx_destruct]	
10af84ad0	10af84b43	decompiled	chunks/000/functions-000057.c	-[SCSpectaclesWiFiNetworksServices initWithWiFiNetworksControllerFactory:]	
10af84b44	10af84b4b	decompiled	chunks/000/functions-000057.c	-[SCSpectaclesWiFiNetworksServices wiFiNetworksControllerFactory]	
10af84b4c	10af84b57	decompiled	chunks/000/functions-000057.c	-[SCSpectaclesWiFiNetworksServices .cxx_destruct]	
10af84b58	10af84c2b	decompiled	chunks/000/functions-000057.c	-[SCStateMachine _printAvailableTransitions]	
10af84c2c	10af84c33	decompiled	chunks/000/functions-000057.c	-[SCStateMachine assertUnhandledEvents]	
10af84c34	10af84c3b	decompiled	chunks/000/functions-000057.c	-[SCStateMachine setAssertUnhandledEvents:]	
10af84c3c	10af84c43	decompiled	chunks/000/functions-000057.c	-[SCStateMachine reentryEnabled]	
10af84c44	10af84c4b	decompiled	chunks/000/functions-000057.c	-[SCStateMachine setReentryEnabled:]	
10af84c4c	10af84c53	decompiled	chunks/000/functions-000057.c	-[SCStateMachine initialState]	
10af84c54	10af84c5b	decompiled	chunks/000/functions-000057.c	-[SCStateMachine name]	
10af84c5c	10af84c63	decompiled	chunks/000/functions-000057.c	-[SCStateMachine transitionTable]	
10af84c64	10af84c93	decompiled	chunks/000/functions-000057.c	-[SCStateMachine .cxx_destruct]	
10af84c94	10af84d17	decompiled	chunks/000/functions-000057.c	+[SCStateMachineToUMLConverter convertStateMachineToUML:nameProvider:]	
10af84d18	10af85387	decompiled	chunks/000/functions-000057.c	+[SCStateMachineToUMLConverter _convertStateMachineToUML:nameProvider:]	
10af85388	10af853eb	decompiled	chunks/000/functions-000057.c	-[SCStateMachineTransition canHandleData]	
10af853ec	10af853f3	decompiled	chunks/000/functions-000057.c	-[SCStateMachineTransition .cxx_destruct]	
10af853f4	10af8559f	decompiled	chunks/000/functions-000057.c		
10af855a0	10af8571f	decompiled	chunks/000/functions-000057.c	-[SCPerfLogger _metricValuesToProtoDict:]	
10af85720	10af85877	decompiled	chunks/000/functions-000057.c	-[SCPerfLogger _metricTransform:]	
10af85878	10af859a3	decompiled	chunks/000/functions-000057.c	-[SCPerfLogger logMetric:]	
10af859a4	10af85a63	decompiled	chunks/000/functions-000057.c	-[SCPerfMetric initWithEventName:metricType:value:]	
10af85a64	10af85b0f	decompiled	chunks/000/functions-000057.c	-[SCPerfMetric initWithEventName:metricType:metricValue:]	
10af85b10	10af85be3	decompiled	chunks/000/functions-000057.c	-[SCPerfMetric initWithEventName:metricType:metricValue:params:]	
10af85be4	10af85cdb	decompiled	chunks/000/functions-000057.c	-[SCPerfMetric initWithEventName:metricType:metricValue:params:ts:]	
10af85cdc	10af85cff	decompiled	chunks/000/functions-000057.c	-[SCPerfMetric copyWithZone:]	
10af85d00	10af85daf	decompiled	chunks/000/functions-000057.c	-[SCPerfMetric hash]	
10af85db0	10af85eb3	decompiled	chunks/000/functions-000057.c	-[SCPerfMetric isEqual:]	
10af85eb4	10af85ebb	decompiled	chunks/000/functions-000057.c	-[SCPerfMetric eventName]	
10af85ebc	10af85ec3	decompiled	chunks/000/functions-000057.c	-[SCPerfMetric metricType]	
10af85ec4	10af85ecb	decompiled	chunks/000/functions-000057.c	-[SCPerfMetric metricValue]	
10af85ecc	10af85ed3	decompiled	chunks/000/functions-000057.c	-[SCPerfMetric params]	
10af85ed4	10af85edb	decompiled	chunks/000/functions-000057.c	-[SCPerfMetric ts]	
10af85edc	10af85f17	decompiled	chunks/000/functions-000057.c	-[SCPerfMetric .cxx_destruct]	
10af85f18	10af85fd3	decompiled	chunks/000/functions-000057.c	+[SCTracingServicesBatteryDataProducer sharedBatteryDPWithBatteryLogger:]	
10af85fd4	10af86013	decompiled	chunks/000/functions-000057.c		
10af86014	10af860cf	decompiled	chunks/000/functions-000057.c	-[SCTracingServicesBatteryDataProducer initWithBatteryLogger:]	
10af860d0	10af860db	decompiled	chunks/000/functions-000057.c	-[SCTracingServicesBatteryDataProducer dataProducerName]	
10af860dc	10af8614f	decompiled	chunks/000/functions-000057.c	-[SCTracingServicesBatteryDataProducer traceGpuStats]	
10af86150	10af861df	decompiled	chunks/000/functions-000057.c	-[SCTracingServicesBatteryDataProducer willStart]	
10af861e0	10af861e7	decompiled	chunks/000/functions-000057.c		
10af861e8	10af8635f	decompiled	chunks/000/functions-000057.c	-[SCTracingServicesBatteryDataProducer start]	
10af86360	10af86387	decompiled	chunks/000/functions-000057.c	-[SCTracingServicesBatteryDataProducer stop]	
10af86388	10af863c3	decompiled	chunks/000/functions-000057.c	-[SCTracingServicesBatteryDataProducer .cxx_destruct]	
10af863c4	10af86443	decompiled	chunks/000/functions-000057.c	-[SCTracingServicesInitialPageDataProducer initWithAttributionServices:]	
10af86444	10af86447	decompiled	chunks/000/functions-000057.c	-[SCTracingServicesInitialPageDataProducer willStart]	
10af86448	10af86453	decompiled	chunks/000/functions-000057.c	-[SCTracingServicesInitialPageDataProducer dataProducerName]	
10af86454	10af864ff	decompiled	chunks/000/functions-000057.c	-[SCTracingServicesInitialPageDataProducer start]	
10af86500	10af86503	decompiled	chunks/000/functions-000057.c	-[SCTracingServicesInitialPageDataProducer stop]	
10af86504	10af8650f	decompiled	chunks/000/functions-000057.c	-[SCTracingServicesInitialPageDataProducer .cxx_destruct]	
10af86510	10af865fb	decompiled	chunks/000/functions-000057.c	+[SCTracingServicesMemoryDataProducer sharedMemoryDPWithMemoryPressureState:memoryUsageReporter:]	
10af865fc	10af8663b	decompiled	chunks/000/functions-000057.c		
10af8663c	10af866eb	decompiled	chunks/000/functions-000057.c	-[SCTracingServicesMemoryDataProducer initWithMemoryPressureState:memoryUsageReporter:]	
10af866ec	10af866f7	decompiled	chunks/000/functions-000057.c	-[SCTracingServicesMemoryDataProducer dataProducerName]	
10af866f8	10af8682f	decompiled	chunks/000/functions-000057.c	-[SCTracingServicesMemoryDataProducer start]	
10af86830	10af8684f	decompiled	chunks/000/functions-000057.c		
10af86850	10af8691b	decompiled	chunks/000/functions-000057.c		
10af8691c	10af8691f	decompiled	chunks/000/functions-000057.c	-[SCTracingServicesMemoryDataProducer stop]	
10af86920	10af86923	decompiled	chunks/000/functions-000057.c	-[SCTracingServicesMemoryDataProducer willStart]	
10af86924	10af86953	decompiled	chunks/000/functions-000057.c	-[SCTracingServicesMemoryDataProducer .cxx_destruct]	
10af86954	10af869bb	decompiled	chunks/000/functions-000057.c	-[NativeTraceSDKImpl beginSyncTrace:]	
10af869bc	10af869fb	decompiled	chunks/000/functions-000057.c	-[NativeTraceSDKImpl endSyncTrace:]	
10af869fc	10af86a63	decompiled	chunks/000/functions-000057.c	-[NativeTraceSDKImpl beginAsyncTrace:]	
10af86a64	10af86aa3	decompiled	chunks/000/functions-000057.c	-[NativeTraceSDKImpl endAsyncTrace:]	
10af86aa4	10af86b07	decompiled	chunks/000/functions-000057.c	-[NativeTraceSDKImpl traceCounter:count:]	
10af86b08	10af86b0b	decompiled	chunks/000/functions-000058.c	-[SCTracingServicesNativeSDKDataProducer willStart]	
10af86b0c	10af86b17	decompiled	chunks/000/functions-000058.c	-[SCTracingServicesNativeSDKDataProducer dataProducerName]	
10af86b18	10af86b57	decompiled	chunks/000/functions-000058.c	-[SCTracingServicesNativeSDKDataProducer start]	
10af86b58	10af86b67	decompiled	chunks/000/functions-000058.c	-[SCTracingServicesNativeSDKDataProducer stop]	
10af86b68	10af86c23	decompiled	chunks/000/functions-000058.c	+[SCTracingServicesNetworkingDataProducer sharedProducerWithBandwidthEstimator:]	
10af86c24	10af86c63	decompiled	chunks/000/functions-000058.c		
10af86c64	10af86d1f	decompiled	chunks/000/functions-000058.c	-[SCTracingServicesNetworkingDataProducer initWithBandwidthEstimator:]	
10af86d20	10af86dcb	decompiled	chunks/000/functions-000058.c	-[SCTracingServicesNetworkingDataProducer logNetworkBandwidthStats]	
10af86dcc	10af86e5b	decompiled	chunks/000/functions-000058.c	-[SCTracingServicesNetworkingDataProducer willStart]	
10af86e5c	10af86e63	decompiled	chunks/000/functions-000058.c		
10af86e64	10af86e6b	decompiled	chunks/000/functions-000058.c	-[SCTracingServicesNetworkingDataProducer start]	
10af86e6c	10af86e93	decompiled	chunks/000/functions-000058.c	-[SCTracingServicesNetworkingDataProducer stop]	
10af86e94	10af86e9f	decompiled	chunks/000/functions-000058.c	-[SCTracingServicesNetworkingDataProducer dataProducerName]	
10af86ea0	10af86ee7	decompiled	chunks/000/functions-000058.c	-[SCTracingServicesNetworkingDataProducer .cxx_destruct]	
10af86ee8	10af86f3b	decompiled	chunks/000/functions-000058.c	+[SCTracingServicesPerfLoggerDataProducer sharedPerfDP]	
10af86f3c	10af86f67	decompiled	chunks/000/functions-000058.c		
10af86f68	10af86fa3	decompiled	chunks/000/functions-000058.c	-[SCTracingServicesPerfLoggerDataProducer init]	
10af86fa4	10af87007	decompiled	chunks/000/functions-000058.c	-[SCTracingServicesPerfLoggerDataProducer logMetric:]	
10af87008	10af87013	decompiled	chunks/000/functions-000058.c	-[SCTracingServicesPerfLoggerDataProducer dataProducerName]	
10af87014	10af87017	decompiled	chunks/000/functions-000058.c	-[SCTracingServicesPerfLoggerDataProducer willStart]	
10af87018	10af87023	decompiled	chunks/000/functions-000058.c	-[SCTracingServicesPerfLoggerDataProducer start]	
10af87024	10af8702b	decompiled	chunks/000/functions-000058.c	-[SCTracingServicesPerfLoggerDataProducer stop]	
10af8702c	10af870fb	decompiled	chunks/000/functions-000058.c	-[SCTracingServicesSystemStatsDataProducer init]	
10af870fc	10af8711b	decompiled	chunks/000/functions-000058.c	-[SCTracingServicesSystemStatsDataProducer systemStatToMilliseconds:]	
10af8711c	10af87197	decompiled	chunks/000/functions-000058.c	-[SCTracingServicesSystemStatsDataProducer logCounter:previousValue:name:]	
10af87198	10af8736f	decompiled	chunks/000/functions-000058.c	-[SCTracingServicesSystemStatsDataProducer sampleSystemStats]	
10af87370	10af87473	decompiled	chunks/000/functions-000058.c	-[SCTracingServicesSystemStatsDataProducer traceSystemStats]	
10af87474	10af8747f	decompiled	chunks/000/functions-000058.c	-[SCTracingServicesSystemStatsDataProducer dataProducerName]	
10af87480	10af8750b	decompiled	chunks/000/functions-000058.c	-[SCTracingServicesSystemStatsDataProducer willStart]	
10af8750c	10af87513	decompiled	chunks/000/functions-000058.c		
10af87514	10af8751b	decompiled	chunks/000/functions-000058.c	-[SCTracingServicesSystemStatsDataProducer start]	
10af8751c	10af8755f	decompiled	chunks/000/functions-000058.c	-[SCTracingServicesSystemStatsDataProducer stop]	
10af87560	10af8758f	decompiled	chunks/000/functions-000058.c	-[SCTracingServicesSystemStatsDataProducer .cxx_destruct]	
10af87590	10af875e3	decompiled	chunks/000/functions-000058.c	+[SCTracingServicesDataProducerManager shared]	
10af875e4	10af8760f	decompiled	chunks/000/functions-000058.c		
10af87610	10af87697	decompiled	chunks/000/functions-000058.c	-[SCTracingServicesDataProducerManager init]	
10af87698	10af87723	decompiled	chunks/000/functions-000058.c	-[SCTracingServicesDataProducerManager addDataProducer:]	
10af87724	10af8776f	decompiled	chunks/000/functions-000058.c		
10af87770	10af877d7	decompiled	chunks/000/functions-000058.c	-[SCTracingServicesDataProducerManager prepareDataProducers]	
10af877d8	10af877f3	decompiled	chunks/000/functions-000058.c		
10af877f4	10af87863	decompiled	chunks/000/functions-000058.c	-[SCTracingServicesDataProducerManager startDataProducers]	
10af87864	10af8787f	decompiled	chunks/000/functions-000058.c		
10af87880	10af878eb	decompiled	chunks/000/functions-000058.c	-[SCTracingServicesDataProducerManager stopDataProducers]	
10af878ec	10af87907	decompiled	chunks/000/functions-000058.c		
10af87908	10af8790f	decompiled	chunks/000/functions-000058.c	-[SCTracingServicesDataProducerManager areDataProducersRunning]	
10af87910	10af8793f	decompiled	chunks/000/functions-000058.c	-[SCTracingServicesDataProducerManager .cxx_destruct]	
10af87940	10af87947	decompiled	chunks/000/functions-000058.c	-[SCMemoryUsageServices memoryUsageInfoProvider]	
10af87948	10af87977	decompiled	chunks/000/functions-000058.c	-[SCMemoryUsageServices .cxx_destruct]	
10af87978	10af879c3	decompiled	chunks/000/functions-000058.c	+[SCMemoryPressureState critical]	
10af879c4	10af87a0b	decompiled	chunks/000/functions-000058.c	+[SCMemoryPressureState normal]	
10af87a0c	10af87a57	decompiled	chunks/000/functions-000058.c	+[SCMemoryPressureState warning]	
10af87a58	10af87a7b	decompiled	chunks/000/functions-000058.c	-[SCMemoryPressureState copyWithZone:]	
10af87a7c	10af87a83	decompiled	chunks/000/functions-000058.c	-[SCMemoryPressureState hash]	
10af87a84	10af87ac7	decompiled	chunks/000/functions-000058.c	-[SCMemoryPressureState internalInit]	
10af87ac8	10af87b4f	decompiled	chunks/000/functions-000058.c	-[SCMemoryPressureState isEqual:]	
10af87b50	10af87beb	decompiled	chunks/000/functions-000058.c	-[SCMemoryPressureState matchNormal:warning:critical:]	
10af87bec	10af87c3f	decompiled	chunks/000/functions-000058.c		
10af87c40	10af87cf3	decompiled	chunks/000/functions-000058.c		
10af87cf4	10af87d63	decompiled	chunks/000/functions-000058.c		
10af87d64	10af87e6b	decompiled	chunks/000/functions-000058.c		
10af87e6c	10af8816f	decompiled	chunks/000/functions-000058.c	+[SCNetworkActivityAttributionIdentifier extractAttributionIdentifierFromDescription:]	
10af88170	10af8833f	decompiled	chunks/000/functions-000058.c	-[SCNetworkActivityAttributionIdentifier initWithNetworkActivityAttributionInfo:]	
10af88340	10af8848f	decompiled	chunks/000/functions-000058.c	-[SCNetworkActivityAttributionIdentifier initWithNetworkActivitySourceType:requestTypeStr:isUIAssetRequest:host:formattedPath:boltUseCase:mediaContextType:grpcFeature:]	
10af88490	10af8886b	decompiled	chunks/000/functions-000058.c	-[SCNetworkActivityAttributionIdentifier _formattedPathForAttributionWithOriginalPath:url:]	
10af8886c	10af88a4b	decompiled	chunks/000/functions-000058.c	-[SCNetworkActivityAttributionIdentifier _parseBoltUseCaseFromUrl:]	
10af88a4c	10af88c73	decompiled	chunks/000/functions-000058.c	-[SCNetworkActivityAttributionIdentifier _buildActivityAttributionIdentifierDescription]	
10af88c74	10af88d77	decompiled	chunks/000/functions-000058.c	-[SCNetworkActivityAttributionIdentifier networkTaskType]	
10af88d78	10af88dcb	decompiled	chunks/000/functions-000058.c	-[SCNetworkActivityAttributionIdentifier networkActivityGroup]	
10af88dcc	10af88dd3	decompiled	chunks/000/functions-000058.c	-[SCNetworkActivityAttributionIdentifier networkActivitySourceType]	
10af88dd4	10af88ddb	decompiled	chunks/000/functions-000058.c	-[SCNetworkActivityAttributionIdentifier setNetworkActivitySourceType:]	
10af88ddc	10af88de3	decompiled	chunks/000/functions-000058.c	-[SCNetworkActivityAttributionIdentifier requestTypeStr]	
10af88de4	10af88deb	decompiled	chunks/000/functions-000058.c	-[SCNetworkActivityAttributionIdentifier setRequestTypeStr:]	
10af88dec	10af88df3	decompiled	chunks/000/functions-000058.c	-[SCNetworkActivityAttributionIdentifier isUIAssetRequest]	
10af88df4	10af88dfb	decompiled	chunks/000/functions-000058.c	-[SCNetworkActivityAttributionIdentifier setIsUIAssetRequest:]	
10af88dfc	10af88e03	decompiled	chunks/000/functions-000058.c	-[SCNetworkActivityAttributionIdentifier host]	
10af88e04	10af88e0b	decompiled	chunks/000/functions-000058.c	-[SCNetworkActivityAttributionIdentifier setHost:]	
10af88e0c	10af88e13	decompiled	chunks/000/functions-000058.c	-[SCNetworkActivityAttributionIdentifier formattedPath]	
10af88e14	10af88e1b	decompiled	chunks/000/functions-000058.c	-[SCNetworkActivityAttributionIdentifier setFormattedPath:]	
10af88e1c	10af88e23	decompiled	chunks/000/functions-000058.c	-[SCNetworkActivityAttributionIdentifier boltUseCase]	
10af88e24	10af88e2b	decompiled	chunks/000/functions-000058.c	-[SCNetworkActivityAttributionIdentifier setBoltUseCase:]	
10af88e2c	10af88e33	decompiled	chunks/000/functions-000058.c	-[SCNetworkActivityAttributionIdentifier mediaContextType]	
10af88e34	10af88e3b	decompiled	chunks/000/functions-000058.c	-[SCNetworkActivityAttributionIdentifier setMediaContextType:]	
10af88e3c	10af88e43	decompiled	chunks/000/functions-000058.c	-[SCNetworkActivityAttributionIdentifier grpcFeature]	
10af88e44	10af88e4b	decompiled	chunks/000/functions-000058.c	-[SCNetworkActivityAttributionIdentifier setGrpcFeature:]	
10af88e4c	10af88e53	decompiled	chunks/000/functions-000058.c	-[SCNetworkActivityAttributionIdentifier descriptionStr]	
10af88e54	10af88e5b	decompiled	chunks/000/functions-000058.c	-[SCNetworkActivityAttributionIdentifier setDescriptionStr:]	
10af88e5c	10af88ebb	decompiled	chunks/000/functions-000058.c	-[SCNetworkActivityAttributionIdentifier .cxx_destruct]	
10af88ebc	10af88ee7	decompiled	chunks/000/functions-000058.c		
10af88ee8	10af88f4b	decompiled	chunks/000/functions-000058.c		
10af88f4c	10af89003	decompiled	chunks/000/functions-000058.c		
10af89004	10af89057	decompiled	chunks/000/functions-000058.c		
10af89058	10af890cf	decompiled	chunks/000/functions-000058.c	+[SCAppResourceUsage mainThreadCpuUsage]	
10af890d0	10af8922f	decompiled	chunks/000/functions-000058.c	+[SCAppResourceUsage mainThreadCpuTime]	
10af89230	10af892bf	decompiled	chunks/000/functions-000058.c	+[SCAppResourceUsage mainThreadTotalCpuTime]	
10af892c0	10af89423	decompiled	chunks/000/functions-000058.c	+[SCAppResourceUsage cpuUsage]	
10af89424	10af8949b	decompiled	chunks/000/functions-000058.c	-[SCNProfilingClientTrace initWithCpp:]	
10af8949c	10af894f7	decompiled	chunks/000/functions-000058.c	-[SCNProfilingClientTrace reset]	
10af894f8	10af89627	decompiled	chunks/000/functions-000058.c	-[SCNProfilingClientTrace getTraceEvents]	
10af89628	10af89653	decompiled	chunks/000/functions-000058.c		
10af89654	10af896a7	decompiled	chunks/000/functions-000058.c	-[SCNProfilingClientTrace .cxx_destruct]	
10af896a8	10af8975f	decompiled	chunks/000/functions-000059.c	-[SCNProfilingClientTrace .cxx_construct]	
10af89760	10af89767	decompiled	chunks/000/functions-000059.c		
10af89768	10af897b3	decompiled	chunks/000/functions-000059.c		
10af897b4	10af89827	decompiled	chunks/000/functions-000059.c		
10af89828	10af89897	decompiled	chunks/000/functions-000059.c		
10af89898	10af898c3	decompiled	chunks/000/functions-000059.c		
10af898c4	10af898ff	decompiled	chunks/000/functions-000059.c		
10af89900	10af8997f	decompiled	chunks/000/functions-000059.c	-[SCNProfilingClientTraceProvider initWithCpp:]	
10af89980	10af89a07	decompiled	chunks/000/functions-000059.c	+[SCNProfilingClientTraceProvider get]	
10af89a08	10af89a63	decompiled	chunks/000/functions-000059.c	-[SCNProfilingClientTraceProvider .cxx_destruct]	
10af89a64	10af89adb	decompiled	chunks/000/functions-000059.c	-[SCNProfilingClientTraceProvider .cxx_construct]	
10af89adc	10af89ae7	decompiled	chunks/000/functions-000059.c		
10af89ae8	10af89b67	decompiled	chunks/000/functions-000059.c	-[SCNProfilingTimelineRecorder initWithCpp:]	
10af89b68	10af89bf7	decompiled	chunks/000/functions-000059.c	+[SCNProfilingTimelineRecorder recordStart:row:label:]	
10af89bf8	10af89c7b	decompiled	chunks/000/functions-000059.c	+[SCNProfilingTimelineRecorder recordEnd:label:]	
10af89c7c	10af89cf7	decompiled	chunks/000/functions-000059.c	+[SCNProfilingTimelineRecorder recordInstant:row:label:]	
10af89cf8	10af89d53	decompiled	chunks/000/functions-000059.c	-[SCNProfilingTimelineRecorder .cxx_destruct]	
10af89d54	10af89dcb	decompiled	chunks/000/functions-000059.c	-[SCNProfilingTimelineRecorder .cxx_construct]	
10af89dcc	10af89e2b	decompiled	chunks/000/functions-000059.c		
10af89e2c	10af89ea3	decompiled	chunks/000/functions-000059.c		
10af89ea4	10af89eaf	decompiled	chunks/000/functions-000059.c		
10af89eb0	10af89f67	decompiled	chunks/000/functions-000059.c		
10af89f68	10af8a063	decompiled	chunks/000/functions-000059.c		
10af8a064	10af8a067	decompiled	chunks/000/functions-000059.c		
10af8a068	10af8a07b	decompiled	chunks/000/functions-000059.c		
10af8a07c	10af8a087	decompiled	chunks/000/functions-000059.c		
10af8a088	10af8a0c7	decompiled	chunks/000/functions-000059.c		
10af8a0c8	10af8a12b	decompiled	chunks/000/functions-000059.c		
10af8a12c	10af8a15b	decompiled	chunks/000/functions-000059.c		
10af8a15c	10af8a1bf	decompiled	chunks/000/functions-000059.c		
10af8a1c0	10af8a1ef	decompiled	chunks/000/functions-000059.c		
10af8a1f0	10af8a257	decompiled	chunks/000/functions-000059.c		
10af8a258	10af8a2eb	decompiled	chunks/000/functions-000059.c		
10af8a2ec	10af8a2fb	decompiled	chunks/000/functions-000059.c		
10af8a2fc	10af8a327	decompiled	chunks/000/functions-000059.c		
10af8a328	10af8a373	decompiled	chunks/000/functions-000059.c		
10af8a374	10af8a3f3	decompiled	chunks/000/functions-000059.c	-[SCNProfilingTraceSdkProvider initWithCpp:]	
10af8a3f4	10af8a4b7	decompiled	chunks/000/functions-000059.c	+[SCNProfilingTraceSdkProvider initialize:]	
10af8a4b8	10af8a513	decompiled	chunks/000/functions-000059.c	-[SCNProfilingTraceSdkProvider .cxx_destruct]	
10af8a514	10af8a5ab	decompiled	chunks/000/functions-000059.c	-[SCNProfilingTraceSdkProvider .cxx_construct]	
10af8a5ac	10af8a5bb	decompiled	chunks/000/functions-000059.c		
10af8a5bc	10af8a68b	decompiled	chunks/000/functions-000059.c	-[SCNProfilingTraceEvent initWithType:name:startUs:endUs:threadId:]	
10af8a68c	10af8a693	decompiled	chunks/000/functions-000059.c	-[SCNProfilingTraceEvent type]	
10af8a694	10af8a69b	decompiled	chunks/000/functions-000059.c	-[SCNProfilingTraceEvent name]	
10af8a69c	10af8a6a3	decompiled	chunks/000/functions-000059.c	-[SCNProfilingTraceEvent startUs]	
10af8a6a4	10af8a6ab	decompiled	chunks/000/functions-000059.c	-[SCNProfilingTraceEvent endUs]	
10af8a6ac	10af8a6b3	decompiled	chunks/000/functions-000059.c	-[SCNProfilingTraceEvent threadId]	
10af8a6b4	10af8a6bf	decompiled	chunks/000/functions-000059.c	-[SCNProfilingTraceEvent .cxx_destruct]	
10af8a6c0	10af8a743	decompiled	chunks/000/functions-000059.c	-[SCNSDataWriterImpl writeData:path:context:atomically:]	
10af8a744	10af8a74f	decompiled	chunks/000/functions-000059.c	-[SCNSDataWriterServices .cxx_destruct]	
10af8a750	10af8a75b	decompiled	chunks/000/functions-000059.c	-[SCDirectoriesImpl .cxx_destruct]	
10af8a75c	10af8a767	decompiled	chunks/000/functions-000059.c	-[SCSKAdServices .cxx_destruct]	
10af8a768	10af8a76f	decompiled	chunks/000/functions-000059.c	-[SCCommerceShowcaseServices legacyShowcaseFetcher]	
10af8a770	10af8a777	decompiled	chunks/000/functions-000059.c	-[SCCommerceShowcaseServices showcaseFetcher]	
10af8a778	10af8a77f	decompiled	chunks/000/functions-000059.c	-[SCCommerceShowcaseServices imageSourceProvider]	
10af8a780	10af8a787	decompiled	chunks/000/functions-000059.c	-[SCCommerceShowcaseServices composerShowcaseGrpcService]	
10af8a788	10af8a7cf	decompiled	chunks/000/functions-000059.c	-[SCCommerceShowcaseServices .cxx_destruct]	
10af8a7d0	10af8a853	decompiled	chunks/000/functions-000059.c	-[SCAdShowcaseProductInteraction initWithIndex:productId:]	
10af8a854	10af8a877	decompiled	chunks/000/functions-000059.c	-[SCAdShowcaseProductInteraction copyWithZone:]	
10af8a878	10af8a87f	decompiled	chunks/000/functions-000059.c	-[SCAdShowcaseProductInteraction index]	
10af8a880	10af8a887	decompiled	chunks/000/functions-000059.c	-[SCAdShowcaseProductInteraction productId]	
10af8a888	10af8a893	decompiled	chunks/000/functions-000059.c	-[SCAdShowcaseProductInteraction .cxx_destruct]	
10af8a894	10af8a93b	decompiled	chunks/000/functions-000059.c	-[SCAdShowcaseTrackInfo initWithTotalCatalogViewTime:totalShowcaseWebviewTime:totalStoreViewTime:productsViewed:productInteractions:]	
10af8a93c	10af8a95f	decompiled	chunks/000/functions-000059.c	-[SCAdShowcaseTrackInfo copyWithZone:]	
10af8a960	10af8a967	decompiled	chunks/000/functions-000059.c	-[SCAdShowcaseTrackInfo totalCatalogViewTime]	
10af8a968	10af8a96f	decompiled	chunks/000/functions-000059.c	-[SCAdShowcaseTrackInfo totalShowcaseWebviewTime]	
10af8a970	10af8a977	decompiled	chunks/000/functions-000059.c	-[SCAdShowcaseTrackInfo totalStoreViewTime]	
10af8a978	10af8a97f	decompiled	chunks/000/functions-000059.c	-[SCAdShowcaseTrackInfo productsViewed]	
10af8a980	10af8a987	decompiled	chunks/000/functions-000059.c	-[SCAdShowcaseTrackInfo productInteractions]	
10af8a988	10af8a993	decompiled	chunks/000/functions-000059.c	-[SCAdShowcaseTrackInfo .cxx_destruct]	
10af8a994	10af8a99f	decompiled	chunks/000/functions-000059.c	+[SCCAdFormatCreateAdReminderCountdown modulePath]	
10af8a9a0	10af8a9a3	decompiled	chunks/000/functions-000059.c	+[SCCAdFormatCreateAdReminderCountdown asyncStrictMode]	
10af8a9a4	10af8aa03	decompiled	chunks/000/functions-000059.c	-[SCCAdFormatCreateAdReminderCountdown createAdReminderCountdownWithGrpcFactory:request:cofStore:]	
10af8aa04	10af8aaa3	decompiled	chunks/000/functions-000059.c	+[SCCAdFormatCreateAdReminderCountdown invokeWithJSRuntimeProvider:grpcFactory:request:cofStore:completionHandler:]	
10af8aaa4	10af8ab0f	decompiled	chunks/000/functions-000059.c		
10af8ab10	10af8ab23	decompiled	chunks/000/functions-000059.c	+[SCCAdFormatCreateAdReminderCountdown valdiMarshallableObjectDescriptor]	
10af8ab24	10af8ab2f	decompiled	chunks/000/functions-000059.c	+[SCCAdFormatGetLocalRulesDescription modulePath]	
10af8ab30	10af8ab33	decompiled	chunks/000/functions-000059.c	+[SCCAdFormatGetLocalRulesDescription asyncStrictMode]	
10af8ab34	10af8ab6f	decompiled	chunks/000/functions-000059.c	-[SCCAdFormatGetLocalRulesDescription getLocalRulesDescription]	
10af8ab70	10af8abe7	decompiled	chunks/000/functions-000059.c	+[SCCAdFormatGetLocalRulesDescription invokeWithJSRuntimeProvider:completionHandler:]	
10af8abe8	10af8ac57	decompiled	chunks/000/functions-000059.c		
10af8ac58	10af8ac73	decompiled	chunks/000/functions-000059.c	+[SCCAdFormatGetLocalRulesDescription valdiMarshallableObjectDescriptor]	
10af8ac74	10af8ac7f	decompiled	chunks/000/functions-000059.c	+[SCCAdFormatMakeMultiSegmentSessionManager modulePath]	
10af8ac80	10af8ac83	decompiled	chunks/000/functions-000059.c	+[SCCAdFormatMakeMultiSegmentSessionManager asyncStrictMode]	
10af8ac84	10af8acbf	decompiled	chunks/000/functions-000059.c	-[SCCAdFormatMakeMultiSegmentSessionManager makeMultiSegmentSessionManager]	
10af8acc0	10af8ad37	decompiled	chunks/000/functions-000059.c	+[SCCAdFormatMakeMultiSegmentSessionManager invokeWithJSRuntimeProvider:completionHandler:]	
10af8ad38	10af8ada7	decompiled	chunks/000/functions-000059.c		
10af8ada8	10af8adbb	decompiled	chunks/000/functions-000059.c	+[SCCAdFormatMakeMultiSegmentSessionManager valdiMarshallableObjectDescriptor]	
10af8adbc	10af8adc7	decompiled	chunks/000/functions-000059.c	+[SCCAdFormatOverrideAdFormat modulePath]	
10af8adc8	10af8adcb	decompiled	chunks/000/functions-000059.c	+[SCCAdFormatOverrideAdFormat asyncStrictMode]	
10af8adcc	10af8ae2b	decompiled	chunks/000/functions-000059.c	-[SCCAdFormatOverrideAdFormat overrideAdFormatWithEncodedAdRenderData:adFormatCategory:nativeDeps:]	
10af8ae2c	10af8aecb	decompiled	chunks/000/functions-000059.c	+[SCCAdFormatOverrideAdFormat invokeWithJSRuntimeProvider:encodedAdRenderData:adFormatCategory:nativeDeps:completionHandler:]	
10af8aecc	10af8af37	decompiled	chunks/000/functions-000059.c		
10af8af38	10af8af4b	decompiled	chunks/000/functions-000059.c	+[SCCAdFormatOverrideAdFormat valdiMarshallableObjectDescriptor]	
10af8af4c	10af8af57	decompiled	chunks/000/functions-000059.c	+[SCCAdFormatPopulateValdiAdTrackEvents modulePath]	
10af8af58	10af8af5b	decompiled	chunks/000/functions-000059.c	+[SCCAdFormatPopulateValdiAdTrackEvents asyncStrictMode]	
10af8af5c	10af8afbb	decompiled	chunks/000/functions-000059.c	-[SCCAdFormatPopulateValdiAdTrackEvents populateValdiAdTrackEventsWithEncodedCommonSnapAdImpressionTrack:adTrackEventWrappers:adTrackAnalyticsInfo:]	
10af8afbc	10af8b05b	decompiled	chunks/000/functions-000059.c	+[SCCAdFormatPopulateValdiAdTrackEvents invokeWithJSRuntimeProvider:encodedCommonSnapAdImpressionTrack:adTrackEventWrappers:adTrackAnalyticsInfo:completionHandler:]	
10af8b05c	10af8b0c7	decompiled	chunks/000/functions-000059.c		
10af8b0c8	10af8b0db	decompiled	chunks/000/functions-000059.c	+[SCCAdFormatPopulateValdiAdTrackEvents valdiMarshallableObjectDescriptor]	
