address	end_address	status	pseudocode_file	runtime_label	error
10afbec28	10afbeca3	decompiled	chunks/001/functions-000090.c	+[WindowedFloatMetrics descriptor]	
10afbeca4	10afbed1f	decompiled	chunks/001/functions-000090.c	+[WindowedIntMetrics descriptor]	
10afbed20	10afbed9b	decompiled	chunks/001/functions-000090.c	+[WindowedIntMetricsWithoutLongWindow descriptor]	
10afbed9c	10afbee1b	decompiled	chunks/001/functions-000090.c	+[EngagementFeatures descriptor]	
10afbee1c	10afbee83	decompiled	chunks/001/functions-000090.c	+[StoryEngagementFeatures descriptor]	
10afbee84	10afbeeff	decompiled	chunks/001/functions-000090.c	+[UserEngagementFeatures descriptor]	
10afbef00	10afbef67	decompiled	chunks/001/functions-000090.c	+[EdgeFeatureKey descriptor]	
10afbef68	10afbefcf	decompiled	chunks/001/functions-000090.c	+[FriendStoryContentBlizzardEvents descriptor]	
10afbefd0	10afbf037	decompiled	chunks/001/functions-000090.c	+[FriendStoryWatchEvents descriptor]	
10afbf038	10afbf09f	decompiled	chunks/001/functions-000090.c	+[FriendStoryActionEvents descriptor]	
10afbf0a0	10afbf107	decompiled	chunks/001/functions-000090.c	+[FriendStoryWatchEvent descriptor]	
10afbf108	10afbf16f	decompiled	chunks/001/functions-000090.c	+[FriendStoryActionEvent descriptor]	
10afbf170	10afbf1d7	decompiled	chunks/001/functions-000090.c	+[FriendStoryWatchBlizzardEvents descriptor]	
10afbf1d8	10afbf23f	decompiled	chunks/001/functions-000090.c	+[FriendStoryActionBlizzardEvents descriptor]	
10afbf240	10afbf2a7	decompiled	chunks/001/functions-000090.c	+[SCSCKEmbeddingSet descriptor]	
10afbf2a8	10afbf30f	decompiled	chunks/001/functions-000090.c	+[SCSCKEmbedding descriptor]	
10afbf310	10afbf377	decompiled	chunks/001/functions-000090.c	+[SCSCKEncodedEmbedding descriptor]	
10afbf378	10afbf3df	decompiled	chunks/001/functions-000090.c	+[SCFrontierFrontierRequestMetadata descriptor]	
10afbf3e0	10afbf4c3	decompiled	chunks/001/functions-000090.c	+[SCFrontierFrontierResponseMetadata descriptor]	
10afbf4c4	10afbf4cf	decompiled	chunks/001/functions-000090.c		
10afbf4d0	10afbf537	decompiled	chunks/001/functions-000090.c	+[FriendsOfFriendsRequestParams descriptor]	
10afbf538	10afbf62f	decompiled	chunks/001/functions-000090.c	+[FriendOfFriendsUtilityFunctionParams descriptor]	
10afbf630	10afbf63b	decompiled	chunks/001/functions-000090.c		
10afbf63c	10afbf6b7	decompiled	chunks/001/functions-000090.c		
10afbf6b8	10afbf6c3	decompiled	chunks/001/functions-000090.c		
10afbf6c4	10afbf72b	decompiled	chunks/001/functions-000090.c	+[SCSSMRTUSResponse descriptor]	
10afbf72c	10afbf793	decompiled	chunks/001/functions-000090.c	+[SCSSMRTUSSignal descriptor]	
10afbf794	10afbf7fb	decompiled	chunks/001/functions-000090.c	+[SCSSMBlizzardEvent descriptor]	
10afbf7fc	10afbf887	decompiled	chunks/001/functions-000090.c	+[SCSSMContentBlizzardEvent descriptor]	
10afbf888	10afbf903	decompiled	chunks/001/functions-000090.c	+[SCSSMContentBlizzardEvent_Source descriptor]	
10afbf904	10afbf9fb	decompiled	chunks/001/functions-000090.c	+[SCSSMFriendStoryRTUSEngagementStats descriptor]	
10afbf9fc	10afbfa07	decompiled	chunks/001/functions-000090.c		
10afbfa08	10afbfa97	decompiled	chunks/001/functions-000090.c		
10afbfa98	10afbfad3	decompiled	chunks/001/functions-000090.c		
10afbfad4	10afbfb63	decompiled	chunks/001/functions-000090.c		
10afbfb64	10afbfb6f	decompiled	chunks/001/functions-000090.c		
10afbfb70	10afbfbff	decompiled	chunks/001/functions-000090.c		
10afbfc00	10afbfc0b	decompiled	chunks/001/functions-000090.c		
10afbfc0c	10afbfc9b	decompiled	chunks/001/functions-000090.c		
10afbfc9c	10afbfca7	decompiled	chunks/001/functions-000090.c		
10afbfca8	10afbfd37	decompiled	chunks/001/functions-000090.c		
10afbfd38	10afbfd43	decompiled	chunks/001/functions-000090.c		
10afbfd44	10afbfdd3	decompiled	chunks/001/functions-000090.c		
10afbfdd4	10afbfddf	decompiled	chunks/001/functions-000090.c		
10afbfde0	10afbfe6f	decompiled	chunks/001/functions-000090.c		
10afbfe70	10afbfe7b	decompiled	chunks/001/functions-000090.c		
10afbfe7c	10afbff0b	decompiled	chunks/001/functions-000090.c		
10afbff0c	10afbff17	decompiled	chunks/001/functions-000090.c		
10afbff18	10afbffa7	decompiled	chunks/001/functions-000090.c		
10afbffa8	10afbffb3	decompiled	chunks/001/functions-000090.c		
10afbffb4	10afc0043	decompiled	chunks/001/functions-000090.c		
10afc0044	10afc004f	decompiled	chunks/001/functions-000090.c		
10afc0050	10afc00df	decompiled	chunks/001/functions-000090.c		
10afc00e0	10afc00eb	decompiled	chunks/001/functions-000090.c		
10afc00ec	10afc017b	decompiled	chunks/001/functions-000090.c		
10afc017c	10afc0187	decompiled	chunks/001/functions-000090.c		
10afc0188	10afc0217	decompiled	chunks/001/functions-000090.c		
10afc0218	10afc0223	decompiled	chunks/001/functions-000090.c		
10afc0224	10afc02b3	decompiled	chunks/001/functions-000090.c		
10afc02b4	10afc02bf	decompiled	chunks/001/functions-000090.c		
10afc02c0	10afc034f	decompiled	chunks/001/functions-000090.c		
10afc0350	10afc035b	decompiled	chunks/001/functions-000090.c		
10afc035c	10afc03eb	decompiled	chunks/001/functions-000090.c		
10afc03ec	10afc03f7	decompiled	chunks/001/functions-000090.c		
10afc03f8	10afc0487	decompiled	chunks/001/functions-000090.c		
10afc0488	10afc0493	decompiled	chunks/001/functions-000090.c		
10afc0494	10afc0523	decompiled	chunks/001/functions-000090.c		
10afc0524	10afc052f	decompiled	chunks/001/functions-000090.c		
10afc0530	10afc05bf	decompiled	chunks/001/functions-000090.c		
10afc05c0	10afc05cb	decompiled	chunks/001/functions-000090.c		
10afc05cc	10afc0637	decompiled	chunks/001/functions-000090.c	+[SCBlizzardLiteStoryFeedItemActionCritical descriptor]	
10afc0638	10afc069f	decompiled	chunks/001/functions-000090.c	+[SCBlizzardLiteStoryFeedItemLongImp descriptor]	
10afc06a0	10afc070b	decompiled	chunks/001/functions-000090.c	+[SCBlizzardLiteStoryFeedItemViewSession descriptor]	
10afc070c	10afc0777	decompiled	chunks/001/functions-000090.c	+[SCBlizzardLiteStoryFeedItemViewSessionCritical descriptor]	
10afc0778	10afc07df	decompiled	chunks/001/functions-000090.c	+[SCBlizzardLiteChatChatSend descriptor]	
10afc07e0	10afc0847	decompiled	chunks/001/functions-000090.c	+[SCBlizzardLiteChatChatSave descriptor]	
10afc0848	10afc08af	decompiled	chunks/001/functions-000090.c	+[SCBlizzardLiteChatChatView descriptor]	
10afc08b0	10afc0917	decompiled	chunks/001/functions-000090.c	+[SCBlizzardLiteChatPageView descriptor]	
10afc0918	10afc097f	decompiled	chunks/001/functions-000090.c	+[SCBlizzardLiteDirectSnapReplayView descriptor]	
10afc0980	10afc09e7	decompiled	chunks/001/functions-000090.c	+[SCBlizzardLiteLensCommonData descriptor]	
10afc09e8	10afc0a4f	decompiled	chunks/001/functions-000090.c	+[SCBlizzardLiteDirectSnapScreenshot descriptor]	
10afc0a50	10afc0ab7	decompiled	chunks/001/functions-000090.c	+[SCBlizzardLiteDirectSnapSend descriptor]	
10afc0ab8	10afc0b1f	decompiled	chunks/001/functions-000090.c	+[SCBlizzardLiteDirectSnapView descriptor]	
10afc0b20	10afc0b87	decompiled	chunks/001/functions-000090.c	+[SCBlizzardLiteGallerySnapSend descriptor]	
10afc0b88	10afc0bef	decompiled	chunks/001/functions-000090.c	+[SCBlizzardLiteStorySnapScreenshot descriptor]	
10afc0bf0	10afc0c57	decompiled	chunks/001/functions-000090.c	+[SCBlizzardLiteStorySnapView descriptor]	
10afc0c58	10afc0cbf	decompiled	chunks/001/functions-000090.c	+[SCBlizzardLiteStoryStoryView descriptor]	
10afc0cc0	10afc0d27	decompiled	chunks/001/functions-000090.c	+[SCBlizzardLiteStoryInterstitialView descriptor]	
10afc0d28	10afc0d8f	decompiled	chunks/001/functions-000090.c	+[SCBlizzardLiteLensIconImpression descriptor]	
10afc0d90	10afc0df7	decompiled	chunks/001/functions-000090.c	+[SCBlizzardLiteLensPositionTime descriptor]	
10afc0df8	10afc0e5f	decompiled	chunks/001/functions-000090.c	+[SCBlizzardLiteFilterLensSwipe descriptor]	
10afc0e60	10afc0ec7	decompiled	chunks/001/functions-000090.c	+[SCBlizzardLiteDirectSnapSave descriptor]	
10afc0ec8	10afc0f33	decompiled	chunks/001/functions-000090.c	+[SCBlizzardLiteStorySnapPost descriptor]	
10afc0f34	10afc0f9b	decompiled	chunks/001/functions-000090.c	+[SCBlizzardLitePlusSubscribePageOpen descriptor]	
10afc0f9c	10afc107f	decompiled	chunks/001/functions-000090.c	+[SCBlizzardLiteUserTags descriptor]	
10afc1080	10afc108b	decompiled	chunks/001/functions-000090.c		
10afc108c	10afc1107	decompiled	chunks/001/functions-000090.c		
10afc1108	10afc1113	decompiled	chunks/001/functions-000090.c		
10afc1114	10afc118f	decompiled	chunks/001/functions-000090.c		
10afc1190	10afc119b	decompiled	chunks/001/functions-000090.c		
10afc119c	10afc1217	decompiled	chunks/001/functions-000091.c		
10afc1218	10afc1223	decompiled	chunks/001/functions-000091.c		
10afc1224	10afc129f	decompiled	chunks/001/functions-000091.c		
10afc12a0	10afc12ab	decompiled	chunks/001/functions-000091.c		
10afc12ac	10afc1313	decompiled	chunks/001/functions-000091.c	+[SCSSMEngagementStats descriptor]	
10afc1314	10afc137b	decompiled	chunks/001/functions-000091.c	+[SCSSMSnapFragmentMetadata descriptor]	
10afc137c	10afc13f7	decompiled	chunks/001/functions-000091.c	+[SCSSMSnapFragmentMetadata_Type descriptor]	
10afc13f8	10afc1473	decompiled	chunks/001/functions-000091.c	+[SCSSMPublisher descriptor]	
10afc1474	10afc14f3	decompiled	chunks/001/functions-000091.c	+[SCSSMStorySnap descriptor]	
10afc14f4	10afc156f	decompiled	chunks/001/functions-000091.c	+[SCSSMStorySnap_SpotlightSnapStatus descriptor]	
10afc1570	10afc15fb	decompiled	chunks/001/functions-000091.c	+[SCSSMStorySnap_CommentSnapRepliesLabel descriptor]	
10afc15fc	10afc1663	decompiled	chunks/001/functions-000091.c	+[SCSSMAiGeneratedInfo descriptor]	
10afc1664	10afc16cb	decompiled	chunks/001/functions-000091.c	+[SCSSMAdminPermission descriptor]	
10afc16cc	10afc1747	decompiled	chunks/001/functions-000091.c	+[SCSSMSnapPivotInfo descriptor]	
10afc1748	10afc17af	decompiled	chunks/001/functions-000091.c	+[SCSSMSnapCreatorInfo descriptor]	
10afc17b0	10afc182b	decompiled	chunks/001/functions-000091.c	+[SCSSMSnapMediaInfo descriptor]	
10afc182c	10afc1893	decompiled	chunks/001/functions-000091.c	+[SCSSMMediaDimensions descriptor]	
10afc1894	10afc18fb	decompiled	chunks/001/functions-000091.c	+[SCSSMSnapBoltInfo descriptor]	
10afc18fc	10afc1977	decompiled	chunks/001/functions-000091.c	+[SCSSMStoryThumbnail descriptor]	
10afc1978	10afc1a6f	decompiled	chunks/001/functions-000091.c	+[SCSSMThumbnailTile descriptor]	
10afc1a70	10afc1a7b	decompiled	chunks/001/functions-000091.c		
10afc1a7c	10afc1af7	decompiled	chunks/001/functions-000091.c		
10afc1af8	10afc1b03	decompiled	chunks/001/functions-000091.c		
10afc1b04	10afc1b93	decompiled	chunks/001/functions-000091.c		
10afc1b94	10afc1b9f	decompiled	chunks/001/functions-000091.c		
10afc1ba0	10afc1c1b	decompiled	chunks/001/functions-000091.c		
10afc1c1c	10afc1c27	decompiled	chunks/001/functions-000091.c		
10afc1c28	10afc1c8f	decompiled	chunks/001/functions-000091.c	+[IMPContentModerationStatus descriptor]	
10afc1c90	10afc1cf7	decompiled	chunks/001/functions-000091.c	+[SCConnectSnapConnectAttributes descriptor]	
10afc1cf8	10afc1ddb	decompiled	chunks/001/functions-000091.c	+[SCSCOREMultiSnapExtension descriptor]	
10afc1ddc	10afc1de7	decompiled	chunks/001/functions-000091.c		
10afc1de8	10afc1e63	decompiled	chunks/001/functions-000091.c		
10afc1e64	10afc1e6f	decompiled	chunks/001/functions-000091.c		
10afc1e70	10afc1eeb	decompiled	chunks/001/functions-000091.c		
10afc1eec	10afc1ef7	decompiled	chunks/001/functions-000091.c		
10afc1ef8	10afc1f73	decompiled	chunks/001/functions-000091.c		
10afc1f74	10afc1f7f	decompiled	chunks/001/functions-000091.c		
10afc1f80	10afc1ffb	decompiled	chunks/001/functions-000091.c		
10afc1ffc	10afc2007	decompiled	chunks/001/functions-000091.c		
10afc2008	10afc206f	decompiled	chunks/001/functions-000091.c	+[SCSCOREPublisherPostFrequency descriptor]	
10afc2070	10afc20d7	decompiled	chunks/001/functions-000091.c	+[SCSCORELogoDisplay descriptor]	
10afc20d8	10afc213f	decompiled	chunks/001/functions-000091.c	+[SCSCOREPublisherSnapMediaType descriptor]	
10afc2140	10afc21a7	decompiled	chunks/001/functions-000091.c	+[SCSCOREPublisherAdSetting descriptor]	
10afc21a8	10afc228b	decompiled	chunks/001/functions-000091.c	+[SCSCOREPublisherTierLevel descriptor]	
10afc228c	10afc2297	decompiled	chunks/001/functions-000091.c		
10afc2298	10afc237b	decompiled	chunks/001/functions-000091.c	+[SCSCORESnapSource descriptor]	
10afc237c	10afc2387	decompiled	chunks/001/functions-000091.c		
10afc2388	10afc2403	decompiled	chunks/001/functions-000091.c		
10afc2404	10afc240f	decompiled	chunks/001/functions-000091.c		
10afc2410	10afc249f	decompiled	chunks/001/functions-000091.c		
10afc24a0	10afc258f	decompiled	chunks/001/functions-000091.c		
10afc2590	10afc260b	decompiled	chunks/001/functions-000091.c		
10afc260c	10afc2617	decompiled	chunks/001/functions-000091.c		
10afc2618	10afc2693	decompiled	chunks/001/functions-000091.c		
10afc2694	10afc269f	decompiled	chunks/001/functions-000091.c		
10afc26a0	10afc2707	decompiled	chunks/001/functions-000091.c	+[BoltPolicy descriptor]	
10afc2708	10afc278b	decompiled	chunks/001/functions-000091.c	+[BoltPolicy_DeviceInfo descriptor]	
10afc278c	10afc280f	decompiled	chunks/001/functions-000091.c	+[BoltPolicy_MediaCaptureContext descriptor]	
10afc2810	10afc2877	decompiled	chunks/001/functions-000091.c	+[MyBoost descriptor]	
10afc2878	10afc28df	decompiled	chunks/001/functions-000091.c	+[FriendBoost descriptor]	
10afc28e0	10afc2947	decompiled	chunks/001/functions-000091.c	+[BoostMetadata descriptor]	
10afc2948	10afc2a2b	decompiled	chunks/001/functions-000091.c	+[BoostConfig descriptor]	
10afc2a2c	10afc2a37	decompiled	chunks/001/functions-000091.c		
10afc2a38	10afc2ab3	decompiled	chunks/001/functions-000091.c		
10afc2ab4	10afc2abf	decompiled	chunks/001/functions-000091.c		
10afc2ac0	10afc2b3b	decompiled	chunks/001/functions-000091.c		
10afc2b3c	10afc2b47	decompiled	chunks/001/functions-000091.c		
10afc2b48	10afc2baf	decompiled	chunks/001/functions-000091.c	+[BoostType descriptor]	
10afc2bb0	10afc2c17	decompiled	chunks/001/functions-000091.c	+[Status descriptor]	
10afc2c18	10afc2c7f	decompiled	chunks/001/functions-000091.c	+[ActionSubresponse descriptor]	
10afc2c80	10afc2ce7	decompiled	chunks/001/functions-000091.c	+[BoostItem descriptor]	
10afc2ce8	10afc2d4f	decompiled	chunks/001/functions-000091.c	+[BoostAction descriptor]	
10afc2d50	10afc2db7	decompiled	chunks/001/functions-000091.c	+[CreateBoostActionsRequest descriptor]	
10afc2db8	10afc2e1f	decompiled	chunks/001/functions-000091.c	+[CreateBoostActionsResponse descriptor]	
10afc2e20	10afc2e87	decompiled	chunks/001/functions-000091.c	+[DeleteBoostAction descriptor]	
10afc2e88	10afc2eef	decompiled	chunks/001/functions-000091.c	+[DeleteBoostActionsRequest descriptor]	
10afc2ef0	10afc2f57	decompiled	chunks/001/functions-000091.c	+[DeleteBoostActionsResponse descriptor]	
10afc2f58	10afc2fbf	decompiled	chunks/001/functions-000091.c	+[BoostKey descriptor]	
10afc2fc0	10afc3027	decompiled	chunks/001/functions-000091.c	+[BoosterProfile descriptor]	
10afc3028	10afc308f	decompiled	chunks/001/functions-000091.c	+[GetBoostsRequest descriptor]	
10afc3090	10afc30f7	decompiled	chunks/001/functions-000091.c	+[GetBoostsResponse descriptor]	
10afc30f8	10afc315f	decompiled	chunks/001/functions-000091.c	+[SpotlightRepostNotif descriptor]	
10afc3160	10afc31c7	decompiled	chunks/001/functions-000091.c	+[SpotlightFriendFavoritedRepostNotif descriptor]	
10afc31c8	10afc322f	decompiled	chunks/001/functions-000091.c	+[SCSCORERequestOrigin descriptor]	
10afc3230	10afc3313	decompiled	chunks/001/functions-000091.c	+[SCSIDXLLMGeneratedMetadata descriptor]	
10afc3314	10afc331f	decompiled	chunks/001/functions-000091.c		
10afc3320	10afc33af	decompiled	chunks/001/functions-000091.c		
10afc33b0	10afc33bb	decompiled	chunks/001/functions-000091.c		
10afc33bc	10afc3423	decompiled	chunks/001/functions-000091.c	+[SCSCORECreatorEligibility descriptor]	
10afc3424	10afc349f	decompiled	chunks/001/functions-000091.c	+[SCSCOREImpalaUserInfo descriptor]	
10afc34a0	10afc3523	decompiled	chunks/001/functions-000091.c	+[SCSCOREImpalaUserInfo_BusinessProfileCategory descriptor]	
10afc3524	10afc358b	decompiled	chunks/001/functions-000091.c	+[SCSCOREImpalaUserInfoLite descriptor]	
10afc358c	10afc3683	decompiled	chunks/001/functions-000091.c	+[SCSCOREImpalaUserList descriptor]	
10afc3684	10afc369b	decompiled	chunks/001/functions-000091.c		
10afc369c	10afc3703	decompiled	chunks/001/functions-000091.c	+[CreatorType descriptor]	
10afc3704	10afc376b	decompiled	chunks/001/functions-000091.c	+[CreatorAudience descriptor]	
10afc376c	10afc37d3	decompiled	chunks/001/functions-000091.c	+[CreatorAgency descriptor]	
10afc37d4	10afc383b	decompiled	chunks/001/functions-000091.c	+[CreatorCategory descriptor]	
10afc383c	10afc3883	decompiled	chunks/001/functions-000091.c	+[SCContactPermissionResumeFlow guide]	
10afc3884	10afc38cf	decompiled	chunks/001/functions-000091.c	+[SCContactPermissionResumeFlow iOS18Guide]	
10afc38d0	10afc391b	decompiled	chunks/001/functions-000092.c	+[SCContactPermissionResumeFlow openOSSettings]	
10afc391c	10afc3967	decompiled	chunks/001/functions-000092.c	+[SCContactPermissionResumeFlow systemAlert]	
10afc3968	10afc398b	decompiled	chunks/001/functions-000092.c	-[SCContactPermissionResumeFlow copyWithZone:]	
10afc398c	10afc3993	decompiled	chunks/001/functions-000092.c	-[SCContactPermissionResumeFlow hash]	
10afc3994	10afc39d7	decompiled	chunks/001/functions-000092.c	-[SCContactPermissionResumeFlow internalInit]	
10afc39d8	10afc3a5f	decompiled	chunks/001/functions-000092.c	-[SCContactPermissionResumeFlow isEqual:]	
10afc3a60	10afc3b33	decompiled	chunks/001/functions-000092.c	-[SCContactPermissionResumeFlow matchGuide:iOS18Guide:openOSSettings:systemAlert:]	
10afc3b34	10afc3ba7	decompiled	chunks/001/functions-000092.c	-[SCCallUICameraScopedLensProcessingServices initWithLensProcessingServices:]	
10afc3ba8	10afc3baf	decompiled	chunks/001/functions-000092.c	-[SCCallUICameraScopedLensProcessingServices lensProcessingServices]	
10afc3bb0	10afc3bbb	decompiled	chunks/001/functions-000092.c	-[SCCallUICameraScopedLensProcessingServices .cxx_destruct]	
10afc3bbc	10afc3bc7	decompiled	chunks/001/functions-000092.c	-[SCCameraUIScopedLensProcessingServices .cxx_destruct]	
10afc3bc8	10afc3ca3	decompiled	chunks/001/functions-000092.c	-[SCLensProcessingBitmojiScope initWithLens:bitmojiComponent:redirectToBitmojiApp:linkBitmojiCTAObservable:]	
10afc3ca4	10afc3cab	decompiled	chunks/001/functions-000092.c	-[SCLensProcessingBitmojiScope lens]	
10afc3cac	10afc3cb3	decompiled	chunks/001/functions-000092.c	-[SCLensProcessingBitmojiScope bitmojiComponent]	
10afc3cb4	10afc3cbb	decompiled	chunks/001/functions-000092.c	-[SCLensProcessingBitmojiScope shouldRedirectToBitmojiApp]	
10afc3cbc	10afc3cc3	decompiled	chunks/001/functions-000092.c	-[SCLensProcessingBitmojiScope linkBitmojiCTAObservable]	
10afc3cc4	10afc3cff	decompiled	chunks/001/functions-000092.c	-[SCLensProcessingBitmojiScope .cxx_destruct]	
10afc3d00	10afc3d73	decompiled	chunks/001/functions-000092.c	-[SCLensProcessingExternalImagePluginScope initWithPluginRegistry:]	
10afc3d74	10afc3d7b	decompiled	chunks/001/functions-000092.c	-[SCLensProcessingExternalImagePluginScope plugInRegistry]	
10afc3d7c	10afc3d87	decompiled	chunks/001/functions-000092.c	-[SCLensProcessingExternalImagePluginScope .cxx_destruct]	
10afc3d88	10afc3d8b	decompiled	chunks/001/functions-000092.c	-[SCLensProcessingFactory prepareSharedProcessorIfNeeded]	
10afc3d8c	10afc3d93	decompiled	chunks/001/functions-000092.c	-[SCLensProcessingFactory createLensProcessingCoreWithSettings:performer:usecase:]	
10afc3d94	10afc3d9b	decompiled	chunks/001/functions-000092.c	-[SCLensProcessingFactory createPlainLensProcessingCoreWithSettings:performer:usecase:]	
10afc3d9c	10afc3da3	decompiled	chunks/001/functions-000092.c	-[SCLensProcessingFactory createTranscodingProcessingCoreWithSettings:performer:usecase:]	
10afc3da4	10afc3da7	decompiled	chunks/001/functions-000092.c	-[SCLensProcessingPluginRegistry register:]	
10afc3da8	10afc3dab	decompiled	chunks/001/functions-000092.c	-[SCLensProcessingPluginRegistry assertPlugin]	
10afc3dac	10afc3ecf	decompiled	chunks/001/functions-000092.c	-[SCLensProcessingPluginsScope initWithLocationDataPluginRegistry:compassDataPluginRegistry:geoDataPluginRegistry:lensApplicator:performer:]	
10afc3ed0	10afc3ed7	decompiled	chunks/001/functions-000092.c	-[SCLensProcessingPluginsScope locationDataPluginRegistry]	
10afc3ed8	10afc3edf	decompiled	chunks/001/functions-000092.c	-[SCLensProcessingPluginsScope compassDataPluginRegistry]	
10afc3ee0	10afc3ee7	decompiled	chunks/001/functions-000092.c	-[SCLensProcessingPluginsScope geoDataPluginRegistry]	
10afc3ee8	10afc3eef	decompiled	chunks/001/functions-000092.c	-[SCLensProcessingPluginsScope lensApplicator]	
10afc3ef0	10afc3ef7	decompiled	chunks/001/functions-000092.c	-[SCLensProcessingPluginsScope performer]	
10afc3ef8	10afc3f4b	decompiled	chunks/001/functions-000092.c	-[SCLensProcessingPluginsScope .cxx_destruct]	
10afc3f4c	10afc3fef	decompiled	chunks/001/functions-000092.c	-[SCLensProcessingReverseCameraPluginScope initWithLensId:pluginRegistry:]	
10afc3ff0	10afc3ff7	decompiled	chunks/001/functions-000092.c	-[SCLensProcessingReverseCameraPluginScope lensId]	
10afc3ff8	10afc3fff	decompiled	chunks/001/functions-000092.c	-[SCLensProcessingReverseCameraPluginScope plugInRegistry]	
10afc4000	10afc402f	decompiled	chunks/001/functions-000092.c	-[SCLensProcessingReverseCameraPluginScope .cxx_destruct]	
10afc4030	10afc4037	decompiled	chunks/001/functions-000092.c	-[SCLensProcessingServices processingTracker]	
10afc4038	10afc4097	decompiled	chunks/001/functions-000092.c	-[SCLensProcessingServices .cxx_destruct]	
10afc4098	10afc415b	decompiled	chunks/001/functions-000092.c	-[SCLensProcessingTouchesScope initWithEffectIdsObservable:touchProcessingComponent:touchProcessingActive:shouldBlockTouch:requiresPostCaptureTouchSupport:]	
10afc415c	10afc4163	decompiled	chunks/001/functions-000092.c	-[SCLensProcessingTouchesScope effectIdsObservable]	
10afc4164	10afc416b	decompiled	chunks/001/functions-000092.c	-[SCLensProcessingTouchesScope touchProcessingComponent]	
10afc416c	10afc4173	decompiled	chunks/001/functions-000092.c	-[SCLensProcessingTouchesScope touchProcessingActive]	
10afc4174	10afc417b	decompiled	chunks/001/functions-000092.c	-[SCLensProcessingTouchesScope shouldBlockTouch]	
10afc417c	10afc4183	decompiled	chunks/001/functions-000092.c	-[SCLensProcessingTouchesScope requiresPostCaptureTouchSupport]	
10afc4184	10afc41b3	decompiled	chunks/001/functions-000092.c	-[SCLensProcessingTouchesScope .cxx_destruct]	
10afc41b4	10afc41df	decompiled	chunks/001/functions-000092.c	+[SCCGamesChatController valdiMarshallableObjectDescriptor]	
10afc41e0	10afc4207	decompiled	chunks/001/functions-000092.c		
10afc4208	10afc4283	decompiled	chunks/001/functions-000092.c		
10afc4284	10afc428f	decompiled	chunks/001/functions-000092.c	+[SCCGameMessageView componentPath]	
10afc4290	10afc42af	decompiled	chunks/001/functions-000092.c	-[SCCGameMessageView initWithViewModel:componentContext:runtime:]	
10afc42b0	10afc42e3	decompiled	chunks/001/functions-000092.c	-[SCCGameMessageView setViewModel:]	
10afc42e4	10afc431f	decompiled	chunks/001/functions-000092.c	-[SCCGameMessageView viewModel]	
10afc4320	10afc432b	decompiled	chunks/001/functions-000092.c	+[SCCGamesChatInputBarView componentPath]	
10afc432c	10afc434b	decompiled	chunks/001/functions-000092.c	-[SCCGamesChatInputBarView initWithViewModel:componentContext:runtime:]	
10afc434c	10afc437f	decompiled	chunks/001/functions-000092.c	-[SCCGamesChatInputBarView setViewModel:]	
10afc4380	10afc43bb	decompiled	chunks/001/functions-000092.c	-[SCCGamesChatInputBarView viewModel]	
10afc43bc	10afc43c7	decompiled	chunks/001/functions-000092.c	+[SCCGamesChatMessageView componentPath]	
10afc43c8	10afc43e7	decompiled	chunks/001/functions-000092.c	-[SCCGamesChatMessageView initWithViewModel:componentContext:runtime:]	
10afc43e8	10afc441b	decompiled	chunks/001/functions-000092.c	-[SCCGamesChatMessageView setViewModel:]	
10afc441c	10afc4457	decompiled	chunks/001/functions-000092.c	-[SCCGamesChatMessageView viewModel]	
10afc4458	10afc4487	decompiled	chunks/001/functions-000092.c		
10afc4488	10afc44d7	decompiled	chunks/001/functions-000092.c		
10afc44d8	10afc44db	decompiled	chunks/001/functions-000092.c	+[SCCPresenceCreatePresenceService modulePath]	
10afc44dc	10afc44df	decompiled	chunks/001/functions-000092.c	+[SCCPresenceCreatePresenceService asyncStrictMode]	
10afc44e0	10afc4523	decompiled	chunks/001/functions-000092.c	-[SCCPresenceCreatePresenceService createPresenceService]	
10afc4524	10afc458b	decompiled	chunks/001/functions-000092.c	+[SCCPresenceCreatePresenceService invokeWithJSRuntimeProvider:completionHandler:]	
10afc458c	10afc45f7	decompiled	chunks/001/functions-000092.c		
10afc45f8	10afc460b	decompiled	chunks/001/functions-000092.c	+[SCCPresenceCreatePresenceService valdiMarshallableObjectDescriptor]	
10afc460c	10afc460f	decompiled	chunks/001/functions-000092.c	+[SCCPresenceGetPlatformActiveConversationsInfoObservable modulePath]	
10afc4610	10afc4613	decompiled	chunks/001/functions-000092.c	+[SCCPresenceGetPlatformActiveConversationsInfoObservable asyncStrictMode]	
10afc4614	10afc4657	decompiled	chunks/001/functions-000092.c	-[SCCPresenceGetPlatformActiveConversationsInfoObservable getPlatformActiveConversationsInfoObservable]	
10afc4658	10afc46bf	decompiled	chunks/001/functions-000092.c	+[SCCPresenceGetPlatformActiveConversationsInfoObservable invokeWithJSRuntimeProvider:completionHandler:]	
10afc46c0	10afc472b	decompiled	chunks/001/functions-000092.c		
10afc472c	10afc473f	decompiled	chunks/001/functions-000092.c	+[SCCPresenceGetPlatformActiveConversationsInfoObservable valdiMarshallableObjectDescriptor]	
10afc4740	10afc4743	decompiled	chunks/001/functions-000092.c	+[SCCPresenceOnGameJoined modulePath]	
10afc4744	10afc4747	decompiled	chunks/001/functions-000092.c	+[SCCPresenceOnGameJoined asyncStrictMode]	
10afc4748	10afc477f	decompiled	chunks/001/functions-000092.c	-[SCCPresenceOnGameJoined onGameJoinedWithGameEvent:]	
10afc4780	10afc4857	decompiled	chunks/001/functions-000092.c	+[SCCPresenceOnGameJoined invokeWithJSRuntimeProvider:gameEvent:completionHandler:]	
10afc4858	10afc486b	decompiled	chunks/001/functions-000092.c	+[SCCPresenceOnGameJoined valdiMarshallableObjectDescriptor]	
10afc486c	10afc486f	decompiled	chunks/001/functions-000092.c	+[SCCPresenceOnGameLeft modulePath]	
10afc4870	10afc4873	decompiled	chunks/001/functions-000092.c	+[SCCPresenceOnGameLeft asyncStrictMode]	
10afc4874	10afc48ab	decompiled	chunks/001/functions-000092.c	-[SCCPresenceOnGameLeft onGameLeftWithGameEvent:]	
10afc48ac	10afc4983	decompiled	chunks/001/functions-000092.c	+[SCCPresenceOnGameLeft invokeWithJSRuntimeProvider:gameEvent:completionHandler:]	
10afc4984	10afc4997	decompiled	chunks/001/functions-000092.c	+[SCCPresenceOnGameLeft valdiMarshallableObjectDescriptor]	
10afc4998	10afc4b1f	decompiled	chunks/001/functions-000092.c	+[SCCPresencePlatformPresenceService valdiMarshallableObjectDescriptor]	
10afc4b20	10afc4b3b	decompiled	chunks/001/functions-000092.c	+[SCCAssertPlatformAssertFail valdiMarshallableObjectDescriptor]	
10afc4b3c	10afc4b9b	decompiled	chunks/001/functions-000092.c		
10afc4b9c	10afc4ba3	decompiled	chunks/001/functions-000092.c	-[SCCGamesChatTapEvent__Enum init]	
10afc4ba4	10afc4bab	decompiled	chunks/001/functions-000092.c	-[SCCGamesChatViewMode__Enum init]	
10afc4bac	10afc4be7	decompiled	chunks/001/functions-000092.c	-[SCCGameLensInfo initWithLensName:lensIconUrl:conversationId:gameSessionId:lensId:analyticsMessageId:isGroup:]	
10afc4be8	10afc4bf7	decompiled	chunks/001/functions-000092.c	+[SCCGameLensInfo valdiMarshallableObjectDescriptor]	
10afc4bf8	10afc4c2b	decompiled	chunks/001/functions-000092.c	-[SCCGameMessageContext init]	
10afc4c2c	10afc4c3f	decompiled	chunks/001/functions-000092.c	+[SCCGameMessageContext valdiMarshallableObjectDescriptor]	
10afc4c40	10afc4c63	decompiled	chunks/001/functions-000092.c	-[SCCGameMessageInfo initWithMessageId:timestamp:senderUserId:]	
10afc4c64	10afc4c73	decompiled	chunks/001/functions-000092.c	+[SCCGameMessageInfo valdiMarshallableObjectDescriptor]	
10afc4c74	10afc4ca3	decompiled	chunks/001/functions-000092.c	-[SCCGameMessageViewModel initWithGameLensInfo:messages:]	
10afc4ca4	10afc4ccb	decompiled	chunks/001/functions-000092.c	+[SCCGameMessageViewModel valdiMarshallableObjectDescriptor]	
10afc4ccc	10afc4cf3	decompiled	chunks/001/functions-000092.c		
10afc4cf4	10afc4d73	decompiled	chunks/001/functions-000092.c		
10afc4d74	10afc4da3	decompiled	chunks/001/functions-000093.c	-[SCCGamesChatDisplayName initWithFirstName:lastName:]	
10afc4da4	10afc4db3	decompiled	chunks/001/functions-000093.c	+[SCCGamesChatDisplayName valdiMarshallableObjectDescriptor]	
10afc4db4	10afc4ddf	decompiled	chunks/001/functions-000093.c	-[SCCGamesChatGameInfo initWithConversationId:gameSessionId:gameLensId:isGroupChat:source:]	
10afc4de0	10afc4def	decompiled	chunks/001/functions-000093.c	+[SCCGamesChatGameInfo valdiMarshallableObjectDescriptor]	
10afc4df0	10afc4e87	decompiled	chunks/001/functions-000093.c	-[SCCGamesChatInputBarContext initWithSendMessage:controller:gameInfo:]	
10afc4e88	10afc4e9b	decompiled	chunks/001/functions-000093.c	+[SCCGamesChatInputBarContext valdiMarshallableObjectDescriptor]	
10afc4e9c	10afc4ecb	decompiled	chunks/001/functions-000093.c	-[SCCGamesChatInputBarViewModel initWithViewMode:]	
10afc4ecc	10afc4edf	decompiled	chunks/001/functions-000093.c	+[SCCGamesChatInputBarViewModel valdiMarshallableObjectDescriptor]	
10afc4ee0	10afc4f0f	decompiled	chunks/001/functions-000093.c	-[SCCGamesChatMessage initWithDisplayName:message:timestampMs:]	
10afc4f10	10afc4f23	decompiled	chunks/001/functions-000093.c	+[SCCGamesChatMessage valdiMarshallableObjectDescriptor]	
10afc4f24	10afc4f4f	decompiled	chunks/001/functions-000093.c	-[SCCGamesChatMessageViewContext initWithGameInfo:messagesObservable:controller:deckContainerFactory:safetyReportLauncher:]	
10afc4f50	10afc4f63	decompiled	chunks/001/functions-000093.c	+[SCCGamesChatMessageViewContext valdiMarshallableObjectDescriptor]	
10afc4f64	10afc4f93	decompiled	chunks/001/functions-000093.c	-[SCCGamesChatMessageViewModel initWithViewMode:]	
10afc4f94	10afc4fa7	decompiled	chunks/001/functions-000093.c	+[SCCGamesChatMessageViewModel valdiMarshallableObjectDescriptor]	
10afc4fa8	10afc4fd7	decompiled	chunks/001/functions-000093.c	-[SCCTurnBasedGameInfo initWithUsersPending:usersPlayed:winnerUserIds:isFinished:]	
10afc4fd8	10afc4fe7	decompiled	chunks/001/functions-000093.c	+[SCCTurnBasedGameInfo valdiMarshallableObjectDescriptor]	
10afc4fe8	10afc5017	decompiled	chunks/001/functions-000093.c		
10afc5018	10afc507b	decompiled	chunks/001/functions-000093.c		
10afc507c	10afc50b7	decompiled	chunks/001/functions-000093.c	+[SCCReportedChatMessageFetcher valdiMarshallableObjectDescriptor]	
10afc50b8	10afc5107	decompiled	chunks/001/functions-000093.c		
10afc5108	10afc511f	decompiled	chunks/001/functions-000093.c		
10afc5120	10afc516f	decompiled	chunks/001/functions-000093.c		
10afc5170	10afc518b	decompiled	chunks/001/functions-000093.c	+[SCCSafetyReportDelegate valdiMarshallableObjectDescriptor]	
10afc518c	10afc51b7	decompiled	chunks/001/functions-000093.c		
10afc51b8	10afc5207	decompiled	chunks/001/functions-000093.c		
10afc5208	10afc5263	decompiled	chunks/001/functions-000093.c		
10afc5264	10afc527f	decompiled	chunks/001/functions-000093.c	+[SCCSafetyReportLaunching valdiMarshallableObjectDescriptor]	
10afc5280	10afc528b	decompiled	chunks/001/functions-000093.c	+[SCCSafetyReportPageV2 componentPath]	
10afc528c	10afc52bf	decompiled	chunks/001/functions-000093.c	-[SCCSafetyReportPageV2 initWithViewModel:componentContext:runtime:]	
10afc52c0	10afc530b	decompiled	chunks/001/functions-000093.c	-[SCCSafetyReportPageV2 setViewModel:]	
10afc530c	10afc534b	decompiled	chunks/001/functions-000093.c	-[SCCSafetyReportPageV2 viewModel]	
10afc534c	10afc53df	decompiled	chunks/001/functions-000093.c		
10afc53e0	10afc543b	decompiled	chunks/001/functions-000093.c		
10afc543c	10afc5457	decompiled	chunks/001/functions-000093.c	+[SCCContentItemsFetcher valdiMarshallableObjectDescriptor]	
10afc5458	10afc547b	decompiled	chunks/001/functions-000093.c	+[SCCReportDelegate valdiMarshallableObjectDescriptor]	
10afc547c	10afc54a7	decompiled	chunks/001/functions-000093.c		
10afc54a8	10afc5523	decompiled	chunks/001/functions-000093.c		
10afc5524	10afc557b	decompiled	chunks/001/functions-000093.c		
10afc557c	10afc5587	decompiled	chunks/001/functions-000093.c	+[SCCAdPostReportPage componentPath]	
10afc5588	10afc55ab	decompiled	chunks/001/functions-000093.c	-[SCCAdPostReportPage initWithViewModel:componentContext:runtime:]	
10afc55ac	10afc55e3	decompiled	chunks/001/functions-000093.c	-[SCCAdPostReportPage setViewModel:]	
10afc55e4	10afc561f	decompiled	chunks/001/functions-000093.c	-[SCCAdPostReportPage viewModel]	
10afc5620	10afc562b	decompiled	chunks/001/functions-000093.c	+[SCCReportPageRoot componentPath]	
10afc562c	10afc564f	decompiled	chunks/001/functions-000093.c	-[SCCReportPageRoot initWithViewModel:componentContext:runtime:]	
10afc5650	10afc5687	decompiled	chunks/001/functions-000093.c	-[SCCReportPageRoot setViewModel:]	
10afc5688	10afc56c3	decompiled	chunks/001/functions-000093.c	-[SCCReportPageRoot viewModel]	
10afc56c4	10afc56f3	decompiled	chunks/001/functions-000093.c		
10afc56f4	10afc5743	decompiled	chunks/001/functions-000093.c		
10afc5744	10afc575f	decompiled	chunks/001/functions-000093.c	+[SCCAppinsightsNonFatalsPlatformNonFatalErrorReporter valdiMarshallableObjectDescriptor]	
10afc5760	10afc57bf	decompiled	chunks/001/functions-000093.c		
10afc57c0	10afc57db	decompiled	chunks/001/functions-000093.c	+[SCCAppinsightsMetadataPlatformMetadataHolder valdiMarshallableObjectDescriptor]	
10afc57dc	10afc583b	decompiled	chunks/001/functions-000093.c		
10afc583c	10afc5847	decompiled	chunks/001/functions-000093.c	+[SCCChatHeaderAddFriendButton componentPath]	
10afc5848	10afc586b	decompiled	chunks/001/functions-000093.c	-[SCCChatHeaderAddFriendButton initWithViewModel:componentContext:runtime:]	
10afc586c	10afc58a3	decompiled	chunks/001/functions-000093.c	-[SCCChatHeaderAddFriendButton setViewModel:]	
10afc58a4	10afc58e3	decompiled	chunks/001/functions-000093.c	-[SCCChatHeaderAddFriendButton viewModel]	
10afc58e4	10afc58ef	decompiled	chunks/001/functions-000093.c	+[SCCChatHeaderChatHeader componentPath]	
10afc58f0	10afc5913	decompiled	chunks/001/functions-000093.c	-[SCCChatHeaderChatHeader initWithViewModel:componentContext:runtime:]	
10afc5914	10afc594b	decompiled	chunks/001/functions-000093.c	-[SCCChatHeaderChatHeader setViewModel:]	
10afc594c	10afc598b	decompiled	chunks/001/functions-000093.c	-[SCCChatHeaderChatHeader viewModel]	
10afc598c	10afc59c3	decompiled	chunks/001/functions-000093.c		
10afc59c4	10afc59df	decompiled	chunks/001/functions-000093.c	+[SCCReportFlowRendererNativeFormReportedProvider valdiMarshallableObjectDescriptor]	
10afc59e0	10afc5a6b	decompiled	chunks/001/functions-000093.c	-[SCNMessagingExpiredStreakMetadata copyWithZone:]	
10afc5a6c	10afc5a8f	decompiled	chunks/001/functions-000093.c	-[SCNMessagingInteractionInfo copyWithZone:]	
10afc5a90	10afc5a97	decompiled	chunks/001/functions-000093.c	-[SCFriendsFeedServices friendsFeedChatMediaPrefetcher]	
10afc5a98	10afc5a9f	decompiled	chunks/001/functions-000093.c	-[SCFriendsFeedServices friendsFeedFetcher]	
10afc5aa0	10afc5aa7	decompiled	chunks/001/functions-000093.c	-[SCFriendsFeedServices friendsFeedActionTextGenerator]	
10afc5aa8	10afc5aaf	decompiled	chunks/001/functions-000093.c	-[SCFriendsFeedServices friendsFeedIconGenerator]	
10afc5ab0	10afc5ab7	decompiled	chunks/001/functions-000093.c	-[SCFriendsFeedServices friendsFeedActiveSignalProvider]	
10afc5ab8	10afc5b17	decompiled	chunks/001/functions-000093.c	-[SCFriendsFeedServices .cxx_destruct]	
10afc5b18	10afc5b5f	decompiled	chunks/001/functions-000093.c	+[SCFriendsFeedViewDataRequest viewHasPartiallyAppearedAtLeastOnce]	
10afc5b60	10afc5b83	decompiled	chunks/001/functions-000093.c	-[SCFriendsFeedViewDataRequest copyWithZone:]	
10afc5b84	10afc5b8b	decompiled	chunks/001/functions-000093.c	-[SCFriendsFeedViewDataRequest hash]	
10afc5b8c	10afc5bcf	decompiled	chunks/001/functions-000093.c	-[SCFriendsFeedViewDataRequest internalInit]	
10afc5bd0	10afc5c57	decompiled	chunks/001/functions-000093.c	-[SCFriendsFeedViewDataRequest isEqual:]	
10afc5c58	10afc5c73	decompiled	chunks/001/functions-000093.c	-[SCFriendsFeedViewDataRequest matchViewHasPartiallyAppearedAtLeastOnce:]	
10afc5c74	10afc5cfb	decompiled	chunks/001/functions-000093.c	-[SCFriendsFeedActivePresenceInfo initWithPresenceContent:isPeeking:]	
10afc5cfc	10afc5d1f	decompiled	chunks/001/functions-000093.c	-[SCFriendsFeedActivePresenceInfo copyWithZone:]	
10afc5d20	10afc5d8b	decompiled	chunks/001/functions-000093.c	-[SCFriendsFeedActivePresenceInfo hash]	
10afc5d8c	10afc5e2b	decompiled	chunks/001/functions-000093.c	-[SCFriendsFeedActivePresenceInfo isEqual:]	
10afc5e2c	10afc5e33	decompiled	chunks/001/functions-000093.c	-[SCFriendsFeedActivePresenceInfo presenceContent]	
10afc5e34	10afc5e3b	decompiled	chunks/001/functions-000093.c	-[SCFriendsFeedActivePresenceInfo isPeeking]	
10afc5e3c	10afc5e47	decompiled	chunks/001/functions-000093.c	-[SCFriendsFeedActivePresenceInfo .cxx_destruct]	
10afc5e48	10afc5f13	decompiled	chunks/001/functions-000093.c	-[SCFriendsFeedActiveCall initWithIsRinging:localPublishedMediaType:caller:callParticipants:callMediaType:]	
10afc5f14	10afc5f37	decompiled	chunks/001/functions-000093.c	-[SCFriendsFeedActiveCall copyWithZone:]	
10afc5f38	10afc5fc7	decompiled	chunks/001/functions-000093.c	-[SCFriendsFeedActiveCall hash]	
10afc5fc8	10afc609f	decompiled	chunks/001/functions-000093.c	-[SCFriendsFeedActiveCall isEqual:]	
10afc60a0	10afc60a7	decompiled	chunks/001/functions-000093.c	-[SCFriendsFeedActiveCall isRinging]	
10afc60a8	10afc60af	decompiled	chunks/001/functions-000093.c	-[SCFriendsFeedActiveCall localPublishedMediaType]	
10afc60b0	10afc60b7	decompiled	chunks/001/functions-000093.c	-[SCFriendsFeedActiveCall caller]	
10afc60b8	10afc60bf	decompiled	chunks/001/functions-000093.c	-[SCFriendsFeedActiveCall callParticipants]	
10afc60c0	10afc60c7	decompiled	chunks/001/functions-000093.c	-[SCFriendsFeedActiveCall callMediaType]	
10afc60c8	10afc60f7	decompiled	chunks/001/functions-000093.c	-[SCFriendsFeedActiveCall .cxx_destruct]	
10afc60f8	10afc6153	decompiled	chunks/001/functions-000093.c	-[SCFriendsFeedCall initWithIsReceivedUnread:callType:callMediaType:]	
10afc6154	10afc6177	decompiled	chunks/001/functions-000093.c	-[SCFriendsFeedCall copyWithZone:]	
10afc6178	10afc61db	decompiled	chunks/001/functions-000093.c	-[SCFriendsFeedCall hash]	
10afc61dc	10afc6283	decompiled	chunks/001/functions-000093.c	-[SCFriendsFeedCall isEqual:]	
10afc6284	10afc628b	decompiled	chunks/001/functions-000093.c	-[SCFriendsFeedCall isReceivedUnread]	
10afc628c	10afc6293	decompiled	chunks/001/functions-000093.c	-[SCFriendsFeedCall callType]	
10afc6294	10afc629b	decompiled	chunks/001/functions-000093.c	-[SCFriendsFeedCall callMediaType]	
10afc629c	10afc631f	decompiled	chunks/001/functions-000094.c	+[SCFriendsFeedChatMessage activeChatWithActionPerformer:isReceivedUnreadChat:isChatMention:unreadChatCount:]	
10afc6320	10afc637b	decompiled	chunks/001/functions-000094.c	+[SCFriendsFeedChatMessage conversationSuggestionWithIsReceivedUnreadChat:]	
10afc637c	10afc63ef	decompiled	chunks/001/functions-000094.c	+[SCFriendsFeedChatMessage giftWithActionPerformer:isReceivedUnreadChat:]	
10afc63f0	10afc644b	decompiled	chunks/001/functions-000094.c	+[SCFriendsFeedChatMessage groupNameChangeWithIsReceivedUnreadChat:]	
10afc644c	10afc6497	decompiled	chunks/001/functions-000094.c	+[SCFriendsFeedChatMessage inMyContacts]	
10afc6498	10afc64f3	decompiled	chunks/001/functions-000094.c	+[SCFriendsFeedChatMessage joinedFromContactsWithIsReceivedUnreadChat:]	
10afc64f4	10afc6577	decompiled	chunks/001/functions-000094.c	+[SCFriendsFeedChatMessage participantChangeWithActionPerformer:isReceivedUnreadChat:groupUpdateType:]	
10afc6578	10afc65fb	decompiled	chunks/001/functions-000094.c	+[SCFriendsFeedChatMessage pollCreatedWithActionPerformer:isReceivedUnreadChat:unreadChatCount:]	
10afc65fc	10afc667f	decompiled	chunks/001/functions-000094.c	+[SCFriendsFeedChatMessage pollVoteWithActionPerformer:isReceivedUnreadChat:unreadChatCount:]	
10afc6680	10afc66db	decompiled	chunks/001/functions-000094.c	+[SCFriendsFeedChatMessage remixedChatWallpaperWithIsReceivedUnreadChat:]	
10afc66dc	10afc6727	decompiled	chunks/001/functions-000094.c	+[SCFriendsFeedChatMessage savedStory]	
10afc6728	10afc6783	decompiled	chunks/001/functions-000094.c	+[SCFriendsFeedChatMessage streakRestoreWithStreakCount:]	
10afc6784	10afc67df	decompiled	chunks/001/functions-000094.c	+[SCFriendsFeedChatMessage updateChatWallpaperWithIsReceivedUnreadChat:]	
10afc67e0	10afc6853	decompiled	chunks/001/functions-000094.c	+[SCFriendsFeedChatMessage updateStreakStatusWithIsReceivedUnreadChat:streakStatusUpdateType:]	
10afc6854	10afc68c7	decompiled	chunks/001/functions-000094.c	+[SCFriendsFeedChatMessage voiceNoteWithActionPerformer:isReceivedUnreadChat:]	
10afc68c8	10afc68eb	decompiled	chunks/001/functions-000094.c	-[SCFriendsFeedChatMessage copyWithZone:]	
10afc68ec	10afc6a23	decompiled	chunks/001/functions-000094.c	-[SCFriendsFeedChatMessage hash]	
10afc6a24	10afc6a67	decompiled	chunks/001/functions-000094.c	-[SCFriendsFeedChatMessage internalInit]	
10afc6a68	10afc6cb7	decompiled	chunks/001/functions-000094.c	-[SCFriendsFeedChatMessage isEqual:]	
10afc6cb8	10afc6fd7	decompiled	chunks/001/functions-000094.c	-[SCFriendsFeedChatMessage matchActiveChat:voiceNote:groupNameChange:participantChange:gift:joinedFromContacts:conversationSuggestion:inMyContacts:streakRestore:savedStory:updateChatWallpaper:remixedChatWallpaper:updateStreakStatus:pollCreated:pollVote:]	
10afc6fd8	10afc7043	decompiled	chunks/001/functions-000094.c	-[SCFriendsFeedChatMessage .cxx_destruct]	
10afc7044	10afc70b3	decompiled	chunks/001/functions-000094.c	-[SCFriendsFeedComboSnapItemInfo hash]	
10afc70b4	10afc716b	decompiled	chunks/001/functions-000094.c	-[SCFriendsFeedComboSnapItemInfo isEqual:]	
10afc716c	10afc7173	decompiled	chunks/001/functions-000094.c	-[SCFriendsFeedComboSnapItemInfo hasNewChat]	
10afc7174	10afc717b	decompiled	chunks/001/functions-000094.c	-[SCFriendsFeedComboSnapItemInfo hasMultipleNewSnaps]	
10afc717c	10afc7183	decompiled	chunks/001/functions-000094.c	-[SCFriendsFeedComboSnapItemInfo hasMultipleNewChats]	
10afc7184	10afc718b	decompiled	chunks/001/functions-000094.c	-[SCFriendsFeedComboSnapItemInfo unreadChatCount]	
10afc718c	10afc71af	decompiled	chunks/001/functions-000094.c	-[SCFriendsFeedItem copyWithZone:]	
10afc71b0	10afc7253	decompiled	chunks/001/functions-000094.c	-[SCFriendsFeedItem hash]	
10afc7254	10afc725b	decompiled	chunks/001/functions-000094.c	-[SCFriendsFeedItem entity]	
10afc725c	10afc7263	decompiled	chunks/001/functions-000094.c	-[SCFriendsFeedItem story]	
10afc7264	10afc72cf	decompiled	chunks/001/functions-000094.c	+[SCFriendsFeedItemStory publicUserStoryWithPublicUserStory:]	
10afc72d0	10afc733b	decompiled	chunks/001/functions-000094.c	+[SCFriendsFeedItemStory spotlightStoryWithSpotlightStory:]	
10afc733c	10afc73bf	decompiled	chunks/001/functions-000094.c	-[SCFriendsFeedItemStory hash]	
10afc73c0	10afc746b	decompiled	chunks/001/functions-000094.c	-[SCFriendsFeedItemStory matchStory:publicUserStory:spotlightStory:]	
10afc746c	10afc748f	decompiled	chunks/001/functions-000094.c	-[SCFriendsFeedItemStream copyWithZone:]	
10afc7490	10afc753f	decompiled	chunks/001/functions-000094.c	-[SCFriendsFeedItemStream hash]	
10afc7540	10afc765f	decompiled	chunks/001/functions-000094.c	-[SCFriendsFeedItemStream isEqual:]	
10afc7660	10afc7667	decompiled	chunks/001/functions-000094.c	-[SCFriendsFeedItemStream friendsFeedItems]	
10afc7668	10afc766f	decompiled	chunks/001/functions-000094.c	-[SCFriendsFeedItemStream quickAddSnapchatters]	
10afc7670	10afc7677	decompiled	chunks/001/functions-000094.c	-[SCFriendsFeedItemStream incomingSnapchatters]	
10afc7678	10afc767f	decompiled	chunks/001/functions-000094.c	-[SCFriendsFeedItemStream contactSnapchatters]	
10afc7680	10afc7687	decompiled	chunks/001/functions-000094.c	-[SCFriendsFeedItemStream contactNonSnapchatters]	
10afc7688	10afc768f	decompiled	chunks/001/functions-000094.c	-[SCFriendsFeedItemStream fetchContexts]	
10afc7690	10afc7697	decompiled	chunks/001/functions-000094.c	-[SCFriendsFeedItemStream trackingIdentifier]	
10afc7698	10afc771f	decompiled	chunks/001/functions-000094.c	-[SCFriendsFeedMediaSaveMessage initWithActionPerformer:isReceivedUnread:]	
10afc7720	10afc7743	decompiled	chunks/001/functions-000094.c	-[SCFriendsFeedMediaSaveMessage copyWithZone:]	
10afc7744	10afc77af	decompiled	chunks/001/functions-000094.c	-[SCFriendsFeedMediaSaveMessage hash]	
10afc77b0	10afc784f	decompiled	chunks/001/functions-000094.c	-[SCFriendsFeedMediaSaveMessage isEqual:]	
10afc7850	10afc7857	decompiled	chunks/001/functions-000094.c	-[SCFriendsFeedMediaSaveMessage actionPerformer]	
10afc7858	10afc785f	decompiled	chunks/001/functions-000094.c	-[SCFriendsFeedMediaSaveMessage isReceivedUnread]	
10afc7860	10afc786b	decompiled	chunks/001/functions-000094.c	-[SCFriendsFeedMediaSaveMessage .cxx_destruct]	
10afc786c	10afc78d7	decompiled	chunks/001/functions-000094.c	+[SCFriendsFeedMessageContent callWithCallContent:]	
10afc78d8	10afc7943	decompiled	chunks/001/functions-000094.c	+[SCFriendsFeedMessageContent chatWithChat:]	
10afc7944	10afc79af	decompiled	chunks/001/functions-000094.c	+[SCFriendsFeedMessageContent mediaSaveWithMediaSave:]	
10afc79b0	10afc7a1b	decompiled	chunks/001/functions-000094.c	+[SCFriendsFeedMessageContent multiRecipientWithMultiRecipientContent:]	
10afc7a1c	10afc7a87	decompiled	chunks/001/functions-000094.c	+[SCFriendsFeedMessageContent reactionWithReaction:]	
10afc7a88	10afc7af3	decompiled	chunks/001/functions-000094.c	+[SCFriendsFeedMessageContent replyWithReply:]	
10afc7af4	10afc7b5f	decompiled	chunks/001/functions-000094.c	+[SCFriendsFeedMessageContent screenshotWithScreenshot:]	
10afc7b60	10afc7c1f	decompiled	chunks/001/functions-000094.c	-[SCFriendsFeedMessageContent hash]	
10afc7c20	10afc7d67	decompiled	chunks/001/functions-000094.c	-[SCFriendsFeedMessageContent isEqual:]	
10afc7d68	10afc7ddf	decompiled	chunks/001/functions-000094.c	-[SCFriendsFeedMessageContent .cxx_destruct]	
10afc7de0	10afc7e27	decompiled	chunks/001/functions-000094.c	-[SCFriendsFeedMultiRecipientContent initWithSendingState:]	
10afc7e28	10afc7e4b	decompiled	chunks/001/functions-000094.c	-[SCFriendsFeedMultiRecipientContent copyWithZone:]	
10afc7e4c	10afc7e5b	decompiled	chunks/001/functions-000094.c	-[SCFriendsFeedMultiRecipientContent hash]	
10afc7e5c	10afc7ee3	decompiled	chunks/001/functions-000094.c	-[SCFriendsFeedMultiRecipientContent isEqual:]	
10afc7ee4	10afc7eeb	decompiled	chunks/001/functions-000094.c	-[SCFriendsFeedMultiRecipientContent sendingState]	
10afc7eec	10afc7f4f	decompiled	chunks/001/functions-000094.c	+[SCFriendsFeedPresenceContent callWithActiveCallContent:]	
10afc7f50	10afc7fbb	decompiled	chunks/001/functions-000094.c	+[SCFriendsFeedPresenceContent gamingWithGamingContent:]	
10afc7fbc	10afc8027	decompiled	chunks/001/functions-000094.c	+[SCFriendsFeedPresenceContent presentWithPresentContent:]	
10afc8028	10afc8093	decompiled	chunks/001/functions-000094.c	+[SCFriendsFeedPresenceContent typingWithTypingContent:]	
10afc8094	10afc80b7	decompiled	chunks/001/functions-000094.c	-[SCFriendsFeedPresenceContent copyWithZone:]	
10afc80b8	10afc8147	decompiled	chunks/001/functions-000094.c	-[SCFriendsFeedPresenceContent hash]	
10afc8148	10afc818b	decompiled	chunks/001/functions-000094.c	-[SCFriendsFeedPresenceContent internalInit]	
10afc818c	10afc8273	decompiled	chunks/001/functions-000094.c	-[SCFriendsFeedPresenceContent isEqual:]	
10afc8274	10afc835b	decompiled	chunks/001/functions-000094.c	-[SCFriendsFeedPresenceContent matchCall:typing:gaming:present:]	
10afc835c	10afc83a3	decompiled	chunks/001/functions-000094.c	-[SCFriendsFeedPresenceContent .cxx_destruct]	
10afc83a4	10afc844f	decompiled	chunks/001/functions-000094.c	+[SCFriendsFeedReactionContent reactionWithIsSnap:isReceivedUnread:reactedBy:reactedTo:]	
10afc8450	10afc84bb	decompiled	chunks/001/functions-000094.c	+[SCFriendsFeedReactionContent removedWithActionPerformer:]	
10afc84bc	10afc84df	decompiled	chunks/001/functions-000094.c	-[SCFriendsFeedReactionContent copyWithZone:]	
10afc84e0	10afc8573	decompiled	chunks/001/functions-000094.c	-[SCFriendsFeedReactionContent hash]	
10afc8574	10afc85b7	decompiled	chunks/001/functions-000094.c	-[SCFriendsFeedReactionContent internalInit]	
10afc85b8	10afc86a7	decompiled	chunks/001/functions-000094.c	-[SCFriendsFeedReactionContent isEqual:]	
10afc86a8	10afc8737	decompiled	chunks/001/functions-000094.c	-[SCFriendsFeedReactionContent matchReaction:removed:]	
10afc8738	10afc8773	decompiled	chunks/001/functions-000094.c	-[SCFriendsFeedReactionContent .cxx_destruct]	
10afc8774	10afc887b	decompiled	chunks/001/functions-000094.c	+[SCFriendsFeedConversationSubtypeMetadata campaignWithAdResponseBytes:isUserInputDisabled:feedInsertionIndex:adSyncAttemptId:chatHeadline:isBot:]	
10afc887c	10afc8947	decompiled	chunks/001/functions-000094.c	-[SCFriendsFeedConversationSubtypeMetadata hash]	
10afc8948	10afc8abf	decompiled	chunks/001/functions-000094.c	-[SCFriendsFeedConversationSubtypeMetadata isEqual:]	
10afc8ac0	10afc8b37	decompiled	chunks/001/functions-000094.c	-[SCFriendsFeedConversationSubtypeMetadata .cxx_destruct]	
10afc8b38	10afc8bfb	decompiled	chunks/001/functions-000094.c	-[SCFriendsFeedReplyContent initWithIsReceivedUnread:replyMessageSenderId:quotedMessageSenderId:isReplyToStory:]	
10afc8bfc	10afc8c1f	decompiled	chunks/001/functions-000094.c	-[SCFriendsFeedReplyContent copyWithZone:]	
10afc8c20	10afc8c9f	decompiled	chunks/001/functions-000094.c	-[SCFriendsFeedReplyContent hash]	
10afc8ca0	10afc8d67	decompiled	chunks/001/functions-000094.c	-[SCFriendsFeedReplyContent isEqual:]	
10afc8d68	10afc8d6f	decompiled	chunks/001/functions-000094.c	-[SCFriendsFeedReplyContent isReceivedUnread]	
10afc8d70	10afc8d77	decompiled	chunks/001/functions-000094.c	-[SCFriendsFeedReplyContent replyMessageSenderId]	
10afc8d78	10afc8d7f	decompiled	chunks/001/functions-000094.c	-[SCFriendsFeedReplyContent quotedMessageSenderId]	
10afc8d80	10afc8d87	decompiled	chunks/001/functions-000094.c	-[SCFriendsFeedReplyContent isReplyToStory]	
10afc8d88	10afc8db7	decompiled	chunks/001/functions-000094.c	-[SCFriendsFeedReplyContent .cxx_destruct]	
10afc8db8	10afc8e47	decompiled	chunks/001/functions-000094.c	-[SCFriendsFeedScreenshotMessage initWithActionPerformer:isReceivedUnread:isScreenRecording:]	
10afc8e48	10afc8e6b	decompiled	chunks/001/functions-000094.c	-[SCFriendsFeedScreenshotMessage copyWithZone:]	
10afc8e6c	10afc8edf	decompiled	chunks/001/functions-000095.c	-[SCFriendsFeedScreenshotMessage hash]	
10afc8ee0	10afc8f8f	decompiled	chunks/001/functions-000095.c	-[SCFriendsFeedScreenshotMessage isEqual:]	
10afc8f90	10afc8f97	decompiled	chunks/001/functions-000095.c	-[SCFriendsFeedScreenshotMessage actionPerformer]	
10afc8f98	10afc8f9f	decompiled	chunks/001/functions-000095.c	-[SCFriendsFeedScreenshotMessage isReceivedUnread]	
10afc8fa0	10afc8fa7	decompiled	chunks/001/functions-000095.c	-[SCFriendsFeedScreenshotMessage isScreenRecording]	
10afc8fa8	10afc8fb3	decompiled	chunks/001/functions-000095.c	-[SCFriendsFeedScreenshotMessage .cxx_destruct]	
10afc8fb4	10afc8fd7	decompiled	chunks/001/functions-000095.c	-[SCFriendsFeedSnapMessage copyWithZone:]	
10afc8fd8	10afc9077	decompiled	chunks/001/functions-000095.c	-[SCFriendsFeedSnapMessage hash]	
10afc9078	10afc916f	decompiled	chunks/001/functions-000095.c	-[SCFriendsFeedSnapMessage isEqual:]	
10afc9170	10afc9177	decompiled	chunks/001/functions-000095.c	-[SCFriendsFeedSnapMessage comboSnapItemInfo]	
10afc9178	10afc917f	decompiled	chunks/001/functions-000095.c	-[SCFriendsFeedSnapMessage snapMediaTypeInfo]	
10afc9180	10afc9187	decompiled	chunks/001/functions-000095.c	-[SCFriendsFeedSnapMessage actionPerformer]	
10afc9188	10afc918f	decompiled	chunks/001/functions-000095.c	-[SCFriendsFeedSnapMessage isInfiniteSnap]	
10afc9190	10afc9197	decompiled	chunks/001/functions-000095.c	-[SCFriendsFeedSnapMessage unreadSnapCount]	
10afc9198	10afc91df	decompiled	chunks/001/functions-000095.c	-[SCFriendsFeedSnapMessage .cxx_destruct]	
10afc91e0	10afc9203	decompiled	chunks/001/functions-000095.c	-[SCFriendsFeedStoriesSummaryInfo copyWithZone:]	
10afc9204	10afc9307	decompiled	chunks/001/functions-000095.c	-[SCFriendsFeedStoriesSummaryInfo hash]	
10afc9308	10afc948b	decompiled	chunks/001/functions-000095.c	-[SCFriendsFeedStoriesSummaryInfo isEqual:]	
10afc948c	10afc9493	decompiled	chunks/001/functions-000095.c	-[SCFriendsFeedStoriesSummaryInfo storyId]	
10afc9494	10afc949b	decompiled	chunks/001/functions-000095.c	-[SCFriendsFeedStoriesSummaryInfo type]	
10afc949c	10afc94a3	decompiled	chunks/001/functions-000095.c	-[SCFriendsFeedStoriesSummaryInfo thumbnail]	
10afc94a4	10afc94ab	decompiled	chunks/001/functions-000095.c	-[SCFriendsFeedStoriesSummaryInfo numActiveStories]	
10afc94ac	10afc94b3	decompiled	chunks/001/functions-000095.c	-[SCFriendsFeedStoriesSummaryInfo hasUnviewedStories]	
10afc94b4	10afc94bb	decompiled	chunks/001/functions-000095.c	-[SCFriendsFeedStoriesSummaryInfo mostRecentStoryTimestamp]	
10afc94bc	10afc94c3	decompiled	chunks/001/functions-000095.c	-[SCFriendsFeedStoriesSummaryInfo mostRecentUnviewedTimestamp]	
10afc94c4	10afc94cb	decompiled	chunks/001/functions-000095.c	-[SCFriendsFeedStoriesSummaryInfo mostRecentViewedTimestamp]	
10afc94cc	10afc94d3	decompiled	chunks/001/functions-000095.c	-[SCFriendsFeedStoriesSummaryInfo storyContentType]	
10afc94d4	10afc9503	decompiled	chunks/001/functions-000095.c	-[SCFriendsFeedStoriesSummaryInfo .cxx_destruct]	
10afc9504	10afc958b	decompiled	chunks/001/functions-000095.c	-[SCFriendsFeedTypingContent initWithParticipants:typingAnimationState:]	
10afc958c	10afc95af	decompiled	chunks/001/functions-000095.c	-[SCFriendsFeedTypingContent copyWithZone:]	
10afc95b0	10afc961b	decompiled	chunks/001/functions-000095.c	-[SCFriendsFeedTypingContent hash]	
10afc961c	10afc96bb	decompiled	chunks/001/functions-000095.c	-[SCFriendsFeedTypingContent isEqual:]	
10afc96bc	10afc96c3	decompiled	chunks/001/functions-000095.c	-[SCFriendsFeedTypingContent participants]	
10afc96c4	10afc96cb	decompiled	chunks/001/functions-000095.c	-[SCFriendsFeedTypingContent typingAnimationState]	
10afc96cc	10afc96d7	decompiled	chunks/001/functions-000095.c	-[SCFriendsFeedTypingContent .cxx_destruct]	
10afc96d8	10afc9783	decompiled	chunks/001/functions-000095.c	-[SCFriendsFeedActiveGameSession initWithSessionId:lens:]	
10afc9784	10afc97a7	decompiled	chunks/001/functions-000095.c	-[SCFriendsFeedActiveGameSession copyWithZone:]	
10afc97a8	10afc981b	decompiled	chunks/001/functions-000095.c	-[SCFriendsFeedActiveGameSession hash]	
10afc981c	10afc98c3	decompiled	chunks/001/functions-000095.c	-[SCFriendsFeedActiveGameSession isEqual:]	
10afc98c4	10afc98cb	decompiled	chunks/001/functions-000095.c	-[SCFriendsFeedActiveGameSession sessionId]	
10afc98cc	10afc98d3	decompiled	chunks/001/functions-000095.c	-[SCFriendsFeedActiveGameSession lens]	
10afc98d4	10afc9903	decompiled	chunks/001/functions-000095.c	-[SCFriendsFeedActiveGameSession .cxx_destruct]	
10afc9904	10afc99af	decompiled	chunks/001/functions-000095.c	-[SCFriendsFeedGamingContent initWithParticipants:activeGameSession:]	
10afc99b0	10afc99d3	decompiled	chunks/001/functions-000095.c	-[SCFriendsFeedGamingContent copyWithZone:]	
10afc99d4	10afc9a47	decompiled	chunks/001/functions-000095.c	-[SCFriendsFeedGamingContent hash]	
10afc9a48	10afc9aef	decompiled	chunks/001/functions-000095.c	-[SCFriendsFeedGamingContent isEqual:]	
10afc9af0	10afc9af7	decompiled	chunks/001/functions-000095.c	-[SCFriendsFeedGamingContent participants]	
10afc9af8	10afc9aff	decompiled	chunks/001/functions-000095.c	-[SCFriendsFeedGamingContent activeGameSession]	
10afc9b00	10afc9b2f	decompiled	chunks/001/functions-000095.c	-[SCFriendsFeedGamingContent .cxx_destruct]	
10afc9b30	10afc9be3	decompiled	chunks/001/functions-000095.c	-[SCFriendsFeedGamingParticipantInfo initWithUserId:lensId:sessionId:]	
10afc9be4	10afc9c07	decompiled	chunks/001/functions-000095.c	-[SCFriendsFeedGamingParticipantInfo copyWithZone:]	
10afc9c08	10afc9c87	decompiled	chunks/001/functions-000095.c	-[SCFriendsFeedGamingParticipantInfo hash]	
10afc9c88	10afc9d3f	decompiled	chunks/001/functions-000095.c	-[SCFriendsFeedGamingParticipantInfo isEqual:]	
10afc9d40	10afc9d47	decompiled	chunks/001/functions-000095.c	-[SCFriendsFeedGamingParticipantInfo userId]	
10afc9d48	10afc9d4f	decompiled	chunks/001/functions-000095.c	-[SCFriendsFeedGamingParticipantInfo lensId]	
10afc9d50	10afc9d57	decompiled	chunks/001/functions-000095.c	-[SCFriendsFeedGamingParticipantInfo sessionId]	
10afc9d58	10afc9d87	decompiled	chunks/001/functions-000095.c	-[SCFriendsFeedGamingParticipantInfo .cxx_destruct]	
10afc9d88	10afc9eab	decompiled	chunks/001/functions-000095.c	-[SCFriendsFeedLiveGamingParams initWithConversationId:lens:sessionId:isGroupConversation:userId:gameParticipantCount:]	
10afc9eac	10afc9ecf	decompiled	chunks/001/functions-000095.c	-[SCFriendsFeedLiveGamingParams copyWithZone:]	
10afc9ed0	10afc9f6b	decompiled	chunks/001/functions-000095.c	-[SCFriendsFeedLiveGamingParams hash]	
10afc9f6c	10afca063	decompiled	chunks/001/functions-000095.c	-[SCFriendsFeedLiveGamingParams isEqual:]	
10afca064	10afca06b	decompiled	chunks/001/functions-000095.c	-[SCFriendsFeedLiveGamingParams conversationId]	
10afca06c	10afca073	decompiled	chunks/001/functions-000095.c	-[SCFriendsFeedLiveGamingParams lens]	
10afca074	10afca07b	decompiled	chunks/001/functions-000095.c	-[SCFriendsFeedLiveGamingParams sessionId]	
10afca07c	10afca083	decompiled	chunks/001/functions-000095.c	-[SCFriendsFeedLiveGamingParams isGroupConversation]	
10afca084	10afca08b	decompiled	chunks/001/functions-000095.c	-[SCFriendsFeedLiveGamingParams userId]	
10afca08c	10afca093	decompiled	chunks/001/functions-000095.c	-[SCFriendsFeedLiveGamingParams gameParticipantCount]	
10afca094	10afca0db	decompiled	chunks/001/functions-000095.c	-[SCFriendsFeedLiveGamingParams .cxx_destruct]	
10afca0dc	10afca153	decompiled	chunks/001/functions-000095.c	-[SCFriendsFeedPresentContent initWithParticipants:]	
10afca154	10afca177	decompiled	chunks/001/functions-000095.c	-[SCFriendsFeedPresentContent copyWithZone:]	
10afca178	10afca17f	decompiled	chunks/001/functions-000095.c	-[SCFriendsFeedPresentContent hash]	
10afca180	10afca20f	decompiled	chunks/001/functions-000095.c	-[SCFriendsFeedPresentContent isEqual:]	
10afca210	10afca217	decompiled	chunks/001/functions-000095.c	-[SCFriendsFeedPresentContent participants]	
10afca218	10afca223	decompiled	chunks/001/functions-000095.c	-[SCFriendsFeedPresentContent .cxx_destruct]	
10afca224	10afca29b	decompiled	chunks/001/functions-000095.c	-[SCFriendsFeedPresentParticipantInfo initWithUserId:]	
10afca29c	10afca2bf	decompiled	chunks/001/functions-000095.c	-[SCFriendsFeedPresentParticipantInfo copyWithZone:]	
10afca2c0	10afca2c7	decompiled	chunks/001/functions-000095.c	-[SCFriendsFeedPresentParticipantInfo hash]	
10afca2c8	10afca357	decompiled	chunks/001/functions-000095.c	-[SCFriendsFeedPresentParticipantInfo isEqual:]	
10afca358	10afca35f	decompiled	chunks/001/functions-000095.c	-[SCFriendsFeedPresentParticipantInfo userId]	
10afca360	10afca36b	decompiled	chunks/001/functions-000095.c	-[SCFriendsFeedPresentParticipantInfo .cxx_destruct]	
10afca36c	10afca3f7	decompiled	chunks/001/functions-000095.c	-[SCFriendsFeedTypingParticipantInfo initWithUserId:typingState:typingActivityType:]	
10afca3f8	10afca41b	decompiled	chunks/001/functions-000095.c	-[SCFriendsFeedTypingParticipantInfo copyWithZone:]	
10afca41c	10afca48b	decompiled	chunks/001/functions-000095.c	-[SCFriendsFeedTypingParticipantInfo hash]	
10afca48c	10afca53b	decompiled	chunks/001/functions-000095.c	-[SCFriendsFeedTypingParticipantInfo isEqual:]	
10afca53c	10afca543	decompiled	chunks/001/functions-000095.c	-[SCFriendsFeedTypingParticipantInfo userId]	
10afca544	10afca54b	decompiled	chunks/001/functions-000095.c	-[SCFriendsFeedTypingParticipantInfo typingState]	
10afca54c	10afca553	decompiled	chunks/001/functions-000095.c	-[SCFriendsFeedTypingParticipantInfo typingActivityType]	
10afca554	10afca55f	decompiled	chunks/001/functions-000095.c	-[SCFriendsFeedTypingParticipantInfo .cxx_destruct]	
10afca560	10afca567	decompiled	chunks/001/functions-000095.c	-[SCFriendsFeedSnapMediaTypeInfo hash]	
10afca568	10afca5ef	decompiled	chunks/001/functions-000095.c	-[SCFriendsFeedSnapMediaTypeInfo isEqual:]	
10afca5f0	10afca5f7	decompiled	chunks/001/functions-000095.c	-[SCFriendsFeedSnapMediaTypeInfo hasSound]	
10afca5f8	10afca72b	decompiled	chunks/001/functions-000095.c	-[SCFriendsFeedActiveMessageData hash]	
10afca72c	10afca953	decompiled	chunks/001/functions-000095.c	-[SCFriendsFeedActiveMessageData isEqual:]	
10afca954	10afca95b	decompiled	chunks/001/functions-000095.c	-[SCFriendsFeedActiveMessageData messageState]	
10afca95c	10afca963	decompiled	chunks/001/functions-000095.c	-[SCFriendsFeedActiveMessageData isConversationPending]	
10afca964	10afca96b	decompiled	chunks/001/functions-000095.c	-[SCFriendsFeedActiveMessageData displayTimestamp]	
10afca96c	10afca973	decompiled	chunks/001/functions-000095.c	-[SCFriendsFeedActiveMessageData hasMessagesToReplay]	
10afca974	10afca97b	decompiled	chunks/001/functions-000095.c	-[SCFriendsFeedActiveMessageData hasMessagesToReplayAgain]	
10afca97c	10afca983	decompiled	chunks/001/functions-000095.c	-[SCFriendsFeedActiveMessageData numMessagesToSave]	
10afca984	10afca98b	decompiled	chunks/001/functions-000095.c	-[SCFriendsFeedActiveMessageData messages]	
10afca98c	10afca993	decompiled	chunks/001/functions-000096.c	-[SCFriendsFeedActiveMessageData mayHaveSaveableSentSnap]	
10afca994	10afca99b	decompiled	chunks/001/functions-000096.c	-[SCFriendsFeedActiveMessageData isConversationSuggestion]	
10afca99c	10afca9a3	decompiled	chunks/001/functions-000096.c	-[SCFriendsFeedActiveMessageData isStreakRestore]	
10afca9a4	10afca9ab	decompiled	chunks/001/functions-000096.c	-[SCFriendsFeedActiveMessageData expiredStreakMetadata]	
10afca9ac	10afca9b3	decompiled	chunks/001/functions-000096.c	-[SCFriendsFeedActiveMessageData quotedMessageType]	
10afca9b4	10afca9bb	decompiled	chunks/001/functions-000096.c	-[SCFriendsFeedActiveMessageData snapModeState]	
10afca9bc	10afcaa4b	decompiled	chunks/001/functions-000096.c	-[SCFriendsFeedActiveMessageData .cxx_destruct]	
10afcaa4c	10afcaaa3	decompiled	chunks/001/functions-000096.c	+[SCFriendsFeedStreakStatusUpdate expiredWithStreakCount:]	
10afcaaa4	10afcaaff	decompiled	chunks/001/functions-000096.c	+[SCFriendsFeedStreakStatusUpdate restoredWithStreakCount:]	
10afcab00	10afcab47	decompiled	chunks/001/functions-000096.c	+[SCFriendsFeedStreakStatusUpdate started]	
10afcab48	10afcab6b	decompiled	chunks/001/functions-000096.c	-[SCFriendsFeedStreakStatusUpdate copyWithZone:]	
10afcab6c	10afcabcf	decompiled	chunks/001/functions-000096.c	-[SCFriendsFeedStreakStatusUpdate hash]	
10afcabd0	10afcac13	decompiled	chunks/001/functions-000096.c	-[SCFriendsFeedStreakStatusUpdate internalInit]	
10afcac14	10afcacbb	decompiled	chunks/001/functions-000096.c	-[SCFriendsFeedStreakStatusUpdate isEqual:]	
10afcacbc	10afcad6b	decompiled	chunks/001/functions-000096.c	-[SCFriendsFeedStreakStatusUpdate matchStarted:expired:restored:]	
10afcad6c	10afcade3	decompiled	chunks/001/functions-000096.c	-[SCFriendsFeedConversationInvitationMetadata initWithInviter:]	
10afcade4	10afcae07	decompiled	chunks/001/functions-000096.c	-[SCFriendsFeedConversationInvitationMetadata copyWithZone:]	
10afcae08	10afcae0f	decompiled	chunks/001/functions-000096.c	-[SCFriendsFeedConversationInvitationMetadata hash]	
10afcae10	10afcae9f	decompiled	chunks/001/functions-000096.c	-[SCFriendsFeedConversationInvitationMetadata isEqual:]	
10afcaea0	10afcaea7	decompiled	chunks/001/functions-000096.c	-[SCFriendsFeedConversationInvitationMetadata inviter]	
10afcaea8	10afcaeb3	decompiled	chunks/001/functions-000096.c	-[SCFriendsFeedConversationInvitationMetadata .cxx_destruct]	
10afcaeb4	10afcaf1f	decompiled	chunks/001/functions-000096.c	+[SCFriendsFeedEntity groupWithGroup:]	
10afcaf20	10afcaf8b	decompiled	chunks/001/functions-000096.c	+[SCFriendsFeedEntity multiRecipientWithMultiRecipient:]	
10afcaf8c	10afcb013	decompiled	chunks/001/functions-000096.c	-[SCFriendsFeedEntity hash]	
10afcb014	10afcb17f	decompiled	chunks/001/functions-000096.c	-[SCFriendsFeedGroup initWithGroupId:groupName:participants:userIdToParticipantsMap:subtypeMetadata:merlinSnapchatter:]	
10afcb180	10afcb1a3	decompiled	chunks/001/functions-000096.c	-[SCFriendsFeedGroup copyWithZone:]	
10afcb1a4	10afcb247	decompiled	chunks/001/functions-000096.c	-[SCFriendsFeedGroup hash]	
10afcb248	10afcb34f	decompiled	chunks/001/functions-000096.c	-[SCFriendsFeedGroup isEqual:]	
10afcb350	10afcb357	decompiled	chunks/001/functions-000096.c	-[SCFriendsFeedGroup groupId]	
10afcb358	10afcb35f	decompiled	chunks/001/functions-000096.c	-[SCFriendsFeedGroup groupName]	
10afcb360	10afcb367	decompiled	chunks/001/functions-000096.c	-[SCFriendsFeedGroup participants]	
10afcb368	10afcb36f	decompiled	chunks/001/functions-000096.c	-[SCFriendsFeedGroup userIdToParticipantsMap]	
10afcb370	10afcb377	decompiled	chunks/001/functions-000096.c	-[SCFriendsFeedGroup subtypeMetadata]	
10afcb378	10afcb37f	decompiled	chunks/001/functions-000096.c	-[SCFriendsFeedGroup merlinSnapchatter]	
10afcb380	10afcb3df	decompiled	chunks/001/functions-000096.c	-[SCFriendsFeedGroup .cxx_destruct]	
10afcb3e0	10afcb4a3	decompiled	chunks/001/functions-000096.c	-[SCFriendsFeedMultiRecipient initWithMultiRecipientId:displayNames:containsGroup:numberOfSilhouettes:]	
10afcb4a4	10afcb4c7	decompiled	chunks/001/functions-000096.c	-[SCFriendsFeedMultiRecipient copyWithZone:]	
10afcb4c8	10afcb547	decompiled	chunks/001/functions-000096.c	-[SCFriendsFeedMultiRecipient hash]	
10afcb548	10afcb60f	decompiled	chunks/001/functions-000096.c	-[SCFriendsFeedMultiRecipient isEqual:]	
10afcb610	10afcb617	decompiled	chunks/001/functions-000096.c	-[SCFriendsFeedMultiRecipient multiRecipientId]	
10afcb618	10afcb61f	decompiled	chunks/001/functions-000096.c	-[SCFriendsFeedMultiRecipient displayNames]	
10afcb620	10afcb627	decompiled	chunks/001/functions-000096.c	-[SCFriendsFeedMultiRecipient containsGroup]	
10afcb628	10afcb62f	decompiled	chunks/001/functions-000096.c	-[SCFriendsFeedMultiRecipient numberOfSilhouettes]	
10afcb630	10afcb65f	decompiled	chunks/001/functions-000096.c	-[SCFriendsFeedMultiRecipient .cxx_destruct]	
10afcb660	10afcb7cb	decompiled	chunks/001/functions-000096.c	-[SCFriendsFeedGroupParticipant initWithSnapchatterBasicInfo:uniqueDisplayName:talkSessionUserID:color:videoChatUserID:birthday:]	
10afcb7cc	10afcb7ef	decompiled	chunks/001/functions-000096.c	-[SCFriendsFeedGroupParticipant copyWithZone:]	
10afcb7f0	10afcb893	decompiled	chunks/001/functions-000096.c	-[SCFriendsFeedGroupParticipant hash]	
10afcb894	10afcb99b	decompiled	chunks/001/functions-000096.c	-[SCFriendsFeedGroupParticipant isEqual:]	
10afcb99c	10afcb9a3	decompiled	chunks/001/functions-000096.c	-[SCFriendsFeedGroupParticipant snapchatterBasicInfo]	
10afcb9a4	10afcb9ab	decompiled	chunks/001/functions-000096.c	-[SCFriendsFeedGroupParticipant uniqueDisplayName]	
10afcb9ac	10afcb9b3	decompiled	chunks/001/functions-000096.c	-[SCFriendsFeedGroupParticipant talkSessionUserID]	
10afcb9b4	10afcb9bb	decompiled	chunks/001/functions-000096.c	-[SCFriendsFeedGroupParticipant color]	
10afcb9bc	10afcb9c3	decompiled	chunks/001/functions-000096.c	-[SCFriendsFeedGroupParticipant videoChatUserID]	
10afcb9c4	10afcb9cb	decompiled	chunks/001/functions-000096.c	-[SCFriendsFeedGroupParticipant birthday]	
10afcb9cc	10afcba2b	decompiled	chunks/001/functions-000096.c	-[SCFriendsFeedGroupParticipant .cxx_destruct]	
10afcba2c	10afcbac3	decompiled	chunks/001/functions-000096.c	-[SCFriendsFeedStreakInfo initWithStreakCount:expirationTimestamp:expirationWarningInSec:]	
10afcbac4	10afcbae7	decompiled	chunks/001/functions-000096.c	-[SCFriendsFeedStreakInfo copyWithZone:]	
10afcbae8	10afcbb7f	decompiled	chunks/001/functions-000096.c	-[SCFriendsFeedStreakInfo hash]	
10afcbb80	10afcbc53	decompiled	chunks/001/functions-000096.c	-[SCFriendsFeedStreakInfo isEqual:]	
10afcbc54	10afcbc5b	decompiled	chunks/001/functions-000096.c	-[SCFriendsFeedStreakInfo streakCount]	
10afcbc5c	10afcbc63	decompiled	chunks/001/functions-000096.c	-[SCFriendsFeedStreakInfo expirationTimestamp]	
10afcbc64	10afcbc6b	decompiled	chunks/001/functions-000096.c	-[SCFriendsFeedStreakInfo expirationWarningInSec]	
10afcbc6c	10afcbc77	decompiled	chunks/001/functions-000096.c	-[SCFriendsFeedStreakInfo .cxx_destruct]	
10afcbc78	10afcbce3	decompiled	chunks/001/functions-000096.c	+[SCFriendsFeedStaleContent friendshipFlashbackWithFlashbackContent:]	
10afcbce4	10afcbd4b	decompiled	chunks/001/functions-000096.c	+[SCFriendsFeedStaleContent locationWithLocationContext:]	
10afcbd4c	10afcbd93	decompiled	chunks/001/functions-000096.c	+[SCFriendsFeedStaleContent spotlight]	
10afcbd94	10afcbdb7	decompiled	chunks/001/functions-000096.c	-[SCFriendsFeedStaleContent copyWithZone:]	
10afcbdb8	10afcbe2f	decompiled	chunks/001/functions-000096.c	-[SCFriendsFeedStaleContent hash]	
10afcbe30	10afcbe73	decompiled	chunks/001/functions-000096.c	-[SCFriendsFeedStaleContent internalInit]	
10afcbe74	10afcbf2b	decompiled	chunks/001/functions-000096.c	-[SCFriendsFeedStaleContent isEqual:]	
10afcbf2c	10afcbfdb	decompiled	chunks/001/functions-000096.c	-[SCFriendsFeedStaleContent matchSpotlight:location:friendshipFlashback:]	
10afcbfdc	10afcc00b	decompiled	chunks/001/functions-000096.c	-[SCFriendsFeedStaleContent .cxx_destruct]	
10afcc00c	10afcc06f	decompiled	chunks/001/functions-000096.c	+[SCFriendsFeedIconDescriptor iconImageWithImageName:]	
10afcc070	10afcc0df	decompiled	chunks/001/functions-000096.c	+[SCFriendsFeedIconDescriptor sigIconWithIconType:iconColor:usesLegacyImageSlot:]	
10afcc0e0	10afcc103	decompiled	chunks/001/functions-000096.c	-[SCFriendsFeedIconDescriptor copyWithZone:]	
10afcc104	10afcc183	decompiled	chunks/001/functions-000096.c	-[SCFriendsFeedIconDescriptor hash]	
10afcc184	10afcc1c7	decompiled	chunks/001/functions-000096.c	-[SCFriendsFeedIconDescriptor internalInit]	
10afcc1c8	10afcc297	decompiled	chunks/001/functions-000096.c	-[SCFriendsFeedIconDescriptor isEqual:]	
10afcc298	10afcc323	decompiled	chunks/001/functions-000096.c	-[SCFriendsFeedIconDescriptor matchIconImage:sigIcon:]	
10afcc324	10afcc32f	decompiled	chunks/001/functions-000096.c	-[SCFriendsFeedIconDescriptor .cxx_destruct]	
10afcc330	10afcc393	decompiled	chunks/001/functions-000096.c	+[SCFriendsFeedAvatarIcon emojiWithEmoji:]	
10afcc394	10afcc3ff	decompiled	chunks/001/functions-000096.c	+[SCFriendsFeedAvatarIcon imageUrlWithUrl:]	
10afcc400	10afcc423	decompiled	chunks/001/functions-000096.c	-[SCFriendsFeedAvatarIcon copyWithZone:]	
10afcc424	10afcc49b	decompiled	chunks/001/functions-000096.c	-[SCFriendsFeedAvatarIcon hash]	
10afcc49c	10afcc4df	decompiled	chunks/001/functions-000096.c	-[SCFriendsFeedAvatarIcon internalInit]	
10afcc4e0	10afcc597	decompiled	chunks/001/functions-000096.c	-[SCFriendsFeedAvatarIcon isEqual:]	
10afcc598	10afcc61b	decompiled	chunks/001/functions-000096.c	-[SCFriendsFeedAvatarIcon matchEmoji:imageUrl:]	
10afcc61c	10afcc64b	decompiled	chunks/001/functions-000096.c	-[SCFriendsFeedAvatarIcon .cxx_destruct]	
10afcc64c	10afcc6d3	decompiled	chunks/001/functions-000096.c	-[SCFriendsFeedAvatarIconInfo initWithIcon:source:]	
10afcc6d4	10afcc6f7	decompiled	chunks/001/functions-000096.c	-[SCFriendsFeedAvatarIconInfo copyWithZone:]	
10afcc6f8	10afcc76b	decompiled	chunks/001/functions-000096.c	-[SCFriendsFeedAvatarIconInfo hash]	
10afcc76c	10afcc80b	decompiled	chunks/001/functions-000096.c	-[SCFriendsFeedAvatarIconInfo isEqual:]	
10afcc80c	10afcc813	decompiled	chunks/001/functions-000096.c	-[SCFriendsFeedAvatarIconInfo icon]	
10afcc814	10afcc81b	decompiled	chunks/001/functions-000096.c	-[SCFriendsFeedAvatarIconInfo source]	
10afcc81c	10afcc827	decompiled	chunks/001/functions-000096.c	-[SCFriendsFeedAvatarIconInfo .cxx_destruct]	
10afcc828	10afcc8db	decompiled	chunks/001/functions-000096.c	-[SCFriendsFeedFriendshipFlashbackContent initWithFlashbackId:messageTimestamp:messageCount:]	
10afcc8dc	10afcc8ff	decompiled	chunks/001/functions-000096.c	-[SCFriendsFeedFriendshipFlashbackContent copyWithZone:]	
10afcc900	10afcc977	decompiled	chunks/001/functions-000096.c	-[SCFriendsFeedFriendshipFlashbackContent hash]	
10afcc978	10afcca2f	decompiled	chunks/001/functions-000096.c	-[SCFriendsFeedFriendshipFlashbackContent isEqual:]	
10afcca30	10afcca37	decompiled	chunks/001/functions-000096.c	-[SCFriendsFeedFriendshipFlashbackContent flashbackId]	
10afcca38	10afcca3f	decompiled	chunks/001/functions-000097.c	-[SCFriendsFeedFriendshipFlashbackContent messageTimestamp]	
10afcca40	10afcca47	decompiled	chunks/001/functions-000097.c	-[SCFriendsFeedFriendshipFlashbackContent messageCount]	
10afcca48	10afcca77	decompiled	chunks/001/functions-000097.c	-[SCFriendsFeedFriendshipFlashbackContent .cxx_destruct]	
10afcca78	10afccb47	decompiled	chunks/001/functions-000097.c	-[SCFriendsFeedItemInfo initWithFeedId:type:conversationId:]	
10afccb48	10afccb6b	decompiled	chunks/001/functions-000097.c	-[SCFriendsFeedItemInfo copyWithZone:]	
10afccb6c	10afccbfb	decompiled	chunks/001/functions-000097.c	-[SCFriendsFeedItemInfo hash]	
10afccbfc	10afccccb	decompiled	chunks/001/functions-000097.c	-[SCFriendsFeedItemInfo isEqual:]	
10afccccc	10afcccdb	decompiled	chunks/001/functions-000097.c	-[SCFriendsFeedItemInfo feedId]	
10afcccdc	10afccceb	decompiled	chunks/001/functions-000097.c	-[SCFriendsFeedItemInfo type]	
10afcccec	10afcccfb	decompiled	chunks/001/functions-000097.c	-[SCFriendsFeedItemInfo conversationId]	
10afcccfc	10afccd3b	decompiled	chunks/001/functions-000097.c	-[SCFriendsFeedItemInfo .cxx_destruct]	
10afccd3c	10afccdaf	decompiled	chunks/001/functions-000097.c	-[SCMapLocationContextServices initWithLocationContextFetcher:]	
10afccdb0	10afccdb7	decompiled	chunks/001/functions-000097.c	-[SCMapLocationContextServices locationContextFetcher]	
10afccdb8	10afccdc3	decompiled	chunks/001/functions-000097.c	-[SCMapLocationContextServices .cxx_destruct]	
10afccdc4	10afcce9b	decompiled	chunks/001/functions-000097.c	-[SCMapFriendLocationContext initWithFriendId:actionmojiSelfieId:locationContextCaptions:]	
10afcce9c	10afccebf	decompiled	chunks/001/functions-000097.c	-[SCMapFriendLocationContext copyWithZone:]	
10afccec0	10afccf3f	decompiled	chunks/001/functions-000097.c	-[SCMapFriendLocationContext hash]	
10afccf40	10afccfff	decompiled	chunks/001/functions-000097.c	-[SCMapFriendLocationContext isEqual:]	
10afcd000	10afcd007	decompiled	chunks/001/functions-000097.c	-[SCMapFriendLocationContext friendId]	
10afcd008	10afcd00f	decompiled	chunks/001/functions-000097.c	-[SCMapFriendLocationContext actionmojiSelfieId]	
10afcd010	10afcd017	decompiled	chunks/001/functions-000097.c	-[SCMapFriendLocationContext locationContextCaptions]	
10afcd018	10afcd053	decompiled	chunks/001/functions-000097.c	-[SCMapFriendLocationContext .cxx_destruct]	
10afcd054	10afcd153	decompiled	chunks/001/functions-000097.c	-[SCMapLocationContextCaption initWithType:text:effectiveSecsAgo:expireAfterSecs:priority:additionalInfo:timeZoneInfo:]	
10afcd154	10afcd177	decompiled	chunks/001/functions-000097.c	-[SCMapLocationContextCaption copyWithZone:]	
10afcd178	10afcd24b	decompiled	chunks/001/functions-000097.c	-[SCMapLocationContextCaption hash]	
10afcd24c	10afcd393	decompiled	chunks/001/functions-000097.c	-[SCMapLocationContextCaption isEqual:]	
10afcd394	10afcd39b	decompiled	chunks/001/functions-000097.c	-[SCMapLocationContextCaption type]	
10afcd39c	10afcd3a3	decompiled	chunks/001/functions-000097.c	-[SCMapLocationContextCaption text]	
10afcd3a4	10afcd3ab	decompiled	chunks/001/functions-000097.c	-[SCMapLocationContextCaption effectiveSecsAgo]	
10afcd3ac	10afcd3b3	decompiled	chunks/001/functions-000097.c	-[SCMapLocationContextCaption expireAfterSecs]	
10afcd3b4	10afcd3bb	decompiled	chunks/001/functions-000097.c	-[SCMapLocationContextCaption priority]	
10afcd3bc	10afcd3c3	decompiled	chunks/001/functions-000097.c	-[SCMapLocationContextCaption additionalInfo]	
10afcd3c4	10afcd3cb	decompiled	chunks/001/functions-000097.c	-[SCMapLocationContextCaption timeZoneInfo]	
10afcd3cc	10afcd407	decompiled	chunks/001/functions-000097.c	-[SCMapLocationContextCaption .cxx_destruct]	
10afcd408	10afcd47f	decompiled	chunks/001/functions-000097.c	-[SCMapLocationContextRequest initWithFriendIds:]	
10afcd480	10afcd4a3	decompiled	chunks/001/functions-000097.c	-[SCMapLocationContextRequest copyWithZone:]	
10afcd4a4	10afcd4ab	decompiled	chunks/001/functions-000097.c	-[SCMapLocationContextRequest hash]	
10afcd4ac	10afcd53b	decompiled	chunks/001/functions-000097.c	-[SCMapLocationContextRequest isEqual:]	
10afcd53c	10afcd543	decompiled	chunks/001/functions-000097.c	-[SCMapLocationContextRequest friendIds]	
10afcd544	10afcd54f	decompiled	chunks/001/functions-000097.c	-[SCMapLocationContextRequest .cxx_destruct]	
10afcd550	10afcd5d7	decompiled	chunks/001/functions-000097.c	-[SCMapLocationContextResponse initWithFriendLocationContexts:nextRequestAfterSecs:]	
10afcd5d8	10afcd5fb	decompiled	chunks/001/functions-000097.c	-[SCMapLocationContextResponse copyWithZone:]	
10afcd5fc	10afcd687	decompiled	chunks/001/functions-000097.c	-[SCMapLocationContextResponse hash]	
10afcd688	10afcd74b	decompiled	chunks/001/functions-000097.c	-[SCMapLocationContextResponse isEqual:]	
10afcd74c	10afcd753	decompiled	chunks/001/functions-000097.c	-[SCMapLocationContextResponse friendLocationContexts]	
10afcd754	10afcd75b	decompiled	chunks/001/functions-000097.c	-[SCMapLocationContextResponse nextRequestAfterSecs]	
10afcd75c	10afcd767	decompiled	chunks/001/functions-000097.c	-[SCMapLocationContextResponse .cxx_destruct]	
10afcd768	10afcd7af	decompiled	chunks/001/functions-000097.c	-[SCMapLocationContextTimeZoneInfo initWithUtcOffsetSecs:]	
10afcd7b0	10afcd7d3	decompiled	chunks/001/functions-000097.c	-[SCMapLocationContextTimeZoneInfo copyWithZone:]	
10afcd7d4	10afcd7fb	decompiled	chunks/001/functions-000097.c	-[SCMapLocationContextTimeZoneInfo hash]	
10afcd7fc	10afcd8a7	decompiled	chunks/001/functions-000097.c	-[SCMapLocationContextTimeZoneInfo isEqual:]	
10afcd8a8	10afcd8af	decompiled	chunks/001/functions-000097.c	-[SCMapLocationContextTimeZoneInfo utcOffsetSecs]	
10afcd8b0	10afcd9e7	decompiled	chunks/001/functions-000097.c	-[SCMapFriendContextInfo initWithFriendId:friendIconUrl:friendIconType:actionmojiSelfieId:locationContext:]	
10afcd9e8	10afcda0b	decompiled	chunks/001/functions-000097.c	-[SCMapFriendContextInfo copyWithZone:]	
10afcda0c	10afcdaa3	decompiled	chunks/001/functions-000097.c	-[SCMapFriendContextInfo hash]	
10afcdaa4	10afcdb93	decompiled	chunks/001/functions-000097.c	-[SCMapFriendContextInfo isEqual:]	
10afcdb94	10afcdb9b	decompiled	chunks/001/functions-000097.c	-[SCMapFriendContextInfo friendId]	
10afcdb9c	10afcdba3	decompiled	chunks/001/functions-000097.c	-[SCMapFriendContextInfo friendIconUrl]	
10afcdba4	10afcdbab	decompiled	chunks/001/functions-000097.c	-[SCMapFriendContextInfo friendIconType]	
10afcdbac	10afcdbb3	decompiled	chunks/001/functions-000097.c	-[SCMapFriendContextInfo actionmojiSelfieId]	
10afcdbb4	10afcdbbb	decompiled	chunks/001/functions-000097.c	-[SCMapFriendContextInfo locationContext]	
10afcdbbc	10afcdc0f	decompiled	chunks/001/functions-000097.c	-[SCMapFriendContextInfo .cxx_destruct]	
10afcdc10	10afcdccf	decompiled	chunks/001/functions-000097.c	-[SCMapFriendsFeedLocationContext initWithType:text:effectiveSecsAgo:expireAfterSecs:]	
10afcdcd0	10afcdcf3	decompiled	chunks/001/functions-000097.c	-[SCMapFriendsFeedLocationContext copyWithZone:]	
10afcdcf4	10afcddab	decompiled	chunks/001/functions-000097.c	-[SCMapFriendsFeedLocationContext hash]	
10afcddac	10afcdebb	decompiled	chunks/001/functions-000097.c	-[SCMapFriendsFeedLocationContext isEqual:]	
10afcdebc	10afcdec3	decompiled	chunks/001/functions-000097.c	-[SCMapFriendsFeedLocationContext type]	
10afcdec4	10afcdecb	decompiled	chunks/001/functions-000097.c	-[SCMapFriendsFeedLocationContext text]	
10afcdecc	10afcded3	decompiled	chunks/001/functions-000097.c	-[SCMapFriendsFeedLocationContext effectiveSecsAgo]	
10afcded4	10afcdedb	decompiled	chunks/001/functions-000097.c	-[SCMapFriendsFeedLocationContext expireAfterSecs]	
10afcdedc	10afcdf0b	decompiled	chunks/001/functions-000097.c	-[SCMapFriendsFeedLocationContext .cxx_destruct]	
10afcdf0c	10afcdfbf	decompiled	chunks/001/functions-000097.c	-[SCMapGroupLocationContextCaption initWithCaptionText:effectiveSecsAgo:applicableUserIds:]	
10afcdfc0	10afcdfe3	decompiled	chunks/001/functions-000097.c	-[SCMapGroupLocationContextCaption copyWithZone:]	
10afcdfe4	10afce063	decompiled	chunks/001/functions-000097.c	-[SCMapGroupLocationContextCaption hash]	
10afce064	10afce11b	decompiled	chunks/001/functions-000097.c	-[SCMapGroupLocationContextCaption isEqual:]	
10afce11c	10afce123	decompiled	chunks/001/functions-000097.c	-[SCMapGroupLocationContextCaption captionText]	
10afce124	10afce12b	decompiled	chunks/001/functions-000097.c	-[SCMapGroupLocationContextCaption effectiveSecsAgo]	
10afce12c	10afce133	decompiled	chunks/001/functions-000097.c	-[SCMapGroupLocationContextCaption applicableUserIds]	
10afce134	10afce163	decompiled	chunks/001/functions-000097.c	-[SCMapGroupLocationContextCaption .cxx_destruct]	
10afce164	10afce1db	decompiled	chunks/001/functions-000097.c	-[SCMapGroupLocationContextRequest initWithUserIds:]	
10afce1dc	10afce1ff	decompiled	chunks/001/functions-000097.c	-[SCMapGroupLocationContextRequest copyWithZone:]	
10afce200	10afce207	decompiled	chunks/001/functions-000097.c	-[SCMapGroupLocationContextRequest hash]	
10afce208	10afce297	decompiled	chunks/001/functions-000097.c	-[SCMapGroupLocationContextRequest isEqual:]	
10afce298	10afce29f	decompiled	chunks/001/functions-000097.c	-[SCMapGroupLocationContextRequest userIds]	
10afce2a0	10afce2ab	decompiled	chunks/001/functions-000097.c	-[SCMapGroupLocationContextRequest .cxx_destruct]	
10afce2ac	10afce333	decompiled	chunks/001/functions-000097.c	-[SCMapGroupLocationContextResponse initWithGroupLocationContextCaptions:nextRequestAfterSecs:]	
10afce334	10afce357	decompiled	chunks/001/functions-000097.c	-[SCMapGroupLocationContextResponse copyWithZone:]	
10afce358	10afce3e3	decompiled	chunks/001/functions-000097.c	-[SCMapGroupLocationContextResponse hash]	
10afce3e4	10afce4a7	decompiled	chunks/001/functions-000097.c	-[SCMapGroupLocationContextResponse isEqual:]	
10afce4a8	10afce4af	decompiled	chunks/001/functions-000097.c	-[SCMapGroupLocationContextResponse groupLocationContextCaptions]	
10afce4b0	10afce4b7	decompiled	chunks/001/functions-000097.c	-[SCMapGroupLocationContextResponse nextRequestAfterSecs]	
10afce4b8	10afce4c3	decompiled	chunks/001/functions-000097.c	-[SCMapGroupLocationContextResponse .cxx_destruct]	
10afce4c4	10afce4e7	decompiled	chunks/001/functions-000097.c	-[SCNMessagingUploadResult copyWithZone:]	
10afce4e8	10afce4ef	decompiled	chunks/001/functions-000097.c	-[SCNativeMessagingServices nativeCommunityFeedManager]	
10afce4f0	10afce4f7	decompiled	chunks/001/functions-000097.c	-[SCNativeMessagingServices conversationUpdateAccumulatedAnnouncer]	
10afce4f8	10afce4ff	decompiled	chunks/001/functions-000097.c	-[SCNativeMessagingServices notificationCenterUpdateAnnouncer]	
10afce500	10afce507	decompiled	chunks/001/functions-000097.c	-[SCNativeMessagingServices topGroupsIdsObservable]	
10afce508	10afce50f	decompiled	chunks/001/functions-000097.c	-[SCNativeMessagingServices nativePostSnapInteractionEvents]	
10afce510	10afce60b	decompiled	chunks/001/functions-000097.c	-[SCNativeMessagingServices .cxx_destruct]	
10afce60c	10afce787	decompiled	chunks/001/functions-000097.c	-[SCArroyoFeedDataUpdateListenerAnnouncer description]	
10afce788	10afce9b7	decompiled	chunks/001/functions-000098.c	-[SCArroyoFeedDataUpdateListenerAnnouncer removeListener:]	
10afce9b8	10afceaab	decompiled	chunks/001/functions-000098.c	-[SCArroyoFeedDataUpdateListenerAnnouncer didFeedRequestError:status:]	
10afceaac	10afcead3	decompiled	chunks/001/functions-000098.c	-[SCArroyoFeedDataUpdateListenerAnnouncer .cxx_destruct]	
10afcead4	10afceae7	decompiled	chunks/001/functions-000098.c		
10afceae8	10afceb3f	decompiled	chunks/001/functions-000098.c		
10afceb40	10afceb4f	decompiled	chunks/001/functions-000098.c		
10afceb50	10afceb6f	decompiled	chunks/001/functions-000098.c		
10afceb70	10afcebd7	decompiled	chunks/001/functions-000098.c		
10afcebd8	10afcebdb	decompiled	chunks/001/functions-000098.c		
10afcebdc	10afced57	decompiled	chunks/001/functions-000098.c	-[SCArroyoConversationDataUpdateListenerAnnouncer description]	
10afced58	10afcedb7	decompiled	chunks/001/functions-000098.c		
10afcedb8	10afcefe7	decompiled	chunks/001/functions-000098.c	-[SCArroyoConversationDataUpdateListenerAnnouncer removeListener:]	
10afcefe8	10afcf0cb	decompiled	chunks/001/functions-000098.c	-[SCArroyoConversationDataUpdateListenerAnnouncer didCreateConversation:]	
10afcf0cc	10afcf21f	decompiled	chunks/001/functions-000098.c	-[SCArroyoConversationDataUpdateListenerAnnouncer didConversationUpdateForConversationId:conversation:updatedMessages:removedMessages:]	
10afcf220	10afcf303	decompiled	chunks/001/functions-000098.c	-[SCArroyoConversationDataUpdateListenerAnnouncer didRemoveConversation:]	
10afcf304	10afcf3e7	decompiled	chunks/001/functions-000098.c	-[SCArroyoConversationDataUpdateListenerAnnouncer didSendStart:]	
10afcf3e8	10afcf4cb	decompiled	chunks/001/functions-000098.c	-[SCArroyoConversationDataUpdateListenerAnnouncer didSendComplete:]	
10afcf4cc	10afcf5af	decompiled	chunks/001/functions-000098.c	-[SCArroyoConversationDataUpdateListenerAnnouncer didConfirmConversationServerCreation:]	
10afcf5b0	10afcf6bb	decompiled	chunks/001/functions-000098.c	-[SCArroyoConversationDataUpdateListenerAnnouncer didConversationReset:messages:]	
10afcf6bc	10afcf6e3	decompiled	chunks/001/functions-000098.c	-[SCArroyoConversationDataUpdateListenerAnnouncer .cxx_destruct]	
10afcf6e4	10afcf6f7	decompiled	chunks/001/functions-000098.c		
10afcf6f8	10afcf74f	decompiled	chunks/001/functions-000098.c		
10afcf750	10afcf75f	decompiled	chunks/001/functions-000098.c		
10afcf760	10afcf77f	decompiled	chunks/001/functions-000098.c		
10afcf780	10afcf8fb	decompiled	chunks/001/functions-000098.c	-[SCArroyoStoryDataUpdateListenerAnnouncer description]	
10afcf8fc	10afcf95b	decompiled	chunks/001/functions-000098.c		
10afcf95c	10afcfb8b	decompiled	chunks/001/functions-000098.c	-[SCArroyoStoryDataUpdateListenerAnnouncer removeListener:]	
10afcfb8c	10afcfcc7	decompiled	chunks/001/functions-000098.c	-[SCArroyoStoryDataUpdateListenerAnnouncer onStorySendUpdated:storyDestinations:content:state:]	
10afcfcc8	10afcfdf3	decompiled	chunks/001/functions-000098.c	-[SCArroyoStoryDataUpdateListenerAnnouncer onStorySendComplete:content:completedStoryDestinations:]	
10afcfdf4	10afcfe1b	decompiled	chunks/001/functions-000098.c	-[SCArroyoStoryDataUpdateListenerAnnouncer .cxx_destruct]	
10afcfe1c	10afcfe2f	decompiled	chunks/001/functions-000098.c		
10afcfe30	10afcfe87	decompiled	chunks/001/functions-000098.c		
10afcfe88	10afcfe97	decompiled	chunks/001/functions-000098.c		
10afcfe98	10afcfeb7	decompiled	chunks/001/functions-000098.c		
10afcfeb8	10afcff1f	decompiled	chunks/001/functions-000098.c		
10afcff20	10afcff23	decompiled	chunks/001/functions-000098.c		
10afcff24	10afd009f	decompiled	chunks/001/functions-000098.c	-[SCNotificationCenterUpdateListenerAnnouncer description]	
10afd00a0	10afd00ff	decompiled	chunks/001/functions-000098.c		
10afd0100	10afd03ab	decompiled	chunks/001/functions-000098.c	-[SCNotificationCenterUpdateListenerAnnouncer addListener:]	
10afd03ac	10afd04eb	decompiled	chunks/001/functions-000098.c		
10afd04ec	10afd0533	decompiled	chunks/001/functions-000098.c		
10afd0534	10afd0763	decompiled	chunks/001/functions-000098.c	-[SCNotificationCenterUpdateListenerAnnouncer removeListener:]	
10afd0764	10afd0847	decompiled	chunks/001/functions-000098.c	-[SCNotificationCenterUpdateListenerAnnouncer onBadgeUpdated:]	
10afd0848	10afd086f	decompiled	chunks/001/functions-000098.c	-[SCNotificationCenterUpdateListenerAnnouncer .cxx_destruct]	
10afd0870	10afd088f	decompiled	chunks/001/functions-000098.c	-[SCNotificationCenterUpdateListenerAnnouncer .cxx_construct]	
10afd0890	10afd08a3	decompiled	chunks/001/functions-000098.c		
10afd08a4	10afd08fb	decompiled	chunks/001/functions-000098.c		
10afd08fc	10afd090b	decompiled	chunks/001/functions-000098.c		
10afd090c	10afd092b	decompiled	chunks/001/functions-000098.c		
10afd092c	10afd0993	decompiled	chunks/001/functions-000098.c		
10afd0994	10afd0997	decompiled	chunks/001/functions-000098.c		
10afd0998	10afd0a2b	decompiled	chunks/001/functions-000098.c	+[SCNativeMessagingSessionManagerEvent pureArroyoUpgradeWithLegacyOneOnOneConversationIds:legacyGroupConversationIds:]	
10afd0a2c	10afd0a73	decompiled	chunks/001/functions-000098.c	+[SCNativeMessagingSessionManagerEvent wipeAllData]	
10afd0a74	10afd0a97	decompiled	chunks/001/functions-000098.c	-[SCNativeMessagingSessionManagerEvent copyWithZone:]	
10afd0a98	10afd0b0f	decompiled	chunks/001/functions-000098.c	-[SCNativeMessagingSessionManagerEvent hash]	
10afd0b10	10afd0b53	decompiled	chunks/001/functions-000098.c	-[SCNativeMessagingSessionManagerEvent internalInit]	
10afd0b54	10afd0c0b	decompiled	chunks/001/functions-000098.c	-[SCNativeMessagingSessionManagerEvent isEqual:]	
10afd0c0c	10afd0c8f	decompiled	chunks/001/functions-000098.c	-[SCNativeMessagingSessionManagerEvent matchWipeAllData:pureArroyoUpgrade:]	
10afd0c90	10afd0cbf	decompiled	chunks/001/functions-000098.c	-[SCNativeMessagingSessionManagerEvent .cxx_destruct]	
10afd0cc0	10afd0d2b	decompiled	chunks/001/functions-000098.c	-[SCFriendsFeedFetchContext hash]	
10afd0d2c	10afd0d37	decompiled	chunks/001/functions-000098.c	-[SCFriendsFeedFetchContext .cxx_destruct]	
10afd0d38	10afd0d8f	decompiled	chunks/001/functions-000098.c	+[SCFriendsFeedFetchResult failureWithFailureReason:]	
10afd0d90	10afd0dd7	decompiled	chunks/001/functions-000098.c	+[SCFriendsFeedFetchResult success]	
10afd0dd8	10afd0dfb	decompiled	chunks/001/functions-000098.c	-[SCFriendsFeedFetchResult copyWithZone:]	
10afd0dfc	10afd0e5b	decompiled	chunks/001/functions-000098.c	-[SCFriendsFeedFetchResult hash]	
10afd0e5c	10afd0e9f	decompiled	chunks/001/functions-000098.c	-[SCFriendsFeedFetchResult internalInit]	
10afd0ea0	10afd0f37	decompiled	chunks/001/functions-000098.c	-[SCFriendsFeedFetchResult isEqual:]	
10afd0f38	10afd0fbb	decompiled	chunks/001/functions-000098.c	-[SCFriendsFeedFetchResult matchSuccess:failure:]	
10afd0fbc	10afd0fdf	decompiled	chunks/001/functions-000098.c	-[SCFriendsFeedLoadingStatusResult copyWithZone:]	
10afd0fe0	10afd103f	decompiled	chunks/001/functions-000098.c	-[SCFriendsFeedLoadingStatusResult hash]	
10afd1040	10afd10d7	decompiled	chunks/001/functions-000098.c	-[SCFriendsFeedLoadingStatusResult isEqual:]	
10afd10d8	10afd10df	decompiled	chunks/001/functions-000098.c	-[SCFriendsFeedLoadingStatusResult loadingStatus]	
10afd10e0	10afd10e7	decompiled	chunks/001/functions-000098.c	-[SCFriendsFeedLoadingStatusResult triggerType]	
10afd10e8	10afd1133	decompiled	chunks/001/functions-000098.c	+[SCPureArroyoABChangeEvent downgrade]	
10afd1134	10afd11c3	decompiled	chunks/001/functions-000098.c	+[SCPureArroyoABChangeEvent upgradeWithLegacyOneOnOneConversationIds:legacyGroupConversationIds:]	
10afd11c4	10afd11e7	decompiled	chunks/001/functions-000098.c	-[SCPureArroyoABChangeEvent copyWithZone:]	
10afd11e8	10afd125f	decompiled	chunks/001/functions-000098.c	-[SCPureArroyoABChangeEvent hash]	
10afd1260	10afd1317	decompiled	chunks/001/functions-000098.c	-[SCPureArroyoABChangeEvent isEqual:]	
10afd1318	10afd1347	decompiled	chunks/001/functions-000098.c	-[SCPureArroyoABChangeEvent .cxx_destruct]	
10afd1348	10afd136b	decompiled	chunks/001/functions-000098.c	-[SCNativeQueryFeedParameters copyWithZone:]	
10afd136c	10afd13e3	decompiled	chunks/001/functions-000098.c	-[SCNativeQueryFeedParameters hash]	
10afd13e4	10afd1493	decompiled	chunks/001/functions-000098.c	-[SCNativeQueryFeedParameters isEqual:]	
10afd1494	10afd149b	decompiled	chunks/001/functions-000098.c	-[SCNativeQueryFeedParameters conversationId]	
10afd149c	10afd1547	decompiled	chunks/001/functions-000098.c	-[SCPlatformMediaUploadResult initWithUploadResult:contentData:]	
10afd1548	10afd154f	decompiled	chunks/001/functions-000098.c	-[SCPlatformMediaUploadResult uploadResult]	
10afd1550	10afd1557	decompiled	chunks/001/functions-000098.c	-[SCPlatformMediaUploadResult contentData]	
10afd1558	10afd1587	decompiled	chunks/001/functions-000098.c	-[SCPlatformMediaUploadResult .cxx_destruct]	
10afd1588	10afd15eb	decompiled	chunks/001/functions-000098.c	+[SCPlatformMediaUploadContentData ctItemInstanceWithCtItemInstance:]	
10afd15ec	10afd1657	decompiled	chunks/001/functions-000098.c	+[SCPlatformMediaUploadContentData inLensCreationWithCustomizationId:]	
10afd1658	10afd17c7	decompiled	chunks/001/functions-000098.c	+[SCPlatformMediaUploadContentData promptLensesWithPromptId:key:promptCreatorUserId:promptReceiverUserId:turnBased:score:isCompleteAtCapture:lensName:]	
10afd17c8	10afd183b	decompiled	chunks/001/functions-000098.c	+[SCPlatformMediaUploadContentData zippedMediaWithIsMediaZipped:isMainMedia:videoCodec:]	
10afd183c	10afd185f	decompiled	chunks/001/functions-000098.c	-[SCPlatformMediaUploadContentData copyWithZone:]	
10afd1860	10afd193b	decompiled	chunks/001/functions-000098.c	-[SCPlatformMediaUploadContentData hash]	
10afd193c	10afd197f	decompiled	chunks/001/functions-000098.c	-[SCPlatformMediaUploadContentData internalInit]	
10afd1980	10afd1b17	decompiled	chunks/001/functions-000098.c	-[SCPlatformMediaUploadContentData isEqual:]	
10afd1b18	10afd1c37	decompiled	chunks/001/functions-000098.c	-[SCPlatformMediaUploadContentData matchCtItemInstance:zippedMedia:promptLenses:inLensCreation:]	
10afd1c38	10afd1caf	decompiled	chunks/001/functions-000098.c	-[SCPlatformMediaUploadContentData .cxx_destruct]	
10afd1cb0	10afd1cd3	decompiled	chunks/001/functions-000098.c	-[SCSyncedFeedEntriesUpdateEvent copyWithZone:]	
10afd1cd4	10afd1d93	decompiled	chunks/001/functions-000098.c	-[SCSyncedFeedEntriesUpdateEvent hash]	
10afd1d94	10afd1edb	decompiled	chunks/001/functions-000098.c	-[SCSyncedFeedEntriesUpdateEvent isEqual:]	
10afd1edc	10afd1ee3	decompiled	chunks/001/functions-000099.c	-[SCSyncedFeedEntriesUpdateEvent isInitialFetchFeed]	
10afd1ee4	10afd1f07	decompiled	chunks/001/functions-000099.c	-[SCFeedEntriesUpdateEvent copyWithZone:]	
10afd1f08	10afd1f9f	decompiled	chunks/001/functions-000099.c	-[SCFeedEntriesUpdateEvent hash]	
10afd1fa0	10afd208f	decompiled	chunks/001/functions-000099.c	-[SCFeedEntriesUpdateEvent isEqual:]	
10afd2090	10afd2097	decompiled	chunks/001/functions-000099.c	-[SCFeedEntriesUpdateEvent updatedFeedEntries]	
10afd2098	10afd209f	decompiled	chunks/001/functions-000099.c	-[SCFeedEntriesUpdateEvent multiRecipientFeedEntries]	
10afd20a0	10afd20a7	decompiled	chunks/001/functions-000099.c	-[SCFeedEntriesUpdateEvent deletedFeedEntries]	
10afd20a8	10afd20af	decompiled	chunks/001/functions-000099.c	-[SCFeedEntriesUpdateEvent multiRecipientFeedEntriesDeleted]	
10afd20b0	10afd20b7	decompiled	chunks/001/functions-000099.c	-[SCFeedEntriesUpdateEvent updateMetadata]	
10afd20b8	10afd20db	decompiled	chunks/001/functions-000099.c	-[SCFriendsFeedUpdateEvent copyWithZone:]	
10afd20dc	10afd218f	decompiled	chunks/001/functions-000099.c	-[SCFriendsFeedUpdateEvent hash]	
10afd2190	10afd22b7	decompiled	chunks/001/functions-000099.c	-[SCFriendsFeedUpdateEvent isEqual:]	
10afd22b8	10afd2323	decompiled	chunks/001/functions-000099.c	+[SCSponsoredSnapFeedLifecycleEvent onAdRequestBuildStartWithAdSyncAttemptId:trigger:]	
10afd2324	10afd238f	decompiled	chunks/001/functions-000099.c	+[SCSponsoredSnapFeedLifecycleEvent onAdRequestBuildSuccessWithAdSyncAttemptId:]	
10afd2390	10afd2427	decompiled	chunks/001/functions-000099.c	+[SCSponsoredSnapFeedLifecycleEvent onAdResponseSuccessWithAdSyncAttemptId:adResponseBytes:]	
10afd2428	10afd24bf	decompiled	chunks/001/functions-000099.c	+[SCSponsoredSnapFeedLifecycleEvent onFeedEnteredWithAdSyncAttemptId:feedSessionId:]	
10afd24c0	10afd2567	decompiled	chunks/001/functions-000099.c	+[SCSponsoredSnapFeedLifecycleEvent onSponsoredSnapHiddenWithAdSyncAttemptId:isNoFill:adResponseBytes:]	
10afd2568	10afd260f	decompiled	chunks/001/functions-000099.c	+[SCSponsoredSnapFeedLifecycleEvent onSponsoredSnapInsertedWithAdSyncAttemptId:isNoFill:adResponseBytes:]	
10afd2610	10afd2633	decompiled	chunks/001/functions-000099.c	-[SCSponsoredSnapFeedLifecycleEvent copyWithZone:]	
10afd2634	10afd2717	decompiled	chunks/001/functions-000099.c	-[SCSponsoredSnapFeedLifecycleEvent hash]	
10afd2718	10afd275b	decompiled	chunks/001/functions-000099.c	-[SCSponsoredSnapFeedLifecycleEvent internalInit]	
10afd275c	10afd2903	decompiled	chunks/001/functions-000099.c	-[SCSponsoredSnapFeedLifecycleEvent isEqual:]	
10afd2904	10afd2a73	decompiled	chunks/001/functions-000099.c	-[SCSponsoredSnapFeedLifecycleEvent matchOnAdRequestBuildStart:onAdRequestBuildSuccess:onAdResponseSuccess:onSponsoredSnapInserted:onSponsoredSnapHidden:onFeedEntered:]	
10afd2a74	10afd2b03	decompiled	chunks/001/functions-000099.c	-[SCSponsoredSnapFeedLifecycleEvent .cxx_destruct]	
10afd2b04	10afd2c0f	decompiled	chunks/001/functions-000099.c	-[SCConversationUpdateEvent initWithConversationId:conversation:updatedMessages:removedMessages:]	
10afd2c10	10afd2c33	decompiled	chunks/001/functions-000099.c	-[SCConversationUpdateEvent copyWithZone:]	
10afd2c34	10afd2cbf	decompiled	chunks/001/functions-000099.c	-[SCConversationUpdateEvent hash]	
10afd2cc0	10afd2d97	decompiled	chunks/001/functions-000099.c	-[SCConversationUpdateEvent isEqual:]	
10afd2d98	10afd2d9f	decompiled	chunks/001/functions-000099.c	-[SCConversationUpdateEvent conversationId]	
10afd2da0	10afd2da7	decompiled	chunks/001/functions-000099.c	-[SCConversationUpdateEvent conversation]	
10afd2da8	10afd2daf	decompiled	chunks/001/functions-000099.c	-[SCConversationUpdateEvent updatedMessages]	
10afd2db0	10afd2db7	decompiled	chunks/001/functions-000099.c	-[SCConversationUpdateEvent removedMessages]	
10afd2db8	10afd2dff	decompiled	chunks/001/functions-000099.c	-[SCConversationUpdateEvent .cxx_destruct]	
10afd2e00	10afd2e77	decompiled	chunks/001/functions-000099.c	-[SCNativePostSnapInteractionEvent initWithConversationId:]	
10afd2e78	10afd2e9b	decompiled	chunks/001/functions-000099.c	-[SCNativePostSnapInteractionEvent copyWithZone:]	
10afd2e9c	10afd2ea3	decompiled	chunks/001/functions-000099.c	-[SCNativePostSnapInteractionEvent hash]	
10afd2ea4	10afd2f33	decompiled	chunks/001/functions-000099.c	-[SCNativePostSnapInteractionEvent isEqual:]	
10afd2f34	10afd2f3b	decompiled	chunks/001/functions-000099.c	-[SCNativePostSnapInteractionEvent conversationId]	
10afd2f3c	10afd2f47	decompiled	chunks/001/functions-000099.c	-[SCNativePostSnapInteractionEvent .cxx_destruct]	
10afd2f48	10afd3013	decompiled	chunks/001/functions-000099.c	-[SCMessageWindowUpdateEvent initWithConversationId:operationType:window:]	
10afd3014	10afd3037	decompiled	chunks/001/functions-000099.c	-[SCMessageWindowUpdateEvent copyWithZone:]	
10afd3038	10afd30b7	decompiled	chunks/001/functions-000099.c	-[SCMessageWindowUpdateEvent hash]	
10afd30b8	10afd3177	decompiled	chunks/001/functions-000099.c	-[SCMessageWindowUpdateEvent isEqual:]	
10afd3178	10afd317f	decompiled	chunks/001/functions-000099.c	-[SCMessageWindowUpdateEvent conversationId]	
10afd3180	10afd3187	decompiled	chunks/001/functions-000099.c	-[SCMessageWindowUpdateEvent operationType]	
10afd3188	10afd318f	decompiled	chunks/001/functions-000099.c	-[SCMessageWindowUpdateEvent window]	
10afd3190	10afd31cb	decompiled	chunks/001/functions-000099.c	-[SCMessageWindowUpdateEvent .cxx_destruct]	
10afd31cc	10afd3257	decompiled	chunks/001/functions-000099.c	-[SCMessageWindowErrorEvent initWithConversationId:operationType:status:]	
10afd3258	10afd327b	decompiled	chunks/001/functions-000099.c	-[SCMessageWindowErrorEvent copyWithZone:]	
10afd327c	10afd32ef	decompiled	chunks/001/functions-000099.c	-[SCMessageWindowErrorEvent hash]	
10afd32f0	10afd339f	decompiled	chunks/001/functions-000099.c	-[SCMessageWindowErrorEvent isEqual:]	
10afd33a0	10afd33a7	decompiled	chunks/001/functions-000099.c	-[SCMessageWindowErrorEvent conversationId]	
10afd33a8	10afd33af	decompiled	chunks/001/functions-000099.c	-[SCMessageWindowErrorEvent operationType]	
10afd33b0	10afd33b7	decompiled	chunks/001/functions-000099.c	-[SCMessageWindowErrorEvent status]	
10afd33b8	10afd33c3	decompiled	chunks/001/functions-000099.c	-[SCMessageWindowErrorEvent .cxx_destruct]	
10afd33c4	10afd33eb	decompiled	chunks/001/functions-000099.c	+[SCLensExplorerCategoriesProviderConfiguration defaultBatchConfiguration]	
10afd33ec	10afd343b	decompiled	chunks/001/functions-000099.c	+[SCLensExplorerCategoriesProviderConfiguration batchConfigurationWithPreselectedFeedId:]	
10afd343c	10afd348b	decompiled	chunks/001/functions-000099.c	+[SCLensExplorerCategoriesProviderConfiguration singleCategoryConfigurationWithFeedId:]	
10afd348c	10afd3493	decompiled	chunks/001/functions-000099.c	-[SCLensExplorerDataQueryContext queryFactory]	
10afd3494	10afd349b	decompiled	chunks/001/functions-000099.c	-[SCLensExplorerDataQueryContext categoriesProviderFactory]	
10afd349c	10afd34a3	decompiled	chunks/001/functions-000099.c	-[SCLensExplorerDataQueryContext queryCoordinatorFactory]	
10afd34a4	10afd34ab	decompiled	chunks/001/functions-000099.c	-[SCLensExplorerDataQueryContext lensCollectionCategoryProvider]	
10afd34ac	10afd34b3	decompiled	chunks/001/functions-000099.c	-[SCLensExplorerDataQueryContext categoriesBatchRefreshFactory]	
10afd34b4	10afd34bb	decompiled	chunks/001/functions-000099.c	-[SCLensExplorerDataQueryContext dataStoreFactory]	
10afd34bc	10afd34eb	decompiled	chunks/001/functions-000099.c	-[SCLensExplorerDataQueryContext setDataStoreFactory:]	
10afd34ec	10afd34f3	decompiled	chunks/001/functions-000099.c	-[SCLensExplorerDataQueryContext sectionConfigurationsDataStore]	
10afd34f4	10afd3523	decompiled	chunks/001/functions-000099.c	-[SCLensExplorerDataQueryContext setSectionConfigurationsDataStore:]	
10afd3524	10afd352b	decompiled	chunks/001/functions-000099.c	-[SCLensExplorerDataQueryContext containersProvider]	
10afd352c	10afd355b	decompiled	chunks/001/functions-000099.c	-[SCLensExplorerDataQueryContext setContainersProvider:]	
10afd355c	10afd3563	decompiled	chunks/001/functions-000099.c	-[SCLensExplorerDataQueryContext feedLensesProvider]	
10afd3564	10afd35e7	decompiled	chunks/001/functions-000099.c	-[SCLensExplorerDataQueryContext .cxx_destruct]	
10afd35e8	10afd35ef	decompiled	chunks/001/functions-000099.c	-[SCLensExplorerDataServices requestRanker]	
10afd35f0	10afd35f7	decompiled	chunks/001/functions-000099.c	-[SCLensExplorerDataServices defultQueryContext]	
10afd35f8	10afd35ff	decompiled	chunks/001/functions-000099.c	-[SCLensExplorerDataServices postCaptureQueryContext]	
10afd3600	10afd3607	decompiled	chunks/001/functions-000099.c	-[SCLensExplorerDataServices directorsQueryContext]	
10afd3608	10afd360f	decompiled	chunks/001/functions-000099.c	-[SCLensExplorerDataServices hermosaHomeQueryContext]	
10afd3610	10afd3617	decompiled	chunks/001/functions-000099.c	-[SCLensExplorerDataServices hermosaConnectedQueryContext]	
10afd3618	10afd361f	decompiled	chunks/001/functions-000099.c	-[SCLensExplorerDataServices arBarQueryContext]	
10afd3620	10afd3627	decompiled	chunks/001/functions-000099.c	-[SCLensExplorerDataServices arBarReplyQueryContext]	
10afd3628	10afd362f	decompiled	chunks/001/functions-000099.c	-[SCLensExplorerDataServices arBarCallQueryContext]	
10afd3630	10afd3637	decompiled	chunks/001/functions-000099.c	-[SCLensExplorerDataServices memoriesTemplateQueryContext]	
10afd3638	10afd363f	decompiled	chunks/001/functions-000099.c	-[SCLensExplorerDataServices gamesDrawerQueryContext]	
10afd3640	10afd3647	decompiled	chunks/001/functions-000099.c	-[SCLensExplorerDataServices dataQueryContextProvider]	
10afd3648	10afd36ef	decompiled	chunks/001/functions-000099.c	-[SCLensExplorerDataServices .cxx_destruct]	
10afd36f0	10afd38b7	decompiled	chunks/001/functions-000099.c	-[SCLensExplorerContainerItem initWithContainerId:name:containerDescription:items:renderStrategy:feedId:remoteState:deeplinkURL:]	
10afd38b8	10afd38db	decompiled	chunks/001/functions-000099.c	-[SCLensExplorerContainerItem copyWithZone:]	
10afd38dc	10afd3997	decompiled	chunks/001/functions-000099.c	-[SCLensExplorerContainerItem hash]	
10afd3998	10afd3acf	decompiled	chunks/001/functions-000099.c	-[SCLensExplorerContainerItem isEqual:]	
10afd3ad0	10afd3ad7	decompiled	chunks/001/functions-000099.c	-[SCLensExplorerContainerItem containerId]	
10afd3ad8	10afd3adf	decompiled	chunks/001/functions-000099.c	-[SCLensExplorerContainerItem name]	
10afd3ae0	10afd3ae7	decompiled	chunks/001/functions-000099.c	-[SCLensExplorerContainerItem containerDescription]	
10afd3ae8	10afd3aef	decompiled	chunks/001/functions-000099.c	-[SCLensExplorerContainerItem items]	
10afd3af0	10afd3af7	decompiled	chunks/001/functions-000099.c	-[SCLensExplorerContainerItem renderStrategy]	
10afd3af8	10afd3aff	decompiled	chunks/001/functions-000099.c	-[SCLensExplorerContainerItem feedId]	
10afd3b00	10afd3b07	decompiled	chunks/001/functions-000099.c	-[SCLensExplorerContainerItem remoteState]	
10afd3b08	10afd3b0f	decompiled	chunks/001/functions-000099.c	-[SCLensExplorerContainerItem deeplinkURL]	
10afd3b10	10afd3b87	decompiled	chunks/001/functions-000099.c	-[SCLensExplorerContainerItem .cxx_destruct]	
10afd3b88	10afd3ba3	decompiled	chunks/001/functions-000099.c	+[SCLensExplorerContainerItemBuilder lensExplorerContainerItem]	
10afd3ba4	10afd3e07	decompiled	chunks/001/functions-000099.c	+[SCLensExplorerContainerItemBuilder lensExplorerContainerItemFromExistingLensExplorerContainerItem:]	
10afd3e08	10afd3e4f	decompiled	chunks/001/functions-000099.c	-[SCLensExplorerContainerItemBuilder build]	
