address	end_address	status	pseudocode_file	runtime_label	error
10b02b760	10b02b767	decompiled	chunks/002/functions-000140.c	-[SCMapPlaceCategoryIcon placeId]	
10b02b768	10b02b76f	decompiled	chunks/002/functions-000140.c	-[SCMapPlaceCategoryIcon categoryIconUrl]	
10b02b770	10b02b777	decompiled	chunks/002/functions-000140.c	-[SCMapPlaceCategoryIcon kindName]	
10b02b778	10b02b77f	decompiled	chunks/002/functions-000140.c	-[SCMapPlaceCategoryIcon isDefaultCategoryIcon]	
10b02b780	10b02b787	decompiled	chunks/002/functions-000140.c	-[SCMapPlaceCategoryIcon categoryId]	
10b02b788	10b02b7cf	decompiled	chunks/002/functions-000140.c	-[SCMapPlaceCategoryIcon .cxx_destruct]	
10b02b7d0	10b02b7d7	decompiled	chunks/002/functions-000140.c	-[SCCVenueProfileV3ExternalActionType__Enum init]	
10b02b7d8	10b02b7df	decompiled	chunks/002/functions-000140.c	-[SCVenueActionSheetType__Enum init]	
10b02b7e0	10b02b7e7	decompiled	chunks/002/functions-000140.c	-[SCVenueNavigationMode__Enum init]	
10b02b7e8	10b02b7ef	decompiled	chunks/002/functions-000140.c	-[SCVenueProfileExternalMetricType__Enum init]	
10b02b7f0	10b02b7f7	decompiled	chunks/002/functions-000140.c	-[SCVenueProfileFloatingButtonAction__Enum init]	
10b02b7f8	10b02b7ff	decompiled	chunks/002/functions-000140.c	-[SCVenueProfileSection__Enum init]	
10b02b800	10b02b8a7	decompiled	chunks/002/functions-000140.c	-[SCCPlaceLoyaltyRank__Enum init]	
10b02b8a8	10b02b8d3	decompiled	chunks/002/functions-000140.c	-[SCCBusinessProfileData initWithBusinessId:accountId:name:username:profileImageUrl:]	
10b02b8d4	10b02b8e3	decompiled	chunks/002/functions-000140.c	+[SCCBusinessProfileData valdiMarshallableObjectDescriptor]	
10b02b8e4	10b02b90b	decompiled	chunks/002/functions-000140.c	-[SCCDirectionsButtonData initWithMode:formattedAddress:name:lat:lng:]	
10b02b90c	10b02b91f	decompiled	chunks/002/functions-000140.c	+[SCCDirectionsButtonData valdiMarshallableObjectDescriptor]	
10b02b920	10b02b94f	decompiled	chunks/002/functions-000140.c	-[SCCMapVenueProfileMetricsData initWithAnnotations:hasMediaPin:mapZoomLevel:mapSessionId:mapViewportSessionId:]	
10b02b950	10b02b95f	decompiled	chunks/002/functions-000140.c	+[SCCMapVenueProfileMetricsData valdiMarshallableObjectDescriptor]	
10b02b960	10b02b98b	decompiled	chunks/002/functions-000140.c	-[SCCPlaceLoyaltyData initWithCategoryAsset:trophyAsset:bitmojiPoseId:title:subtitle:rank:]	
10b02b98c	10b02b99f	decompiled	chunks/002/functions-000140.c	+[SCCPlaceLoyaltyData valdiMarshallableObjectDescriptor]	
10b02b9a0	10b02b9d7	decompiled	chunks/002/functions-000140.c	-[SCCPlaceLoyaltySticker initWithPlaceId:placeName:trophyAsset:poseId:subtitle:title:rankColor:]	
10b02b9d8	10b02b9e7	decompiled	chunks/002/functions-000140.c	+[SCCPlaceLoyaltySticker valdiMarshallableObjectDescriptor]	
10b02b9e8	10b02ba0f	decompiled	chunks/002/functions-000140.c	-[SCCPlaceProfileComponentSection initWithComponentType:sectionTitle:places:]	
10b02ba10	10b02ba23	decompiled	chunks/002/functions-000140.c	+[SCCPlaceProfileComponentSection valdiMarshallableObjectDescriptor]	
10b02ba24	10b02ba5b	decompiled	chunks/002/functions-000140.c	-[SCCPlaceProfileData initWithPlaceId:]	
10b02ba5c	10b02ba6f	decompiled	chunks/002/functions-000140.c	+[SCCPlaceProfileData valdiMarshallableObjectDescriptor]	
10b02ba70	10b02baaf	decompiled	chunks/002/functions-000140.c	-[SCCVenueLoadedData initWithPlaceId:name:lat:lng:categoryIconUrl:isFavorited:isPromoted:placeType:]	
10b02bab0	10b02bac3	decompiled	chunks/002/functions-000140.c	+[SCCVenueLoadedData valdiMarshallableObjectDescriptor]	
10b02bac4	10b02baf3	decompiled	chunks/002/functions-000140.c	-[SCCVenueProfileV3Configs initWithShowStoryCarousel:showSeeOnSnapMapSection:]	
10b02baf4	10b02bb03	decompiled	chunks/002/functions-000140.c	+[SCCVenueProfileV3Configs valdiMarshallableObjectDescriptor]	
10b02bb04	10b02bb4b	decompiled	chunks/002/functions-000140.c	-[SCCVenueProfileV3Context initWithConfigs:dataProvider:venueFavoritesStore:deckHierarchy:storyHandler:subscriptionStore:trayHeightObservable:actionHandler:externalActionsObservable:]	
10b02bb4c	10b02bb5f	decompiled	chunks/002/functions-000140.c	+[SCCVenueProfileV3Context valdiMarshallableObjectDescriptor]	
10b02bb60	10b02bb8b	decompiled	chunks/002/functions-000140.c	-[SCCVenueProfileV3ExternalAction initWithPlaceId:actionType:]	
10b02bb8c	10b02bb9f	decompiled	chunks/002/functions-000140.c	+[SCCVenueProfileV3ExternalAction valdiMarshallableObjectDescriptor]	
10b02bba0	10b02bbd7	decompiled	chunks/002/functions-000140.c	-[SCCVenueProfileV3MetricsData initWithUiTapTimeMs:openSource:]	
10b02bbd8	10b02bbeb	decompiled	chunks/002/functions-000140.c	+[SCCVenueProfileV3MetricsData valdiMarshallableObjectDescriptor]	
10b02bbec	10b02bc1f	decompiled	chunks/002/functions-000140.c	-[SCCVenueProfileV3SessionInfo initWithPlaceSessionId:uiTapTimeMs:]	
10b02bc20	10b02bc2f	decompiled	chunks/002/functions-000140.c	+[SCCVenueProfileV3SessionInfo valdiMarshallableObjectDescriptor]	
10b02bc30	10b02bc57	decompiled	chunks/002/functions-000140.c	-[SCCVenueProfileV3ViewModel initWithPlaceId:isPromoted:metricsData:]	
10b02bc58	10b02bc6b	decompiled	chunks/002/functions-000140.c	+[SCCVenueProfileV3ViewModel valdiMarshallableObjectDescriptor]	
10b02bc6c	10b02bc9b	decompiled	chunks/002/functions-000140.c	-[SCPlaceLinkFloatingButtonViewModel initWithButtonData:]	
10b02bc9c	10b02bcaf	decompiled	chunks/002/functions-000140.c	+[SCPlaceLinkFloatingButtonViewModel valdiMarshallableObjectDescriptor]	
10b02bcb0	10b02bce3	decompiled	chunks/002/functions-000140.c	-[SCPlaceProfileSessionIds initWithMapSessionId:placeSessionId:mapViewportSessionId:]	
10b02bce4	10b02bcf3	decompiled	chunks/002/functions-000140.c	+[SCPlaceProfileSessionIds valdiMarshallableObjectDescriptor]	
10b02bcf4	10b02bd23	decompiled	chunks/002/functions-000140.c	-[SCVenueETAData initWithMode:]	
10b02bd24	10b02bd37	decompiled	chunks/002/functions-000140.c	+[SCVenueETAData valdiMarshallableObjectDescriptor]	
10b02bd38	10b02bd67	decompiled	chunks/002/functions-000140.c	-[SCVenueLayersConfig initWithShowTicketmasterLayer:]	
10b02bd68	10b02bd77	decompiled	chunks/002/functions-000140.c	+[SCVenueLayersConfig valdiMarshallableObjectDescriptor]	
10b02bd78	10b02bdd7	decompiled	chunks/002/functions-000140.c	-[SCVenueProfileContextV2 initWithNetworkingClient:venueProfileConfig:sessionIdsHolderObservable:]	
10b02bdd8	10b02bdeb	decompiled	chunks/002/functions-000140.c	+[SCVenueProfileContextV2 valdiMarshallableObjectDescriptor]	
10b02bdec	10b02be1b	decompiled	chunks/002/functions-000140.c	-[SCVenueProfileMetricsArguments initWithMetricType:providerIdentifier:]	
10b02be1c	10b02be2f	decompiled	chunks/002/functions-000140.c	+[SCVenueProfileMetricsArguments valdiMarshallableObjectDescriptor]	
10b02be30	10b02be63	decompiled	chunks/002/functions-000140.c	-[SCVenueProfileMetricsData initWithMapZoomLevel:openSource:uiTapTimeMs:traceCookie:annotations:placesSourceType:layerSource:dropsPinId:hasMediaPin:sourceSessionId:externalLink:]	
10b02be64	10b02be9b	decompiled	chunks/002/functions-000140.c	-[SCVenueProfileMetricsData initWithMapZoomLevel:openSource:uiTapTimeMs:traceCookie:annotations:placesSourceType:layerSource:dropsPinId:hasMediaPin:sourceSessionId:]	
10b02be9c	10b02bed3	decompiled	chunks/002/functions-000140.c	-[SCVenueProfileMetricsData initWithMapZoomLevel:openSource:uiTapTimeMs:traceCookie:annotations:placesSourceType:layerSource:dropsPinId:hasMediaPin:]	
10b02bed4	10b02bf07	decompiled	chunks/002/functions-000140.c	-[SCVenueProfileMetricsData initWithMapZoomLevel:openSource:uiTapTimeMs:traceCookie:annotations:placesSourceType:layerSource:dropsPinId:]	
10b02bf08	10b02bf33	decompiled	chunks/002/functions-000140.c	-[SCVenueProfileMetricsData initWithMapZoomLevel:openSource:uiTapTimeMs:traceCookie:annotations:placesSourceType:layerSource:]	
10b02bf34	10b02bf63	decompiled	chunks/002/functions-000140.c	-[SCVenueProfileMetricsData initWithMapZoomLevel:openSource:uiTapTimeMs:traceCookie:annotations:placesSourceType:]	
10b02bf64	10b02bf93	decompiled	chunks/002/functions-000140.c	-[SCVenueProfileMetricsData initWithMapZoomLevel:openSource:uiTapTimeMs:traceCookie:annotations:]	
10b02bf94	10b02bfc3	decompiled	chunks/002/functions-000140.c	-[SCVenueProfileMetricsData initWithMapZoomLevel:openSource:uiTapTimeMs:traceCookie:]	
10b02bfc4	10b02bfef	decompiled	chunks/002/functions-000140.c	-[SCVenueProfileMetricsData initWithMapZoomLevel:openSource:uiTapTimeMs:]	
10b02bff0	10b02c01b	decompiled	chunks/002/functions-000140.c	-[SCVenueProfileMetricsData initWithMapZoomLevel:openSource:]	
10b02c01c	10b02c053	decompiled	chunks/002/functions-000140.c	-[SCVenueProfileMetricsData initWithMapZoomLevel:]	
10b02c054	10b02c063	decompiled	chunks/002/functions-000140.c	+[SCVenueProfileMetricsData valdiMarshallableObjectDescriptor]	
10b02c064	10b02c0af	decompiled	chunks/002/functions-000140.c	-[SCVenueProfileV2Config initWithSectionsToShow:showStoryCarousel:]	
10b02c0b0	10b02c0c3	decompiled	chunks/002/functions-000140.c	+[SCVenueProfileV2Config valdiMarshallableObjectDescriptor]	
10b02c0c4	10b02c103	decompiled	chunks/002/functions-000140.c	-[SCVenueProfileViewModelV2 initWithPlaceId:onlyShowHeader:storyCarouselData:]	
10b02c104	10b02c1ff	decompiled	chunks/002/functions-000140.c	+[SCVenueProfileViewModelV2 valdiMarshallableObjectDescriptor]	
10b02c200	10b02c237	decompiled	chunks/002/functions-000140.c	-[SCCAdMapsPromotedPlaceBannerComponent initWithViewModel:context:]	
10b02c238	10b02c24b	decompiled	chunks/002/functions-000140.c	+[SCCAdMapsPromotedPlaceBannerComponent valdiMarshallableObjectDescriptor]	
10b02c24c	10b02c33f	decompiled	chunks/002/functions-000140.c	-[SCCAdMapsPromotedPlaceBannerContext initWithHandleTapBrandLogo:handleTapBannerCell:handleTapAttachmentIcon:handleLongPressBanner:]	
10b02c340	10b02c353	decompiled	chunks/002/functions-000140.c	+[SCCAdMapsPromotedPlaceBannerContext valdiMarshallableObjectDescriptor]	
10b02c354	10b02c387	decompiled	chunks/002/functions-000140.c	-[SCCAdMapsPromotedPlaceBannerOptional init]	
10b02c388	10b02c39b	decompiled	chunks/002/functions-000140.c	+[SCCAdMapsPromotedPlaceBannerOptional valdiMarshallableObjectDescriptor]	
10b02c39c	10b02c3d7	decompiled	chunks/002/functions-000140.c	-[SCCAdMapsPromotedPlaceBannerViewModel initWithBannerImage:bannerTitle:venueName:venueId:]	
10b02c3d8	10b02c407	decompiled	chunks/002/functions-000140.c	+[SCCAdMapsPromotedPlaceBannerViewModel valdiMarshallableObjectDescriptor]	
10b02c408	10b02c49b	decompiled	chunks/002/functions-000140.c	-[SCCDemoTrayContext initWithLaunchRoute:close:]	
10b02c49c	10b02c4ab	decompiled	chunks/002/functions-000140.c	+[SCCDemoTrayContext valdiMarshallableObjectDescriptor]	
10b02c4ac	10b02c4e3	decompiled	chunks/002/functions-000140.c	-[SCCDemoTrayViewModel initWithRoute:routeParam:]	
10b02c4e4	10b02c4f3	decompiled	chunks/002/functions-000140.c	+[SCCDemoTrayViewModel valdiMarshallableObjectDescriptor]	
10b02c4f4	10b02c53b	decompiled	chunks/002/functions-000140.c	-[SCCTicketmasterEventInfo initWithId2:title:venueName:icon:webUrl:epochTimeSec:]	
10b02c53c	10b02c55f	decompiled	chunks/002/functions-000140.c	+[SCCTicketmasterEventInfo valdiMarshallableObjectDescriptor]	
10b02c560	10b02c567	decompiled	chunks/002/functions-000140.c	-[SCCMapAnnotationAncillaryPosition__Enum init]	
10b02c568	10b02c56f	decompiled	chunks/002/functions-000140.c	-[SCCMapAnnotationAncillaryVisibility__Enum init]	
10b02c570	10b02c577	decompiled	chunks/002/functions-000140.c	-[SCCMapAnnotationShape__Enum init]	
10b02c578	10b02c57f	decompiled	chunks/002/functions-000140.c	-[SCCMapBitmojiFilter__Enum init]	
10b02c580	10b02c587	decompiled	chunks/002/functions-000140.c	-[SCCMapLayerInternalOptions__Enum init]	
10b02c588	10b02c58f	decompiled	chunks/002/functions-000140.c	-[SCCMapLayerTrayPosition__Enum init]	
10b02c590	10b02c5cf	decompiled	chunks/002/functions-000140.c	-[SCCMapAnnotation initWithIdentifier:lat:lng:styleIdentifier:]	
10b02c5d0	10b02c5e3	decompiled	chunks/002/functions-000140.c	+[SCCMapAnnotation valdiMarshallableObjectDescriptor]	
10b02c5e4	10b02c613	decompiled	chunks/002/functions-000140.c	-[SCCMapAnnotationAncillary initWithStyleIdentifier:]	
10b02c614	10b02c627	decompiled	chunks/002/functions-000140.c	+[SCCMapAnnotationAncillary valdiMarshallableObjectDescriptor]	
10b02c628	10b02c663	decompiled	chunks/002/functions-000140.c	-[SCCMapAnnotationAncillaryStyle initWithIdentifier:position:visibility:]	
10b02c664	10b02c677	decompiled	chunks/002/functions-000140.c	+[SCCMapAnnotationAncillaryStyle valdiMarshallableObjectDescriptor]	
10b02c678	10b02c6a7	decompiled	chunks/002/functions-000140.c	-[SCCMapAnnotationStyle initWithIdentifier:shape:width:height:]	
10b02c6a8	10b02c6bb	decompiled	chunks/002/functions-000140.c	+[SCCMapAnnotationStyle valdiMarshallableObjectDescriptor]	
10b02c6bc	10b02c6ef	decompiled	chunks/002/functions-000140.c	-[SCCMapLayerApi initWithLifecycleEvents:]	
10b02c6f0	10b02c703	decompiled	chunks/002/functions-000140.c	+[SCCMapLayerApi valdiMarshallableObjectDescriptor]	
10b02c704	10b02c723	decompiled	chunks/002/functions-000140.c	-[SCCMapLayerHeaderSubtitleConfiguration initWithShowsSpinner:text:]	
10b02c724	10b02c737	decompiled	chunks/002/functions-000141.c	+[SCCMapLayerHeaderSubtitleConfiguration valdiMarshallableObjectDescriptor]	
10b02c738	10b02c76f	decompiled	chunks/002/functions-000141.c	-[SCCMapLayerLoaderContext initWithLayerIdentifier:api:componentName:closeHandler:]	
10b02c770	10b02c783	decompiled	chunks/002/functions-000141.c	+[SCCMapLayerLoaderContext valdiMarshallableObjectDescriptor]	
10b02c784	10b02c7b7	decompiled	chunks/002/functions-000141.c	-[SCCMapLayerOptions init]	
10b02c7b8	10b02c7cb	decompiled	chunks/002/functions-000141.c	+[SCCMapLayerOptions valdiMarshallableObjectDescriptor]	
10b02c7cc	10b02c7fb	decompiled	chunks/002/functions-000141.c	-[SCCMapViewportChangeParameters initWithAnimated:]	
10b02c7fc	10b02c80f	decompiled	chunks/002/functions-000141.c	+[SCCMapViewportChangeParameters valdiMarshallableObjectDescriptor]	
10b02c810	10b02c83f	decompiled	chunks/002/functions-000141.c	-[SCCMapViewportInsets initWithTop:bottom:left:right:]	
10b02c840	10b02c853	decompiled	chunks/002/functions-000141.c	+[SCCMapViewportInsets valdiMarshallableObjectDescriptor]	
10b02c854	10b02c873	decompiled	chunks/002/functions-000141.c	-[SCCMapVisualConfiguration initWithVisibleBitmoji:heatmapVisible:]	
10b02c874	10b02c887	decompiled	chunks/002/functions-000141.c	+[SCCMapVisualConfiguration valdiMarshallableObjectDescriptor]	
10b02c888	10b02c8a7	decompiled	chunks/002/functions-000141.c	-[SCCTileData initWithIdentifier:data:]	
10b02c8a8	10b02c917	decompiled	chunks/002/functions-000141.c	+[SCCTileData valdiMarshallableObjectDescriptor]	
10b02c918	10b02c99f	decompiled	chunks/002/functions-000141.c	-[SCSelectionStoryRankerResult initWithResult:threshold:]	
10b02c9a0	10b02c9c3	decompiled	chunks/002/functions-000141.c	-[SCSelectionStoryRankerResult copyWithZone:]	
10b02c9c4	10b02ca37	decompiled	chunks/002/functions-000141.c	-[SCSelectionStoryRankerResult hash]	
10b02ca38	10b02cad7	decompiled	chunks/002/functions-000141.c	-[SCSelectionStoryRankerResult isEqual:]	
10b02cad8	10b02cadf	decompiled	chunks/002/functions-000141.c	-[SCSelectionStoryRankerResult result]	
10b02cae0	10b02cae7	decompiled	chunks/002/functions-000141.c	-[SCSelectionStoryRankerResult threshold]	
10b02cae8	10b02caf3	decompiled	chunks/002/functions-000141.c	-[SCSelectionStoryRankerResult .cxx_destruct]	
10b02caf4	10b02ccdf	decompiled	chunks/002/functions-000141.c	-[SCSelectionStoryRankerParameters initWithPrivateStories:myStories:sharedStories:businessStories:communityStory:mapsStory:ourStoryPlaceTag:maxNumberOfCellsAboveFold:lastTimePostedDaysThreshold:lastTimeCreatedDaysThreshold:currentDate:]	
10b02cce0	10b02cd03	decompiled	chunks/002/functions-000141.c	-[SCSelectionStoryRankerParameters copyWithZone:]	
10b02cd04	10b02cdcf	decompiled	chunks/002/functions-000141.c	-[SCSelectionStoryRankerParameters hash]	
10b02cdd0	10b02cf37	decompiled	chunks/002/functions-000141.c	-[SCSelectionStoryRankerParameters isEqual:]	
10b02cf38	10b02cf3f	decompiled	chunks/002/functions-000141.c	-[SCSelectionStoryRankerParameters privateStories]	
10b02cf40	10b02cf47	decompiled	chunks/002/functions-000141.c	-[SCSelectionStoryRankerParameters myStories]	
10b02cf48	10b02cf4f	decompiled	chunks/002/functions-000141.c	-[SCSelectionStoryRankerParameters sharedStories]	
10b02cf50	10b02cf57	decompiled	chunks/002/functions-000141.c	-[SCSelectionStoryRankerParameters businessStories]	
10b02cf58	10b02cf5f	decompiled	chunks/002/functions-000141.c	-[SCSelectionStoryRankerParameters communityStory]	
10b02cf60	10b02cf67	decompiled	chunks/002/functions-000141.c	-[SCSelectionStoryRankerParameters mapsStory]	
10b02cf68	10b02cf6f	decompiled	chunks/002/functions-000141.c	-[SCSelectionStoryRankerParameters ourStoryPlaceTag]	
10b02cf70	10b02cf77	decompiled	chunks/002/functions-000141.c	-[SCSelectionStoryRankerParameters maxNumberOfCellsAboveFold]	
10b02cf78	10b02cf7f	decompiled	chunks/002/functions-000141.c	-[SCSelectionStoryRankerParameters lastTimePostedDaysThreshold]	
10b02cf80	10b02cf87	decompiled	chunks/002/functions-000141.c	-[SCSelectionStoryRankerParameters lastTimeCreatedDaysThreshold]	
10b02cf88	10b02cf8f	decompiled	chunks/002/functions-000141.c	-[SCSelectionStoryRankerParameters currentDate]	
10b02cf90	10b02d007	decompiled	chunks/002/functions-000141.c	-[SCSelectionStoryRankerParameters .cxx_destruct]	
10b02d008	10b02d0df	decompiled	chunks/002/functions-000141.c	-[SCSelectionStoryRankingData initWithSelectionStory:lastTimePostedTimestamp:lastTimeCreatedTimestamp:]	
10b02d0e0	10b02d103	decompiled	chunks/002/functions-000141.c	-[SCSelectionStoryRankingData copyWithZone:]	
10b02d104	10b02d183	decompiled	chunks/002/functions-000141.c	-[SCSelectionStoryRankingData hash]	
10b02d184	10b02d243	decompiled	chunks/002/functions-000141.c	-[SCSelectionStoryRankingData isEqual:]	
10b02d244	10b02d24b	decompiled	chunks/002/functions-000141.c	-[SCSelectionStoryRankingData selectionStory]	
10b02d24c	10b02d253	decompiled	chunks/002/functions-000141.c	-[SCSelectionStoryRankingData lastTimePostedTimestamp]	
10b02d254	10b02d25b	decompiled	chunks/002/functions-000141.c	-[SCSelectionStoryRankingData lastTimeCreatedTimestamp]	
10b02d25c	10b02d297	decompiled	chunks/002/functions-000141.c	-[SCSelectionStoryRankingData .cxx_destruct]	
10b02d298	10b02d403	decompiled	chunks/002/functions-000141.c	+[SCSelectionStory businessStoryWithBusinessStoryId:displayName:logoURL:officialBadgeType:tier:category:categoryEnum:subcategoryEnum:customTTL:bitmojiInfo:isHost:]	
10b02d404	10b02d49b	decompiled	chunks/002/functions-000141.c	+[SCSelectionStory condensedMyStoryWithStories:storySelectedInDropDown:]	
10b02d49c	10b02d627	decompiled	chunks/002/functions-000141.c	+[SCSelectionStory customStoryWithPublicationId:type:displayName:subtitle:creationTimestamp:myLastPostTimestamp:joinTimestamp:customTTL:]	
10b02d628	10b02d72f	decompiled	chunks/002/functions-000141.c	+[SCSelectionStory fanPassStoryWithFanPassStoryId:displayName:logoURL:customTTL:isHost:]	
10b02d730	10b02d863	decompiled	chunks/002/functions-000141.c	+[SCSelectionStory myStoryWithUserId:username:type:bitmojiAvatarId:bitmojiSelfieId:storyPrivacy:customTTL:]	
10b02d864	10b02d95b	decompiled	chunks/002/functions-000141.c	+[SCSelectionStory ourStoryWithOurStoryId:displayName:subtext:mapLastPostTimestamp:]	
10b02d95c	10b02dbbb	decompiled	chunks/002/functions-000141.c	+[SCSelectionStory spotlightStoryWithSpotlightStoryId:memberRoleBusinessId:memberRoleAvatarURL:snapchatter:displayName:subtext:actionIdentifier:badgeTitle:isPostingEnabled:showDisclosureIndicator:leadingAccessoryImage:subtextIcon:isErrorState:]	
10b02dbbc	10b02dbdf	decompiled	chunks/002/functions-000141.c	-[SCSelectionStory copyWithZone:]	
10b02dbe0	10b02de4f	decompiled	chunks/002/functions-000141.c	-[SCSelectionStory hash]	
10b02de50	10b02de93	decompiled	chunks/002/functions-000141.c	-[SCSelectionStory internalInit]	
10b02de94	10b02e363	decompiled	chunks/002/functions-000141.c	-[SCSelectionStory isEqual:]	
10b02e364	10b02e587	decompiled	chunks/002/functions-000141.c	-[SCSelectionStory matchMyStory:ourStory:businessStory:customStory:spotlightStory:condensedMyStory:fanPassStory:]	
10b02e588	10b02e75b	decompiled	chunks/002/functions-000141.c	-[SCSelectionStory .cxx_destruct]	
10b02e75c	10b02e85f	decompiled	chunks/002/functions-000141.c	-[SCSelectionStoryDetails initWithSelectionStory:lastTimePostedTimestamp:lastTimeCreatedTimestamp:lastTimeInteractedTimestamp:numberOfTimesUsed:]	
10b02e860	10b02e883	decompiled	chunks/002/functions-000141.c	-[SCSelectionStoryDetails copyWithZone:]	
10b02e884	10b02e913	decompiled	chunks/002/functions-000141.c	-[SCSelectionStoryDetails hash]	
10b02e914	10b02e9fb	decompiled	chunks/002/functions-000141.c	-[SCSelectionStoryDetails isEqual:]	
10b02e9fc	10b02ea03	decompiled	chunks/002/functions-000141.c	-[SCSelectionStoryDetails selectionStory]	
10b02ea04	10b02ea0b	decompiled	chunks/002/functions-000141.c	-[SCSelectionStoryDetails lastTimePostedTimestamp]	
10b02ea0c	10b02ea13	decompiled	chunks/002/functions-000141.c	-[SCSelectionStoryDetails lastTimeCreatedTimestamp]	
10b02ea14	10b02ea1b	decompiled	chunks/002/functions-000141.c	-[SCSelectionStoryDetails lastTimeInteractedTimestamp]	
10b02ea1c	10b02ea23	decompiled	chunks/002/functions-000141.c	-[SCSelectionStoryDetails numberOfTimesUsed]	
10b02ea24	10b02ea6b	decompiled	chunks/002/functions-000141.c	-[SCSelectionStoryDetails .cxx_destruct]	
10b02ea6c	10b02ec17	decompiled	chunks/002/functions-000141.c	-[SCSelectionSpotlightStoryPostingAction initWithIsPostingEnabled:showDisclosureIndicator:instructionText:actionIdentifier:memberRoleBusinessId:memberRoleAvatarURL:snapchatter:badgeTitle:leadingAccessoryImage:]	
10b02ec18	10b02ec3b	decompiled	chunks/002/functions-000141.c	-[SCSelectionSpotlightStoryPostingAction copyWithZone:]	
10b02ec3c	10b02ecf7	decompiled	chunks/002/functions-000141.c	-[SCSelectionSpotlightStoryPostingAction hash]	
10b02ecf8	10b02ee37	decompiled	chunks/002/functions-000141.c	-[SCSelectionSpotlightStoryPostingAction isEqual:]	
10b02ee38	10b02ee3f	decompiled	chunks/002/functions-000141.c	-[SCSelectionSpotlightStoryPostingAction isPostingEnabled]	
10b02ee40	10b02ee47	decompiled	chunks/002/functions-000141.c	-[SCSelectionSpotlightStoryPostingAction showDisclosureIndicator]	
10b02ee48	10b02ee4f	decompiled	chunks/002/functions-000141.c	-[SCSelectionSpotlightStoryPostingAction instructionText]	
10b02ee50	10b02ee57	decompiled	chunks/002/functions-000141.c	-[SCSelectionSpotlightStoryPostingAction actionIdentifier]	
10b02ee58	10b02ee5f	decompiled	chunks/002/functions-000141.c	-[SCSelectionSpotlightStoryPostingAction memberRoleBusinessId]	
10b02ee60	10b02ee67	decompiled	chunks/002/functions-000141.c	-[SCSelectionSpotlightStoryPostingAction memberRoleAvatarURL]	
10b02ee68	10b02ee6f	decompiled	chunks/002/functions-000141.c	-[SCSelectionSpotlightStoryPostingAction snapchatter]	
10b02ee70	10b02ee77	decompiled	chunks/002/functions-000141.c	-[SCSelectionSpotlightStoryPostingAction badgeTitle]	
10b02ee78	10b02ee7f	decompiled	chunks/002/functions-000141.c	-[SCSelectionSpotlightStoryPostingAction leadingAccessoryImage]	
10b02ee80	10b02eeeb	decompiled	chunks/002/functions-000141.c	-[SCSelectionSpotlightStoryPostingAction .cxx_destruct]	
10b02eeec	10b02ef3b	decompiled	chunks/002/functions-000141.c	-[SCSelectionStoryCustomTTLInfo initWithIsAvailable:customTTL:]	
10b02ef3c	10b02ef5f	decompiled	chunks/002/functions-000141.c	-[SCSelectionStoryCustomTTLInfo copyWithZone:]	
10b02ef60	10b02efc3	decompiled	chunks/002/functions-000141.c	-[SCSelectionStoryCustomTTLInfo hash]	
10b02efc4	10b02f05b	decompiled	chunks/002/functions-000141.c	-[SCSelectionStoryCustomTTLInfo isEqual:]	
10b02f05c	10b02f063	decompiled	chunks/002/functions-000141.c	-[SCSelectionStoryCustomTTLInfo isAvailable]	
10b02f064	10b02f06b	decompiled	chunks/002/functions-000141.c	-[SCSelectionStoryCustomTTLInfo customTTL]	
10b02f06c	10b02f153	decompiled	chunks/002/functions-000141.c	-[SCSelectionStoryBitmojiInfo initWithBitmojiAvatarId:bitmojiSelfieId:userId:isDefaultLogo:]	
10b02f154	10b02f177	decompiled	chunks/002/functions-000141.c	-[SCSelectionStoryBitmojiInfo copyWithZone:]	
10b02f178	10b02f1fb	decompiled	chunks/002/functions-000141.c	-[SCSelectionStoryBitmojiInfo hash]	
10b02f1fc	10b02f2cb	decompiled	chunks/002/functions-000141.c	-[SCSelectionStoryBitmojiInfo isEqual:]	
10b02f2cc	10b02f2d3	decompiled	chunks/002/functions-000141.c	-[SCSelectionStoryBitmojiInfo bitmojiAvatarId]	
10b02f2d4	10b02f2db	decompiled	chunks/002/functions-000141.c	-[SCSelectionStoryBitmojiInfo bitmojiSelfieId]	
10b02f2dc	10b02f2e3	decompiled	chunks/002/functions-000141.c	-[SCSelectionStoryBitmojiInfo userId]	
10b02f2e4	10b02f2eb	decompiled	chunks/002/functions-000141.c	-[SCSelectionStoryBitmojiInfo isDefaultLogo]	
10b02f2ec	10b02f327	decompiled	chunks/002/functions-000141.c	-[SCSelectionStoryBitmojiInfo .cxx_destruct]	
10b02f328	10b02f40f	decompiled	chunks/002/functions-000141.c	-[SCSelectionSpotlightStoryInstructionText initWithText:icon:attributedText:isErrorState:]	
10b02f410	10b02f433	decompiled	chunks/002/functions-000141.c	-[SCSelectionSpotlightStoryInstructionText copyWithZone:]	
10b02f434	10b02f4b7	decompiled	chunks/002/functions-000141.c	-[SCSelectionSpotlightStoryInstructionText hash]	
10b02f4b8	10b02f587	decompiled	chunks/002/functions-000141.c	-[SCSelectionSpotlightStoryInstructionText isEqual:]	
10b02f588	10b02f58f	decompiled	chunks/002/functions-000142.c	-[SCSelectionSpotlightStoryInstructionText text]	
10b02f590	10b02f597	decompiled	chunks/002/functions-000142.c	-[SCSelectionSpotlightStoryInstructionText icon]	
10b02f598	10b02f59f	decompiled	chunks/002/functions-000142.c	-[SCSelectionSpotlightStoryInstructionText attributedText]	
10b02f5a0	10b02f5a7	decompiled	chunks/002/functions-000142.c	-[SCSelectionSpotlightStoryInstructionText isErrorState]	
10b02f5a8	10b02f5e3	decompiled	chunks/002/functions-000142.c	-[SCSelectionSpotlightStoryInstructionText .cxx_destruct]	
10b02f5e4	10b02f5eb	decompiled	chunks/002/functions-000142.c	-[SCSnapProServices preferencesManager]	
10b02f5ec	10b02f5f3	decompiled	chunks/002/functions-000142.c	-[SCSnapProServices highlightsReporter]	
10b02f5f4	10b02f5fb	decompiled	chunks/002/functions-000142.c	-[SCSnapProServices publicProfileManager]	
10b02f5fc	10b02f603	decompiled	chunks/002/functions-000142.c	-[SCSnapProServices subscriptionWorkflowStarter]	
10b02f604	10b02f60b	decompiled	chunks/002/functions-000142.c	-[SCSnapProServices highlightsProvider]	
10b02f60c	10b02f613	decompiled	chunks/002/functions-000142.c	-[SCSnapProServices massSnapPostSignalService]	
10b02f614	10b02f697	decompiled	chunks/002/functions-000142.c	-[SCSnapProServices .cxx_destruct]	
10b02f698	10b02f957	decompiled	chunks/002/functions-000142.c	-[SCSnapProProfile initWithProfileId:hostAccountUserId:hostAccountUsername:publisherId:organizationId:title:logoURL:discoverFeedLogoURL:isOfficial:officialBadgeType:tier:showContentId:category:bitmojiAvatarId:bitmojiSelfieId:isDefaultLogo:categoryEnum:subcategoryEnum:]	
10b02f958	10b02f97b	decompiled	chunks/002/functions-000142.c	-[SCSnapProProfile copyWithZone:]	
10b02f97c	10b02fa87	decompiled	chunks/002/functions-000142.c	-[SCSnapProProfile hash]	
10b02fa88	10b02fc77	decompiled	chunks/002/functions-000142.c	-[SCSnapProProfile isEqual:]	
10b02fc78	10b02fc7f	decompiled	chunks/002/functions-000142.c	-[SCSnapProProfile profileId]	
10b02fc80	10b02fc87	decompiled	chunks/002/functions-000142.c	-[SCSnapProProfile hostAccountUserId]	
10b02fc88	10b02fc8f	decompiled	chunks/002/functions-000142.c	-[SCSnapProProfile hostAccountUsername]	
10b02fc90	10b02fc97	decompiled	chunks/002/functions-000142.c	-[SCSnapProProfile publisherId]	
10b02fc98	10b02fc9f	decompiled	chunks/002/functions-000142.c	-[SCSnapProProfile organizationId]	
10b02fca0	10b02fca7	decompiled	chunks/002/functions-000142.c	-[SCSnapProProfile title]	
10b02fca8	10b02fcaf	decompiled	chunks/002/functions-000142.c	-[SCSnapProProfile logoURL]	
10b02fcb0	10b02fcb7	decompiled	chunks/002/functions-000142.c	-[SCSnapProProfile discoverFeedLogoURL]	
10b02fcb8	10b02fcbf	decompiled	chunks/002/functions-000142.c	-[SCSnapProProfile isOfficial]	
10b02fcc0	10b02fcc7	decompiled	chunks/002/functions-000142.c	-[SCSnapProProfile officialBadgeType]	
10b02fcc8	10b02fccf	decompiled	chunks/002/functions-000142.c	-[SCSnapProProfile tier]	
10b02fcd0	10b02fcd7	decompiled	chunks/002/functions-000142.c	-[SCSnapProProfile showContentId]	
10b02fcd8	10b02fcdf	decompiled	chunks/002/functions-000142.c	-[SCSnapProProfile category]	
10b02fce0	10b02fce7	decompiled	chunks/002/functions-000142.c	-[SCSnapProProfile bitmojiAvatarId]	
10b02fce8	10b02fcef	decompiled	chunks/002/functions-000142.c	-[SCSnapProProfile bitmojiSelfieId]	
10b02fcf0	10b02fcf7	decompiled	chunks/002/functions-000142.c	-[SCSnapProProfile isDefaultLogo]	
10b02fcf8	10b02fcff	decompiled	chunks/002/functions-000142.c	-[SCSnapProProfile categoryEnum]	
10b02fd00	10b02fd07	decompiled	chunks/002/functions-000142.c	-[SCSnapProProfile subcategoryEnum]	
10b02fd08	10b02fda3	decompiled	chunks/002/functions-000142.c	-[SCSnapProProfile .cxx_destruct]	
10b02fda4	10b02fdf3	decompiled	chunks/002/functions-000142.c	-[SCShareAnonymouslyMetadata initWithSpotlight:snapMap:]	
10b02fdf4	10b02fe17	decompiled	chunks/002/functions-000142.c	-[SCShareAnonymouslyMetadata copyWithZone:]	
10b02fe18	10b02fe73	decompiled	chunks/002/functions-000142.c	-[SCShareAnonymouslyMetadata hash]	
10b02fe74	10b02ff0b	decompiled	chunks/002/functions-000142.c	-[SCShareAnonymouslyMetadata isEqual:]	
10b02ff0c	10b02ff13	decompiled	chunks/002/functions-000142.c	-[SCShareAnonymouslyMetadata spotlight]	
10b02ff14	10b02ff1b	decompiled	chunks/002/functions-000142.c	-[SCShareAnonymouslyMetadata snapMap]	
10b02ff1c	10b03007f	decompiled	chunks/002/functions-000142.c	-[SCSnapProManagedProfile initWithProfile:features:settings:canPostToStory:canPostToSpotlight:canUpdateProfile:canSaveHighlights:isHost:localizedRoleNames:userAgeEnum:hasUnreadNotifications:]	
10b030080	10b0300a3	decompiled	chunks/002/functions-000142.c	-[SCSnapProManagedProfile copyWithZone:]	
10b0300a4	10b030177	decompiled	chunks/002/functions-000142.c	-[SCSnapProManagedProfile hash]	
10b030178	10b0302bf	decompiled	chunks/002/functions-000142.c	-[SCSnapProManagedProfile isEqual:]	
10b0302c0	10b0302c7	decompiled	chunks/002/functions-000142.c	-[SCSnapProManagedProfile profile]	
10b0302c8	10b0302cf	decompiled	chunks/002/functions-000142.c	-[SCSnapProManagedProfile features]	
10b0302d0	10b0302d7	decompiled	chunks/002/functions-000142.c	-[SCSnapProManagedProfile settings]	
10b0302d8	10b0302df	decompiled	chunks/002/functions-000142.c	-[SCSnapProManagedProfile canPostToStory]	
10b0302e0	10b0302e7	decompiled	chunks/002/functions-000142.c	-[SCSnapProManagedProfile canPostToSpotlight]	
10b0302e8	10b0302ef	decompiled	chunks/002/functions-000142.c	-[SCSnapProManagedProfile canUpdateProfile]	
10b0302f0	10b0302f7	decompiled	chunks/002/functions-000142.c	-[SCSnapProManagedProfile canSaveHighlights]	
10b0302f8	10b0302ff	decompiled	chunks/002/functions-000142.c	-[SCSnapProManagedProfile isHost]	
10b030300	10b030307	decompiled	chunks/002/functions-000142.c	-[SCSnapProManagedProfile localizedRoleNames]	
10b030308	10b03030f	decompiled	chunks/002/functions-000142.c	-[SCSnapProManagedProfile userAgeEnum]	
10b030310	10b030317	decompiled	chunks/002/functions-000142.c	-[SCSnapProManagedProfile hasUnreadNotifications]	
10b030318	10b03035f	decompiled	chunks/002/functions-000142.c	-[SCSnapProManagedProfile .cxx_destruct]	
10b030360	10b0303af	decompiled	chunks/002/functions-000142.c	-[SCSnapProManagedProfileFeatures initWithStoryReplies:storyReplyQuoting:]	
10b0303b0	10b0303d3	decompiled	chunks/002/functions-000142.c	-[SCSnapProManagedProfileFeatures copyWithZone:]	
10b0303d4	10b03042f	decompiled	chunks/002/functions-000142.c	-[SCSnapProManagedProfileFeatures hash]	
10b030430	10b0304c7	decompiled	chunks/002/functions-000142.c	-[SCSnapProManagedProfileFeatures isEqual:]	
10b0304c8	10b0304cf	decompiled	chunks/002/functions-000142.c	-[SCSnapProManagedProfileFeatures storyReplies]	
10b0304d0	10b0304d7	decompiled	chunks/002/functions-000142.c	-[SCSnapProManagedProfileFeatures storyReplyQuoting]	
10b0304d8	10b030527	decompiled	chunks/002/functions-000142.c	-[SCSnapProManagedProfileSettings initWithShowStoryReplies:showFavoriteCounts:]	
10b030528	10b03054b	decompiled	chunks/002/functions-000142.c	-[SCSnapProManagedProfileSettings copyWithZone:]	
10b03054c	10b0305a7	decompiled	chunks/002/functions-000142.c	-[SCSnapProManagedProfileSettings hash]	
10b0305a8	10b03063f	decompiled	chunks/002/functions-000142.c	-[SCSnapProManagedProfileSettings isEqual:]	
10b030640	10b030647	decompiled	chunks/002/functions-000142.c	-[SCSnapProManagedProfileSettings showStoryReplies]	
10b030648	10b03064f	decompiled	chunks/002/functions-000142.c	-[SCSnapProManagedProfileSettings showFavoriteCounts]	
10b030650	10b0307bb	decompiled	chunks/002/functions-000142.c	-[SCSnapProReportInfo initWithProfileId:highlightId:highlightVersion:reasonId:context:reporterUsername:]	
10b0307bc	10b0307df	decompiled	chunks/002/functions-000142.c	-[SCSnapProReportInfo copyWithZone:]	
10b0307e0	10b030883	decompiled	chunks/002/functions-000142.c	-[SCSnapProReportInfo hash]	
10b030884	10b03098b	decompiled	chunks/002/functions-000142.c	-[SCSnapProReportInfo isEqual:]	
10b03098c	10b030993	decompiled	chunks/002/functions-000142.c	-[SCSnapProReportInfo profileId]	
10b030994	10b03099b	decompiled	chunks/002/functions-000142.c	-[SCSnapProReportInfo highlightId]	
10b03099c	10b0309a3	decompiled	chunks/002/functions-000142.c	-[SCSnapProReportInfo highlightVersion]	
10b0309a4	10b0309ab	decompiled	chunks/002/functions-000142.c	-[SCSnapProReportInfo reasonId]	
10b0309ac	10b0309b3	decompiled	chunks/002/functions-000142.c	-[SCSnapProReportInfo context]	
10b0309b4	10b0309bb	decompiled	chunks/002/functions-000142.c	-[SCSnapProReportInfo reporterUsername]	
10b0309bc	10b030a1b	decompiled	chunks/002/functions-000142.c	-[SCSnapProReportInfo .cxx_destruct]	
10b030a1c	10b030acf	decompiled	chunks/002/functions-000142.c	-[SCSnapProSubscriptionEvent initWithProfileId:hostAccountId:isSubscribed:]	
10b030ad0	10b030af3	decompiled	chunks/002/functions-000142.c	-[SCSnapProSubscriptionEvent copyWithZone:]	
10b030af4	10b030b6b	decompiled	chunks/002/functions-000142.c	-[SCSnapProSubscriptionEvent hash]	
10b030b6c	10b030c23	decompiled	chunks/002/functions-000142.c	-[SCSnapProSubscriptionEvent isEqual:]	
10b030c24	10b030c2b	decompiled	chunks/002/functions-000142.c	-[SCSnapProSubscriptionEvent profileId]	
10b030c2c	10b030c33	decompiled	chunks/002/functions-000142.c	-[SCSnapProSubscriptionEvent hostAccountId]	
10b030c34	10b030c3b	decompiled	chunks/002/functions-000142.c	-[SCSnapProSubscriptionEvent isSubscribed]	
10b030c3c	10b030c6b	decompiled	chunks/002/functions-000142.c	-[SCSnapProSubscriptionEvent .cxx_destruct]	
10b030c6c	10b030d77	decompiled	chunks/002/functions-000142.c	-[SCSnapProHighlightInfo initWithStoryDoc:thumbnailURLDict:firstThumbnailURL:version:]	
10b030d78	10b030d9b	decompiled	chunks/002/functions-000142.c	-[SCSnapProHighlightInfo copyWithZone:]	
10b030d9c	10b030e27	decompiled	chunks/002/functions-000142.c	-[SCSnapProHighlightInfo hash]	
10b030e28	10b030eff	decompiled	chunks/002/functions-000142.c	-[SCSnapProHighlightInfo isEqual:]	
10b030f00	10b030f07	decompiled	chunks/002/functions-000142.c	-[SCSnapProHighlightInfo storyDoc]	
10b030f08	10b030f0f	decompiled	chunks/002/functions-000142.c	-[SCSnapProHighlightInfo thumbnailURLDict]	
10b030f10	10b030f17	decompiled	chunks/002/functions-000142.c	-[SCSnapProHighlightInfo firstThumbnailURL]	
10b030f18	10b030f1f	decompiled	chunks/002/functions-000142.c	-[SCSnapProHighlightInfo version]	
10b030f20	10b030f67	decompiled	chunks/002/functions-000142.c	-[SCSnapProHighlightInfo .cxx_destruct]	
10b030f68	10b031013	decompiled	chunks/002/functions-000142.c	-[SCSnapProProfileAllowedActions initWithBusinessId:allowedActionsArray:]	
10b031014	10b031037	decompiled	chunks/002/functions-000142.c	-[SCSnapProProfileAllowedActions copyWithZone:]	
10b031038	10b0310ab	decompiled	chunks/002/functions-000142.c	-[SCSnapProProfileAllowedActions hash]	
10b0310ac	10b031153	decompiled	chunks/002/functions-000143.c	-[SCSnapProProfileAllowedActions isEqual:]	
10b031154	10b03115b	decompiled	chunks/002/functions-000143.c	-[SCSnapProProfileAllowedActions businessId]	
10b03115c	10b031163	decompiled	chunks/002/functions-000143.c	-[SCSnapProProfileAllowedActions allowedActionsArray]	
10b031164	10b03120f	decompiled	chunks/002/functions-000143.c	-[SCSnapProProfileAllowedActions .cxx_destruct]	
10b031210	10b03127b	decompiled	chunks/002/functions-000143.c		
10b03127c	10b0312f7	decompiled	chunks/002/functions-000143.c		
10b0312f8	10b031303	decompiled	chunks/002/functions-000143.c		
10b031304	10b03137f	decompiled	chunks/002/functions-000143.c		
10b031380	10b0313a3	decompiled	chunks/002/functions-000143.c		
10b0313a4	10b03141f	decompiled	chunks/002/functions-000143.c		
10b031420	10b03142b	decompiled	chunks/002/functions-000143.c		
10b03142c	10b0314bb	decompiled	chunks/002/functions-000143.c		
10b0314bc	10b0314c7	decompiled	chunks/002/functions-000143.c		
10b0314c8	10b031543	decompiled	chunks/002/functions-000143.c		
10b031544	10b03154f	decompiled	chunks/002/functions-000143.c		
10b031550	10b0315cb	decompiled	chunks/002/functions-000143.c		
10b0315cc	10b0315d7	decompiled	chunks/002/functions-000143.c		
10b0315d8	10b031653	decompiled	chunks/002/functions-000143.c		
10b031654	10b03165f	decompiled	chunks/002/functions-000143.c		
10b031660	10b0316db	decompiled	chunks/002/functions-000143.c		
10b0316dc	10b0316e7	decompiled	chunks/002/functions-000143.c		
10b0316e8	10b031763	decompiled	chunks/002/functions-000143.c		
10b031764	10b03177f	decompiled	chunks/002/functions-000143.c		
10b031780	10b0317fb	decompiled	chunks/002/functions-000143.c		
10b0317fc	10b03181f	decompiled	chunks/002/functions-000143.c		
10b031820	10b03189b	decompiled	chunks/002/functions-000143.c		
10b03189c	10b0318a7	decompiled	chunks/002/functions-000143.c		
10b0318a8	10b031923	decompiled	chunks/002/functions-000143.c		
10b031924	10b03192f	decompiled	chunks/002/functions-000143.c		
10b031930	10b0319ab	decompiled	chunks/002/functions-000143.c		
10b0319ac	10b0319b7	decompiled	chunks/002/functions-000143.c		
10b0319b8	10b031a33	decompiled	chunks/002/functions-000143.c		
10b031a34	10b031a3f	decompiled	chunks/002/functions-000143.c		
10b031a40	10b031abb	decompiled	chunks/002/functions-000143.c		
10b031abc	10b031ac7	decompiled	chunks/002/functions-000143.c		
10b031ac8	10b031b43	decompiled	chunks/002/functions-000143.c		
10b031b44	10b031b4f	decompiled	chunks/002/functions-000143.c		
10b031b50	10b031bcb	decompiled	chunks/002/functions-000143.c		
10b031bcc	10b031bd7	decompiled	chunks/002/functions-000143.c		
10b031bd8	10b031c53	decompiled	chunks/002/functions-000143.c		
10b031c54	10b031c5f	decompiled	chunks/002/functions-000143.c		
10b031c60	10b031cdb	decompiled	chunks/002/functions-000143.c		
10b031cdc	10b031cf7	decompiled	chunks/002/functions-000143.c		
10b031cf8	10b031d73	decompiled	chunks/002/functions-000143.c		
10b031d74	10b031d7f	decompiled	chunks/002/functions-000143.c		
10b031d80	10b031dfb	decompiled	chunks/002/functions-000143.c		
10b031dfc	10b031e07	decompiled	chunks/002/functions-000143.c		
10b031e08	10b031e6f	decompiled	chunks/002/functions-000143.c	+[IMPBusinessAccount descriptor]	
10b031e70	10b031ed7	decompiled	chunks/002/functions-000143.c	+[IMPUpdateString descriptor]	
10b031ed8	10b031f3f	decompiled	chunks/002/functions-000143.c	+[IMPUpdateBytes descriptor]	
10b031f40	10b031fa7	decompiled	chunks/002/functions-000143.c	+[IMPUpdateInt descriptor]	
10b031fa8	10b03200f	decompiled	chunks/002/functions-000143.c	+[IMPUpdateBool descriptor]	
10b032010	10b032077	decompiled	chunks/002/functions-000143.c	+[IMPUpdateCateory descriptor]	
10b032078	10b0320df	decompiled	chunks/002/functions-000143.c	+[IMPUpdateSubCateory descriptor]	
10b0320e0	10b032147	decompiled	chunks/002/functions-000143.c	+[IMPUpdateConfiguredStatus descriptor]	
10b032148	10b0321af	decompiled	chunks/002/functions-000143.c	+[IMPUpdateMonetizationPayoutType descriptor]	
10b0321b0	10b032217	decompiled	chunks/002/functions-000143.c	+[IMPUpdateAccessAdsStatus descriptor]	
10b032218	10b03227f	decompiled	chunks/002/functions-000143.c	+[IMPUpdateShowMentionsStatus descriptor]	
10b032280	10b0322eb	decompiled	chunks/002/functions-000143.c	+[IMPConvertUserRequest descriptor]	
10b0322ec	10b032353	decompiled	chunks/002/functions-000143.c	+[IMPConvertUserResponse descriptor]	
10b032354	10b0323bb	decompiled	chunks/002/functions-000143.c	+[IMPGetBusinessUserLinksRequest descriptor]	
10b0323bc	10b032423	decompiled	chunks/002/functions-000143.c	+[IMPGetBusinessUserLinksResponse descriptor]	
10b032424	10b03248b	decompiled	chunks/002/functions-000143.c	+[IMPGetBusinessUserLinksByBusinessRequest descriptor]	
10b03248c	10b0324f3	decompiled	chunks/002/functions-000143.c	+[IMPGetBusinessUserLinksByBusinessResponse descriptor]	
10b0324f4	10b03255b	decompiled	chunks/002/functions-000143.c	+[IMPBusinessUserLink descriptor]	
10b03255c	10b0325c3	decompiled	chunks/002/functions-000143.c	+[IMPCreateUserInfo descriptor]	
10b0325c4	10b03262b	decompiled	chunks/002/functions-000143.c	+[IMPConvertUserInfo descriptor]	
10b03262c	10b0326bb	decompiled	chunks/002/functions-000143.c	+[IMPCreateAccountRequest descriptor]	
10b0326bc	10b032723	decompiled	chunks/002/functions-000143.c	+[IMPCreateAccountResponse descriptor]	
10b032724	10b0327a3	decompiled	chunks/002/functions-000143.c	+[IMPCreatePublisherAccountRequest descriptor]	
10b0327a4	10b03280b	decompiled	chunks/002/functions-000143.c	+[IMPCreatePublisherAccountResponse descriptor]	
10b03280c	10b032877	decompiled	chunks/002/functions-000143.c	+[IMPInternalCreatePublisherRequest descriptor]	
10b032878	10b0328df	decompiled	chunks/002/functions-000143.c	+[IMPInternalCreatePublisherResponse descriptor]	
10b0328e0	10b03294b	decompiled	chunks/002/functions-000143.c	+[IMPInternalCreatePublisherWithoutUserRequest descriptor]	
10b03294c	10b0329b3	decompiled	chunks/002/functions-000143.c	+[IMPInternalCreatePublisherWithoutUserResponse descriptor]	
10b0329b4	10b032a43	decompiled	chunks/002/functions-000143.c	+[IMPMoveBusinessProfileRequest descriptor]	
10b032a44	10b032aaf	decompiled	chunks/002/functions-000143.c	+[IMPMoveBusinessProfileResponse descriptor]	
10b032ab0	10b032b17	decompiled	chunks/002/functions-000143.c	+[IMPUnifyBusinessProfileAccountIdsRequest descriptor]	
10b032b18	10b032b83	decompiled	chunks/002/functions-000143.c	+[IMPUnifyBusinessProfileAccountIdsResponse descriptor]	
10b032b84	10b032beb	decompiled	chunks/002/functions-000143.c	+[IMPGetBusinessAccountRequest descriptor]	
10b032bec	10b032c53	decompiled	chunks/002/functions-000143.c	+[IMPGetBusinessAccountResponse descriptor]	
10b032c54	10b032cbb	decompiled	chunks/002/functions-000143.c	+[IMPContentIdentifier descriptor]	
10b032cbc	10b032d37	decompiled	chunks/002/functions-000143.c	+[IMPShowDisplayInfo descriptor]	
10b032d38	10b032da3	decompiled	chunks/002/functions-000143.c	+[IMPCommerceStoreInfo descriptor]	
10b032da4	10b032e1f	decompiled	chunks/002/functions-000143.c	+[IMPDeeplinks descriptor]	
10b032e20	10b032e8b	decompiled	chunks/002/functions-000143.c	+[IMPPendingRoleInvite descriptor]	
10b032e8c	10b032f0b	decompiled	chunks/002/functions-000143.c	+[IMPPromotableContent descriptor]	
10b032f0c	10b032f77	decompiled	chunks/002/functions-000143.c	+[IMPCreatorDataSharingSettings descriptor]	
10b032f78	10b032fdf	decompiled	chunks/002/functions-000143.c	+[IMPAudienceGateSettings descriptor]	
10b032fe0	10b03304b	decompiled	chunks/002/functions-000143.c	+[IMPAgeGateSettings descriptor]	
10b03304c	10b0330b7	decompiled	chunks/002/functions-000143.c	+[IMPUpdateMonetizationSettings descriptor]	
10b0330b8	10b03311f	decompiled	chunks/002/functions-000143.c	+[IMPUpdateActivityFeedSettings descriptor]	
10b033120	10b03318b	decompiled	chunks/002/functions-000143.c	+[IMPUpdateCreatorMonetizationEligibility descriptor]	
10b03318c	10b0331f7	decompiled	chunks/002/functions-000143.c	+[IMPUpdateMonetizationSetting descriptor]	
10b0331f8	10b033263	decompiled	chunks/002/functions-000143.c	+[IMPUpdateCreatorDiscoveryForBrandsSettings descriptor]	
10b033264	10b0332cb	decompiled	chunks/002/functions-000143.c	+[IMPUpdateCreatorDiscoveryForBrandsSetting descriptor]	
10b0332cc	10b033337	decompiled	chunks/002/functions-000143.c	+[IMPUpdateAudienceGateSettings descriptor]	
10b033338	10b03339f	decompiled	chunks/002/functions-000143.c	+[IMPUpdateContentAccessList descriptor]	
10b0333a0	10b03340b	decompiled	chunks/002/functions-000143.c	+[IMPUpdateAgeGateSettings descriptor]	
10b03340c	10b033477	decompiled	chunks/002/functions-000143.c	+[IMPUpdateBusinessProfileSettingsRequest descriptor]	
10b033478	10b0334df	decompiled	chunks/002/functions-000144.c	+[IMPUpdateBusinessProfileSettingsResponse descriptor]	
10b0334e0	10b033563	decompiled	chunks/002/functions-000144.c	+[IMPBusinessUserSettings_ActivityFeedNotificationInfo descriptor]	
10b033564	10b0335cf	decompiled	chunks/002/functions-000144.c	+[IMPManagedProfileCallouts descriptor]	
10b0335d0	10b033637	decompiled	chunks/002/functions-000144.c	+[IMPGetManagedProfileCalloutsRequest descriptor]	
10b033638	10b03369f	decompiled	chunks/002/functions-000144.c	+[IMPGetManagedProfileCalloutsResponse descriptor]	
10b0336a0	10b033707	decompiled	chunks/002/functions-000144.c	+[IMPGetUserSettingsRequest descriptor]	
10b033708	10b03376f	decompiled	chunks/002/functions-000144.c	+[IMPGetUserSettingsResponse descriptor]	
10b033770	10b0337d7	decompiled	chunks/002/functions-000144.c	+[IMPUpdateUserSettingsRequest descriptor]	
10b0337d8	10b03383f	decompiled	chunks/002/functions-000144.c	+[IMPUpdateUserSettingsResponse descriptor]	
10b033840	10b0338ab	decompiled	chunks/002/functions-000144.c	+[IMPUserSettings descriptor]	
10b0338ac	10b033917	decompiled	chunks/002/functions-000144.c	+[IMPBoltMediaWithMLSMediaId descriptor]	
10b033918	10b033997	decompiled	chunks/002/functions-000144.c	+[IMPInternalBusinessProfileMetadata descriptor]	
10b033998	10b033a03	decompiled	chunks/002/functions-000144.c	+[IMPInternalBusinessProfile descriptor]	
10b033a04	10b033a6f	decompiled	chunks/002/functions-000144.c	+[IMPGetSubscriptionStatusesRequest descriptor]	
10b033a70	10b033adb	decompiled	chunks/002/functions-000144.c	+[IMPSubscriptionQueryId descriptor]	
10b033adc	10b033b43	decompiled	chunks/002/functions-000144.c	+[IMPGetSubscriptionStatusesResponse descriptor]	
10b033b44	10b033baf	decompiled	chunks/002/functions-000144.c	+[IMPGetBusinessProfileRequest descriptor]	
10b033bb0	10b033c17	decompiled	chunks/002/functions-000144.c	+[IMPGetBusinessProfileResponse descriptor]	
10b033c18	10b033c83	decompiled	chunks/002/functions-000144.c	+[IMPGetBusinessProfilesRequest descriptor]	
10b033c84	10b033cef	decompiled	chunks/002/functions-000144.c	+[IMPGetBusinessProfilesResponse descriptor]	
10b033cf0	10b033d57	decompiled	chunks/002/functions-000144.c	+[IMPGetBusinessOptions descriptor]	
10b033d58	10b033dc3	decompiled	chunks/002/functions-000144.c	+[IMPGetBusinessRequest descriptor]	
10b033dc4	10b033e2b	decompiled	chunks/002/functions-000144.c	+[IMPGetBusinessResponse descriptor]	
10b033e2c	10b033e97	decompiled	chunks/002/functions-000144.c	+[IMPBatchGetBusinessRequest descriptor]	
10b033e98	10b033eff	decompiled	chunks/002/functions-000144.c	+[IMPBatchGetBusinessResponse descriptor]	
10b033f00	10b033f8f	decompiled	chunks/002/functions-000144.c	+[IMPInternalBusinessId descriptor]	
10b033f90	10b03400f	decompiled	chunks/002/functions-000144.c	+[IMPInternalGetBusinessProfileRequest descriptor]	
10b034010	10b03407b	decompiled	chunks/002/functions-000144.c	+[IMPInternalGetBusinessProfileOptions descriptor]	
10b03407c	10b0340e7	decompiled	chunks/002/functions-000144.c	+[IMPInternalGetBusinessProfileResponse descriptor]	
10b0340e8	10b034153	decompiled	chunks/002/functions-000144.c	+[IMPInternalGetBusinessProfilesRequest descriptor]	
10b034154	10b0341bb	decompiled	chunks/002/functions-000144.c	+[IMPInternalGetBusinessProfilesResponse descriptor]	
10b0341bc	10b034227	decompiled	chunks/002/functions-000144.c	+[IMPInternalGetBusinessUserSettingsRequest descriptor]	
10b034228	10b03428f	decompiled	chunks/002/functions-000144.c	+[IMPInternalGetBusinessUserSettingsResponse descriptor]	
10b034290	10b0342f7	decompiled	chunks/002/functions-000144.c	+[IMPInternalBatchGetBusinessUserSettingsRequest descriptor]	
10b0342f8	10b034363	decompiled	chunks/002/functions-000144.c	+[IMPBusinessUserSettingsKey descriptor]	
10b034364	10b0343cb	decompiled	chunks/002/functions-000144.c	+[IMPInternalBatchGetBusinessUserSettingsResponse descriptor]	
10b0343cc	10b034437	decompiled	chunks/002/functions-000144.c	+[IMPUpdateBusinessUserSettingsRequest descriptor]	
10b034438	10b03449f	decompiled	chunks/002/functions-000144.c	+[IMPUpdateBusinessUserSettingsResponse descriptor]	
10b0344a0	10b034507	decompiled	chunks/002/functions-000144.c	+[IMPBatchUpdateBusinessUserSettingsRequest descriptor]	
10b034508	10b034573	decompiled	chunks/002/functions-000144.c	+[IMPUpdateBusinessUserSettings descriptor]	
10b034574	10b0345df	decompiled	chunks/002/functions-000144.c	+[IMPBatchUpdateBusinessUserSettingsResponse descriptor]	
10b0345e0	10b034647	decompiled	chunks/002/functions-000144.c	+[IMPInternalGetActiveBusinessProfilesRequest descriptor]	
10b034648	10b0346af	decompiled	chunks/002/functions-000144.c	+[IMPInternalGetActiveBusinessProfilesResponse descriptor]	
10b0346b0	10b03471b	decompiled	chunks/002/functions-000144.c	+[IMPSetBusinessProfileRequest descriptor]	
10b03471c	10b034783	decompiled	chunks/002/functions-000144.c	+[IMPSetBusinessProfileResponse descriptor]	
10b034784	10b034803	decompiled	chunks/002/functions-000144.c	+[IMPUpdateBusinessProfileRequest descriptor]	
10b034804	10b03486b	decompiled	chunks/002/functions-000144.c	+[IMPUpdateBusinessProfileResponse descriptor]	
10b03486c	10b0348d3	decompiled	chunks/002/functions-000144.c	+[IMPContentIdentifiersUpdate descriptor]	
10b0348d4	10b034953	decompiled	chunks/002/functions-000144.c	+[IMPInternalUpdateBusinessProfileRequest descriptor]	
10b034954	10b0349bb	decompiled	chunks/002/functions-000144.c	+[IMPUpdateThirdPartyProfile descriptor]	
10b0349bc	10b034a23	decompiled	chunks/002/functions-000144.c	+[IMPUpdateInternalProfileCategory descriptor]	
10b034a24	10b034a8b	decompiled	chunks/002/functions-000144.c	+[IMPUpdateProfileTier descriptor]	
10b034a8c	10b034af3	decompiled	chunks/002/functions-000144.c	+[IMPUpdateProfileContentVisibility descriptor]	
10b034af4	10b034b5b	decompiled	chunks/002/functions-000144.c	+[IMPInternalUpdateBusinessProfileResponse descriptor]	
10b034b5c	10b034bc3	decompiled	chunks/002/functions-000144.c	+[IMPInternalConvertPublisherToBusinessProfileRequest descriptor]	
10b034bc4	10b034c2b	decompiled	chunks/002/functions-000144.c	+[IMPInternalConvertPublisherToBusinessProfileResponse descriptor]	
10b034c2c	10b034c97	decompiled	chunks/002/functions-000144.c	+[IMPUserDisplayInfoDidChangeRequest descriptor]	
10b034c98	10b034cff	decompiled	chunks/002/functions-000144.c	+[IMPUserDisplayInfoDidChangeResponse descriptor]	
10b034d00	10b034d6b	decompiled	chunks/002/functions-000144.c	+[IMPSearchBusinessProfilesRequest descriptor]	
10b034d6c	10b034dd7	decompiled	chunks/002/functions-000144.c	+[IMPSearchBusinessProfileResult descriptor]	
10b034dd8	10b034e43	decompiled	chunks/002/functions-000144.c	+[IMPSearchBusinessProfilesResponse descriptor]	
10b034e44	10b034eab	decompiled	chunks/002/functions-000144.c	+[IMPSearchPublisherProfilesRequest descriptor]	
10b034eac	10b034f13	decompiled	chunks/002/functions-000144.c	+[IMPSearchPublisherProfilesResponse descriptor]	
10b034f14	10b034f9b	decompiled	chunks/002/functions-000144.c	+[IMPSearchPublisherProfilesResponse_SearchRecord descriptor]	
10b034f9c	10b035007	decompiled	chunks/002/functions-000144.c	+[IMPUpdateBusinessSubscribeStatusRequest descriptor]	
10b035008	10b03506f	decompiled	chunks/002/functions-000144.c	+[IMPUpdateBusinessSubscribeStatusResponse descriptor]	
10b035070	10b0350d7	decompiled	chunks/002/functions-000144.c	+[IMPListSubscribedBusinessProfilesRequest descriptor]	
10b0350d8	10b035143	decompiled	chunks/002/functions-000144.c	+[IMPListSubscribedBusinessProfilesResponse descriptor]	
10b035144	10b0351af	decompiled	chunks/002/functions-000144.c	+[IMPBatchBusinessSubscribeRequest descriptor]	
10b0351b0	10b035217	decompiled	chunks/002/functions-000144.c	+[IMPBatchBusinessSubscribeResponse descriptor]	
10b035218	10b035283	decompiled	chunks/002/functions-000144.c	+[IMPGetFollowersInRangeRequest descriptor]	
10b035284	10b0352ef	decompiled	chunks/002/functions-000144.c	+[IMPMigrateFollowersInRange descriptor]	
10b0352f0	10b03535b	decompiled	chunks/002/functions-000144.c	+[IMPUserFollower descriptor]	
10b03535c	10b0353c3	decompiled	chunks/002/functions-000144.c	+[IMPGetFollowersInRangeResponse descriptor]	
10b0353c4	10b03542f	decompiled	chunks/002/functions-000144.c	+[IMPSubscriberInfo descriptor]	
10b035430	10b03549b	decompiled	chunks/002/functions-000144.c	+[IMPGetSubscriberCountRequest descriptor]	
10b03549c	10b035507	decompiled	chunks/002/functions-000144.c	+[IMPGetSubscriberCountResponse descriptor]	
10b035508	10b03556f	decompiled	chunks/002/functions-000144.c	+[IMPGetSubscriberCountBatchRequest descriptor]	
10b035570	10b0355d7	decompiled	chunks/002/functions-000144.c	+[IMPGetSubscriberCountBatchResponse descriptor]	
10b0355d8	10b035643	decompiled	chunks/002/functions-000144.c	+[IMPInternalListManagedBusinessProfilesRequest descriptor]	
10b035644	10b0356af	decompiled	chunks/002/functions-000144.c	+[IMPListManagedBusinessProfilesRequest descriptor]	
10b0356b0	10b035717	decompiled	chunks/002/functions-000144.c	+[IMPCheckUserEligibilityForPublicProfileCreationRequest descriptor]	
10b035718	10b03579f	decompiled	chunks/002/functions-000144.c	+[IMPCheckUserEligibilityForPublicProfileCreationRequest_UserEligibilityCheckInfo descriptor]	
10b0357a0	10b035807	decompiled	chunks/002/functions-000144.c	+[IMPCheckUserEligibilityForPublicProfileCreationResponse descriptor]	
10b035808	10b03588f	decompiled	chunks/002/functions-000144.c	+[IMPCheckUserEligibilityForPublicProfileCreationResponse_UserEligibilityCheckResult descriptor]	
10b035890	10b0358fb	decompiled	chunks/002/functions-000144.c	+[IMPAuthorizeActionsRequest descriptor]	
10b0358fc	10b035963	decompiled	chunks/002/functions-000144.c	+[IMPAuthorizeActionsResponse descriptor]	
10b035964	10b0359cf	decompiled	chunks/002/functions-000144.c	+[IMPAuthorizeGlobalActionsRequest descriptor]	
10b0359d0	10b035a37	decompiled	chunks/002/functions-000144.c	+[IMPAuthorizeGlobalActionsResponse descriptor]	
10b035a38	10b035aa3	decompiled	chunks/002/functions-000144.c	+[IMPListAuthorizedActionsForBusinessRequest descriptor]	
10b035aa4	10b035b0b	decompiled	chunks/002/functions-000144.c	+[IMPListAuthorizedActionsForBusinessResponse descriptor]	
10b035b0c	10b035b73	decompiled	chunks/002/functions-000144.c	+[IMPListGlobalAuthorizedActionsRequest descriptor]	
10b035b74	10b035bdb	decompiled	chunks/002/functions-000144.c	+[IMPListGlobalAuthorizedActionsResponse descriptor]	
10b035bdc	10b035c47	decompiled	chunks/002/functions-000144.c	+[IMPReportBusinessProfileRequest descriptor]	
10b035c48	10b035caf	decompiled	chunks/002/functions-000144.c	+[IMPReportBusinessProfileResponse descriptor]	
10b035cb0	10b035d17	decompiled	chunks/002/functions-000144.c	+[IMPDeleteProfileRequest descriptor]	
10b035d18	10b035d7f	decompiled	chunks/002/functions-000144.c	+[IMPDeleteProfileResponse descriptor]	
10b035d80	10b035deb	decompiled	chunks/002/functions-000144.c	+[IMPSetTestProfileFieldRequest descriptor]	
10b035dec	10b035e53	decompiled	chunks/002/functions-000144.c	+[IMPSetTestProfileFieldResponse descriptor]	
10b035e54	10b035ebf	decompiled	chunks/002/functions-000144.c	+[IMPCheckProfileLinkedToPoliticalAdAccountRequest descriptor]	
10b035ec0	10b035f27	decompiled	chunks/002/functions-000145.c	+[IMPCheckProfileLinkedToPoliticalAdAccountResponse descriptor]	
10b035f28	10b035f8f	decompiled	chunks/002/functions-000145.c	+[IMPGetPublisherOrganizationListRequest descriptor]	
10b035f90	10b035ffb	decompiled	chunks/002/functions-000145.c	+[IMPGetPublisherOrganizationListResponse descriptor]	
10b035ffc	10b036063	decompiled	chunks/002/functions-000145.c	+[IMPGetPublisherOrganizationsRequest descriptor]	
10b036064	10b0360cb	decompiled	chunks/002/functions-000145.c	+[IMPGetPublisherOrganizationsResponse descriptor]	
10b0360cc	10b036137	decompiled	chunks/002/functions-000145.c	+[IMPPublisherOrganization descriptor]	
10b036138	10b0361a3	decompiled	chunks/002/functions-000145.c	+[IMPInternalGetPublisherProfileListRequest descriptor]	
10b0361a4	10b03620f	decompiled	chunks/002/functions-000145.c	+[IMPInternalGetPublisherProfileListResponse descriptor]	
10b036210	10b03627b	decompiled	chunks/002/functions-000145.c	+[IMPInternalGetPublisherBusinessListRequest descriptor]	
10b03627c	10b0362e7	decompiled	chunks/002/functions-000145.c	+[IMPInternalGetPublisherBusinessListResponse descriptor]	
10b0362e8	10b03634f	decompiled	chunks/002/functions-000145.c	+[IMPExportSnapProUserIdsRequest descriptor]	
10b036350	10b0363b7	decompiled	chunks/002/functions-000145.c	+[IMPGetContentShareRecordsForPublisherRequest descriptor]	
10b0363b8	10b03641f	decompiled	chunks/002/functions-000145.c	+[IMPGetContentShareRecordsForPublisherResponse descriptor]	
10b036420	10b036487	decompiled	chunks/002/functions-000145.c	+[IMPAddContentShareRecordRequest descriptor]	
10b036488	10b0364ef	decompiled	chunks/002/functions-000145.c	+[IMPAddContentShareRecordResponse descriptor]	
10b0364f0	10b03655b	decompiled	chunks/002/functions-000145.c	+[IMPRemoveContentShareRecordRequest descriptor]	
10b03655c	10b0365c3	decompiled	chunks/002/functions-000145.c	+[IMPRemoveContentShareRecordResponse descriptor]	
10b0365c4	10b03662f	decompiled	chunks/002/functions-000145.c	+[IMPContentShareRecord descriptor]	
10b036630	10b036697	decompiled	chunks/002/functions-000145.c	+[IMPAddUsersToSnapProABTestGroupRequest descriptor]	
10b036698	10b0366ff	decompiled	chunks/002/functions-000145.c	+[IMPAddUsersToSnapProABTestGroupResponse descriptor]	
10b036700	10b036767	decompiled	chunks/002/functions-000145.c	+[IMPGetOfficialUserCollaboratorsRequest descriptor]	
10b036768	10b0367cf	decompiled	chunks/002/functions-000145.c	+[IMPGetOfficialUserCollaboratorsResponse descriptor]	
10b0367d0	10b03683b	decompiled	chunks/002/functions-000145.c	+[IMPOfficialUserCollaborator descriptor]	
10b03683c	10b0368a7	decompiled	chunks/002/functions-000145.c	+[IMPCollaboratorInviteCheckRequest descriptor]	
10b0368a8	10b036913	decompiled	chunks/002/functions-000145.c	+[IMPCollaboratorInviteCheckResponse descriptor]	
10b036914	10b03697f	decompiled	chunks/002/functions-000145.c	+[IMPImpalaHostAccountInfoRequest descriptor]	
10b036980	10b0369eb	decompiled	chunks/002/functions-000145.c	+[IMPImpalaHostAccountInfoResponse descriptor]	
10b0369ec	10b036a57	decompiled	chunks/002/functions-000145.c	+[IMPHostAccountInfo descriptor]	
10b036a58	10b036ac3	decompiled	chunks/002/functions-000145.c	+[IMPUserDisplayInfoRequest descriptor]	
10b036ac4	10b036b2f	decompiled	chunks/002/functions-000145.c	+[IMPUserDisplayInfo descriptor]	
10b036b30	10b036b97	decompiled	chunks/002/functions-000145.c	+[IMPUserDisplayInfoResponse descriptor]	
10b036b98	10b036bff	decompiled	chunks/002/functions-000145.c	+[IMPGetSubscriberInfoRequest descriptor]	
10b036c00	10b036c67	decompiled	chunks/002/functions-000145.c	+[IMPGetSubscriberInfoResponse descriptor]	
10b036c68	10b036cd3	decompiled	chunks/002/functions-000145.c	+[IMPPushNotificationData descriptor]	
10b036cd4	10b036d3f	decompiled	chunks/002/functions-000145.c	+[IMPSendPushNotificationRequest descriptor]	
10b036d40	10b036da7	decompiled	chunks/002/functions-000145.c	+[IMPSendPushNotificationResponse descriptor]	
10b036da8	10b036e0f	decompiled	chunks/002/functions-000145.c	+[IMPSetStoryPrivacyToFriendsRequest descriptor]	
10b036e10	10b036e7b	decompiled	chunks/002/functions-000145.c	+[IMPSetStoryPrivacyToFriendsResponse descriptor]	
10b036e7c	10b036ee3	decompiled	chunks/002/functions-000145.c	+[IMPDeleteStoryMediaRequest descriptor]	
10b036ee4	10b036f4b	decompiled	chunks/002/functions-000145.c	+[IMPDeleteStoryMediaResponse descriptor]	
10b036f4c	10b036fb3	decompiled	chunks/002/functions-000145.c	+[IMPGetGhostIdsRequest descriptor]	
10b036fb4	10b03701b	decompiled	chunks/002/functions-000145.c	+[IMPGetGhostIdsResponse descriptor]	
10b03701c	10b037083	decompiled	chunks/002/functions-000145.c	+[IMPGetUserEmployeeStatusRequest descriptor]	
10b037084	10b0370eb	decompiled	chunks/002/functions-000145.c	+[IMPGetUserEmployeeStatusResponse descriptor]	
10b0370ec	10b037153	decompiled	chunks/002/functions-000145.c	+[IMPUnverifyOfficialAccountRequest descriptor]	
10b037154	10b0371bb	decompiled	chunks/002/functions-000145.c	+[IMPUnverifyOfficialAccountResponse descriptor]	
10b0371bc	10b037227	decompiled	chunks/002/functions-000145.c	+[IMPUpdateOfficialPersonalFriendmojiRequest descriptor]	
10b037228	10b03728f	decompiled	chunks/002/functions-000145.c	+[IMPUpdateOfficialPersonalFriendmojiResponse descriptor]	
10b037290	10b0372fb	decompiled	chunks/002/functions-000145.c	+[IMPIncrementFriendLinkVersionForHostUserRequest descriptor]	
10b0372fc	10b037363	decompiled	chunks/002/functions-000145.c	+[IMPIncrementFriendLinkVersionForHostUserResponse descriptor]	
10b037364	10b0373cf	decompiled	chunks/002/functions-000145.c	+[IMPDeactivateBusinessRequest descriptor]	
10b0373d0	10b037437	decompiled	chunks/002/functions-000145.c	+[IMPDeactivateBusinessResponse descriptor]	
10b037438	10b0374a3	decompiled	chunks/002/functions-000145.c	+[IMPInviteUserToRoleRequest descriptor]	
10b0374a4	10b03750f	decompiled	chunks/002/functions-000145.c	+[IMPInviteUserToRoleResponse descriptor]	
10b037510	10b03757b	decompiled	chunks/002/functions-000145.c	+[IMPGrantRoleToUserRequest descriptor]	
10b03757c	10b0375e3	decompiled	chunks/002/functions-000145.c	+[IMPBatchGrantRolesRequest descriptor]	
10b0375e4	10b03764b	decompiled	chunks/002/functions-000145.c	+[IMPBatchGrantRolesResponse descriptor]	
10b03764c	10b0376b7	decompiled	chunks/002/functions-000145.c	+[IMPRoleSpecification descriptor]	
10b0376b8	10b03771f	decompiled	chunks/002/functions-000145.c	+[IMPGrantRoleToUserResponse descriptor]	
10b037720	10b03778b	decompiled	chunks/002/functions-000145.c	+[IMPDeleteRoleInviteRequest descriptor]	
10b03778c	10b0377f3	decompiled	chunks/002/functions-000145.c	+[IMPDeleteRoleInviteResponse descriptor]	
10b0377f4	10b03785f	decompiled	chunks/002/functions-000145.c	+[IMPAcceptRoleInviteRequest descriptor]	
10b037860	10b0378c7	decompiled	chunks/002/functions-000145.c	+[IMPAcceptRoleInviteResponse descriptor]	
10b0378c8	10b037933	decompiled	chunks/002/functions-000145.c	+[IMPInternalUpdateRoleInviteRequest descriptor]	
10b037934	10b03799b	decompiled	chunks/002/functions-000145.c	+[IMPInternalUpdateRoleInviteResponse descriptor]	
10b03799c	10b037a07	decompiled	chunks/002/functions-000145.c	+[IMPInternalGetPendingRoleInviteForUserAndBusinessRequest descriptor]	
10b037a08	10b037a6f	decompiled	chunks/002/functions-000145.c	+[IMPInternalGetPendingRoleInviteForUserAndBusinessResponse descriptor]	
10b037a70	10b037adb	decompiled	chunks/002/functions-000145.c	+[IMPUpdateRoleRequest descriptor]	
10b037adc	10b037b43	decompiled	chunks/002/functions-000145.c	+[IMPUpdateRoleResponse descriptor]	
10b037b44	10b037baf	decompiled	chunks/002/functions-000145.c	+[IMPDeleteRoleRequest descriptor]	
10b037bb0	10b037c17	decompiled	chunks/002/functions-000145.c	+[IMPDeleteRoleResponse descriptor]	
10b037c18	10b037c83	decompiled	chunks/002/functions-000145.c	+[IMPDeleteRoleByRoleTypeRequest descriptor]	
10b037c84	10b037ceb	decompiled	chunks/002/functions-000145.c	+[IMPDeleteRoleByRoleTypeResponse descriptor]	
10b037cec	10b037d53	decompiled	chunks/002/functions-000145.c	+[IMPBatchDeleteRolesByRoleTypeRequest descriptor]	
10b037d54	10b037dbb	decompiled	chunks/002/functions-000145.c	+[IMPBatchDeleteRolesByRoleTypeResponse descriptor]	
10b037dbc	10b037e27	decompiled	chunks/002/functions-000145.c	+[IMPDeleteOrgRoleByRoleTypeRequest descriptor]	
10b037e28	10b037e8f	decompiled	chunks/002/functions-000145.c	+[IMPDeleteOrgRoleByRoleTypeResponse descriptor]	
10b037e90	10b037efb	decompiled	chunks/002/functions-000145.c	+[IMPAddOrgRoleByRoleTypeRequest descriptor]	
10b037efc	10b037f63	decompiled	chunks/002/functions-000145.c	+[IMPAddOrgRoleByRoleTypeResponse descriptor]	
10b037f64	10b037fcf	decompiled	chunks/002/functions-000145.c	+[IMPListPendingRoleInvitesForBusinessRequest descriptor]	
10b037fd0	10b03803b	decompiled	chunks/002/functions-000145.c	+[IMPListPendingRoleInvitesForBusinessResponse descriptor]	
10b03803c	10b0380a7	decompiled	chunks/002/functions-000145.c	+[IMPListRolesForBusinessRequest descriptor]	
10b0380a8	10b038113	decompiled	chunks/002/functions-000145.c	+[IMPInternalRemoveProfileRolesRequest descriptor]	
10b038114	10b03817b	decompiled	chunks/002/functions-000145.c	+[IMPInternalRemoveProfileRolesResponse descriptor]	
10b03817c	10b0381e7	decompiled	chunks/002/functions-000145.c	+[IMPRole descriptor]	
10b0381e8	10b03824f	decompiled	chunks/002/functions-000145.c	+[IMPListGlobalRolesRequest descriptor]	
10b038250	10b0382bb	decompiled	chunks/002/functions-000145.c	+[IMPListGlobalRolesResponse descriptor]	
10b0382bc	10b038327	decompiled	chunks/002/functions-000145.c	+[IMPListRolesForBusinessResponse descriptor]	
10b038328	10b038393	decompiled	chunks/002/functions-000145.c	+[IMPInternalListRolesForBusinessRequest descriptor]	
10b038394	10b0383fb	decompiled	chunks/002/functions-000145.c	+[IMPInternalListRolesForBusinessResponse descriptor]	
10b0383fc	10b038467	decompiled	chunks/002/functions-000145.c	+[IMPListRolesForUserRequest descriptor]	
10b038468	10b0384d3	decompiled	chunks/002/functions-000145.c	+[IMPListRolesForUserResponse descriptor]	
10b0384d4	10b03853f	decompiled	chunks/002/functions-000145.c	+[IMPRolesForUserForBusiness descriptor]	
10b038540	10b0385ab	decompiled	chunks/002/functions-000145.c	+[IMPInviteProfileToCollaborateRequest descriptor]	
10b0385ac	10b038613	decompiled	chunks/002/functions-000145.c	+[IMPInviteProfileToCollaborateResponse descriptor]	
10b038614	10b03867f	decompiled	chunks/002/functions-000145.c	+[IMPCancelProfileCollaborationRequest descriptor]	
10b038680	10b0386e7	decompiled	chunks/002/functions-000145.c	+[IMPCancelProfileCollaborationResponse descriptor]	
10b0386e8	10b03874f	decompiled	chunks/002/functions-000145.c	+[IMPHasPendingRoleInvitesRequest descriptor]	
10b038750	10b0387b7	decompiled	chunks/002/functions-000145.c	+[IMPHasPendingRoleInvitesResponse descriptor]	
10b0387b8	10b03881f	decompiled	chunks/002/functions-000145.c	+[IMPListPendingRoleInvitesForUserRequest descriptor]	
10b038820	10b03888b	decompiled	chunks/002/functions-000146.c	+[IMPListPendingRoleInvitesForUserResponse descriptor]	
10b03888c	10b0388f3	decompiled	chunks/002/functions-000146.c	+[IMPRemoveSelfFromBusinessRequest descriptor]	
10b0388f4	10b03895b	decompiled	chunks/002/functions-000146.c	+[IMPRemoveSelfFromBusinessResponse descriptor]	
10b03895c	10b0389c3	decompiled	chunks/002/functions-000146.c	+[IMPSharedBusinessProfile descriptor]	
10b0389c4	10b038a2f	decompiled	chunks/002/functions-000146.c	+[IMPSharedBusinessProfileSnap descriptor]	
10b038a30	10b038a9b	decompiled	chunks/002/functions-000146.c	+[IMPUpdateSubscriberDisplayNamesRequest descriptor]	
10b038a9c	10b038b07	decompiled	chunks/002/functions-000146.c	+[IMPIncrementSubscriberCountRequest descriptor]	
10b038b08	10b038b6f	decompiled	chunks/002/functions-000146.c	+[IMPIncrementSubscriberCountResponse descriptor]	
10b038b70	10b038bdb	decompiled	chunks/002/functions-000146.c	+[IMPWhitelistUsersRequest descriptor]	
10b038bdc	10b038c47	decompiled	chunks/002/functions-000146.c	+[IMPWhitelistUsersResponse descriptor]	
10b038c48	10b038cb3	decompiled	chunks/002/functions-000146.c	+[IMPListAllUsersWithProfileRolesRequest descriptor]	
10b038cb4	10b038d1f	decompiled	chunks/002/functions-000146.c	+[IMPListAllUsersWithProfileRolesResponse descriptor]	
10b038d20	10b038d8b	decompiled	chunks/002/functions-000146.c	+[IMPGetInventoryItemsByProfileIdRequest descriptor]	
10b038d8c	10b038df3	decompiled	chunks/002/functions-000146.c	+[IMPGetInventoryItemsByProfileIdResponse descriptor]	
10b038df4	10b038e5b	decompiled	chunks/002/functions-000146.c	+[IMPClearProfileRequest descriptor]	
10b038e5c	10b038ec3	decompiled	chunks/002/functions-000146.c	+[IMPClearProfileResponse descriptor]	
10b038ec4	10b038f2f	decompiled	chunks/002/functions-000146.c	+[IMPSetProfileFrozenStatusRequest descriptor]	
10b038f30	10b038f97	decompiled	chunks/002/functions-000146.c	+[IMPSetProfileFrozenStatusResponse descriptor]	
10b038f98	10b039003	decompiled	chunks/002/functions-000146.c	+[IMPInternalValidateShareStoreToProfileRequest descriptor]	
10b039004	10b03906b	decompiled	chunks/002/functions-000146.c	+[IMPInternalValidateShareStoreToProfileResponse descriptor]	
10b03906c	10b0390d7	decompiled	chunks/002/functions-000146.c	+[IMPInternalValidateUnshareStoreToProfileRequest descriptor]	
10b0390d8	10b03913f	decompiled	chunks/002/functions-000146.c	+[IMPInternalValidateUnshareStoreToProfileResponse descriptor]	
10b039140	10b0391ab	decompiled	chunks/002/functions-000146.c	+[IMPInternalShareStoreToProfileRequest descriptor]	
10b0391ac	10b039213	decompiled	chunks/002/functions-000146.c	+[IMPInternalShareStoreToProfileResponse descriptor]	
10b039214	10b03927f	decompiled	chunks/002/functions-000146.c	+[IMPInternalCreateSnapShareRequest descriptor]	
10b039280	10b0392e7	decompiled	chunks/002/functions-000146.c	+[IMPInternalCreateSnapShareResponse descriptor]	
10b0392e8	10b039353	decompiled	chunks/002/functions-000146.c	+[IMPInternalReadSnapShareRequest descriptor]	
10b039354	10b0393bb	decompiled	chunks/002/functions-000146.c	+[IMPInternalReadSnapShareResponse descriptor]	
10b0393bc	10b039427	decompiled	chunks/002/functions-000146.c	+[IMPInternalListSnapSharesRequest descriptor]	
10b039428	10b039493	decompiled	chunks/002/functions-000146.c	+[IMPInternalListSnapSharesResponse descriptor]	
10b039494	10b0394ff	decompiled	chunks/002/functions-000146.c	+[IMPUpdateSnapShareRequest descriptor]	
10b039500	10b039567	decompiled	chunks/002/functions-000146.c	+[IMPUpdateSnapShareResponse descriptor]	
10b039568	10b0395d3	decompiled	chunks/002/functions-000146.c	+[IMPInternalUnshareStoreToProfileRequest descriptor]	
10b0395d4	10b03963b	decompiled	chunks/002/functions-000146.c	+[IMPInternalUnshareStoreToProfileResponse descriptor]	
10b03963c	10b0396a7	decompiled	chunks/002/functions-000146.c	+[IMPInternalQueryAvailableResourcesRequest descriptor]	
10b0396a8	10b03970f	decompiled	chunks/002/functions-000146.c	+[IMPInternalQueryAvailableResourcesResponse descriptor]	
10b039710	10b039777	decompiled	chunks/002/functions-000146.c	+[IMPInternalUpdateAttachmentToolV2Request descriptor]	
10b039778	10b0397df	decompiled	chunks/002/functions-000146.c	+[IMPInternalUpdateAttachmentToolV2Response descriptor]	
10b0397e0	10b03984b	decompiled	chunks/002/functions-000146.c	+[IMPBackfillPublisherProfileTypeRequest descriptor]	
10b03984c	10b0398b3	decompiled	chunks/002/functions-000146.c	+[IMPBackfillPublisherProfileTypeResponse descriptor]	
10b0398b4	10b03991f	decompiled	chunks/002/functions-000146.c	+[IMPBackfillPublisherHostUserRequest descriptor]	
10b039920	10b039987	decompiled	chunks/002/functions-000146.c	+[IMPBackfillPublisherHostUserResponse descriptor]	
10b039988	10b0399f3	decompiled	chunks/002/functions-000146.c	+[IMPInvalidateSnapCacheItemRequest descriptor]	
10b0399f4	10b039a5b	decompiled	chunks/002/functions-000146.c	+[IMPInvalidateSnapCacheItemResponse descriptor]	
10b039a5c	10b039ac7	decompiled	chunks/002/functions-000146.c	+[IMPAddUserToAllowlistRequest descriptor]	
10b039ac8	10b039b2f	decompiled	chunks/002/functions-000146.c	+[IMPAddUserToAllowlistResponse descriptor]	
10b039b30	10b039b97	decompiled	chunks/002/functions-000146.c	+[IMPDeleteUserFromAllowlistRequest descriptor]	
10b039b98	10b039bff	decompiled	chunks/002/functions-000146.c	+[IMPDeleteUserFromAllowlistResponse descriptor]	
10b039c00	10b039c67	decompiled	chunks/002/functions-000146.c	+[IMPInternalRedriveDLQMessagesRequest descriptor]	
10b039c68	10b039ccf	decompiled	chunks/002/functions-000146.c	+[IMPInternalRedriveDLQMessagesResponse descriptor]	
10b039cd0	10b039d5f	decompiled	chunks/002/functions-000146.c	+[IMPCreateAdCodeForStoryRequest descriptor]	
10b039d60	10b039dcb	decompiled	chunks/002/functions-000146.c	+[IMPCreateAdCodeResponse descriptor]	
10b039dcc	10b039e5b	decompiled	chunks/002/functions-000146.c	+[IMPGetAdCodeByProfileIdAndContentIdRequest descriptor]	
10b039e5c	10b039ec7	decompiled	chunks/002/functions-000146.c	+[IMPGetAdCodeResponse descriptor]	
10b039ec8	10b039f2f	decompiled	chunks/002/functions-000146.c	+[IMPDeleteAdCodeRequest descriptor]	
10b039f30	10b039f97	decompiled	chunks/002/functions-000146.c	+[IMPDeleteAdCodeResponse descriptor]	
10b039f98	10b039fff	decompiled	chunks/002/functions-000146.c	+[IMPVerifyAdCodeRequest descriptor]	
10b03a000	10b03a06b	decompiled	chunks/002/functions-000146.c	+[IMPVerifyAdCodeResponse descriptor]	
10b03a06c	10b03a0d7	decompiled	chunks/002/functions-000146.c	+[IMPGetEligibilityForMultiProfileRequest descriptor]	
10b03a0d8	10b03a143	decompiled	chunks/002/functions-000146.c	+[IMPGetEligibilityForMultiProfileResponse descriptor]	
10b03a144	10b03a1af	decompiled	chunks/002/functions-000146.c	+[IMPRegisterUserAndProfileRequest descriptor]	
10b03a1b0	10b03a21b	decompiled	chunks/002/functions-000146.c	+[IMPRegisterUserMetadata descriptor]	
10b03a21c	10b03a2ab	decompiled	chunks/002/functions-000146.c	+[IMPRegisterUserAndProfileResponse descriptor]	
10b03a2ac	10b03a313	decompiled	chunks/002/functions-000146.c	+[IMPRegisteredData descriptor]	
10b03a314	10b03a37f	decompiled	chunks/002/functions-000146.c	+[IMPAccountServiceError descriptor]	
10b03a380	10b03a3e7	decompiled	chunks/002/functions-000146.c	+[IMPInternalGetRelatedProfileUsersRequest descriptor]	
10b03a3e8	10b03a453	decompiled	chunks/002/functions-000146.c	+[IMPInternalGetRelatedProfileUsersResponse descriptor]	
10b03a454	10b03a4bf	decompiled	chunks/002/functions-000146.c	+[IMPInternalSyncRoleInviteRequest descriptor]	
10b03a4c0	10b03a527	decompiled	chunks/002/functions-000146.c	+[IMPInternalSyncRoleInviteResponse descriptor]	
10b03a528	10b03a593	decompiled	chunks/002/functions-000146.c	+[IMPInternalUserAllowlistRequest descriptor]	
10b03a594	10b03a5fb	decompiled	chunks/002/functions-000146.c	+[IMPInternalUserAllowlistResponse descriptor]	
10b03a5fc	10b03a663	decompiled	chunks/002/functions-000146.c	+[IMPInternalGetBusinessAccountIdForProfileRequest descriptor]	
10b03a664	10b03a6cb	decompiled	chunks/002/functions-000146.c	+[IMPInternalGetBusinessAccountIdForProfileResponse descriptor]	
10b03a6cc	10b03a733	decompiled	chunks/002/functions-000146.c	+[IMPInternalCheckProfileExistsRequest descriptor]	
10b03a734	10b03a79b	decompiled	chunks/002/functions-000146.c	+[IMPInternalCheckProfileExistsResponse descriptor]	
10b03a79c	10b03a817	decompiled	chunks/002/functions-000146.c	+[PartialPublisherMetadata descriptor]	
10b03a818	10b03a8a3	decompiled	chunks/002/functions-000146.c	+[PartialPublisherMetadata_BehaviouralMetadata descriptor]	
10b03a8a4	10b03a92f	decompiled	chunks/002/functions-000146.c	+[PartialPublisherMetadata_CreationMetadata descriptor]	
10b03a930	10b03a9bb	decompiled	chunks/002/functions-000146.c	+[PartialPublisherMetadata_BrandingMetadata descriptor]	
10b03a9bc	10b03aa47	decompiled	chunks/002/functions-000146.c	+[PartialPublisherMetadata_VisibilityMetadata descriptor]	
10b03aa48	10b03aaaf	decompiled	chunks/002/functions-000146.c	+[FeaturesValue descriptor]	
10b03aab0	10b03ab17	decompiled	chunks/002/functions-000146.c	+[TierLevelValue descriptor]	
10b03ab18	10b03ab7f	decompiled	chunks/002/functions-000146.c	+[TypeValue descriptor]	
10b03ab80	10b03abe7	decompiled	chunks/002/functions-000146.c	+[AdSettingValue descriptor]	
10b03abe8	10b03ac4f	decompiled	chunks/002/functions-000146.c	+[ModerationLevelValue descriptor]	
10b03ac50	10b03acb7	decompiled	chunks/002/functions-000146.c	+[AudioClassificationValue descriptor]	
10b03acb8	10b03ad1f	decompiled	chunks/002/functions-000146.c	+[FlagsValue descriptor]	
10b03ad20	10b03ad87	decompiled	chunks/002/functions-000146.c	+[LogoDisplayValue descriptor]	
10b03ad88	10b03adef	decompiled	chunks/002/functions-000146.c	+[ShareOptionValue descriptor]	
10b03adf0	10b03ae57	decompiled	chunks/002/functions-000146.c	+[DiscoverRegionsValue descriptor]	
10b03ae58	10b03aebf	decompiled	chunks/002/functions-000146.c	+[ContentAgeGateLevelValue descriptor]	
10b03aec0	10b03af27	decompiled	chunks/002/functions-000146.c	+[PublishingApprovalsValue descriptor]	
10b03af28	10b03af8f	decompiled	chunks/002/functions-000146.c	+[EditorialApprovalValue descriptor]	
10b03af90	10b03b073	decompiled	chunks/002/functions-000146.c	+[DiscoverChannelsFilterValue descriptor]	
10b03b074	10b03b07f	decompiled	chunks/002/functions-000146.c		
10b03b080	10b03b0fb	decompiled	chunks/002/functions-000146.c		
10b03b0fc	10b03b107	decompiled	chunks/002/functions-000146.c		
10b03b108	10b03b183	decompiled	chunks/002/functions-000146.c		
10b03b184	10b03b18f	decompiled	chunks/002/functions-000146.c		
10b03b190	10b03b1f7	decompiled	chunks/002/functions-000146.c	+[SGTIRect descriptor]	
10b03b1f8	10b03b25f	decompiled	chunks/002/functions-000147.c	+[SGTIStylizationIOS descriptor]	
10b03b260	10b03b2c7	decompiled	chunks/002/functions-000147.c	+[SGTIStylizationAndroid descriptor]	
10b03b2c8	10b03b363	decompiled	chunks/002/functions-000147.c	+[SGTIUrlInfo descriptor]	
10b03b364	10b03b3cb	decompiled	chunks/002/functions-000147.c	+[SGTIService descriptor]	
10b03b3cc	10b03b433	decompiled	chunks/002/functions-000147.c	+[SGTIParameters descriptor]	
10b03b434	10b03b4b7	decompiled	chunks/002/functions-000147.c	+[SGTIParameters_Entry descriptor]	
10b03b4b8	10b03b533	decompiled	chunks/002/functions-000147.c	+[SGTILink descriptor]	
10b03b534	10b03b59b	decompiled	chunks/002/functions-000147.c	+[SGTIServiceGroup descriptor]	
10b03b59c	10b03b603	decompiled	chunks/002/functions-000147.c	+[IMPBusiness descriptor]	
10b03b604	10b03b67f	decompiled	chunks/002/functions-000147.c	+[IMPBusiness_Identifiers descriptor]	
10b03b680	10b03b70b	decompiled	chunks/002/functions-000147.c	+[IMPBusiness_Branding descriptor]	
10b03b70c	10b03b797	decompiled	chunks/002/functions-000147.c	+[IMPBusiness_BoltMedia descriptor]	
10b03b798	10b03b823	decompiled	chunks/002/functions-000147.c	+[IMPBusiness_Logos descriptor]	
10b03b824	10b03b89f	decompiled	chunks/002/functions-000147.c	+[IMPBusiness_Behaviour descriptor]	
10b03b8a0	10b03b91b	decompiled	chunks/002/functions-000147.c	+[IMPBusiness_Visibility descriptor]	
10b03b91c	10b03b997	decompiled	chunks/002/functions-000147.c	+[IMPBusiness_Emoji descriptor]	
10b03b998	10b03ba8f	decompiled	chunks/002/functions-000147.c	+[IMPBusiness_Stats descriptor]	
10b03ba90	10b03ba9b	decompiled	chunks/002/functions-000147.c		
10b03ba9c	10b03bb17	decompiled	chunks/002/functions-000147.c		
10b03bb18	10b03bb23	decompiled	chunks/002/functions-000147.c		
10b03bb24	10b03bb9f	decompiled	chunks/002/functions-000147.c		
10b03bba0	10b03bbab	decompiled	chunks/002/functions-000147.c		
10b03bbac	10b03bc27	decompiled	chunks/002/functions-000147.c		
10b03bc28	10b03bc33	decompiled	chunks/002/functions-000147.c		
10b03bc34	10b03bcaf	decompiled	chunks/002/functions-000147.c		
10b03bcb0	10b03bcbb	decompiled	chunks/002/functions-000147.c		
10b03bcbc	10b03bd37	decompiled	chunks/002/functions-000147.c		
10b03bd38	10b03bd43	decompiled	chunks/002/functions-000147.c		
10b03bd44	10b03bdbf	decompiled	chunks/002/functions-000147.c		
10b03bdc0	10b03bdcb	decompiled	chunks/002/functions-000147.c		
10b03bdcc	10b03be47	decompiled	chunks/002/functions-000147.c		
10b03be48	10b03be53	decompiled	chunks/002/functions-000147.c		
10b03be54	10b03becf	decompiled	chunks/002/functions-000147.c		
10b03bed0	10b03bedb	decompiled	chunks/002/functions-000147.c		
10b03bedc	10b03bf57	decompiled	chunks/002/functions-000147.c		
10b03bf58	10b03bf63	decompiled	chunks/002/functions-000147.c		
10b03bf64	10b03bfdf	decompiled	chunks/002/functions-000147.c		
10b03bfe0	10b03bfeb	decompiled	chunks/002/functions-000147.c		
10b03bfec	10b03c067	decompiled	chunks/002/functions-000147.c		
10b03c068	10b03c073	decompiled	chunks/002/functions-000147.c		
10b03c074	10b03c0ef	decompiled	chunks/002/functions-000147.c		
10b03c0f0	10b03c0fb	decompiled	chunks/002/functions-000147.c		
10b03c0fc	10b03c177	decompiled	chunks/002/functions-000147.c	+[PublisherMetadata descriptor]	
10b03c178	10b03c1f3	decompiled	chunks/002/functions-000147.c	+[Tags descriptor]	
10b03c1f4	10b03c25b	decompiled	chunks/002/functions-000147.c	+[MediaLibraryMediaIds descriptor]	
10b03c25c	10b03c2c3	decompiled	chunks/002/functions-000147.c	+[MediaInfo descriptor]	
10b03c2c4	10b03c32b	decompiled	chunks/002/functions-000147.c	+[HourMin descriptor]	
10b03c32c	10b03c393	decompiled	chunks/002/functions-000147.c	+[IMPAddressV2 descriptor]	
10b03c394	10b03c3fb	decompiled	chunks/002/functions-000147.c	+[STODiscoverChannelFilter descriptor]	
10b03c3fc	10b03c463	decompiled	chunks/002/functions-000147.c	+[STODiscoverChannelMetadata descriptor]	
10b03c464	10b03c4cb	decompiled	chunks/002/functions-000147.c	+[HNCategoryID descriptor]	
10b03c4cc	10b03c5af	decompiled	chunks/002/functions-000147.c	+[HNCategory descriptor]	
10b03c5b0	10b03c5bb	decompiled	chunks/002/functions-000147.c		
10b03c5bc	10b03c637	decompiled	chunks/002/functions-000147.c		
10b03c638	10b03c64f	decompiled	chunks/002/functions-000147.c		
10b03c650	10b03c733	decompiled	chunks/002/functions-000147.c	+[ContentTag descriptor]	
10b03c734	10b03c73f	decompiled	chunks/002/functions-000147.c		
10b03c740	10b03c7bb	decompiled	chunks/002/functions-000147.c		
10b03c7bc	10b03c7c7	decompiled	chunks/002/functions-000147.c		
10b03c7c8	10b03c843	decompiled	chunks/002/functions-000147.c		
10b03c844	10b03c84f	decompiled	chunks/002/functions-000147.c		
10b03c850	10b03c8cb	decompiled	chunks/002/functions-000147.c		
10b03c8cc	10b03c8d7	decompiled	chunks/002/functions-000147.c		
10b03c8d8	10b03c953	decompiled	chunks/002/functions-000147.c		
10b03c954	10b03c95f	decompiled	chunks/002/functions-000147.c		
10b03c960	10b03c9db	decompiled	chunks/002/functions-000147.c		
10b03c9dc	10b03c9e7	decompiled	chunks/002/functions-000147.c		
10b03c9e8	10b03ca63	decompiled	chunks/002/functions-000147.c		
10b03ca64	10b03ca6f	decompiled	chunks/002/functions-000147.c		
10b03ca70	10b03caeb	decompiled	chunks/002/functions-000147.c		
10b03caec	10b03caf7	decompiled	chunks/002/functions-000147.c		
10b03caf8	10b03cb73	decompiled	chunks/002/functions-000147.c		
10b03cb74	10b03cbd3	decompiled	chunks/002/functions-000147.c		
10b03cbd4	10b03cc4f	decompiled	chunks/002/functions-000147.c		
10b03cc50	10b03cc5b	decompiled	chunks/002/functions-000147.c		
10b03cc5c	10b03ccc3	decompiled	chunks/002/functions-000147.c	+[IMPContentIdentifierV2 descriptor]	
10b03ccc4	10b03cd2b	decompiled	chunks/002/functions-000147.c	+[IMPContentIdentifiersUpdateV2 descriptor]	
10b03cd2c	10b03cdb7	decompiled	chunks/002/functions-000147.c	+[IMPThirdPartyProfile descriptor]	
10b03cdb8	10b03ce1f	decompiled	chunks/002/functions-000147.c	+[IMPInstagramProfile descriptor]	
10b03ce20	10b03ce87	decompiled	chunks/002/functions-000147.c	+[IMPYouTubeProfile descriptor]	
10b03ce88	10b03ceef	decompiled	chunks/002/functions-000147.c	+[IMPTikTokProfile descriptor]	
10b03cef0	10b03cf57	decompiled	chunks/002/functions-000147.c	+[IMPLinkTreeProfile descriptor]	
10b03cf58	10b03cfbf	decompiled	chunks/002/functions-000147.c	+[IMPFacebookProfile descriptor]	
10b03cfc0	10b03d0a3	decompiled	chunks/002/functions-000147.c	+[IMPOnlyFansProfile descriptor]	
10b03d0a4	10b03d0bb	decompiled	chunks/002/functions-000147.c		
10b03d0bc	10b03d123	decompiled	chunks/002/functions-000147.c	+[IMPTimeRange descriptor]	
10b03d124	10b03d18b	decompiled	chunks/002/functions-000147.c	+[IMPBusinessStoryMetrics descriptor]	
10b03d18c	10b03d1f3	decompiled	chunks/002/functions-000147.c	+[IMPSnapProSnapAddedHydrationMetadata descriptor]	
10b03d1f4	10b03d25b	decompiled	chunks/002/functions-000147.c	+[IMPSnapProSnapDeletedHydrationMetadata descriptor]	
10b03d25c	10b03d2d7	decompiled	chunks/002/functions-000147.c	+[IMPEncryptedThumbnailInfo descriptor]	
10b03d2d8	10b03d2ef	decompiled	chunks/002/functions-000147.c		
10b03d2f0	10b03d36b	decompiled	chunks/002/functions-000147.c		
10b03d36c	10b03d377	decompiled	chunks/002/functions-000147.c		
10b03d378	10b03d3f3	decompiled	chunks/002/functions-000147.c		
10b03d3f4	10b03d40b	decompiled	chunks/002/functions-000147.c		
10b03d40c	10b03d487	decompiled	chunks/002/functions-000147.c		
10b03d488	10b03d493	decompiled	chunks/002/functions-000147.c		
10b03d494	10b03d50f	decompiled	chunks/002/functions-000147.c		
10b03d510	10b03d51b	decompiled	chunks/002/functions-000147.c		
10b03d51c	10b03d597	decompiled	chunks/002/functions-000147.c		
10b03d598	10b03d5a3	decompiled	chunks/002/functions-000148.c		
10b03d5a4	10b03d60b	decompiled	chunks/002/functions-000148.c	+[IMPAdsAuthorizeActionsResponse descriptor]	
10b03d60c	10b03d673	decompiled	chunks/002/functions-000148.c	+[IMPAdsMyOrganization descriptor]	
10b03d674	10b03d6db	decompiled	chunks/002/functions-000148.c	+[IMPAdsMyOrganizationSubResponse descriptor]	
10b03d6dc	10b03d743	decompiled	chunks/002/functions-000148.c	+[IMPAdsPagination descriptor]	
10b03d744	10b03d7ab	decompiled	chunks/002/functions-000148.c	+[IMPAdsMyOrganizationsListResponse descriptor]	
10b03d7ac	10b03d813	decompiled	chunks/002/functions-000148.c	+[IMPAdsMyBusinessAccount descriptor]	
10b03d814	10b03d87b	decompiled	chunks/002/functions-000148.c	+[IMPAdsAdsBusinessAccount descriptor]	
10b03d87c	10b03d8e3	decompiled	chunks/002/functions-000148.c	+[IMPAdsAdsBusinessAccountSubResponse descriptor]	
10b03d8e4	10b03d94b	decompiled	chunks/002/functions-000148.c	+[IMPAdsAdsBusinessAccountsResponse descriptor]	
10b03d94c	10b03d9b3	decompiled	chunks/002/functions-000148.c	+[IMPAdsAddRolesRequest descriptor]	
10b03d9b4	10b03da1b	decompiled	chunks/002/functions-000148.c	+[IMPAdsRole descriptor]	
10b03da1c	10b03da83	decompiled	chunks/002/functions-000148.c	+[IMPAdsRoleInfo descriptor]	
10b03da84	10b03daeb	decompiled	chunks/002/functions-000148.c	+[IMPAdsRoleSubResponse descriptor]	
10b03daec	10b03db53	decompiled	chunks/002/functions-000148.c	+[IMPAdsRolesResponse descriptor]	
10b03db54	10b03dbbb	decompiled	chunks/002/functions-000148.c	+[IMPAdsPaging descriptor]	
10b03dbbc	10b03dc23	decompiled	chunks/002/functions-000148.c	+[IMPAdsMember descriptor]	
10b03dc24	10b03dc8b	decompiled	chunks/002/functions-000148.c	+[IMPAdsCreateMemberRequest descriptor]	
10b03dc8c	10b03dcf3	decompiled	chunks/002/functions-000148.c	+[IMPAdsMemberSubResponse descriptor]	
10b03dcf4	10b03dd5b	decompiled	chunks/002/functions-000148.c	+[IMPAdsMembersResponse descriptor]	
10b03dd5c	10b03ddc3	decompiled	chunks/002/functions-000148.c	+[IMPAdsCreateOrganizationRequest descriptor]	
10b03ddc4	10b03de2b	decompiled	chunks/002/functions-000148.c	+[IMPAdsCreateOrganizationsRequest descriptor]	
10b03de2c	10b03de93	decompiled	chunks/002/functions-000148.c	+[IMPAdsCreatedAdsBusinessAccount descriptor]	
10b03de94	10b03defb	decompiled	chunks/002/functions-000148.c	+[IMPAdsCreatedOrganization descriptor]	
10b03defc	10b03df63	decompiled	chunks/002/functions-000148.c	+[IMPAdsCreateOrganizationsSubResponse descriptor]	
10b03df64	10b03dfcb	decompiled	chunks/002/functions-000148.c	+[IMPAdsCreateOrganizationsResponse descriptor]	
10b03dfcc	10b03e033	decompiled	chunks/002/functions-000148.c	+[IMPAdsProfilesOnboardingRequest descriptor]	
10b03e034	10b03e09b	decompiled	chunks/002/functions-000148.c	+[IMPAdsProfileOnboardingRequest descriptor]	
10b03e09c	10b03e103	decompiled	chunks/002/functions-000148.c	+[IMPAdsProfileOnboardingParams descriptor]	
10b03e104	10b03e16b	decompiled	chunks/002/functions-000148.c	+[IMPAdsCreateAdsBusinessAccountRequest descriptor]	
10b03e16c	10b03e1d3	decompiled	chunks/002/functions-000148.c	+[IMPAdsCreateAdsBusinessAccountsRequest descriptor]	
10b03e1d4	10b03e23b	decompiled	chunks/002/functions-000148.c	+[IMPAdsCreateAdsBusinessAccountSubResponse descriptor]	
10b03e23c	10b03e2a3	decompiled	chunks/002/functions-000148.c	+[IMPAdsCreateAdsBusinessAccountsResponse descriptor]	
10b03e2a4	10b03e30b	decompiled	chunks/002/functions-000148.c	+[IMPAdsDiscoverStoryMetadata descriptor]	
10b03e30c	10b03e373	decompiled	chunks/002/functions-000148.c	+[IMPAdsAdsInventoryItem descriptor]	
10b03e374	10b03e3db	decompiled	chunks/002/functions-000148.c	+[IMPAdsAdsInventoryItemsRequest descriptor]	
10b03e3dc	10b03e443	decompiled	chunks/002/functions-000148.c	+[IMPAdsAdsInventoryItemSubResponse descriptor]	
10b03e444	10b03e4ab	decompiled	chunks/002/functions-000148.c	+[IMPAdsAdsInventoryItemsResponse descriptor]	
10b03e4ac	10b03e513	decompiled	chunks/002/functions-000148.c	+[IMPAdsOrganizationsResponse descriptor]	
10b03e514	10b03e57b	decompiled	chunks/002/functions-000148.c	+[IMPAdsOrganizationSubResponse descriptor]	
10b03e57c	10b03e5f7	decompiled	chunks/002/functions-000148.c	+[IMPAdsOrganization descriptor]	
10b03e5f8	10b03e65f	decompiled	chunks/002/functions-000148.c	+[IMPAdsAdsInventoryBundle descriptor]	
10b03e660	10b03e6c7	decompiled	chunks/002/functions-000148.c	+[IMPAdsAdsInventoryBundlesRequest descriptor]	
10b03e6c8	10b03e72f	decompiled	chunks/002/functions-000148.c	+[IMPAdsAdsInventoryBundleSubResponse descriptor]	
10b03e730	10b03e797	decompiled	chunks/002/functions-000148.c	+[IMPAdsAdsInventoryBundlesResponse descriptor]	
10b03e798	10b03e7ff	decompiled	chunks/002/functions-000148.c	+[IMPAdsAdsInventoryBundleItemMapping descriptor]	
10b03e800	10b03e867	decompiled	chunks/002/functions-000148.c	+[IMPAdsAdsInventoryBundleItemMappingRequest descriptor]	
10b03e868	10b03e8cf	decompiled	chunks/002/functions-000148.c	+[IMPAdsAdsInventoryBundleItemMappingSubResponse descriptor]	
10b03e8d0	10b03e937	decompiled	chunks/002/functions-000148.c	+[IMPAdsAdsInventoryBundleItemMappingResponse descriptor]	
10b03e938	10b03e99f	decompiled	chunks/002/functions-000148.c	+[IMPAdsListAdsInventoryBundleItemMappingsRequest descriptor]	
10b03e9a0	10b03ea07	decompiled	chunks/002/functions-000148.c	+[IMPAdsListAdsInventoryBundleItemMappingsResponse descriptor]	
10b03ea08	10b03ea6f	decompiled	chunks/002/functions-000148.c	+[IMPAdsDeleteAdsInventoryBundleItemMappingRequest descriptor]	
10b03ea70	10b03eb53	decompiled	chunks/002/functions-000148.c	+[IMPAdsDeleteAdsInventoryBundleItemMappingResponse descriptor]	
10b03eb54	10b03eb5f	decompiled	chunks/002/functions-000148.c		
10b03eb60	10b03ebdb	decompiled	chunks/002/functions-000148.c		
10b03ebdc	10b03ebe7	decompiled	chunks/002/functions-000148.c		
10b03ebe8	10b03ec63	decompiled	chunks/002/functions-000148.c		
10b03ec64	10b03ec6f	decompiled	chunks/002/functions-000148.c		
10b03ec70	10b03eceb	decompiled	chunks/002/functions-000148.c		
10b03ecec	10b03ecf7	decompiled	chunks/002/functions-000148.c		
10b03ecf8	10b03ed73	decompiled	chunks/002/functions-000148.c		
10b03ed74	10b03ed7f	decompiled	chunks/002/functions-000148.c		
10b03ed80	10b03edfb	decompiled	chunks/002/functions-000148.c		
10b03edfc	10b03ee07	decompiled	chunks/002/functions-000148.c		
10b03ee08	10b03ee83	decompiled	chunks/002/functions-000148.c		
10b03ee84	10b03ee8f	decompiled	chunks/002/functions-000148.c		
10b03ee90	10b03ef0b	decompiled	chunks/002/functions-000148.c		
10b03ef0c	10b03ef23	decompiled	chunks/002/functions-000148.c		
10b03ef24	10b03ef8b	decompiled	chunks/002/functions-000148.c	+[IMPPortfolioInfo descriptor]	
10b03ef8c	10b03eff3	decompiled	chunks/002/functions-000148.c	+[IMPPortfolios descriptor]	
10b03eff4	10b03f05b	decompiled	chunks/002/functions-000148.c	+[IMPStoryPortfolio descriptor]	
10b03f05c	10b03f0c3	decompiled	chunks/002/functions-000148.c	+[IMPPortfolioSnap descriptor]	
10b03f0c4	10b03f12b	decompiled	chunks/002/functions-000148.c	+[IMPLensPortfolio descriptor]	
10b03f12c	10b03f193	decompiled	chunks/002/functions-000148.c	+[IMPLens descriptor]	
10b03f194	10b03f1fb	decompiled	chunks/002/functions-000148.c	+[IMPLensPack descriptor]	
10b03f1fc	10b03f287	decompiled	chunks/002/functions-000148.c	+[IMPCreatePortfolioRequest descriptor]	
10b03f288	10b03f313	decompiled	chunks/002/functions-000148.c	+[IMPCreatePortfolioResponse descriptor]	
10b03f314	10b03f37b	decompiled	chunks/002/functions-000148.c	+[IMPGetPortfolioRequest descriptor]	
10b03f37c	10b03f407	decompiled	chunks/002/functions-000148.c	+[IMPGetPortfolioResponse descriptor]	
10b03f408	10b03f493	decompiled	chunks/002/functions-000148.c	+[IMPUpdatePortfolioRequest descriptor]	
10b03f494	10b03f51f	decompiled	chunks/002/functions-000148.c	+[IMPUpdatePortfolioResponse descriptor]	
10b03f520	10b03f587	decompiled	chunks/002/functions-000148.c	+[IMPListAllPortfoliosRequest descriptor]	
10b03f588	10b03f66b	decompiled	chunks/002/functions-000148.c	+[IMPListAllPortfoliosResponse descriptor]	
10b03f66c	10b03f677	decompiled	chunks/002/functions-000148.c		
10b03f678	10b03f6df	decompiled	chunks/002/functions-000148.c	+[CreateOrUpdateLensPackRequest descriptor]	
10b03f6e0	10b03f747	decompiled	chunks/002/functions-000148.c	+[CreateOrUpdateLensPackResponse descriptor]	
10b03f748	10b03f7af	decompiled	chunks/002/functions-000148.c	+[DeleteLensPackRequest descriptor]	
10b03f7b0	10b03f817	decompiled	chunks/002/functions-000148.c	+[DeleteLensPackResponse descriptor]	
10b03f818	10b03f87f	decompiled	chunks/002/functions-000148.c	+[GetLensPacksRequest descriptor]	
10b03f880	10b03f8e7	decompiled	chunks/002/functions-000148.c	+[GetLensPacksResponse descriptor]	
10b03f8e8	10b03f9cb	decompiled	chunks/002/functions-000148.c	+[LensPack descriptor]	
10b03f9cc	10b03f9d7	decompiled	chunks/002/functions-000148.c		
10b03f9d8	10b03fa43	decompiled	chunks/002/functions-000148.c	+[SCLensesPbPreSubmitRequest descriptor]	
10b03fa44	10b03faab	decompiled	chunks/002/functions-000148.c	+[SCLensesPbPreSubmitResponse descriptor]	
10b03faac	10b03fb13	decompiled	chunks/002/functions-000148.c	+[SCLensesPbGetLensStudioUserProfileRequest descriptor]	
10b03fb14	10b03fb8f	decompiled	chunks/002/functions-000148.c	+[SCLensesPbGetLensStudioUserProfileResponse descriptor]	
10b03fb90	10b03fbf7	decompiled	chunks/002/functions-000148.c	+[SCLensesPbGetPreSubmissionInfoRequest descriptor]	
10b03fbf8	10b03fc77	decompiled	chunks/002/functions-000148.c	+[SCLensesPbGetPreSubmissionInfoResponse descriptor]	
10b03fc78	10b03fd0b	decompiled	chunks/002/functions-000148.c	+[SCLensesPbGetPreSubmissionInfoResponse_PreviewMediaReference descriptor]	
10b03fd0c	10b03fd8f	decompiled	chunks/002/functions-000148.c	+[SCLensesPbGetPreSubmissionInfoResponse_SubmissionValidationError descriptor]	
10b03fd90	10b03fdf7	decompiled	chunks/002/functions-000149.c	+[SCLensesPbGetLensRequest descriptor]	
10b03fdf8	10b03fe5f	decompiled	chunks/002/functions-000149.c	+[SCLensesPbGetLensResponse descriptor]	
10b03fe60	10b03fecb	decompiled	chunks/002/functions-000149.c	+[SCLensesPbGetLensesRequest descriptor]	
10b03fecc	10b03ff33	decompiled	chunks/002/functions-000149.c	+[SCLensesPbGetRolesRequest descriptor]	
10b03ff34	10b03ff9b	decompiled	chunks/002/functions-000149.c	+[SCLensesPbGetRolesResponse descriptor]	
10b03ff9c	10b040003	decompiled	chunks/002/functions-000149.c	+[SCLensesPbGetLensesResponse descriptor]	
10b040004	10b04006b	decompiled	chunks/002/functions-000149.c	+[SCLensesPbGetLensesWithDigitalGoodsRequest descriptor]	
10b04006c	10b0400d3	decompiled	chunks/002/functions-000149.c	+[SCLensesPbGetLensesWithDigitalGoodsResponse descriptor]	
10b0400d4	10b04013b	decompiled	chunks/002/functions-000149.c	+[SCLensesPbGetSubmissionErrorsRequest descriptor]	
10b04013c	10b0401a3	decompiled	chunks/002/functions-000149.c	+[SCLensesPbGetSubmissionErrorsResponse descriptor]	
10b0401a4	10b04020b	decompiled	chunks/002/functions-000149.c	+[SCLensesPbGetScanTriggersRequest descriptor]	
10b04020c	10b040273	decompiled	chunks/002/functions-000149.c	+[SCLensesPbGetScanTriggersResponse descriptor]	
10b040274	10b0402db	decompiled	chunks/002/functions-000149.c	+[SCLensesPbGetLensCategoryListRequest descriptor]	
10b0402dc	10b040343	decompiled	chunks/002/functions-000149.c	+[SCLensesPbGetLensCategoryListResponse descriptor]	
10b040344	10b0403ab	decompiled	chunks/002/functions-000149.c	+[SCLensesPbGetOrganizationsRequest descriptor]	
10b0403ac	10b040413	decompiled	chunks/002/functions-000149.c	+[SCLensesPbGetOrganizationsResponse descriptor]	
10b040414	10b04047b	decompiled	chunks/002/functions-000149.c	+[SCLensesPbGetOrganizationsAvailableForLensSpaceCreationRequest descriptor]	
10b04047c	10b0404e3	decompiled	chunks/002/functions-000149.c	+[SCLensesPbGetOrganizationsAvailableForLensSpaceCreationResponse descriptor]	
10b0404e4	10b04054b	decompiled	chunks/002/functions-000149.c	+[SCLensesPbGetUserProfileRequest descriptor]	
10b04054c	10b0405cb	decompiled	chunks/002/functions-000149.c	+[SCLensesPbGetUserProfileResponse descriptor]	
10b0405cc	10b040657	decompiled	chunks/002/functions-000149.c	+[SCLensesPbCreateOrUpdateLensRequest descriptor]	
10b040658	10b0406df	decompiled	chunks/002/functions-000149.c	+[SCLensesPbCreateOrUpdateLensRequest_Metadata descriptor]	
10b0406e0	10b040747	decompiled	chunks/002/functions-000149.c	+[SCLensesPbCreateLensSpaceRequest descriptor]	
10b040748	10b0407af	decompiled	chunks/002/functions-000149.c	+[SCLensesPbCreateOrganizationAndLensSpaceRequest descriptor]	
10b0407b0	10b040817	decompiled	chunks/002/functions-000149.c	+[SCLensesPbCreateLensSpaceResponse descriptor]	
10b040818	10b04087f	decompiled	chunks/002/functions-000149.c	+[SCLensesPbCreateOrganizationAndLensSpaceResponse descriptor]	
10b040880	10b0408e7	decompiled	chunks/002/functions-000149.c	+[SCLensesPbCreateOrUpdateLensResponse descriptor]	
10b0408e8	10b04094f	decompiled	chunks/002/functions-000149.c	+[SCLensesPbSetLensCategoryRequest descriptor]	
10b040950	10b0409b7	decompiled	chunks/002/functions-000149.c	+[SCLensesPbSetLensCategoryResponse descriptor]	
10b0409b8	10b040a1f	decompiled	chunks/002/functions-000149.c	+[SCLensesPbSetLensCtaRequest descriptor]	
10b040a20	10b040a87	decompiled	chunks/002/functions-000149.c	+[SCLensesPbSetLensCtaResponse descriptor]	
10b040a88	10b040aef	decompiled	chunks/002/functions-000149.c	+[SCLensesPbSetTagsRequest descriptor]	
10b040af0	10b040b57	decompiled	chunks/002/functions-000149.c	+[SCLensesPbSetTagsResponse descriptor]	
10b040b58	10b040bbf	decompiled	chunks/002/functions-000149.c	+[SCLensesPbSetScanTriggersRequest descriptor]	
10b040bc0	10b040c27	decompiled	chunks/002/functions-000149.c	+[SCLensesPbSetScanTriggersResponse descriptor]	
10b040c28	10b040c8f	decompiled	chunks/002/functions-000149.c	+[SCLensesPbSetVisibilityRequest descriptor]	
10b040c90	10b040cf7	decompiled	chunks/002/functions-000149.c	+[SCLensesPbSetVisibilityResponse descriptor]	
10b040cf8	10b040d83	decompiled	chunks/002/functions-000149.c	+[SCLensesPbSetLensPreviewRequest descriptor]	
10b040d84	10b040e07	decompiled	chunks/002/functions-000149.c	+[SCLensesPbSetLensPreviewRequest_Metadata descriptor]	
10b040e08	10b040e6f	decompiled	chunks/002/functions-000149.c	+[SCLensesPbSetLensPreviewResponse descriptor]	
10b040e70	10b040efb	decompiled	chunks/002/functions-000149.c	+[SCLensesPbFinalizeBusinessLensRequest descriptor]	
10b040efc	10b040f7f	decompiled	chunks/002/functions-000149.c	+[SCLensesPbFinalizeBusinessLensRequest_Metadata descriptor]	
10b040f80	10b040fe7	decompiled	chunks/002/functions-000149.c	+[SCLensesPbFinalizeBusinessLensResponse descriptor]	
10b040fe8	10b04104f	decompiled	chunks/002/functions-000149.c	+[SCLensesPbRefreshBusinessLensSnapcodeExpirationRequest descriptor]	
10b041050	10b0410b7	decompiled	chunks/002/functions-000149.c	+[SCLensesPbRefreshBusinessLensSnapcodeExpirationResponse descriptor]	
10b0410b8	10b04111f	decompiled	chunks/002/functions-000149.c	+[SCLensesPbDeleteLensRequest descriptor]	
10b041120	10b041187	decompiled	chunks/002/functions-000149.c	+[SCLensesPbDeleteLensResponse descriptor]	
10b041188	10b0411ef	decompiled	chunks/002/functions-000149.c	+[SCLensesPbGetPriceTiersRequest descriptor]	
10b0411f0	10b041257	decompiled	chunks/002/functions-000149.c	+[SCLensesPbGetPriceTiersResponse descriptor]	
10b041258	10b0412bf	decompiled	chunks/002/functions-000149.c	+[SCLensesPbSetDigitalGoodsRequest descriptor]	
10b0412c0	10b041327	decompiled	chunks/002/functions-000149.c	+[SCLensesPbSetDigitalGoodsResponse descriptor]	
10b041328	10b04138f	decompiled	chunks/002/functions-000149.c	+[SCLensesPbSetLensDiscoverabilityRequest descriptor]	
10b041390	10b0413f7	decompiled	chunks/002/functions-000149.c	+[SCLensesPbSetLensDiscoverabilityResponse descriptor]	
10b0413f8	10b04145f	decompiled	chunks/002/functions-000149.c	+[SCLensesPbSetLensCreatorPayoutEnrollmentRequest descriptor]	
10b041460	10b0414c7	decompiled	chunks/002/functions-000149.c	+[SCLensesPbSetLensCreatorPayoutEnrollmentResponse descriptor]	
10b0414c8	10b04152f	decompiled	chunks/002/functions-000149.c	+[SCLensesPbGetIldgEligibilityRequest descriptor]	
10b041530	10b041597	decompiled	chunks/002/functions-000149.c	+[SCLensesPbGetIldgEligibilityResponse descriptor]	
10b041598	10b0415ff	decompiled	chunks/002/functions-000149.c	+[SCLensesPbBusinessApiCloneRequest descriptor]	
10b041600	10b041667	decompiled	chunks/002/functions-000149.c	+[SCLensesPbBusinessApiCloneResponse descriptor]	
10b041668	10b0416cf	decompiled	chunks/002/functions-000149.c	+[SCLensesPbBusinessApiDeleteRequest descriptor]	
10b0416d0	10b041737	decompiled	chunks/002/functions-000149.c	+[SCLensesPbBusinessApiDeleteResponse descriptor]	
10b041738	10b0417b3	decompiled	chunks/002/functions-000149.c	+[SCLensesPbBusinessApiUploadPreviewMediaRequest descriptor]	
10b0417b4	10b04181b	decompiled	chunks/002/functions-000149.c	+[SCLensesPbBusinessApiUploadPreviewMediaResponse descriptor]	
10b04181c	10b041883	decompiled	chunks/002/functions-000149.c	+[SCLensesPbGetLensMetadataByUnlockableIdRequest descriptor]	
10b041884	10b0418ef	decompiled	chunks/002/functions-000149.c	+[SCLensesPbGetLensMetadataByUnlockableIdResponse descriptor]	
10b0418f0	10b041957	decompiled	chunks/002/functions-000149.c	+[SCLensesPbGetLensesByLensIdsRequest descriptor]	
10b041958	10b0419bf	decompiled	chunks/002/functions-000149.c	+[SCLensesPbGetLensesByLensIdsResponse descriptor]	
10b0419c0	10b041a2b	decompiled	chunks/002/functions-000149.c	+[SCLensesPbSingleLensResponse descriptor]	
10b041a2c	10b041a97	decompiled	chunks/002/functions-000149.c	+[SCLensesPbGetProfileLensesRequest descriptor]	
10b041a98	10b041aff	decompiled	chunks/002/functions-000149.c	+[SCLensesPbGetProfileLensesResponse descriptor]	
10b041b00	10b041b67	decompiled	chunks/002/functions-000149.c	+[SCLensesPbBusinessApiSetVisibilityRequest descriptor]	
10b041b68	10b041bcf	decompiled	chunks/002/functions-000149.c	+[SCLensesPbBusinessApiSetVisibilityResponse descriptor]	
10b041bd0	10b041c3b	decompiled	chunks/002/functions-000149.c	+[SCLensesPbBusinessApiSetLensCategoryRequest descriptor]	
10b041c3c	10b041ca3	decompiled	chunks/002/functions-000149.c	+[SCLensesPbBusinessApiSetLensCategoryResponse descriptor]	
10b041ca4	10b041d0b	decompiled	chunks/002/functions-000149.c	+[SCLensesPbBusinessApiSetLensCtaRequest descriptor]	
10b041d0c	10b041d73	decompiled	chunks/002/functions-000149.c	+[SCLensesPbBusinessApiSetLensCtaResponse descriptor]	
10b041d74	10b041ddb	decompiled	chunks/002/functions-000149.c	+[SCLensesPbVerifyAdAccountMembershipRequest descriptor]	
10b041ddc	10b041e43	decompiled	chunks/002/functions-000149.c	+[SCLensesPbVerifyAdAccountMembershipResponse descriptor]	
10b041e44	10b041eab	decompiled	chunks/002/functions-000149.c	+[SCLensesPbVerifyBusinessProfileMembershipRequest descriptor]	
10b041eac	10b041f13	decompiled	chunks/002/functions-000149.c	+[SCLensesPbVerifyBusinessProfileMembershipResponse descriptor]	
10b041f14	10b041f93	decompiled	chunks/002/functions-000149.c	+[SCLensesPbPublishLensToAdAccountRequest descriptor]	
10b041f94	10b042017	decompiled	chunks/002/functions-000149.c	+[SCLensesPbPublishLensToAdAccountRequest_LensGcsLink descriptor]	
10b042018	10b04207f	decompiled	chunks/002/functions-000149.c	+[SCLensesPbPublishLensToAdAccountResponse descriptor]	
10b042080	10b0420ff	decompiled	chunks/002/functions-000149.c	+[SCLensesPbPublishLensToBusinessProfileRequest descriptor]	
10b042100	10b042183	decompiled	chunks/002/functions-000149.c	+[SCLensesPbPublishLensToBusinessProfileRequest_LensGcsLink descriptor]	
10b042184	10b0421eb	decompiled	chunks/002/functions-000149.c	+[SCLensesPbPublishLensToBusinessProfileResponse descriptor]	
10b0421ec	10b042257	decompiled	chunks/002/functions-000149.c	+[SCLensesPbPublishGenericShoppingLensRequest descriptor]	
10b042258	10b0422db	decompiled	chunks/002/functions-000149.c	+[SCLensesPbPublishGenericShoppingLensRequest_LensGcsLink descriptor]	
10b0422dc	10b042343	decompiled	chunks/002/functions-000149.c	+[SCLensesPbPublishGenericShoppingLensResponse descriptor]	
10b042344	10b0423d3	decompiled	chunks/002/functions-000149.c	+[SCLensesPbShoppingLensInboundMessage descriptor]	
10b0423d4	10b04243b	decompiled	chunks/002/functions-000149.c	+[SCLensesPbGetLensSpacesMetadataRequest descriptor]	
10b04243c	10b0424a3	decompiled	chunks/002/functions-000149.c	+[SCLensesPbGetLensSpacesMetadataResponse descriptor]	
10b0424a4	10b04250f	decompiled	chunks/002/functions-000149.c	+[SCLensesPbGetLensSpaceLensesRequest descriptor]	
10b042510	10b042577	decompiled	chunks/002/functions-000149.c	+[SCLensesPbGetLensSpaceLensesResponse descriptor]	
10b042578	10b0425e3	decompiled	chunks/002/functions-000149.c	+[SCLensesPbGetLegacyLensesRequest descriptor]	
10b0425e4	10b04264b	decompiled	chunks/002/functions-000149.c	+[SCLensesPbGetLegacyLensesResponse descriptor]	
10b04264c	10b0426b3	decompiled	chunks/002/functions-000149.c	+[SCLensesPbSetDescriptionRequest descriptor]	
10b0426b4	10b042797	decompiled	chunks/002/functions-000149.c	+[SCLensesPbSetDescriptionResponse descriptor]	
10b042798	10b0427a3	decompiled	chunks/002/functions-000149.c		
10b0427a4	10b04281f	decompiled	chunks/002/functions-000149.c		
