address	end_address	status	pseudocode_file	runtime_label	error
10b042820	10b04282b	decompiled	chunks/002/functions-000150.c		
10b04282c	10b0428a7	decompiled	chunks/002/functions-000150.c		
10b0428a8	10b0428b3	decompiled	chunks/002/functions-000150.c		
10b0428b4	10b04292f	decompiled	chunks/002/functions-000150.c		
10b042930	10b04293b	decompiled	chunks/002/functions-000150.c		
10b04293c	10b0429b7	decompiled	chunks/002/functions-000150.c		
10b0429b8	10b0429c3	decompiled	chunks/002/functions-000150.c		
10b0429c4	10b042a3f	decompiled	chunks/002/functions-000150.c	+[LensMetaInfo descriptor]	
10b042a40	10b042abb	decompiled	chunks/002/functions-000150.c	+[LensMetaInfo_Context descriptor]	
10b042abc	10b042b37	decompiled	chunks/002/functions-000150.c	+[LensMetaInfo_StudioVersion descriptor]	
10b042b38	10b042bb3	decompiled	chunks/002/functions-000150.c	+[LensMetaInfo_MlAsset descriptor]	
10b042bb4	10b042c2f	decompiled	chunks/002/functions-000150.c	+[LensMetaInfo_SnapTrackInfo descriptor]	
10b042c30	10b042cbb	decompiled	chunks/002/functions-000150.c	+[LensMetaInfo_FromTemplate descriptor]	
10b042cbc	10b042d37	decompiled	chunks/002/functions-000150.c	+[LensMetaInfo_CustomComponents descriptor]	
10b042d38	10b042db3	decompiled	chunks/002/functions-000150.c	+[LensMetaInfo_AssetPackages descriptor]	
10b042db4	10b042e2f	decompiled	chunks/002/functions-000150.c	+[LensMetaInfo_VoicemlLensInfo descriptor]	
10b042e30	10b042eab	decompiled	chunks/002/functions-000150.c	+[LensMetaInfo_LensStudioMobileWebComponent descriptor]	
10b042eac	10b042f27	decompiled	chunks/002/functions-000150.c	+[LensMetaInfo_LensStudioMobileWebDataSourceReferences descriptor]	
10b042f28	10b04301f	decompiled	chunks/002/functions-000150.c	+[LensMetaInfo_EasyLensBlock descriptor]	
10b043020	10b04302b	decompiled	chunks/002/functions-000150.c		
10b04302c	10b043093	decompiled	chunks/002/functions-000150.c	+[ConnectedLensInfo descriptor]	
10b043094	10b043177	decompiled	chunks/002/functions-000150.c	+[RemoteApiInfo descriptor]	
10b043178	10b043183	decompiled	chunks/002/functions-000150.c		
10b043184	10b0431eb	decompiled	chunks/002/functions-000150.c	+[DigitalGood descriptor]	
10b0431ec	10b043253	decompiled	chunks/002/functions-000150.c	+[DigitalGoods descriptor]	
10b043254	10b0432bb	decompiled	chunks/002/functions-000150.c	+[ArShoppingMetadata descriptor]	
10b0432bc	10b043323	decompiled	chunks/002/functions-000150.c	+[Domain descriptor]	
10b043324	10b0433a7	decompiled	chunks/002/functions-000150.c	+[Domain_DomainState descriptor]	
10b0433a8	10b043423	decompiled	chunks/002/functions-000150.c		
10b043424	10b04342f	decompiled	chunks/002/functions-000150.c		
10b043430	10b0434ab	decompiled	chunks/002/functions-000150.c		
10b0434ac	10b0434b7	decompiled	chunks/002/functions-000150.c		
10b0434b8	10b043533	decompiled	chunks/002/functions-000150.c		
10b043534	10b04353f	decompiled	chunks/002/functions-000150.c		
10b043540	10b0435a7	decompiled	chunks/002/functions-000150.c	+[LensCustomizationInfo descriptor]	
10b0435a8	10b043623	decompiled	chunks/002/functions-000150.c	+[LensCustomizationInfo_GenAIAsset descriptor]	
10b043624	10b04368b	decompiled	chunks/002/functions-000150.c	+[SCLensCentralCommonPbLensSpace descriptor]	
10b04368c	10b0436f3	decompiled	chunks/002/functions-000150.c	+[SCLensCentralCommonPbOrganization descriptor]	
10b0436f4	10b04375b	decompiled	chunks/002/functions-000150.c	+[SCLensCentralCommonPbAdAccount descriptor]	
10b04375c	10b0437c3	decompiled	chunks/002/functions-000150.c	+[SCLensCentralCommonPbBusinessProfile descriptor]	
10b0437c4	10b0438a7	decompiled	chunks/002/functions-000150.c	+[SCLensCentralCommonPbLensStudioAnalytics descriptor]	
10b0438a8	10b0438b3	decompiled	chunks/002/functions-000150.c		
10b0438b4	10b04392f	decompiled	chunks/002/functions-000150.c		
10b043930	10b04393b	decompiled	chunks/002/functions-000150.c		
10b04393c	10b043a1f	decompiled	chunks/002/functions-000150.c	+[FilterBy descriptor]	
10b043a20	10b043a2b	decompiled	chunks/002/functions-000150.c		
10b043a2c	10b043ab7	decompiled	chunks/002/functions-000150.c	+[SCResourcePbLensResource descriptor]	
10b043ab8	10b043b43	decompiled	chunks/002/functions-000150.c	+[SCResourcePbLensIconResource descriptor]	
10b043b44	10b043bcf	decompiled	chunks/002/functions-000150.c	+[SCResourcePbPreviewMediaResource descriptor]	
10b043bd0	10b043cb3	decompiled	chunks/002/functions-000150.c	+[SCResourcePbLensResourceCallback descriptor]	
10b043cb4	10b043cbf	decompiled	chunks/002/functions-000150.c		
10b043cc0	10b043d3b	decompiled	chunks/002/functions-000150.c		
10b043d3c	10b043d47	decompiled	chunks/002/functions-000150.c		
10b043d48	10b043dc3	decompiled	chunks/002/functions-000150.c		
10b043dc4	10b043dcf	decompiled	chunks/002/functions-000150.c		
10b043dd0	10b043e4b	decompiled	chunks/002/functions-000150.c		
10b043e4c	10b043e57	decompiled	chunks/002/functions-000150.c		
10b043e58	10b043ed3	decompiled	chunks/002/functions-000150.c		
10b043ed4	10b043edf	decompiled	chunks/002/functions-000150.c		
10b043ee0	10b043f5b	decompiled	chunks/002/functions-000150.c		
10b043f5c	10b043f67	decompiled	chunks/002/functions-000150.c		
10b043f68	10b043fe3	decompiled	chunks/002/functions-000150.c		
10b043fe4	10b043ffb	decompiled	chunks/002/functions-000150.c		
10b043ffc	10b044077	decompiled	chunks/002/functions-000150.c		
10b044078	10b044083	decompiled	chunks/002/functions-000150.c		
10b044084	10b0440ff	decompiled	chunks/002/functions-000150.c		
10b044100	10b04410b	decompiled	chunks/002/functions-000150.c		
10b04410c	10b044187	decompiled	chunks/002/functions-000150.c		
10b044188	10b044193	decompiled	chunks/002/functions-000150.c		
10b044194	10b04420f	decompiled	chunks/002/functions-000150.c		
10b044210	10b04421b	decompiled	chunks/002/functions-000150.c		
10b04421c	10b044297	decompiled	chunks/002/functions-000150.c	+[SCLensCentralCommonPbLens descriptor]	
10b044298	10b044313	decompiled	chunks/002/functions-000150.c	+[SCLensCentralCommonPbSnapcode descriptor]	
10b044314	10b04437b	decompiled	chunks/002/functions-000150.c	+[SCLensCentralCommonPbLensRejectionErrors descriptor]	
10b04437c	10b0443f7	decompiled	chunks/002/functions-000150.c	+[SCLensCentralCommonPbPreviewMedia descriptor]	
10b0443f8	10b044483	decompiled	chunks/002/functions-000150.c	+[SCLensCentralCommonPbLensCta descriptor]	
10b044484	10b04450f	decompiled	chunks/002/functions-000150.c	+[SCLensCentralCommonPbLensCta_Website descriptor]	
10b044510	10b04459b	decompiled	chunks/002/functions-000150.c	+[SCLensCentralCommonPbLensCta_Deeplink descriptor]	
10b04459c	10b044627	decompiled	chunks/002/functions-000150.c	+[SCLensCentralCommonPbLensAccountID descriptor]	
10b044628	10b0446a3	decompiled	chunks/002/functions-000150.c	+[SCLensCentralCommonPbLensAccountID_OrganizationAndAdAccountID descriptor]	
10b0446a4	10b04470b	decompiled	chunks/002/functions-000150.c	+[SCLensCentralCommonPbDistribution descriptor]	
10b04470c	10b044773	decompiled	chunks/002/functions-000150.c	+[SCLensCentralCommonPbRole descriptor]	
10b044774	10b0447db	decompiled	chunks/002/functions-000150.c	+[SCLensCentralCommonPbSubmissionError descriptor]	
10b0447dc	10b044843	decompiled	chunks/002/functions-000150.c	+[SCLensCentralCommonPbGcsLink descriptor]	
10b044844	10b0448ab	decompiled	chunks/002/functions-000150.c	+[SCLensCentralCommonPbLensDiscoverability descriptor]	
10b0448ac	10b044913	decompiled	chunks/002/functions-000150.c	+[SCLensCentralCommonPbDistributionRestriction descriptor]	
10b044914	10b0449f7	decompiled	chunks/002/functions-000150.c	+[SCLensCentralCommonPbReleaseNote descriptor]	
10b0449f8	10b044a03	decompiled	chunks/002/functions-000150.c		
10b044a04	10b044a7f	decompiled	chunks/002/functions-000150.c		
10b044a80	10b044a8b	decompiled	chunks/002/functions-000150.c		
10b044a8c	10b044b1b	decompiled	chunks/002/functions-000150.c		
10b044b1c	10b044b27	decompiled	chunks/002/functions-000150.c		
10b044b28	10b044ba3	decompiled	chunks/002/functions-000150.c		
10b044ba4	10b044baf	decompiled	chunks/002/functions-000150.c		
10b044bb0	10b044c17	decompiled	chunks/002/functions-000150.c	+[SCLensCentralInLensPurchasePbPriceTier descriptor]	
10b044c18	10b044c7f	decompiled	chunks/002/functions-000150.c	+[SCLensCentralInLensPurchasePbDigitalGood descriptor]	
10b044c80	10b044ce7	decompiled	chunks/002/functions-000150.c	+[SCLensCentralInLensPurchasePbDigitalGoodLocalization descriptor]	
10b044ce8	10b044d4f	decompiled	chunks/002/functions-000150.c	+[SCLensCentralInLensPurchasePbIldgEligibilityBreakdown descriptor]	
10b044d50	10b044db7	decompiled	chunks/002/functions-000150.c	+[LensCentralStats descriptor]	
10b044db8	10b044e9b	decompiled	chunks/002/functions-000150.c	+[SnapchatStats descriptor]	
10b044e9c	10b044ea7	decompiled	chunks/002/functions-000151.c		
10b044ea8	10b044f0f	decompiled	chunks/002/functions-000151.c	+[LensCategoryList descriptor]	
10b044f10	10b044f77	decompiled	chunks/002/functions-000151.c	+[LensCategory descriptor]	
10b044f78	10b044fdf	decompiled	chunks/002/functions-000151.c	+[CategoryLocalization descriptor]	
10b044fe0	10b044feb	decompiled	chunks/002/functions-000151.c		
10b044fec	10b045053	decompiled	chunks/002/functions-000151.c	+[IMPReviewResult descriptor]	
10b045054	10b0450bb	decompiled	chunks/002/functions-000151.c	+[IMPProfileModerationResult descriptor]	
10b0450bc	10b045123	decompiled	chunks/002/functions-000151.c	+[IMPInternalCreateProfileModerationResultRequest descriptor]	
10b045124	10b04518b	decompiled	chunks/002/functions-000151.c	+[IMPInternalCreateProfileModerationResultResponse descriptor]	
10b04518c	10b0451f3	decompiled	chunks/002/functions-000151.c	+[IMPInternalUpdateProfileModerationResultRequest descriptor]	
10b0451f4	10b04525b	decompiled	chunks/002/functions-000151.c	+[IMPInternalUpdateProfileModerationResultResponse descriptor]	
10b04525c	10b0452c3	decompiled	chunks/002/functions-000151.c	+[IMPInternalGetProfileModerationResultsRequest descriptor]	
10b0452c4	10b04532b	decompiled	chunks/002/functions-000151.c	+[IMPInternalGetProfileModerationResultsResponse descriptor]	
10b04532c	10b045393	decompiled	chunks/002/functions-000151.c	+[IMPInternalAdminModerateProfileRequest descriptor]	
10b045394	10b0453fb	decompiled	chunks/002/functions-000151.c	+[IMPInternalAdminModerateProfileResponse descriptor]	
10b0453fc	10b045463	decompiled	chunks/002/functions-000151.c	+[IMPInternalListAllProfileModerationResultsRequest descriptor]	
10b045464	10b045547	decompiled	chunks/002/functions-000151.c	+[IMPInternalListAllProfileModerationResultsResponse descriptor]	
10b045548	10b045553	decompiled	chunks/002/functions-000151.c		
10b045554	10b0455cf	decompiled	chunks/002/functions-000151.c		
10b0455d0	10b0455db	decompiled	chunks/002/functions-000151.c		
10b0455dc	10b045657	decompiled	chunks/002/functions-000151.c		
10b045658	10b045663	decompiled	chunks/002/functions-000151.c		
10b045664	10b045747	decompiled	chunks/002/functions-000151.c	+[IMPSnapShare descriptor]	
10b045748	10b045753	decompiled	chunks/002/functions-000151.c		
10b045754	10b0457cf	decompiled	chunks/002/functions-000151.c		
10b0457d0	10b0457db	decompiled	chunks/002/functions-000151.c		
10b0457dc	10b045843	decompiled	chunks/002/functions-000151.c	+[STOVisibility descriptor]	
10b045844	10b0458df	decompiled	chunks/002/functions-000151.c	+[STOVisibility_Geofence descriptor]	
10b0458e0	10b04595b	decompiled	chunks/002/functions-000151.c	+[STOVisibility_ContentGeoAccess descriptor]	
10b04595c	10b0459d7	decompiled	chunks/002/functions-000151.c	+[STOContentAccessList descriptor]	
10b0459d8	10b045acf	decompiled	chunks/002/functions-000151.c	+[STOContentAccessLists descriptor]	
10b045ad0	10b045adb	decompiled	chunks/002/functions-000151.c		
10b045adc	10b045b43	decompiled	chunks/002/functions-000151.c	+[StoryDoc descriptor]	
10b045b44	10b045bbf	decompiled	chunks/002/functions-000151.c	+[StoryDoc_ID descriptor]	
10b045bc0	10b045c4b	decompiled	chunks/002/functions-000151.c	+[StoryEnvelope descriptor]	
10b045c4c	10b045cc7	decompiled	chunks/002/functions-000151.c		
10b045cc8	10b045cd3	decompiled	chunks/002/functions-000151.c		
10b045cd4	10b045cdf	decompiled	chunks/002/functions-000151.c	+[SCCSubscriptionWorkflowCreateGenerator modulePath]	
10b045ce0	10b045ce7	decompiled	chunks/002/functions-000151.c	+[SCCSubscriptionWorkflowCreateGenerator asyncStrictMode]	
10b045ce8	10b045d57	decompiled	chunks/002/functions-000151.c	-[SCCSubscriptionWorkflowCreateGenerator generateWorkflowWithCofStore:]	
10b045d58	10b045ec7	decompiled	chunks/002/functions-000151.c	+[SCCSubscriptionWorkflowCreateGenerator invokeWithJSRuntimeProvider:cofStore:completionHandler:]	
10b045ec8	10b045eeb	decompiled	chunks/002/functions-000151.c	+[SCCSubscriptionWorkflowCreateGenerator valdiMarshallableObjectDescriptor]	
10b045eec	10b045ef7	decompiled	chunks/002/functions-000151.c	+[SCCPublicProfilePlaybackTutorialServiceFactory modulePath]	
10b045ef8	10b045eff	decompiled	chunks/002/functions-000151.c	+[SCCPublicProfilePlaybackTutorialServiceFactory asyncStrictMode]	
10b045f00	10b045f3b	decompiled	chunks/002/functions-000151.c	-[SCCPublicProfilePlaybackTutorialServiceFactory createPublicProfilePlaybackTutorialService]	
10b045f3c	10b045fe7	decompiled	chunks/002/functions-000151.c	+[SCCPublicProfilePlaybackTutorialServiceFactory invokeWithJSRuntimeProvider:completionHandler:]	
10b045fe8	10b04606f	decompiled	chunks/002/functions-000151.c		
10b046070	10b046093	decompiled	chunks/002/functions-000151.c	+[SCCPublicProfilePlaybackTutorialServiceFactory valdiMarshallableObjectDescriptor]	
10b046094	10b0460a7	decompiled	chunks/002/functions-000151.c	+[SCCCommonProfileProfileSwitcherButtonContext valdiMarshallableObjectDescriptor]	
10b0460a8	10b0460b3	decompiled	chunks/002/functions-000151.c	+[SCCMutualFriendsPublicProfilePillContext valdiMarshallableObjectDescriptor]	
10b0460b4	10b0460c7	decompiled	chunks/002/functions-000151.c	+[SCCMutualFriendsPublicProfileSectionContext valdiMarshallableObjectDescriptor]	
10b0460c8	10b0460d3	decompiled	chunks/002/functions-000151.c	+[SCCPlusActionHandler valdiMarshallableObjectDescriptor]	
10b0460d4	10b0460e7	decompiled	chunks/002/functions-000151.c	+[SCCPublicProfilePlaybackTutorialService valdiMarshallableObjectDescriptor]	
10b0460e8	10b0460f3	decompiled	chunks/002/functions-000151.c	+[SCCreatorStoryShareActionHandling valdiMarshallableObjectDescriptor]	
10b0460f4	10b04612b	decompiled	chunks/002/functions-000151.c		
10b04612c	10b046137	decompiled	chunks/002/functions-000151.c	+[SCCreatorsCameraLaunching valdiMarshallableObjectDescriptor]	
10b046138	10b04616f	decompiled	chunks/002/functions-000151.c		
10b046170	10b04617b	decompiled	chunks/002/functions-000151.c	+[SCImpalaActivityFeedPresenting valdiMarshallableObjectDescriptor]	
10b04617c	10b0461b3	decompiled	chunks/002/functions-000151.c		
10b0461b4	10b0461d7	decompiled	chunks/002/functions-000151.c	+[SCImpalaChatActionHandling valdiMarshallableObjectDescriptor]	
10b0461d8	10b0461fb	decompiled	chunks/002/functions-000151.c		
10b0461fc	10b04624b	decompiled	chunks/002/functions-000151.c		
10b04624c	10b046283	decompiled	chunks/002/functions-000151.c		
10b046284	10b04628f	decompiled	chunks/002/functions-000151.c	+[SCImpalaCommerceActionHandling valdiMarshallableObjectDescriptor]	
10b046290	10b0462c7	decompiled	chunks/002/functions-000151.c		
10b0462c8	10b0462eb	decompiled	chunks/002/functions-000151.c	+[SCImpalaProfilePresenting valdiMarshallableObjectDescriptor]	
10b0462ec	10b046313	decompiled	chunks/002/functions-000151.c		
10b046314	10b046363	decompiled	chunks/002/functions-000151.c		
10b046364	10b04638b	decompiled	chunks/002/functions-000151.c		
10b04638c	10b0463db	decompiled	chunks/002/functions-000151.c		
10b0463dc	10b046413	decompiled	chunks/002/functions-000151.c		
10b046414	10b046437	decompiled	chunks/002/functions-000151.c	+[SCImpalaPublicProfileSubscriptionManaging valdiMarshallableObjectDescriptor]	
10b046438	10b046473	decompiled	chunks/002/functions-000151.c		
10b046474	10b0464c3	decompiled	chunks/002/functions-000151.c		
10b0464c4	10b0464df	decompiled	chunks/002/functions-000151.c		
10b0464e0	10b04652f	decompiled	chunks/002/functions-000151.c		
10b046530	10b04655b	decompiled	chunks/002/functions-000151.c		
10b04655c	10b0465ab	decompiled	chunks/002/functions-000151.c		
10b0465ac	10b0465c3	decompiled	chunks/002/functions-000151.c		
10b0465c4	10b046613	decompiled	chunks/002/functions-000151.c		
10b046614	10b04664b	decompiled	chunks/002/functions-000151.c		
10b04664c	10b04665f	decompiled	chunks/002/functions-000151.c	+[SCImpalaPublisherEpisodesTileWatcher valdiMarshallableObjectDescriptor]	
10b046660	10b046683	decompiled	chunks/002/functions-000151.c	+[SCImpalaSnapInsightsChatActionHandling valdiMarshallableObjectDescriptor]	
10b046684	10b0466a7	decompiled	chunks/002/functions-000151.c		
10b0466a8	10b0466f7	decompiled	chunks/002/functions-000151.c		
10b0466f8	10b04672f	decompiled	chunks/002/functions-000151.c		
10b046730	10b046743	decompiled	chunks/002/functions-000151.c	+[SCImpalaSnapInsightsOperaActionHandling valdiMarshallableObjectDescriptor]	
10b046744	10b04677b	decompiled	chunks/002/functions-000151.c		
10b04677c	10b046787	decompiled	chunks/002/functions-000151.c	+[SCImpalaSnapInsightsPresentationHandling valdiMarshallableObjectDescriptor]	
10b046788	10b0467bf	decompiled	chunks/002/functions-000151.c		
10b0467c0	10b0467e3	decompiled	chunks/002/functions-000151.c	+[SCImpalaSnapInsightsQuotingActionHandling valdiMarshallableObjectDescriptor]	
10b0467e4	10b046817	decompiled	chunks/002/functions-000151.c		
10b046818	10b046867	decompiled	chunks/002/functions-000151.c		
10b046868	10b04689f	decompiled	chunks/002/functions-000151.c		
10b0468a0	10b0468ef	decompiled	chunks/002/functions-000151.c		
10b0468f0	10b046927	decompiled	chunks/002/functions-000151.c		
10b046928	10b04693b	decompiled	chunks/002/functions-000151.c	+[SCImpalaSnapInsightsSnapActionHandling valdiMarshallableObjectDescriptor]	
10b04693c	10b046973	decompiled	chunks/002/functions-000151.c		
10b046974	10b04697f	decompiled	chunks/002/functions-000151.c	+[SCImpalaSubscriptionActionAttributions valdiMarshallableObjectDescriptor]	
10b046980	10b04698b	decompiled	chunks/002/functions-000151.c	+[SCImpalaUrlActionHandling valdiMarshallableObjectDescriptor]	
10b04698c	10b0469c3	decompiled	chunks/002/functions-000152.c		
10b0469c4	10b0469d7	decompiled	chunks/002/functions-000152.c	+[SCImpalaWatchedStateCaching valdiMarshallableObjectDescriptor]	
10b0469d8	10b046a0f	decompiled	chunks/002/functions-000152.c		
10b046a10	10b046a23	decompiled	chunks/002/functions-000152.c	+[SCProfileFlatlandLoggingHelper valdiMarshallableObjectDescriptor]	
10b046a24	10b046a5b	decompiled	chunks/002/functions-000152.c		
10b046a5c	10b046a67	decompiled	chunks/002/functions-000152.c	+[SCCCommonProfileProfileSwitcher componentPath]	
10b046a68	10b046a87	decompiled	chunks/002/functions-000152.c	-[SCCCommonProfileProfileSwitcher initWithViewModel:componentContext:runtime:]	
10b046a88	10b046abf	decompiled	chunks/002/functions-000152.c	-[SCCCommonProfileProfileSwitcher setViewModel:]	
10b046ac0	10b046af7	decompiled	chunks/002/functions-000152.c	-[SCCCommonProfileProfileSwitcher viewModel]	
10b046af8	10b046b03	decompiled	chunks/002/functions-000152.c	+[SCProfileFlatlandGrabberView componentPath]	
10b046b04	10b046b23	decompiled	chunks/002/functions-000152.c	-[SCProfileFlatlandGrabberView initWithViewModel:componentContext:runtime:]	
10b046b24	10b046b5b	decompiled	chunks/002/functions-000152.c	-[SCProfileFlatlandGrabberView setViewModel:]	
10b046b5c	10b046b93	decompiled	chunks/002/functions-000152.c	-[SCProfileFlatlandGrabberView viewModel]	
10b046b94	10b046d3f	decompiled	chunks/002/functions-000152.c		
10b046d40	10b046eab	decompiled	chunks/002/functions-000152.c		
10b046eac	10b046ed7	decompiled	chunks/002/functions-000152.c	+[SCComposerFoundationApplicationProtocol valdiMarshallableObjectDescriptor]	
10b046ed8	10b046efb	decompiled	chunks/002/functions-000152.c		
10b046efc	10b046f5b	decompiled	chunks/002/functions-000152.c		
10b046f5c	10b046f7f	decompiled	chunks/002/functions-000152.c		
10b046f80	10b046fdf	decompiled	chunks/002/functions-000152.c		
10b046fe0	10b04703b	decompiled	chunks/002/functions-000152.c		
10b04703c	10b047097	decompiled	chunks/002/functions-000152.c		
10b047098	10b0470c7	decompiled	chunks/002/functions-000152.c		
10b0470c8	10b0470db	decompiled	chunks/002/functions-000152.c	+[SCCBirthdayPageBirthdayPageHandlers valdiMarshallableObjectDescriptor]	
10b0470dc	10b047117	decompiled	chunks/002/functions-000152.c		
10b047118	10b047133	decompiled	chunks/002/functions-000152.c	+[SCCBirthdayPageBirthdayPageProviders valdiMarshallableObjectDescriptor]	
10b047134	10b04716f	decompiled	chunks/002/functions-000152.c		
10b047170	10b047183	decompiled	chunks/002/functions-000152.c	+[SCCBirthdayPageIBirthdayPagePresenter valdiMarshallableObjectDescriptor]	
10b047184	10b0471bf	decompiled	chunks/002/functions-000152.c		
10b0471c0	10b0471cb	decompiled	chunks/002/functions-000152.c	+[SCCBirthdayPageBirthdayPageComponent componentPath]	
10b0471cc	10b0471ff	decompiled	chunks/002/functions-000152.c	-[SCCBirthdayPageBirthdayPageComponent initWithViewModel:componentContext:runtime:]	
10b047200	10b04724f	decompiled	chunks/002/functions-000152.c	-[SCCBirthdayPageBirthdayPageComponent setViewModel:]	
10b047250	10b04728b	decompiled	chunks/002/functions-000152.c	-[SCCBirthdayPageBirthdayPageComponent viewModel]	
10b04728c	10b0472cf	decompiled	chunks/002/functions-000152.c		
10b0472d0	10b0472f3	decompiled	chunks/002/functions-000152.c	+[SCCActivityCenterSharedDeeplinkActionHandler valdiMarshallableObjectDescriptor]	
10b0472f4	10b047353	decompiled	chunks/002/functions-000152.c		
10b047354	10b04735f	decompiled	chunks/002/functions-000152.c	+[SCMapTypescriptHelloWorldFunction modulePath]	
10b047360	10b047367	decompiled	chunks/002/functions-000152.c	+[SCMapTypescriptHelloWorldFunction asyncStrictMode]	
10b047368	10b0473ab	decompiled	chunks/002/functions-000152.c	-[SCMapTypescriptHelloWorldFunction mapTypescriptHelloWorld]	
10b0473ac	10b04745b	decompiled	chunks/002/functions-000152.c	+[SCMapTypescriptHelloWorldFunction invokeWithJSRuntimeProvider:completionHandler:]	
10b04745c	10b0474cb	decompiled	chunks/002/functions-000152.c		
10b0474cc	10b0474e7	decompiled	chunks/002/functions-000152.c	+[SCMapTypescriptHelloWorldFunction valdiMarshallableObjectDescriptor]	
10b0474e8	10b047507	decompiled	chunks/002/functions-000152.c	+[SCCMapPresenting valdiMarshallableObjectDescriptor]	
10b047508	10b047537	decompiled	chunks/002/functions-000152.c		
10b047538	10b047587	decompiled	chunks/002/functions-000152.c		
10b047588	10b04759b	decompiled	chunks/002/functions-000152.c		
10b04759c	10b0475eb	decompiled	chunks/002/functions-000152.c		
10b0475ec	10b047633	decompiled	chunks/002/functions-000152.c		
10b047634	10b04766b	decompiled	chunks/002/functions-000152.c	+[SCCStaticMapUrlGenerating valdiMarshallableObjectDescriptor]	
10b04766c	10b0476bb	decompiled	chunks/002/functions-000152.c		
10b0476bc	10b047703	decompiled	chunks/002/functions-000152.c		
10b047704	10b047797	decompiled	chunks/002/functions-000152.c		
10b047798	10b04781f	decompiled	chunks/002/functions-000152.c		
10b047820	10b04784b	decompiled	chunks/002/functions-000152.c	+[SCCMapVenueFavoritesManaging valdiMarshallableObjectDescriptor]	
10b04784c	10b04787b	decompiled	chunks/002/functions-000152.c		
10b04787c	10b0478fb	decompiled	chunks/002/functions-000152.c		
10b0478fc	10b04795b	decompiled	chunks/002/functions-000152.c		
10b04795c	10b04798f	decompiled	chunks/002/functions-000152.c		
10b047990	10b04799b	decompiled	chunks/002/functions-000152.c	+[SCAuraCompatibilityDiviningPageView componentPath]	
10b04799c	10b0479bb	decompiled	chunks/002/functions-000152.c	-[SCAuraCompatibilityDiviningPageView initWithViewModel:componentContext:runtime:]	
10b0479bc	10b0479ef	decompiled	chunks/002/functions-000152.c	-[SCAuraCompatibilityDiviningPageView setViewModel:]	
10b0479f0	10b047a27	decompiled	chunks/002/functions-000152.c	-[SCAuraCompatibilityDiviningPageView viewModel]	
10b047a28	10b047a33	decompiled	chunks/002/functions-000152.c	+[SCAuraCompatibilityIntroCardView componentPath]	
10b047a34	10b047a53	decompiled	chunks/002/functions-000152.c	-[SCAuraCompatibilityIntroCardView initWithViewModel:componentContext:runtime:]	
10b047a54	10b047a87	decompiled	chunks/002/functions-000152.c	-[SCAuraCompatibilityIntroCardView setViewModel:]	
10b047a88	10b047abf	decompiled	chunks/002/functions-000152.c	-[SCAuraCompatibilityIntroCardView viewModel]	
10b047ac0	10b047acb	decompiled	chunks/002/functions-000152.c	+[SCAuraCompatibilitySnapView componentPath]	
10b047acc	10b047aeb	decompiled	chunks/002/functions-000152.c	-[SCAuraCompatibilitySnapView initWithViewModel:componentContext:runtime:]	
10b047aec	10b047b1f	decompiled	chunks/002/functions-000152.c	-[SCAuraCompatibilitySnapView setViewModel:]	
10b047b20	10b047b57	decompiled	chunks/002/functions-000152.c	-[SCAuraCompatibilitySnapView viewModel]	
10b047b58	10b047b63	decompiled	chunks/002/functions-000152.c	+[SCAuraMyBirthInfoPageView componentPath]	
10b047b64	10b047b83	decompiled	chunks/002/functions-000152.c	-[SCAuraMyBirthInfoPageView initWithViewModel:componentContext:runtime:]	
10b047b84	10b047bb7	decompiled	chunks/002/functions-000152.c	-[SCAuraMyBirthInfoPageView setViewModel:]	
10b047bb8	10b047bef	decompiled	chunks/002/functions-000152.c	-[SCAuraMyBirthInfoPageView viewModel]	
10b047bf0	10b047bfb	decompiled	chunks/002/functions-000152.c	+[SCAuraOperaActionBarView componentPath]	
10b047bfc	10b047c1b	decompiled	chunks/002/functions-000152.c	-[SCAuraOperaActionBarView initWithViewModel:componentContext:runtime:]	
10b047c1c	10b047c4f	decompiled	chunks/002/functions-000152.c	-[SCAuraOperaActionBarView setViewModel:]	
10b047c50	10b047c87	decompiled	chunks/002/functions-000152.c	-[SCAuraOperaActionBarView viewModel]	
10b047c88	10b047c93	decompiled	chunks/002/functions-000152.c	+[SCAuraPersonalityDiviningPageView componentPath]	
10b047c94	10b047cb3	decompiled	chunks/002/functions-000152.c	-[SCAuraPersonalityDiviningPageView initWithViewModel:componentContext:runtime:]	
10b047cb4	10b047ce7	decompiled	chunks/002/functions-000152.c	-[SCAuraPersonalityDiviningPageView setViewModel:]	
10b047ce8	10b047d1f	decompiled	chunks/002/functions-000152.c	-[SCAuraPersonalityDiviningPageView viewModel]	
10b047d20	10b047d2b	decompiled	chunks/002/functions-000152.c	+[SCAuraPersonalityIntroCardView componentPath]	
10b047d2c	10b047d4b	decompiled	chunks/002/functions-000152.c	-[SCAuraPersonalityIntroCardView initWithViewModel:componentContext:runtime:]	
10b047d4c	10b047d7f	decompiled	chunks/002/functions-000152.c	-[SCAuraPersonalityIntroCardView setViewModel:]	
10b047d80	10b047db7	decompiled	chunks/002/functions-000152.c	-[SCAuraPersonalityIntroCardView viewModel]	
10b047db8	10b047dc3	decompiled	chunks/002/functions-000152.c	+[SCAuraPersonalitySnapView componentPath]	
10b047dc4	10b047de3	decompiled	chunks/002/functions-000152.c	-[SCAuraPersonalitySnapView initWithViewModel:componentContext:runtime:]	
10b047de4	10b047e17	decompiled	chunks/002/functions-000152.c	-[SCAuraPersonalitySnapView setViewModel:]	
10b047e18	10b047e4f	decompiled	chunks/002/functions-000152.c	-[SCAuraPersonalitySnapView viewModel]	
10b047e50	10b047e5b	decompiled	chunks/002/functions-000152.c	+[SCAuraSummarySnapView componentPath]	
10b047e5c	10b047e7b	decompiled	chunks/002/functions-000152.c	-[SCAuraSummarySnapView initWithViewModel:componentContext:runtime:]	
10b047e7c	10b047eaf	decompiled	chunks/002/functions-000152.c	-[SCAuraSummarySnapView setViewModel:]	
10b047eb0	10b047ee7	decompiled	chunks/002/functions-000152.c	-[SCAuraSummarySnapView viewModel]	
10b047ee8	10b047f43	decompiled	chunks/002/functions-000152.c		
10b047f44	10b047f67	decompiled	chunks/002/functions-000152.c	+[SCCCommunitiesAPICommunityStore valdiMarshallableObjectDescriptor]	
10b047f68	10b047fc7	decompiled	chunks/002/functions-000152.c		
10b047fc8	10b047fe3	decompiled	chunks/002/functions-000152.c	+[SCContentRequestInfoProviderProtocol valdiMarshallableObjectDescriptor]	
10b047fe4	10b047fef	decompiled	chunks/002/functions-000152.c	+[SCContentFeedCardConverter modulePath]	
10b047ff0	10b047ff7	decompiled	chunks/002/functions-000152.c	+[SCContentFeedCardConverter asyncStrictMode]	
10b047ff8	10b048067	decompiled	chunks/002/functions-000153.c	-[SCContentFeedCardConverter convertFeedCardToStoryCardWithPayload:]	
10b048068	10b0481d7	decompiled	chunks/002/functions-000153.c	+[SCContentFeedCardConverter invokeWithJSRuntimeProvider:payload:completionHandler:]	
10b0481d8	10b0481fb	decompiled	chunks/002/functions-000153.c	+[SCContentFeedCardConverter valdiMarshallableObjectDescriptor]	
10b0481fc	10b048207	decompiled	chunks/002/functions-000153.c	+[SCCFriendingClientCreateRecentlyActiveService modulePath]	
10b048208	10b04820f	decompiled	chunks/002/functions-000153.c	+[SCCFriendingClientCreateRecentlyActiveService asyncStrictMode]	
10b048210	10b0482c7	decompiled	chunks/002/functions-000153.c	-[SCCFriendingClientCreateRecentlyActiveService createNativeCompatRecentlyActiveServiceWithQuerySourceNumeric:grpcServiceFactory:cofStore:friendStore:groupStore:]	
10b0482c8	10b04840f	decompiled	chunks/002/functions-000153.c	+[SCCFriendingClientCreateRecentlyActiveService invokeWithJSRuntimeProvider:querySourceNumeric:grpcServiceFactory:cofStore:friendStore:groupStore:completionHandler:]	
10b048410	10b04849b	decompiled	chunks/002/functions-000153.c		
10b04849c	10b0484e3	decompiled	chunks/002/functions-000153.c	+[SCCFriendingClientCreateRecentlyActiveService valdiMarshallableObjectDescriptor]	
10b0484e4	10b04855f	decompiled	chunks/002/functions-000153.c		
10b048560	10b048593	decompiled	chunks/002/functions-000153.c		
10b048594	10b0485c3	decompiled	chunks/002/functions-000153.c		
10b0485c4	10b0485d7	decompiled	chunks/002/functions-000153.c	+[SCCLensActionHandling valdiMarshallableObjectDescriptor]	
10b0485d8	10b048637	decompiled	chunks/002/functions-000153.c		
10b048638	10b04865f	decompiled	chunks/002/functions-000153.c	+[SCCLensPlusExclusiveLensesProviding valdiMarshallableObjectDescriptor]	
10b048660	10b04866b	decompiled	chunks/002/functions-000153.c	+[SCCMutualFriendsDataProviderFactory modulePath]	
10b04866c	10b048673	decompiled	chunks/002/functions-000153.c	+[SCCMutualFriendsDataProviderFactory asyncStrictMode]	
10b048674	10b0486d3	decompiled	chunks/002/functions-000153.c	-[SCCMutualFriendsDataProviderFactory createMutualFriendsDataProviderWithFriendStore:]	
10b0486d4	10b04883f	decompiled	chunks/002/functions-000153.c	+[SCCMutualFriendsDataProviderFactory invokeWithJSRuntimeProvider:friendStore:completionHandler:]	
10b048840	10b048863	decompiled	chunks/002/functions-000153.c	+[SCCMutualFriendsDataProviderFactory valdiMarshallableObjectDescriptor]	
10b048864	10b0488a7	decompiled	chunks/002/functions-000153.c	+[SCCIMutualFriendsDataProvider valdiMarshallableObjectDescriptor]	
10b0488a8	10b048923	decompiled	chunks/002/functions-000153.c		
10b048924	10b04892f	decompiled	chunks/002/functions-000153.c	+[SCCMutualFriendsPage componentPath]	
10b048930	10b04894f	decompiled	chunks/002/functions-000153.c	-[SCCMutualFriendsPage initWithViewModel:componentContext:runtime:]	
10b048950	10b048983	decompiled	chunks/002/functions-000153.c	-[SCCMutualFriendsPage setViewModel:]	
10b048984	10b0489bf	decompiled	chunks/002/functions-000153.c	-[SCCMutualFriendsPage viewModel]	
10b0489c0	10b0489cb	decompiled	chunks/002/functions-000153.c	+[SCCMutualFriendsSummaryView componentPath]	
10b0489cc	10b0489eb	decompiled	chunks/002/functions-000153.c	-[SCCMutualFriendsSummaryView initWithViewModel:componentContext:runtime:]	
10b0489ec	10b048a1f	decompiled	chunks/002/functions-000153.c	-[SCCMutualFriendsSummaryView setViewModel:]	
10b048a20	10b048a5b	decompiled	chunks/002/functions-000153.c	-[SCCMutualFriendsSummaryView viewModel]	
10b048a5c	10b048a67	decompiled	chunks/002/functions-000153.c	+[SCCMutualFriendsUpsellModal componentPath]	
10b048a68	10b048a87	decompiled	chunks/002/functions-000153.c	-[SCCMutualFriendsUpsellModal initWithViewModel:componentContext:runtime:]	
10b048a88	10b048abb	decompiled	chunks/002/functions-000153.c	-[SCCMutualFriendsUpsellModal setViewModel:]	
10b048abc	10b048af7	decompiled	chunks/002/functions-000153.c	-[SCCMutualFriendsUpsellModal viewModel]	
10b048af8	10b048b27	decompiled	chunks/002/functions-000153.c		
10b048b28	10b048b77	decompiled	chunks/002/functions-000153.c		
10b048b78	10b048b9b	decompiled	chunks/002/functions-000153.c	+[SCCChatEligibilityProviding valdiMarshallableObjectDescriptor]	
10b048b9c	10b048bc3	decompiled	chunks/002/functions-000153.c		
10b048bc4	10b048c3f	decompiled	chunks/002/functions-000153.c		
10b048c40	10b048c97	decompiled	chunks/002/functions-000153.c		
10b048c98	10b048ca3	decompiled	chunks/002/functions-000153.c	+[SCCChatNonFriendOnboardingPromptTrayView componentPath]	
10b048ca4	10b048cc7	decompiled	chunks/002/functions-000153.c	-[SCCChatNonFriendOnboardingPromptTrayView initWithViewModel:componentContext:runtime:]	
10b048cc8	10b048cff	decompiled	chunks/002/functions-000153.c	-[SCCChatNonFriendOnboardingPromptTrayView setViewModel:]	
10b048d00	10b048d3b	decompiled	chunks/002/functions-000153.c	-[SCCChatNonFriendOnboardingPromptTrayView viewModel]	
10b048d3c	10b048d47	decompiled	chunks/002/functions-000153.c	+[SCCChatNonFriendRecipientPromptView componentPath]	
10b048d48	10b048d6b	decompiled	chunks/002/functions-000153.c	-[SCCChatNonFriendRecipientPromptView initWithViewModel:componentContext:runtime:]	
10b048d6c	10b048da3	decompiled	chunks/002/functions-000153.c	-[SCCChatNonFriendRecipientPromptView setViewModel:]	
10b048da4	10b048ddf	decompiled	chunks/002/functions-000153.c	-[SCCChatNonFriendRecipientPromptView viewModel]	
10b048de0	10b048e0f	decompiled	chunks/002/functions-000153.c		
10b048e10	10b048e53	decompiled	chunks/002/functions-000153.c		
10b048e54	10b048e5f	decompiled	chunks/002/functions-000153.c	+[SCSnapshotsOperaOverlayView componentPath]	
10b048e60	10b048e93	decompiled	chunks/002/functions-000153.c	-[SCSnapshotsOperaOverlayView initWithViewModel:componentContext:runtime:]	
10b048e94	10b048ee3	decompiled	chunks/002/functions-000153.c	-[SCSnapshotsOperaOverlayView setViewModel:]	
10b048ee4	10b048f27	decompiled	chunks/002/functions-000153.c	-[SCSnapshotsOperaOverlayView viewModel]	
10b048f28	10b048f33	decompiled	chunks/002/functions-000153.c	+[SCCSqliteUserScopeDbRootPath modulePath]	
10b048f34	10b048f3b	decompiled	chunks/002/functions-000153.c	+[SCCSqliteUserScopeDbRootPath asyncStrictMode]	
10b048f3c	10b048f83	decompiled	chunks/002/functions-000153.c	-[SCCSqliteUserScopeDbRootPath userScopeDbRootPath]	
10b048f84	10b049037	decompiled	chunks/002/functions-000153.c	+[SCCSqliteUserScopeDbRootPath invokeWithJSRuntimeProvider:completionHandler:]	
10b049038	10b0490bf	decompiled	chunks/002/functions-000153.c		
10b0490c0	10b0490db	decompiled	chunks/002/functions-000153.c	+[SCCSqliteUserScopeDbRootPath valdiMarshallableObjectDescriptor]	
10b0490dc	10b04910f	decompiled	chunks/002/functions-000153.c	+[SCComposerSUPBooleanRepo valdiMarshallableObjectDescriptor]	
10b049110	10b04915f	decompiled	chunks/002/functions-000153.c		
10b049160	10b04917b	decompiled	chunks/002/functions-000153.c		
10b04917c	10b0491cb	decompiled	chunks/002/functions-000153.c		
10b0491cc	10b0491ef	decompiled	chunks/002/functions-000153.c	+[SCComposerSUPLongRepo valdiMarshallableObjectDescriptor]	
10b0491f0	10b04923f	decompiled	chunks/002/functions-000153.c		
10b049240	10b049263	decompiled	chunks/002/functions-000153.c	+[SCComposerSUPRepo valdiMarshallableObjectDescriptor]	
10b049264	10b049283	decompiled	chunks/002/functions-000153.c	+[SCComposerSUPStoring valdiMarshallableObjectDescriptor]	
10b049284	10b0492ab	decompiled	chunks/002/functions-000153.c		
10b0492ac	10b0492fb	decompiled	chunks/002/functions-000153.c		
10b0492fc	10b049327	decompiled	chunks/002/functions-000153.c		
10b049328	10b049377	decompiled	chunks/002/functions-000153.c		
10b049378	10b04939f	decompiled	chunks/002/functions-000153.c		
10b0493a0	10b0493ef	decompiled	chunks/002/functions-000153.c		
10b0493f0	10b04940b	decompiled	chunks/002/functions-000153.c		
10b04940c	10b04945b	decompiled	chunks/002/functions-000153.c		
10b04945c	10b04947f	decompiled	chunks/002/functions-000153.c		
10b049480	10b0494cf	decompiled	chunks/002/functions-000153.c		
10b0494d0	10b0494fb	decompiled	chunks/002/functions-000153.c		
10b0494fc	10b04954b	decompiled	chunks/002/functions-000153.c		
10b04954c	10b049573	decompiled	chunks/002/functions-000153.c		
10b049574	10b0495c3	decompiled	chunks/002/functions-000153.c		
10b0495c4	10b0495d7	decompiled	chunks/002/functions-000153.c		
10b0495d8	10b049627	decompiled	chunks/002/functions-000153.c		
10b049628	10b04964b	decompiled	chunks/002/functions-000153.c		
10b04964c	10b04969b	decompiled	chunks/002/functions-000153.c		
10b04969c	10b0496bf	decompiled	chunks/002/functions-000153.c		
10b0496c0	10b04970f	decompiled	chunks/002/functions-000153.c		
10b049710	10b049727	decompiled	chunks/002/functions-000153.c		
10b049728	10b049777	decompiled	chunks/002/functions-000153.c		
10b049778	10b0497d3	decompiled	chunks/002/functions-000153.c		
10b0497d4	10b0497f7	decompiled	chunks/002/functions-000153.c	+[SCComposerSUPStringRepo valdiMarshallableObjectDescriptor]	
10b0497f8	10b049847	decompiled	chunks/002/functions-000153.c		
10b049848	10b049a73	decompiled	chunks/002/functions-000153.c		
10b049a74	10b049b3f	decompiled	chunks/002/functions-000153.c		
10b049b40	10b049b63	decompiled	chunks/002/functions-000153.c	+[SCComposerPageLauncher valdiMarshallableObjectDescriptor]	
10b049b64	10b049b6f	decompiled	chunks/002/functions-000153.c	+[SCCSearchApiClientCreateRemoteSearchserviceClient modulePath]	
10b049b70	10b049b77	decompiled	chunks/002/functions-000153.c	+[SCCSearchApiClientCreateRemoteSearchserviceClient asyncStrictMode]	
10b049b78	10b049c0f	decompiled	chunks/002/functions-000153.c	-[SCCSearchApiClientCreateRemoteSearchserviceClient createNativeCompatRemoteSearchserviceClientWithNetworkingClient:userInfoProvider:opts:]	
10b049c10	10b049d2f	decompiled	chunks/002/functions-000153.c	+[SCCSearchApiClientCreateRemoteSearchserviceClient invokeWithJSRuntimeProvider:networkingClient:userInfoProvider:opts:completionHandler:]	
10b049d30	10b049db7	decompiled	chunks/002/functions-000154.c		
10b049db8	10b049dfb	decompiled	chunks/002/functions-000154.c	+[SCCSearchApiClientCreateRemoteSearchserviceClient valdiMarshallableObjectDescriptor]	
10b049dfc	10b049e07	decompiled	chunks/002/functions-000154.c	+[SCCSearchApiIndexFactory modulePath]	
10b049e08	10b049e0f	decompiled	chunks/002/functions-000154.c	+[SCCSearchApiIndexFactory asyncStrictMode]	
10b049e10	10b049e8f	decompiled	chunks/002/functions-000154.c	-[SCCSearchApiIndexFactory createWithConfig:ctx:]	
10b049e90	10b04a013	decompiled	chunks/002/functions-000154.c	+[SCCSearchApiIndexFactory invokeWithJSRuntimeProvider:config:ctx:completionHandler:]	
10b04a014	10b04a037	decompiled	chunks/002/functions-000154.c	+[SCCSearchApiIndexFactory valdiMarshallableObjectDescriptor]	
10b04a038	10b04a04b	decompiled	chunks/002/functions-000154.c	+[SCCFeedDataFetching valdiMarshallableObjectDescriptor]	
10b04a04c	10b04a083	decompiled	chunks/002/functions-000154.c	+[SCCSearchApiSendToInteractionStoring valdiMarshallableObjectDescriptor]	
10b04a084	10b04a08f	decompiled	chunks/002/functions-000154.c	+[SCCPublicProfileManagerGenerator modulePath]	
10b04a090	10b04a093	decompiled	chunks/002/functions-000154.c	+[SCCPublicProfileManagerGenerator asyncStrictMode]	
10b04a094	10b04a17f	decompiled	chunks/002/functions-000154.c	-[SCCPublicProfileManagerGenerator generateManagerWithClient:url:userId:managedPublicProfiles:hasPendingInvites:token:snapProHeaderFn:]	
10b04a180	10b04a2ff	decompiled	chunks/002/functions-000154.c	+[SCCPublicProfileManagerGenerator invokeWithJSRuntimeProvider:client:url:userId:managedPublicProfiles:hasPendingInvites:token:snapProHeaderFn:completionHandler:]	
10b04a300	10b04a37f	decompiled	chunks/002/functions-000154.c		
10b04a380	10b04a3bf	decompiled	chunks/002/functions-000154.c	+[SCCPublicProfileManagerGenerator valdiMarshallableObjectDescriptor]	
10b04a3c0	10b04a423	decompiled	chunks/002/functions-000154.c		
10b04a424	10b04a427	decompiled	chunks/002/functions-000154.c	+[SCCSnapProMapGetPublicProfile modulePath]	
10b04a428	10b04a42b	decompiled	chunks/002/functions-000154.c	+[SCCSnapProMapGetPublicProfile asyncStrictMode]	
10b04a42c	10b04a48b	decompiled	chunks/002/functions-000154.c	-[SCCSnapProMapGetPublicProfile toLegacyProfileAndUserDataWithPublicProfileAndUserDataResponse:]	
10b04a48c	10b04a5a3	decompiled	chunks/002/functions-000154.c	+[SCCSnapProMapGetPublicProfile invokeWithJSRuntimeProvider:publicProfileAndUserDataResponse:completionHandler:]	
10b04a5a4	10b04a5b7	decompiled	chunks/002/functions-000154.c	+[SCCSnapProMapGetPublicProfile valdiMarshallableObjectDescriptor]	
10b04a5b8	10b04a5bb	decompiled	chunks/002/functions-000154.c	+[SCCSnapProMapListPublicProfile modulePath]	
10b04a5bc	10b04a5bf	decompiled	chunks/002/functions-000154.c	+[SCCSnapProMapListPublicProfile asyncStrictMode]	
10b04a5c0	10b04a62b	decompiled	chunks/002/functions-000154.c	-[SCCSnapProMapListPublicProfile toListManagedBusinessProfileWithListManagedPublicProfileResponse:userId:]	
10b04a62c	10b04a763	decompiled	chunks/002/functions-000154.c	+[SCCSnapProMapListPublicProfile invokeWithJSRuntimeProvider:listManagedPublicProfileResponse:userId:completionHandler:]	
10b04a764	10b04a777	decompiled	chunks/002/functions-000154.c	+[SCCSnapProMapListPublicProfile valdiMarshallableObjectDescriptor]	
10b04a778	10b04a7bb	decompiled	chunks/002/functions-000154.c	+[SCCProfileContentFetcher valdiMarshallableObjectDescriptor]	
10b04a7bc	10b04a81f	decompiled	chunks/002/functions-000154.c		
10b04a820	10b04a83b	decompiled	chunks/002/functions-000154.c	+[SCProfileAndUserDataSource valdiMarshallableObjectDescriptor]	
10b04a83c	10b04a8af	decompiled	chunks/002/functions-000154.c		
10b04a8b0	10b04a9a3	decompiled	chunks/002/functions-000154.c		
10b04a9a4	10b04a9bf	decompiled	chunks/002/functions-000154.c	+[SCCCrashUtils valdiMarshallableObjectDescriptor]	
10b04a9c0	10b04a9d3	decompiled	chunks/002/functions-000154.c	+[SCCStoryPlayerNativeItem valdiMarshallableObjectDescriptor]	
10b04a9d4	10b04aa0b	decompiled	chunks/002/functions-000154.c		
10b04aa0c	10b04aa1f	decompiled	chunks/002/functions-000154.c	+[SCCStoryPlayerNativeSnapProStoryFetching valdiMarshallableObjectDescriptor]	
10b04aa20	10b04aa33	decompiled	chunks/002/functions-000154.c	+[SCCStoryPlayerNativeStoryCardFetching valdiMarshallableObjectDescriptor]	
10b04aa34	10b04aa6b	decompiled	chunks/002/functions-000154.c		
10b04aa6c	10b04aa7f	decompiled	chunks/002/functions-000154.c	+[SCCStoryPlayerNativeUserStoryFetching valdiMarshallableObjectDescriptor]	
10b04aa80	10b04aab7	decompiled	chunks/002/functions-000154.c		
10b04aab8	10b04aadb	decompiled	chunks/002/functions-000154.c	+[SCCStoryPlayerPlaying valdiMarshallableObjectDescriptor]	
10b04aadc	10b04ab07	decompiled	chunks/002/functions-000154.c		
10b04ab08	10b04ab57	decompiled	chunks/002/functions-000154.c		
10b04ab58	10b04ab97	decompiled	chunks/002/functions-000154.c		
10b04ab98	10b04abe7	decompiled	chunks/002/functions-000154.c		
10b04abe8	10b04ac1b	decompiled	chunks/002/functions-000154.c		
10b04ac1c	10b04ac6b	decompiled	chunks/002/functions-000154.c		
10b04ac6c	10b04ac97	decompiled	chunks/002/functions-000154.c		
10b04ac98	10b04ace7	decompiled	chunks/002/functions-000154.c		
10b04ace8	10b04ad1f	decompiled	chunks/002/functions-000154.c		
10b04ad20	10b04ad5b	decompiled	chunks/002/functions-000154.c	+[SCCStoryPlayerStorySnapViewStateProviding valdiMarshallableObjectDescriptor]	
10b04ad5c	10b04adab	decompiled	chunks/002/functions-000154.c		
10b04adac	10b04ade3	decompiled	chunks/002/functions-000154.c		
10b04ade4	10b04adf7	decompiled	chunks/002/functions-000154.c	+[SCCStoryPlayerStorySnapViewStateProvidingObservable valdiMarshallableObjectDescriptor]	
10b04adf8	10b04aeef	decompiled	chunks/002/functions-000154.c		
10b04aef0	10b04afab	decompiled	chunks/002/functions-000154.c		
10b04afac	10b04afd7	decompiled	chunks/002/functions-000154.c	+[SCCSubscriptionStore valdiMarshallableObjectDescriptor]	
10b04afd8	10b04afff	decompiled	chunks/002/functions-000154.c		
10b04b000	10b04b05f	decompiled	chunks/002/functions-000154.c		
10b04b060	10b04b087	decompiled	chunks/002/functions-000154.c		
10b04b088	10b04b0e7	decompiled	chunks/002/functions-000154.c		
10b04b0e8	10b04b143	decompiled	chunks/002/functions-000154.c		
10b04b144	10b04b1af	decompiled	chunks/002/functions-000154.c		
10b04b1b0	10b04b1f3	decompiled	chunks/002/functions-000154.c		
10b04b1f4	10b04b1fb	decompiled	chunks/002/functions-000154.c	-[SCSubscriptionWorkflowErrorCode__Enum init]	
10b04b1fc	10b04b2b3	decompiled	chunks/002/functions-000154.c	-[SCSubscriptionWorkflowSourceType__Enum init]	
10b04b2b4	10b04b343	decompiled	chunks/002/functions-000154.c	-[SCCSubscriptionWorkflow initWithSubscribeTo:unsubscribeTo:]	
10b04b344	10b04b357	decompiled	chunks/002/functions-000154.c	+[SCCSubscriptionWorkflow valdiMarshallableObjectDescriptor]	
10b04b358	10b04b3ab	decompiled	chunks/002/functions-000154.c	-[SCCSubscriptionWorkflowGenerator initWithCreate:]	
10b04b3ac	10b04b3bf	decompiled	chunks/002/functions-000154.c	+[SCCSubscriptionWorkflowGenerator valdiMarshallableObjectDescriptor]	
10b04b3c0	10b04b3f7	decompiled	chunks/002/functions-000154.c	-[SCSubscriptionWorkflowError initWithCode:message:]	
10b04b3f8	10b04b437	decompiled	chunks/002/functions-000154.c	+[SCSubscriptionWorkflowError valdiMarshallableObjectDescriptor]	
10b04b438	10b04b4e7	decompiled	chunks/002/functions-000154.c	-[SCSelectionItem initWithCoder:]	
10b04b4e8	10b04b593	decompiled	chunks/002/functions-000154.c	-[SCSelectionItem initWithRecipient:participants:]	
10b04b594	10b04b5b7	decompiled	chunks/002/functions-000154.c	-[SCSelectionItem copyWithZone:]	
10b04b5b8	10b04b617	decompiled	chunks/002/functions-000154.c	-[SCSelectionItem encodeWithCoder:]	
10b04b618	10b04b68b	decompiled	chunks/002/functions-000154.c	-[SCSelectionItem hash]	
10b04b68c	10b04b733	decompiled	chunks/002/functions-000154.c	-[SCSelectionItem isEqual:]	
10b04b734	10b04b73b	decompiled	chunks/002/functions-000154.c	-[SCSelectionItem recipient]	
10b04b73c	10b04b743	decompiled	chunks/002/functions-000154.c	-[SCSelectionItem participants]	
10b04b744	10b04b773	decompiled	chunks/002/functions-000154.c	-[SCSelectionItem .cxx_destruct]	
10b04b774	10b04b82f	decompiled	chunks/002/functions-000154.c	-[SCSelectionItemAttribution initWithItem:source:selectedTimestamp:]	
10b04b830	10b04b853	decompiled	chunks/002/functions-000154.c	-[SCSelectionItemAttribution copyWithZone:]	
10b04b854	10b04b8eb	decompiled	chunks/002/functions-000154.c	-[SCSelectionItemAttribution hash]	
10b04b8ec	10b04b9c7	decompiled	chunks/002/functions-000154.c	-[SCSelectionItemAttribution isEqual:]	
10b04b9c8	10b04b9cf	decompiled	chunks/002/functions-000154.c	-[SCSelectionItemAttribution item]	
10b04b9d0	10b04b9d7	decompiled	chunks/002/functions-000154.c	-[SCSelectionItemAttribution source]	
10b04b9d8	10b04b9df	decompiled	chunks/002/functions-000154.c	-[SCSelectionItemAttribution selectedTimestamp]	
10b04b9e0	10b04ba0f	decompiled	chunks/002/functions-000154.c	-[SCSelectionItemAttribution .cxx_destruct]	
10b04ba10	10b04bad3	decompiled	chunks/002/functions-000154.c	-[SCSelectionItemUpdate initWithSelectionItem:isSelected:isDisabled:source:]	
10b04bad4	10b04baf7	decompiled	chunks/002/functions-000154.c	-[SCSelectionItemUpdate copyWithZone:]	
10b04baf8	10b04bb77	decompiled	chunks/002/functions-000154.c	-[SCSelectionItemUpdate hash]	
10b04bb78	10b04bc3f	decompiled	chunks/002/functions-000154.c	-[SCSelectionItemUpdate isEqual:]	
10b04bc40	10b04bc47	decompiled	chunks/002/functions-000154.c	-[SCSelectionItemUpdate selectionItem]	
10b04bc48	10b04bc4f	decompiled	chunks/002/functions-000154.c	-[SCSelectionItemUpdate isSelected]	
10b04bc50	10b04bc57	decompiled	chunks/002/functions-000154.c	-[SCSelectionItemUpdate isDisabled]	
10b04bc58	10b04bc5f	decompiled	chunks/002/functions-000154.c	-[SCSelectionItemUpdate source]	
10b04bc60	10b04bc8f	decompiled	chunks/002/functions-000154.c	-[SCSelectionItemUpdate .cxx_destruct]	
10b04bc90	10b04bd8f	decompiled	chunks/002/functions-000154.c	-[SCSelectionParticipant initWithCoder:]	
10b04bd90	10b04be9b	decompiled	chunks/002/functions-000154.c	-[SCSelectionParticipant initWithIdentifier:username:nameToDisplay:additionalData:]	
10b04be9c	10b04bebf	decompiled	chunks/002/functions-000154.c	-[SCSelectionParticipant copyWithZone:]	
10b04bec0	10b04bf47	decompiled	chunks/002/functions-000155.c	-[SCSelectionParticipant encodeWithCoder:]	
10b04bf48	10b04bfd3	decompiled	chunks/002/functions-000155.c	-[SCSelectionParticipant hash]	
10b04bfd4	10b04c0ab	decompiled	chunks/002/functions-000155.c	-[SCSelectionParticipant isEqual:]	
10b04c0ac	10b04c0b3	decompiled	chunks/002/functions-000155.c	-[SCSelectionParticipant identifier]	
10b04c0b4	10b04c0bb	decompiled	chunks/002/functions-000155.c	-[SCSelectionParticipant username]	
10b04c0bc	10b04c0c3	decompiled	chunks/002/functions-000155.c	-[SCSelectionParticipant nameToDisplay]	
10b04c0c4	10b04c0cb	decompiled	chunks/002/functions-000155.c	-[SCSelectionParticipant additionalData]	
10b04c0cc	10b04c113	decompiled	chunks/002/functions-000155.c	-[SCSelectionParticipant .cxx_destruct]	
10b04c114	10b04c1c7	decompiled	chunks/002/functions-000155.c	-[SCSelectionParticipantUpdate initWithParticipant:associatedItem:isSelected:]	
10b04c1c8	10b04c1eb	decompiled	chunks/002/functions-000155.c	-[SCSelectionParticipantUpdate copyWithZone:]	
10b04c1ec	10b04c263	decompiled	chunks/002/functions-000155.c	-[SCSelectionParticipantUpdate hash]	
10b04c264	10b04c31b	decompiled	chunks/002/functions-000155.c	-[SCSelectionParticipantUpdate isEqual:]	
10b04c31c	10b04c323	decompiled	chunks/002/functions-000155.c	-[SCSelectionParticipantUpdate participant]	
10b04c324	10b04c32b	decompiled	chunks/002/functions-000155.c	-[SCSelectionParticipantUpdate associatedItem]	
10b04c32c	10b04c333	decompiled	chunks/002/functions-000155.c	-[SCSelectionParticipantUpdate isSelected]	
10b04c334	10b04c363	decompiled	chunks/002/functions-000155.c	-[SCSelectionParticipantUpdate .cxx_destruct]	
10b04c364	10b04c413	decompiled	chunks/002/functions-000155.c	-[SCSelectionIdentifier initWithCoder:]	
10b04c414	10b04c4bf	decompiled	chunks/002/functions-000155.c	-[SCSelectionIdentifier initWithRecipientId:selectionTypeIdentifier:]	
10b04c4c0	10b04c4e3	decompiled	chunks/002/functions-000155.c	-[SCSelectionIdentifier copyWithZone:]	
10b04c4e4	10b04c543	decompiled	chunks/002/functions-000155.c	-[SCSelectionIdentifier encodeWithCoder:]	
10b04c544	10b04c5b7	decompiled	chunks/002/functions-000155.c	-[SCSelectionIdentifier hash]	
10b04c5b8	10b04c65f	decompiled	chunks/002/functions-000155.c	-[SCSelectionIdentifier isEqual:]	
10b04c660	10b04c667	decompiled	chunks/002/functions-000155.c	-[SCSelectionIdentifier recipientId]	
10b04c668	10b04c66f	decompiled	chunks/002/functions-000155.c	-[SCSelectionIdentifier selectionTypeIdentifier]	
10b04c670	10b04c69f	decompiled	chunks/002/functions-000155.c	-[SCSelectionIdentifier .cxx_destruct]	
10b04c6a0	10b04c717	decompiled	chunks/002/functions-000155.c	-[SCSelectionActionModel initWithSelectionItemUpdates:]	
10b04c718	10b04c73b	decompiled	chunks/002/functions-000155.c	-[SCSelectionActionModel copyWithZone:]	
10b04c73c	10b04c743	decompiled	chunks/002/functions-000155.c	-[SCSelectionActionModel hash]	
10b04c744	10b04c7d3	decompiled	chunks/002/functions-000155.c	-[SCSelectionActionModel isEqual:]	
10b04c7d4	10b04c7db	decompiled	chunks/002/functions-000155.c	-[SCSelectionActionModel selectionItemUpdates]	
10b04c7dc	10b04c7e7	decompiled	chunks/002/functions-000155.c	-[SCSelectionActionModel .cxx_destruct]	
10b04c7e8	10b04c87f	decompiled	chunks/002/functions-000155.c	+[SCSelectionSectionIndexingItem indexableWithIndexKey:indexableSectionRepository:]	
10b04c880	10b04c8e3	decompiled	chunks/002/functions-000155.c	+[SCSelectionSectionIndexingItem sortableWithSortableSectionRepository:]	
10b04c8e4	10b04c907	decompiled	chunks/002/functions-000155.c	-[SCSelectionSectionIndexingItem copyWithZone:]	
10b04c908	10b04c98b	decompiled	chunks/002/functions-000155.c	-[SCSelectionSectionIndexingItem hash]	
10b04c98c	10b04c9cf	decompiled	chunks/002/functions-000155.c	-[SCSelectionSectionIndexingItem internalInit]	
10b04c9d0	10b04ca9f	decompiled	chunks/002/functions-000155.c	-[SCSelectionSectionIndexingItem isEqual:]	
10b04caa0	10b04cb27	decompiled	chunks/002/functions-000155.c	-[SCSelectionSectionIndexingItem matchSortable:indexable:]	
10b04cb28	10b04cb63	decompiled	chunks/002/functions-000155.c	-[SCSelectionSectionIndexingItem .cxx_destruct]	
10b04cb64	10b04cbf7	decompiled	chunks/002/functions-000155.c	+[SCSelectionActionInfo selectAllWithFrame:source:]	
10b04cbf8	10b04ccaf	decompiled	chunks/002/functions-000155.c	+[SCSelectionActionInfo singleSelectionWithRecipientId:frame:source:]	
10b04ccb0	10b04ccd3	decompiled	chunks/002/functions-000155.c	-[SCSelectionActionInfo copyWithZone:]	
10b04ccd4	10b04ce5b	decompiled	chunks/002/functions-000155.c	-[SCSelectionActionInfo hash]	
10b04ce5c	10b04ce9f	decompiled	chunks/002/functions-000155.c	-[SCSelectionActionInfo internalInit]	
10b04cea0	10b04cf9f	decompiled	chunks/002/functions-000155.c	-[SCSelectionActionInfo isEqual:]	
10b04cfa0	10b04d03b	decompiled	chunks/002/functions-000155.c	-[SCSelectionActionInfo matchSingleSelection:selectAll:]	
10b04d03c	10b04d077	decompiled	chunks/002/functions-000155.c	-[SCSelectionActionInfo .cxx_destruct]	
10b04d078	10b04d13b	decompiled	chunks/002/functions-000155.c	-[SCSelectionContactNonSnapchatterAdditionalData initWithCoder:]	
10b04d13c	10b04d1f7	decompiled	chunks/002/functions-000155.c	-[SCSelectionContactNonSnapchatterAdditionalData initWithPhoneNumber:score:hashedPhoneNumber:]	
10b04d1f8	10b04d21b	decompiled	chunks/002/functions-000155.c	-[SCSelectionContactNonSnapchatterAdditionalData copyWithZone:]	
10b04d21c	10b04d28f	decompiled	chunks/002/functions-000155.c	-[SCSelectionContactNonSnapchatterAdditionalData encodeWithCoder:]	
10b04d290	10b04d327	decompiled	chunks/002/functions-000155.c	-[SCSelectionContactNonSnapchatterAdditionalData hash]	
10b04d328	10b04d403	decompiled	chunks/002/functions-000155.c	-[SCSelectionContactNonSnapchatterAdditionalData isEqual:]	
10b04d404	10b04d40b	decompiled	chunks/002/functions-000155.c	-[SCSelectionContactNonSnapchatterAdditionalData phoneNumber]	
10b04d40c	10b04d413	decompiled	chunks/002/functions-000155.c	-[SCSelectionContactNonSnapchatterAdditionalData score]	
10b04d414	10b04d41b	decompiled	chunks/002/functions-000155.c	-[SCSelectionContactNonSnapchatterAdditionalData hashedPhoneNumber]	
10b04d41c	10b04d44b	decompiled	chunks/002/functions-000155.c	-[SCSelectionContactNonSnapchatterAdditionalData .cxx_destruct]	
10b04d44c	10b04d54b	decompiled	chunks/002/functions-000155.c	-[SCSearchQuery initWithCoder:]	
10b04d54c	10b04d683	decompiled	chunks/002/functions-000155.c	-[SCSearchQuery initWithQuerySource:queryText:queryUUID:queryLocation:queryParameters:]	
10b04d684	10b04d6a7	decompiled	chunks/002/functions-000155.c	-[SCSearchQuery copyWithZone:]	
10b04d6a8	10b04d72f	decompiled	chunks/002/functions-000155.c	-[SCSearchQuery encodeWithCoder:]	
10b04d730	10b04d7c7	decompiled	chunks/002/functions-000155.c	-[SCSearchQuery hash]	
10b04d7c8	10b04d8b7	decompiled	chunks/002/functions-000155.c	-[SCSearchQuery isEqual:]	
10b04d8b8	10b04d8bf	decompiled	chunks/002/functions-000155.c	-[SCSearchQuery querySource]	
10b04d8c0	10b04d8c7	decompiled	chunks/002/functions-000155.c	-[SCSearchQuery queryText]	
10b04d8c8	10b04d8cf	decompiled	chunks/002/functions-000155.c	-[SCSearchQuery queryUUID]	
10b04d8d0	10b04d8d7	decompiled	chunks/002/functions-000155.c	-[SCSearchQuery queryLocation]	
10b04d8d8	10b04d8df	decompiled	chunks/002/functions-000155.c	-[SCSearchQuery queryParameters]	
10b04d8e0	10b04d933	decompiled	chunks/002/functions-000155.c	-[SCSearchQuery .cxx_destruct]	
10b04d934	10b04d9e7	decompiled	chunks/002/functions-000155.c	-[SCSearchQueryResult initWithSearchQuery:sectionDescriptors:resultState:]	
10b04d9e8	10b04da0b	decompiled	chunks/002/functions-000155.c	-[SCSearchQueryResult copyWithZone:]	
10b04da0c	10b04da8b	decompiled	chunks/002/functions-000155.c	-[SCSearchQueryResult hash]	
10b04da8c	10b04db43	decompiled	chunks/002/functions-000155.c	-[SCSearchQueryResult isEqual:]	
10b04db44	10b04db4b	decompiled	chunks/002/functions-000155.c	-[SCSearchQueryResult searchQuery]	
10b04db4c	10b04db53	decompiled	chunks/002/functions-000155.c	-[SCSearchQueryResult sectionDescriptors]	
10b04db54	10b04db5b	decompiled	chunks/002/functions-000155.c	-[SCSearchQueryResult resultState]	
10b04db5c	10b04db8b	decompiled	chunks/002/functions-000155.c	-[SCSearchQueryResult .cxx_destruct]	
10b04db8c	10b04dc73	decompiled	chunks/002/functions-000155.c	-[SCSearchResultSectionDescriptor initWithType:identifier:displayPolicy:configuration:]	
10b04dc74	10b04dc97	decompiled	chunks/002/functions-000155.c	-[SCSearchResultSectionDescriptor copyWithZone:]	
10b04dc98	10b04dd23	decompiled	chunks/002/functions-000155.c	-[SCSearchResultSectionDescriptor hash]	
10b04dd24	10b04ddf3	decompiled	chunks/002/functions-000155.c	-[SCSearchResultSectionDescriptor isEqual:]	
10b04ddf4	10b04ddfb	decompiled	chunks/002/functions-000155.c	-[SCSearchResultSectionDescriptor type]	
10b04ddfc	10b04de03	decompiled	chunks/002/functions-000155.c	-[SCSearchResultSectionDescriptor identifier]	
10b04de04	10b04de0b	decompiled	chunks/002/functions-000155.c	-[SCSearchResultSectionDescriptor displayPolicy]	
10b04de0c	10b04de13	decompiled	chunks/002/functions-000155.c	-[SCSearchResultSectionDescriptor configuration]	
10b04de14	10b04de4f	decompiled	chunks/002/functions-000155.c	-[SCSearchResultSectionDescriptor .cxx_destruct]	
10b04de50	10b04de57	decompiled	chunks/002/functions-000155.c	-[SCCCreatePostPlaceTagsSelectionSource__Enum init]	
10b04de58	10b04de5f	decompiled	chunks/002/functions-000155.c	-[SCCCreatePostPlaceTagsSelectionType__Enum init]	
10b04de60	10b04de67	decompiled	chunks/002/functions-000155.c	-[SCCCreatePostPostSourceType__Enum init]	
10b04de68	10b04de6f	decompiled	chunks/002/functions-000155.c	-[SCCCreatePostPreviewAssetType__Enum init]	
10b04de70	10b04deb7	decompiled	chunks/002/functions-000155.c	-[SCCCreatePostAddSoundDelegate initWithOnAddSoundTap:]	
10b04deb8	10b04decb	decompiled	chunks/002/functions-000155.c	+[SCCCreatePostAddSoundDelegate valdiMarshallableObjectDescriptor]	
10b04decc	10b04defb	decompiled	chunks/002/functions-000155.c	-[SCCCreatePostAddSoundMusicInfo initWithTrackTitle:artistName:trackType:isOriginalSound:]	
10b04defc	10b04df0f	decompiled	chunks/002/functions-000155.c	+[SCCCreatePostAddSoundMusicInfo valdiMarshallableObjectDescriptor]	
10b04df10	10b04df5f	decompiled	chunks/002/functions-000155.c	-[SCCCreatePostCreatePostConfig initWithDescriptionText:topics:isRemixAllowed:shouldCreateHighlight:]	
10b04df60	10b04df73	decompiled	chunks/002/functions-000155.c	+[SCCCreatePostCreatePostConfig valdiMarshallableObjectDescriptor]	
10b04df74	10b04e0c3	decompiled	chunks/002/functions-000155.c	-[SCCCreatePostCreatePostContext initWithAlertPresenter:userInfoProvider:networkingClient:deckContainerFactory:blizzardLogger:friendStore:webLauncher:createPost:dismiss:]	
10b04e0c4	10b04e0d7	decompiled	chunks/002/functions-000155.c	+[SCCCreatePostCreatePostContext valdiMarshallableObjectDescriptor]	
10b04e0d8	10b04e10f	decompiled	chunks/002/functions-000155.c	-[SCCCreatePostCreatePostViewModel initWithPreviewAssets:showAutoApprovalSetting:showMemberRoleSection:showStoriesSection:]	
10b04e110	10b04e123	decompiled	chunks/002/functions-000155.c	+[SCCCreatePostCreatePostViewModel valdiMarshallableObjectDescriptor]	
10b04e124	10b04e16b	decompiled	chunks/002/functions-000156.c	-[SCCCreatePostEditTileDelegate initWithOnEditTileTap:]	
10b04e16c	10b04e17f	decompiled	chunks/002/functions-000156.c	+[SCCCreatePostEditTileDelegate valdiMarshallableObjectDescriptor]	
10b04e180	10b04e1b3	decompiled	chunks/002/functions-000156.c	-[SCCCreatePostEditedFrame initWithSnapDoc:timestampMs:baseFrameImage:]	
10b04e1b4	10b04e1c7	decompiled	chunks/002/functions-000156.c	+[SCCCreatePostEditedFrame valdiMarshallableObjectDescriptor]	
10b04e1c8	10b04e29b	decompiled	chunks/002/functions-000156.c	-[SCCCreatePostLocationDependencies initWithLatitude:longitude:suggestedLocationsObservable:grpcService:onTapReportVenue:onTapSuggestAPlace:]	
10b04e29c	10b04e2af	decompiled	chunks/002/functions-000156.c	+[SCCCreatePostLocationDependencies valdiMarshallableObjectDescriptor]	
10b04e2b0	10b04e2db	decompiled	chunks/002/functions-000156.c	-[SCCCreatePostLoggingParams initWithPostSource:]	
10b04e2dc	10b04e2ef	decompiled	chunks/002/functions-000156.c	+[SCCCreatePostLoggingParams valdiMarshallableObjectDescriptor]	
10b04e2f0	10b04e317	decompiled	chunks/002/functions-000156.c	-[SCCCreatePostMention initWithUserId:username:displayName:range:]	
10b04e318	10b04e32b	decompiled	chunks/002/functions-000156.c	+[SCCCreatePostMention valdiMarshallableObjectDescriptor]	
10b04e32c	10b04e35f	decompiled	chunks/002/functions-000156.c	-[SCCCreatePostPaidPartnershipConfig initWithHasMusic:isAnonymous:canUseSponsorTool:]	
10b04e360	10b04e373	decompiled	chunks/002/functions-000156.c	+[SCCCreatePostPaidPartnershipConfig valdiMarshallableObjectDescriptor]	
10b04e374	10b04e3af	decompiled	chunks/002/functions-000156.c	-[SCCCreatePostPlaceTagsMetadata initWithLatitude:longitude:source:type:]	
10b04e3b0	10b04e3c3	decompiled	chunks/002/functions-000156.c	+[SCCCreatePostPlaceTagsMetadata valdiMarshallableObjectDescriptor]	
10b04e3c4	10b04e3ef	decompiled	chunks/002/functions-000156.c	-[SCCCreatePostPreviewAsset initWithAsset:type:width:height:]	
10b04e3f0	10b04e403	decompiled	chunks/002/functions-000156.c	+[SCCCreatePostPreviewAsset valdiMarshallableObjectDescriptor]	
10b04e404	10b04e42f	decompiled	chunks/002/functions-000156.c	-[SCCCreatePostRange initWithStart:endExclusive:]	
10b04e430	10b04e443	decompiled	chunks/002/functions-000156.c	+[SCCCreatePostRange valdiMarshallableObjectDescriptor]	
10b04e444	10b04e46f	decompiled	chunks/002/functions-000156.c	-[SCCCreatePostSoundConfig initWithIsImageSnap:audioPresentInVideo:audioEnabled:isMusicSnap:]	
10b04e470	10b04e483	decompiled	chunks/002/functions-000156.c	+[SCCCreatePostSoundConfig valdiMarshallableObjectDescriptor]	
10b04e484	10b04e4ab	decompiled	chunks/002/functions-000156.c	-[SCCCreatePostStoryConfig initWithId2:storyType:]	
10b04e4ac	10b04e4bf	decompiled	chunks/002/functions-000156.c	+[SCCCreatePostStoryConfig valdiMarshallableObjectDescriptor]	
10b04e4c0	10b04e4eb	decompiled	chunks/002/functions-000156.c	-[SCCCreatePostTopic initWithHashtag:]	
10b04e4ec	10b04e583	decompiled	chunks/002/functions-000156.c	+[SCCCreatePostTopic valdiMarshallableObjectDescriptor]	
10b04e584	10b04e717	decompiled	chunks/002/functions-000156.c	-[SCSnapKitOAuth2PermissionPresenterScope initWithUIContainer:oAuth2InputDataModel:phoneNumberVerifyId:features:consentRequired:is1PA:kitPluginType:kitAuthFlowSource:kitVersion:kitIsFromReactNative:kitIsForFirebaseAuthentication:delegate:]	
10b04e718	10b04e71f	decompiled	chunks/002/functions-000156.c	-[SCSnapKitOAuth2PermissionPresenterScope uiContainer]	
10b04e720	10b04e727	decompiled	chunks/002/functions-000156.c	-[SCSnapKitOAuth2PermissionPresenterScope oAuth2InputDataModel]	
10b04e728	10b04e72f	decompiled	chunks/002/functions-000156.c	-[SCSnapKitOAuth2PermissionPresenterScope phoneNumberVerifyId]	
10b04e730	10b04e737	decompiled	chunks/002/functions-000156.c	-[SCSnapKitOAuth2PermissionPresenterScope features]	
10b04e738	10b04e73f	decompiled	chunks/002/functions-000156.c	-[SCSnapKitOAuth2PermissionPresenterScope consentRequired]	
10b04e740	10b04e747	decompiled	chunks/002/functions-000156.c	-[SCSnapKitOAuth2PermissionPresenterScope is1PA]	
10b04e748	10b04e74f	decompiled	chunks/002/functions-000156.c	-[SCSnapKitOAuth2PermissionPresenterScope kitPluginType]	
10b04e750	10b04e757	decompiled	chunks/002/functions-000156.c	-[SCSnapKitOAuth2PermissionPresenterScope kitAuthFlowSource]	
10b04e758	10b04e75f	decompiled	chunks/002/functions-000156.c	-[SCSnapKitOAuth2PermissionPresenterScope kitVersion]	
10b04e760	10b04e767	decompiled	chunks/002/functions-000156.c	-[SCSnapKitOAuth2PermissionPresenterScope isFromReactNative]	
10b04e768	10b04e76f	decompiled	chunks/002/functions-000156.c	-[SCSnapKitOAuth2PermissionPresenterScope isForFirebaseAuthentication]	
10b04e770	10b04e787	decompiled	chunks/002/functions-000156.c	-[SCSnapKitOAuth2PermissionPresenterScope delegate]	
10b04e788	10b04e7e3	decompiled	chunks/002/functions-000156.c	-[SCSnapKitOAuth2PermissionPresenterScope .cxx_destruct]	
10b04e7e4	10b04ea0f	decompiled	chunks/002/functions-000156.c	-[SCOAuth2InputDataModel initWithClientId:sessionId:responseType:redirectUrl:scope:state:codeChallenge:requestIdHash:codeChallengeMethod:codeVerifier:isScanFlow:]	
10b04ea10	10b04ea33	decompiled	chunks/002/functions-000156.c	-[SCOAuth2InputDataModel copyWithZone:]	
10b04ea34	10b04eb0b	decompiled	chunks/002/functions-000156.c	-[SCOAuth2InputDataModel hash]	
10b04eb0c	10b04ec83	decompiled	chunks/002/functions-000156.c	-[SCOAuth2InputDataModel isEqual:]	
10b04ec84	10b04ec8b	decompiled	chunks/002/functions-000156.c	-[SCOAuth2InputDataModel clientId]	
10b04ec8c	10b04ec93	decompiled	chunks/002/functions-000156.c	-[SCOAuth2InputDataModel sessionId]	
10b04ec94	10b04ec9b	decompiled	chunks/002/functions-000156.c	-[SCOAuth2InputDataModel responseType]	
10b04ec9c	10b04eca3	decompiled	chunks/002/functions-000156.c	-[SCOAuth2InputDataModel redirectUrl]	
10b04eca4	10b04ecab	decompiled	chunks/002/functions-000156.c	-[SCOAuth2InputDataModel scope]	
10b04ecac	10b04ecb3	decompiled	chunks/002/functions-000156.c	-[SCOAuth2InputDataModel state]	
10b04ecb4	10b04ecbb	decompiled	chunks/002/functions-000156.c	-[SCOAuth2InputDataModel codeChallenge]	
10b04ecbc	10b04ecc3	decompiled	chunks/002/functions-000156.c	-[SCOAuth2InputDataModel requestIdHash]	
10b04ecc4	10b04eccb	decompiled	chunks/002/functions-000156.c	-[SCOAuth2InputDataModel codeChallengeMethod]	
10b04eccc	10b04ecd3	decompiled	chunks/002/functions-000156.c	-[SCOAuth2InputDataModel codeVerifier]	
10b04ecd4	10b04ecdb	decompiled	chunks/002/functions-000156.c	-[SCOAuth2InputDataModel isScanFlow]	
10b04ecdc	10b04ed6b	decompiled	chunks/002/functions-000156.c	-[SCOAuth2InputDataModel .cxx_destruct]	
10b04ed6c	10b04eddf	decompiled	chunks/002/functions-000156.c	-[SCCanvasConnectionManagementServices initWithConnectionManager:]	
10b04ede0	10b04ede7	decompiled	chunks/002/functions-000156.c	-[SCCanvasConnectionManagementServices connectionManager]	
10b04ede8	10b04edf3	decompiled	chunks/002/functions-000156.c	-[SCCanvasConnectionManagementServices .cxx_destruct]	
10b04edf4	10b04eecb	decompiled	chunks/002/functions-000156.c	-[SCAuthApprovalResponseModel initWithRedirectUri:code:state:]	
10b04eecc	10b04eeef	decompiled	chunks/002/functions-000156.c	-[SCAuthApprovalResponseModel copyWithZone:]	
10b04eef0	10b04ef6f	decompiled	chunks/002/functions-000156.c	-[SCAuthApprovalResponseModel hash]	
10b04ef70	10b04f02f	decompiled	chunks/002/functions-000156.c	-[SCAuthApprovalResponseModel isEqual:]	
10b04f030	10b04f037	decompiled	chunks/002/functions-000156.c	-[SCAuthApprovalResponseModel redirectUri]	
10b04f038	10b04f03f	decompiled	chunks/002/functions-000156.c	-[SCAuthApprovalResponseModel code]	
10b04f040	10b04f047	decompiled	chunks/002/functions-000156.c	-[SCAuthApprovalResponseModel state]	
10b04f048	10b04f083	decompiled	chunks/002/functions-000156.c	-[SCAuthApprovalResponseModel .cxx_destruct]	
10b04f084	10b04f21b	decompiled	chunks/002/functions-000156.c	-[SCAuthAuthorizationRequestModel initWithResponseType:clientId:redirectUri:scope:state:codeChallengeMethod:codeChallenge:]	
10b04f21c	10b04f23f	decompiled	chunks/002/functions-000156.c	-[SCAuthAuthorizationRequestModel copyWithZone:]	
10b04f240	10b04f2ef	decompiled	chunks/002/functions-000156.c	-[SCAuthAuthorizationRequestModel hash]	
10b04f2f0	10b04f40f	decompiled	chunks/002/functions-000156.c	-[SCAuthAuthorizationRequestModel isEqual:]	
10b04f410	10b04f417	decompiled	chunks/002/functions-000156.c	-[SCAuthAuthorizationRequestModel responseType]	
10b04f418	10b04f41f	decompiled	chunks/002/functions-000156.c	-[SCAuthAuthorizationRequestModel clientId]	
10b04f420	10b04f427	decompiled	chunks/002/functions-000156.c	-[SCAuthAuthorizationRequestModel redirectUri]	
10b04f428	10b04f42f	decompiled	chunks/002/functions-000156.c	-[SCAuthAuthorizationRequestModel scope]	
10b04f430	10b04f437	decompiled	chunks/002/functions-000156.c	-[SCAuthAuthorizationRequestModel state]	
10b04f438	10b04f43f	decompiled	chunks/002/functions-000156.c	-[SCAuthAuthorizationRequestModel codeChallengeMethod]	
10b04f440	10b04f447	decompiled	chunks/002/functions-000156.c	-[SCAuthAuthorizationRequestModel codeChallenge]	
10b04f448	10b04f4b3	decompiled	chunks/002/functions-000156.c	-[SCAuthAuthorizationRequestModel .cxx_destruct]	
10b04f4b4	10b04f603	decompiled	chunks/002/functions-000156.c	-[SCAuthAuthorizationResponseModel initWithApprovalToken:clientName:clientDescription:clientIconURL:scopesRequestedArray:scopesRequestedArray_Count:consentRequired:]	
10b04f604	10b04f627	decompiled	chunks/002/functions-000156.c	-[SCAuthAuthorizationResponseModel copyWithZone:]	
10b04f628	10b04f6cb	decompiled	chunks/002/functions-000156.c	-[SCAuthAuthorizationResponseModel hash]	
10b04f6cc	10b04f7db	decompiled	chunks/002/functions-000156.c	-[SCAuthAuthorizationResponseModel isEqual:]	
10b04f7dc	10b04f7e3	decompiled	chunks/002/functions-000156.c	-[SCAuthAuthorizationResponseModel approvalToken]	
10b04f7e4	10b04f7eb	decompiled	chunks/002/functions-000156.c	-[SCAuthAuthorizationResponseModel clientName]	
10b04f7ec	10b04f7f3	decompiled	chunks/002/functions-000156.c	-[SCAuthAuthorizationResponseModel clientDescription]	
10b04f7f4	10b04f7fb	decompiled	chunks/002/functions-000156.c	-[SCAuthAuthorizationResponseModel clientIconURL]	
10b04f7fc	10b04f803	decompiled	chunks/002/functions-000156.c	-[SCAuthAuthorizationResponseModel scopesRequestedArray]	
10b04f804	10b04f80b	decompiled	chunks/002/functions-000156.c	-[SCAuthAuthorizationResponseModel scopesRequestedArray_Count]	
10b04f80c	10b04f813	decompiled	chunks/002/functions-000156.c	-[SCAuthAuthorizationResponseModel consentRequired]	
10b04f814	10b04f867	decompiled	chunks/002/functions-000156.c	-[SCAuthAuthorizationResponseModel .cxx_destruct]	
10b04f868	10b04f957	decompiled	chunks/002/functions-000156.c	-[SCAuthScopeModel initWithName:descriptionsArray:descriptionsArray_Count:toggleable:icon:]	
10b04f958	10b04f97b	decompiled	chunks/002/functions-000156.c	-[SCAuthScopeModel copyWithZone:]	
10b04f97c	10b04fa07	decompiled	chunks/002/functions-000156.c	-[SCAuthScopeModel hash]	
10b04fa08	10b04fae7	decompiled	chunks/002/functions-000156.c	-[SCAuthScopeModel isEqual:]	
10b04fae8	10b04faef	decompiled	chunks/002/functions-000156.c	-[SCAuthScopeModel name]	
10b04faf0	10b04faf7	decompiled	chunks/002/functions-000156.c	-[SCAuthScopeModel descriptionsArray]	
10b04faf8	10b04faff	decompiled	chunks/002/functions-000156.c	-[SCAuthScopeModel descriptionsArray_Count]	
10b04fb00	10b04fb07	decompiled	chunks/002/functions-000156.c	-[SCAuthScopeModel toggleable]	
10b04fb08	10b04fb0f	decompiled	chunks/002/functions-000156.c	-[SCAuthScopeModel icon]	
10b04fb10	10b04fb4b	decompiled	chunks/002/functions-000156.c	-[SCAuthScopeModel .cxx_destruct]	
10b04fb4c	10b04fce7	decompiled	chunks/002/functions-000156.c	-[SCCanvasAppConnection initWithApplicationId:applicationName:applicationIconURL:approvedScopes:connectionTimestamp:appContext:snapKitFeatures:isConnected:hasPrivateStorageData:isFirstPartyApp:]	
10b04fce8	10b04fd0b	decompiled	chunks/002/functions-000157.c	-[SCCanvasAppConnection copyWithZone:]	
10b04fd0c	10b04fdc3	decompiled	chunks/002/functions-000157.c	-[SCCanvasAppConnection hash]	
10b04fdc4	10b04ff0b	decompiled	chunks/002/functions-000157.c	-[SCCanvasAppConnection isEqual:]	
10b04ff0c	10b04ff13	decompiled	chunks/002/functions-000157.c	-[SCCanvasAppConnection applicationId]	
10b04ff14	10b04ff1b	decompiled	chunks/002/functions-000157.c	-[SCCanvasAppConnection applicationName]	
10b04ff1c	10b04ff23	decompiled	chunks/002/functions-000157.c	-[SCCanvasAppConnection applicationIconURL]	
10b04ff24	10b04ff2b	decompiled	chunks/002/functions-000157.c	-[SCCanvasAppConnection approvedScopes]	
10b04ff2c	10b04ff33	decompiled	chunks/002/functions-000157.c	-[SCCanvasAppConnection connectionTimestamp]	
10b04ff34	10b04ff3b	decompiled	chunks/002/functions-000157.c	-[SCCanvasAppConnection appContext]	
10b04ff3c	10b04ff43	decompiled	chunks/002/functions-000157.c	-[SCCanvasAppConnection snapKitFeatures]	
10b04ff44	10b04ff4b	decompiled	chunks/002/functions-000157.c	-[SCCanvasAppConnection isConnected]	
10b04ff4c	10b04ff53	decompiled	chunks/002/functions-000157.c	-[SCCanvasAppConnection hasPrivateStorageData]	
10b04ff54	10b04ff5b	decompiled	chunks/002/functions-000157.c	-[SCCanvasAppConnection isFirstPartyApp]	
10b04ff5c	10b04ffbb	decompiled	chunks/002/functions-000157.c	-[SCCanvasAppConnection .cxx_destruct]	
10b04ffbc	10b0500a3	decompiled	chunks/002/functions-000157.c	-[SCCanvasAppOAuthScope initWithName:toggleable:descriptions:iconURL:]	
10b0500a4	10b0500c7	decompiled	chunks/002/functions-000157.c	-[SCCanvasAppOAuthScope copyWithZone:]	
10b0500c8	10b05014b	decompiled	chunks/002/functions-000157.c	-[SCCanvasAppOAuthScope hash]	
10b05014c	10b05021b	decompiled	chunks/002/functions-000157.c	-[SCCanvasAppOAuthScope isEqual:]	
10b05021c	10b050223	decompiled	chunks/002/functions-000157.c	-[SCCanvasAppOAuthScope name]	
10b050224	10b05022b	decompiled	chunks/002/functions-000157.c	-[SCCanvasAppOAuthScope toggleable]	
10b05022c	10b050233	decompiled	chunks/002/functions-000157.c	-[SCCanvasAppOAuthScope descriptions]	
10b050234	10b05023b	decompiled	chunks/002/functions-000157.c	-[SCCanvasAppOAuthScope iconURL]	
10b05023c	10b050277	decompiled	chunks/002/functions-000157.c	-[SCCanvasAppOAuthScope .cxx_destruct]	
10b050278	10b05032b	decompiled	chunks/002/functions-000157.c	-[SCCanvasAppSnapKitFeature initWithName:toggleable:iconURL:]	
10b05032c	10b05034f	decompiled	chunks/002/functions-000157.c	-[SCCanvasAppSnapKitFeature copyWithZone:]	
10b050350	10b0503c7	decompiled	chunks/002/functions-000157.c	-[SCCanvasAppSnapKitFeature hash]	
10b0503c8	10b05047f	decompiled	chunks/002/functions-000157.c	-[SCCanvasAppSnapKitFeature isEqual:]	
10b050480	10b050487	decompiled	chunks/002/functions-000157.c	-[SCCanvasAppSnapKitFeature name]	
10b050488	10b05048f	decompiled	chunks/002/functions-000157.c	-[SCCanvasAppSnapKitFeature toggleable]	
10b050490	10b050497	decompiled	chunks/002/functions-000157.c	-[SCCanvasAppSnapKitFeature iconURL]	
10b050498	10b0504c7	decompiled	chunks/002/functions-000157.c	-[SCCanvasAppSnapKitFeature .cxx_destruct]	
10b0504c8	10b050593	decompiled	chunks/002/functions-000157.c	-[SCFeedReplyParameters initWithCellViewPosition:isDoubleTap:isFromChatActionMenu:friendsFeedShortcutType:isReplyCta:]	
10b050594	10b0505b7	decompiled	chunks/002/functions-000157.c	-[SCFeedReplyParameters copyWithZone:]	
10b0505b8	10b05063b	decompiled	chunks/002/functions-000157.c	-[SCFeedReplyParameters hash]	
10b05063c	10b050713	decompiled	chunks/002/functions-000157.c	-[SCFeedReplyParameters isEqual:]	
10b050714	10b05071b	decompiled	chunks/002/functions-000157.c	-[SCFeedReplyParameters cellViewPosition]	
10b05071c	10b050723	decompiled	chunks/002/functions-000157.c	-[SCFeedReplyParameters isDoubleTap]	
10b050724	10b05072b	decompiled	chunks/002/functions-000157.c	-[SCFeedReplyParameters isFromChatActionMenu]	
10b05072c	10b050733	decompiled	chunks/002/functions-000157.c	-[SCFeedReplyParameters friendsFeedShortcutType]	
10b050734	10b05073b	decompiled	chunks/002/functions-000157.c	-[SCFeedReplyParameters isReplyCta]	
10b05073c	10b05076b	decompiled	chunks/002/functions-000157.c	-[SCFeedReplyParameters .cxx_destruct]	
10b05076c	10b0507b3	decompiled	chunks/002/functions-000157.c	-[SCDiscoverFeedReplyParameters initWithIsMobStory:]	
10b0507b4	10b0507d7	decompiled	chunks/002/functions-000157.c	-[SCDiscoverFeedReplyParameters copyWithZone:]	
10b0507d8	10b0507df	decompiled	chunks/002/functions-000157.c	-[SCDiscoverFeedReplyParameters hash]	
10b0507e0	10b050867	decompiled	chunks/002/functions-000157.c	-[SCDiscoverFeedReplyParameters isEqual:]	
10b050868	10b05086f	decompiled	chunks/002/functions-000157.c	-[SCDiscoverFeedReplyParameters isMobStory]	
10b050870	10b050a5f	decompiled	chunks/002/functions-000157.c	-[SCContextReplyParameters initWithIsFromContextMenu:remixNotifiedUsernames:remixSourceSnapId:remixSourceUserId:remixLaunchSource:remixCaptureType:remixPermission:contextSessionId:isReplyToStory:isPreviewSavingDisabled:isLaunchedBySnapBackAction:cameraModeParameters:remixExportItem:storyReplyOriginMetadata:]	
10b050a60	10b050a83	decompiled	chunks/002/functions-000157.c	-[SCContextReplyParameters copyWithZone:]	
10b050a84	10b050b57	decompiled	chunks/002/functions-000157.c	-[SCContextReplyParameters hash]	
10b050b58	10b050ce7	decompiled	chunks/002/functions-000157.c	-[SCContextReplyParameters isEqual:]	
10b050ce8	10b050cef	decompiled	chunks/002/functions-000157.c	-[SCContextReplyParameters isFromContextMenu]	
10b050cf0	10b050cf7	decompiled	chunks/002/functions-000157.c	-[SCContextReplyParameters remixNotifiedUsernames]	
10b050cf8	10b050cff	decompiled	chunks/002/functions-000157.c	-[SCContextReplyParameters remixSourceSnapId]	
10b050d00	10b050d07	decompiled	chunks/002/functions-000157.c	-[SCContextReplyParameters remixSourceUserId]	
10b050d08	10b050d0f	decompiled	chunks/002/functions-000157.c	-[SCContextReplyParameters remixLaunchSource]	
10b050d10	10b050d17	decompiled	chunks/002/functions-000157.c	-[SCContextReplyParameters remixCaptureType]	
10b050d18	10b050d1f	decompiled	chunks/002/functions-000157.c	-[SCContextReplyParameters remixPermission]	
10b050d20	10b050d27	decompiled	chunks/002/functions-000157.c	-[SCContextReplyParameters contextSessionId]	
10b050d28	10b050d2f	decompiled	chunks/002/functions-000157.c	-[SCContextReplyParameters isReplyToStory]	
10b050d30	10b050d37	decompiled	chunks/002/functions-000157.c	-[SCContextReplyParameters isPreviewSavingDisabled]	
10b050d38	10b050d3f	decompiled	chunks/002/functions-000157.c	-[SCContextReplyParameters isLaunchedBySnapBackAction]	
10b050d40	10b050d47	decompiled	chunks/002/functions-000157.c	-[SCContextReplyParameters cameraModeParameters]	
10b050d48	10b050d4f	decompiled	chunks/002/functions-000157.c	-[SCContextReplyParameters remixExportItem]	
10b050d50	10b050d57	decompiled	chunks/002/functions-000157.c	-[SCContextReplyParameters storyReplyOriginMetadata]	
10b050d58	10b050dc3	decompiled	chunks/002/functions-000157.c	-[SCContextReplyParameters .cxx_destruct]	
10b050dc4	10b050e6f	decompiled	chunks/002/functions-000157.c	-[SCTopicsReplyParameters initWithTopicToAdd:contextSessionId:]	
10b050e70	10b050e93	decompiled	chunks/002/functions-000157.c	-[SCTopicsReplyParameters copyWithZone:]	
10b050e94	10b050f07	decompiled	chunks/002/functions-000157.c	-[SCTopicsReplyParameters hash]	
10b050f08	10b050faf	decompiled	chunks/002/functions-000157.c	-[SCTopicsReplyParameters isEqual:]	
10b050fb0	10b050fb7	decompiled	chunks/002/functions-000157.c	-[SCTopicsReplyParameters topicToAdd]	
10b050fb8	10b050fbf	decompiled	chunks/002/functions-000157.c	-[SCTopicsReplyParameters contextSessionId]	
10b050fc0	10b050fef	decompiled	chunks/002/functions-000157.c	-[SCTopicsReplyParameters .cxx_destruct]	
10b050ff0	10b051037	decompiled	chunks/002/functions-000157.c	-[SCOperaReplyParameters initWithIsBottomSnapCamera:]	
10b051038	10b05105b	decompiled	chunks/002/functions-000157.c	-[SCOperaReplyParameters copyWithZone:]	
10b05105c	10b051063	decompiled	chunks/002/functions-000157.c	-[SCOperaReplyParameters hash]	
10b051064	10b0510eb	decompiled	chunks/002/functions-000157.c	-[SCOperaReplyParameters isEqual:]	
10b0510ec	10b0510f3	decompiled	chunks/002/functions-000157.c	-[SCOperaReplyParameters isBottomSnapCamera]	
10b0510f4	10b051157	decompiled	chunks/002/functions-000157.c	+[SCReplyConfiguration basicReplyConfigurationWithBasicParameters:]	
10b051158	10b0511ef	decompiled	chunks/002/functions-000157.c	+[SCReplyConfiguration commentsSnapReplyConfigurationWithBasicParameters:commentsSnapReplyParameters:]	
10b0511f0	10b051287	decompiled	chunks/002/functions-000157.c	+[SCReplyConfiguration contextReplyConfigurationWithBasicParameters:contextParameters:]	
10b051288	10b05131f	decompiled	chunks/002/functions-000157.c	+[SCReplyConfiguration creatorSubscriptionsReplyConfigurationWithBasicParameters:creatorSubscriptionsParameters:]	
10b051320	10b0513b7	decompiled	chunks/002/functions-000157.c	+[SCReplyConfiguration discoverFeedReplyConfigurationWithBasicParameters:discoverFeedParameters:]	
10b0513b8	10b05144f	decompiled	chunks/002/functions-000157.c	+[SCReplyConfiguration feedReplyConfigurationWithBasicParameters:feedParameters:]	
10b051450	10b0514e7	decompiled	chunks/002/functions-000157.c	+[SCReplyConfiguration impalaReplyConfigurationWithBasicParameters:impalaParameters:]	
10b0514e8	10b051673	decompiled	chunks/002/functions-000157.c	+[SCReplyConfiguration lensReplyConfigurationWithBasicParameters:lensParameters:gamesReplyParameters:impalaReplyParams:contextReplyParameters:topicReplyParameters:lensConfigReplyParameters:]	
10b051674	10b05170b	decompiled	chunks/002/functions-000157.c	+[SCReplyConfiguration operaReplyConfigurationWithBasicParameters:operaParameters:]	
10b05170c	10b0517a3	decompiled	chunks/002/functions-000157.c	+[SCReplyConfiguration streakRestoreReplyConfigurationWithBasicParameters:streakRestoreParameters:]	
10b0517a4	10b05183b	decompiled	chunks/002/functions-000157.c	+[SCReplyConfiguration topicsReplyConfigurationWithBasicParameters:replyParameters:]	
10b05183c	10b05185f	decompiled	chunks/002/functions-000157.c	-[SCReplyConfiguration copyWithZone:]	
10b051860	10b0519f7	decompiled	chunks/002/functions-000157.c	-[SCReplyConfiguration hash]	
10b0519f8	10b051a3b	decompiled	chunks/002/functions-000157.c	-[SCReplyConfiguration internalInit]	
10b051a3c	10b051d33	decompiled	chunks/002/functions-000157.c	-[SCReplyConfiguration isEqual:]	
10b051d34	10b051f77	decompiled	chunks/002/functions-000157.c	-[SCReplyConfiguration matchBasicReplyConfiguration:contextReplyConfiguration:discoverFeedReplyConfiguration:feedReplyConfiguration:impalaReplyConfiguration:lensReplyConfiguration:operaReplyConfiguration:topicsReplyConfiguration:streakRestoreReplyConfiguration:commentsSnapReplyConfiguration:creatorSubscriptionsReplyConfiguration:]	
10b051f78	10b0520c7	decompiled	chunks/002/functions-000157.c	-[SCReplyConfiguration .cxx_destruct]	
10b0520c8	10b0523a7	decompiled	chunks/002/functions-000157.c	-[SCPromptLensReplyParameters initWithCoder:]	
10b0523a8	10b0526f3	decompiled	chunks/002/functions-000157.c	-[SCPromptLensReplyParameters initWithLensId:promptId:promptEncryptionKey:flowType:promptCreatorId:promptReceiverUserId:overWrittenReplyUserId:promptCreatorName:responseId:responseEncryptionKey:enableCaptureButton:storyServerId:chatMessageId:tappableElementKey:mediaFilepath:overlayCacheKey:isVideo:]	
10b0526f4	10b052717	decompiled	chunks/002/functions-000157.c	-[SCPromptLensReplyParameters copyWithZone:]	
10b052718	10b0528a3	decompiled	chunks/002/functions-000157.c	-[SCPromptLensReplyParameters encodeWithCoder:]	
10b0528a4	10b0529bb	decompiled	chunks/002/functions-000157.c	-[SCPromptLensReplyParameters hash]	
10b0529bc	10b052bbb	decompiled	chunks/002/functions-000157.c	-[SCPromptLensReplyParameters isEqual:]	
10b052bbc	10b052bc3	decompiled	chunks/002/functions-000158.c	-[SCPromptLensReplyParameters lensId]	
10b052bc4	10b052bcb	decompiled	chunks/002/functions-000158.c	-[SCPromptLensReplyParameters promptId]	
10b052bcc	10b052bd3	decompiled	chunks/002/functions-000158.c	-[SCPromptLensReplyParameters promptEncryptionKey]	
10b052bd4	10b052bdb	decompiled	chunks/002/functions-000158.c	-[SCPromptLensReplyParameters flowType]	
10b052bdc	10b052be3	decompiled	chunks/002/functions-000158.c	-[SCPromptLensReplyParameters promptCreatorId]	
10b052be4	10b052beb	decompiled	chunks/002/functions-000158.c	-[SCPromptLensReplyParameters promptReceiverUserId]	
10b052bec	10b052bf3	decompiled	chunks/002/functions-000158.c	-[SCPromptLensReplyParameters overWrittenReplyUserId]	
10b052bf4	10b052bfb	decompiled	chunks/002/functions-000158.c	-[SCPromptLensReplyParameters promptCreatorName]	
10b052bfc	10b052c03	decompiled	chunks/002/functions-000158.c	-[SCPromptLensReplyParameters responseId]	
10b052c04	10b052c0b	decompiled	chunks/002/functions-000158.c	-[SCPromptLensReplyParameters responseEncryptionKey]	
10b052c0c	10b052c13	decompiled	chunks/002/functions-000158.c	-[SCPromptLensReplyParameters enableCaptureButton]	
10b052c14	10b052c1b	decompiled	chunks/002/functions-000158.c	-[SCPromptLensReplyParameters storyServerId]	
10b052c1c	10b052c23	decompiled	chunks/002/functions-000158.c	-[SCPromptLensReplyParameters chatMessageId]	
10b052c24	10b052c2b	decompiled	chunks/002/functions-000158.c	-[SCPromptLensReplyParameters tappableElementKey]	
10b052c2c	10b052c33	decompiled	chunks/002/functions-000158.c	-[SCPromptLensReplyParameters mediaFilepath]	
10b052c34	10b052c3b	decompiled	chunks/002/functions-000158.c	-[SCPromptLensReplyParameters overlayCacheKey]	
10b052c3c	10b052c43	decompiled	chunks/002/functions-000158.c	-[SCPromptLensReplyParameters isVideo]	
10b052c44	10b052d0f	decompiled	chunks/002/functions-000158.c	-[SCPromptLensReplyParameters .cxx_destruct]	
10b052d10	10b052dbb	decompiled	chunks/002/functions-000158.c	-[SCLensConfigReplyParameters initWithPromptLensReplyParams:inLensCreationReplyParams:]	
10b052dbc	10b052ddf	decompiled	chunks/002/functions-000158.c	-[SCLensConfigReplyParameters copyWithZone:]	
10b052de0	10b052e53	decompiled	chunks/002/functions-000158.c	-[SCLensConfigReplyParameters hash]	
10b052e54	10b052efb	decompiled	chunks/002/functions-000158.c	-[SCLensConfigReplyParameters isEqual:]	
10b052efc	10b052f03	decompiled	chunks/002/functions-000158.c	-[SCLensConfigReplyParameters promptLensReplyParams]	
10b052f04	10b052f0b	decompiled	chunks/002/functions-000158.c	-[SCLensConfigReplyParameters inLensCreationReplyParams]	
10b052f0c	10b052f3b	decompiled	chunks/002/functions-000158.c	-[SCLensConfigReplyParameters .cxx_destruct]	
10b052f3c	10b053037	decompiled	chunks/002/functions-000158.c	-[SCInLensCreationReplyParameters initWithLensId:customizationId:customizationFuture:replySenderUserId:]	
10b053038	10b05305b	decompiled	chunks/002/functions-000158.c	-[SCInLensCreationReplyParameters copyWithZone:]	
10b05305c	10b0530e7	decompiled	chunks/002/functions-000158.c	-[SCInLensCreationReplyParameters hash]	
10b0530e8	10b0531bf	decompiled	chunks/002/functions-000158.c	-[SCInLensCreationReplyParameters isEqual:]	
10b0531c0	10b0531c7	decompiled	chunks/002/functions-000158.c	-[SCInLensCreationReplyParameters lensId]	
10b0531c8	10b0531cf	decompiled	chunks/002/functions-000158.c	-[SCInLensCreationReplyParameters customizationId]	
10b0531d0	10b0531d7	decompiled	chunks/002/functions-000158.c	-[SCInLensCreationReplyParameters customizationFuture]	
10b0531d8	10b0531df	decompiled	chunks/002/functions-000158.c	-[SCInLensCreationReplyParameters replySenderUserId]	
10b0531e0	10b053227	decompiled	chunks/002/functions-000158.c	-[SCInLensCreationReplyParameters .cxx_destruct]	
10b053228	10b0532d3	decompiled	chunks/002/functions-000158.c	-[SCInLensCreationConfigMention initWithUserId:username:]	
10b0532d4	10b0532f7	decompiled	chunks/002/functions-000158.c	-[SCInLensCreationConfigMention copyWithZone:]	
10b0532f8	10b05336b	decompiled	chunks/002/functions-000158.c	-[SCInLensCreationConfigMention hash]	
10b05336c	10b053413	decompiled	chunks/002/functions-000158.c	-[SCInLensCreationConfigMention isEqual:]	
10b053414	10b05341b	decompiled	chunks/002/functions-000158.c	-[SCInLensCreationConfigMention userId]	
10b05341c	10b053423	decompiled	chunks/002/functions-000158.c	-[SCInLensCreationConfigMention username]	
10b053424	10b053453	decompiled	chunks/002/functions-000158.c	-[SCInLensCreationConfigMention .cxx_destruct]	
10b053454	10b053567	decompiled	chunks/002/functions-000158.c	-[SCInLensCreationConfig initWithCustomization:previewText:promptType:mentions:senderUserId:]	
10b053568	10b05358b	decompiled	chunks/002/functions-000158.c	-[SCInLensCreationConfig copyWithZone:]	
10b05358c	10b053623	decompiled	chunks/002/functions-000158.c	-[SCInLensCreationConfig hash]	
10b053624	10b05370b	decompiled	chunks/002/functions-000158.c	-[SCInLensCreationConfig isEqual:]	
10b05370c	10b053713	decompiled	chunks/002/functions-000158.c	-[SCInLensCreationConfig customization]	
10b053714	10b05371b	decompiled	chunks/002/functions-000158.c	-[SCInLensCreationConfig previewText]	
10b05371c	10b053723	decompiled	chunks/002/functions-000158.c	-[SCInLensCreationConfig promptType]	
10b053724	10b05372b	decompiled	chunks/002/functions-000158.c	-[SCInLensCreationConfig mentions]	
10b05372c	10b053733	decompiled	chunks/002/functions-000158.c	-[SCInLensCreationConfig senderUserId]	
10b053734	10b05377b	decompiled	chunks/002/functions-000158.c	-[SCInLensCreationConfig .cxx_destruct]	
10b05377c	10b0537f3	decompiled	chunks/002/functions-000158.c	-[SCCommentsSnapReplyParameters initWithOriginalCompositeStoryId:]	
10b0537f4	10b053817	decompiled	chunks/002/functions-000158.c	-[SCCommentsSnapReplyParameters copyWithZone:]	
10b053818	10b05381f	decompiled	chunks/002/functions-000158.c	-[SCCommentsSnapReplyParameters hash]	
10b053820	10b0538af	decompiled	chunks/002/functions-000158.c	-[SCCommentsSnapReplyParameters isEqual:]	
10b0538b0	10b0538b7	decompiled	chunks/002/functions-000158.c	-[SCCommentsSnapReplyParameters originalCompositeStoryId]	
10b0538b8	10b0538c3	decompiled	chunks/002/functions-000158.c	-[SCCommentsSnapReplyParameters .cxx_destruct]	
10b0538c4	10b053977	decompiled	chunks/002/functions-000158.c	-[SCGamesReplyParameters initWithSessionId:conversationId:isNewGameSession:]	
10b053978	10b05399b	decompiled	chunks/002/functions-000158.c	-[SCGamesReplyParameters copyWithZone:]	
10b05399c	10b053a13	decompiled	chunks/002/functions-000158.c	-[SCGamesReplyParameters hash]	
10b053a14	10b053acb	decompiled	chunks/002/functions-000158.c	-[SCGamesReplyParameters isEqual:]	
10b053acc	10b053ad3	decompiled	chunks/002/functions-000158.c	-[SCGamesReplyParameters sessionId]	
10b053ad4	10b053adb	decompiled	chunks/002/functions-000158.c	-[SCGamesReplyParameters conversationId]	
10b053adc	10b053ae3	decompiled	chunks/002/functions-000158.c	-[SCGamesReplyParameters isNewGameSession]	
10b053ae4	10b053b13	decompiled	chunks/002/functions-000158.c	-[SCGamesReplyParameters .cxx_destruct]	
10b053b14	10b053bc7	decompiled	chunks/002/functions-000158.c	-[SCStoryReplyOriginMetadata initWithIsSnapProStoryReply:posterUserId:originalSnapId:]	
10b053bc8	10b053beb	decompiled	chunks/002/functions-000158.c	-[SCStoryReplyOriginMetadata copyWithZone:]	
10b053bec	10b053c67	decompiled	chunks/002/functions-000158.c	-[SCStoryReplyOriginMetadata hash]	
10b053c68	10b053d1f	decompiled	chunks/002/functions-000158.c	-[SCStoryReplyOriginMetadata isEqual:]	
10b053d20	10b053d27	decompiled	chunks/002/functions-000158.c	-[SCStoryReplyOriginMetadata isSnapProStoryReply]	
10b053d28	10b053d2f	decompiled	chunks/002/functions-000158.c	-[SCStoryReplyOriginMetadata posterUserId]	
10b053d30	10b053d37	decompiled	chunks/002/functions-000158.c	-[SCStoryReplyOriginMetadata originalSnapId]	
10b053d38	10b053d67	decompiled	chunks/002/functions-000158.c	-[SCStoryReplyOriginMetadata .cxx_destruct]	
10b053d68	10b053e2f	decompiled	chunks/002/functions-000158.c	-[SCBasicReplyParameters initWithReplyDestination:snapSource:navigationType:replyPretext:optionalParameters:]	
10b053e30	10b053e53	decompiled	chunks/002/functions-000158.c	-[SCBasicReplyParameters copyWithZone:]	
10b053e54	10b053ed7	decompiled	chunks/002/functions-000158.c	-[SCBasicReplyParameters hash]	
10b053ed8	10b053faf	decompiled	chunks/002/functions-000158.c	-[SCBasicReplyParameters isEqual:]	
10b053fb0	10b053fb7	decompiled	chunks/002/functions-000158.c	-[SCBasicReplyParameters replyDestination]	
10b053fb8	10b053fbf	decompiled	chunks/002/functions-000158.c	-[SCBasicReplyParameters snapSource]	
10b053fc0	10b053fc7	decompiled	chunks/002/functions-000158.c	-[SCBasicReplyParameters navigationType]	
10b053fc8	10b053fcf	decompiled	chunks/002/functions-000158.c	-[SCBasicReplyParameters replyPretext]	
10b053fd0	10b053fd7	decompiled	chunks/002/functions-000158.c	-[SCBasicReplyParameters optionalParameters]	
10b053fd8	10b054007	decompiled	chunks/002/functions-000158.c	-[SCBasicReplyParameters .cxx_destruct]	
10b054008	10b05412b	decompiled	chunks/002/functions-000158.c	-[SCOptionalBasicReplyParameters initWithReplyType:context:replyUserId:replyDisplayName:quotedMessageId:isBirthday:]	
10b05412c	10b05414f	decompiled	chunks/002/functions-000158.c	-[SCOptionalBasicReplyParameters copyWithZone:]	
10b054150	10b0541eb	decompiled	chunks/002/functions-000158.c	-[SCOptionalBasicReplyParameters hash]	
10b0541ec	10b0542e3	decompiled	chunks/002/functions-000158.c	-[SCOptionalBasicReplyParameters isEqual:]	
10b0542e4	10b0542eb	decompiled	chunks/002/functions-000158.c	-[SCOptionalBasicReplyParameters replyType]	
10b0542ec	10b0542f3	decompiled	chunks/002/functions-000158.c	-[SCOptionalBasicReplyParameters context]	
10b0542f4	10b0542fb	decompiled	chunks/002/functions-000158.c	-[SCOptionalBasicReplyParameters replyUserId]	
10b0542fc	10b054303	decompiled	chunks/002/functions-000158.c	-[SCOptionalBasicReplyParameters replyDisplayName]	
10b054304	10b05430b	decompiled	chunks/002/functions-000158.c	-[SCOptionalBasicReplyParameters quotedMessageId]	
10b05430c	10b054313	decompiled	chunks/002/functions-000158.c	-[SCOptionalBasicReplyParameters isBirthday]	
10b054314	10b05435b	decompiled	chunks/002/functions-000158.c	-[SCOptionalBasicReplyParameters .cxx_destruct]	
10b05435c	10b0543c7	decompiled	chunks/002/functions-000158.c	+[SCReplyDestination groupWithConversationId:]	
10b0543c8	10b05445f	decompiled	chunks/002/functions-000158.c	+[SCReplyDestination multirecipientWithUserIds:groupIds:]	
10b054460	10b0544eb	decompiled	chunks/002/functions-000158.c	+[SCReplyDestination storyWithStoryId:addToSpotlight:addToOurStory:addToMyStory:]	
10b0544ec	10b05454f	decompiled	chunks/002/functions-000158.c	+[SCReplyDestination userWithUsername:]	
10b054550	10b054573	decompiled	chunks/002/functions-000158.c	-[SCReplyDestination copyWithZone:]	
10b054574	10b05461f	decompiled	chunks/002/functions-000158.c	-[SCReplyDestination hash]	
10b054620	10b054663	decompiled	chunks/002/functions-000159.c	-[SCReplyDestination internalInit]	
10b054664	10b054793	decompiled	chunks/002/functions-000159.c	-[SCReplyDestination isEqual:]	
10b054794	10b054897	decompiled	chunks/002/functions-000159.c	-[SCReplyDestination matchUser:group:story:multirecipient:]	
10b054898	10b0548eb	decompiled	chunks/002/functions-000159.c	-[SCReplyDestination .cxx_destruct]	
10b0548ec	10b05497b	decompiled	chunks/002/functions-000159.c	-[SCLensReplyParameters initWithShouldHideRecipientNameView:roleType:unlockableSnapInfo:]	
10b05497c	10b05499f	decompiled	chunks/002/functions-000159.c	-[SCLensReplyParameters copyWithZone:]	
10b0549a0	10b054a0b	decompiled	chunks/002/functions-000159.c	-[SCLensReplyParameters hash]	
10b054a0c	10b054abb	decompiled	chunks/002/functions-000159.c	-[SCLensReplyParameters isEqual:]	
10b054abc	10b054ac3	decompiled	chunks/002/functions-000159.c	-[SCLensReplyParameters shouldHideRecipientNameView]	
10b054ac4	10b054acb	decompiled	chunks/002/functions-000159.c	-[SCLensReplyParameters roleType]	
10b054acc	10b054ad3	decompiled	chunks/002/functions-000159.c	-[SCLensReplyParameters unlockableSnapInfo]	
10b054ad4	10b054adf	decompiled	chunks/002/functions-000159.c	-[SCLensReplyParameters .cxx_destruct]	
10b054ae0	10b054beb	decompiled	chunks/002/functions-000159.c	-[SCImpalaReplyParameters initWithQuotedUserId:businessProfileId:pageSourceSessionId:businessStoryVariant:]	
10b054bec	10b054c0f	decompiled	chunks/002/functions-000159.c	-[SCImpalaReplyParameters copyWithZone:]	
10b054c10	10b054c9b	decompiled	chunks/002/functions-000159.c	-[SCImpalaReplyParameters hash]	
10b054c9c	10b054d73	decompiled	chunks/002/functions-000159.c	-[SCImpalaReplyParameters isEqual:]	
10b054d74	10b054d7b	decompiled	chunks/002/functions-000159.c	-[SCImpalaReplyParameters quotedUserId]	
10b054d7c	10b054d83	decompiled	chunks/002/functions-000159.c	-[SCImpalaReplyParameters businessProfileId]	
10b054d84	10b054d8b	decompiled	chunks/002/functions-000159.c	-[SCImpalaReplyParameters pageSourceSessionId]	
10b054d8c	10b054d93	decompiled	chunks/002/functions-000159.c	-[SCImpalaReplyParameters businessStoryVariant]	
10b054d94	10b054ddb	decompiled	chunks/002/functions-000159.c	-[SCImpalaReplyParameters .cxx_destruct]	
10b054ddc	10b054ea7	decompiled	chunks/002/functions-000159.c	-[SCCameraModeParameters initWithShortcutId:contextSource:storySnapId:enableDualCamera:dualCameraLayoutType:]	
10b054ea8	10b054ecb	decompiled	chunks/002/functions-000159.c	-[SCCameraModeParameters copyWithZone:]	
10b054ecc	10b054f5f	decompiled	chunks/002/functions-000159.c	-[SCCameraModeParameters hash]	
10b054f60	10b055037	decompiled	chunks/002/functions-000159.c	-[SCCameraModeParameters isEqual:]	
10b055038	10b05503f	decompiled	chunks/002/functions-000159.c	-[SCCameraModeParameters shortcutId]	
10b055040	10b055047	decompiled	chunks/002/functions-000159.c	-[SCCameraModeParameters contextSource]	
10b055048	10b05504f	decompiled	chunks/002/functions-000159.c	-[SCCameraModeParameters storySnapId]	
10b055050	10b055057	decompiled	chunks/002/functions-000159.c	-[SCCameraModeParameters enableDualCamera]	
10b055058	10b05505f	decompiled	chunks/002/functions-000159.c	-[SCCameraModeParameters dualCameraLayoutType]	
10b055060	10b05508f	decompiled	chunks/002/functions-000159.c	-[SCCameraModeParameters .cxx_destruct]	
10b055090	10b055143	decompiled	chunks/002/functions-000159.c	-[SCStreakRestoreReplyParameters initWithStreakCount:conversationId:streakRestoreSessionId:]	
10b055144	10b055167	decompiled	chunks/002/functions-000159.c	-[SCStreakRestoreReplyParameters copyWithZone:]	
10b055168	10b0551e7	decompiled	chunks/002/functions-000159.c	-[SCStreakRestoreReplyParameters hash]	
10b0551e8	10b05529f	decompiled	chunks/002/functions-000159.c	-[SCStreakRestoreReplyParameters isEqual:]	
10b0552a0	10b0552a7	decompiled	chunks/002/functions-000159.c	-[SCStreakRestoreReplyParameters streakCount]	
10b0552a8	10b0552af	decompiled	chunks/002/functions-000159.c	-[SCStreakRestoreReplyParameters conversationId]	
10b0552b0	10b0552b7	decompiled	chunks/002/functions-000159.c	-[SCStreakRestoreReplyParameters streakRestoreSessionId]	
10b0552b8	10b0552e7	decompiled	chunks/002/functions-000159.c	-[SCStreakRestoreReplyParameters .cxx_destruct]	
10b0552e8	10b05536f	decompiled	chunks/002/functions-000159.c	-[SCCreatorSubscriptionsReplyParameters initWithIsMassSnap:fanPassRecipientId:]	
10b055370	10b055393	decompiled	chunks/002/functions-000159.c	-[SCCreatorSubscriptionsReplyParameters copyWithZone:]	
10b055394	10b0553f7	decompiled	chunks/002/functions-000159.c	-[SCCreatorSubscriptionsReplyParameters hash]	
10b0553f8	10b055497	decompiled	chunks/002/functions-000159.c	-[SCCreatorSubscriptionsReplyParameters isEqual:]	
10b055498	10b05549f	decompiled	chunks/002/functions-000159.c	-[SCCreatorSubscriptionsReplyParameters isMassSnap]	
10b0554a0	10b0554a7	decompiled	chunks/002/functions-000159.c	-[SCCreatorSubscriptionsReplyParameters fanPassRecipientId]	
10b0554a8	10b0554b3	decompiled	chunks/002/functions-000159.c	-[SCCreatorSubscriptionsReplyParameters .cxx_destruct]	
10b0554b4	10b055687	decompiled	chunks/002/functions-000159.c	-[SCRemixScope initWithPresentingViewController:externalMediaItem:replyParameters:sourceUserId:sourceSnapId:sourceTrackInfo:remixPermission:contextSessionId:launchSource:navigationType:delegate:shouldDisableRecovery:]	
10b055688	10b05568f	decompiled	chunks/002/functions-000159.c	-[SCRemixScope externalMediaItem]	
10b055690	10b055697	decompiled	chunks/002/functions-000159.c	-[SCRemixScope replyParameters]	
10b055698	10b05569f	decompiled	chunks/002/functions-000159.c	-[SCRemixScope sourceUserId]	
10b0556a0	10b0556a7	decompiled	chunks/002/functions-000159.c	-[SCRemixScope sourceSnapId]	
10b0556a8	10b0556af	decompiled	chunks/002/functions-000159.c	-[SCRemixScope sourceTrackInfo]	
10b0556b0	10b0556b7	decompiled	chunks/002/functions-000159.c	-[SCRemixScope remixPermission]	
10b0556b8	10b0556bf	decompiled	chunks/002/functions-000159.c	-[SCRemixScope contextSessionId]	
10b0556c0	10b0556c7	decompiled	chunks/002/functions-000159.c	-[SCRemixScope launchSource]	
10b0556c8	10b0556cf	decompiled	chunks/002/functions-000159.c	-[SCRemixScope navigationType]	
10b0556d0	10b0556e7	decompiled	chunks/002/functions-000159.c	-[SCRemixScope presentingViewController]	
10b0556e8	10b0556ff	decompiled	chunks/002/functions-000159.c	-[SCRemixScope delegate]	
10b055700	10b055707	decompiled	chunks/002/functions-000159.c	-[SCRemixScope shouldDisableRecovery]	
10b055708	10b05570f	decompiled	chunks/002/functions-000159.c	-[SCRemixScope setShouldDisableRecovery:]	
10b055710	10b05577f	decompiled	chunks/002/functions-000159.c	-[SCRemixScope .cxx_destruct]	
10b055780	10b055807	decompiled	chunks/002/functions-000159.c	-[SCRemixMusicTrackInfo initWithTrackId:startOffsetSeconds:]	
10b055808	10b05582b	decompiled	chunks/002/functions-000159.c	-[SCRemixMusicTrackInfo copyWithZone:]	
10b05582c	10b05588b	decompiled	chunks/002/functions-000159.c	-[SCRemixMusicTrackInfo hash]	
10b05588c	10b05592b	decompiled	chunks/002/functions-000159.c	-[SCRemixMusicTrackInfo isEqual:]	
10b05592c	10b055933	decompiled	chunks/002/functions-000159.c	-[SCRemixMusicTrackInfo trackId]	
10b055934	10b05593b	decompiled	chunks/002/functions-000159.c	-[SCRemixMusicTrackInfo startOffsetSeconds]	
10b05593c	10b055947	decompiled	chunks/002/functions-000159.c	-[SCRemixMusicTrackInfo .cxx_destruct]	
10b055948	10b0559ab	decompiled	chunks/002/functions-000159.c	+[SCRemixReplyParameters groupWithGroupId:]	
10b0559ac	10b0559f7	decompiled	chunks/002/functions-000159.c	+[SCRemixReplyParameters story]	
10b0559f8	10b055ac3	decompiled	chunks/002/functions-000159.c	+[SCRemixReplyParameters userWithUserId:username:displayName:]	
10b055ac4	10b055ccf	decompiled	chunks/002/functions-000159.c	-[SCRemixReplyParameters initWithCoder:]	
10b055cd0	10b055cf3	decompiled	chunks/002/functions-000159.c	-[SCRemixReplyParameters copyWithZone:]	
10b055cf4	10b055dbf	decompiled	chunks/002/functions-000159.c	-[SCRemixReplyParameters encodeWithCoder:]	
10b055dc0	10b055e4f	decompiled	chunks/002/functions-000159.c	-[SCRemixReplyParameters hash]	
10b055e50	10b055e93	decompiled	chunks/002/functions-000159.c	-[SCRemixReplyParameters internalInit]	
10b055e94	10b055f7b	decompiled	chunks/002/functions-000159.c	-[SCRemixReplyParameters isEqual:]	
10b055f7c	10b056033	decompiled	chunks/002/functions-000159.c	-[SCRemixReplyParameters matchGroup:user:story:]	
10b056034	10b05607b	decompiled	chunks/002/functions-000159.c	-[SCRemixReplyParameters .cxx_destruct]	
10b05607c	10b056123	decompiled	chunks/002/functions-000159.c	-[SCRemixExportItem initWithRemixMetadata:remixExternalMediaItemProvider:]	
10b056124	10b056147	decompiled	chunks/002/functions-000159.c	-[SCRemixExportItem copyWithZone:]	
10b056148	10b0561bb	decompiled	chunks/002/functions-000159.c	-[SCRemixExportItem hash]	
10b0561bc	10b056263	decompiled	chunks/002/functions-000159.c	-[SCRemixExportItem isEqual:]	
10b056264	10b05626b	decompiled	chunks/002/functions-000159.c	-[SCRemixExportItem remixMetadata]	
10b05626c	10b056273	decompiled	chunks/002/functions-000159.c	-[SCRemixExportItem remixExternalMediaItemProvider]	
10b056274	10b0562a3	decompiled	chunks/002/functions-000159.c	-[SCRemixExportItem .cxx_destruct]	
10b0562a4	10b0563eb	decompiled	chunks/002/functions-000159.c	-[SCRemixMetadata initWithCoder:]	
10b0563ec	10b0564fb	decompiled	chunks/002/functions-000159.c	-[SCRemixMetadata initWithReplyParameters:sourceUserId:sourceSnapId:remixPermission:remixLaunchSource:minimumTotalNonRemixDurationInMS:minimumTotalSnapDurationInMS:minimumRemixSegmentDurationInMS:]	
10b0564fc	10b05651f	decompiled	chunks/002/functions-000159.c	-[SCRemixMetadata copyWithZone:]	
10b056520	10b056603	decompiled	chunks/002/functions-000159.c	-[SCRemixMetadata encodeWithCoder:]	
10b056604	10b0566f3	decompiled	chunks/002/functions-000159.c	-[SCRemixMetadata hash]	
10b0566f4	10b05686f	decompiled	chunks/002/functions-000159.c	-[SCRemixMetadata isEqual:]	
10b056870	10b056877	decompiled	chunks/002/functions-000159.c	-[SCRemixMetadata replyParameters]	
10b056878	10b05687f	decompiled	chunks/002/functions-000159.c	-[SCRemixMetadata sourceUserId]	
10b056880	10b056887	decompiled	chunks/002/functions-000159.c	-[SCRemixMetadata sourceSnapId]	
10b056888	10b05688f	decompiled	chunks/002/functions-000159.c	-[SCRemixMetadata remixPermission]	
10b056890	10b056897	decompiled	chunks/002/functions-000159.c	-[SCRemixMetadata remixLaunchSource]	
10b056898	10b05689f	decompiled	chunks/002/functions-000159.c	-[SCRemixMetadata minimumTotalNonRemixDurationInMS]	
10b0568a0	10b0568a7	decompiled	chunks/002/functions-000159.c	-[SCRemixMetadata minimumTotalSnapDurationInMS]	
10b0568a8	10b0568af	decompiled	chunks/002/functions-000159.c	-[SCRemixMetadata minimumRemixSegmentDurationInMS]	
