address	end_address	status	pseudocode_file	runtime_label	error
1060d88c0	1060d8bf3	decompiled	chunks/004/functions-000280.c	-[SCLensOperaViewingSession _logGeofilterAttachmentView:]	
1060d8bf4	1060d8dcb	decompiled	chunks/004/functions-000280.c	-[SCLensOperaViewingSession _trackUnlockableAttachmentView]	
1060d8dcc	1060d8e87	decompiled	chunks/004/functions-000280.c	-[SCLensOperaViewingSession _fireMetrics]	
1060d8e88	1060d8e93	decompiled	chunks/004/functions-000280.c		
1060d8e94	1060d9017	decompiled	chunks/004/functions-000280.c	-[SCLensOperaViewingSession _fetchProductPrefetchStatusIfNeeded]	
1060d9018	1060d90a3	decompiled	chunks/004/functions-000280.c		
1060d90a4	1060d90a7	decompiled	chunks/004/functions-000280.c	-[SCLensOperaViewingSession setPlaylistItemController:]	
1060d90a8	1060d915b	decompiled	chunks/004/functions-000280.c	-[SCLensOperaViewingSession .cxx_destruct]	
1060d915c	1060d91bb	decompiled	chunks/004/functions-000280.c	-[SCLensAttachmentLoadingAnalytics initWithLoadedOnEntry:loadedOnExit:visiblePageLoadTimeSeconds:]	
1060d91bc	1060d91df	decompiled	chunks/004/functions-000280.c	-[SCLensAttachmentLoadingAnalytics copyWithZone:]	
1060d91e0	1060d9263	decompiled	chunks/004/functions-000280.c	-[SCLensAttachmentLoadingAnalytics hash]	
1060d9264	1060d932f	decompiled	chunks/004/functions-000280.c	-[SCLensAttachmentLoadingAnalytics isEqual:]	
1060d9330	1060d9337	decompiled	chunks/004/functions-000280.c	-[SCLensAttachmentLoadingAnalytics loadedOnEntry]	
1060d9338	1060d933f	decompiled	chunks/004/functions-000280.c	-[SCLensAttachmentLoadingAnalytics loadedOnExit]	
1060d9340	1060d9347	decompiled	chunks/004/functions-000280.c	-[SCLensAttachmentLoadingAnalytics visiblePageLoadTimeSeconds]	
1060d9348	1060d945b	decompiled	chunks/004/functions-000280.c	-[SCCommerceShowcaseDeeplinkPresenter initWithFromViewController:deepLinkURL:delegate:source:commerceProductCatalogScopeExposer:]	
1060d945c	1060d94af	decompiled	chunks/004/functions-000280.c	-[SCCommerceShowcaseDeeplinkPresenter present]	
1060d94b0	1060d95f3	decompiled	chunks/004/functions-000280.c	-[SCCommerceShowcaseDeeplinkPresenter _presentShowcaseProductPage]	
1060d95f4	1060d979b	decompiled	chunks/004/functions-000280.c	-[SCCommerceShowcaseDeeplinkPresenter _presentShowcase]	
1060d979c	1060d9813	decompiled	chunks/004/functions-000280.c	-[SCCommerceShowcaseDeeplinkPresenter commerceBrowserWillPresent]	
1060d9814	1060d98af	decompiled	chunks/004/functions-000280.c	-[SCCommerceShowcaseDeeplinkPresenter commerceBrowserWillDismiss]	
1060d98b0	1060d98c7	decompiled	chunks/004/functions-000280.c	-[SCCommerceShowcaseDeeplinkPresenter delegate]	
1060d98c8	1060d98d3	decompiled	chunks/004/functions-000280.c	-[SCCommerceShowcaseDeeplinkPresenter setDelegate:]	
1060d98d4	1060d991f	decompiled	chunks/004/functions-000280.c	-[SCCommerceShowcaseDeeplinkPresenter .cxx_destruct]	
1060d9920	1060d996b	decompiled	chunks/004/functions-000280.c	+[SCOperaLensStoreLayer layerWithPage:]	
1060d996c	1060d9a47	decompiled	chunks/004/functions-000280.c	-[SCOperaLensStoreLayer initWithPage:]	
1060d9a48	1060d9a4f	decompiled	chunks/004/functions-000280.c	-[SCOperaLensStoreLayer type]	
1060d9a50	1060d9a5b	decompiled	chunks/004/functions-000280.c	-[SCOperaLensStoreLayer layerViewControllerClass]	
1060d9a5c	1060d9b3f	decompiled	chunks/004/functions-000280.c	-[SCOperaLensStoreLayer isEqual:]	
1060d9b40	1060d9b47	decompiled	chunks/004/functions-000280.c	-[SCOperaLensStoreLayer storeParams]	
1060d9b48	1060d9b53	decompiled	chunks/004/functions-000280.c	-[SCOperaLensStoreLayer .cxx_destruct]	
1060d9b54	1060d9bbf	decompiled	chunks/004/functions-000280.c	-[SCOperaLensStoreLayerViewController initWithConfiguration:layerViewControllerConfiguration:operaDependencies:eventAnnouncer:]	
1060d9bc0	1060d9c2b	decompiled	chunks/004/functions-000280.c	-[SCOperaLensStoreLayerViewController isFullyVisible]	
1060d9c2c	1060d9c67	decompiled	chunks/004/functions-000280.c	-[SCOperaLensStoreLayerViewController loadView]	
1060d9c68	1060d9caf	decompiled	chunks/004/functions-000280.c	-[SCOperaLensStoreLayerViewController viewDidFullyAppear]	
1060d9cb0	1060d9dc7	decompiled	chunks/004/functions-000280.c	-[SCOperaLensStoreLayerViewController viewDidFullyDisappear]	
1060d9dc8	1060d9e1b	decompiled	chunks/004/functions-000280.c	-[SCOperaLensStoreLayerViewController teardown]	
1060d9e1c	1060d9ff3	decompiled	chunks/004/functions-000280.c	-[SCOperaLensStoreLayerViewController currentViewParameters]	
1060d9ff4	1060da063	decompiled	chunks/004/functions-000280.c	-[SCOperaLensStoreLayerViewController _initStoreProductVC]	
1060da064	1060da187	decompiled	chunks/004/functions-000280.c	-[SCOperaLensStoreLayerViewController _loadStoreProductVC]	
1060da188	1060da1e3	decompiled	chunks/004/functions-000280.c		
1060da1e4	1060da25b	decompiled	chunks/004/functions-000280.c	-[SCOperaLensStoreLayerViewController _didLoadProduct:result:startTimestamp:]	
1060da25c	1060da417	decompiled	chunks/004/functions-000280.c	-[SCOperaLensStoreLayerViewController _logSKAdMetrics:error:startTimestamp:]	
1060da418	1060da503	decompiled	chunks/004/functions-000280.c	-[SCOperaLensStoreLayerViewController _presentStoreProductVCModally]	
1060da504	1060da52f	decompiled	chunks/004/functions-000280.c		
1060da530	1060da5b7	decompiled	chunks/004/functions-000280.c	-[SCOperaLensStoreLayerViewController _didPresentProductViewController]	
1060da5b8	1060da6ab	decompiled	chunks/004/functions-000280.c	-[SCOperaLensStoreLayerViewController productViewControllerDidFinish:]	
1060da6ac	1060da6d7	decompiled	chunks/004/functions-000280.c		
1060da6d8	1060da71b	decompiled	chunks/004/functions-000280.c	-[SCOperaLensStoreLayerViewController _handleStoreClosed]	
1060da71c	1060da75b	decompiled	chunks/004/functions-000280.c	-[SCOperaLensStoreLayerViewController .cxx_destruct]	
1060da75c	1060da7cf	decompiled	chunks/004/functions-000280.c	-[SCGrapheneAiLensRemoteApiMetric2 init]	
1060da7d0	1060dab03	decompiled	chunks/004/functions-000280.c		
1060dab04	1060dae37	decompiled	chunks/004/functions-000280.c		
1060dae38	1060db16b	decompiled	chunks/004/functions-000280.c		
1060db16c	1060db49f	decompiled	chunks/004/functions-000280.c		
1060db4a0	1060db513	decompiled	chunks/004/functions-000280.c	-[SCRealTimeScanBlizzardLogger initWithUserTrackedLogger:]	
1060db514	1060db593	decompiled	chunks/004/functions-000280.c	-[SCRealTimeScanBlizzardLogger realTimeScanStateDidChange:]	
1060db594	1060db657	decompiled	chunks/004/functions-000280.c	-[SCRealTimeScanBlizzardLogger realTimeScanBannerDidDisplayWithFrameId:resultType:]	
1060db658	1060db753	decompiled	chunks/004/functions-000280.c	-[SCRealTimeScanBlizzardLogger realTimeScanBannerDidReceiveAction:forFrameId:resultType:]	
1060db754	1060db86b	decompiled	chunks/004/functions-000280.c	-[SCRealTimeScanBlizzardLogger realTimeScanDidReceiveClassifierResponseForFrameId:className:score:classifierVersion:]	
1060db86c	1060db92f	decompiled	chunks/004/functions-000280.c	-[SCRealTimeScanBlizzardLogger realTimeScanWillAttemptDecodeForFrameId:withCodeType:]	
1060db930	1060dba1b	decompiled	chunks/004/functions-000280.c	-[SCRealTimeScanBlizzardLogger realTimeScanResultDetectedforFrameId:withResultType:withModelKey:]	
1060dba1c	1060dbaf7	decompiled	chunks/004/functions-000280.c	-[SCRealTimeScanBlizzardLogger realTimeScanDidReceiveDecodeResponseDidSucceed:forFrameId:withCodeType:]	
1060dbaf8	1060dbb97	decompiled	chunks/004/functions-000280.c	-[SCRealTimeScanBlizzardLogger realTimeScanDidBeginWithStartTimeMs:g2sStartTimeMs:g2sEndTimeMs:startupType:]	
1060dbb98	1060dbba3	decompiled	chunks/004/functions-000280.c	-[SCRealTimeScanBlizzardLogger .cxx_destruct]	
1060dbba4	1060dbba7	decompiled	chunks/004/functions-000280.c	-[SCRealTimeScanClientLogger realTimeScanStateDidChange:]	
1060dbba8	1060dbbab	decompiled	chunks/004/functions-000280.c	-[SCRealTimeScanClientLogger realTimeScanBannerDidDisplayWithFrameId:resultType:]	
1060dbbac	1060dbbaf	decompiled	chunks/004/functions-000280.c	-[SCRealTimeScanClientLogger realTimeScanBannerDidReceiveAction:forFrameId:resultType:]	
1060dbbb0	1060dbbb3	decompiled	chunks/004/functions-000280.c	-[SCRealTimeScanClientLogger realTimeScanDidReceiveClassifierResponseForFrameId:className:score:classifierVersion:]	
1060dbbb4	1060dbbb7	decompiled	chunks/004/functions-000280.c	-[SCRealTimeScanClientLogger realTimeScanWillAttemptDecodeForFrameId:withCodeType:]	
1060dbbb8	1060dbbbb	decompiled	chunks/004/functions-000280.c	-[SCRealTimeScanClientLogger realTimeScanResultDetectedforFrameId:withResultType:withModelKey:]	
1060dbbbc	1060dbbbf	decompiled	chunks/004/functions-000280.c	-[SCRealTimeScanClientLogger realTimeScanDidReceiveDecodeResponseDidSucceed:forFrameId:withCodeType:]	
1060dbbc0	1060dbbc3	decompiled	chunks/004/functions-000280.c	-[SCRealTimeScanClientLogger realTimeScanDidBeginWithStartTimeMs:g2sStartTimeMs:g2sEndTimeMs:startupType:]	
1060dbbc4	1060dbc3b	decompiled	chunks/004/functions-000280.c	-[SCRealTimeScanCompoundLogger initWithLoggers:]	
1060dbc3c	1060dbd97	decompiled	chunks/004/functions-000280.c	-[SCRealTimeScanCompoundLogger realTimeScanStateDidChange:]	
1060dbd98	1060dbf0f	decompiled	chunks/004/functions-000280.c	-[SCRealTimeScanCompoundLogger realTimeScanBannerDidDisplayWithFrameId:resultType:]	
1060dbf10	1060dc09b	decompiled	chunks/004/functions-000280.c	-[SCRealTimeScanCompoundLogger realTimeScanBannerDidReceiveAction:forFrameId:resultType:]	
1060dc09c	1060dc267	decompiled	chunks/004/functions-000280.c	-[SCRealTimeScanCompoundLogger realTimeScanDidReceiveClassifierResponseForFrameId:className:score:classifierVersion:]	
1060dc268	1060dc3df	decompiled	chunks/004/functions-000280.c	-[SCRealTimeScanCompoundLogger realTimeScanWillAttemptDecodeForFrameId:withCodeType:]	
1060dc3e0	1060dc56b	decompiled	chunks/004/functions-000280.c	-[SCRealTimeScanCompoundLogger realTimeScanDidReceiveDecodeResponseDidSucceed:forFrameId:withCodeType:]	
1060dc56c	1060dc707	decompiled	chunks/004/functions-000280.c	-[SCRealTimeScanCompoundLogger realTimeScanResultDetectedforFrameId:withResultType:withModelKey:]	
1060dc708	1060dc8bf	decompiled	chunks/004/functions-000280.c	-[SCRealTimeScanCompoundLogger storePerfMetric:value:params:]	
1060dc8c0	1060dca13	decompiled	chunks/004/functions-000280.c	-[SCRealTimeScanCompoundLogger emitPerfMetrics]	
1060dca14	1060dcb97	decompiled	chunks/004/functions-000280.c	-[SCRealTimeScanCompoundLogger realTimeScanDidBeginWithStartTimeMs:g2sStartTimeMs:g2sEndTimeMs:startupType:]	
1060dcb98	1060dcba3	decompiled	chunks/004/functions-000280.c	-[SCRealTimeScanCompoundLogger .cxx_destruct]	
1060dcba4	1060dcc4f	decompiled	chunks/004/functions-000280.c	-[SCRealTimeScanGrapheneLogger initWithGrapheneRegistry:]	
1060dcc50	1060dcc93	decompiled	chunks/004/functions-000280.c	-[SCRealTimeScanGrapheneLogger realTimeScanWillAttemptDecodeForFrameId:withCodeType:]	
1060dcc94	1060dccdf	decompiled	chunks/004/functions-000280.c	-[SCRealTimeScanGrapheneLogger realTimeScanDidReceiveDecodeResponseDidSucceed:forFrameId:withCodeType:]	
1060dcce0	1060dcd27	decompiled	chunks/004/functions-000280.c	-[SCRealTimeScanGrapheneLogger realTimeScanBannerDidDisplayWithFrameId:resultType:]	
1060dcd28	1060dcd7f	decompiled	chunks/004/functions-000280.c	-[SCRealTimeScanGrapheneLogger realTimeScanBannerDidReceiveAction:forFrameId:resultType:]	
1060dcd80	1060dcdbb	decompiled	chunks/004/functions-000280.c	-[SCRealTimeScanGrapheneLogger .cxx_destruct]	
1060dcdbc	1060dce2b	decompiled	chunks/004/functions-000280.c		
1060dce2c	1060dce97	decompiled	chunks/004/functions-000280.c	-[SCRealTimeScanPerfLogger init]	
1060dce98	1060dcf3b	decompiled	chunks/004/functions-000280.c	-[SCRealTimeScanPerfLogger storePerfMetric:value:params:]	
1060dcf3c	1060dd07f	decompiled	chunks/004/functions-000280.c	-[SCRealTimeScanPerfLogger emitPerfMetrics]	
1060dd080	1060dd083	decompiled	chunks/004/functions-000280.c	-[SCRealTimeScanPerfLogger realTimeScanDidBeginWithStartTimeMs:g2sStartTimeMs:g2sEndTimeMs:startupType:]	
1060dd084	1060dd08f	decompiled	chunks/004/functions-000280.c	-[SCRealTimeScanPerfLogger .cxx_destruct]	
1060dd090	1060dd103	decompiled	chunks/004/functions-000280.c	-[SCRealTimeScanVerticalToolbarLogger initWithBlizzardLogger:]	
1060dd104	1060dd1ab	decompiled	chunks/004/functions-000280.c	-[SCRealTimeScanVerticalToolbarLogger didSelectToolbarItemWithAnnotationType:]	
1060dd1ac	1060dd253	decompiled	chunks/004/functions-000280.c	-[SCRealTimeScanVerticalToolbarLogger didUnSelectToolbarItemWithAnnotationType:]	
1060dd254	1060dd327	decompiled	chunks/004/functions-000281.c	-[SCRealTimeScanVerticalToolbarLogger didShowToolbarItemWithAnnotationType:itemText:]	
1060dd328	1060dd3fb	decompiled	chunks/004/functions-000281.c	-[SCRealTimeScanVerticalToolbarLogger didHideToolbarItemWithAnnotationType:itemText:]	
1060dd3fc	1060dd407	decompiled	chunks/004/functions-000281.c	-[SCRealTimeScanVerticalToolbarLogger .cxx_destruct]	
1060dd408	1060dd487	decompiled	chunks/004/functions-000281.c		
1060dd488	1060dd603	decompiled	chunks/004/functions-000281.c	-[SCRealTimeScanLoggingServicesEntryPoint _logger]	
1060dd604	1060dd67f	decompiled	chunks/004/functions-000281.c	-[SCRealTimeScanLoggingServicesEntryPoint _verticalToolbarLogger]	
1060dd680	1060dd6d3	decompiled	chunks/004/functions-000281.c	-[SCRealTimeScanLoggingServicesEntryPoint .cxx_destruct]	
1060dd6d4	1060dd747	decompiled	chunks/004/functions-000281.c	-[SCGrapheneRealtimeScanDecodeMetric2 init]	
1060dd748	1060dd8bb	decompiled	chunks/004/functions-000281.c		
1060dd8bc	1060dda2f	decompiled	chunks/004/functions-000281.c		
1060dda30	1060ddaa3	decompiled	chunks/004/functions-000281.c	-[SCGrapheneRealtimeScanBannerMetric2 init]	
1060ddaa4	1060ddc17	decompiled	chunks/004/functions-000281.c		
1060ddc18	1060ddd8b	decompiled	chunks/004/functions-000281.c		
1060ddd8c	1060ddfd3	decompiled	chunks/004/functions-000281.c	+[SCCommerceShowcaseTypeConverter showcaseContextFromProductSetQuery:]	
1060ddfd4	1060ddfeb	decompiled	chunks/004/functions-000281.c		
1060ddfec	1060de253	decompiled	chunks/004/functions-000281.c		
1060de254	1060de327	decompiled	chunks/004/functions-000281.c		
1060de328	1060de48f	decompiled	chunks/004/functions-000281.c		
1060de490	1060de50b	decompiled	chunks/004/functions-000281.c		
1060de50c	1060de6a3	decompiled	chunks/004/functions-000281.c		
1060de6a4	1060de77f	decompiled	chunks/004/functions-000281.c		
1060de780	1060de86b	decompiled	chunks/004/functions-000281.c		
1060de86c	1060de9e3	decompiled	chunks/004/functions-000281.c		
1060de9e4	1060dec27	decompiled	chunks/004/functions-000281.c	+[SCCommerceShowcaseTypeConverter logTypeStringFromProductSetQuery:]	
1060dec28	1060ded77	decompiled	chunks/004/functions-000281.c		
1060ded78	1060dee5f	decompiled	chunks/004/functions-000281.c	+[SCCommerceShowcaseTypeConverter showcaseFilterContextFromProductFilter:]	
1060dee60	1060dee73	decompiled	chunks/004/functions-000281.c		
1060dee74	1060deffb	decompiled	chunks/004/functions-000281.c	+[SCCommerceShowcaseTypeConverter productSetFromData:]	
1060deffc	1060df7db	decompiled	chunks/004/functions-000281.c	+[SCCommerceShowcaseTypeConverter productInfoFromShowcaseItemMetadata:ctaAction:moduleTrackingId:]	
1060df7dc	1060df85b	decompiled	chunks/004/functions-000281.c		
1060df85c	1060dfc2f	decompiled	chunks/004/functions-000281.c	+[SCCommerceShowcaseTypeConverter pdpWidgetInfoFromItemPageWidget:]	
1060dfc30	1060dfc9f	decompiled	chunks/004/functions-000281.c		
1060dfca0	1060dfe37	decompiled	chunks/004/functions-000281.c	+[SCCommerceShowcaseTypeConverter storeMetadataFromShowcaseStoreMetadata:]	
1060dfe38	1060dfebb	decompiled	chunks/004/functions-000281.c		
1060dfebc	1060dff1b	decompiled	chunks/004/functions-000281.c	+[SCCommerceShowcaseTypeConverter variantDimensionsFromVariantMetaData:]	
1060dff1c	1060dff63	decompiled	chunks/004/functions-000281.c		
1060dff64	1060dff6f	decompiled	chunks/004/functions-000281.c		
1060dff70	1060dff8f	decompiled	chunks/004/functions-000281.c	+[SCCommerceShowcaseTypeConverter itemVariantsFromVariantMetadata:]	
1060dff90	1060e0093	decompiled	chunks/004/functions-000281.c		
1060e0094	1060e009b	decompiled	chunks/004/functions-000281.c		
1060e009c	1060e0177	decompiled	chunks/004/functions-000281.c	+[SCCommerceShowcaseTypeConverter _commerceCurrencyFromProductPrice:]	
1060e0178	1060e039f	decompiled	chunks/004/functions-000281.c	+[SCCommerceShowcaseTypeConverter _commerceCTAFromProtoCTA:]	
1060e03a0	1060e045f	decompiled	chunks/004/functions-000281.c	+[SCCommerceShowcaseTypeConverter _storeCategoryFromShowcaseCategory:storeId:]	
1060e0460	1060e046b	decompiled	chunks/004/functions-000281.c	+[SCCommerceShowcaseTypeConverter _mapFallbackBrowserTypeFrom:]	
1060e046c	1060e0743	decompiled	chunks/004/functions-000281.c	+[SCCommerceShowcaseTypeConverter _commerceProductLinkFromProtoLink:fallbackLink:productId:]	
1060e0744	1060e103b	decompiled	chunks/004/functions-000281.c	+[SCCommerceShowcaseTypeConverter _commerceProductARMetadataFromARMetadata:]	
1060e103c	1060e10f3	decompiled	chunks/004/functions-000281.c	+[SCCommerceShowcaseTypeConverter _commerceProductShoppingAttachmentFromShoppingAttachment:productId:]	
1060e10f4	1060e11b3	decompiled	chunks/004/functions-000281.c	+[SCCommerceShowcaseTypeConverter _parseIconUrlFromMediaInfo:]	
1060e11b4	1060e12f7	decompiled	chunks/004/functions-000281.c	+[SCCommerceShowcaseTypeConverter _storeDataModelFromShowcaseStoreMetadata:]	
1060e12f8	1060e133f	decompiled	chunks/004/functions-000281.c	+[SCCommerceShowcaseTypeConverter _parseVariantNames:]	
1060e1340	1060e1347	decompiled	chunks/004/functions-000281.c		
1060e1348	1060e1477	decompiled	chunks/004/functions-000281.c	+[SCCommerceShowcaseTypeConverter _dimensionDataForVariantType:]	
1060e1478	1060e1687	decompiled	chunks/004/functions-000281.c	+[SCCommerceShowcaseTypeConverter _imageURLsFromProductMetadata:]	
1060e1688	1060e173b	decompiled	chunks/004/functions-000281.c	+[SCCommerceShowcaseTypeConverter metricsErrorStringFromResponsetError:gRPCError:emptyResponse:]	
1060e173c	1060e17a3	decompiled	chunks/004/functions-000281.c	+[FilterContext descriptor]	
1060e17a4	1060e182f	decompiled	chunks/004/functions-000281.c	+[ShowcaseContext descriptor]	
1060e1830	1060e1897	decompiled	chunks/004/functions-000281.c	+[ContextCardContext descriptor]	
1060e1898	1060e1913	decompiled	chunks/004/functions-000281.c	+[ContextCardContext_Item descriptor]	
1060e1914	1060e19f7	decompiled	chunks/004/functions-000281.c	+[RecentlyViewedContext descriptor]	
1060e19f8	1060e1a03	decompiled	chunks/004/functions-000281.c		
1060e1a04	1060e1a7f	decompiled	chunks/004/functions-000281.c		
1060e1a80	1060e1a8b	decompiled	chunks/004/functions-000281.c		
1060e1a8c	1060e1af3	decompiled	chunks/004/functions-000281.c	+[ShopkitContext descriptor]	
1060e1af4	1060e1b5b	decompiled	chunks/004/functions-000281.c	+[AssetInfo descriptor]	
1060e1b5c	1060e1c3f	decompiled	chunks/004/functions-000281.c	+[ItemSetId descriptor]	
1060e1c40	1060e1c4b	decompiled	chunks/004/functions-000281.c		
1060e1c4c	1060e1cb3	decompiled	chunks/004/functions-000281.c	+[AresLensContext descriptor]	
1060e1cb4	1060e1e2b	decompiled	chunks/004/functions-000281.c		
1060e1e2c	1060e1f0b	decompiled	chunks/004/functions-000281.c		
1060e1f0c	1060e243f	decompiled	chunks/004/functions-000281.c		
1060e2440	1060e2563	decompiled	chunks/004/functions-000281.c		
1060e2564	1060e25bb	decompiled	chunks/004/functions-000281.c		
1060e25bc	1060e2967	decompiled	chunks/004/functions-000281.c		
1060e2968	1060e2b93	decompiled	chunks/004/functions-000281.c		
1060e2b94	1060e2c57	decompiled	chunks/004/functions-000281.c		
1060e2c58	1060e2f67	decompiled	chunks/004/functions-000281.c		
1060e2f68	1060e2fe3	decompiled	chunks/004/functions-000281.c		
1060e2fe4	1060e2feb	decompiled	chunks/004/functions-000281.c		
1060e2fec	1060e3043	decompiled	chunks/004/functions-000281.c		
1060e3044	1060e3817	decompiled	chunks/004/functions-000281.c		
1060e3818	1060e390b	decompiled	chunks/004/functions-000281.c		
1060e390c	1060e3913	decompiled	chunks/004/functions-000281.c		
1060e3914	1060e3a07	decompiled	chunks/004/functions-000281.c		
1060e3a08	1060e3a0f	decompiled	chunks/004/functions-000281.c		
1060e3a10	1060e3da3	decompiled	chunks/004/functions-000281.c		
1060e3da4	1060e3e27	decompiled	chunks/004/functions-000281.c		
1060e3e28	1060e4213	decompiled	chunks/004/functions-000281.c		
1060e4214	1060e4543	decompiled	chunks/004/functions-000281.c		
1060e4544	1060e4c5f	decompiled	chunks/004/functions-000281.c		
1060e4c60	1060e4d77	decompiled	chunks/004/functions-000281.c		
1060e4d78	1060e4e47	decompiled	chunks/004/functions-000281.c		
1060e4e48	1060e5db7	decompiled	chunks/004/functions-000281.c		
1060e5db8	1060e6477	decompiled	chunks/004/functions-000281.c		
1060e6478	1060e6adb	decompiled	chunks/004/functions-000281.c		
1060e6adc	1060e6aff	decompiled	chunks/004/functions-000281.c		
1060e6b00	1060e6b83	decompiled	chunks/004/functions-000281.c		
1060e6b84	1060e6f27	decompiled	chunks/004/functions-000281.c		
1060e6f28	1060e708f	decompiled	chunks/004/functions-000281.c		
1060e7090	1060e7153	decompiled	chunks/004/functions-000281.c		
1060e7154	1060e71cf	decompiled	chunks/004/functions-000281.c		
1060e71d0	1060e71db	decompiled	chunks/004/functions-000282.c		
1060e71dc	1060e7257	decompiled	chunks/004/functions-000282.c		
1060e7258	1060e7263	decompiled	chunks/004/functions-000282.c		
1060e7264	1060e72cb	decompiled	chunks/004/functions-000282.c	+[SCPaymentsPaymentDetail descriptor]	
1060e72cc	1060e7333	decompiled	chunks/004/functions-000282.c	+[SCPaymentsDiscountDetail descriptor]	
1060e7334	1060e74cf	decompiled	chunks/004/functions-000282.c	-[BTAuthenticationInsight initWithJSON:]	
1060e74d0	1060e74d7	decompiled	chunks/004/functions-000282.c	-[BTAuthenticationInsight regulationEnvironment]	
1060e74d8	1060e74df	decompiled	chunks/004/functions-000282.c	-[BTAuthenticationInsight setRegulationEnvironment:]	
1060e74e0	1060e74eb	decompiled	chunks/004/functions-000282.c	-[BTAuthenticationInsight .cxx_destruct]	
1060e74ec	1060e74f7	decompiled	chunks/004/functions-000282.c	-[BTCard init]	
1060e74f8	1060e7a17	decompiled	chunks/004/functions-000282.c	-[BTCard initWithParameters:]	
1060e7a18	1060e7aff	decompiled	chunks/004/functions-000282.c	-[BTCard initWithNumber:expirationMonth:expirationYear:cvv:]	
1060e7b00	1060e824f	decompiled	chunks/004/functions-000282.c	-[BTCard parameters]	
1060e8250	1060e8b33	decompiled	chunks/004/functions-000282.c	-[BTCard graphQLParameters]	
1060e8b34	1060e8bbb	decompiled	chunks/004/functions-000282.c	-[BTCard cardTokenizationGraphQLMutation]	
1060e8bbc	1060e8bc3	decompiled	chunks/004/functions-000282.c	-[BTCard number]	
1060e8bc4	1060e8bcb	decompiled	chunks/004/functions-000282.c	-[BTCard setNumber:]	
1060e8bcc	1060e8bd3	decompiled	chunks/004/functions-000282.c	-[BTCard expirationMonth]	
1060e8bd4	1060e8bdb	decompiled	chunks/004/functions-000282.c	-[BTCard setExpirationMonth:]	
1060e8bdc	1060e8be3	decompiled	chunks/004/functions-000282.c	-[BTCard expirationYear]	
1060e8be4	1060e8beb	decompiled	chunks/004/functions-000282.c	-[BTCard setExpirationYear:]	
1060e8bec	1060e8bf3	decompiled	chunks/004/functions-000282.c	-[BTCard cvv]	
1060e8bf4	1060e8bfb	decompiled	chunks/004/functions-000282.c	-[BTCard setCvv:]	
1060e8bfc	1060e8c03	decompiled	chunks/004/functions-000282.c	-[BTCard postalCode]	
1060e8c04	1060e8c0b	decompiled	chunks/004/functions-000282.c	-[BTCard setPostalCode:]	
1060e8c0c	1060e8c13	decompiled	chunks/004/functions-000282.c	-[BTCard cardholderName]	
1060e8c14	1060e8c1b	decompiled	chunks/004/functions-000282.c	-[BTCard setCardholderName:]	
1060e8c1c	1060e8c23	decompiled	chunks/004/functions-000282.c	-[BTCard firstName]	
1060e8c24	1060e8c2b	decompiled	chunks/004/functions-000282.c	-[BTCard setFirstName:]	
1060e8c2c	1060e8c33	decompiled	chunks/004/functions-000282.c	-[BTCard lastName]	
1060e8c34	1060e8c3b	decompiled	chunks/004/functions-000282.c	-[BTCard setLastName:]	
1060e8c3c	1060e8c43	decompiled	chunks/004/functions-000282.c	-[BTCard company]	
1060e8c44	1060e8c4b	decompiled	chunks/004/functions-000282.c	-[BTCard setCompany:]	
1060e8c4c	1060e8c53	decompiled	chunks/004/functions-000282.c	-[BTCard streetAddress]	
1060e8c54	1060e8c5b	decompiled	chunks/004/functions-000282.c	-[BTCard setStreetAddress:]	
1060e8c5c	1060e8c63	decompiled	chunks/004/functions-000282.c	-[BTCard extendedAddress]	
1060e8c64	1060e8c6b	decompiled	chunks/004/functions-000282.c	-[BTCard setExtendedAddress:]	
1060e8c6c	1060e8c73	decompiled	chunks/004/functions-000282.c	-[BTCard locality]	
1060e8c74	1060e8c7b	decompiled	chunks/004/functions-000282.c	-[BTCard setLocality:]	
1060e8c7c	1060e8c83	decompiled	chunks/004/functions-000282.c	-[BTCard region]	
1060e8c84	1060e8c8b	decompiled	chunks/004/functions-000282.c	-[BTCard setRegion:]	
1060e8c8c	1060e8c93	decompiled	chunks/004/functions-000282.c	-[BTCard countryName]	
1060e8c94	1060e8c9b	decompiled	chunks/004/functions-000282.c	-[BTCard setCountryName:]	
1060e8c9c	1060e8ca3	decompiled	chunks/004/functions-000282.c	-[BTCard countryCodeAlpha2]	
1060e8ca4	1060e8cab	decompiled	chunks/004/functions-000282.c	-[BTCard setCountryCodeAlpha2:]	
1060e8cac	1060e8cb3	decompiled	chunks/004/functions-000282.c	-[BTCard countryCodeAlpha3]	
1060e8cb4	1060e8cbb	decompiled	chunks/004/functions-000282.c	-[BTCard setCountryCodeAlpha3:]	
1060e8cbc	1060e8cc3	decompiled	chunks/004/functions-000282.c	-[BTCard countryCodeNumeric]	
1060e8cc4	1060e8ccb	decompiled	chunks/004/functions-000282.c	-[BTCard setCountryCodeNumeric:]	
1060e8ccc	1060e8cd3	decompiled	chunks/004/functions-000282.c	-[BTCard shouldValidate]	
1060e8cd4	1060e8cdb	decompiled	chunks/004/functions-000282.c	-[BTCard setShouldValidate:]	
1060e8cdc	1060e8ce3	decompiled	chunks/004/functions-000282.c	-[BTCard authenticationInsightRequested]	
1060e8ce4	1060e8ceb	decompiled	chunks/004/functions-000282.c	-[BTCard setAuthenticationInsightRequested:]	
1060e8cec	1060e8cf3	decompiled	chunks/004/functions-000282.c	-[BTCard merchantAccountId]	
1060e8cf4	1060e8cfb	decompiled	chunks/004/functions-000282.c	-[BTCard setMerchantAccountId:]	
1060e8cfc	1060e8d03	decompiled	chunks/004/functions-000282.c	-[BTCard mutableParameters]	
1060e8d04	1060e8d33	decompiled	chunks/004/functions-000282.c	-[BTCard setMutableParameters:]	
1060e8d34	1060e8e2f	decompiled	chunks/004/functions-000282.c	-[BTCard .cxx_destruct]	
1060e8e30	1060e8edb	decompiled	chunks/004/functions-000282.c		
1060e8edc	1060e8eeb	decompiled	chunks/004/functions-000282.c		
1060e8eec	1060e8f7f	decompiled	chunks/004/functions-000282.c	-[BTCardClient initWithAPIClient:]	
1060e8f80	1060e8f97	decompiled	chunks/004/functions-000282.c	-[BTCardClient init]	
1060e8f98	1060e9017	decompiled	chunks/004/functions-000282.c	-[BTCardClient tokenizeCard:completion:]	
1060e9018	1060e9937	decompiled	chunks/004/functions-000282.c	-[BTCardClient tokenizeCard:options:completion:]	
1060e9938	1060e9b5b	decompiled	chunks/004/functions-000282.c	+[BTCardClient validationErrorUserInfo:]	
1060e9b5c	1060e9fe7	decompiled	chunks/004/functions-000282.c	-[BTCardClient clientAPIParametersForCard:options:]	
1060e9fe8	1060ea09f	decompiled	chunks/004/functions-000282.c	-[BTCardClient isGraphQLEnabledForCardTokenization:]	
1060ea0a0	1060ea0cf	decompiled	chunks/004/functions-000282.c	+[BTCardClient setPayPalDataCollectorClassString:]	
1060ea0d0	1060ea0db	decompiled	chunks/004/functions-000282.c	+[BTCardClient setPayPalDataCollectorClass:]	
1060ea0dc	1060ea12b	decompiled	chunks/004/functions-000282.c	-[BTCardClient isPayPalDataCollectorAvailable]	
1060ea12c	1060ea517	decompiled	chunks/004/functions-000282.c	-[BTCardClient collectRiskData:configuration:]	
1060ea518	1060ea563	decompiled	chunks/004/functions-000282.c	-[BTCardClient getPPDataCollectorClass]	
1060ea564	1060ea56b	decompiled	chunks/004/functions-000282.c	-[BTCardClient apiClient]	
1060ea56c	1060ea59b	decompiled	chunks/004/functions-000282.c	-[BTCardClient setApiClient:]	
1060ea59c	1060ea5a7	decompiled	chunks/004/functions-000282.c	-[BTCardClient .cxx_destruct]	
1060ea5a8	1060ea91f	decompiled	chunks/004/functions-000282.c	-[BTCardNonce initWithNonce:description:cardNetwork:lastTwo:lastFour:isDefault:cardJSON:authInsightJSON:]	
1060ea920	1060ea947	decompiled	chunks/004/functions-000282.c	+[BTCardNonce typeStringFromCardNetwork:]	
1060ea948	1060ea9df	decompiled	chunks/004/functions-000282.c	+[BTCardNonce cardNetworkFromGatewayCardType:]	
1060ea9e0	1060eacb3	decompiled	chunks/004/functions-000282.c	+[BTCardNonce cardNonceWithJSON:]	
1060eacb4	1060eafe3	decompiled	chunks/004/functions-000282.c	+[BTCardNonce cardNonceWithGraphQLJSON:]	
1060eafe4	1060eaff3	decompiled	chunks/004/functions-000282.c	-[BTCardNonce cardNetwork]	
1060eaff4	1060eb003	decompiled	chunks/004/functions-000282.c	-[BTCardNonce lastTwo]	
1060eb004	1060eb013	decompiled	chunks/004/functions-000282.c	-[BTCardNonce lastFour]	
1060eb014	1060eb023	decompiled	chunks/004/functions-000282.c	-[BTCardNonce bin]	
1060eb024	1060eb033	decompiled	chunks/004/functions-000282.c	-[BTCardNonce binData]	
1060eb034	1060eb043	decompiled	chunks/004/functions-000282.c	-[BTCardNonce threeDSecureInfo]	
1060eb044	1060eb053	decompiled	chunks/004/functions-000282.c	-[BTCardNonce authenticationInsight]	
1060eb054	1060eb0d3	decompiled	chunks/004/functions-000282.c	-[BTCardNonce .cxx_destruct]	
1060eb0d4	1060eb16f	decompiled	chunks/004/functions-000282.c	-[BTCardRequest initWithCard:]	
1060eb170	1060eb177	decompiled	chunks/004/functions-000282.c	-[BTCardRequest card]	
1060eb178	1060eb1a7	decompiled	chunks/004/functions-000282.c	-[BTCardRequest setCard:]	
1060eb1a8	1060eb1af	decompiled	chunks/004/functions-000282.c	-[BTCardRequest mobilePhoneNumber]	
1060eb1b0	1060eb1b7	decompiled	chunks/004/functions-000282.c	-[BTCardRequest setMobilePhoneNumber:]	
1060eb1b8	1060eb1bf	decompiled	chunks/004/functions-000282.c	-[BTCardRequest mobileCountryCode]	
1060eb1c0	1060eb1c7	decompiled	chunks/004/functions-000282.c	-[BTCardRequest setMobileCountryCode:]	
1060eb1c8	1060eb1cf	decompiled	chunks/004/functions-000282.c	-[BTCardRequest smsCode]	
1060eb1d0	1060eb1d7	decompiled	chunks/004/functions-000282.c	-[BTCardRequest setSmsCode:]	
1060eb1d8	1060eb1df	decompiled	chunks/004/functions-000282.c	-[BTCardRequest enrollmentID]	
1060eb1e0	1060eb1e7	decompiled	chunks/004/functions-000282.c	-[BTCardRequest setEnrollmentID:]	
1060eb1e8	1060eb23b	decompiled	chunks/004/functions-000282.c	-[BTCardRequest .cxx_destruct]	
1060eb23c	1060eb2bf	decompiled	chunks/004/functions-000283.c	-[BTConfiguration collectFraudData]	
1060eb2c0	1060eb353	decompiled	chunks/004/functions-000283.c	-[BTThreeDSecureInfo initWithJSON:]	
1060eb354	1060eb3bf	decompiled	chunks/004/functions-000283.c	-[BTThreeDSecureInfo acsTransactionId]	
1060eb3c0	1060eb44b	decompiled	chunks/004/functions-000283.c	-[BTThreeDSecureInfo authenticationTransactionStatus]	
1060eb44c	1060eb4d7	decompiled	chunks/004/functions-000283.c	-[BTThreeDSecureInfo authenticationTransactionStatusReason]	
1060eb4d8	1060eb543	decompiled	chunks/004/functions-000283.c	-[BTThreeDSecureInfo cavv]	
1060eb544	1060eb5af	decompiled	chunks/004/functions-000283.c	-[BTThreeDSecureInfo dsTransactionId]	
1060eb5b0	1060eb61b	decompiled	chunks/004/functions-000283.c	-[BTThreeDSecureInfo eciFlag]	
1060eb61c	1060eb687	decompiled	chunks/004/functions-000283.c	-[BTThreeDSecureInfo enrolled]	
1060eb688	1060eb6eb	decompiled	chunks/004/functions-000283.c	-[BTThreeDSecureInfo liabilityShifted]	
1060eb6ec	1060eb74f	decompiled	chunks/004/functions-000283.c	-[BTThreeDSecureInfo liabilityShiftPossible]	
1060eb750	1060eb7db	decompiled	chunks/004/functions-000283.c	-[BTThreeDSecureInfo lookupTransactionStatus]	
1060eb7dc	1060eb867	decompiled	chunks/004/functions-000283.c	-[BTThreeDSecureInfo lookupTransactionStatusReason]	
1060eb868	1060eb8d3	decompiled	chunks/004/functions-000283.c	-[BTThreeDSecureInfo paresStatus]	
1060eb8d4	1060eb93f	decompiled	chunks/004/functions-000283.c	-[BTThreeDSecureInfo status]	
1060eb940	1060eb9ab	decompiled	chunks/004/functions-000283.c	-[BTThreeDSecureInfo threeDSecureServerTransactionId]	
1060eb9ac	1060eba17	decompiled	chunks/004/functions-000283.c	-[BTThreeDSecureInfo threeDSecureVersion]	
1060eba18	1060ebad3	decompiled	chunks/004/functions-000283.c	-[BTThreeDSecureInfo wasVerified]	
1060ebad4	1060ebb3f	decompiled	chunks/004/functions-000283.c	-[BTThreeDSecureInfo xid]	
1060ebb40	1060ebb47	decompiled	chunks/004/functions-000283.c	-[BTThreeDSecureInfo errorMessage]	
1060ebb48	1060ebb4f	decompiled	chunks/004/functions-000283.c	-[BTThreeDSecureInfo setErrorMessage:]	
1060ebb50	1060ebb57	decompiled	chunks/004/functions-000283.c	-[BTThreeDSecureInfo threeDSecureJSON]	
1060ebb58	1060ebb87	decompiled	chunks/004/functions-000283.c	-[BTThreeDSecureInfo setThreeDSecureJSON:]	
1060ebb88	1060ebbb7	decompiled	chunks/004/functions-000283.c	-[BTThreeDSecureInfo .cxx_destruct]	
1060ebbb8	1060ebbbf	decompiled	chunks/004/functions-000283.c	-[BTAPIClient initWithAuthorization:]	
1060ebbc0	1060ebf17	decompiled	chunks/004/functions-000283.c	-[BTAPIClient initWithAuthorization:sendAnalyticsEvent:]	
1060ebf18	1060ebf53	decompiled	chunks/004/functions-000283.c		
1060ebf54	1060ebf57	decompiled	chunks/004/functions-000283.c		
1060ebf58	1060ebfff	decompiled	chunks/004/functions-000283.c	+[BTAPIClient authorizationTypeForAuthorization:]	
1060ec000	1060ec15b	decompiled	chunks/004/functions-000283.c	-[BTAPIClient copyWithSource:integration:]	
1060ec15c	1060ec48f	decompiled	chunks/004/functions-000283.c	+[BTAPIClient baseURLFromTokenizationKey:]	
1060ec490	1060ec4eb	decompiled	chunks/004/functions-000283.c	+[BTAPIClient schemeForEnvironmentString:]	
1060ec4ec	1060ec5d7	decompiled	chunks/004/functions-000283.c	+[BTAPIClient hostForEnvironmentString:]	
1060ec5d8	1060ec76f	decompiled	chunks/004/functions-000283.c	+[BTAPIClient graphQLURLForEnvironment:]	
1060ec770	1060ec827	decompiled	chunks/004/functions-000283.c	+[BTAPIClient graphQLHostForEnvironmentString:]	
1060ec828	1060ec897	decompiled	chunks/004/functions-000283.c	+[BTAPIClient clientApiBasePathForMerchantID:]	
1060ec898	1060ec8a3	decompiled	chunks/004/functions-000283.c	-[BTAPIClient fetchPaymentMethodNonces:]	
1060ec8a4	1060ecad7	decompiled	chunks/004/functions-000283.c	-[BTAPIClient fetchPaymentMethodNonces:completion:]	
1060ecad8	1060ecba3	decompiled	chunks/004/functions-000283.c		
1060ecba4	1060ece13	decompiled	chunks/004/functions-000283.c		
1060ece14	1060ecebb	decompiled	chunks/004/functions-000283.c	-[BTAPIClient fetchOrReturnRemoteConfiguration:]	
1060ecebc	1060ed0ef	decompiled	chunks/004/functions-000283.c		
1060ed0f0	1060ed107	decompiled	chunks/004/functions-000283.c		
1060ed108	1060ed6b7	decompiled	chunks/004/functions-000283.c		
1060ed6b8	1060ed6db	decompiled	chunks/004/functions-000283.c		
1060ed6dc	1060ed763	decompiled	chunks/004/functions-000283.c	-[BTAPIClient metaParameters]	
1060ed764	1060ed7a7	decompiled	chunks/004/functions-000283.c	-[BTAPIClient graphQLMetadata]	
1060ed7a8	1060ed88b	decompiled	chunks/004/functions-000283.c	-[BTAPIClient metaParametersWithParameters:forHTTPType:]	
1060ed88c	1060ed897	decompiled	chunks/004/functions-000283.c	-[BTAPIClient GET:parameters:completion:]	
1060ed898	1060ed8a3	decompiled	chunks/004/functions-000283.c	-[BTAPIClient POST:parameters:completion:]	
1060ed8a4	1060ed98b	decompiled	chunks/004/functions-000283.c	-[BTAPIClient GET:parameters:httpType:completion:]	
1060ed98c	1060ed9f3	decompiled	chunks/004/functions-000283.c		
1060ed9f4	1060edadb	decompiled	chunks/004/functions-000283.c	-[BTAPIClient POST:parameters:httpType:completion:]	
1060edadc	1060edb6f	decompiled	chunks/004/functions-000283.c		
1060edb70	1060edbbb	decompiled	chunks/004/functions-000283.c	-[BTAPIClient httpForType:]	
1060edbbc	1060edbd3	decompiled	chunks/004/functions-000283.c	-[BTAPIClient init]	
1060edbd4	1060eddbb	decompiled	chunks/004/functions-000283.c	-[BTAPIClient dealloc]	
1060eddbc	1060eddc3	decompiled	chunks/004/functions-000283.c	-[BTAPIClient configurationQueue]	
1060eddc4	1060eddf3	decompiled	chunks/004/functions-000283.c	-[BTAPIClient setConfigurationQueue:]	
1060eddf4	1060eddfb	decompiled	chunks/004/functions-000283.c	-[BTAPIClient tokenizationKey]	
1060eddfc	1060ede03	decompiled	chunks/004/functions-000283.c	-[BTAPIClient setTokenizationKey:]	
1060ede04	1060ede0b	decompiled	chunks/004/functions-000283.c	-[BTAPIClient clientToken]	
1060ede0c	1060ede3b	decompiled	chunks/004/functions-000283.c	-[BTAPIClient setClientToken:]	
1060ede3c	1060ede43	decompiled	chunks/004/functions-000283.c	-[BTAPIClient http]	
1060ede44	1060ede73	decompiled	chunks/004/functions-000283.c	-[BTAPIClient setHttp:]	
1060ede74	1060ede7b	decompiled	chunks/004/functions-000283.c	-[BTAPIClient configurationHTTP]	
1060ede7c	1060edeab	decompiled	chunks/004/functions-000283.c	-[BTAPIClient setConfigurationHTTP:]	
1060edeac	1060edeb3	decompiled	chunks/004/functions-000283.c	-[BTAPIClient braintreeAPI]	
1060edeb4	1060edee3	decompiled	chunks/004/functions-000283.c	-[BTAPIClient setBraintreeAPI:]	
1060edee4	1060edeeb	decompiled	chunks/004/functions-000283.c	-[BTAPIClient graphQL]	
1060edeec	1060edf1b	decompiled	chunks/004/functions-000283.c	-[BTAPIClient setGraphQL:]	
1060edf1c	1060edf23	decompiled	chunks/004/functions-000283.c	-[BTAPIClient metadata]	
1060edf24	1060edf9b	decompiled	chunks/004/functions-000283.c	-[BTAPIClient .cxx_destruct]	
1060edf9c	1060ee0fb	decompiled	chunks/004/functions-000283.c	-[BTAPIHTTP initWithBaseURL:accessToken:]	
1060ee0fc	1060ee26f	decompiled	chunks/004/functions-000283.c	-[BTAPIHTTP defaultHeaders]	
1060ee270	1060ee27f	decompiled	chunks/004/functions-000283.c	-[BTAPIHTTP accessToken]	
1060ee280	1060ee2bf	decompiled	chunks/004/functions-000283.c	-[BTAPIHTTP setAccessToken:]	
1060ee2c0	1060ee2d3	decompiled	chunks/004/functions-000283.c	-[BTAPIHTTP .cxx_destruct]	
1060ee2d4	1060ee8c7	decompiled	chunks/004/functions-000283.c	+[BTAPIPinnedCertificates trustedCertificates]	
1060ee8c8	1060eee6f	decompiled	chunks/004/functions-000283.c	-[BTBinData initWithJSON:]	
1060eee70	1060eee77	decompiled	chunks/004/functions-000283.c	-[BTBinData prepaid]	
1060eee78	1060eee7f	decompiled	chunks/004/functions-000283.c	-[BTBinData healthcare]	
1060eee80	1060eee87	decompiled	chunks/004/functions-000283.c	-[BTBinData debit]	
1060eee88	1060eee8f	decompiled	chunks/004/functions-000283.c	-[BTBinData durbinRegulated]	
1060eee90	1060eee97	decompiled	chunks/004/functions-000283.c	-[BTBinData commercial]	
1060eee98	1060eee9f	decompiled	chunks/004/functions-000283.c	-[BTBinData payroll]	
1060eeea0	1060eeea7	decompiled	chunks/004/functions-000283.c	-[BTBinData issuingBank]	
1060eeea8	1060eeeaf	decompiled	chunks/004/functions-000283.c	-[BTBinData countryOfIssuance]	
1060eeeb0	1060eeeb7	decompiled	chunks/004/functions-000283.c	-[BTBinData productId]	
1060eeeb8	1060eef3b	decompiled	chunks/004/functions-000283.c	-[BTBinData .cxx_destruct]	
1060eef3c	1060eeff3	decompiled	chunks/004/functions-000283.c	-[BTClientMetadata init]	
1060eeff4	1060ef05f	decompiled	chunks/004/functions-000283.c	-[BTClientMetadata copyWithZone:]	
1060ef060	1060ef0d7	decompiled	chunks/004/functions-000283.c	-[BTClientMetadata mutableCopyWithZone:]	
1060ef0d8	1060ef10b	decompiled	chunks/004/functions-000283.c	-[BTClientMetadata integrationString]	
1060ef10c	1060ef13f	decompiled	chunks/004/functions-000283.c	-[BTClientMetadata sourceString]	
1060ef140	1060ef23f	decompiled	chunks/004/functions-000283.c	-[BTClientMetadata parameters]	
1060ef240	1060ef267	decompiled	chunks/004/functions-000283.c	+[BTClientMetadata integrationToString:]	
1060ef268	1060ef28b	decompiled	chunks/004/functions-000283.c	+[BTClientMetadata sourceToString:]	
1060ef28c	1060ef293	decompiled	chunks/004/functions-000283.c	-[BTClientMetadata integration]	
1060ef294	1060ef29b	decompiled	chunks/004/functions-000283.c	-[BTClientMetadata source]	
1060ef29c	1060ef2a3	decompiled	chunks/004/functions-000284.c	-[BTClientMetadata sessionId]	
1060ef2a4	1060ef2af	decompiled	chunks/004/functions-000284.c	-[BTClientMetadata .cxx_destruct]	
1060ef2b0	1060ef2b7	decompiled	chunks/004/functions-000284.c	-[BTMutableClientMetadata setIntegration:]	
1060ef2b8	1060ef2bf	decompiled	chunks/004/functions-000284.c	-[BTMutableClientMetadata setSource:]	
1060ef2c0	1060ef2ef	decompiled	chunks/004/functions-000284.c	-[BTMutableClientMetadata setSessionId:]	
1060ef2f0	1060ef307	decompiled	chunks/004/functions-000284.c	-[BTClientToken init]	
1060ef308	1060ef45b	decompiled	chunks/004/functions-000284.c	-[BTClientToken initWithClientToken:error:]	
1060ef45c	1060ef64b	decompiled	chunks/004/functions-000284.c	-[BTClientToken validateClientToken:]	
1060ef64c	1060ef6af	decompiled	chunks/004/functions-000284.c	-[BTClientToken copyWithZone:]	
1060ef6b0	1060ef713	decompiled	chunks/004/functions-000284.c	-[BTClientToken parseJSONString:error:]	
1060ef714	1060ef76f	decompiled	chunks/004/functions-000284.c	-[BTClientToken encodeWithCoder:]	
1060ef770	1060ef7cb	decompiled	chunks/004/functions-000284.c	-[BTClientToken initWithCoder:]	
1060ef7cc	1060efbd3	decompiled	chunks/004/functions-000284.c	-[BTClientToken decodeClientToken:error:]	
1060efbd4	1060efc5f	decompiled	chunks/004/functions-000284.c	-[BTClientToken description]	
1060efc60	1060efd63	decompiled	chunks/004/functions-000284.c	-[BTClientToken isEqual:]	
1060efd64	1060efd6b	decompiled	chunks/004/functions-000284.c	-[BTClientToken json]	
1060efd6c	1060efd9b	decompiled	chunks/004/functions-000284.c	-[BTClientToken setJson:]	
1060efd9c	1060efda3	decompiled	chunks/004/functions-000284.c	-[BTClientToken authorizationFingerprint]	
1060efda4	1060efdab	decompiled	chunks/004/functions-000284.c	-[BTClientToken setAuthorizationFingerprint:]	
1060efdac	1060efdb3	decompiled	chunks/004/functions-000284.c	-[BTClientToken configURL]	
1060efdb4	1060efde3	decompiled	chunks/004/functions-000284.c	-[BTClientToken setConfigURL:]	
1060efde4	1060efdeb	decompiled	chunks/004/functions-000284.c	-[BTClientToken originalValue]	
1060efdec	1060efdf3	decompiled	chunks/004/functions-000284.c	-[BTClientToken setOriginalValue:]	
1060efdf4	1060efe3b	decompiled	chunks/004/functions-000284.c	-[BTClientToken .cxx_destruct]	
1060efe3c	1060efee3	decompiled	chunks/004/functions-000284.c	-[BTConfiguration isGraphQLEnabled]	
1060efee4	1060eff17	decompiled	chunks/004/functions-000284.c	-[BTConfiguration init]	
1060eff18	1060eff8b	decompiled	chunks/004/functions-000284.c	-[BTConfiguration initWithJSON:]	
1060eff8c	1060eff93	decompiled	chunks/004/functions-000284.c	+[BTConfiguration isBetaEnabledPaymentOption:]	
1060eff94	1060eff97	decompiled	chunks/004/functions-000284.c	+[BTConfiguration setBetaPaymentOption:isEnabled:]	
1060eff98	1060eff9f	decompiled	chunks/004/functions-000284.c	-[BTConfiguration json]	
1060effa0	1060effab	decompiled	chunks/004/functions-000284.c	-[BTConfiguration .cxx_destruct]	
1060effac	1060effc7	decompiled	chunks/004/functions-000284.c	-[BTGraphQLHTTP GET:completion:]	
1060effc8	1060effe3	decompiled	chunks/004/functions-000284.c	-[BTGraphQLHTTP GET:parameters:completion:]	
1060effe4	1060efff7	decompiled	chunks/004/functions-000284.c	-[BTGraphQLHTTP POST:completion:]	
1060efff8	1060f0003	decompiled	chunks/004/functions-000284.c	-[BTGraphQLHTTP POST:parameters:completion:]	
1060f0004	1060f001f	decompiled	chunks/004/functions-000284.c	-[BTGraphQLHTTP PUT:completion:]	
1060f0020	1060f003b	decompiled	chunks/004/functions-000284.c	-[BTGraphQLHTTP PUT:parameters:completion:]	
1060f003c	1060f0057	decompiled	chunks/004/functions-000284.c	-[BTGraphQLHTTP DELETE:completion:]	
1060f0058	1060f0073	decompiled	chunks/004/functions-000284.c	-[BTGraphQLHTTP DELETE:parameters:completion:]	
1060f0074	1060f0763	decompiled	chunks/004/functions-000284.c	-[BTGraphQLHTTP handleRequestCompletion:response:error:completionBlock:]	
1060f0764	1060f0c27	decompiled	chunks/004/functions-000284.c	-[BTGraphQLHTTP httpRequest:parameters:completion:]	
1060f0c28	1060f0c5f	decompiled	chunks/004/functions-000284.c		
1060f0c60	1060f0f1b	decompiled	chunks/004/functions-000284.c	-[BTGraphQLHTTP addErrorForInputPath:withGraphQLError:toArray:]	
1060f0f1c	1060f0f2b	decompiled	chunks/004/functions-000284.c	-[BTGraphQLHTTP tokenizationKey]	
1060f0f2c	1060f0f37	decompiled	chunks/004/functions-000284.c	-[BTGraphQLHTTP setTokenizationKey:]	
1060f0f38	1060f0f47	decompiled	chunks/004/functions-000284.c	-[BTGraphQLHTTP authorizationFingerprint]	
1060f0f48	1060f0f53	decompiled	chunks/004/functions-000284.c	-[BTGraphQLHTTP setAuthorizationFingerprint:]	
1060f0f54	1060f0f93	decompiled	chunks/004/functions-000284.c	-[BTGraphQLHTTP .cxx_destruct]	
1060f0f94	1060f0fab	decompiled	chunks/004/functions-000284.c	-[BTHTTP init]	
1060f0fac	1060f1017	decompiled	chunks/004/functions-000284.c	-[BTHTTP initWithBaseURL:]	
1060f1018	1060f115b	decompiled	chunks/004/functions-000284.c	-[BTHTTP initWithBaseURL:authorizationFingerprint:]	
1060f115c	1060f129f	decompiled	chunks/004/functions-000284.c	-[BTHTTP initWithBaseURL:tokenizationKey:]	
1060f12a0	1060f1367	decompiled	chunks/004/functions-000284.c	-[BTHTTP initWithClientToken:]	
1060f1368	1060f144f	decompiled	chunks/004/functions-000284.c	-[BTHTTP copyWithZone:]	
1060f1450	1060f148b	decompiled	chunks/004/functions-000284.c	-[BTHTTP setSession:]	
1060f148c	1060f1497	decompiled	chunks/004/functions-000284.c	-[BTHTTP GET:completion:]	
1060f1498	1060f14af	decompiled	chunks/004/functions-000284.c	-[BTHTTP GET:parameters:completion:]	
1060f14b0	1060f14bb	decompiled	chunks/004/functions-000284.c	-[BTHTTP POST:completion:]	
1060f14bc	1060f14d3	decompiled	chunks/004/functions-000284.c	-[BTHTTP POST:parameters:completion:]	
1060f14d4	1060f14df	decompiled	chunks/004/functions-000284.c	-[BTHTTP PUT:completion:]	
1060f14e0	1060f14f7	decompiled	chunks/004/functions-000284.c	-[BTHTTP PUT:parameters:completion:]	
1060f14f8	1060f1503	decompiled	chunks/004/functions-000284.c	-[BTHTTP DELETE:completion:]	
1060f1504	1060f151b	decompiled	chunks/004/functions-000284.c	-[BTHTTP DELETE:parameters:completion:]	
1060f151c	1060f1c2f	decompiled	chunks/004/functions-000284.c	-[BTHTTP httpRequest:path:parameters:completion:]	
1060f1c30	1060f1c47	decompiled	chunks/004/functions-000284.c		
1060f1c48	1060f2233	decompiled	chunks/004/functions-000284.c	-[BTHTTP handleRequestCompletion:response:error:completionBlock:]	
1060f2234	1060f235f	decompiled	chunks/004/functions-000284.c	-[BTHTTP callCompletionBlock:body:response:error:]	
1060f2360	1060f2373	decompiled	chunks/004/functions-000284.c		
1060f2374	1060f23a7	decompiled	chunks/004/functions-000284.c	-[BTHTTP dispatchQueue]	
1060f23a8	1060f24a7	decompiled	chunks/004/functions-000284.c	-[BTHTTP defaultHeaders]	
1060f24a8	1060f24df	decompiled	chunks/004/functions-000284.c	-[BTHTTP userAgentString]	
1060f24e0	1060f256f	decompiled	chunks/004/functions-000284.c	-[BTHTTP platformString]	
1060f2570	1060f25ff	decompiled	chunks/004/functions-000284.c	-[BTHTTP architectureString]	
1060f2600	1060f260b	decompiled	chunks/004/functions-000284.c	-[BTHTTP acceptString]	
1060f260c	1060f26cb	decompiled	chunks/004/functions-000284.c	-[BTHTTP acceptLanguageString]	
1060f26cc	1060f2803	decompiled	chunks/004/functions-000284.c	-[BTHTTP pinnedCertificateData]	
1060f2804	1060f2a3b	decompiled	chunks/004/functions-000284.c	-[BTHTTP URLSession:didReceiveChallenge:completionHandler:]	
1060f2a3c	1060f2b17	decompiled	chunks/004/functions-000284.c	-[BTHTTP isEqualToHTTP:]	
1060f2b18	1060f2b8f	decompiled	chunks/004/functions-000284.c	-[BTHTTP isEqual:]	
1060f2b90	1060f2b97	decompiled	chunks/004/functions-000284.c	-[BTHTTP pinnedCertificates]	
1060f2b98	1060f2bc7	decompiled	chunks/004/functions-000284.c	-[BTHTTP setPinnedCertificates:]	
1060f2bc8	1060f2bcf	decompiled	chunks/004/functions-000284.c	-[BTHTTP session]	
1060f2bd0	1060f2bd7	decompiled	chunks/004/functions-000284.c	-[BTHTTP baseURL]	
1060f2bd8	1060f2c07	decompiled	chunks/004/functions-000284.c	-[BTHTTP setBaseURL:]	
1060f2c08	1060f2c37	decompiled	chunks/004/functions-000284.c	-[BTHTTP setDispatchQueue:]	
1060f2c38	1060f2c3f	decompiled	chunks/004/functions-000284.c	-[BTHTTP authorizationFingerprint]	
1060f2c40	1060f2c47	decompiled	chunks/004/functions-000284.c	-[BTHTTP setAuthorizationFingerprint:]	
1060f2c48	1060f2c4f	decompiled	chunks/004/functions-000284.c	-[BTHTTP tokenizationKey]	
1060f2c50	1060f2c57	decompiled	chunks/004/functions-000284.c	-[BTHTTP setTokenizationKey:]	
1060f2c58	1060f2cb7	decompiled	chunks/004/functions-000284.c	-[BTHTTP .cxx_destruct]	
1060f2cb8	1060f2d3b	decompiled	chunks/004/functions-000284.c	-[BTJSON init]	
1060f2d3c	1060f2dcb	decompiled	chunks/004/functions-000284.c	-[BTJSON initWithData:]	
1060f2dcc	1060f2e1b	decompiled	chunks/004/functions-000284.c	-[BTJSON initWithValue:]	
1060f2e1c	1060f2eb7	decompiled	chunks/004/functions-000284.c	-[BTJSON objectForKeyedSubscript:]	
1060f2eb8	1060f2f67	decompiled	chunks/004/functions-000284.c	-[BTJSON objectAtIndexedSubscript:]	
1060f2f68	1060f3203	decompiled	chunks/004/functions-000284.c	-[BTJSON value]	
1060f3204	1060f3253	decompiled	chunks/004/functions-000284.c	-[BTJSON isError]	
1060f3254	1060f32c7	decompiled	chunks/004/functions-000284.c	-[BTJSON asError]	
1060f32c8	1060f332f	decompiled	chunks/004/functions-000284.c	-[BTJSON asJSONAndReturnError:]	
1060f3330	1060f33cb	decompiled	chunks/004/functions-000284.c	-[BTJSON asPrettyJSONAndReturnError:]	
1060f33cc	1060f343f	decompiled	chunks/004/functions-000285.c	-[BTJSON asString]	
1060f3440	1060f34b3	decompiled	chunks/004/functions-000285.c	-[BTJSON asArray]	
1060f34b4	1060f357b	decompiled	chunks/004/functions-000285.c	-[BTJSON asNumber]	
1060f357c	1060f35d7	decompiled	chunks/004/functions-000285.c	-[BTJSON asURL]	
1060f35d8	1060f3717	decompiled	chunks/004/functions-000285.c	-[BTJSON asStringArray]	
1060f3718	1060f377b	decompiled	chunks/004/functions-000285.c	-[BTJSON asDictionary]	
1060f377c	1060f37df	decompiled	chunks/004/functions-000285.c	-[BTJSON asIntegerOrZero]	
1060f37e0	1060f3887	decompiled	chunks/004/functions-000285.c	-[BTJSON asEnum:orDefault:]	
1060f3888	1060f38d7	decompiled	chunks/004/functions-000285.c	-[BTJSON isString]	
1060f38d8	1060f3927	decompiled	chunks/004/functions-000285.c	-[BTJSON isNumber]	
1060f3928	1060f3977	decompiled	chunks/004/functions-000285.c	-[BTJSON isArray]	
1060f3978	1060f39c7	decompiled	chunks/004/functions-000285.c	-[BTJSON isObject]	
1060f39c8	1060f3a4b	decompiled	chunks/004/functions-000285.c	-[BTJSON isBool]	
1060f3a4c	1060f3a8f	decompiled	chunks/004/functions-000285.c	-[BTJSON isTrue]	
1060f3a90	1060f3ad3	decompiled	chunks/004/functions-000285.c	-[BTJSON isFalse]	
1060f3ad4	1060f3b23	decompiled	chunks/004/functions-000285.c	-[BTJSON isNull]	
1060f3b24	1060f3bbf	decompiled	chunks/004/functions-000285.c	-[BTJSON chainedErrorOrErrorWithCode:userInfo:]	
1060f3bc0	1060f3bc3	decompiled	chunks/004/functions-000285.c	-[BTJSON description]	
1060f3bc4	1060f3c33	decompiled	chunks/004/functions-000285.c	-[BTJSON debugDescription]	
1060f3c34	1060f3c63	decompiled	chunks/004/functions-000285.c	-[BTJSON setValue:]	
1060f3c64	1060f3c6b	decompiled	chunks/004/functions-000285.c	-[BTJSON subscripts]	
1060f3c6c	1060f3c9b	decompiled	chunks/004/functions-000285.c	-[BTJSON setSubscripts:]	
1060f3c9c	1060f3ccb	decompiled	chunks/004/functions-000285.c	-[BTJSON .cxx_destruct]	
1060f3ccc	1060f3d3f	decompiled	chunks/004/functions-000285.c	+[BTKeychain setString:forKey:]	
1060f3d40	1060f3d9b	decompiled	chunks/004/functions-000285.c	+[BTKeychain stringForKey:]	
1060f3d9c	1060f3dcb	decompiled	chunks/004/functions-000285.c	+[BTKeychain keychainKeyForKey:]	
1060f3dcc	1060f3fa7	decompiled	chunks/004/functions-000285.c	+[BTKeychain setData:forKey:]	
1060f3fa8	1060f40ab	decompiled	chunks/004/functions-000285.c	+[BTKeychain dataForKey:]	
1060f40ac	1060f4133	decompiled	chunks/004/functions-000285.c	+[BTLogger sharedLogger]	
1060f4134	1060f415b	decompiled	chunks/004/functions-000285.c		
1060f415c	1060f419b	decompiled	chunks/004/functions-000285.c	-[BTLogger init]	
1060f419c	1060f41cb	decompiled	chunks/004/functions-000285.c	-[BTLogger log:]	
1060f41cc	1060f41fb	decompiled	chunks/004/functions-000285.c	-[BTLogger critical:]	
1060f41fc	1060f422b	decompiled	chunks/004/functions-000285.c	-[BTLogger error:]	
1060f422c	1060f425b	decompiled	chunks/004/functions-000285.c	-[BTLogger warning:]	
1060f425c	1060f428b	decompiled	chunks/004/functions-000285.c	-[BTLogger info:]	
1060f428c	1060f42bb	decompiled	chunks/004/functions-000285.c	-[BTLogger debug:]	
1060f42bc	1060f43c7	decompiled	chunks/004/functions-000285.c	-[BTLogger logLevel:format:arguments:]	
1060f43c8	1060f43eb	decompiled	chunks/004/functions-000285.c	+[BTLogger levelString:]	
1060f43ec	1060f43f3	decompiled	chunks/004/functions-000285.c	-[BTLogger level]	
1060f43f4	1060f43fb	decompiled	chunks/004/functions-000285.c	-[BTLogger setLevel:]	
1060f43fc	1060f4403	decompiled	chunks/004/functions-000285.c	-[BTLogger logBlock]	
1060f4404	1060f440b	decompiled	chunks/004/functions-000285.c	-[BTLogger setLogBlock:]	
1060f440c	1060f4417	decompiled	chunks/004/functions-000285.c	-[BTLogger .cxx_destruct]	
1060f4418	1060f44f3	decompiled	chunks/004/functions-000285.c	-[BTPaymentMethodNonce initWithNonce:localizedDescription:type:]	
1060f44f4	1060f44ff	decompiled	chunks/004/functions-000285.c	-[BTPaymentMethodNonce initWithNonce:localizedDescription:]	
1060f4500	1060f4527	decompiled	chunks/004/functions-000285.c	-[BTPaymentMethodNonce initWithNonce:localizedDescription:type:isDefault:]	
1060f4528	1060f452f	decompiled	chunks/004/functions-000285.c	-[BTPaymentMethodNonce nonce]	
1060f4530	1060f4537	decompiled	chunks/004/functions-000285.c	-[BTPaymentMethodNonce setNonce:]	
1060f4538	1060f453f	decompiled	chunks/004/functions-000285.c	-[BTPaymentMethodNonce localizedDescription]	
1060f4540	1060f4547	decompiled	chunks/004/functions-000285.c	-[BTPaymentMethodNonce setLocalizedDescription:]	
1060f4548	1060f454f	decompiled	chunks/004/functions-000285.c	-[BTPaymentMethodNonce type]	
1060f4550	1060f4557	decompiled	chunks/004/functions-000285.c	-[BTPaymentMethodNonce setType:]	
1060f4558	1060f455f	decompiled	chunks/004/functions-000285.c	-[BTPaymentMethodNonce isDefault]	
1060f4560	1060f4567	decompiled	chunks/004/functions-000285.c	-[BTPaymentMethodNonce setIsDefault:]	
1060f4568	1060f45a3	decompiled	chunks/004/functions-000285.c	-[BTPaymentMethodNonce .cxx_destruct]	
1060f45a4	1060f461f	decompiled	chunks/004/functions-000285.c	-[BTPaymentMethodNonceParser isTypeAvailable:]	
1060f4620	1060f4663	decompiled	chunks/004/functions-000285.c	-[BTPaymentMethodNonceParser allTypes]	
1060f4664	1060f482b	decompiled	chunks/004/functions-000285.c	-[BTPaymentMethodNonceParser parseJSON:withParsingBlockForType:]	
1060f482c	1060f485b	decompiled	chunks/004/functions-000285.c	-[BTPaymentMethodNonceParser setJSONParsingBlocks:]	
1060f485c	1060f4867	decompiled	chunks/004/functions-000285.c	-[BTPaymentMethodNonceParser .cxx_destruct]	
1060f4868	1060f49b7	decompiled	chunks/004/functions-000285.c	-[BTPostalAddress copyWithZone:]	
1060f49b8	1060f4b37	decompiled	chunks/004/functions-000285.c	-[BTPostalAddress debugDescription]	
1060f4b38	1060f4b3f	decompiled	chunks/004/functions-000285.c	-[BTPostalAddress recipientName]	
1060f4b40	1060f4b47	decompiled	chunks/004/functions-000285.c	-[BTPostalAddress setRecipientName:]	
1060f4b48	1060f4b4f	decompiled	chunks/004/functions-000285.c	-[BTPostalAddress streetAddress]	
1060f4b50	1060f4b57	decompiled	chunks/004/functions-000285.c	-[BTPostalAddress setStreetAddress:]	
1060f4b58	1060f4b5f	decompiled	chunks/004/functions-000285.c	-[BTPostalAddress extendedAddress]	
1060f4b60	1060f4b67	decompiled	chunks/004/functions-000285.c	-[BTPostalAddress setExtendedAddress:]	
1060f4b68	1060f4b6f	decompiled	chunks/004/functions-000285.c	-[BTPostalAddress locality]	
1060f4b70	1060f4b77	decompiled	chunks/004/functions-000285.c	-[BTPostalAddress setLocality:]	
1060f4b78	1060f4b7f	decompiled	chunks/004/functions-000285.c	-[BTPostalAddress countryCodeAlpha2]	
1060f4b80	1060f4b87	decompiled	chunks/004/functions-000285.c	-[BTPostalAddress setCountryCodeAlpha2:]	
1060f4b88	1060f4b8f	decompiled	chunks/004/functions-000285.c	-[BTPostalAddress postalCode]	
1060f4b90	1060f4b97	decompiled	chunks/004/functions-000285.c	-[BTPostalAddress setPostalCode:]	
1060f4b98	1060f4b9f	decompiled	chunks/004/functions-000285.c	-[BTPostalAddress region]	
1060f4ba0	1060f4ba7	decompiled	chunks/004/functions-000285.c	-[BTPostalAddress setRegion:]	
1060f4ba8	1060f4c13	decompiled	chunks/004/functions-000285.c	-[BTPostalAddress .cxx_destruct]	
1060f4c14	1060f4c8f	decompiled	chunks/004/functions-000285.c	-[BTTokenizationService isTypeAvailable:]	
1060f4c90	1060f4cd3	decompiled	chunks/004/functions-000285.c	-[BTTokenizationService allTypes]	
1060f4cd4	1060f4ce3	decompiled	chunks/004/functions-000285.c	-[BTTokenizationService tokenizeType:withAPIClient:completion:]	
1060f4ce4	1060f4f2f	decompiled	chunks/004/functions-000285.c	-[BTTokenizationService tokenizeType:options:withAPIClient:completion:]	
1060f4f30	1060f4f5f	decompiled	chunks/004/functions-000285.c	-[BTTokenizationService setTokenizationBlocks:]	
1060f4f60	1060f4f6b	decompiled	chunks/004/functions-000285.c	-[BTTokenizationService .cxx_destruct]	
1060f4f6c	1060f542b	decompiled	chunks/004/functions-000285.c	+[BTURLUtils queryStringWithDictionary:]	
1060f542c	1060f560b	decompiled	chunks/004/functions-000285.c	+[BTURLUtils queryParametersForURL:]	
1060f560c	1060f569f	decompiled	chunks/004/functions-000285.c	+[BTURLUtils stringByURLEncodingAllCharactersInString:]	
1060f56a0	1060f5793	decompiled	chunks/004/functions-000285.c	+[BTUILocalizedString localizationBundle]	
1060f5794	1060f579f	decompiled	chunks/004/functions-000285.c	+[BTUILocalizedString localizationTable]	
1060f57a0	1060f5823	decompiled	chunks/004/functions-000285.c	+[BTUILocalizedString CARD_TYPE_AMERICAN_EXPRESS]	
1060f5824	1060f58a7	decompiled	chunks/004/functions-000285.c	+[BTUILocalizedString CARD_TYPE_DINERS_CLUB]	
1060f58a8	1060f592b	decompiled	chunks/004/functions-000285.c	+[BTUILocalizedString CARD_TYPE_DISCOVER]	
1060f592c	1060f59af	decompiled	chunks/004/functions-000285.c	+[BTUILocalizedString CARD_TYPE_MASTER_CARD]	
1060f59b0	1060f5a33	decompiled	chunks/004/functions-000285.c	+[BTUILocalizedString CARD_TYPE_VISA]	
1060f5a34	1060f5ab7	decompiled	chunks/004/functions-000285.c	+[BTUILocalizedString CARD_TYPE_JCB]	
1060f5ab8	1060f5b3b	decompiled	chunks/004/functions-000285.c	+[BTUILocalizedString CARD_TYPE_MAESTRO]	
1060f5b3c	1060f5bbf	decompiled	chunks/004/functions-000285.c	+[BTUILocalizedString CARD_TYPE_UNION_PAY]	
1060f5bc0	1060f5c43	decompiled	chunks/004/functions-000285.c	+[BTUILocalizedString CARD_TYPE_LASER]	
1060f5c44	1060f5cc7	decompiled	chunks/004/functions-000285.c	+[BTUILocalizedString CARD_TYPE_SOLO]	
1060f5cc8	1060f5d4b	decompiled	chunks/004/functions-000285.c	+[BTUILocalizedString CARD_TYPE_SWITCH]	
1060f5d4c	1060f5dcf	decompiled	chunks/004/functions-000286.c	+[BTUILocalizedString PAYMENT_METHOD_TYPE_PAYPAL]	
1060f5dd0	1060f5e53	decompiled	chunks/004/functions-000286.c	+[BTUILocalizedString PAYMENT_METHOD_TYPE_COINBASE]	
1060f5e54	1060f5ed7	decompiled	chunks/004/functions-000286.c	+[BTUILocalizedString PAYMENT_METHOD_TYPE_VENMO]	
1060f5ed8	1060f6093	decompiled	chunks/004/functions-000286.c	+[BTUICardExpirationValidator month:year:validForDate:]	
1060f6094	1060f612f	decompiled	chunks/004/functions-000286.c	-[BTUICardType initWithBrand:prefixes:]	
1060f6130	1060f62fb	decompiled	chunks/004/functions-000286.c	-[BTUICardType initWithBrand:prefixes:validNumberLengths:validCvvLength:formatSpaces:]	
1060f62fc	1060f636b	decompiled	chunks/004/functions-000286.c	+[BTUICardType cardTypeForBrand:]	
1060f636c	1060f65bb	decompiled	chunks/004/functions-000286.c	+[BTUICardType cardTypeForNumber:]	
1060f65bc	1060f6867	decompiled	chunks/004/functions-000286.c	+[BTUICardType possibleCardTypesForNumber:]	
1060f6868	1060f691f	decompiled	chunks/004/functions-000286.c	-[BTUICardType validCvv:]	
1060f6920	1060f6983	decompiled	chunks/004/functions-000286.c	-[BTUICardType description]	
1060f6984	1060f69f7	decompiled	chunks/004/functions-000286.c	+[BTUICardType maxNumberLength]	
1060f69f8	1060f6b07	decompiled	chunks/004/functions-000286.c		
1060f6b08	1060f6b5b	decompiled	chunks/004/functions-000286.c	+[BTUICardType allCards]	
1060f6b5c	1060f6f1f	decompiled	chunks/004/functions-000286.c		
1060f6f20	1060f6fa7	decompiled	chunks/004/functions-000286.c	+[BTUICardType cardsByBrand]	
1060f6fa8	1060f70f7	decompiled	chunks/004/functions-000286.c		
1060f70f8	1060f72f7	decompiled	chunks/004/functions-000286.c	-[BTUICardType formatNumber:kerning:]	
1060f72f8	1060f72ff	decompiled	chunks/004/functions-000286.c	-[BTUICardType formatNumber:]	
1060f7300	1060f738b	decompiled	chunks/004/functions-000286.c	-[BTUICardType validAndNecessarilyCompleteNumber:]	
1060f738c	1060f73eb	decompiled	chunks/004/functions-000286.c	-[BTUICardType validNumber:]	
1060f73ec	1060f745f	decompiled	chunks/004/functions-000286.c	-[BTUICardType completeNumber:]	
1060f7460	1060f7467	decompiled	chunks/004/functions-000286.c	-[BTUICardType brand]	
1060f7468	1060f746f	decompiled	chunks/004/functions-000286.c	-[BTUICardType validNumberPrefixes]	
1060f7470	1060f7477	decompiled	chunks/004/functions-000286.c	-[BTUICardType validNumberLengths]	
1060f7478	1060f747f	decompiled	chunks/004/functions-000286.c	-[BTUICardType validCvvLength]	
1060f7480	1060f7487	decompiled	chunks/004/functions-000286.c	-[BTUICardType formatSpaces]	
1060f7488	1060f748f	decompiled	chunks/004/functions-000286.c	-[BTUICardType maxNumberLength]	
1060f7490	1060f74d7	decompiled	chunks/004/functions-000286.c	-[BTUICardType .cxx_destruct]	
1060f74d8	1060f75c3	decompiled	chunks/004/functions-000286.c	+[BTUIUtil luhnValid:]	
1060f75c4	1060f75d3	decompiled	chunks/004/functions-000286.c	+[BTUIUtil stripNonDigits:]	
1060f75d4	1060f75e3	decompiled	chunks/004/functions-000286.c	+[BTUIUtil stripNonExpiry:]	
1060f75e4	1060f769b	decompiled	chunks/004/functions-000286.c	+[BTUIUtil stripPattern:input:]	
1060f769c	1060f7717	decompiled	chunks/004/functions-000286.c	+[Checkout descriptor]	
1060f7718	1060f777f	decompiled	chunks/004/functions-000286.c	+[CheckoutLineItem descriptor]	
1060f7780	1060f7863	decompiled	chunks/004/functions-000286.c	+[BitmojiAssetInfo descriptor]	
1060f7864	1060f786f	decompiled	chunks/004/functions-000286.c		
1060f7870	1060f78eb	decompiled	chunks/004/functions-000286.c		
1060f78ec	1060f78f7	decompiled	chunks/004/functions-000286.c		
1060f78f8	1060f7993	decompiled	chunks/004/functions-000286.c	+[Order descriptor]	
1060f7994	1060f7a77	decompiled	chunks/004/functions-000286.c	+[ContactDetails descriptor]	
1060f7a78	1060f7a83	decompiled	chunks/004/functions-000286.c		
1060f7a84	1060f7c1f	decompiled	chunks/004/functions-000286.c	+[ShippingAddress descriptor]	
1060f7c20	1060f7c2b	decompiled	chunks/004/functions-000286.c		
1060f7c2c	1060f7ca7	decompiled	chunks/004/functions-000286.c		
1060f7ca8	1060f7cb3	decompiled	chunks/004/functions-000286.c		
1060f7cb4	1060f7d1b	decompiled	chunks/004/functions-000286.c	+[DiscountInfo descriptor]	
1060f7d1c	1060f7d97	decompiled	chunks/004/functions-000286.c	+[OrderBillingItem descriptor]	
1060f7d98	1060f7e3f	decompiled	chunks/004/functions-000286.c	+[ItemInfo descriptor]	
1060f7e40	1060f7ebb	decompiled	chunks/004/functions-000286.c	+[PrintingMetadata descriptor]	
1060f7ebc	1060f7f23	decompiled	chunks/004/functions-000286.c	+[ShippingOption descriptor]	
1060f7f24	1060f7f8b	decompiled	chunks/004/functions-000286.c	+[TaxItem descriptor]	
1060f7f8c	1060f8007	decompiled	chunks/004/functions-000286.c	+[ProductInfo descriptor]	
1060f8008	1060f8093	decompiled	chunks/004/functions-000286.c	+[ProductInfo_UnlockableInfo descriptor]	
1060f8094	1060f819b	decompiled	chunks/004/functions-000286.c	+[ProductInfo_ImageDetails descriptor]	
1060f819c	1060f81a7	decompiled	chunks/004/functions-000286.c		
1060f81a8	1060f820f	decompiled	chunks/004/functions-000286.c	+[CustomBitmojiInfo descriptor]	
1060f8210	1060f828b	decompiled	chunks/004/functions-000286.c	+[CustomBitmojiInfo_CustomImageInfo descriptor]	
1060f828c	1060f8383	decompiled	chunks/004/functions-000286.c	+[CustomBitmojiInfo_CustomImageFrame descriptor]	
1060f8384	1060f838f	decompiled	chunks/004/functions-000286.c		
1060f8390	1060f83f7	decompiled	chunks/004/functions-000286.c	+[ProductVariant descriptor]	
1060f83f8	1060f8473	decompiled	chunks/004/functions-000286.c	+[ProductVariant_VariantCategoryPair descriptor]	
1060f8474	1060f8597	decompiled	chunks/004/functions-000286.c	+[CurrencyAmount descriptor]	
1060f8598	1060f85a3	decompiled	chunks/004/functions-000286.c		
1060f85a4	1060f860b	decompiled	chunks/004/functions-000286.c	+[ImageMap descriptor]	
1060f860c	1060f8687	decompiled	chunks/004/functions-000286.c	+[StoreInfo descriptor]	
1060f8688	1060f876b	decompiled	chunks/004/functions-000286.c	+[StoreCategory descriptor]	
1060f876c	1060f8777	decompiled	chunks/004/functions-000286.c		
1060f8778	1060f87f3	decompiled	chunks/004/functions-000286.c	+[HeroImageInfo descriptor]	
1060f87f4	1060f886f	decompiled	chunks/004/functions-000286.c	+[SnapCommercePolicy descriptor]	
1060f8870	1060f88eb	decompiled	chunks/004/functions-000286.c	+[SnapCodeInfo descriptor]	
1060f88ec	1060f8953	decompiled	chunks/004/functions-000286.c	+[StorePixelInfo descriptor]	
1060f8954	1060f89cf	decompiled	chunks/004/functions-000286.c	+[StorePolicy descriptor]	
1060f89d0	1060f8a37	decompiled	chunks/004/functions-000286.c	+[AdsStoreExperienceContext descriptor]	
1060f8a38	1060f8a9f	decompiled	chunks/004/functions-000286.c	+[AttachmentToolContext descriptor]	
1060f8aa0	1060f8b07	decompiled	chunks/004/functions-000286.c	+[FavoritesContext descriptor]	
1060f8b08	1060f8b6f	decompiled	chunks/004/functions-000286.c	+[ItemVariantContext descriptor]	
1060f8b70	1060f8bd7	decompiled	chunks/004/functions-000286.c	+[LegacyItemDeeplinkContext descriptor]	
1060f8bd8	1060f8c3f	decompiled	chunks/004/functions-000286.c	+[LensContext descriptor]	
1060f8c40	1060f8ca7	decompiled	chunks/004/functions-000286.c	+[ScanContext descriptor]	
1060f8ca8	1060f8d0f	decompiled	chunks/004/functions-000286.c	+[ScreenshopContext descriptor]	
1060f8d10	1060f8d77	decompiled	chunks/004/functions-000286.c	+[SharingContext descriptor]	
1060f8d78	1060f8ddf	decompiled	chunks/004/functions-000286.c	+[ShowcaseAdContext descriptor]	
1060f8de0	1060f8e47	decompiled	chunks/004/functions-000286.c	+[StoreExperienceContext descriptor]	
1060f8e48	1060f8eaf	decompiled	chunks/004/functions-000286.c	+[TopicExperienceContext descriptor]	
1060f8eb0	1060f8f17	decompiled	chunks/004/functions-000286.c	+[TopicInteractedItem descriptor]	
1060f8f18	1060f8f7f	decompiled	chunks/004/functions-000286.c	+[CommerceTopic descriptor]	
1060f8f80	1060f8ffb	decompiled	chunks/004/functions-000286.c	+[ViewingContextInternal descriptor]	
1060f8ffc	1060f9077	decompiled	chunks/004/functions-000286.c	+[ScreenshotUrl descriptor]	
1060f9078	1060f9103	decompiled	chunks/004/functions-000286.c	+[GetItemDetailPageResponse descriptor]	
1060f9104	1060f919f	decompiled	chunks/004/functions-000286.c	+[GetItemDetailPageResponse_CallToAction descriptor]	
1060f91a0	1060f921b	decompiled	chunks/004/functions-000286.c	+[GetItemDetailPageResponse_DetailsPage descriptor]	
1060f921c	1060f92a7	decompiled	chunks/004/functions-000286.c	+[ItemDetailPageWidget descriptor]	
1060f92a8	1060f938b	decompiled	chunks/004/functions-000286.c	+[ARTryOnWidget descriptor]	
1060f938c	1060f9397	decompiled	chunks/004/functions-000286.c		
1060f9398	1060f93ff	decompiled	chunks/004/functions-000286.c	+[ItemRecommendationWidgetQueryContext descriptor]	
1060f9400	1060f9467	decompiled	chunks/004/functions-000286.c	+[ItemRecommendationWidget descriptor]	
1060f9468	1060f94cf	decompiled	chunks/004/functions-000286.c	+[ShopOnStoreWidget descriptor]	
1060f94d0	1060f9537	decompiled	chunks/004/functions-000286.c	+[SizeRecommendationWidget descriptor]	
1060f9538	1060f959f	decompiled	chunks/004/functions-000286.c	+[VariantWidget descriptor]	
1060f95a0	1060f9607	decompiled	chunks/004/functions-000287.c	+[VariantDimensionContext descriptor]	
1060f9608	1060f966f	decompiled	chunks/004/functions-000287.c	+[NativeCheckoutAction descriptor]	
1060f9670	1060f96fb	decompiled	chunks/004/functions-000287.c	+[GetItemVariantDataResponse descriptor]	
1060f96fc	1060f9777	decompiled	chunks/004/functions-000287.c	+[GetItemVariantDataResponse_ItemVariantData descriptor]	
1060f9778	1060f97df	decompiled	chunks/004/functions-000287.c	+[ItemVariant descriptor]	
1060f97e0	1060f9847	decompiled	chunks/004/functions-000287.c	+[ItemVariantDimensionValue descriptor]	
1060f9848	1060f98d3	decompiled	chunks/004/functions-000287.c	+[ItemVariantDimensionData descriptor]	
1060f98d4	1060f993b	decompiled	chunks/004/functions-000287.c	+[AgeGroupDimensionData descriptor]	
1060f993c	1060f99a3	decompiled	chunks/004/functions-000287.c	+[ColorDimensionData descriptor]	
1060f99a4	1060f9a0b	decompiled	chunks/004/functions-000287.c	+[GenderDimensionData descriptor]	
1060f9a0c	1060f9a73	decompiled	chunks/004/functions-000287.c	+[MaterialDimensionData descriptor]	
1060f9a74	1060f9adb	decompiled	chunks/004/functions-000287.c	+[PatternDimensionData descriptor]	
1060f9adc	1060f9b43	decompiled	chunks/004/functions-000287.c	+[SizeDimensionData descriptor]	
1060f9b44	1060f9bab	decompiled	chunks/004/functions-000287.c	+[CustomDimensionData descriptor]	
1060f9bac	1060f9c8f	decompiled	chunks/004/functions-000287.c	+[ItemVariantDimension descriptor]	
1060f9c90	1060f9c9b	decompiled	chunks/004/functions-000287.c		
1060f9c9c	1060f9d27	decompiled	chunks/004/functions-000287.c	+[GetShowcaseResponse descriptor]	
1060f9d28	1060f9da3	decompiled	chunks/004/functions-000287.c	+[GetShowcaseResponse_ShowcaseData descriptor]	
1060f9da4	1060f9e2f	decompiled	chunks/004/functions-000287.c	+[ShowcaseItemMetadata descriptor]	
1060f9e30	1060f9eab	decompiled	chunks/004/functions-000287.c	+[ShowcaseStoreMetadata descriptor]	
1060f9eac	1060f9fa3	decompiled	chunks/004/functions-000287.c	+[ShowcaseStoreMetadata_CategoryMetadata descriptor]	
1060f9fa4	1060f9faf	decompiled	chunks/004/functions-000287.c		
1060f9fb0	1060fa017	decompiled	chunks/004/functions-000287.c	+[OrganicMacrosSettings descriptor]	
1060fa018	1060fa07f	decompiled	chunks/004/functions-000287.c	+[ShowcaseProductMetadata descriptor]	
1060fa080	1060fa0fb	decompiled	chunks/004/functions-000287.c	+[ShowcaseProductMetadata_PdpAttachment descriptor]	
1060fa0fc	1060fa197	decompiled	chunks/004/functions-000287.c	+[ShowcaseProductMetadata_OrganicAttachment descriptor]	
1060fa198	1060fa233	decompiled	chunks/004/functions-000287.c	+[ShowcaseProductMetadata_ShoppingAttachment descriptor]	
1060fa234	1060fa2af	decompiled	chunks/004/functions-000287.c		
1060fa2b0	1060fa2bb	decompiled	chunks/004/functions-000287.c		
1060fa2bc	1060fa323	decompiled	chunks/004/functions-000287.c	+[ShowcaseItemPrice descriptor]	
1060fa324	1060fa407	decompiled	chunks/004/functions-000287.c	+[FormattedProductPrice descriptor]	
1060fa408	1060fa413	decompiled	chunks/004/functions-000287.c		
1060fa414	1060fa48f	decompiled	chunks/004/functions-000287.c		
1060fa490	1060fa49b	decompiled	chunks/004/functions-000287.c		
1060fa49c	1060fa527	decompiled	chunks/004/functions-000287.c	+[Link descriptor]	
1060fa528	1060fa5a3	decompiled	chunks/004/functions-000287.c	+[Weblink descriptor]	
1060fa5a4	1060fa60b	decompiled	chunks/004/functions-000287.c	+[IosDeeplink descriptor]	
1060fa60c	1060fa673	decompiled	chunks/004/functions-000287.c	+[AndroidDeeplink descriptor]	
1060fa674	1060fa6db	decompiled	chunks/004/functions-000287.c	+[ItemDetailPageDeeplink descriptor]	
1060fa6dc	1060fa743	decompiled	chunks/004/functions-000287.c	+[ARMetadata descriptor]	
1060fa744	1060fa7bf	decompiled	chunks/004/functions-000287.c	+[SCShoppingLensMakeupProperties descriptor]	
1060fa7c0	1060fa827	decompiled	chunks/004/functions-000287.c	+[SCShoppingLensGlassesProperties descriptor]	
1060fa828	1060fa8a3	decompiled	chunks/004/functions-000287.c	+[SCShoppingLensGlbData descriptor]	
1060fa8a4	1060fa90b	decompiled	chunks/004/functions-000287.c	+[Transforms descriptor]	
1060fa90c	1060fa973	decompiled	chunks/004/functions-000287.c	+[Vector descriptor]	
1060fa974	1060fa9db	decompiled	chunks/004/functions-000287.c	+[RenderingMetadata descriptor]	
1060fa9dc	1060faa57	decompiled	chunks/004/functions-000287.c	+[RemoteAsset descriptor]	
1060faa58	1060faad3	decompiled	chunks/004/functions-000287.c	+[ErrorInfo descriptor]	
1060faad4	1060faaf7	decompiled	chunks/004/functions-000287.c		
1060faaf8	1060fb54b	decompiled	chunks/004/functions-000287.c		
1060fb54c	1060fb5b3	decompiled	chunks/004/functions-000287.c	+[ShoppingLensMetadata descriptor]	
1060fb5b4	1060fb61b	decompiled	chunks/004/functions-000287.c	+[DomainContext descriptor]	
1060fb61c	1060fb683	decompiled	chunks/004/functions-000287.c	+[SLSLensProductMetadata descriptor]	
1060fb684	1060fb767	decompiled	chunks/004/functions-000287.c	+[SLSDomainModel descriptor]	
1060fb768	1060fb773	decompiled	chunks/004/functions-000287.c		
1060fb774	1060fb7ef	decompiled	chunks/004/functions-000287.c		
1060fb7f0	1060fb7fb	decompiled	chunks/004/functions-000287.c		
1060fb7fc	1060fb877	decompiled	chunks/004/functions-000287.c		
1060fb878	1060fb883	decompiled	chunks/004/functions-000287.c		
1060fb884	1060fb8ff	decompiled	chunks/004/functions-000287.c		
1060fb900	1060fb90b	decompiled	chunks/004/functions-000287.c		
1060fb90c	1060fb987	decompiled	chunks/004/functions-000287.c		
1060fb988	1060fb993	decompiled	chunks/004/functions-000287.c		
1060fb994	1060fba0f	decompiled	chunks/004/functions-000287.c		
1060fba10	1060fba1b	decompiled	chunks/004/functions-000287.c		
1060fba1c	1060fbaa7	decompiled	chunks/004/functions-000287.c	+[StateModel descriptor]	
1060fbaa8	1060fbb0f	decompiled	chunks/004/functions-000287.c	+[StateProducts descriptor]	
1060fbb10	1060fbbf3	decompiled	chunks/004/functions-000287.c	+[SLSStateProduct descriptor]	
1060fbbf4	1060fbbff	decompiled	chunks/004/functions-000287.c		
1060fbc00	1060fbc7b	decompiled	chunks/004/functions-000287.c		
1060fbc7c	1060fbc87	decompiled	chunks/004/functions-000287.c		
1060fbc88	1060fbcef	decompiled	chunks/004/functions-000287.c	+[ARProductReference descriptor]	
1060fbcf0	1060fbd57	decompiled	chunks/004/functions-000287.c	+[ARStateProduct descriptor]	
1060fbd58	1060fbdbf	decompiled	chunks/004/functions-000287.c	+[ARDomainModel descriptor]	
1060fbdc0	1060fbea3	decompiled	chunks/004/functions-000287.c	+[DisplayCard descriptor]	
1060fbea4	1060fbeaf	decompiled	chunks/004/functions-000287.c		
1060fbeb0	1060fbf17	decompiled	chunks/004/functions-000287.c	+[SingleTabularTextRenderingGroups descriptor]	
1060fbf18	1060fbffb	decompiled	chunks/004/functions-000287.c	+[MiniSelectorTabularTextRenderingGroups descriptor]	
1060fbffc	1060fc007	decompiled	chunks/004/functions-000287.c		
1060fc008	1060fc0eb	decompiled	chunks/004/functions-000287.c	+[TextRenderingGroup descriptor]	
1060fc0ec	1060fc0f7	decompiled	chunks/004/functions-000287.c		
1060fc0f8	1060fc1db	decompiled	chunks/004/functions-000287.c	+[RenderingOption descriptor]	
1060fc1dc	1060fc1e7	decompiled	chunks/004/functions-000287.c		
1060fc1e8	1060fc263	decompiled	chunks/004/functions-000287.c		
1060fc264	1060fc26f	decompiled	chunks/004/functions-000287.c		
1060fc270	1060fc27b	decompiled	chunks/004/functions-000287.c	+[SCCARShoppingLookBuilderView componentPath]	
1060fc27c	1060fc29b	decompiled	chunks/004/functions-000287.c	-[SCCARShoppingLookBuilderView initWithViewModel:componentContext:runtime:]	
1060fc29c	1060fc2cf	decompiled	chunks/004/functions-000287.c	-[SCCARShoppingLookBuilderView setViewModel:]	
1060fc2d0	1060fc307	decompiled	chunks/004/functions-000287.c	-[SCCARShoppingLookBuilderView viewModel]	
1060fc308	1060fc313	decompiled	chunks/004/functions-000287.c	+[SCCARShoppingMiniSelectorPlaceholderView componentPath]	
1060fc314	1060fc333	decompiled	chunks/004/functions-000287.c	-[SCCARShoppingMiniSelectorPlaceholderView initWithViewModel:componentContext:runtime:]	
1060fc334	1060fc367	decompiled	chunks/004/functions-000287.c	-[SCCARShoppingMiniSelectorPlaceholderView setViewModel:]	
1060fc368	1060fc39f	decompiled	chunks/004/functions-000287.c	-[SCCARShoppingMiniSelectorPlaceholderView viewModel]	
1060fc3a0	1060fc3ab	decompiled	chunks/004/functions-000287.c	+[SCCARShoppingProductSelectorView componentPath]	
1060fc3ac	1060fc3cb	decompiled	chunks/004/functions-000287.c	-[SCCARShoppingProductSelectorView initWithViewModel:componentContext:runtime:]	
1060fc3cc	1060fc3ff	decompiled	chunks/004/functions-000287.c	-[SCCARShoppingProductSelectorView setViewModel:]	
1060fc400	1060fc437	decompiled	chunks/004/functions-000287.c	-[SCCARShoppingProductSelectorView viewModel]	
1060fc438	1060fc443	decompiled	chunks/004/functions-000287.c	+[SCCARShoppingShoppingLinkView componentPath]	
1060fc444	1060fc463	decompiled	chunks/004/functions-000287.c	-[SCCARShoppingShoppingLinkView initWithViewModel:componentContext:runtime:]	
1060fc464	1060fc497	decompiled	chunks/004/functions-000287.c	-[SCCARShoppingShoppingLinkView setViewModel:]	
1060fc498	1060fc4cf	decompiled	chunks/004/functions-000288.c	-[SCCARShoppingShoppingLinkView viewModel]	
1060fc4d0	1060fc52b	decompiled	chunks/004/functions-000288.c		
1060fc52c	1060fc533	decompiled	chunks/004/functions-000288.c	-[SCCARShoppingDisplayCardType__Enum init]	
1060fc534	1060fc53b	decompiled	chunks/004/functions-000288.c	-[SCCARShoppingLoadingState__Enum init]	
1060fc53c	1060fc56f	decompiled	chunks/004/functions-000288.c	-[SCCARShoppingLookBuilderCategoryViewModel initWithProducts:categoryName:]	
1060fc570	1060fc583	decompiled	chunks/004/functions-000288.c	+[SCCARShoppingLookBuilderCategoryViewModel valdiMarshallableObjectDescriptor]	
1060fc584	1060fc5c7	decompiled	chunks/004/functions-000288.c	-[SCCARShoppingLookBuilderContext initWithOnSelectionUpdated:]	
1060fc5c8	1060fc5db	decompiled	chunks/004/functions-000288.c	+[SCCARShoppingLookBuilderContext valdiMarshallableObjectDescriptor]	
1060fc5dc	1060fc603	decompiled	chunks/004/functions-000288.c	-[SCCARShoppingLookBuilderProduct initWithProductId:productImageUrl:]	
1060fc604	1060fc613	decompiled	chunks/004/functions-000288.c	+[SCCARShoppingLookBuilderProduct valdiMarshallableObjectDescriptor]	
1060fc614	1060fc647	decompiled	chunks/004/functions-000288.c	-[SCCARShoppingLookBuilderSelection initWithCategoryIndex:productIndex:productId:]	
1060fc648	1060fc657	decompiled	chunks/004/functions-000288.c	+[SCCARShoppingLookBuilderSelection valdiMarshallableObjectDescriptor]	
1060fc658	1060fc67f	decompiled	chunks/004/functions-000288.c	-[SCCARShoppingLookBuilderState initWithSelectedCategoryIndex:]	
1060fc680	1060fc68f	decompiled	chunks/004/functions-000288.c	+[SCCARShoppingLookBuilderState valdiMarshallableObjectDescriptor]	
1060fc690	1060fc6bb	decompiled	chunks/004/functions-000288.c	-[SCCARShoppingLookBuilderViewModel initWithCategories:initialCategoryIndex:]	
1060fc6bc	1060fc6cf	decompiled	chunks/004/functions-000288.c	+[SCCARShoppingLookBuilderViewModel valdiMarshallableObjectDescriptor]	
1060fc6d0	1060fc6f3	decompiled	chunks/004/functions-000288.c	-[SCCARShoppingProductSelectorAction init]	
1060fc6f4	1060fc707	decompiled	chunks/004/functions-000288.c	+[SCCARShoppingProductSelectorAction valdiMarshallableObjectDescriptor]	
1060fc708	1060fc72f	decompiled	chunks/004/functions-000288.c	-[SCCARShoppingProductSelectorActionSelectIndex initWithIndex:]	
1060fc730	1060fc73f	decompiled	chunks/004/functions-000288.c	+[SCCARShoppingProductSelectorActionSelectIndex valdiMarshallableObjectDescriptor]	
1060fc740	1060fc763	decompiled	chunks/004/functions-000288.c	-[SCCARShoppingProductSelectorContext init]	
1060fc764	1060fc78b	decompiled	chunks/004/functions-000288.c	+[SCCARShoppingProductSelectorContext valdiMarshallableObjectDescriptor]	
1060fc78c	1060fc7b7	decompiled	chunks/004/functions-000288.c		
1060fc7b8	1060fc837	decompiled	chunks/004/functions-000288.c		
1060fc838	1060fc877	decompiled	chunks/004/functions-000288.c	-[SCCARShoppingProductSelectorViewModel initWithLensId:loadingState:products:]	
1060fc878	1060fc88b	decompiled	chunks/004/functions-000288.c	+[SCCARShoppingProductSelectorViewModel valdiMarshallableObjectDescriptor]	
1060fc88c	1060fc8c7	decompiled	chunks/004/functions-000288.c	-[SCCARShoppingProductViewModel initWithProductId:productImageUrl:primaryText:secondaryTextLeft:tertiaryText:]	
1060fc8c8	1060fc8db	decompiled	chunks/004/functions-000288.c	+[SCCARShoppingProductViewModel valdiMarshallableObjectDescriptor]	
1060fc8dc	1060fc91f	decompiled	chunks/004/functions-000288.c	-[SCCARShoppingShoppingLinkContext initWithOnTapAction:]	
1060fc920	1060fc92f	decompiled	chunks/004/functions-000288.c	+[SCCARShoppingShoppingLinkContext valdiMarshallableObjectDescriptor]	
1060fc930	1060fc957	decompiled	chunks/004/functions-000288.c	-[SCCARShoppingShoppingLinkProduct initWithImageUrl:]	
1060fc958	1060fc967	decompiled	chunks/004/functions-000288.c	+[SCCARShoppingShoppingLinkProduct valdiMarshallableObjectDescriptor]	
1060fc968	1060fc98f	decompiled	chunks/004/functions-000288.c	-[SCCARShoppingShoppingLinkViewModel initWithProducts:]	
1060fc990	1060fc9a3	decompiled	chunks/004/functions-000288.c	+[SCCARShoppingShoppingLinkViewModel valdiMarshallableObjectDescriptor]	
1060fc9a4	1060fc9d3	decompiled	chunks/004/functions-000288.c		
1060fc9d4	1060fca5b	decompiled	chunks/004/functions-000288.c		
1060fca5c	1060fcadb	decompiled	chunks/004/functions-000288.c	-[SCShoppingLensGrapheneLogger initWithGrapheneRegistry:]	
1060fcadc	1060fcb7b	decompiled	chunks/004/functions-000288.c	-[SCShoppingLensGrapheneLogger logGetLensItemsSuccessStatus:optionsBuilder:]	
1060fcb7c	1060fcc57	decompiled	chunks/004/functions-000288.c	-[SCShoppingLensGrapheneLogger logGetLensItemsLatency:isSuccess:optionsBuilder:]	
1060fcc58	1060fccf7	decompiled	chunks/004/functions-000288.c	-[SCShoppingLensGrapheneLogger logGetShowcaseSuccessStatus:optionsBuilder:]	
1060fccf8	1060fcdd3	decompiled	chunks/004/functions-000288.c	-[SCShoppingLensGrapheneLogger logGetShowcaseLatency:isSuccess:optionsBuilder:]	
1060fcdd4	1060fce83	decompiled	chunks/004/functions-000288.c	-[SCShoppingLensGrapheneLogger logRemoteAssetLoadingIndicatorLatency:result:]	
1060fce84	1060fcf3b	decompiled	chunks/004/functions-000288.c	-[SCShoppingLensGrapheneLogger logProductSelectorInitializedWithOptionsBuilder:]	
1060fcf3c	1060fd033	decompiled	chunks/004/functions-000288.c	-[SCShoppingLensGrapheneLogger logProductSelectorActivatedWithLatency:result:optionsBuilder:]	
1060fd034	1060fd11f	decompiled	chunks/004/functions-000288.c	-[SCShoppingLensGrapheneLogger _addDimensionsProductSelectorActivatedWithMetric:result:optionsBuilder:]	
1060fd120	1060fd21f	decompiled	chunks/004/functions-000288.c	-[SCShoppingLensGrapheneLogger logProductSelectorLoadedWithLatency:result:optionsBuilder:]	
1060fd220	1060fd367	decompiled	chunks/004/functions-000288.c	-[SCShoppingLensGrapheneLogger _addDimensionsProductSelectorLoadedWithMetric:fromCache:result:optionsBuilder:]	
1060fd368	1060fd453	decompiled	chunks/004/functions-000288.c	-[SCShoppingLensGrapheneLogger logProductSelectorDisplayedWithLatency:optionsBuilder:]	
1060fd454	1060fd4e3	decompiled	chunks/004/functions-000288.c	-[SCShoppingLensGrapheneLogger _addDimensionsProductSelectorDisplayedWithMetric:optionsBuilder:]	
1060fd4e4	1060fd51f	decompiled	chunks/004/functions-000288.c	-[SCShoppingLensGrapheneLogger _resultStringFromActivatedResult:]	
1060fd520	1060fd55b	decompiled	chunks/004/functions-000288.c	-[SCShoppingLensGrapheneLogger _resultStringFromLoadResult:]	
1060fd55c	1060fd597	decompiled	chunks/004/functions-000288.c	-[SCShoppingLensGrapheneLogger _resultStringFromLoadingIndicatorResult:]	
1060fd598	1060fd64f	decompiled	chunks/004/functions-000288.c	-[SCShoppingLensGrapheneLogger logPrefetchProductsInitializedWithOptionsBuilder:]	
1060fd650	1060fd747	decompiled	chunks/004/functions-000288.c	-[SCShoppingLensGrapheneLogger logPrefetchProductsActivatedWithLatency:result:optionsBuilder:]	
1060fd748	1060fd847	decompiled	chunks/004/functions-000288.c	-[SCShoppingLensGrapheneLogger logPrefetchProductsLoadedWithLatency:result:optionsBuilder:]	
1060fd848	1060fd88b	decompiled	chunks/004/functions-000288.c	-[SCShoppingLensGrapheneLogger logProductVisualizationDidTapTryOn]	
1060fd88c	1060fd8cf	decompiled	chunks/004/functions-000288.c	-[SCShoppingLensGrapheneLogger logProductVisualizationDidTapBackButton]	
1060fd8d0	1060fd95b	decompiled	chunks/004/functions-000288.c	-[SCShoppingLensGrapheneLogger logProductVisualizationLensModeChangedCounter:]	
1060fd95c	1060fda4f	decompiled	chunks/004/functions-000288.c	-[SCShoppingLensGrapheneLogger logProductVisualizationLensModeLatency:newMode:latency:]	
1060fda50	1060fda8b	decompiled	chunks/004/functions-000288.c	-[SCShoppingLensGrapheneLogger _modeStringFromProductVisualizationMode:]	
1060fda8c	1060fda93	decompiled	chunks/004/functions-000288.c	-[SCShoppingLensGrapheneLogger graphene]	
1060fda94	1060fdac3	decompiled	chunks/004/functions-000288.c	-[SCShoppingLensGrapheneLogger setGraphene:]	
1060fdac4	1060fdacf	decompiled	chunks/004/functions-000288.c	-[SCShoppingLensGrapheneLogger .cxx_destruct]	
1060fdad0	1060fdb0b	decompiled	chunks/004/functions-000288.c	-[SCShoppingLensGrapheneMetricOptionsBuilder setIsSponsored:]	
1060fdb0c	1060fdb53	decompiled	chunks/004/functions-000288.c	-[SCShoppingLensGrapheneMetricOptionsBuilder setFromCache:]	
1060fdb54	1060fdb83	decompiled	chunks/004/functions-000288.c	-[SCShoppingLensGrapheneMetricOptionsBuilder setErrorCode:]	
1060fdb84	1060fdbb3	decompiled	chunks/004/functions-000288.c	-[SCShoppingLensGrapheneMetricOptionsBuilder setAssetBehaviour:]	
1060fdbb4	1060fdca3	decompiled	chunks/004/functions-000288.c	-[SCShoppingLensGrapheneMetricOptionsBuilder buildWithMetric:]	
1060fdca4	1060fdceb	decompiled	chunks/004/functions-000288.c	-[SCShoppingLensGrapheneMetricOptionsBuilder .cxx_destruct]	
1060fdcec	1060fdd17	decompiled	chunks/004/functions-000288.c	+[SCGrapheneArShoppingMetric getLensItemsSuccess]	
1060fdd18	1060fdd43	decompiled	chunks/004/functions-000288.c	+[SCGrapheneArShoppingMetric getLensItemsFailure]	
1060fdd44	1060fdd6f	decompiled	chunks/004/functions-000288.c	+[SCGrapheneArShoppingMetric getLensItemsLatency]	
1060fdd70	1060fdd9b	decompiled	chunks/004/functions-000288.c	+[SCGrapheneArShoppingMetric getShowcaseSuccess]	
1060fdd9c	1060fddc7	decompiled	chunks/004/functions-000288.c	+[SCGrapheneArShoppingMetric getShowcaseFailure]	
1060fddc8	1060fddf3	decompiled	chunks/004/functions-000288.c	+[SCGrapheneArShoppingMetric getShowcaseLatency]	
1060fddf4	1060fde1f	decompiled	chunks/004/functions-000288.c	+[SCGrapheneArShoppingMetric assetLoadingIndicatorLatency]	
1060fde20	1060fde4b	decompiled	chunks/004/functions-000288.c	+[SCGrapheneArShoppingMetric productSelectorLoadCount]	
1060fde4c	1060fde77	decompiled	chunks/004/functions-000288.c	+[SCGrapheneArShoppingMetric productSelectorLoadLatency]	
1060fde78	1060fdea3	decompiled	chunks/004/functions-000288.c	+[SCGrapheneArShoppingMetric vizTryOn]	
1060fdea4	1060fdecf	decompiled	chunks/004/functions-000288.c	+[SCGrapheneArShoppingMetric vizBackButton]	
1060fded0	1060fdefb	decompiled	chunks/004/functions-000288.c	+[SCGrapheneArShoppingMetric vizLensModeChanged]	
1060fdefc	1060fdf27	decompiled	chunks/004/functions-000288.c	+[SCGrapheneArShoppingMetric vizLensModeLatency]	
1060fdf28	1060fdf53	decompiled	chunks/004/functions-000288.c	+[SCGrapheneArShoppingMetric prefetchLoadCount]	
1060fdf54	1060fdf7f	decompiled	chunks/004/functions-000288.c	+[SCGrapheneArShoppingMetric prefetchLoadLatency]	
1060fdf80	1060fe01f	decompiled	chunks/004/functions-000288.c	-[SCGrapheneArShoppingMetric description]	
1060fe020	1060fe1ef	decompiled	chunks/004/functions-000288.c	-[SCGrapheneRegistry arShoppingGraphene]	
1060fe1f0	1060fe28b	decompiled	chunks/004/functions-000288.c	-[SCShoppingLensMetadata initWithUnlockableId:shoppingLensType:domains:lensClientBehavior:]	
1060fe28c	1060fe2af	decompiled	chunks/004/functions-000288.c	-[SCShoppingLensMetadata copyWithZone:]	
1060fe2b0	1060fe333	decompiled	chunks/004/functions-000288.c	-[SCShoppingLensMetadata hash]	
1060fe334	1060fe3f3	decompiled	chunks/004/functions-000288.c	-[SCShoppingLensMetadata isEqual:]	
1060fe3f4	1060fe3fb	decompiled	chunks/004/functions-000288.c	-[SCShoppingLensMetadata unlockableId]	
1060fe3fc	1060fe403	decompiled	chunks/004/functions-000288.c	-[SCShoppingLensMetadata shoppingLensType]	
1060fe404	1060fe40b	decompiled	chunks/004/functions-000288.c	-[SCShoppingLensMetadata domains]	
1060fe40c	1060fe413	decompiled	chunks/004/functions-000288.c	-[SCShoppingLensMetadata lensClientBehavior]	
1060fe414	1060fe41f	decompiled	chunks/004/functions-000288.c	-[SCShoppingLensMetadata .cxx_destruct]	
1060fe420	1060fe5a3	decompiled	chunks/004/functions-000288.c	-[SCShoppingLensItemSetDomain initWithDomainKey:domainLabel:showcaseContext:stateKey:stateProducts:assetCategory:renderingGroups:displayCardType:]	
1060fe5a4	1060fe5c7	decompiled	chunks/004/functions-000288.c	-[SCShoppingLensItemSetDomain copyWithZone:]	
1060fe5c8	1060fe683	decompiled	chunks/004/functions-000288.c	-[SCShoppingLensItemSetDomain hash]	
1060fe684	1060fe7ab	decompiled	chunks/004/functions-000288.c	-[SCShoppingLensItemSetDomain isEqual:]	
1060fe7ac	1060fe7b3	decompiled	chunks/004/functions-000288.c	-[SCShoppingLensItemSetDomain domainKey]	
1060fe7b4	1060fe7bb	decompiled	chunks/004/functions-000289.c	-[SCShoppingLensItemSetDomain domainLabel]	
1060fe7bc	1060fe7c3	decompiled	chunks/004/functions-000289.c	-[SCShoppingLensItemSetDomain showcaseContext]	
1060fe7c4	1060fe7cb	decompiled	chunks/004/functions-000289.c	-[SCShoppingLensItemSetDomain stateKey]	
1060fe7cc	1060fe7d3	decompiled	chunks/004/functions-000289.c	-[SCShoppingLensItemSetDomain stateProducts]	
1060fe7d4	1060fe7db	decompiled	chunks/004/functions-000289.c	-[SCShoppingLensItemSetDomain assetCategory]	
1060fe7dc	1060fe7e3	decompiled	chunks/004/functions-000289.c	-[SCShoppingLensItemSetDomain renderingGroups]	
1060fe7e4	1060fe7eb	decompiled	chunks/004/functions-000289.c	-[SCShoppingLensItemSetDomain displayCardType]	
1060fe7ec	1060fe84b	decompiled	chunks/004/functions-000289.c	-[SCShoppingLensItemSetDomain .cxx_destruct]	
1060fe84c	1060fe8d3	decompiled	chunks/004/functions-000289.c	-[SCShoppingLensItemSetStateProduct initWithStateKey:productId:]	
1060fe8d4	1060fe8f7	decompiled	chunks/004/functions-000289.c	-[SCShoppingLensItemSetStateProduct copyWithZone:]	
1060fe8f8	1060fe963	decompiled	chunks/004/functions-000289.c	-[SCShoppingLensItemSetStateProduct hash]	
1060fe964	1060fea03	decompiled	chunks/004/functions-000289.c	-[SCShoppingLensItemSetStateProduct isEqual:]	
1060fea04	1060fea0b	decompiled	chunks/004/functions-000289.c	-[SCShoppingLensItemSetStateProduct stateKey]	
1060fea0c	1060fea13	decompiled	chunks/004/functions-000289.c	-[SCShoppingLensItemSetStateProduct productId]	
1060fea14	1060fea1f	decompiled	chunks/004/functions-000289.c	-[SCShoppingLensItemSetStateProduct .cxx_destruct]	
1060fea20	1060fea97	decompiled	chunks/004/functions-000289.c	-[SCShoppingLensItemSetRenderingGroup initWithRenderingOptions:]	
1060fea98	1060feabb	decompiled	chunks/004/functions-000289.c	-[SCShoppingLensItemSetRenderingGroup copyWithZone:]	
1060feabc	1060feac3	decompiled	chunks/004/functions-000289.c	-[SCShoppingLensItemSetRenderingGroup hash]	
1060feac4	1060feb53	decompiled	chunks/004/functions-000289.c	-[SCShoppingLensItemSetRenderingGroup isEqual:]	
1060feb54	1060feb5b	decompiled	chunks/004/functions-000289.c	-[SCShoppingLensItemSetRenderingGroup renderingOptions]	
1060feb5c	1060feb67	decompiled	chunks/004/functions-000289.c	-[SCShoppingLensItemSetRenderingGroup .cxx_destruct]	
1060feb68	1060febaf	decompiled	chunks/004/functions-000289.c	-[SCShoppingLensItemSetRenderingOptionWrapper initWithOptionName:]	
1060febb0	1060febd3	decompiled	chunks/004/functions-000289.c	-[SCShoppingLensItemSetRenderingOptionWrapper copyWithZone:]	
1060febd4	1060febe3	decompiled	chunks/004/functions-000289.c	-[SCShoppingLensItemSetRenderingOptionWrapper hash]	
1060febe4	1060fec6b	decompiled	chunks/004/functions-000289.c	-[SCShoppingLensItemSetRenderingOptionWrapper isEqual:]	
1060fec6c	1060fec73	decompiled	chunks/004/functions-000289.c	-[SCShoppingLensItemSetRenderingOptionWrapper optionName]	
1060fec74	1060fec7b	decompiled	chunks/004/functions-000289.c	-[SCShoppingLensDeepLinkServices deeplinkPresenter]	
1060fec7c	1060fec87	decompiled	chunks/004/functions-000289.c	-[SCShoppingLensDeepLinkServices .cxx_destruct]	
1060fec88	1060fec8f	decompiled	chunks/004/functions-000289.c	-[SCShoppingLensLoadingIndicatorServices loadingIndicatorPresenter]	
1060fec90	1060fec9b	decompiled	chunks/004/functions-000289.c	-[SCShoppingLensLoadingIndicatorServices .cxx_destruct]	
1060fec9c	1060feca3	decompiled	chunks/004/functions-000289.c	-[SCShoppingLensPDPServices pdpPresenter]	
1060feca4	1060fecaf	decompiled	chunks/004/functions-000289.c	-[SCShoppingLensPDPServices .cxx_destruct]	
1060fecb0	1060fecb7	decompiled	chunks/004/functions-000289.c	-[SCShoppingLensTwoDTryOnServices twoDTryOnPresenter]	
1060fecb8	1060fecc3	decompiled	chunks/004/functions-000289.c	-[SCShoppingLensTwoDTryOnServices .cxx_destruct]	
1060fecc4	1060fed4b	decompiled	chunks/004/functions-000289.c	-[SCSnapKitCameraGrapheneMetricsReporter logCreativeKitLensUnlockErrorWithProductType:]	
1060fed4c	1060fedd3	decompiled	chunks/004/functions-000289.c	-[SCSnapKitCameraGrapheneMetricsReporter logCreativeKitLensUnlockSuccessWithProductType:]	
1060fedd4	1060feddf	decompiled	chunks/004/functions-000289.c	-[SCSnapKitCameraGrapheneMetricsReporter .cxx_destruct]	
1060fede0	1060fee5b	decompiled	chunks/004/functions-000289.c	-[SCSnapKitCameraFeatureProviderPlugin .cxx_destruct]	
1060fee5c	1060fee8f	decompiled	chunks/004/functions-000289.c	-[SCCameraDeepLinkStickerPreviewView initWithFrame:]	
1060fee90	1060fefa7	decompiled	chunks/004/functions-000289.c	-[SCCameraDeepLinkStickerPreviewView configureSticker:stickerView:]	
1060fefa8	1060ff0b3	decompiled	chunks/004/functions-000289.c	-[SCCameraDeepLinkStickerPreviewView _transformStickerView:sticker:]	
1060ff0b4	1060ff1db	decompiled	chunks/004/functions-000289.c	-[SCCameraDeepLinkStickerPreviewView _displayStickerToolTipWithStickerView:]	
1060ff1dc	1060ff20f	decompiled	chunks/004/functions-000289.c	-[SCCameraDeepLinkStickerPreviewView dismissTooltip]	
1060ff210	1060ff213	decompiled	chunks/004/functions-000289.c	-[SCCameraDeepLinkStickerPreviewView tooltipDidDismiss:]	
1060ff214	1060ff26b	decompiled	chunks/004/functions-000289.c	-[SCCameraDeepLinkStickerPreviewView stickerContainsPoint:]	
1060ff26c	1060ff27b	decompiled	chunks/004/functions-000289.c	-[SCCameraDeepLinkStickerPreviewView shouldShowStickerTooltip]	
1060ff27c	1060ff28b	decompiled	chunks/004/functions-000289.c	-[SCCameraDeepLinkStickerPreviewView setShouldShowStickerTooltip:]	
1060ff28c	1060ff29b	decompiled	chunks/004/functions-000289.c	-[SCCameraDeepLinkStickerPreviewView stickerView]	
1060ff29c	1060ff2db	decompiled	chunks/004/functions-000289.c	-[SCCameraDeepLinkStickerPreviewView setStickerView:]	
1060ff2dc	1060ff31b	decompiled	chunks/004/functions-000289.c	-[SCCameraDeepLinkStickerPreviewView .cxx_destruct]	
1060ff31c	1060ff4e3	decompiled	chunks/004/functions-000289.c	-[SCCameraDeepLinkView initWithFrame:controller:metadata:delegate:legacyCameraTooltipsService:cameraConfiguration:]	
1060ff4e4	1060ff60f	decompiled	chunks/004/functions-000289.c	-[SCCameraDeepLinkView setMetadata:buttonPosition:stickerView:]	
1060ff610	1060ff6d3	decompiled	chunks/004/functions-000289.c	-[SCCameraDeepLinkView updateStickerPosition:]	
1060ff6d4	1060ff6e3	decompiled	chunks/004/functions-000289.c	-[SCCameraDeepLinkView hideTooltip]	
1060ff6e4	1060ff79f	decompiled	chunks/004/functions-000289.c	-[SCCameraDeepLinkView shouldBlockTouchAtPoint:]	
1060ff7a0	1060ff7f3	decompiled	chunks/004/functions-000289.c	-[SCCameraDeepLinkView stickerContainsPoint:]	
1060ff7f4	1060ffa9f	decompiled	chunks/004/functions-000289.c	-[SCCameraDeepLinkView _resetClearButton]	
1060ffaa0	1060ffb17	decompiled	chunks/004/functions-000289.c	-[SCCameraDeepLinkView _canShowStickerTooltip]	
1060ffb18	1060ffbab	decompiled	chunks/004/functions-000289.c	-[SCCameraDeepLinkView _resetTooltip]	
1060ffbac	1060ffc27	decompiled	chunks/004/functions-000289.c	-[SCCameraDeepLinkView _resetStickerPreviewFrame]	
1060ffc28	1060ffe4b	decompiled	chunks/004/functions-000289.c		
1060ffe4c	1060ffedb	decompiled	chunks/004/functions-000289.c	-[SCCameraDeepLinkView clearButtonTapped]	
1060ffedc	1060fff0b	decompiled	chunks/004/functions-000289.c	-[SCCameraDeepLinkView dismissStickerTooltip]	
1060fff0c	1060fff1b	decompiled	chunks/004/functions-000289.c	-[SCCameraDeepLinkView _clearButtonAccessibilityText]	
1060fff1c	1060fff7b	decompiled	chunks/004/functions-000289.c	-[SCCameraDeepLinkView accessibilityElements]	
1060fff7c	1060fff8b	decompiled	chunks/004/functions-000289.c	-[SCCameraDeepLinkView metadata]	
1060fff8c	1060fffcb	decompiled	chunks/004/functions-000289.c	-[SCCameraDeepLinkView setMetadata:]	
1060fffcc	1060fffdb	decompiled	chunks/004/functions-000289.c	-[SCCameraDeepLinkView stickerPreviewView]	
1060fffdc	10610001b	decompiled	chunks/004/functions-000289.c	-[SCCameraDeepLinkView setStickerPreviewView:]	
10610001c	10610002b	decompiled	chunks/004/functions-000289.c	-[SCCameraDeepLinkView tooltip]	
10610002c	10610006b	decompiled	chunks/004/functions-000289.c	-[SCCameraDeepLinkView setTooltip:]	
10610006c	106100103	decompiled	chunks/004/functions-000289.c	-[SCCameraDeepLinkView .cxx_destruct]	
106100104	10610028f	decompiled	chunks/004/functions-000289.c	-[SCCameraDeepLinkViewController initWithLegacyCameraTooltipsService:cameraConfiguration:blizzardLogger:renderTarget:itemViewService:temporaryFileWriter:]	
106100290	1061003bf	decompiled	chunks/004/functions-000289.c	-[SCCameraDeepLinkViewController loadView]	
1061003c0	106100507	decompiled	chunks/004/functions-000289.c	-[SCCameraDeepLinkViewController _setUpGestureRecognizers]	
106100508	10610075b	decompiled	chunks/004/functions-000289.c	-[SCCameraDeepLinkViewController setMetadata:]	
10610075c	1061007cf	decompiled	chunks/004/functions-000289.c		
1061007d0	1061008cb	decompiled	chunks/004/functions-000289.c	-[SCCameraDeepLinkViewController _setupStickerView]	
1061008cc	1061008df	decompiled	chunks/004/functions-000289.c	-[SCCameraDeepLinkViewController setPreviewPresenter:]	
1061008e0	106100967	decompiled	chunks/004/functions-000289.c	-[SCCameraDeepLinkViewController shouldBlockTouchAtPoint:]	
106100968	106100a47	decompiled	chunks/004/functions-000289.c	-[SCCameraDeepLinkViewController gestureRecognizerShouldBegin:]	
106100a48	106100b0b	decompiled	chunks/004/functions-000289.c	-[SCCameraDeepLinkViewController gestureRecognizer:shouldRecognizeSimultaneouslyWithGestureRecognizer:]	
106100b0c	106100ef7	decompiled	chunks/004/functions-000289.c	-[SCCameraDeepLinkViewController handlePanGesture:]	
106100ef8	1061013fb	decompiled	chunks/004/functions-000289.c	-[SCCameraDeepLinkViewController handlePinchGesture:]	
1061013fc	10610160f	decompiled	chunks/004/functions-000289.c	-[SCCameraDeepLinkViewController handleRotationGesture:]	
106101610	106101673	decompiled	chunks/004/functions-000289.c	-[SCCameraDeepLinkViewController _allowDraggableStickersAtPoint:]	
106101674	10610188f	decompiled	chunks/004/functions-000289.c	-[SCCameraDeepLinkViewController _updateStickerPositionWithMetadata:]	
106101890	1061018a3	decompiled	chunks/004/functions-000289.c	-[SCCameraDeepLinkViewController _validateStickerPosition:minPos:maxPos:]	
1061018a4	106101aaf	decompiled	chunks/004/functions-000289.c	-[SCCameraDeepLinkViewController _setupBorderView]	
106101ab0	106101adf	decompiled	chunks/004/functions-000289.c	-[SCCameraDeepLinkViewController hideTooltip]	
106101ae0	106101b3b	decompiled	chunks/004/functions-000289.c	-[SCCameraDeepLinkViewController resetMetadata:]	
106101b3c	106101b3f	decompiled	chunks/004/functions-000289.c	-[SCCameraDeepLinkViewController didCaptureSnap]	
106101b40	106101d3b	decompiled	chunks/004/functions-000289.c	-[SCCameraDeepLinkViewController didTapClearButtonWithMetadata:]	
106101d3c	106101e23	decompiled	chunks/004/functions-000289.c	-[SCCameraDeepLinkViewController _logStickerInteraction]	
106101e24	106102153	decompiled	chunks/004/functions-000289.c	-[SCCameraDeepLinkViewController _itemViewFromSticker:completion:]	
106102154	10610220f	decompiled	chunks/004/functions-000289.c		
106102210	10610222b	decompiled	chunks/004/functions-000289.c		
10610222c	10610223b	decompiled	chunks/004/functions-000289.c	-[SCCameraDeepLinkViewController isCurrentlyDisplayed]	
10610223c	10610224b	decompiled	chunks/004/functions-000289.c	-[SCCameraDeepLinkViewController setIsCurrentlyDisplayed:]	
10610224c	10610225b	decompiled	chunks/004/functions-000289.c	-[SCCameraDeepLinkViewController metadata]	
