address	end_address	status	pseudocode_file	runtime_label	error
1064d1ddc	1064d1f0f	decompiled	chunks/007/functions-000470.c		
1064d1f10	1064d1fab	decompiled	chunks/007/functions-000470.c	-[SCFriendsFeedActionTextGenerator .cxx_destruct]	
1064d1fac	1064d221b	decompiled	chunks/007/functions-000470.c		
1064d221c	1064d25b7	decompiled	chunks/007/functions-000470.c		
1064d25b8	1064d266f	decompiled	chunks/007/functions-000470.c		
1064d2670	1064d29d3	decompiled	chunks/007/functions-000470.c		
1064d29d4	1064d2a6f	decompiled	chunks/007/functions-000470.c		
1064d2a70	1064d3083	decompiled	chunks/007/functions-000470.c		
1064d3084	1064d30b3	decompiled	chunks/007/functions-000470.c		
1064d30b4	1064d33c7	decompiled	chunks/007/functions-000470.c		
1064d33c8	1064d3523	decompiled	chunks/007/functions-000470.c		
1064d3524	1064d359f	decompiled	chunks/007/functions-000470.c		
1064d35a0	1064d36a3	decompiled	chunks/007/functions-000470.c		
1064d36a4	1064d392f	decompiled	chunks/007/functions-000470.c		
1064d3930	1064d3b2f	decompiled	chunks/007/functions-000470.c		
1064d3b30	1064d3ba3	decompiled	chunks/007/functions-000470.c		
1064d3ba4	1064d46cf	decompiled	chunks/007/functions-000470.c		
1064d46d0	1064d47bf	decompiled	chunks/007/functions-000470.c		
1064d47c0	1064d4de7	decompiled	chunks/007/functions-000470.c		
1064d4de8	1064d5807	decompiled	chunks/007/functions-000470.c		
1064d5808	1064d58d3	decompiled	chunks/007/functions-000470.c		
1064d58d4	1064d63eb	decompiled	chunks/007/functions-000470.c		
1064d63ec	1064d6667	decompiled	chunks/007/functions-000470.c		
1064d6668	1064d67f7	decompiled	chunks/007/functions-000470.c		
1064d67f8	1064d683f	decompiled	chunks/007/functions-000470.c		
1064d6840	1064d69cf	decompiled	chunks/007/functions-000470.c		
1064d69d0	1064d6a17	decompiled	chunks/007/functions-000470.c		
1064d6a18	1064d6b67	decompiled	chunks/007/functions-000470.c		
1064d6b68	1064d6dcb	decompiled	chunks/007/functions-000470.c		
1064d6dcc	1064d6f9f	decompiled	chunks/007/functions-000470.c		
1064d6fa0	1064d722b	decompiled	chunks/007/functions-000470.c		
1064d722c	1064d72e7	decompiled	chunks/007/functions-000470.c		
1064d72e8	1064d759b	decompiled	chunks/007/functions-000470.c		
1064d759c	1064d796b	decompiled	chunks/007/functions-000470.c		
1064d796c	1064d7d83	decompiled	chunks/007/functions-000470.c		
1064d7d84	1064d7dd7	decompiled	chunks/007/functions-000470.c		
1064d7dd8	1064d7fcb	decompiled	chunks/007/functions-000470.c		
1064d7fcc	1064d807f	decompiled	chunks/007/functions-000470.c		
1064d8080	1064d828f	decompiled	chunks/007/functions-000470.c		
1064d8290	1064d8463	decompiled	chunks/007/functions-000470.c		
1064d8464	1064d859b	decompiled	chunks/007/functions-000470.c		
1064d859c	1064d85ef	decompiled	chunks/007/functions-000470.c		
1064d85f0	1064d8aeb	decompiled	chunks/007/functions-000470.c	-[SCFriendsFeedActiveSignalProvider initWithFriendsFeedDataCoordinator:graphene:messagingExperimentService:performerProvider:]	
1064d8aec	1064d8b6f	decompiled	chunks/007/functions-000470.c		
1064d8b70	1064d8cd7	decompiled	chunks/007/functions-000470.c		
1064d8cd8	1064d8d07	decompiled	chunks/007/functions-000470.c		
1064d8d08	1064d8d2f	decompiled	chunks/007/functions-000470.c	-[SCFriendsFeedActiveSignalProvider feedHasHighValueContentObservable]	
1064d8d30	1064d90c7	decompiled	chunks/007/functions-000470.c	-[SCFriendsFeedActiveSignalProvider _computeFeedActiveResult:sponsoredSnapPresent:]	
1064d90c8	1064d9183	decompiled	chunks/007/functions-000470.c	-[SCFriendsFeedActiveSignalProvider _recordComputationMetric:]	
1064d9184	1064d9297	decompiled	chunks/007/functions-000470.c	-[SCFriendsFeedActiveSignalProvider _recordAccuracyMetricWithPrevious:current:]	
1064d9298	1064d92df	decompiled	chunks/007/functions-000470.c	-[SCFriendsFeedActiveSignalProvider .cxx_destruct]	
1064d92e0	1064d943f	decompiled	chunks/007/functions-000470.c		
1064d9440	1064d9653	decompiled	chunks/007/functions-000470.c	-[SCFriendsFeedChatMediaPrefetcher initWithMediaPrefetcher:friendsFeedDataCoordinatorLazy:preloadController:notificationLifecycleEvents:messagingExperimentService:]	
1064d9654	1064d96df	decompiled	chunks/007/functions-000470.c		
1064d96e0	1064d9797	decompiled	chunks/007/functions-000470.c		
1064d9798	1064d985f	decompiled	chunks/007/functions-000471.c	-[SCFriendsFeedChatMediaPrefetcher start]	
1064d9860	1064d988b	decompiled	chunks/007/functions-000471.c		
1064d988c	1064d9917	decompiled	chunks/007/functions-000471.c	-[SCFriendsFeedChatMediaPrefetcher processJobWithJobConfig:input:context:onComplete:]	
1064d9918	1064d9933	decompiled	chunks/007/functions-000471.c		
1064d9934	1064d9947	decompiled	chunks/007/functions-000471.c	-[SCFriendsFeedChatMediaPrefetcher preloadModeDidChange]	
1064d9948	1064d9b7b	decompiled	chunks/007/functions-000471.c	-[SCFriendsFeedChatMediaPrefetcher _start]	
1064d9b7c	1064d9ba7	decompiled	chunks/007/functions-000471.c		
1064d9ba8	1064d9c63	decompiled	chunks/007/functions-000471.c		
1064d9c64	1064d9c6f	decompiled	chunks/007/functions-000471.c		
1064d9c70	1064d9cdf	decompiled	chunks/007/functions-000471.c		
1064d9ce0	1064d9d33	decompiled	chunks/007/functions-000471.c		
1064d9d34	1064d9d37	decompiled	chunks/007/functions-000471.c		
1064d9d38	1064d9d8f	decompiled	chunks/007/functions-000471.c	-[SCFriendsFeedChatMediaPrefetcher _performPrefetchWithRequestContext:friendsFeedItems:completion:]	
1064d9d90	1064da1ef	decompiled	chunks/007/functions-000471.c	-[SCFriendsFeedChatMediaPrefetcher _performPrefetchWithRequestContext:completion:]	
1064da1f0	1064da257	decompiled	chunks/007/functions-000471.c	-[SCFriendsFeedChatMediaPrefetcher _setFriendsFeedItems:]	
1064da258	1064da293	decompiled	chunks/007/functions-000471.c	-[SCFriendsFeedChatMediaPrefetcher _getFriendsFeedItems]	
1064da294	1064da34f	decompiled	chunks/007/functions-000471.c	-[SCFriendsFeedChatMediaPrefetcher _setOpenedNotificationConversationId:]	
1064da350	1064da353	decompiled	chunks/007/functions-000471.c		
1064da354	1064da3a3	decompiled	chunks/007/functions-000471.c	-[SCFriendsFeedChatMediaPrefetcher _getOpenedNotificationConversationId]	
1064da3a4	1064da433	decompiled	chunks/007/functions-000471.c	-[SCFriendsFeedChatMediaPrefetcher .cxx_destruct]	
1064da434	1064da43f	decompiled	chunks/007/functions-000471.c	+[SCFriendsFeedDataCoordinator dataCoordinatorIdentifier]	
1064da440	1064da50b	decompiled	chunks/007/functions-000471.c	-[SCFriendsFeedDataCoordinator friendsFeedItems]	
1064da50c	1064da547	decompiled	chunks/007/functions-000471.c		
1064da548	1064da54f	decompiled	chunks/007/functions-000471.c	-[SCFriendsFeedDataCoordinator spotlightOnFriendsFeedStoriesObservable]	
1064da550	1064da5b3	decompiled	chunks/007/functions-000471.c	-[SCFriendsFeedDataCoordinator friendsFeedItemsStreamObservable]	
1064da5b4	1064da723	decompiled	chunks/007/functions-000471.c		
1064da724	1064da757	decompiled	chunks/007/functions-000471.c		
1064da758	1064da75f	decompiled	chunks/007/functions-000471.c		
1064da760	1064da787	decompiled	chunks/007/functions-000471.c	-[SCFriendsFeedDataCoordinator friendsFeedItemsObservable]	
1064da788	1064da8ff	decompiled	chunks/007/functions-000471.c	-[SCFriendsFeedDataCoordinator _emitInitialAndUpdateStreamWithObserver:lifecycle:]	
1064da900	1064da9fb	decompiled	chunks/007/functions-000471.c	-[SCFriendsFeedDataCoordinator purgeAccumulatedFetchContexts]	
1064da9fc	1064daac7	decompiled	chunks/007/functions-000471.c	-[SCFriendsFeedDataCoordinator quickAddSnapchatters]	
1064daac8	1064dab03	decompiled	chunks/007/functions-000471.c		
1064dab04	1064dabcf	decompiled	chunks/007/functions-000471.c	-[SCFriendsFeedDataCoordinator incomingSnapchatters]	
1064dabd0	1064dac0b	decompiled	chunks/007/functions-000471.c		
1064dac0c	1064dacd7	decompiled	chunks/007/functions-000471.c	-[SCFriendsFeedDataCoordinator contactSnapchatters]	
1064dacd8	1064dad13	decompiled	chunks/007/functions-000471.c		
1064dad14	1064daddf	decompiled	chunks/007/functions-000471.c	-[SCFriendsFeedDataCoordinator contactNonSnapchatters]	
1064dade0	1064dae1b	decompiled	chunks/007/functions-000471.c		
1064dae1c	1064dae43	decompiled	chunks/007/functions-000471.c	-[SCFriendsFeedDataCoordinator consumableFeedItemsObservable]	
1064dae44	1064dae4b	decompiled	chunks/007/functions-000471.c	-[SCFriendsFeedDataCoordinator feedIdsObservable]	
1064dae4c	1064dae73	decompiled	chunks/007/functions-000471.c	-[SCFriendsFeedDataCoordinator feedSyncStatusObservable]	
1064dae74	1064daf7b	decompiled	chunks/007/functions-000471.c	-[SCFriendsFeedDataCoordinator sponsoredSnapCountObservable]	
1064daf7c	1064dafd7	decompiled	chunks/007/functions-000471.c		
1064dafd8	1064dafdf	decompiled	chunks/007/functions-000471.c		
1064dafe0	1064db14f	decompiled	chunks/007/functions-000471.c		
1064db150	1064db187	decompiled	chunks/007/functions-000471.c		
1064db188	1064db18b	decompiled	chunks/007/functions-000471.c		
1064db18c	1064db25f	decompiled	chunks/007/functions-000471.c		
1064db260	1064db32f	decompiled	chunks/007/functions-000471.c		
1064db330	1064db38b	decompiled	chunks/007/functions-000471.c	-[SCFriendsFeedDataCoordinator notifyViewHasPartiallyAppearedAtLeastOnce]	
1064db38c	1064db48b	decompiled	chunks/007/functions-000471.c	-[SCFriendsFeedDataCoordinator friendsFeedItemForFeedId:]	
1064db48c	1064db5e7	decompiled	chunks/007/functions-000471.c		
1064db5e8	1064db6b3	decompiled	chunks/007/functions-000471.c	-[SCFriendsFeedDataCoordinator startListenToPublicStoriesUpdates]	
1064db6b4	1064db6df	decompiled	chunks/007/functions-000471.c		
1064db6e0	1064db747	decompiled	chunks/007/functions-000471.c	-[SCFriendsFeedDataCoordinator stopListenToPublicStoriesUpdates]	
1064db748	1064db793	decompiled	chunks/007/functions-000471.c	-[SCFriendsFeedDataCoordinator _appDidEnterBackground]	
1064db794	1064db80b	decompiled	chunks/007/functions-000471.c		
1064db80c	1064db91b	decompiled	chunks/007/functions-000471.c	-[SCFriendsFeedDataCoordinator _observeAddFriendsData]	
1064db91c	1064db963	decompiled	chunks/007/functions-000471.c		
1064db964	1064db9a3	decompiled	chunks/007/functions-000471.c	-[SCFriendsFeedDataCoordinator _updateAddFriendsDataAndHandleUpdatesIfNeededWithData:]	
1064db9a4	1064db9ab	decompiled	chunks/007/functions-000471.c		
1064db9ac	1064db9df	decompiled	chunks/007/functions-000471.c		
1064db9e0	1064dba8b	decompiled	chunks/007/functions-000471.c	-[SCFriendsFeedDataCoordinator _didClearFeedDbWithSuccess:]	
1064dba8c	1064dbba7	decompiled	chunks/007/functions-000471.c	-[SCFriendsFeedDataCoordinator _processMultirecipientNativeDataStream:]	
1064dbba8	1064dbbf3	decompiled	chunks/007/functions-000471.c		
1064dbbf4	1064dbf63	decompiled	chunks/007/functions-000471.c	-[SCFriendsFeedDataCoordinator _fetchStoriesForMultipleFeedTypes]	
1064dbf64	1064dbfb7	decompiled	chunks/007/functions-000471.c		
1064dbfb8	1064dc98f	decompiled	chunks/007/functions-000471.c	-[SCFriendsFeedDataCoordinator _updateStoriesForMultipleFeedTypes:spotlightOnFriendsFeedEnabled:]	
1064dc990	1064dca07	decompiled	chunks/007/functions-000471.c		
1064dca08	1064dcbbb	decompiled	chunks/007/functions-000471.c	-[SCFriendsFeedDataCoordinator _onUpdatePublicUserStories:publicUserFeedIds:]	
1064dcbbc	1064dcc0f	decompiled	chunks/007/functions-000471.c		
1064dcc10	1064dcdc3	decompiled	chunks/007/functions-000471.c	-[SCFriendsFeedDataCoordinator _onAdditionalPublicUserStories:publicUserFeedIds:]	
1064dcdc4	1064dce0b	decompiled	chunks/007/functions-000471.c		
1064dce0c	1064dce93	decompiled	chunks/007/functions-000471.c	-[SCFriendsFeedDataCoordinator _updateActivePresenceInfo:]	
1064dce94	1064dced3	decompiled	chunks/007/functions-000471.c	-[SCFriendsFeedDataCoordinator _updatePinnedTimestampsByFeedId:]	
1064dced4	1064dd06f	decompiled	chunks/007/functions-000471.c	-[SCFriendsFeedDataCoordinator didTriggerEventWithEventName:announcerIdentifier:extraData:]	
1064dd070	1064dd077	decompiled	chunks/007/functions-000471.c		
1064dd078	1064dd35f	decompiled	chunks/007/functions-000471.c	-[SCFriendsFeedDataCoordinator .cxx_destruct]	
1064dd360	1064dd477	decompiled	chunks/007/functions-000471.c		
1064dd478	1064dd483	decompiled	chunks/007/functions-000471.c	-[SCPreferences setHasClearedFeedDb:]	
1064dd484	1064dd48b	decompiled	chunks/007/functions-000471.c	-[SCFeedSnapchattersRepository removeUpdateListener:]	
1064dd48c	1064dd4cb	decompiled	chunks/007/functions-000471.c		
1064dd4cc	1064dd827	decompiled	chunks/007/functions-000471.c	-[SCFeedSnapchattersRepository _setupSubscriptionsWithBitmojiAvatarProvider:bitmojiSelfieProvider:snapchattersObservableRepository:]	
1064dd828	1064dd8ab	decompiled	chunks/007/functions-000471.c		
1064dd8ac	1064dd8af	decompiled	chunks/007/functions-000471.c	-[SCFeedSnapchattersRepository _refreshBitmoji]	
1064dd8b0	1064dd92b	decompiled	chunks/007/functions-000471.c	-[SCFeedSnapchattersRepository didUpdateFriendStorySettingWithUpdateRequest:success:]	
1064dd92c	1064dd93f	decompiled	chunks/007/functions-000471.c		
1064dd940	1064dd943	decompiled	chunks/007/functions-000471.c	-[SCFeedSnapchattersRepository didStartSnapchattersUpdateDataRequest:]	
1064dd944	1064dda57	decompiled	chunks/007/functions-000471.c	-[SCFeedSnapchattersRepository didEndSnapchattersUpdateDataRequest:withSuccess:error:]	
1064dda58	1064dda87	decompiled	chunks/007/functions-000471.c		
1064dda88	1064dda8b	decompiled	chunks/007/functions-000471.c	-[SCFeedSnapchattersRepository didEndSnapchattersSuggestDataRequest:withSuccess:error:]	
1064dda8c	1064dda8f	decompiled	chunks/007/functions-000471.c	-[SCFeedSnapchattersRepository didEndSnapchattersContactDataRequest:withResult:]	
1064dda90	1064dda9b	decompiled	chunks/007/functions-000471.c	-[SCFeedSnapchattersRepository didEndSnapchattersFriendInfoRequest:withSuccess:]	
1064dda9c	1064ddb8f	decompiled	chunks/007/functions-000471.c		
1064ddb90	1064ddc3b	decompiled	chunks/007/functions-000471.c		
1064ddc3c	1064ddcb3	decompiled	chunks/007/functions-000471.c	-[SCFeedSnapchattersRepository .cxx_destruct]	
1064ddcb4	1064ddd03	decompiled	chunks/007/functions-000471.c		
1064ddd04	1064ddd37	decompiled	chunks/007/functions-000471.c		
1064ddd38	1064ddd7f	decompiled	chunks/007/functions-000471.c	-[SCFeedSnapchattersRepositoryGrapheneLogger dealloc]	
1064ddd80	1064dddd7	decompiled	chunks/007/functions-000472.c	-[SCFeedSnapchattersRepositoryGrapheneLogger logFriendLinkFilterCount:]	
1064dddd8	1064dde8b	decompiled	chunks/007/functions-000472.c		
1064dde8c	1064ddf73	decompiled	chunks/007/functions-000472.c	-[SCFeedSnapchattersRepositoryGrapheneLogger _setupProfileIdObserver]	
1064ddf74	1064ddfbb	decompiled	chunks/007/functions-000472.c		
1064ddfbc	1064de04b	decompiled	chunks/007/functions-000472.c	-[SCFeedSnapchattersRepositoryGrapheneLogger _snapProfileIdDidChange:]	
1064de04c	1064de077	decompiled	chunks/007/functions-000472.c		
1064de078	1064de0e3	decompiled	chunks/007/functions-000472.c	-[SCFeedSnapchattersRepositoryGrapheneLogger .cxx_destruct]	
1064de0e4	1064de0eb	decompiled	chunks/007/functions-000472.c	-[SCPersonDataCoordinator removeDataUpdateListener:]	
1064de0ec	1064de127	decompiled	chunks/007/functions-000472.c		
1064de128	1064de12b	decompiled	chunks/007/functions-000472.c	-[SCPersonDataCoordinator handleDataRequest:]	
1064de12c	1064de12f	decompiled	chunks/007/functions-000472.c	-[SCPersonDataCoordinator dataCoordinatorDidUpdateWithIdentifier:dataRequest:]	
1064de130	1064de173	decompiled	chunks/007/functions-000472.c	-[SCPersonDataCoordinator didUpdateGroupsDataRequest:groupId:]	
1064de174	1064de2c7	decompiled	chunks/007/functions-000472.c	-[SCPersonDataCoordinator _setupSubscriptionsIfNeededWithSnapchattersObservableRepository:]	
1064de2c8	1064de30f	decompiled	chunks/007/functions-000472.c		
1064de310	1064de393	decompiled	chunks/007/functions-000472.c	-[SCPersonDataCoordinator _logGrapheneForSubstep:entriesFetched:startTime:fetchContexts:]	
1064de394	1064de6a7	decompiled	chunks/007/functions-000472.c	-[SCPersonDataCoordinator _fetchAndObserveGroupsForGroupIds:]	
1064de6a8	1064de6fb	decompiled	chunks/007/functions-000472.c		
1064de6fc	1064de8db	decompiled	chunks/007/functions-000472.c	-[SCPersonDataCoordinator _updateSummaryFetchedResult:groupId:]	
1064de8dc	1064de8ef	decompiled	chunks/007/functions-000472.c		
1064de8f0	1064dec23	decompiled	chunks/007/functions-000472.c	-[SCPersonDataCoordinator _groupEntityForGroup:]	
1064dec24	1064dee07	decompiled	chunks/007/functions-000472.c		
1064dee08	1064df01b	decompiled	chunks/007/functions-000472.c		
1064df01c	1064df343	decompiled	chunks/007/functions-000472.c	-[SCPersonDataCoordinator _multiRecipientEntityWithMultiRecipientId:recipientIds:personEntities:groupEntities:]	
1064df344	1064df347	decompiled	chunks/007/functions-000472.c		
1064df348	1064df3cb	decompiled	chunks/007/functions-000472.c		
1064df3cc	1064df3cf	decompiled	chunks/007/functions-000472.c		
1064df3d0	1064df477	decompiled	chunks/007/functions-000472.c		
1064df478	1064df4a7	decompiled	chunks/007/functions-000472.c	-[SCPersonDataCoordinator _updateMerlinSnapchatter:]	
1064df4a8	1064df54f	decompiled	chunks/007/functions-000472.c	-[SCPersonDataCoordinator .cxx_destruct]	
1064df550	1064df56b	decompiled	chunks/007/functions-000472.c		
1064df56c	1064df9c7	decompiled	chunks/007/functions-000472.c		
1064df9c8	1064df9ef	decompiled	chunks/007/functions-000472.c		
1064df9f0	1064df9f7	decompiled	chunks/007/functions-000472.c		
1064df9f8	1064dff4f	decompiled	chunks/007/functions-000472.c	-[SCFriendsFeedPresenceInfoDataProvider startPresenceSubscriptions]	
1064dff50	1064e0027	decompiled	chunks/007/functions-000472.c		
1064e0028	1064e010b	decompiled	chunks/007/functions-000472.c		
1064e010c	1064e0153	decompiled	chunks/007/functions-000472.c		
1064e0154	1064e0217	decompiled	chunks/007/functions-000472.c		
1064e0218	1064e025f	decompiled	chunks/007/functions-000472.c		
1064e0260	1064e0567	decompiled	chunks/007/functions-000472.c	-[SCFriendsFeedPresenceInfoDataProvider _updateTypingPresence:]	
1064e0568	1064e06ef	decompiled	chunks/007/functions-000472.c		
1064e06f0	1064e07cf	decompiled	chunks/007/functions-000472.c	-[SCFriendsFeedPresenceInfoDataProvider _updateGamePresence:]	
1064e07d0	1064e07fb	decompiled	chunks/007/functions-000472.c		
1064e07fc	1064e0c0f	decompiled	chunks/007/functions-000472.c	-[SCFriendsFeedPresenceInfoDataProvider _processGameConversations:completion:]	
1064e0c10	1064e0c67	decompiled	chunks/007/functions-000472.c		
1064e0c68	1064e0ecb	decompiled	chunks/007/functions-000472.c	-[SCFriendsFeedPresenceInfoDataProvider _handleLensMetadataFetchResult:gameConversations:conversationIdToSessionId:conversationIdToLensId:completion:]	
1064e0ecc	1064e0f03	decompiled	chunks/007/functions-000472.c	-[SCFriendsFeedPresenceInfoDataProvider _updateCalls:]	
1064e0f04	1064e0f3b	decompiled	chunks/007/functions-000472.c	-[SCFriendsFeedPresenceInfoDataProvider _updatePeeks:]	
1064e0f3c	1064e0f73	decompiled	chunks/007/functions-000472.c	-[SCFriendsFeedPresenceInfoDataProvider _updatePresentParticipants:]	
1064e0f74	1064e1423	decompiled	chunks/007/functions-000472.c	-[SCFriendsFeedPresenceInfoDataProvider _generateActivePresenceInfo]	
1064e1424	1064e15c3	decompiled	chunks/007/functions-000472.c		
1064e15c4	1064e170f	decompiled	chunks/007/functions-000472.c	-[SCFriendsFeedPresenceInfoDataProvider _updateActivePresenceInfoWithActivePresenceInfo:]	
1064e1710	1064e18a7	decompiled	chunks/007/functions-000472.c	-[SCFriendsFeedPresenceInfoDataProvider .cxx_destruct]	
1064e18a8	1064e194f	decompiled	chunks/007/functions-000472.c		
1064e1950	1064e196b	decompiled	chunks/007/functions-000472.c		
1064e196c	1064e1a1b	decompiled	chunks/007/functions-000472.c		
1064e1a1c	1064e1b53	decompiled	chunks/007/functions-000472.c	-[SCFriendsFeedDataServicesEntryPoint _friendsFeedChatMediaPrefetcher]	
1064e1b54	1064e202f	decompiled	chunks/007/functions-000472.c	-[SCFriendsFeedDataServicesEntryPoint _actionTextGeneratorWithFeedIconGenerator:isRTL:]	
1064e2030	1064e20db	decompiled	chunks/007/functions-000472.c		
1064e20dc	1064e20ff	decompiled	chunks/007/functions-000472.c		
1064e2100	1064e2303	decompiled	chunks/007/functions-000472.c		
1064e2304	1064e2327	decompiled	chunks/007/functions-000472.c		
1064e2328	1064e252b	decompiled	chunks/007/functions-000472.c		
1064e252c	1064e291f	decompiled	chunks/007/functions-000472.c	-[SCFriendsFeedDataServicesEntryPoint _iconGenerator]	
1064e2920	1064e2e7f	decompiled	chunks/007/functions-000472.c		
1064e2e80	1064e2f57	decompiled	chunks/007/functions-000472.c	-[SCFriendsFeedDataServicesEntryPoint _friendsFeedActiveSignalProvider]	
1064e2f58	1064e31df	decompiled	chunks/007/functions-000472.c	-[SCFriendsFeedDataServicesEntryPoint .cxx_destruct]	
1064e31e0	1064e322f	decompiled	chunks/007/functions-000472.c	-[SCFriendsFeedActiveResult initWithIsActive:usedHeuristic:]	
1064e3230	1064e3253	decompiled	chunks/007/functions-000472.c	-[SCFriendsFeedActiveResult copyWithZone:]	
1064e3254	1064e32af	decompiled	chunks/007/functions-000472.c	-[SCFriendsFeedActiveResult hash]	
1064e32b0	1064e3347	decompiled	chunks/007/functions-000472.c	-[SCFriendsFeedActiveResult isEqual:]	
1064e3348	1064e334f	decompiled	chunks/007/functions-000472.c	-[SCFriendsFeedActiveResult isActive]	
1064e3350	1064e3357	decompiled	chunks/007/functions-000472.c	-[SCFriendsFeedActiveResult usedHeuristic]	
1064e3358	1064e337b	decompiled	chunks/007/functions-000472.c	-[SCFriendsFeedUpdate copyWithZone:]	
1064e337c	1064e38ab	decompiled	chunks/007/functions-000472.c	-[SCDefaultFriendsFeedAddFriendsDataCoordinator _refetch]	
1064e38ac	1064e38c3	decompiled	chunks/007/functions-000472.c		
1064e38c4	1064e3b5b	decompiled	chunks/007/functions-000472.c		
1064e3b5c	1064e3c93	decompiled	chunks/007/functions-000472.c		
1064e3c94	1064e3eef	decompiled	chunks/007/functions-000472.c	-[SCDefaultFriendsFeedAddFriendsDataCoordinator _fetchContactNonSnapchattersOnly]	
1064e3ef0	1064e4007	decompiled	chunks/007/functions-000472.c		
1064e4008	1064e405b	decompiled	chunks/007/functions-000472.c		
1064e405c	1064e4083	decompiled	chunks/007/functions-000472.c	-[SCDefaultFriendsFeedAddFriendsDataCoordinator addFriendsDataObservable]	
1064e4084	1064e40eb	decompiled	chunks/007/functions-000472.c	-[SCDefaultFriendsFeedAddFriendsDataCoordinator identifier]	
1064e40ec	1064e41eb	decompiled	chunks/007/functions-000472.c	-[SCDefaultFriendsFeedAddFriendsDataCoordinator _updateSuggestedFriends:incomingFriends:contactSnapchatters:contactNonSnapchatters:contactPhotos:]	
1064e41ec	1064e4237	decompiled	chunks/007/functions-000472.c	-[SCDefaultFriendsFeedAddFriendsDataCoordinator _announceListener]	
1064e4238	1064e436f	decompiled	chunks/007/functions-000472.c	-[SCDefaultFriendsFeedAddFriendsDataCoordinator handleFriendsFeedViewDataRequest:]	
1064e4370	1064e439b	decompiled	chunks/007/functions-000472.c		
1064e439c	1064e43fb	decompiled	chunks/007/functions-000472.c		
1064e43fc	1064e43ff	decompiled	chunks/007/functions-000472.c	-[SCDefaultFriendsFeedAddFriendsDataCoordinator didStartSnapchattersUpdateDataRequest:]	
1064e4400	1064e454f	decompiled	chunks/007/functions-000472.c	-[SCDefaultFriendsFeedAddFriendsDataCoordinator didEndSnapchattersUpdateDataRequest:withSuccess:error:]	
1064e4550	1064e45a7	decompiled	chunks/007/functions-000472.c		
1064e45a8	1064e471b	decompiled	chunks/007/functions-000472.c	-[SCDefaultFriendsFeedAddFriendsDataCoordinator didEndSnapchattersSuggestDataRequest:withSuccess:error:]	
1064e471c	1064e479f	decompiled	chunks/007/functions-000472.c		
1064e47a0	1064e47a3	decompiled	chunks/007/functions-000472.c		
1064e47a4	1064e4803	decompiled	chunks/007/functions-000472.c	-[SCDefaultFriendsFeedAddFriendsDataCoordinator _mergeIncomingFriendsAndUpdate:]	
1064e4804	1064e4823	decompiled	chunks/007/functions-000472.c	-[SCDefaultFriendsFeedAddFriendsDataCoordinator _filterIgnoredSnapchatters:]	
1064e4824	1064e48a7	decompiled	chunks/007/functions-000472.c		
1064e48a8	1064e49e7	decompiled	chunks/007/functions-000472.c	-[SCDefaultFriendsFeedAddFriendsDataCoordinator _dedupAndSortSnapchatters:withLocalSnapchatters:]	
1064e49e8	1064e49ef	decompiled	chunks/007/functions-000472.c		
1064e49f0	1064e4a3b	decompiled	chunks/007/functions-000472.c		
1064e4a3c	1064e4b37	decompiled	chunks/007/functions-000473.c		
1064e4b38	1064e4bdf	decompiled	chunks/007/functions-000473.c	-[SCDefaultFriendsFeedAddFriendsDataCoordinator _performRefetch]	
1064e4be0	1064e4c0b	decompiled	chunks/007/functions-000473.c		
1064e4c0c	1064e4cb7	decompiled	chunks/007/functions-000473.c	-[SCDefaultFriendsFeedAddFriendsDataCoordinator _handleViewHasPartiallyAppearedAtLeastOnce]	
1064e4cb8	1064e4ce3	decompiled	chunks/007/functions-000473.c		
1064e4ce4	1064e4d0b	decompiled	chunks/007/functions-000473.c	-[SCDefaultFriendsFeedAddFriendsDataCoordinator _viewHasPartiallyAppearedAtLeastOnce]	
1064e4d0c	1064e4e53	decompiled	chunks/007/functions-000473.c	-[SCDefaultFriendsFeedAddFriendsDataCoordinator _subscribeIncomingFriendsChange]	
1064e4e54	1064e4e9b	decompiled	chunks/007/functions-000473.c		
1064e4e9c	1064e4edf	decompiled	chunks/007/functions-000473.c	-[SCDefaultFriendsFeedAddFriendsDataCoordinator _mergeAfterViewDidAppeared:]	
1064e4ee0	1064e4f83	decompiled	chunks/007/functions-000473.c	-[SCDefaultFriendsFeedAddFriendsDataCoordinator _processContactNonSnapchatters:contactPhotos:]	
1064e4f84	1064e4f8b	decompiled	chunks/007/functions-000473.c	-[SCDefaultFriendsFeedAddFriendsDataCoordinator feedHasAppeared]	
1064e4f8c	1064e4f93	decompiled	chunks/007/functions-000473.c	-[SCDefaultFriendsFeedAddFriendsDataCoordinator setFeedHasAppeared:]	
1064e4f94	1064e5077	decompiled	chunks/007/functions-000473.c	-[SCDefaultFriendsFeedAddFriendsDataCoordinator .cxx_destruct]	
1064e5078	1064e5183	decompiled	chunks/007/functions-000473.c	-[SCFriendsFeedAddFriendsData initWithSuggestedFriends:incomingFriends:contactSnapchatters:contactNonSnapchatters:]	
1064e5184	1064e51a7	decompiled	chunks/007/functions-000473.c	-[SCFriendsFeedAddFriendsData copyWithZone:]	
1064e51a8	1064e5233	decompiled	chunks/007/functions-000473.c	-[SCFriendsFeedAddFriendsData hash]	
1064e5234	1064e530b	decompiled	chunks/007/functions-000473.c	-[SCFriendsFeedAddFriendsData isEqual:]	
1064e530c	1064e5313	decompiled	chunks/007/functions-000473.c	-[SCFriendsFeedAddFriendsData suggestedFriends]	
1064e5314	1064e531b	decompiled	chunks/007/functions-000473.c	-[SCFriendsFeedAddFriendsData incomingFriends]	
1064e531c	1064e5323	decompiled	chunks/007/functions-000473.c	-[SCFriendsFeedAddFriendsData contactSnapchatters]	
1064e5324	1064e532b	decompiled	chunks/007/functions-000473.c	-[SCFriendsFeedAddFriendsData contactNonSnapchatters]	
1064e532c	1064e5373	decompiled	chunks/007/functions-000473.c	-[SCFriendsFeedAddFriendsData .cxx_destruct]	
1064e5374	1064e555b	decompiled	chunks/007/functions-000473.c		
1064e555c	1064e5a3f	decompiled	chunks/007/functions-000473.c		
1064e5a40	1064e5ae3	decompiled	chunks/007/functions-000473.c	-[SCFriendsFeedEntityGroupUpdatesProcessor initWithBlockedSnapchatterSynchronousFetcher:userId:]	
1064e5ae4	1064e5b9b	decompiled	chunks/007/functions-000473.c	-[SCFriendsFeedEntityGroupUpdatesProcessor processLeaveGroupWithId:transactionContext:]	
1064e5b9c	1064e5edb	decompiled	chunks/007/functions-000473.c	-[SCFriendsFeedEntityGroupUpdatesProcessor processChangeGroupInfoWithGroup:transactionContext:]	
1064e5edc	1064e5f0b	decompiled	chunks/007/functions-000473.c	-[SCFriendsFeedEntityGroupUpdatesProcessor .cxx_destruct]	
1064e5f0c	1064e613f	decompiled	chunks/007/functions-000473.c		
1064e6140	1064e6157	decompiled	chunks/007/functions-000473.c		
1064e6158	1064e61bb	decompiled	chunks/007/functions-000473.c		
1064e61bc	1064e61e3	decompiled	chunks/007/functions-000473.c		
1064e61e4	1064e61eb	decompiled	chunks/007/functions-000473.c		
1064e61ec	1064e61f3	decompiled	chunks/007/functions-000473.c	-[SCFriendsFeedLegacyGroupUpdatesDataCoordinator removeDataUpdateListener:]	
1064e61f4	1064e6223	decompiled	chunks/007/functions-000473.c		
1064e6224	1064e6227	decompiled	chunks/007/functions-000473.c	-[SCFriendsFeedLegacyGroupUpdatesDataCoordinator handleDataRequest:]	
1064e6228	1064e63b7	decompiled	chunks/007/functions-000473.c	-[SCFriendsFeedLegacyGroupUpdatesDataCoordinator didGroupsUpdateDataRequest:]	
1064e63b8	1064e6473	decompiled	chunks/007/functions-000473.c		
1064e6474	1064e6503	decompiled	chunks/007/functions-000473.c		
1064e6504	1064e665f	decompiled	chunks/007/functions-000473.c		
1064e6660	1064e668b	decompiled	chunks/007/functions-000473.c		
1064e668c	1064e668f	decompiled	chunks/007/functions-000473.c	-[SCFriendsFeedLegacyGroupUpdatesDataCoordinator didUpdateGroupsDataRequest:groupId:]	
1064e6690	1064e6783	decompiled	chunks/007/functions-000473.c	-[SCFriendsFeedLegacyGroupUpdatesDataCoordinator _didFinishLoadingGroups]	
1064e6784	1064e67f3	decompiled	chunks/007/functions-000473.c		
1064e67f4	1064e6917	decompiled	chunks/007/functions-000473.c	-[SCFriendsFeedLegacyGroupUpdatesDataCoordinator _updateWithGroups:]	
1064e6918	1064e6a4b	decompiled	chunks/007/functions-000473.c		
1064e6a4c	1064e6a7b	decompiled	chunks/007/functions-000473.c		
1064e6a7c	1064e6b9f	decompiled	chunks/007/functions-000473.c	-[SCFriendsFeedLegacyGroupUpdatesDataCoordinator _didBeginLeavingGroupWithId:]	
1064e6ba0	1064e6bf3	decompiled	chunks/007/functions-000473.c		
1064e6bf4	1064e6c23	decompiled	chunks/007/functions-000473.c		
1064e6c24	1064e6c93	decompiled	chunks/007/functions-000473.c	-[SCFriendsFeedLegacyGroupUpdatesDataCoordinator _processLeaveGroupWithId:transactionContext:]	
1064e6c94	1064e6d03	decompiled	chunks/007/functions-000473.c	-[SCFriendsFeedLegacyGroupUpdatesDataCoordinator _processChangeInfoWithGroup:transactionContext:]	
1064e6d04	1064e6d47	decompiled	chunks/007/functions-000473.c	-[SCFriendsFeedLegacyGroupUpdatesDataCoordinator _announceLegacyGroupUpdatesWithDataRequest:]	
1064e6d48	1064e6d9b	decompiled	chunks/007/functions-000473.c	-[SCFriendsFeedLegacyGroupUpdatesDataCoordinator .cxx_destruct]	
1064e6d9c	1064e6de3	decompiled	chunks/007/functions-000473.c	-[SCFriendsFeedFetcher dealloc]	
1064e6de4	1064e6e23	decompiled	chunks/007/functions-000473.c	-[SCFriendsFeedFetcher hasMoreFeedEntries]	
1064e6e24	1064e6ea7	decompiled	chunks/007/functions-000473.c	-[SCFriendsFeedFetcher hasMoreFeedEntriesObservable]	
1064e6ea8	1064e6fa3	decompiled	chunks/007/functions-000473.c		
1064e6fa4	1064e6fbb	decompiled	chunks/007/functions-000473.c		
1064e6fbc	1064e705f	decompiled	chunks/007/functions-000473.c		
1064e7060	1064e70a7	decompiled	chunks/007/functions-000473.c	-[SCFriendsFeedFetcher queryFeedParameters]	
1064e70a8	1064e70bb	decompiled	chunks/007/functions-000473.c	-[SCFriendsFeedFetcher configureForWarmStart]	
1064e70bc	1064e70ef	decompiled	chunks/007/functions-000473.c		
1064e70f0	1064e721f	decompiled	chunks/007/functions-000473.c	-[SCFriendsFeedFetcher loadMoreConversationsIfPossibleForceOnFailed:]	
1064e7220	1064e72c7	decompiled	chunks/007/functions-000473.c		
1064e72c8	1064e72cf	decompiled	chunks/007/functions-000473.c		
1064e72d0	1064e7387	decompiled	chunks/007/functions-000473.c	-[SCFriendsFeedFetcher fetchAndSyncFeedForConversationIds:completion:]	
1064e7388	1064e73c3	decompiled	chunks/007/functions-000473.c		
1064e73c4	1064e745b	decompiled	chunks/007/functions-000473.c	-[SCFriendsFeedFetcher _loadMoreConversationsIfPossibleWithOverrideableForceOnFailed:loadingStatusProvider:]	
1064e745c	1064e74af	decompiled	chunks/007/functions-000473.c	-[SCFriendsFeedFetcher _loadMoreConversationsIfPossibleForceOnFailed:loadingStatusProvider:]	
1064e74b0	1064e75ab	decompiled	chunks/007/functions-000473.c	-[SCFriendsFeedFetcher _loadMoreConversations]	
1064e75ac	1064e75e7	decompiled	chunks/007/functions-000473.c		
1064e75e8	1064e7647	decompiled	chunks/007/functions-000473.c	-[SCFriendsFeedFetcher .cxx_destruct]	
1064e7648	1064e7877	decompiled	chunks/007/functions-000473.c		
1064e7878	1064e790b	decompiled	chunks/007/functions-000473.c		
1064e790c	1064e7b3b	decompiled	chunks/007/functions-000473.c		
1064e7b3c	1064e7bd3	decompiled	chunks/007/functions-000473.c		
1064e7bd4	1064e7e27	decompiled	chunks/007/functions-000473.c		
1064e7e28	1064e7e9f	decompiled	chunks/007/functions-000473.c		
1064e7ea0	1064e80cf	decompiled	chunks/007/functions-000473.c		
1064e80d0	1064e82ff	decompiled	chunks/007/functions-000473.c		
1064e8300	1064e852f	decompiled	chunks/007/functions-000473.c		
1064e8530	1064e86a3	decompiled	chunks/007/functions-000473.c		
1064e86a4	1064e871b	decompiled	chunks/007/functions-000473.c		
1064e871c	1064e8793	decompiled	chunks/007/functions-000473.c		
1064e8794	1064e8907	decompiled	chunks/007/functions-000473.c		
1064e8908	1064e8a7b	decompiled	chunks/007/functions-000473.c		
1064e8a7c	1064e8c67	decompiled	chunks/007/functions-000473.c		
1064e8c68	1064e8ddb	decompiled	chunks/007/functions-000473.c		
1064e8ddc	1064e900b	decompiled	chunks/007/functions-000473.c		
1064e900c	1064e923b	decompiled	chunks/007/functions-000473.c		
1064e923c	1064e9423	decompiled	chunks/007/functions-000473.c		
1064e9424	1064e960b	decompiled	chunks/007/functions-000473.c		
1064e960c	1064e987f	decompiled	chunks/007/functions-000473.c		
1064e9880	1064e9a87	decompiled	chunks/007/functions-000473.c		
1064e9a88	1064e9c8f	decompiled	chunks/007/functions-000473.c		
1064e9c90	1064e9e03	decompiled	chunks/007/functions-000473.c		
1064e9e04	1064e9fef	decompiled	chunks/007/functions-000473.c		
1064e9ff0	1064ea163	decompiled	chunks/007/functions-000473.c		
1064ea164	1064ea34f	decompiled	chunks/007/functions-000473.c		
1064ea350	1064ea4c3	decompiled	chunks/007/functions-000474.c		
1064ea4c4	1064ea53b	decompiled	chunks/007/functions-000474.c		
1064ea53c	1064ea5b3	decompiled	chunks/007/functions-000474.c		
1064ea5b4	1064ea62b	decompiled	chunks/007/functions-000474.c		
1064ea62c	1064ea79f	decompiled	chunks/007/functions-000474.c		
1064ea7a0	1064ea817	decompiled	chunks/007/functions-000474.c		
1064ea818	1064ea88f	decompiled	chunks/007/functions-000474.c		
1064ea890	1064ea907	decompiled	chunks/007/functions-000474.c		
1064ea908	1064eaa7b	decompiled	chunks/007/functions-000474.c		
1064eaa7c	1064ead3b	decompiled	chunks/007/functions-000474.c		
1064ead3c	1064eaffb	decompiled	chunks/007/functions-000474.c		
1064eaffc	1064eb2bb	decompiled	chunks/007/functions-000474.c		
1064eb2bc	1064eb53f	decompiled	chunks/007/functions-000474.c		
1064eb540	1064eb58f	decompiled	chunks/007/functions-000474.c		
1064eb590	1064eb59b	decompiled	chunks/007/functions-000474.c	+[SCFriendsFeedItemInfo table]	
1064eb59c	1064eb6fb	decompiled	chunks/007/functions-000474.c	+[SCFriendsFeedItemInfo immutableObjectParse:bufferSize:]	
1064eb6fc	1064eb70f	decompiled	chunks/007/functions-000474.c	+[SCFriendsFeedItemInfo objectClassFunctionPointer]	
1064eb710	1064eb75b	decompiled	chunks/007/functions-000474.c		
1064eb75c	1064eb877	decompiled	chunks/007/functions-000474.c		
1064eb878	1064eb953	decompiled	chunks/007/functions-000474.c		
1064eb954	1064ebccb	decompiled	chunks/007/functions-000474.c		
1064ebccc	1064ebd3f	decompiled	chunks/007/functions-000474.c		
1064ebd40	1064ebda3	decompiled	chunks/007/functions-000474.c		
1064ebda4	1064ebdd3	decompiled	chunks/007/functions-000474.c	-[SCFriendsFeedItemInfoChangeRequest .cxx_destruct]	
1064ebdd4	1064ebddf	decompiled	chunks/007/functions-000474.c	-[SCFriendsFeedItemInfoChangeRequest table]	
1064ebde0	1064ebef3	decompiled	chunks/007/functions-000474.c	-[SCFriendsFeedItemInfoChangeRequest createTableWithSQLite:]	
1064ebef4	1064ec69f	decompiled	chunks/007/functions-000474.c	-[SCFriendsFeedItemInfoChangeRequest transactWithSQLite:flatbuffers:]	
1064ec6a0	1064ec7e7	decompiled	chunks/007/functions-000474.c		
1064ec7e8	1064ec917	decompiled	chunks/007/functions-000474.c		
1064ec918	1064ecb1f	decompiled	chunks/007/functions-000474.c		
1064ecb20	1064ecd4f	decompiled	chunks/007/functions-000474.c		
1064ecd50	1064ed19b	decompiled	chunks/007/functions-000474.c		
1064ed19c	1064ed267	decompiled	chunks/007/functions-000474.c	-[SCSnapchatterSendingServiceProvider provide]	
1064ed268	1064ed297	decompiled	chunks/007/functions-000474.c		
1064ed298	1064ed2cf	decompiled	chunks/007/functions-000474.c	-[SCSnapchatterSendingServiceProvider .cxx_destruct]	
1064ed2d0	1064ed343	decompiled	chunks/007/functions-000474.c	-[SCSnapchatterSender initWithTextMessageSender:]	
1064ed344	1064ed687	decompiled	chunks/007/functions-000474.c	-[SCSnapchatterSender sendSnapchatterWithUserId:conversationIds:additionalText:platformAnalytics:additionalTextPlatformAnalytics:completionHandler:]	
1064ed688	1064ed693	decompiled	chunks/007/functions-000474.c	-[SCSnapchatterSender .cxx_destruct]	
1064ed694	1064ed797	decompiled	chunks/007/functions-000474.c	-[SCChatWallpaperCameraRollActionHandler initWithNativeSessionManager:externalMediaPreparer:conversationId:source:fetchLimit:]	
1064ed798	1064ed79f	decompiled	chunks/007/functions-000474.c	-[SCChatWallpaperCameraRollActionHandler shouldRetainInstanceWhenMarshalling]	
1064ed7a0	1064ed7ab	decompiled	chunks/007/functions-000474.c	-[SCChatWallpaperCameraRollActionHandler pushToValdiMarshaller:]	
1064ed7ac	1064ed963	decompiled	chunks/007/functions-000474.c	-[SCChatWallpaperCameraRollActionHandler selectWallpaperWithWallpaperItem:isBlurred:]	
1064ed964	1064edb03	decompiled	chunks/007/functions-000474.c		
1064edb04	1064edbb7	decompiled	chunks/007/functions-000474.c		
1064edbb8	1064edd1b	decompiled	chunks/007/functions-000474.c	-[SCChatWallpaperCameraRollActionHandler remixWallpaperWithWallpaperItem:isBlurred:tool:]	
1064edd1c	1064edeb7	decompiled	chunks/007/functions-000474.c		
1064edeb8	1064ee09f	decompiled	chunks/007/functions-000474.c		
1064ee0a0	1064ee0e7	decompiled	chunks/007/functions-000474.c	-[SCChatWallpaperCameraRollActionHandler _conversationManager]	
1064ee0e8	1064ee2f3	decompiled	chunks/007/functions-000474.c	+[SCChatWallpaperCameraRollActionHandler _wallpaperForMediaId:targetSize:fetchLimit:completion:]	
1064ee2f4	1064ee2ff	decompiled	chunks/007/functions-000474.c		
1064ee300	1064ee35b	decompiled	chunks/007/functions-000474.c	-[SCChatWallpaperCameraRollActionHandler didCompleteRemixingWallpaperWithDidRemix:]	
1064ee35c	1064ee363	decompiled	chunks/007/functions-000474.c	-[SCChatWallpaperCameraRollActionHandler remixChatWallpaperServices]	
1064ee364	1064ee393	decompiled	chunks/007/functions-000474.c	-[SCChatWallpaperCameraRollActionHandler setRemixChatWallpaperServices:]	
1064ee394	1064ee39b	decompiled	chunks/007/functions-000474.c	-[SCChatWallpaperCameraRollActionHandler deckServices]	
1064ee39c	1064ee3cb	decompiled	chunks/007/functions-000474.c	-[SCChatWallpaperCameraRollActionHandler setDeckServices:]	
1064ee3cc	1064ee3e3	decompiled	chunks/007/functions-000474.c	-[SCChatWallpaperCameraRollActionHandler remixChatWallpaperControllerDelegate]	
1064ee3e4	1064ee3ef	decompiled	chunks/007/functions-000474.c	-[SCChatWallpaperCameraRollActionHandler setRemixChatWallpaperControllerDelegate:]	
1064ee3f0	1064ee407	decompiled	chunks/007/functions-000474.c	-[SCChatWallpaperCameraRollActionHandler parentVC]	
1064ee408	1064ee413	decompiled	chunks/007/functions-000474.c	-[SCChatWallpaperCameraRollActionHandler setParentVC:]	
1064ee414	1064ee48f	decompiled	chunks/007/functions-000474.c	-[SCChatWallpaperCameraRollActionHandler .cxx_destruct]	
1064ee490	1064ee593	decompiled	chunks/007/functions-000474.c	-[SCChatWallpaperForUsActionHandler initWithDataStore:nativeSessionManager:simpleContentFetcher:conversationId:source:]	
1064ee594	1064ee59b	decompiled	chunks/007/functions-000474.c	-[SCChatWallpaperForUsActionHandler shouldRetainInstanceWhenMarshalling]	
1064ee59c	1064ee5a7	decompiled	chunks/007/functions-000474.c	-[SCChatWallpaperForUsActionHandler pushToValdiMarshaller:]	
1064ee5a8	1064ee83b	decompiled	chunks/007/functions-000474.c	-[SCChatWallpaperForUsActionHandler selectWallpaperWithWallpaperItem:isBlurred:]	
1064ee83c	1064ee97f	decompiled	chunks/007/functions-000474.c		
1064ee980	1064ee99f	decompiled	chunks/007/functions-000474.c		
1064ee9a0	1064eeb7f	decompiled	chunks/007/functions-000474.c	-[SCChatWallpaperForUsActionHandler remixWallpaperWithWallpaperItem:isBlurred:tool:]	
1064eeb80	1064eeccf	decompiled	chunks/007/functions-000474.c		
1064eecd0	1064eee7b	decompiled	chunks/007/functions-000474.c		
1064eee7c	1064eeec3	decompiled	chunks/007/functions-000474.c	-[SCChatWallpaperForUsActionHandler _conversationManager]	
1064eeec4	1064ef037	decompiled	chunks/007/functions-000474.c	-[SCChatWallpaperForUsActionHandler _imageForContentObject:completion:]	
1064ef038	1064ef123	decompiled	chunks/007/functions-000474.c		
1064ef124	1064ef17f	decompiled	chunks/007/functions-000474.c	-[SCChatWallpaperForUsActionHandler didCompleteRemixingWallpaperWithDidRemix:]	
1064ef180	1064ef187	decompiled	chunks/007/functions-000474.c	-[SCChatWallpaperForUsActionHandler remixChatWallpaperServices]	
1064ef188	1064ef1b7	decompiled	chunks/007/functions-000474.c	-[SCChatWallpaperForUsActionHandler setRemixChatWallpaperServices:]	
1064ef1b8	1064ef1bf	decompiled	chunks/007/functions-000474.c	-[SCChatWallpaperForUsActionHandler deckServices]	
1064ef1c0	1064ef1ef	decompiled	chunks/007/functions-000474.c	-[SCChatWallpaperForUsActionHandler setDeckServices:]	
1064ef1f0	1064ef207	decompiled	chunks/007/functions-000474.c	-[SCChatWallpaperForUsActionHandler remixChatWallpaperControllerDelegate]	
1064ef208	1064ef213	decompiled	chunks/007/functions-000474.c	-[SCChatWallpaperForUsActionHandler setRemixChatWallpaperControllerDelegate:]	
1064ef214	1064ef22b	decompiled	chunks/007/functions-000474.c	-[SCChatWallpaperForUsActionHandler parentVC]	
1064ef22c	1064ef237	decompiled	chunks/007/functions-000474.c	-[SCChatWallpaperForUsActionHandler setParentVC:]	
1064ef238	1064ef2b3	decompiled	chunks/007/functions-000474.c	-[SCChatWallpaperForUsActionHandler .cxx_destruct]	
1064ef2b4	1064ef3b7	decompiled	chunks/007/functions-000474.c	-[SCChatWallpaperGenerativeActionHandler initWithNativeSessionManager:simpleContentFetcher:externalMediaPreparer:conversationId:source:]	
1064ef3b8	1064ef3c3	decompiled	chunks/007/functions-000474.c	-[SCChatWallpaperGenerativeActionHandler pushToValdiMarshaller:]	
1064ef3c4	1064ef597	decompiled	chunks/007/functions-000474.c	-[SCChatWallpaperGenerativeActionHandler selectWallpaperWithWallpaperItem:isBlurred:]	
1064ef598	1064ef77f	decompiled	chunks/007/functions-000474.c		
1064ef780	1064ef83f	decompiled	chunks/007/functions-000474.c		
1064ef840	1064ef99b	decompiled	chunks/007/functions-000474.c	-[SCChatWallpaperGenerativeActionHandler _updateWallpaperWithUpdate:observer:]	
1064ef99c	1064ef9bb	decompiled	chunks/007/functions-000474.c		
1064ef9bc	1064efa03	decompiled	chunks/007/functions-000474.c	-[SCChatWallpaperGenerativeActionHandler _conversationManager]	
1064efa04	1064efc07	decompiled	chunks/007/functions-000474.c	-[SCChatWallpaperGenerativeActionHandler _imageForContentObject:completion:]	
1064efc08	1064efc5b	decompiled	chunks/007/functions-000474.c		
1064efc5c	1064efd3b	decompiled	chunks/007/functions-000474.c	-[SCChatWallpaperGenerativeActionHandler _handleFetchResult:completion:]	
1064efd3c	1064efec3	decompiled	chunks/007/functions-000474.c	-[SCChatWallpaperGenerativeActionHandler remixWallpaperWithWallpaperItem:isBlurred:tool:]	
1064efec4	1064f001b	decompiled	chunks/007/functions-000474.c		
1064f001c	1064f0203	decompiled	chunks/007/functions-000474.c		
1064f0204	1064f025f	decompiled	chunks/007/functions-000474.c	-[SCChatWallpaperGenerativeActionHandler didCompleteRemixingWallpaperWithDidRemix:]	
1064f0260	1064f0267	decompiled	chunks/007/functions-000474.c	-[SCChatWallpaperGenerativeActionHandler remixChatWallpaperServices]	
1064f0268	1064f0297	decompiled	chunks/007/functions-000474.c	-[SCChatWallpaperGenerativeActionHandler setRemixChatWallpaperServices:]	
1064f0298	1064f029f	decompiled	chunks/007/functions-000474.c	-[SCChatWallpaperGenerativeActionHandler deckServices]	
1064f02a0	1064f02cf	decompiled	chunks/007/functions-000475.c	-[SCChatWallpaperGenerativeActionHandler setDeckServices:]	
1064f02d0	1064f02e7	decompiled	chunks/007/functions-000475.c	-[SCChatWallpaperGenerativeActionHandler remixChatWallpaperControllerDelegate]	
1064f02e8	1064f02f3	decompiled	chunks/007/functions-000475.c	-[SCChatWallpaperGenerativeActionHandler setRemixChatWallpaperControllerDelegate:]	
1064f02f4	1064f030b	decompiled	chunks/007/functions-000475.c	-[SCChatWallpaperGenerativeActionHandler parentVC]	
1064f030c	1064f0317	decompiled	chunks/007/functions-000475.c	-[SCChatWallpaperGenerativeActionHandler setParentVC:]	
1064f0318	1064f0393	decompiled	chunks/007/functions-000475.c	-[SCChatWallpaperGenerativeActionHandler .cxx_destruct]	
1064f0394	1064f089f	decompiled	chunks/007/functions-000475.c		
1064f08a0	1064f08bf	decompiled	chunks/007/functions-000475.c		
1064f08c0	1064f092b	decompiled	chunks/007/functions-000475.c		
1064f092c	1064f0a2f	decompiled	chunks/007/functions-000475.c	-[SCChatWallpaperMemoriesActionHandler initWithNativeSessionManager:externalMediaPreparer:memoriesSnapThumbnailProvider:conversationId:source:]	
1064f0a30	1064f0c67	decompiled	chunks/007/functions-000475.c	-[SCChatWallpaperMemoriesActionHandler selectWallpaperWithWallpaperItem:isBlurred:]	
1064f0c68	1064f0d77	decompiled	chunks/007/functions-000475.c		
1064f0d78	1064f0e87	decompiled	chunks/007/functions-000475.c		
1064f0e88	1064f0f1f	decompiled	chunks/007/functions-000475.c		
1064f0f20	1064f0f2f	decompiled	chunks/007/functions-000475.c		
1064f0f30	1064f114b	decompiled	chunks/007/functions-000475.c	-[SCChatWallpaperMemoriesActionHandler remixWallpaperWithWallpaperItem:isBlurred:tool:]	
1064f114c	1064f12c3	decompiled	chunks/007/functions-000475.c		
1064f12c4	1064f13eb	decompiled	chunks/007/functions-000475.c		
1064f13ec	1064f15d3	decompiled	chunks/007/functions-000475.c		
1064f15d4	1064f1607	decompiled	chunks/007/functions-000475.c		
1064f1608	1064f160f	decompiled	chunks/007/functions-000475.c	-[SCChatWallpaperMemoriesActionHandler shouldRetainInstanceWhenMarshalling]	
1064f1610	1064f161b	decompiled	chunks/007/functions-000475.c	-[SCChatWallpaperMemoriesActionHandler pushToValdiMarshaller:]	
1064f161c	1064f1677	decompiled	chunks/007/functions-000475.c	-[SCChatWallpaperMemoriesActionHandler didCompleteRemixingWallpaperWithDidRemix:]	
1064f1678	1064f167f	decompiled	chunks/007/functions-000475.c	-[SCChatWallpaperMemoriesActionHandler remixChatWallpaperServices]	
1064f1680	1064f16af	decompiled	chunks/007/functions-000475.c	-[SCChatWallpaperMemoriesActionHandler setRemixChatWallpaperServices:]	
1064f16b0	1064f16b7	decompiled	chunks/007/functions-000475.c	-[SCChatWallpaperMemoriesActionHandler deckServices]	
1064f16b8	1064f16e7	decompiled	chunks/007/functions-000475.c	-[SCChatWallpaperMemoriesActionHandler setDeckServices:]	
1064f16e8	1064f16ff	decompiled	chunks/007/functions-000475.c	-[SCChatWallpaperMemoriesActionHandler remixChatWallpaperControllerDelegate]	
1064f1700	1064f170b	decompiled	chunks/007/functions-000475.c	-[SCChatWallpaperMemoriesActionHandler setRemixChatWallpaperControllerDelegate:]	
1064f170c	1064f1723	decompiled	chunks/007/functions-000475.c	-[SCChatWallpaperMemoriesActionHandler parentVC]	
1064f1724	1064f172f	decompiled	chunks/007/functions-000475.c	-[SCChatWallpaperMemoriesActionHandler setParentVC:]	
1064f1730	1064f17ab	decompiled	chunks/007/functions-000475.c	-[SCChatWallpaperMemoriesActionHandler .cxx_destruct]	
1064f17ac	1064f184f	decompiled	chunks/007/functions-000475.c	-[SCChatWallpaperResetWallpaperActionHandler initWithNativeSessionManager:conversationId:]	
1064f1850	1064f19c7	decompiled	chunks/007/functions-000475.c	-[SCChatWallpaperResetWallpaperActionHandler resetWallpaper]	
1064f19c8	1064f1b0b	decompiled	chunks/007/functions-000475.c		
1064f1b0c	1064f1b2b	decompiled	chunks/007/functions-000475.c		
1064f1b2c	1064f1b73	decompiled	chunks/007/functions-000475.c	-[SCChatWallpaperResetWallpaperActionHandler _conversationManager]	
1064f1b74	1064f1ba3	decompiled	chunks/007/functions-000475.c	-[SCChatWallpaperResetWallpaperActionHandler .cxx_destruct]	
1064f1ba4	1064f1cd7	decompiled	chunks/007/functions-000475.c	-[SCChatWallpaperSavedInChatActionHandler initWithDataStore:nativeSessionManager:externalMediaPreparer:chatMediaFetcher:conversationId:source:]	
1064f1cd8	1064f1cdf	decompiled	chunks/007/functions-000475.c	-[SCChatWallpaperSavedInChatActionHandler shouldRetainInstanceWhenMarshalling]	
1064f1ce0	1064f1ceb	decompiled	chunks/007/functions-000475.c	-[SCChatWallpaperSavedInChatActionHandler pushToValdiMarshaller:]	
1064f1cec	1064f1d83	decompiled	chunks/007/functions-000475.c	-[SCChatWallpaperSavedInChatActionHandler selectWallpaperWithWallpaperItem:isBlurred:]	
1064f1d84	1064f2033	decompiled	chunks/007/functions-000475.c	-[SCChatWallpaperSavedInChatActionHandler _updateWallpaperForMedia:]	
1064f2034	1064f2097	decompiled	chunks/007/functions-000475.c		
1064f2098	1064f21ef	decompiled	chunks/007/functions-000475.c	-[SCChatWallpaperSavedInChatActionHandler _updateBlurredWallpaperForMedia:]	
1064f21f0	1064f22fb	decompiled	chunks/007/functions-000475.c		
1064f22fc	1064f23a7	decompiled	chunks/007/functions-000475.c		
1064f23a8	1064f24eb	decompiled	chunks/007/functions-000475.c	-[SCChatWallpaperSavedInChatActionHandler _updateWallpaperWithUpdate:conversationId:observer:]	
1064f24ec	1064f250b	decompiled	chunks/007/functions-000475.c		
1064f250c	1064f2553	decompiled	chunks/007/functions-000475.c	-[SCChatWallpaperSavedInChatActionHandler _conversationManager]	
1064f2554	1064f26e3	decompiled	chunks/007/functions-000475.c	-[SCChatWallpaperSavedInChatActionHandler remixWallpaperWithWallpaperItem:isBlurred:tool:]	
1064f26e4	1064f285f	decompiled	chunks/007/functions-000475.c		
1064f2860	1064f2a4f	decompiled	chunks/007/functions-000475.c		
1064f2a50	1064f2aab	decompiled	chunks/007/functions-000475.c	-[SCChatWallpaperSavedInChatActionHandler didCompleteRemixingWallpaperWithDidRemix:]	
1064f2aac	1064f2ab3	decompiled	chunks/007/functions-000475.c	-[SCChatWallpaperSavedInChatActionHandler remixChatWallpaperServices]	
1064f2ab4	1064f2ae3	decompiled	chunks/007/functions-000475.c	-[SCChatWallpaperSavedInChatActionHandler setRemixChatWallpaperServices:]	
1064f2ae4	1064f2aeb	decompiled	chunks/007/functions-000475.c	-[SCChatWallpaperSavedInChatActionHandler deckServices]	
1064f2aec	1064f2b1b	decompiled	chunks/007/functions-000475.c	-[SCChatWallpaperSavedInChatActionHandler setDeckServices:]	
1064f2b1c	1064f2b33	decompiled	chunks/007/functions-000475.c	-[SCChatWallpaperSavedInChatActionHandler remixChatWallpaperControllerDelegate]	
1064f2b34	1064f2b3f	decompiled	chunks/007/functions-000475.c	-[SCChatWallpaperSavedInChatActionHandler setRemixChatWallpaperControllerDelegate:]	
1064f2b40	1064f2b57	decompiled	chunks/007/functions-000475.c	-[SCChatWallpaperSavedInChatActionHandler parentVC]	
1064f2b58	1064f2b63	decompiled	chunks/007/functions-000475.c	-[SCChatWallpaperSavedInChatActionHandler setParentVC:]	
1064f2b64	1064f2beb	decompiled	chunks/007/functions-000475.c	-[SCChatWallpaperSavedInChatActionHandler .cxx_destruct]	
1064f2bec	1064f2d87	decompiled	chunks/007/functions-000475.c		
1064f2d88	1064f2fe7	decompiled	chunks/007/functions-000475.c		
1064f2fe8	1064f3073	decompiled	chunks/007/functions-000475.c		
1064f3074	1064f3257	decompiled	chunks/007/functions-000475.c	-[SCChatWallpaperCameraRollDataPaginator initWithPhotoPermissionCoordinator:coreConfigProvider:grapheneRegistry:applicationLifecycleEvents:fetchLimit:]	
1064f3258	1064f32b7	decompiled	chunks/007/functions-000475.c		
1064f32b8	1064f32c3	decompiled	chunks/007/functions-000475.c	-[SCChatWallpaperCameraRollDataPaginator pushToValdiMarshaller:]	
1064f32c4	1064f3313	decompiled	chunks/007/functions-000475.c	-[SCChatWallpaperCameraRollDataPaginator hasReachedLastPage]	
1064f3314	1064f3363	decompiled	chunks/007/functions-000475.c	-[SCChatWallpaperCameraRollDataPaginator loadNextPage]	
1064f3364	1064f348f	decompiled	chunks/007/functions-000475.c	-[SCChatWallpaperCameraRollDataPaginator getPageOfSize:currentIndex:results:]	
1064f3490	1064f3497	decompiled	chunks/007/functions-000475.c	-[SCChatWallpaperCameraRollDataPaginator observe]	
1064f3498	1064f35e7	decompiled	chunks/007/functions-000475.c	-[SCChatWallpaperCameraRollDataPaginator _getMediaItemFromPHAsset:thumbnailTargetSize:contentTargetSize:]	
1064f35e8	1064f3623	decompiled	chunks/007/functions-000475.c	-[SCChatWallpaperCameraRollDataPaginator .cxx_destruct]	
1064f3624	1064f3697	decompiled	chunks/007/functions-000475.c	-[SCChatWallpaperCameraRollPermissionHandler initWithPhotoPermissionCoordinator:]	
1064f3698	1064f36db	decompiled	chunks/007/functions-000475.c	-[SCChatWallpaperCameraRollPermissionHandler getStateWithCallback:]	
1064f36dc	1064f3707	decompiled	chunks/007/functions-000475.c		
1064f3708	1064f382b	decompiled	chunks/007/functions-000475.c	-[SCChatWallpaperCameraRollPermissionHandler requestPermissionWithCallback:]	
1064f382c	1064f3857	decompiled	chunks/007/functions-000475.c		
1064f3858	1064f3863	decompiled	chunks/007/functions-000475.c	-[SCChatWallpaperCameraRollPermissionHandler pushToValdiMarshaller:]	
1064f3864	1064f386f	decompiled	chunks/007/functions-000475.c	-[SCChatWallpaperCameraRollPermissionHandler .cxx_destruct]	
1064f3870	1064f38eb	decompiled	chunks/007/functions-000475.c	-[SCChatWallpaperForUsDataPaginator initWithDataStore:]	
1064f38ec	1064f38f3	decompiled	chunks/007/functions-000475.c	-[SCChatWallpaperForUsDataPaginator shouldRetainInstanceWhenMarshalling]	
1064f38f4	1064f38ff	decompiled	chunks/007/functions-000475.c	-[SCChatWallpaperForUsDataPaginator pushToValdiMarshaller:]	
1064f3900	1064f3947	decompiled	chunks/007/functions-000475.c	-[SCChatWallpaperForUsDataPaginator observe]	
1064f3948	1064f394b	decompiled	chunks/007/functions-000475.c	-[SCChatWallpaperForUsDataPaginator loadNextPage]	
1064f394c	1064f3953	decompiled	chunks/007/functions-000475.c	-[SCChatWallpaperForUsDataPaginator hasReachedLastPage]	
1064f3954	1064f395f	decompiled	chunks/007/functions-000475.c	-[SCChatWallpaperForUsDataPaginator .cxx_destruct]	
1064f3960	1064f39d3	decompiled	chunks/007/functions-000475.c	-[SCChatWallpaperMemoriesDataPaginator initWithDataStore:]	
1064f39d4	1064f39df	decompiled	chunks/007/functions-000475.c	-[SCChatWallpaperMemoriesDataPaginator pushToValdiMarshaller:]	
1064f39e0	1064f39e7	decompiled	chunks/007/functions-000475.c	-[SCChatWallpaperMemoriesDataPaginator hasReachedLastPage]	
1064f39e8	1064f39ef	decompiled	chunks/007/functions-000475.c	-[SCChatWallpaperMemoriesDataPaginator loadNextPage]	
1064f39f0	1064f3a37	decompiled	chunks/007/functions-000475.c	-[SCChatWallpaperMemoriesDataPaginator observe]	
1064f3a38	1064f3a43	decompiled	chunks/007/functions-000475.c	-[SCChatWallpaperMemoriesDataPaginator .cxx_destruct]	
1064f3a44	1064f3ab7	decompiled	chunks/007/functions-000475.c	-[SCChatWallpaperSavedInChatDataPaginator initWithDataStore:]	
1064f3ab8	1064f3ac3	decompiled	chunks/007/functions-000475.c	-[SCChatWallpaperSavedInChatDataPaginator pushToValdiMarshaller:]	
1064f3ac4	1064f3acb	decompiled	chunks/007/functions-000475.c	-[SCChatWallpaperSavedInChatDataPaginator hasReachedLastPage]	
1064f3acc	1064f3ad3	decompiled	chunks/007/functions-000475.c	-[SCChatWallpaperSavedInChatDataPaginator loadNextPage]	
1064f3ad4	1064f3b1b	decompiled	chunks/007/functions-000475.c	-[SCChatWallpaperSavedInChatDataPaginator observe]	
1064f3b1c	1064f3b27	decompiled	chunks/007/functions-000476.c	-[SCChatWallpaperSavedInChatDataPaginator .cxx_destruct]	
1064f3b28	1064f3c6f	decompiled	chunks/007/functions-000476.c	-[SCChatWallpaperCameraRollDataProvider initWithPhotoPermissionCoordinator:coreConfigProvider:grapheneRegistry:applicationLifecycleEvents:fetchLimit:]	
1064f3c70	1064f3c77	decompiled	chunks/007/functions-000476.c	-[SCChatWallpaperCameraRollDataProvider shouldRetainInstanceWhenMarshalling]	
1064f3c78	1064f3c83	decompiled	chunks/007/functions-000476.c	-[SCChatWallpaperCameraRollDataProvider pushToValdiMarshaller:]	
1064f3c84	1064f3cbb	decompiled	chunks/007/functions-000476.c	-[SCChatWallpaperCameraRollDataProvider createPaginator]	
1064f3cbc	1064f3cc3	decompiled	chunks/007/functions-000476.c	-[SCChatWallpaperCameraRollDataProvider permissionHandler]	
1064f3cc4	1064f3cf3	decompiled	chunks/007/functions-000476.c	-[SCChatWallpaperCameraRollDataProvider setPermissionHandler:]	
1064f3cf4	1064f3d53	decompiled	chunks/007/functions-000476.c	-[SCChatWallpaperCameraRollDataProvider .cxx_destruct]	
1064f3d54	1064f3dc7	decompiled	chunks/007/functions-000476.c	-[SCChatWallpaperForUsDataProvider initWithForUsDataPaginator:]	
1064f3dc8	1064f3dcf	decompiled	chunks/007/functions-000476.c	-[SCChatWallpaperForUsDataProvider shouldRetainInstanceWhenMarshalling]	
1064f3dd0	1064f3ddb	decompiled	chunks/007/functions-000476.c	-[SCChatWallpaperForUsDataProvider pushToValdiMarshaller:]	
1064f3ddc	1064f3e03	decompiled	chunks/007/functions-000476.c	-[SCChatWallpaperForUsDataProvider createPaginator]	
1064f3e04	1064f3e0f	decompiled	chunks/007/functions-000476.c	-[SCChatWallpaperForUsDataProvider .cxx_destruct]	
1064f3e10	1064f3e9f	decompiled	chunks/007/functions-000476.c	-[SCChatWallpaperForUsDataStore initWithCircumstanceEngine:]	
1064f3ea0	1064f3ec7	decompiled	chunks/007/functions-000476.c	-[SCChatWallpaperForUsDataStore mediaItems]	
1064f3ec8	1064f3ecf	decompiled	chunks/007/functions-000476.c	-[SCChatWallpaperForUsDataStore wallpaperForMediaId:]	
1064f3ed0	1064f3fbb	decompiled	chunks/007/functions-000476.c	-[SCChatWallpaperForUsDataStore loadItems]	
1064f3fbc	1064f4027	decompiled	chunks/007/functions-000476.c		
1064f4028	1064f41cb	decompiled	chunks/007/functions-000476.c		
1064f41cc	1064f4267	decompiled	chunks/007/functions-000476.c	-[SCChatWallpaperForUsDataStore _forUsWallpapers]	
1064f4268	1064f42af	decompiled	chunks/007/functions-000476.c	-[SCChatWallpaperForUsDataStore .cxx_destruct]	
1064f42b0	1064f4323	decompiled	chunks/007/functions-000476.c	-[SCChatWallpaperMemoriesDataProvider initWithMemoriesDataPaginator:]	
1064f4324	1064f432b	decompiled	chunks/007/functions-000476.c	-[SCChatWallpaperMemoriesDataProvider shouldRetainInstanceWhenMarshalling]	
1064f432c	1064f4337	decompiled	chunks/007/functions-000476.c	-[SCChatWallpaperMemoriesDataProvider pushToValdiMarshaller:]	
1064f4338	1064f435f	decompiled	chunks/007/functions-000476.c	-[SCChatWallpaperMemoriesDataProvider createPaginator]	
1064f4360	1064f436b	decompiled	chunks/007/functions-000476.c	-[SCChatWallpaperMemoriesDataProvider .cxx_destruct]	
1064f436c	1064f4457	decompiled	chunks/007/functions-000476.c	-[SCChatWallpaperMemoriesDataStore initWithMemoriesDataProvider:fetchLimit:]	
1064f4458	1064f449f	decompiled	chunks/007/functions-000476.c	-[SCChatWallpaperMemoriesDataStore dealloc]	
1064f44a0	1064f44d3	decompiled	chunks/007/functions-000476.c	-[SCChatWallpaperMemoriesDataStore hasReachedLastPage]	
1064f44d4	1064f4517	decompiled	chunks/007/functions-000476.c	-[SCChatWallpaperMemoriesDataStore loadNextPage]	
1064f4518	1064f45b7	decompiled	chunks/007/functions-000476.c	-[SCChatWallpaperMemoriesDataStore mediaItems]	
1064f45b8	1064f469f	decompiled	chunks/007/functions-000476.c	-[SCChatWallpaperMemoriesDataStore _subscribeToSnaps]	
1064f46a0	1064f46e7	decompiled	chunks/007/functions-000476.c		
1064f46e8	1064f48fb	decompiled	chunks/007/functions-000476.c	-[SCChatWallpaperMemoriesDataStore _handleSnaps:]	
1064f48fc	1064f4943	decompiled	chunks/007/functions-000476.c	-[SCChatWallpaperMemoriesDataStore _pageSize]	
1064f4944	1064f4a5f	decompiled	chunks/007/functions-000476.c	-[SCChatWallpaperMemoriesDataStore _mediaItemForSnap:]	
1064f4a60	1064f4b43	decompiled	chunks/007/functions-000476.c	-[SCChatWallpaperMemoriesDataStore _appendNextPageAndPublish]	
1064f4b44	1064f4c0f	decompiled	chunks/007/functions-000476.c	-[SCChatWallpaperMemoriesDataStore _publishMediaItemsLocked:]	
1064f4c10	1064f4c1b	decompiled	chunks/007/functions-000476.c		
1064f4c1c	1064f4c7b	decompiled	chunks/007/functions-000476.c	-[SCChatWallpaperMemoriesDataStore .cxx_destruct]	
1064f4c7c	1064f4cef	decompiled	chunks/007/functions-000476.c	-[SCChatWallpaperPreviewDataStore initWithMedia:]	
1064f4cf0	1064f4d73	decompiled	chunks/007/functions-000476.c	-[SCChatWallpaperPreviewDataStore mediaContentForMediaId:]	
1064f4d74	1064f4d7f	decompiled	chunks/007/functions-000476.c	-[SCChatWallpaperPreviewDataStore .cxx_destruct]	
1064f4d80	1064f4df3	decompiled	chunks/007/functions-000476.c	-[SCChatWallpaperSavedInChatDataProvider initWithSavedInChatDataPaginator:]	
1064f4df4	1064f4dfb	decompiled	chunks/007/functions-000476.c	-[SCChatWallpaperSavedInChatDataProvider shouldRetainInstanceWhenMarshalling]	
1064f4dfc	1064f4e07	decompiled	chunks/007/functions-000476.c	-[SCChatWallpaperSavedInChatDataProvider pushToValdiMarshaller:]	
1064f4e08	1064f4e2f	decompiled	chunks/007/functions-000476.c	-[SCChatWallpaperSavedInChatDataProvider createPaginator]	
1064f4e30	1064f4e3b	decompiled	chunks/007/functions-000476.c	-[SCChatWallpaperSavedInChatDataProvider .cxx_destruct]	
1064f4e3c	1064f4f47	decompiled	chunks/007/functions-000476.c	-[SCChatWallpaperSavedInChatDataStore initWithConversationId:currentUserId:conversationDataFetcher:]	
1064f4f48	1064f4fbf	decompiled	chunks/007/functions-000476.c	-[SCChatWallpaperSavedInChatDataStore mediaContentForMediaId:]	
1064f4fc0	1064f4ff3	decompiled	chunks/007/functions-000476.c	-[SCChatWallpaperSavedInChatDataStore hasReachedLastPage]	
1064f4ff4	1064f511f	decompiled	chunks/007/functions-000476.c	-[SCChatWallpaperSavedInChatDataStore loadNextPage]	
1064f5120	1064f51f3	decompiled	chunks/007/functions-000476.c		
1064f51f4	1064f525b	decompiled	chunks/007/functions-000476.c		
1064f525c	1064f52d7	decompiled	chunks/007/functions-000476.c	-[SCChatWallpaperSavedInChatDataStore mediaItems]	
1064f52d8	1064f53e3	decompiled	chunks/007/functions-000476.c	-[SCChatWallpaperSavedInChatDataStore _updateWithNewMessages:nextPaginationKey:]	
1064f53e4	1064f542b	decompiled	chunks/007/functions-000476.c		
1064f542c	1064f5433	decompiled	chunks/007/functions-000476.c		
1064f5434	1064f54db	decompiled	chunks/007/functions-000476.c		
1064f54dc	1064f5547	decompiled	chunks/007/functions-000476.c	-[SCChatWallpaperSavedInChatDataStore .cxx_destruct]	
1064f5548	1064f55af	decompiled	chunks/007/functions-000476.c	+[SnapchatProvidedChatWallpaperList descriptor]	
1064f55b0	1064f5617	decompiled	chunks/007/functions-000476.c	+[SnapchatProvidedChatWallpaper descriptor]	
1064f5618	1064f572b	decompiled	chunks/007/functions-000476.c	-[SCChatOpenActionHandler initWithStackChatsDelegate:startChatDelegate:uiContainer:friendProfileScopeExposer:snapchattersSynchronousDataFetcher:]	
1064f572c	1064f58d7	decompiled	chunks/007/functions-000476.c	-[SCChatOpenActionHandler handleActionWithSender:actionModel:fromSourceView:]	
1064f58d8	1064f595b	decompiled	chunks/007/functions-000476.c	-[SCChatOpenActionHandler _presentChatForUserId:]	
1064f595c	1064f5ab3	decompiled	chunks/007/functions-000476.c	-[SCChatOpenActionHandler _presentProfileWithActionDataModel:]	
1064f5ab4	1064f5b6f	decompiled	chunks/007/functions-000476.c	-[SCChatOpenActionHandler _presentChatOrProfileWithActionDataModel:]	
1064f5b70	1064f5b8f	decompiled	chunks/007/functions-000476.c	-[SCChatOpenActionHandler friendProfileDidDismiss:]	
1064f5b90	1064f5c33	decompiled	chunks/007/functions-000476.c	-[SCChatOpenActionHandler friendProfileDidDismiss:withRequestedChat:deeplinkType:]	
1064f5c34	1064f5c7f	decompiled	chunks/007/functions-000476.c	-[SCChatOpenActionHandler .cxx_destruct]	
1064f5c80	1064f5e8f	decompiled	chunks/007/functions-000476.c	-[SCChatSnapActionHandler initWithMessageActionHandler:delegate:messagingPlaybackScopeExposer:snapReplayScopeExposer:animationDataCoordinator:chatLogger:loadMessageLogger:uiContainer:plusSubscribeScopeExposer:plusSubscribeScopeServices:]	
1064f5e90	1064f6173	decompiled	chunks/007/functions-000476.c	-[SCChatSnapActionHandler handleActionWithSender:actionModel:fromSourceView:]	
1064f6174	1064f62fb	decompiled	chunks/007/functions-000476.c	-[SCChatSnapActionHandler _performSnapLoadAction:]	
1064f62fc	1064f64af	decompiled	chunks/007/functions-000476.c	-[SCChatSnapActionHandler _performSnapTapToViewAction:sourceView:]	
1064f64b0	1064f65ef	decompiled	chunks/007/functions-000476.c	-[SCChatSnapActionHandler _performSnapPressToReplayAction:]	
1064f65f0	1064f6697	decompiled	chunks/007/functions-000476.c	-[SCChatSnapActionHandler _performLoadingLoggingAction:]	
1064f6698	1064f6727	decompiled	chunks/007/functions-000476.c	-[SCChatSnapActionHandler _performSnapTapToPlusSubscribe:]	
1064f6728	1064f676f	decompiled	chunks/007/functions-000476.c	-[SCChatSnapActionHandler plusSubscribeDidDismiss]	
1064f6770	1064f6803	decompiled	chunks/007/functions-000476.c	-[SCChatSnapActionHandler .cxx_destruct]	
1064f6804	1064f68f7	decompiled	chunks/007/functions-000476.c	-[SCChatSnapchatterActionHandler initWithFriendsSnapchatterActionHandler:uiContainer:startChatDelegate:friendProfileScopeExposer:]	
1064f68f8	1064f69a7	decompiled	chunks/007/functions-000476.c	-[SCChatSnapchatterActionHandler handleActionWithSender:actionModel:fromSourceView:]	
1064f69a8	1064f6c07	decompiled	chunks/007/functions-000476.c	-[SCChatSnapchatterActionHandler _presentFriendScopeForAction:]	
1064f6c08	1064f6c27	decompiled	chunks/007/functions-000476.c	-[SCChatSnapchatterActionHandler friendProfileDidDismiss:]	
1064f6c28	1064f6ccb	decompiled	chunks/007/functions-000476.c	-[SCChatSnapchatterActionHandler friendProfileDidDismiss:withRequestedChat:deeplinkType:]	
1064f6ccc	1064f6d0f	decompiled	chunks/007/functions-000476.c	-[SCChatSnapchatterActionHandler .cxx_destruct]	
1064f6d10	1064f6daf	decompiled	chunks/007/functions-000476.c	-[SCChatTapActionHandler initWithActionHandler:animationDataCoordinator:baseConversationId:]	
1064f6db0	1064f6e3b	decompiled	chunks/007/functions-000476.c	-[SCChatTapActionHandler handleActionWithSender:actionModel:fromSourceView:]	
1064f6e3c	1064f6fab	decompiled	chunks/007/functions-000476.c	-[SCChatTapActionHandler _handleUnsaveActionModel:]	
1064f6fac	1064f711b	decompiled	chunks/007/functions-000476.c	-[SCChatTapActionHandler _handleSaveActionModel:]	
1064f711c	1064f72bf	decompiled	chunks/007/functions-000476.c	-[SCChatTapActionHandler _handleBatchUnsaveActionModel:]	
1064f72c0	1064f730b	decompiled	chunks/007/functions-000476.c		
1064f730c	1064f74af	decompiled	chunks/007/functions-000476.c	-[SCChatTapActionHandler _handleBatchSaveActionModel:]	
1064f74b0	1064f74fb	decompiled	chunks/007/functions-000476.c		
1064f74fc	1064f761f	decompiled	chunks/007/functions-000476.c	-[SCChatTapActionHandler _handleFailedMessageRetryActionModel:]	
1064f7620	1064f7653	decompiled	chunks/007/functions-000476.c	-[SCChatTapActionHandler .cxx_destruct]	
1064f7654	1064f76c7	decompiled	chunks/007/functions-000476.c	-[SCChatUIActionHandler initWithActionHandlers:]	
1064f76c8	1064f784b	decompiled	chunks/007/functions-000476.c	-[SCChatUIActionHandler handleActionWithSender:actionModel:fromSourceView:]	
1064f784c	1064f7857	decompiled	chunks/007/functions-000476.c	-[SCChatUIActionHandler .cxx_destruct]	
1064f7858	1064f78fb	decompiled	chunks/007/functions-000476.c	-[SCChatTypingHandler initWithTypingNotificationSender:talkTypingActivitySubject:]	
1064f78fc	1064f7aa7	decompiled	chunks/007/functions-000476.c	-[SCChatTypingHandler updateTypingStateWithState:activityType:conversationViewModel:]	
1064f7aa8	1064f7b37	decompiled	chunks/007/functions-000477.c		
1064f7b38	1064f7b63	decompiled	chunks/007/functions-000477.c		
1064f7b64	1064f7bf3	decompiled	chunks/007/functions-000477.c		
1064f7bf4	1064f7c1f	decompiled	chunks/007/functions-000477.c		
1064f7c20	1064f7c27	decompiled	chunks/007/functions-000477.c	-[SCChatTypingHandler _resetCurrentRequest]	
1064f7c28	1064f7cd7	decompiled	chunks/007/functions-000477.c	-[SCChatTypingHandler _shouldTriggerNotificationAfterTypingStateUpdate:]	
1064f7cd8	1064f7dab	decompiled	chunks/007/functions-000477.c	-[SCChatTypingHandler _updateTalkSessionWithTypingState:typingActivityType:]	
1064f7dac	1064f7de7	decompiled	chunks/007/functions-000477.c	-[SCChatTypingHandler .cxx_destruct]	
1064f7de8	1064f7eaf	decompiled	chunks/007/functions-000477.c		
1064f7eb0	1064f7fc7	decompiled	chunks/007/functions-000477.c	-[SCChatViewLogger initWithPageViewName:chatLogger:friendsFeedDataCoordinator:currentPageTracker:userTraceLogger:]	
1064f7fc8	1064f7fcf	decompiled	chunks/007/functions-000477.c	-[SCChatViewLogger setNewUnreadChatViewed:snapViewed:]	
1064f7fd0	1064f7fdb	decompiled	chunks/007/functions-000477.c	-[SCChatViewLogger setChatExitEvent:]	
1064f7fdc	1064f7fe7	decompiled	chunks/007/functions-000477.c	-[SCChatViewLogger getChatExitEvent]	
1064f7fe8	1064f8017	decompiled	chunks/007/functions-000477.c	-[SCChatViewLogger setChatHeaderSubtextsAvailable:]	
1064f8018	1064f8047	decompiled	chunks/007/functions-000477.c	-[SCChatViewLogger setChatHeaderSubtextsRendered:]	
1064f8048	1064f804f	decompiled	chunks/007/functions-000477.c	-[SCChatViewLogger setStoryViewType:]	
1064f8050	1064f8057	decompiled	chunks/007/functions-000477.c	-[SCChatViewLogger setChatPageSource:]	
1064f8058	1064f805f	decompiled	chunks/007/functions-000477.c	-[SCChatViewLogger setChatEntryEvent:]	
1064f8060	1064f80b7	decompiled	chunks/007/functions-000477.c	-[SCChatViewLogger didConversationViewModelChange:metricsTracker:]	
1064f80b8	1064f80bb	decompiled	chunks/007/functions-000477.c	-[SCChatViewLogger viewDidSwipeOut]	
1064f80bc	1064f80bf	decompiled	chunks/007/functions-000477.c	-[SCChatViewLogger viewDidSwipeIn]	
1064f80c0	1064f80c3	decompiled	chunks/007/functions-000477.c	-[SCChatViewLogger viewWillResignActive]	
1064f80c4	1064f80c7	decompiled	chunks/007/functions-000477.c	-[SCChatViewLogger viewDidBecomeActive]	
1064f80c8	1064f80cb	decompiled	chunks/007/functions-000477.c	-[SCChatViewLogger profileOverlayDidDisappear]	
1064f80cc	1064f8113	decompiled	chunks/007/functions-000477.c	-[SCChatViewLogger viewDidAppearAtPercentage:]	
1064f8114	1064f821b	decompiled	chunks/007/functions-000477.c	-[SCChatViewLogger onEnterChatView]	
1064f821c	1064f851f	decompiled	chunks/007/functions-000477.c	-[SCChatViewLogger onExitChatView]	
1064f8520	1064f878f	decompiled	chunks/007/functions-000477.c	-[SCChatViewLogger _updateCellState]	
1064f8790	1064f8a17	decompiled	chunks/007/functions-000477.c	-[SCChatViewLogger _logSCAChatCreate]	
1064f8a18	1064f8a2b	decompiled	chunks/007/functions-000477.c	-[SCChatViewLogger _didSwipeToEnter]	
1064f8a2c	1064f8b5b	decompiled	chunks/007/functions-000477.c	-[SCChatViewLogger _logChatHeaderMetricsWithCorrespondentId:isGroupConversation:conversationId:]	
1064f8b5c	1064f8bcf	decompiled	chunks/007/functions-000477.c	-[SCChatViewLogger .cxx_destruct]	
1064f8bd0	1064f8c3b	decompiled	chunks/007/functions-000477.c	-[SCCChatScrollHandler initWithGestureHandler:]	
1064f8c3c	1064f8c6b	decompiled	chunks/007/functions-000477.c	-[SCCChatScrollHandler onHorizontalScrollStart]	
1064f8c6c	1064f8c9b	decompiled	chunks/007/functions-000477.c	-[SCCChatScrollHandler onHorizontalScrollEnd]	
1064f8c9c	1064f8ca7	decompiled	chunks/007/functions-000477.c	-[SCCChatScrollHandler pushToValdiMarshaller:]	
1064f8ca8	1064f8caf	decompiled	chunks/007/functions-000477.c	-[SCCChatScrollHandler .cxx_destruct]	
1064f8cb0	1064f8dc3	decompiled	chunks/007/functions-000477.c		
1064f8dc4	1064f8eff	decompiled	chunks/007/functions-000477.c		
1064f8f00	1064f8f17	decompiled	chunks/007/functions-000477.c		
1064f8f18	1064f90bb	decompiled	chunks/007/functions-000477.c		
1064f90bc	1064f91ff	decompiled	chunks/007/functions-000477.c	-[SCChatActiveConversationInformationMixer initWithSourceInformation:activeConversationViewModel:quotedMessageData:remoteUserPresenceInformation:saturnStatusVisible:]	
1064f9200	1064f9227	decompiled	chunks/007/functions-000477.c	-[SCChatActiveConversationInformationMixer activeConversationInformation]	
1064f9228	1064f9363	decompiled	chunks/007/functions-000477.c	-[SCChatActiveConversationInformationMixer _activeConversationInformation]	
1064f9364	1064f9833	decompiled	chunks/007/functions-000477.c		
1064f9834	1064f9893	decompiled	chunks/007/functions-000477.c	-[SCChatActiveConversationInformationMixer .cxx_destruct]	
1064f9894	1064f9a83	decompiled	chunks/007/functions-000477.c	+[SCChatMessageIndexHelper messageIndexForLongPress:forViewModel:inTableView:includeWhitespace:]	
1064f9a84	1064f9bbf	decompiled	chunks/007/functions-000477.c	+[SCChatMessageIndexHelper messageIndexForIndexPath:locationInView:tableView:]	
1064f9bc0	1064f9c3f	decompiled	chunks/007/functions-000477.c		
1064f9c40	1064f9c8f	decompiled	chunks/007/functions-000477.c		
1064f9c90	1064f9d63	decompiled	chunks/007/functions-000477.c	-[SCChatPluginPresentationTrackingUIContainer initWithContainer:onAttach:onDetach:]	
1064f9d64	1064f9d6b	decompiled	chunks/007/functions-000477.c	-[SCChatPluginPresentationTrackingUIContainer attachUI:]	
1064f9d6c	1064f9e87	decompiled	chunks/007/functions-000477.c	-[SCChatPluginPresentationTrackingUIContainer attachUI:completion:]	
1064f9e88	1064f9ec7	decompiled	chunks/007/functions-000477.c		
1064f9ec8	1064f9f7b	decompiled	chunks/007/functions-000477.c	-[SCChatPluginPresentationTrackingUIContainer detachUI:]	
1064f9f7c	1064f9fbb	decompiled	chunks/007/functions-000477.c		
1064f9fbc	1064f9ff7	decompiled	chunks/007/functions-000477.c	-[SCChatPluginPresentationTrackingUIContainer .cxx_destruct]	
1064f9ff8	1064fa0ef	decompiled	chunks/007/functions-000477.c		
1064fa0f0	1064fa107	decompiled	chunks/007/functions-000477.c		
1064fa108	1064fa25f	decompiled	chunks/007/functions-000477.c		
1064fa260	1064fa263	decompiled	chunks/007/functions-000477.c		
1064fa264	1064fa2fb	decompiled	chunks/007/functions-000477.c		
1064fa2fc	1064fa3c7	decompiled	chunks/007/functions-000477.c	-[SCChatWallpaperContainer initWithWallpaper:conversationId:wallpaperImage:]	
1064fa3c8	1064fa48f	decompiled	chunks/007/functions-000477.c	-[SCChatWallpaperContainer isEqual:]	
1064fa490	1064fa497	decompiled	chunks/007/functions-000477.c	-[SCChatWallpaperContainer wallpaper]	
1064fa498	1064fa4c7	decompiled	chunks/007/functions-000477.c	-[SCChatWallpaperContainer setWallpaper:]	
1064fa4c8	1064fa4cf	decompiled	chunks/007/functions-000477.c	-[SCChatWallpaperContainer conversationId]	
1064fa4d0	1064fa4ff	decompiled	chunks/007/functions-000477.c	-[SCChatWallpaperContainer setConversationId:]	
1064fa500	1064fa507	decompiled	chunks/007/functions-000477.c	-[SCChatWallpaperContainer wallpaperImage]	
1064fa508	1064fa537	decompiled	chunks/007/functions-000477.c	-[SCChatWallpaperContainer setWallpaperImage:]	
1064fa538	1064fa573	decompiled	chunks/007/functions-000477.c	-[SCChatWallpaperContainer .cxx_destruct]	
1064fa574	1064fa643	decompiled	chunks/007/functions-000477.c		
1064fa644	1064fa76f	decompiled	chunks/007/functions-000477.c		
1064fa770	1064fa7a7	decompiled	chunks/007/functions-000477.c		
1064fa7a8	1064fa8a3	decompiled	chunks/007/functions-000477.c		
1064fa8a4	1064fa963	decompiled	chunks/007/functions-000477.c		
1064fa964	1064fadeb	decompiled	chunks/007/functions-000477.c		
1064fadec	1064faef3	decompiled	chunks/007/functions-000477.c		
1064faef4	1064fafbf	decompiled	chunks/007/functions-000477.c		
1064fafc0	1064fb0f7	decompiled	chunks/007/functions-000477.c		
1064fb0f8	1064fb10f	decompiled	chunks/007/functions-000477.c		
1064fb110	1064fb45f	decompiled	chunks/007/functions-000477.c		
1064fb460	1064fb463	decompiled	chunks/007/functions-000477.c		
1064fb464	1064fc157	decompiled	chunks/007/functions-000477.c	-[SCChatConversationUpdater initWithPolaroidViewTransitionResolver:pluginManager:accessoryPluginManager:messageViewModelFactory:animationDataCoordinator:pageLoadMetricsEmitter:userSession:legacyChatTooltipsService:messagingExperimentService:featureSettingsService:customStoriesDataFetcher:plusFeatureGating:plusServices:locationContextFetcher:circumstanceEngine:chatEligibilityProvider:chatDisplayReadyLogger:storiesReplayManager:remoteStoriesDataProvider:schedulingPerformer:viewModelGenerationPerformer:notificationOSSettingsRetriever:groupsCustomColorsFetcher:friendshipFlashbacksDataManager:chatTooltipsService:addToGroupCardStateObservable:locationPreferencesProvider:mapUpsellRequestService:userBirthdayProvider:saturnExperimentProvider:saturnStatusProvider:snapchattersSynchronousDataFetcher:streakMilestoneProvider:streakProvider:activeArrivalNotificationTracker:myAIExperimentServices:]	
1064fc158	1064fc197	decompiled	chunks/007/functions-000477.c		
1064fc198	1064fc2b7	decompiled	chunks/007/functions-000477.c		
1064fc2b8	1064fc5df	decompiled	chunks/007/functions-000477.c		
1064fc5e0	1064fc5eb	decompiled	chunks/007/functions-000477.c		
1064fc5ec	1064fc6a7	decompiled	chunks/007/functions-000477.c		
1064fc6a8	1064fc6b3	decompiled	chunks/007/functions-000477.c		
1064fc6b4	1064fc6df	decompiled	chunks/007/functions-000477.c		
1064fc6e0	1064fcb17	decompiled	chunks/007/functions-000477.c	-[SCChatConversationUpdater initWithPolaroidViewTransitionResolver:pluginManager:accessoryPluginManager:messageViewModelFactory:animationDataCoordinator:pageLoadMetricsEmitter:userSession:legacyChatTooltipsService:messagingExperimentService:featureSettingsService:customStoriesDataFetcher:plusFeatureGating:plusServices:locationContextFetcher:circumstanceEngine:chatEligibilityProvider:chatDisplayReadyLogger:storiesReplayManager:remoteStoriesDataProvider:viewModelGenerationPerformer:notificationOSSettingsRetriever:groupsCustomColorsFetcher:friendshipFlashbacksDataManager:chatTooltipsService:addToGroupCardStateObservable:locationPreferencesProvider:mapUpsellRequestService:userBirthdayProvider:saturnExperimentProvider:saturnStatusProvider:snapchattersSynchronousDataFetcher:streakMilestoneProvider:streakProvider:activeArrivalNotificationTracker:myAIExperimentServices:]	
1064fcb18	1064fcbaf	decompiled	chunks/007/functions-000477.c	-[SCChatConversationUpdater addListener:]	
1064fcbb0	1064fcbb7	decompiled	chunks/007/functions-000477.c	-[SCChatConversationUpdater removeListener:]	
1064fcbb8	1064fcc0f	decompiled	chunks/007/functions-000477.c	-[SCChatConversationUpdater regenerateViewModelsForContentSizeCategoryChange]	
1064fcc10	1064fcc7f	decompiled	chunks/007/functions-000477.c		
1064fcc80	1064fcd37	decompiled	chunks/007/functions-000477.c	-[SCChatConversationUpdater _setActiveConversationId:configuration:]	
1064fcd38	1064fce8b	decompiled	chunks/007/functions-000477.c	-[SCChatConversationUpdater _fetchFriendLocationContextCaptions:]	
1064fce8c	1064fcea3	decompiled	chunks/007/functions-000477.c		
1064fcea4	1064fcedb	decompiled	chunks/007/functions-000477.c		
1064fcedc	1064fd02b	decompiled	chunks/007/functions-000478.c	-[SCChatConversationUpdater _observeUnviewedFriendshipFlashback:]	
1064fd02c	1064fd073	decompiled	chunks/007/functions-000478.c		
1064fd074	1064fd167	decompiled	chunks/007/functions-000478.c	-[SCChatConversationUpdater _processFriendshipFlashbacksDataModels:]	
1064fd168	1064fd5ef	decompiled	chunks/007/functions-000478.c	-[SCChatConversationUpdater _startObservingSaturnStatus:]	
1064fd5f0	1064fd66f	decompiled	chunks/007/functions-000478.c		
1064fd670	1064fd6b3	decompiled	chunks/007/functions-000478.c	-[SCChatConversationUpdater _stopObservingSaturnStatus]	
1064fd6b4	1064fd81f	decompiled	chunks/007/functions-000478.c	-[SCChatConversationUpdater _handleSaturnStatusUpdate:]	
1064fd820	1064fd967	decompiled	chunks/007/functions-000478.c	-[SCChatConversationUpdater _fetchPublicStoryForCampaign:]	
1064fd968	1064fd9df	decompiled	chunks/007/functions-000478.c		
1064fd9e0	1064fdaeb	decompiled	chunks/007/functions-000478.c	-[SCChatConversationUpdater _fetchPublicStoryForCampaignWithUserId:]	
1064fdaec	1064fdb53	decompiled	chunks/007/functions-000478.c		
1064fdb54	1064fdc53	decompiled	chunks/007/functions-000478.c	-[SCChatConversationUpdater _scheduleUpdateForPublicStoryFetched:error:]	
1064fdc54	1064fdd2b	decompiled	chunks/007/functions-000478.c		
1064fdd2c	1064fdf5f	decompiled	chunks/007/functions-000478.c	-[SCChatConversationUpdater _updatePublicStorySummaryInfo:error:]	
1064fdf60	1064fdf97	decompiled	chunks/007/functions-000478.c		
1064fdf98	1064fe07f	decompiled	chunks/007/functions-000478.c	-[SCChatConversationUpdater _fetchGroupLocationContextCaptionsIfNecessary:]	
1064fe080	1064fe0c7	decompiled	chunks/007/functions-000478.c		
1064fe0c8	1064fe2eb	decompiled	chunks/007/functions-000478.c	-[SCChatConversationUpdater _fetchLocationContextCaptionsForGroup:]	
1064fe2ec	1064fe2f3	decompiled	chunks/007/functions-000478.c		
1064fe2f4	1064fe3e7	decompiled	chunks/007/functions-000478.c		
1064fe3e8	1064fe4cf	decompiled	chunks/007/functions-000478.c		
1064fe4d0	1064fe587	decompiled	chunks/007/functions-000478.c	-[SCChatConversationUpdater unsetActiveConversation:token:]	
1064fe588	1064fe597	decompiled	chunks/007/functions-000478.c		
1064fe598	1064fe6cb	decompiled	chunks/007/functions-000478.c	-[SCChatConversationUpdater _unsetActiveConversation:token:]	
1064fe6cc	1064fe81f	decompiled	chunks/007/functions-000478.c	-[SCChatConversationUpdater _processAddToGroupCardState:]	
1064fe820	1064fea17	decompiled	chunks/007/functions-000478.c	-[SCChatConversationUpdater dataCoordinatorDidUpdateWithIdentifier:dataRequest:]	
1064fea18	1064feb9f	decompiled	chunks/007/functions-000478.c		
1064feba0	1064febab	decompiled	chunks/007/functions-000478.c		
1064febac	1064fecbb	decompiled	chunks/007/functions-000478.c		
1064fecbc	1064fed43	decompiled	chunks/007/functions-000478.c		
1064fed44	1064fed47	decompiled	chunks/007/functions-000478.c		
1064fed48	1064feda3	decompiled	chunks/007/functions-000478.c		
1064feda4	1064fee2b	decompiled	chunks/007/functions-000478.c	-[SCChatConversationUpdater conversationFetchDidFailForChatIdentifier:]	
1064fee2c	1064fee73	decompiled	chunks/007/functions-000478.c		
1064fee74	1064ff09b	decompiled	chunks/007/functions-000478.c	-[SCChatConversationUpdater _scheduleConversationUpdateWithToken:metricsTracker:reason:]	
1064ff09c	1064ff0ab	decompiled	chunks/007/functions-000478.c		
1064ff0ac	1064ff0df	decompiled	chunks/007/functions-000478.c		
1064ff0e0	1064ff2a7	decompiled	chunks/007/functions-000478.c	-[SCChatConversationUpdater _createPendingRenderBlockForToken:]	
1064ff2a8	1064ff2db	decompiled	chunks/007/functions-000478.c	-[SCChatConversationUpdater _cancelCurrentUpdateBlockIfNecessaryForIncomingToken:]	
1064ff2dc	1064ff3a3	decompiled	chunks/007/functions-000478.c	-[SCChatConversationUpdater _delayForUpdate]	
1064ff3a4	106501537	decompiled	chunks/007/functions-000478.c	-[SCChatConversationUpdater _conversationViewModelForActiveConversationData:configuration:token:trackingId:]	
106501538	10650153f	decompiled	chunks/007/functions-000478.c		
106501540	1065015af	decompiled	chunks/007/functions-000478.c		
1065015b0	1065015c3	decompiled	chunks/007/functions-000478.c		
1065015c4	106501613	decompiled	chunks/007/functions-000478.c		
106501614	106501627	decompiled	chunks/007/functions-000478.c		
106501628	106501697	decompiled	chunks/007/functions-000478.c		
106501698	106501823	decompiled	chunks/007/functions-000478.c		
106501824	1065018f7	decompiled	chunks/007/functions-000478.c	-[SCChatConversationUpdater _logNewViewModels:messageTypes:]	
1065018f8	106501a5f	decompiled	chunks/007/functions-000478.c	-[SCChatConversationUpdater _issueLoadingViewModelForConversationId:metadata:]	
106501a60	106501ca7	decompiled	chunks/007/functions-000478.c	-[SCChatConversationUpdater _regularViewModelWithMessage:previousMessage:previousViewModel:messageGroup:currentTime:conversation:conversationSubtypeMetadata:conversationParticipants:earlierContentExists:snapshot:parsingData:messageAnimationData:snapchattersData:postSnapActionsParams:currentUserSnapchatter:reactionMetadata:]	
106501ca8	106501d83	decompiled	chunks/007/functions-000478.c	-[SCChatConversationUpdater updateWithNewViewModel:token:metricsTracker:]	
106501d84	106501db3	decompiled	chunks/007/functions-000478.c		
106501db4	106501e5f	decompiled	chunks/007/functions-000478.c	+[SCChatConversationUpdater addViewModel:toArray:updateCount:]	
106501e60	106501f3b	decompiled	chunks/007/functions-000478.c	-[SCChatConversationUpdater _shouldDisplayChatDeleteMessageForConversation:]	
106501f3c	10650203f	decompiled	chunks/007/functions-000478.c	-[SCChatConversationUpdater _feedIdForConversationId:metadata:]	
106502040	106502077	decompiled	chunks/007/functions-000478.c		
106502078	106502213	decompiled	chunks/007/functions-000478.c	-[SCChatConversationUpdater _observeStreaksUpdatesForConversationId:]	
106502214	106502283	decompiled	chunks/007/functions-000478.c		
106502284	1065023df	decompiled	chunks/007/functions-000478.c	-[SCChatConversationUpdater _handleStreakUpdate:]	
1065023e0	106502423	decompiled	chunks/007/functions-000478.c	-[SCChatConversationUpdater activeConversationId]	
106502424	10650247b	decompiled	chunks/007/functions-000478.c	-[SCChatConversationUpdater clear]	
10650247c	1065024f7	decompiled	chunks/007/functions-000478.c		
1065024f8	106502507	decompiled	chunks/007/functions-000478.c		
106502508	106502597	decompiled	chunks/007/functions-000478.c	-[SCChatConversationUpdater _handleAnimationUpdateRequestWithToken:]	
106502598	1065025ab	decompiled	chunks/007/functions-000478.c		
1065025ac	1065028ff	decompiled	chunks/007/functions-000478.c	-[SCChatConversationUpdater _parseLocationContextResponse:withError:]	
106502900	10650296b	decompiled	chunks/007/functions-000478.c		
10650296c	106502a4b	decompiled	chunks/007/functions-000478.c	-[SCChatConversationUpdater _parseGroupLocationContextResponse:withError:]	
106502a4c	106502b33	decompiled	chunks/007/functions-000478.c	-[SCChatConversationUpdater _resetLocationBannerEligibilityIfNecessary:]	
106502b34	106502b6b	decompiled	chunks/007/functions-000478.c		
106502b6c	106502dc3	decompiled	chunks/007/functions-000478.c	-[SCChatConversationUpdater _checkLocationUpsellEligible]	
106502dc4	106502e37	decompiled	chunks/007/functions-000478.c		
106502e38	106502ee7	decompiled	chunks/007/functions-000478.c	-[SCChatConversationUpdater _checkLocationSharingEligibilityForUpsellBanner:friendId:]	
106502ee8	1065030b7	decompiled	chunks/007/functions-000478.c	-[SCChatConversationUpdater _subscribeToArrivalNotifActiveAlert]	
1065030b8	1065030ef	decompiled	chunks/007/functions-000478.c		
1065030f0	10650314b	decompiled	chunks/007/functions-000478.c		
10650314c	106503293	decompiled	chunks/007/functions-000478.c	-[SCChatConversationUpdater _handleArrivalNotifAlertUpdate:friendId:]	
106503294	1065032cf	decompiled	chunks/007/functions-000478.c		
1065032d0	10650347b	decompiled	chunks/007/functions-000478.c	-[SCChatConversationUpdater _handleMerlinBioSubscriptionUpdate:]	
10650347c	1065034b3	decompiled	chunks/007/functions-000478.c		
1065034b4	10650362b	decompiled	chunks/007/functions-000478.c	-[SCChatConversationUpdater _handleMerlinBioUpdate]	
10650362c	106503663	decompiled	chunks/007/functions-000478.c		
106503664	1065038f7	decompiled	chunks/007/functions-000478.c	-[SCChatConversationUpdater _streakMilestoneInfoForConversation:recipientSnapchatter:currentUserSnapchatter:group:]	
1065038f8	106503a2b	decompiled	chunks/007/functions-000478.c	-[SCChatConversationUpdater _getCommunityDisplayName:]	
106503a2c	106503a37	decompiled	chunks/007/functions-000478.c	-[SCChatConversationUpdater conversationViewModel]	
106503a38	106503a3f	decompiled	chunks/007/functions-000478.c	-[SCChatConversationUpdater setConversationViewModel:]	
106503a40	106503a4b	decompiled	chunks/007/functions-000478.c	-[SCChatConversationUpdater activeConversationData]	
106503a4c	106503a53	decompiled	chunks/007/functions-000478.c	-[SCChatConversationUpdater setActiveConversationData:]	
106503a54	106503a5b	decompiled	chunks/007/functions-000478.c	-[SCChatConversationUpdater lastUpdateTime]	
106503a5c	106503a63	decompiled	chunks/007/functions-000478.c	-[SCChatConversationUpdater setLastUpdateTime:]	
106503a64	106503a6b	decompiled	chunks/007/functions-000478.c	-[SCChatConversationUpdater numberOfMessagesFromLastUpdate]	
106503a6c	106503a73	decompiled	chunks/007/functions-000478.c	-[SCChatConversationUpdater setNumberOfMessagesFromLastUpdate:]	
106503a74	106503a7f	decompiled	chunks/007/functions-000478.c	-[SCChatConversationUpdater configuration]	
106503a80	106503a87	decompiled	chunks/007/functions-000478.c	-[SCChatConversationUpdater setConfiguration:]	
106503a88	106503a93	decompiled	chunks/007/functions-000478.c	-[SCChatConversationUpdater metricsTracker]	
106503a94	106503a9b	decompiled	chunks/007/functions-000478.c	-[SCChatConversationUpdater setMetricsTracker:]	
106503a9c	106503aa7	decompiled	chunks/007/functions-000478.c	-[SCChatConversationUpdater locationContextTimezoneInfo]	
106503aa8	106503aaf	decompiled	chunks/007/functions-000478.c	-[SCChatConversationUpdater setLocationContextTimezoneInfo:]	
106503ab0	106503abb	decompiled	chunks/007/functions-000478.c	-[SCChatConversationUpdater locationContextHeaderLocation]	
106503abc	106503ac3	decompiled	chunks/007/functions-000479.c	-[SCChatConversationUpdater setLocationContextHeaderLocation:]	
106503ac4	106503acb	decompiled	chunks/007/functions-000479.c	-[SCChatConversationUpdater locationContextHeaderTimestamp]	
106503acc	106503ad3	decompiled	chunks/007/functions-000479.c	-[SCChatConversationUpdater setLocationContextHeaderTimestamp:]	
106503ad4	106503adf	decompiled	chunks/007/functions-000479.c	-[SCChatConversationUpdater locationContextHeaderApplicableUserIds]	
106503ae0	106503ae7	decompiled	chunks/007/functions-000479.c	-[SCChatConversationUpdater setLocationContextHeaderApplicableUserIds:]	
106503ae8	106503af3	decompiled	chunks/007/functions-000479.c	-[SCChatConversationUpdater actionmojiSelfieId]	
106503af4	106503afb	decompiled	chunks/007/functions-000479.c	-[SCChatConversationUpdater setActionmojiSelfieId:]	
106503afc	106503b07	decompiled	chunks/007/functions-000479.c	-[SCChatConversationUpdater isEligibleForLocationUpsellBanner]	
106503b08	106503b0f	decompiled	chunks/007/functions-000479.c	-[SCChatConversationUpdater setIsEligibleForLocationUpsellBanner:]	
106503b10	106503b1b	decompiled	chunks/007/functions-000479.c	-[SCChatConversationUpdater isEligibleForArrivalNotifUpsellBanner]	
106503b1c	106503b23	decompiled	chunks/007/functions-000479.c	-[SCChatConversationUpdater setIsEligibleForArrivalNotifUpsellBanner:]	
106503b24	106503b2f	decompiled	chunks/007/functions-000479.c	-[SCChatConversationUpdater isSubscribedToMerlinBio]	
106503b30	106503b37	decompiled	chunks/007/functions-000479.c	-[SCChatConversationUpdater setIsSubscribedToMerlinBio:]	
106503b38	106503b43	decompiled	chunks/007/functions-000479.c	-[SCChatConversationUpdater friendshipFlashbacksDataModel]	
106503b44	106503b4b	decompiled	chunks/007/functions-000479.c	-[SCChatConversationUpdater setFriendshipFlashbacksDataModel:]	
106503b4c	106503b57	decompiled	chunks/007/functions-000479.c	-[SCChatConversationUpdater campaignPublicUserStorySummaryInfo]	
106503b58	106503b5f	decompiled	chunks/007/functions-000479.c	-[SCChatConversationUpdater setCampaignPublicUserStorySummaryInfo:]	
106503b60	106503b6b	decompiled	chunks/007/functions-000479.c	-[SCChatConversationUpdater addToGroupCardState]	
106503b6c	106503b73	decompiled	chunks/007/functions-000479.c	-[SCChatConversationUpdater setAddToGroupCardState:]	
106503b74	106503b7f	decompiled	chunks/007/functions-000479.c	-[SCChatConversationUpdater friendSaturnStatus]	
106503b80	106503b87	decompiled	chunks/007/functions-000479.c	-[SCChatConversationUpdater setFriendSaturnStatus:]	
106503b88	106503b93	decompiled	chunks/007/functions-000479.c	-[SCChatConversationUpdater friendSaturnUserId]	
106503b94	106503b9b	decompiled	chunks/007/functions-000479.c	-[SCChatConversationUpdater setFriendSaturnUserId:]	
106503b9c	106503f4f	decompiled	chunks/007/functions-000479.c	-[SCChatConversationUpdater .cxx_destruct]	
106503f50	10650401b	decompiled	chunks/007/functions-000479.c	-[SCChatPushLogger initWithGrapheneLogger:performer:startupInfoService:]	
10650401c	1065040eb	decompiled	chunks/007/functions-000479.c	-[SCChatPushLogger initWithGrapheneLogger:startupInfoService:]	
1065040ec	1065041bb	decompiled	chunks/007/functions-000479.c	-[SCChatPushLogger logUserEnteredThroughPushForMessageId:isGroup:notificationCreationDate:isInAppNotification:]	
1065041bc	106504233	decompiled	chunks/007/functions-000479.c		
106504234	1065042eb	decompiled	chunks/007/functions-000479.c	-[SCChatPushLogger didConversationViewModelChange:metricsTracker:]	
1065042ec	1065043ff	decompiled	chunks/007/functions-000479.c		
106504400	106504447	decompiled	chunks/007/functions-000479.c		
106504448	1065044d7	decompiled	chunks/007/functions-000479.c	-[SCChatPushLogger clearNotificationLogging]	
1065044d8	1065044f7	decompiled	chunks/007/functions-000479.c		
1065044f8	1065045bb	decompiled	chunks/007/functions-000479.c	-[SCChatPushLogger _logFirstRenderWithMessageFound:currentTime:]	
1065045bc	106504677	decompiled	chunks/007/functions-000479.c	-[SCChatPushLogger _logContentMetricWithSuccess:currentTime:]	
106504678	106504797	decompiled	chunks/007/functions-000479.c	-[SCChatPushLogger _logMetric:withDuration:]	
106504798	1065047eb	decompiled	chunks/007/functions-000479.c	-[SCChatPushLogger .cxx_destruct]	
1065047ec	106504893	decompiled	chunks/007/functions-000479.c	-[SCChatMessageReleaserTimerInfo initWithConversationId:conversationViewModel:]	
106504894	10650489b	decompiled	chunks/007/functions-000479.c	-[SCChatMessageReleaserTimerInfo conversationId]	
10650489c	1065048a3	decompiled	chunks/007/functions-000479.c	-[SCChatMessageReleaserTimerInfo conversationViewModel]	
1065048a4	1065048d3	decompiled	chunks/007/functions-000479.c	-[SCChatMessageReleaserTimerInfo .cxx_destruct]	
1065048d4	106504a07	decompiled	chunks/007/functions-000479.c	-[SCChatMessageReleaser initWithActionHandler:messagingExperimentService:]	
106504a08	106504a63	decompiled	chunks/007/functions-000479.c		
106504a64	106504b27	decompiled	chunks/007/functions-000479.c	-[SCChatMessageReleaser allowMessageReleasing]	
106504b28	106504b2f	decompiled	chunks/007/functions-000479.c	-[SCChatMessageReleaser blockMessageReleasing]	
106504b30	106504b37	decompiled	chunks/007/functions-000479.c	-[SCChatMessageReleaser setChatPageSource:]	
106504b38	106504b43	decompiled	chunks/007/functions-000479.c	-[SCChatMessageReleaser viewDidSwipeIn]	
106504b44	106504b83	decompiled	chunks/007/functions-000479.c	-[SCChatMessageReleaser viewDidSwipeOut]	
106504b84	106504b87	decompiled	chunks/007/functions-000479.c	-[SCChatMessageReleaser viewDidFullyDisappear]	
106504b88	106504b93	decompiled	chunks/007/functions-000479.c	-[SCChatMessageReleaser viewDidFullyAppear]	
106504b94	106504bbb	decompiled	chunks/007/functions-000479.c	-[SCChatMessageReleaser viewWillResignActive]	
106504bbc	106504bbf	decompiled	chunks/007/functions-000479.c	-[SCChatMessageReleaser viewDidBecomeActive]	
106504bc0	106504c43	decompiled	chunks/007/functions-000479.c	-[SCChatMessageReleaser didConversationViewModelChange:metricsTracker:]	
106504c44	106504dfb	decompiled	chunks/007/functions-000479.c	-[SCChatMessageReleaser _shouldViewModelUpdateTriggerRelease:]	
106504dfc	106504eff	decompiled	chunks/007/functions-000479.c	-[SCChatMessageReleaser _didViewModelsChangeForConversation]	
106504f00	106504f9f	decompiled	chunks/007/functions-000479.c	-[SCChatMessageReleaser markMessagesAsReadUpToMessageId:]	
106504fa0	10650501f	decompiled	chunks/007/functions-000479.c	-[SCChatMessageReleaser _shouldOpenToFirstUnread]	
106505020	10650509b	decompiled	chunks/007/functions-000479.c	-[SCChatMessageReleaser _advanceLatestSeenForFeedViewedSnaps]	
10650509c	1065051f7	decompiled	chunks/007/functions-000479.c	-[SCChatMessageReleaser _endCurrentChatSession]	
1065051f8	1065052af	decompiled	chunks/007/functions-000479.c	-[SCChatMessageReleaser _scheduleReleaseMessageTimerForConversationId:conversationViewModel:]	
1065052b0	106505393	decompiled	chunks/007/functions-000479.c	-[SCChatMessageReleaser _markMessagesAsReadForTimer:]	
106505394	106505423	decompiled	chunks/007/functions-000479.c	-[SCChatMessageReleaser _markMessagesAsReadForConversationId:chatPageSource:conversationViewModel:]	
106505424	106505517	decompiled	chunks/007/functions-000479.c	-[SCChatMessageReleaser _markMessagesAsReadUpToMessageId:conversationId:chatPageSource:conversationViewModel:]	
106505518	10650559f	decompiled	chunks/007/functions-000479.c	-[SCChatMessageReleaser _resetStatesIfNecessaryFromBackground:]	
1065055a0	10650569b	decompiled	chunks/007/functions-000479.c	-[SCChatMessageReleaser _cancelDelayedMarkMessagesAsRead]	
10650569c	106505703	decompiled	chunks/007/functions-000479.c	-[SCChatMessageReleaser .cxx_destruct]	
106505704	106505c93	decompiled	chunks/007/functions-000479.c	-[SCChatScopeEntryPoint begin]	
106505c94	106505cd3	decompiled	chunks/007/functions-000479.c		
106505cd4	106505d0f	decompiled	chunks/007/functions-000479.c	-[SCChatScopeEntryPoint end]	
106505d10	10650861f	decompiled	chunks/007/functions-000479.c	-[SCChatScopeEntryPoint _modalChatRootViewController]	
106508620	1065086c7	decompiled	chunks/007/functions-000479.c		
1065086c8	1065087e3	decompiled	chunks/007/functions-000479.c		
1065087e4	10650887b	decompiled	chunks/007/functions-000479.c		
10650887c	106508907	decompiled	chunks/007/functions-000479.c		
106508908	10650898f	decompiled	chunks/007/functions-000479.c		
106508990	106508b37	decompiled	chunks/007/functions-000479.c	-[SCChatScopeEntryPoint _valdiContextCreator:]	
106508b38	106508b3f	decompiled	chunks/007/functions-000479.c		
106508b40	106508b87	decompiled	chunks/007/functions-000479.c	-[SCChatScopeEntryPoint _creatorSubscriptionsInfoProvider]	
106508b88	1065092db	decompiled	chunks/007/functions-000479.c	-[SCChatScopeEntryPoint .cxx_destruct]	
1065092dc	1065094ab	decompiled	chunks/007/functions-000479.c	-[SCChatScopeRouter initWithBlockedExceptionAlertScopeExposer:blockedExceptionAlertScopeServices:groupChatNonFriendWarningAlertScopeServices:modalChatRootViewController:uiContainer:unreadMessageAlertScopeExposer:unreadMessageAlertScopeServices:lifecycleLogger:contextualNotificationTriggerEvents:]	
1065094ac	10650969b	decompiled	chunks/007/functions-000479.c	-[SCChatScopeRouter beginChatSessionWithIntent:restoreContainer:delegate:]	
10650969c	1065096a3	decompiled	chunks/007/functions-000479.c	-[SCChatScopeRouter didFinishPresentingChat]	
1065096a4	10650974b	decompiled	chunks/007/functions-000479.c	-[SCChatScopeRouter _modalChatViewControllerWithDelegate:]	
10650974c	1065097bb	decompiled	chunks/007/functions-000479.c	-[SCChatScopeRouter _willPresentDialog]	
1065097bc	10650981b	decompiled	chunks/007/functions-000479.c	-[SCChatScopeRouter _finishPreChatDialogPresentationAndRestoreContainer]	
10650981c	10650981f	decompiled	chunks/007/functions-000479.c	-[SCChatScopeRouter restoreInteractivePresentationAfterPreChatDismissal]	
106509820	1065098cf	decompiled	chunks/007/functions-000479.c	-[SCChatScopeRouter beginBlockedExceptionPromptWorkflowWithGroupId:delegate:]	
1065098d0	106509917	decompiled	chunks/007/functions-000479.c	-[SCChatScopeRouter endBlockedExceptionAlertScope]	
106509918	1065099bf	decompiled	chunks/007/functions-000479.c	-[SCChatScopeRouter beginGroupChatNonFriendWarningPromptWorkflowWithGroup:nonFriendUserIds:delegate:]	
1065099c0	1065099cf	decompiled	chunks/007/functions-000479.c	-[SCChatScopeRouter endGroupChatNonFriendWarningAlertScope]	
1065099d0	106509a5b	decompiled	chunks/007/functions-000479.c	-[SCChatScopeRouter beginUnreadMessageAlertWorkflowForSnapchatter:didErrorOccur:delegate:]	
106509a5c	106509aa3	decompiled	chunks/007/functions-000479.c	-[SCChatScopeRouter endUnreadMessageAlertScope]	
106509aa4	106509b3f	decompiled	chunks/007/functions-000479.c	-[SCChatScopeRouter .cxx_destruct]	
106509b40	106509dff	decompiled	chunks/007/functions-000479.c	-[SCChatScopeWorkflow initWithChatScope:router:snapchatterServices:circumstanceEngine:groupsDataFetcher:userId:delegate:nativeSessionManager:chatEligibilityProvider:groupChatNonFriendWarningServices:userBlizzardServices:]	
106509e00	106509f2f	decompiled	chunks/007/functions-000479.c	-[SCChatScopeWorkflow beginWorkflow]	
106509f30	106509f77	decompiled	chunks/007/functions-000479.c		
106509f78	10650a04b	decompiled	chunks/007/functions-000479.c	-[SCChatScopeWorkflow _handleIntent:]	
10650a04c	10650a1e3	decompiled	chunks/007/functions-000479.c	-[SCChatScopeWorkflow _beginChatSessionForIntent:]	
10650a1e4	10650a1ff	decompiled	chunks/007/functions-000479.c		
10650a200	10650a2fb	decompiled	chunks/007/functions-000479.c		
10650a2fc	10650a42f	decompiled	chunks/007/functions-000480.c	-[SCChatScopeWorkflow _beginGroupChatNonFriendWarningWorkflowIfNeededForGroup:]	
10650a430	10650a513	decompiled	chunks/007/functions-000480.c	-[SCChatScopeWorkflow _logGroupChatEnterQualifyingGroupForGroup:nonFriendCount:]	
10650a514	10650a6c7	decompiled	chunks/007/functions-000480.c	-[SCChatScopeWorkflow _beginNFMWorkflowForUserId:intent:]	
10650a6c8	10650a73b	decompiled	chunks/007/functions-000480.c		
10650a73c	10650a82f	decompiled	chunks/007/functions-000480.c	-[SCChatScopeWorkflow _onGetSnapchatter:intent:]	
10650a830	10650aa5f	decompiled	chunks/007/functions-000480.c	-[SCChatScopeWorkflow _getHasUnreadMessageForSnapchatter:intent:]	
10650aa60	10650ab2b	decompiled	chunks/007/functions-000480.c		
10650ab2c	10650ab63	decompiled	chunks/007/functions-000480.c		
10650ab64	10650ac07	decompiled	chunks/007/functions-000480.c		
10650ac08	10650ac3b	decompiled	chunks/007/functions-000480.c		
10650ac3c	10650ac67	decompiled	chunks/007/functions-000480.c	-[SCChatScopeWorkflow _onGetHasUnreadMessageSuccessWithHasUnreadMessages:snapchatter:intent:]	
10650ac68	10650ac77	decompiled	chunks/007/functions-000480.c	-[SCChatScopeWorkflow _onGetHasUnreadMessageFailureForSnapchatter:]	
10650ac78	10650ac7f	decompiled	chunks/007/functions-000480.c	-[SCChatScopeWorkflow modalChatViewControllerDidAppear:]	
10650ac80	10650acd3	decompiled	chunks/007/functions-000480.c	-[SCChatScopeWorkflow modalChatViewControllerDidDisappear:]	
10650acd4	10650ad97	decompiled	chunks/007/functions-000480.c	-[SCChatScopeWorkflow didGrantBlockExceptionForGroupId:]	
10650ad98	10650ade7	decompiled	chunks/007/functions-000480.c	-[SCChatScopeWorkflow blockedExceptionAlertScopeDidDismiss:]	
10650ade8	10650ae1b	decompiled	chunks/007/functions-000480.c	-[SCChatScopeWorkflow didGrantNonFriendWarningForGroupId:]	
10650ae1c	10650ae5f	decompiled	chunks/007/functions-000480.c	-[SCChatScopeWorkflow nonFriendWarningAlertScopeDidDismiss:]	
10650ae60	10650ae93	decompiled	chunks/007/functions-000480.c	-[SCChatScopeWorkflow didConfirmEnterChatWithSnapchatter:]	
10650ae94	10650aedf	decompiled	chunks/007/functions-000480.c	-[SCChatScopeWorkflow didDismissUnreadMessageAlertScope:]	
10650aee0	10650afa7	decompiled	chunks/007/functions-000480.c	-[SCChatScopeWorkflow .cxx_destruct]	
10650afa8	10650b0a7	decompiled	chunks/007/functions-000480.c	-[SCMessageRenderingPluginEntryPoint begin]	
10650b0a8	10650b0e7	decompiled	chunks/007/functions-000480.c		
10650b0e8	10650b35b	decompiled	chunks/007/functions-000480.c	-[SCMessageRenderingPluginEntryPoint _messageTypeRenderingPluginManager]	
10650b35c	10650b46b	decompiled	chunks/007/functions-000480.c		
10650b46c	10650b483	decompiled	chunks/007/functions-000480.c		
10650b484	10650b557	decompiled	chunks/007/functions-000480.c		
10650b558	10650b5f3	decompiled	chunks/007/functions-000480.c	-[SCMessageRenderingPluginEntryPoint .cxx_destruct]	
10650b5f4	10650b7ff	decompiled	chunks/007/functions-000480.c	-[SCChatTextLabel init]	
10650b800	10650b8cb	decompiled	chunks/007/functions-000480.c	-[SCChatTextLabel rerenderWithBoundingSize:]	
10650b8cc	10650b9c3	decompiled	chunks/007/functions-000480.c	-[SCChatTextLabel setViewModel:]	
10650b9c4	10650ba5f	decompiled	chunks/007/functions-000480.c	-[SCChatTextLabel mentionAtCharacterIndex:]	
10650ba60	10650bab3	decompiled	chunks/007/functions-000480.c	-[SCChatTextLabel mentionAtPoint:]	
10650bab4	10650bb4f	decompiled	chunks/007/functions-000480.c	-[SCChatTextLabel mediaCardAtCharacterIndex:]	
10650bb50	10650bba3	decompiled	chunks/007/functions-000480.c	-[SCChatTextLabel mediaCardAtPoint:]	
10650bba4	10650bc57	decompiled	chunks/007/functions-000480.c	-[SCChatTextLabel gestureRecognizer:shouldReceiveTouch:]	
10650bc58	10650bd1b	decompiled	chunks/007/functions-000480.c	-[SCChatTextLabel onTextTapped:]	
10650bd1c	10650bd83	decompiled	chunks/007/functions-000480.c	-[SCChatTextLabel resetWithOriginalSettings]	
10650bd84	10650beeb	decompiled	chunks/007/functions-000480.c	-[SCChatTextLabel traitCollectionDidChange:]	
10650beec	10650befb	decompiled	chunks/007/functions-000480.c	+[SCChatTextLabel linkColor]	
10650befc	10650bf0b	decompiled	chunks/007/functions-000480.c	+[SCChatTextLabel selectedLinkColor]	
10650bf0c	10650bf2b	decompiled	chunks/007/functions-000480.c	-[SCChatTextLabel mentionSelectedDelegate]	
10650bf2c	10650bf3f	decompiled	chunks/007/functions-000480.c	-[SCChatTextLabel setMentionSelectedDelegate:]	
10650bf40	10650bf5f	decompiled	chunks/007/functions-000480.c	-[SCChatTextLabel mediaCardSelectedDelegate]	
10650bf60	10650bf73	decompiled	chunks/007/functions-000480.c	-[SCChatTextLabel setMediaCardSelectedDelegate:]	
