address	end_address	status	pseudocode_file	runtime_label	error
105120108	10512010f	decompiled	chunks/000/functions-000060.c	-[SCChangePWTakeoverRouter takeoverVC]	
105120110	10512013f	decompiled	chunks/000/functions-000060.c	-[SCChangePWTakeoverRouter setTakeoverVC:]	
105120140	105120157	decompiled	chunks/000/functions-000060.c	-[SCChangePWTakeoverRouter delegate]	
105120158	105120163	decompiled	chunks/000/functions-000060.c	-[SCChangePWTakeoverRouter setDelegate:]	
105120164	10512016b	decompiled	chunks/000/functions-000060.c	-[SCChangePWTakeoverRouter navController]	
10512016c	10512019b	decompiled	chunks/000/functions-000060.c	-[SCChangePWTakeoverRouter setNavController:]	
10512019c	1051201a3	decompiled	chunks/000/functions-000060.c	-[SCChangePWTakeoverRouter navContainer]	
1051201a4	1051201d3	decompiled	chunks/000/functions-000060.c	-[SCChangePWTakeoverRouter setNavContainer:]	
1051201d4	105120253	decompiled	chunks/000/functions-000060.c	-[SCChangePWTakeoverRouter .cxx_destruct]	
105120254	10512035b	decompiled	chunks/000/functions-000060.c	-[SCChangePWTakeoverWorkflow initWithUIContainer:lazyBlizzardUserLogger:lazyGrapheneRegistry:changePasswordScopeExposer:passwordSettingsScopeServices:delegate:resourceDownloader:]	
10512035c	105120363	decompiled	chunks/000/functions-000060.c	-[SCChangePWTakeoverWorkflow launch]	
105120364	10512036b	decompiled	chunks/000/functions-000060.c	-[SCChangePWTakeoverWorkflow dismiss]	
10512036c	10512039b	decompiled	chunks/000/functions-000060.c	-[SCChangePWTakeoverWorkflow routerShouldDismissModal]	
10512039c	1051203a3	decompiled	chunks/000/functions-000060.c	-[SCChangePWTakeoverWorkflow router]	
1051203a4	1051203d3	decompiled	chunks/000/functions-000060.c	-[SCChangePWTakeoverWorkflow setRouter:]	
1051203d4	1051203eb	decompiled	chunks/000/functions-000060.c	-[SCChangePWTakeoverWorkflow delegate]	
1051203ec	1051203f7	decompiled	chunks/000/functions-000060.c	-[SCChangePWTakeoverWorkflow setDelegate:]	
1051203f8	105120423	decompiled	chunks/000/functions-000060.c	-[SCChangePWTakeoverWorkflow .cxx_destruct]	
105120424	10512064f	decompiled	chunks/000/functions-000060.c	-[SCChangeCompromisedPasswordEntryPoint begin]	
105120650	105120673	decompiled	chunks/000/functions-000060.c		
105120674	1051206cb	decompiled	chunks/000/functions-000060.c	-[SCChangeCompromisedPasswordEntryPoint end]	
1051206cc	105120747	decompiled	chunks/000/functions-000060.c	-[SCChangeCompromisedPasswordEntryPoint .cxx_destruct]	
105120748	105120847	decompiled	chunks/000/functions-000060.c	-[SCChangeCompromisedPasswordTakeoverEntryPoint begin]	
105120848	10512088f	decompiled	chunks/000/functions-000060.c	-[SCChangeCompromisedPasswordTakeoverEntryPoint .cxx_destruct]	
105120890	10512095b	decompiled	chunks/000/functions-000060.c	-[SCChangeCompromisedPasswordTakeoverProvider initWithChangeCompromisedPasswordScopeExposer:fstCampaignDataProvider:additionalMetricsData:]	
10512095c	1051209a3	decompiled	chunks/000/functions-000060.c	-[SCChangeCompromisedPasswordTakeoverProvider canShowCampaign:]	
1051209a4	105120a5f	decompiled	chunks/000/functions-000060.c	-[SCChangeCompromisedPasswordTakeoverProvider showCampaign:uiContainer:onComplete:]	
105120a60	105120aaf	decompiled	chunks/000/functions-000060.c	-[SCChangeCompromisedPasswordTakeoverProvider takeoverCompleted]	
105120ab0	105120af7	decompiled	chunks/000/functions-000060.c	-[SCChangeCompromisedPasswordTakeoverProvider .cxx_destruct]	
105120af8	105120bb7	decompiled	chunks/000/functions-000060.c	-[SCChangePWTakeoverViewController initWithDelegate:resourceDownloader:]	
105120bb8	10512253f	decompiled	chunks/000/functions-000060.c	-[SCChangePWTakeoverViewController _setupViews]	
105122540	10512256b	decompiled	chunks/000/functions-000060.c		
10512256c	105122613	decompiled	chunks/000/functions-000060.c		
105122614	105122647	decompiled	chunks/000/functions-000060.c		
105122648	105122707	decompiled	chunks/000/functions-000060.c	-[SCChangePWTakeoverViewController _updateRingLayerStyle]	
105122708	10512284b	decompiled	chunks/000/functions-000060.c	-[SCChangePWTakeoverViewController _handleBoltIconFetched:]	
10512284c	10512287b	decompiled	chunks/000/functions-000060.c	-[SCChangePWTakeoverViewController _didTapDismissButton]	
10512287c	1051228ab	decompiled	chunks/000/functions-000060.c	-[SCChangePWTakeoverViewController _didTapChangePasswordButton]	
1051228ac	105122943	decompiled	chunks/000/functions-000060.c	-[SCChangePWTakeoverViewController traitCollectionDidChange:]	
105122944	105122953	decompiled	chunks/000/functions-000060.c	-[SCChangePWTakeoverViewController resourceDownloader]	
105122954	105122993	decompiled	chunks/000/functions-000060.c	-[SCChangePWTakeoverViewController setResourceDownloader:]	
105122994	1051229a3	decompiled	chunks/000/functions-000060.c	-[SCChangePWTakeoverViewController imgShieldIcon]	
1051229a4	1051229e3	decompiled	chunks/000/functions-000060.c	-[SCChangePWTakeoverViewController setImgShieldIcon:]	
1051229e4	1051229f3	decompiled	chunks/000/functions-000060.c	-[SCChangePWTakeoverViewController ringLayer]	
1051229f4	105122a33	decompiled	chunks/000/functions-000060.c	-[SCChangePWTakeoverViewController setRingLayer:]	
105122a34	105122a43	decompiled	chunks/000/functions-000060.c	-[SCChangePWTakeoverViewController ringView]	
105122a44	105122a83	decompiled	chunks/000/functions-000060.c	-[SCChangePWTakeoverViewController setRingView:]	
105122a84	105122a93	decompiled	chunks/000/functions-000060.c	-[SCChangePWTakeoverViewController lblTitle]	
105122a94	105122ad3	decompiled	chunks/000/functions-000060.c	-[SCChangePWTakeoverViewController setLblTitle:]	
105122ad4	105122ae3	decompiled	chunks/000/functions-000060.c	-[SCChangePWTakeoverViewController lblSubtitle]	
105122ae4	105122b23	decompiled	chunks/000/functions-000060.c	-[SCChangePWTakeoverViewController setLblSubtitle:]	
105122b24	105122b33	decompiled	chunks/000/functions-000060.c	-[SCChangePWTakeoverViewController btnTopCTA]	
105122b34	105122b73	decompiled	chunks/000/functions-000060.c	-[SCChangePWTakeoverViewController setBtnTopCTA:]	
105122b74	105122b83	decompiled	chunks/000/functions-000060.c	-[SCChangePWTakeoverViewController btnBottomDismiss]	
105122b84	105122bc3	decompiled	chunks/000/functions-000060.c	-[SCChangePWTakeoverViewController setBtnBottomDismiss:]	
105122bc4	105122be3	decompiled	chunks/000/functions-000060.c	-[SCChangePWTakeoverViewController delegate]	
105122be4	105122bf7	decompiled	chunks/000/functions-000060.c	-[SCChangePWTakeoverViewController setDelegate:]	
105122bf8	105122ca3	decompiled	chunks/000/functions-000060.c	-[SCChangePWTakeoverViewController .cxx_destruct]	
105122ca4	105122d03	decompiled	chunks/000/functions-000060.c		
105122d04	105122d2f	decompiled	chunks/000/functions-000060.c	+[SCGrapheneTakeoverMetric takeoverLaunched]	
105122d30	105122d5b	decompiled	chunks/000/functions-000060.c	+[SCGrapheneTakeoverMetric simpleTakeoverAccept]	
105122d5c	105122d87	decompiled	chunks/000/functions-000060.c	+[SCGrapheneTakeoverMetric simpleTakeoverDecline]	
105122d88	105122e27	decompiled	chunks/000/functions-000060.c	-[SCGrapheneTakeoverMetric description]	
105122e28	105122f7f	decompiled	chunks/000/functions-000060.c	-[SCGrapheneRegistry takeoverGraphene]	
105122f80	10512301b	decompiled	chunks/000/functions-000060.c	-[SCChangeCompromisedPasswordScope initWithUIContainer:delegate:]	
10512301c	105123023	decompiled	chunks/000/functions-000060.c	-[SCChangeCompromisedPasswordScope uiContainer]	
105123024	10512303b	decompiled	chunks/000/functions-000060.c	-[SCChangeCompromisedPasswordScope delegate]	
10512303c	105123067	decompiled	chunks/000/functions-000060.c	-[SCChangeCompromisedPasswordScope .cxx_destruct]	
105123068	10512315b	decompiled	chunks/000/functions-000060.c		
10512315c	1051231d3	decompiled	chunks/000/functions-000060.c		
1051231d4	1051233b7	decompiled	chunks/000/functions-000060.c	-[SCCommunicationChannelEnrollmentTakeoverRouter initWithUIContainer:delegate:userInfoServices:lazyBlizzardUserLogger:lazyGrapheneRegistry:emailSettingsScopeExposer:mobileSettingsScopeExposer:mobileSettingsScopeServices:valdiRuntimeProvider:performerProvider:]	
1051233b8	1051234e7	decompiled	chunks/000/functions-000060.c	-[SCCommunicationChannelEnrollmentTakeoverRouter presentTakeoverModal]	
1051234e8	1051234f3	decompiled	chunks/000/functions-000060.c	-[SCCommunicationChannelEnrollmentTakeoverRouter dismissTakeoverModal]	
1051234f4	1051235cf	decompiled	chunks/000/functions-000060.c	-[SCCommunicationChannelEnrollmentTakeoverRouter emailSettingsDidComplete]	
1051235d0	1051236ab	decompiled	chunks/000/functions-000060.c	-[SCCommunicationChannelEnrollmentTakeoverRouter mobileSettingsDidComplete]	
1051236ac	10512371f	decompiled	chunks/000/functions-000060.c	-[SCCommunicationChannelEnrollmentTakeoverRouter _updatePhoneClicked]	
105123720	105123793	decompiled	chunks/000/functions-000060.c	-[SCCommunicationChannelEnrollmentTakeoverRouter _updateEmailClicked]	
105123794	1051237c7	decompiled	chunks/000/functions-000060.c	-[SCCommunicationChannelEnrollmentTakeoverRouter _cancelClicked]	
1051237c8	1051237fb	decompiled	chunks/000/functions-000060.c	-[SCCommunicationChannelEnrollmentTakeoverRouter _backgroundTapped]	
1051237fc	105123acf	decompiled	chunks/000/functions-000060.c	-[SCCommunicationChannelEnrollmentTakeoverRouter createTakeoverView]	
105123ad0	105123aef	decompiled	chunks/000/functions-000060.c		
105123af0	105123bb7	decompiled	chunks/000/functions-000060.c	-[SCCommunicationChannelEnrollmentTakeoverRouter .cxx_destruct]	
105123bb8	105123d03	decompiled	chunks/000/functions-000060.c	-[SCCommunicationChannelEnrollmentTakeoverWorkflow initWithUIContainer:delegate:userInfoServices:lazyBlizzardUserLogger:lazyGrapheneRegistry:emailSettingsScopeExposer:mobileSettingsScopeExposer:mobileSettingsScopeServices:valdiRuntimeProvider:performerProvider:]	
105123d04	105123d0b	decompiled	chunks/000/functions-000060.c	-[SCCommunicationChannelEnrollmentTakeoverWorkflow launch]	
105123d0c	105123d13	decompiled	chunks/000/functions-000060.c	-[SCCommunicationChannelEnrollmentTakeoverWorkflow dismiss]	
105123d14	105123d4b	decompiled	chunks/000/functions-000060.c	-[SCCommunicationChannelEnrollmentTakeoverWorkflow routerShouldDismissModal:]	
105123d4c	105123d53	decompiled	chunks/000/functions-000060.c	-[SCCommunicationChannelEnrollmentTakeoverWorkflow router]	
105123d54	105123d83	decompiled	chunks/000/functions-000060.c	-[SCCommunicationChannelEnrollmentTakeoverWorkflow setRouter:]	
105123d84	105123d9b	decompiled	chunks/000/functions-000060.c	-[SCCommunicationChannelEnrollmentTakeoverWorkflow delegate]	
105123d9c	105123da7	decompiled	chunks/000/functions-000060.c	-[SCCommunicationChannelEnrollmentTakeoverWorkflow setDelegate:]	
105123da8	105123dd3	decompiled	chunks/000/functions-000060.c	-[SCCommunicationChannelEnrollmentTakeoverWorkflow .cxx_destruct]	
105123dd4	105123ddf	decompiled	chunks/000/functions-000060.c	-[SCFeatureSettingsService hasCommunicationChannelEnrollmentTakeoverTimestampSeconds]	
105123de0	105123deb	decompiled	chunks/000/functions-000060.c	-[SCFeatureSettingsService lastCommunicationChannelEnrollmentTakeoverTimestampSecondsServerParam]	
105123dec	105123dfb	decompiled	chunks/000/functions-000060.c	-[SCFeatureSettingsService setLastCommunicationChannelEnrollmentTakeoverTimestampSeconds:]	
105123dfc	105123e03	decompiled	chunks/000/functions-000060.c	-[SCFeatureSettingsService CC_ENROLLMENT_TAKEOVER_LAST_SEEN_TIMESTAMP_SECONDS_client_value:]	
105123e04	105123e0b	decompiled	chunks/000/functions-000060.c	-[SCFeatureSettingsService CC_ENROLLMENT_TAKEOVER_LAST_SEEN_TIMESTAMP_SECONDS_server_value:]	
105123e0c	105123e1b	decompiled	chunks/000/functions-000060.c	-[SCFeatureSettingsService lastCommunicationChannelEnrollmentTakeoverTimestampSeconds]	
105123e1c	105123e27	decompiled	chunks/000/functions-000060.c	-[SCFeatureSettingsService hasCommunicationChannelEnrollmentTakeoverDismissCount]	
105123e28	105123e33	decompiled	chunks/000/functions-000060.c	-[SCFeatureSettingsService lastCommunicationChannelEnrollmentTakeoverDismissCountServerParam]	
105123e34	105123e43	decompiled	chunks/000/functions-000060.c	-[SCFeatureSettingsService setLastCommunicationChannelEnrollmentTakeoverDismissCount:]	
105123e44	105123e4b	decompiled	chunks/000/functions-000061.c	-[SCFeatureSettingsService CC_ENROLLMENT_TAKEOVER_SKIP_COUNT_client_value:]	
105123e4c	105123e53	decompiled	chunks/000/functions-000061.c	-[SCFeatureSettingsService CC_ENROLLMENT_TAKEOVER_SKIP_COUNT_server_value:]	
105123e54	105123e63	decompiled	chunks/000/functions-000061.c	-[SCFeatureSettingsService lastCommunicationChannelEnrollmentTakeoverDismissCount]	
105123e64	1051240f7	decompiled	chunks/000/functions-000061.c	-[SCCommunicationChannelEnrollmentTakeoverEntryPoint begin]	
1051240f8	10512411b	decompiled	chunks/000/functions-000061.c		
10512411c	105124173	decompiled	chunks/000/functions-000061.c	-[SCCommunicationChannelEnrollmentTakeoverEntryPoint end]	
105124174	105124217	decompiled	chunks/000/functions-000061.c	-[SCCommunicationChannelEnrollmentTakeoverEntryPoint .cxx_destruct]	
105124218	1051243cb	decompiled	chunks/000/functions-000061.c	-[SCCommunicationChannelEnrollmentTakeoverPluginEntryPoint begin]	
1051243cc	105124437	decompiled	chunks/000/functions-000061.c	-[SCCommunicationChannelEnrollmentTakeoverPluginEntryPoint .cxx_destruct]	
105124438	10512458b	decompiled	chunks/000/functions-000061.c	-[SCCommunicationChannelEnrollmentTakeoverProvider initWithFeatureSettingsService:fstCampaignDataProvider:additionalMetricsData:userInfoServices:communicationChannelEnrollmentTakeoverScopeExposer:circumstanceEngine:]	
10512458c	105124607	decompiled	chunks/000/functions-000061.c	-[SCCommunicationChannelEnrollmentTakeoverProvider canShowCampaign:]	
105124608	1051246cb	decompiled	chunks/000/functions-000061.c	-[SCCommunicationChannelEnrollmentTakeoverProvider showCampaign:uiContainer:onComplete:]	
1051246cc	10512470f	decompiled	chunks/000/functions-000061.c	-[SCCommunicationChannelEnrollmentTakeoverProvider takeoverCompleted:]	
105124710	105124797	decompiled	chunks/000/functions-000061.c	-[SCCommunicationChannelEnrollmentTakeoverProvider _logSeenTimestamp]	
105124798	1051249e3	decompiled	chunks/000/functions-000061.c	-[SCCommunicationChannelEnrollmentTakeoverProvider _eligibleForTakeover]	
1051249e4	105124a4f	decompiled	chunks/000/functions-000061.c	-[SCCommunicationChannelEnrollmentTakeoverProvider .cxx_destruct]	
105124a50	105124a5b	decompiled	chunks/000/functions-000061.c	+[SCCAuthTakeoverView componentPath]	
105124a5c	105124a8f	decompiled	chunks/000/functions-000061.c	-[SCCAuthTakeoverView initWithViewModel:componentContext:runtime:]	
105124a90	105124adf	decompiled	chunks/000/functions-000061.c	-[SCCAuthTakeoverView setViewModel:]	
105124ae0	105124b23	decompiled	chunks/000/functions-000061.c	-[SCCAuthTakeoverView viewModel]	
105124b24	105124bc3	decompiled	chunks/000/functions-000061.c	-[SCAuthTakeoverType__Enum init]	
105124bc4	105124cb7	decompiled	chunks/000/functions-000061.c	-[SCCAuthTakeoverContext initWithUpdatePhoneClicked:updateEmailClicked:cancelClicked:backgroundTapped:]	
105124cb8	105124ccf	decompiled	chunks/000/functions-000061.c	+[SCCAuthTakeoverContext valdiMarshallableObjectDescriptor]	
105124cd0	105124d13	decompiled	chunks/000/functions-000061.c	-[SCCAuthTakeoverViewModel initWithEmail:phoneNumber:authTakeoverType:]	
105124d14	105124d33	decompiled	chunks/000/functions-000061.c	+[SCCAuthTakeoverViewModel valdiMarshallableObjectDescriptor]	
105124d34	105124dcf	decompiled	chunks/000/functions-000061.c	-[SCCommunicationChannelEnrollmentTakeoverScope initWithUIContainer:delegate:]	
105124dd0	105124dd7	decompiled	chunks/000/functions-000061.c	-[SCCommunicationChannelEnrollmentTakeoverScope uiContainer]	
105124dd8	105124def	decompiled	chunks/000/functions-000061.c	-[SCCommunicationChannelEnrollmentTakeoverScope delegate]	
105124df0	105124e1b	decompiled	chunks/000/functions-000061.c	-[SCCommunicationChannelEnrollmentTakeoverScope .cxx_destruct]	
105124e1c	105124e83	decompiled	chunks/000/functions-000061.c	+[CCEnrollmentTakeoverCofConfig descriptor]	
105124e84	105124e8f	decompiled	chunks/000/functions-000061.c	-[SCFeatureSettingsService hasUserReachabilityTakeoverTimestampSeconds]	
105124e90	105124e9b	decompiled	chunks/000/functions-000061.c	-[SCFeatureSettingsService lastUserReachabilityTakeoverTimestampSecondsServerParam]	
105124e9c	105124eab	decompiled	chunks/000/functions-000061.c	-[SCFeatureSettingsService setLastUserReachabilityTakeoverTimestampSeconds:]	
105124eac	105124eb3	decompiled	chunks/000/functions-000061.c	-[SCFeatureSettingsService USER_REACHABILITY_TAKEOVER_LAST_SEEN_TIMESTAMP_SECONDS_client_value:]	
105124eb4	105124ebb	decompiled	chunks/000/functions-000061.c	-[SCFeatureSettingsService USER_REACHABILITY_TAKEOVER_LAST_SEEN_TIMESTAMP_SECONDS_server_value:]	
105124ebc	105124ecb	decompiled	chunks/000/functions-000061.c	-[SCFeatureSettingsService lastUserReachabilityTakeoverTimestampSeconds]	
105124ecc	10512513f	decompiled	chunks/000/functions-000061.c	-[SCUserReachabilityTakeoverRouter initWithUIContainer:delegate:userInfoServices:lazyBlizzardUserLogger:lazyGrapheneRegistry:resourceDownloader:emailSettingsScopeExposer:mobileSettingsScopeExposer:mobileSettingsScopeServices:performerProvider:]	
105125140	1051251a7	decompiled	chunks/000/functions-000061.c	-[SCUserReachabilityTakeoverRouter presentTakeoverModal]	
1051251a8	1051251db	decompiled	chunks/000/functions-000061.c	-[SCUserReachabilityTakeoverRouter dismissTakeoverModal]	
1051251dc	105125217	decompiled	chunks/000/functions-000061.c	-[SCUserReachabilityTakeoverRouter didBackgroundTapDismiss]	
105125218	105125253	decompiled	chunks/000/functions-000061.c	-[SCUserReachabilityTakeoverRouter didTapLooksGoodButton]	
105125254	10512533f	decompiled	chunks/000/functions-000061.c	-[SCUserReachabilityTakeoverRouter didTapChangeEmail]	
105125340	10512543f	decompiled	chunks/000/functions-000061.c	-[SCUserReachabilityTakeoverRouter didTapChangePhone]	
105125440	1051254cf	decompiled	chunks/000/functions-000061.c	-[SCUserReachabilityTakeoverRouter emailSettingsDidComplete]	
1051254d0	10512555f	decompiled	chunks/000/functions-000061.c	-[SCUserReachabilityTakeoverRouter mobileSettingsDidComplete]	
105125560	1051255ff	decompiled	chunks/000/functions-000061.c	-[SCUserReachabilityTakeoverRouter _refreshView]	
105125600	105125703	decompiled	chunks/000/functions-000061.c	-[SCUserReachabilityTakeoverRouter _logPageImpression]	
105125704	105125813	decompiled	chunks/000/functions-000061.c	-[SCUserReachabilityTakeoverRouter _logEmailButtonTapped]	
105125814	105125923	decompiled	chunks/000/functions-000061.c	-[SCUserReachabilityTakeoverRouter _logPhoneButtonTapped]	
105125924	105125a27	decompiled	chunks/000/functions-000061.c	-[SCUserReachabilityTakeoverRouter _logLooksGoodButtonTapped]	
105125a28	105125b2b	decompiled	chunks/000/functions-000061.c	-[SCUserReachabilityTakeoverRouter _logDismissWithBackgroundTap]	
105125b2c	105125b33	decompiled	chunks/000/functions-000061.c	-[SCUserReachabilityTakeoverRouter lazyBlizzardUserLogger]	
105125b34	105125b63	decompiled	chunks/000/functions-000061.c	-[SCUserReachabilityTakeoverRouter setLazyBlizzardUserLogger:]	
105125b64	105125b6b	decompiled	chunks/000/functions-000061.c	-[SCUserReachabilityTakeoverRouter lazyGrapheneRegistry]	
105125b6c	105125b9b	decompiled	chunks/000/functions-000061.c	-[SCUserReachabilityTakeoverRouter setLazyGrapheneRegistry:]	
105125b9c	105125ba3	decompiled	chunks/000/functions-000061.c	-[SCUserReachabilityTakeoverRouter uiContainer]	
105125ba4	105125bd3	decompiled	chunks/000/functions-000061.c	-[SCUserReachabilityTakeoverRouter setUiContainer:]	
105125bd4	105125bdb	decompiled	chunks/000/functions-000061.c	-[SCUserReachabilityTakeoverRouter emailSettingsScopeExposer]	
105125bdc	105125c0b	decompiled	chunks/000/functions-000061.c	-[SCUserReachabilityTakeoverRouter setEmailSettingsScopeExposer:]	
105125c0c	105125c13	decompiled	chunks/000/functions-000061.c	-[SCUserReachabilityTakeoverRouter mobileSettingsScopeExposer]	
105125c14	105125c43	decompiled	chunks/000/functions-000061.c	-[SCUserReachabilityTakeoverRouter setMobileSettingsScopeExposer:]	
105125c44	105125c4b	decompiled	chunks/000/functions-000061.c	-[SCUserReachabilityTakeoverRouter mobileSettingsScopeServices]	
105125c4c	105125c7b	decompiled	chunks/000/functions-000061.c	-[SCUserReachabilityTakeoverRouter setMobileSettingsScopeServices:]	
105125c7c	105125c83	decompiled	chunks/000/functions-000061.c	-[SCUserReachabilityTakeoverRouter userInfoServices]	
105125c84	105125cb3	decompiled	chunks/000/functions-000061.c	-[SCUserReachabilityTakeoverRouter setUserInfoServices:]	
105125cb4	105125cbb	decompiled	chunks/000/functions-000061.c	-[SCUserReachabilityTakeoverRouter navController]	
105125cbc	105125ceb	decompiled	chunks/000/functions-000061.c	-[SCUserReachabilityTakeoverRouter setNavController:]	
105125cec	105125cf3	decompiled	chunks/000/functions-000061.c	-[SCUserReachabilityTakeoverRouter navContainer]	
105125cf4	105125d23	decompiled	chunks/000/functions-000061.c	-[SCUserReachabilityTakeoverRouter setNavContainer:]	
105125d24	105125d3b	decompiled	chunks/000/functions-000061.c	-[SCUserReachabilityTakeoverRouter delegate]	
105125d3c	105125d47	decompiled	chunks/000/functions-000061.c	-[SCUserReachabilityTakeoverRouter setDelegate:]	
105125d48	105125d4f	decompiled	chunks/000/functions-000061.c	-[SCUserReachabilityTakeoverRouter modalVC]	
105125d50	105125d7f	decompiled	chunks/000/functions-000061.c	-[SCUserReachabilityTakeoverRouter setModalVC:]	
105125d80	105125e17	decompiled	chunks/000/functions-000061.c	-[SCUserReachabilityTakeoverRouter .cxx_destruct]	
105125e18	105125f63	decompiled	chunks/000/functions-000061.c	-[SCUserReachabilityTakeoverWorkflow initWithUIContainer:delegate:userInfoServices:lazyBlizzardUserLogger:lazyGrapheneRegistry:resourceDownloader:emailSettingsScopeExposer:mobileSettingsScopeExposer:mobileSettingsScopeServices:performerProvider:]	
105125f64	105125f6b	decompiled	chunks/000/functions-000061.c	-[SCUserReachabilityTakeoverWorkflow launch]	
105125f6c	105125f73	decompiled	chunks/000/functions-000061.c	-[SCUserReachabilityTakeoverWorkflow dismiss]	
105125f74	105125fa3	decompiled	chunks/000/functions-000061.c	-[SCUserReachabilityTakeoverWorkflow routerShouldDismissModal]	
105125fa4	105125fab	decompiled	chunks/000/functions-000061.c	-[SCUserReachabilityTakeoverWorkflow router]	
105125fac	105125fdb	decompiled	chunks/000/functions-000061.c	-[SCUserReachabilityTakeoverWorkflow setRouter:]	
105125fdc	105125ff3	decompiled	chunks/000/functions-000061.c	-[SCUserReachabilityTakeoverWorkflow delegate]	
105125ff4	105125fff	decompiled	chunks/000/functions-000061.c	-[SCUserReachabilityTakeoverWorkflow setDelegate:]	
105126000	10512602b	decompiled	chunks/000/functions-000061.c	-[SCUserReachabilityTakeoverWorkflow .cxx_destruct]	
10512602c	1051262cf	decompiled	chunks/000/functions-000061.c	-[SCUserReachabilityTakeoverEntryPoint begin]	
1051262d0	1051262f3	decompiled	chunks/000/functions-000061.c		
1051262f4	10512634b	decompiled	chunks/000/functions-000061.c	-[SCUserReachabilityTakeoverEntryPoint end]	
10512634c	1051263ef	decompiled	chunks/000/functions-000061.c	-[SCUserReachabilityTakeoverEntryPoint .cxx_destruct]	
1051263f0	10512654b	decompiled	chunks/000/functions-000061.c	-[SCUserReachabilityTakeoverPluginEntryPoint begin]	
10512654c	10512659f	decompiled	chunks/000/functions-000061.c	-[SCUserReachabilityTakeoverPluginEntryPoint .cxx_destruct]	
1051265a0	10512669b	decompiled	chunks/000/functions-000061.c	-[SCUserReachabilityTakeoverProvider initWithFeatureSettingsService:fstCampaignDataProvider:additionalMetricsData:userReachabilityScopeExposer:]	
10512669c	1051266e3	decompiled	chunks/000/functions-000061.c	-[SCUserReachabilityTakeoverProvider canShowCampaign:]	
1051266e4	1051267a7	decompiled	chunks/000/functions-000061.c	-[SCUserReachabilityTakeoverProvider showCampaign:uiContainer:onComplete:]	
1051267a8	1051267eb	decompiled	chunks/000/functions-000061.c	-[SCUserReachabilityTakeoverProvider takeoverCompleted]	
1051267ec	105126873	decompiled	chunks/000/functions-000061.c	-[SCUserReachabilityTakeoverProvider _logSeenTimestamp]	
105126874	1051268c7	decompiled	chunks/000/functions-000061.c	-[SCUserReachabilityTakeoverProvider .cxx_destruct]	
1051268c8	1051269af	decompiled	chunks/000/functions-000061.c	-[SCUserReachabilityViewController initWithDelegate:resourceDownloader:performerProvider:]	
1051269b0	105126a67	decompiled	chunks/000/functions-000061.c	-[SCUserReachabilityViewController viewDidLayoutSubviews]	
105126a68	105126eb7	decompiled	chunks/000/functions-000061.c	-[SCUserReachabilityViewController populateWithPhoneNumberProvider:emailProvider:]	
105126eb8	105126f0f	decompiled	chunks/000/functions-000061.c	-[SCUserReachabilityViewController gestureRecognizer:shouldReceiveTouch:]	
105126f10	105126f6f	decompiled	chunks/000/functions-000061.c	-[SCUserReachabilityViewController cardTransitionShouldBeginWithView:touchLocation:]	
105126f70	105126f73	decompiled	chunks/000/functions-000062.c	-[SCUserReachabilityViewController cardToExpandTransition]	
105126f74	105126ffb	decompiled	chunks/000/functions-000062.c	-[SCUserReachabilityViewController cardTransitionWillBeginWithView:]	
105126ffc	105128f3f	decompiled	chunks/000/functions-000062.c	-[SCUserReachabilityViewController _setupViews]	
105128f40	105128f6b	decompiled	chunks/000/functions-000062.c		
105128f6c	1051292a7	decompiled	chunks/000/functions-000062.c	-[SCUserReachabilityViewController _populateBoltAssets]	
1051292a8	1051295cb	decompiled	chunks/000/functions-000062.c		
1051295cc	1051296bb	decompiled	chunks/000/functions-000062.c	-[SCUserReachabilityViewController _vendCell]	
1051296bc	1051296eb	decompiled	chunks/000/functions-000062.c	-[SCUserReachabilityViewController _didTapLooksGoodButton:]	
1051296ec	10512971b	decompiled	chunks/000/functions-000062.c	-[SCUserReachabilityViewController _didTapOutside]	
10512971c	10512974b	decompiled	chunks/000/functions-000062.c	-[SCUserReachabilityViewController _didTapPhoneNumber]	
10512974c	10512977b	decompiled	chunks/000/functions-000062.c	-[SCUserReachabilityViewController _didTapEmailAddress]	
10512977c	10512978b	decompiled	chunks/000/functions-000062.c	-[SCUserReachabilityViewController resourceDownloader]	
10512978c	1051297cb	decompiled	chunks/000/functions-000062.c	-[SCUserReachabilityViewController setResourceDownloader:]	
1051297cc	1051297db	decompiled	chunks/000/functions-000062.c	-[SCUserReachabilityViewController containerView]	
1051297dc	10512981b	decompiled	chunks/000/functions-000062.c	-[SCUserReachabilityViewController setContainerView:]	
10512981c	10512982b	decompiled	chunks/000/functions-000062.c	-[SCUserReachabilityViewController headingImage]	
10512982c	10512986b	decompiled	chunks/000/functions-000062.c	-[SCUserReachabilityViewController setHeadingImage:]	
10512986c	10512987b	decompiled	chunks/000/functions-000062.c	-[SCUserReachabilityViewController lblTitle]	
10512987c	1051298bb	decompiled	chunks/000/functions-000062.c	-[SCUserReachabilityViewController setLblTitle:]	
1051298bc	1051298cb	decompiled	chunks/000/functions-000062.c	-[SCUserReachabilityViewController lblBody]	
1051298cc	10512990b	decompiled	chunks/000/functions-000062.c	-[SCUserReachabilityViewController setLblBody:]	
10512990c	10512991b	decompiled	chunks/000/functions-000062.c	-[SCUserReachabilityViewController commsContainer]	
10512991c	10512995b	decompiled	chunks/000/functions-000062.c	-[SCUserReachabilityViewController setCommsContainer:]	
10512995c	10512996b	decompiled	chunks/000/functions-000062.c	-[SCUserReachabilityViewController commsStack]	
10512996c	1051299ab	decompiled	chunks/000/functions-000062.c	-[SCUserReachabilityViewController setCommsStack:]	
1051299ac	1051299bb	decompiled	chunks/000/functions-000062.c	-[SCUserReachabilityViewController emailCell]	
1051299bc	1051299fb	decompiled	chunks/000/functions-000062.c	-[SCUserReachabilityViewController setEmailCell:]	
1051299fc	105129a0b	decompiled	chunks/000/functions-000062.c	-[SCUserReachabilityViewController phoneCell]	
105129a0c	105129a4b	decompiled	chunks/000/functions-000062.c	-[SCUserReachabilityViewController setPhoneCell:]	
105129a4c	105129a5b	decompiled	chunks/000/functions-000062.c	-[SCUserReachabilityViewController dismissButton]	
105129a5c	105129a9b	decompiled	chunks/000/functions-000062.c	-[SCUserReachabilityViewController setDismissButton:]	
105129a9c	105129aab	decompiled	chunks/000/functions-000062.c	-[SCUserReachabilityViewController cardTransition]	
105129aac	105129aeb	decompiled	chunks/000/functions-000062.c	-[SCUserReachabilityViewController setCardTransition:]	
105129aec	105129b0b	decompiled	chunks/000/functions-000062.c	-[SCUserReachabilityViewController delegate]	
105129b0c	105129b1f	decompiled	chunks/000/functions-000062.c	-[SCUserReachabilityViewController setDelegate:]	
105129b20	105129b2f	decompiled	chunks/000/functions-000062.c	-[SCUserReachabilityViewController performerProvider]	
105129b30	105129b6f	decompiled	chunks/000/functions-000062.c	-[SCUserReachabilityViewController setPerformerProvider:]	
105129b70	105129c5b	decompiled	chunks/000/functions-000062.c	-[SCUserReachabilityViewController .cxx_destruct]	
105129c5c	105129d03	decompiled	chunks/000/functions-000062.c		
105129d04	105129d2f	decompiled	chunks/000/functions-000062.c	+[SCGrapheneReachabilityTakeoverMetric takeoverViewed]	
105129d30	105129d5b	decompiled	chunks/000/functions-000062.c	+[SCGrapheneReachabilityTakeoverMetric emailTap]	
105129d5c	105129d87	decompiled	chunks/000/functions-000062.c	+[SCGrapheneReachabilityTakeoverMetric phoneTap]	
105129d88	105129db3	decompiled	chunks/000/functions-000062.c	+[SCGrapheneReachabilityTakeoverMetric looksGoodTap]	
105129db4	105129ddf	decompiled	chunks/000/functions-000062.c	+[SCGrapheneReachabilityTakeoverMetric backgroundDismiss]	
105129de0	105129e7f	decompiled	chunks/000/functions-000062.c	-[SCGrapheneReachabilityTakeoverMetric description]	
105129e80	105129feb	decompiled	chunks/000/functions-000062.c	-[SCGrapheneRegistry reachabilityTakeoverGraphene]	
105129fec	10512a087	decompiled	chunks/000/functions-000062.c	-[SCUserReachabilityTakeoverScope initWithUIContainer:delegate:]	
10512a088	10512a08f	decompiled	chunks/000/functions-000062.c	-[SCUserReachabilityTakeoverScope uiContainer]	
10512a090	10512a0a7	decompiled	chunks/000/functions-000062.c	-[SCUserReachabilityTakeoverScope delegate]	
10512a0a8	10512a0d3	decompiled	chunks/000/functions-000062.c	-[SCUserReachabilityTakeoverScope .cxx_destruct]	
10512a0d4	10512a253	decompiled	chunks/000/functions-000062.c	-[SCSelectionNewGroupErrorHandlerImp newGroupAlertWithNonMutualFriends:uiContainer:]	
10512a254	10512a263	decompiled	chunks/000/functions-000062.c		
10512a264	10512a3bf	decompiled	chunks/000/functions-000062.c	-[SCSelectionNewGroupErrorHandlerImp newGroupAlertFilterOutNonMutualFriends:uiContainer:]	
10512a3c0	10512a3cf	decompiled	chunks/000/functions-000062.c		
10512a3d0	10512a547	decompiled	chunks/000/functions-000062.c	-[SCSelectionNewGroupErrorHandlerImp newGroupAlertWithNonUsers:uiContainer:]	
10512a548	10512a557	decompiled	chunks/000/functions-000062.c		
10512a558	10512a5cf	decompiled	chunks/000/functions-000062.c	-[SCSelectionNewGroupErrorHandlerImp newGroupAlreadyExistingMessage]	
10512a5d0	10512a647	decompiled	chunks/000/functions-000062.c	-[SCSelectionNewGroupErrorHandlerImp cannotEditGroupNameMessage]	
10512a648	10512a793	decompiled	chunks/000/functions-000062.c	-[SCSelectionNewGroupWorkflow initWithUiContainer:recipientPickerScopeExposer:recipientPickerScopeServices:newGroupDelegate:workflowDelegate:source:]	
10512a794	10512a97b	decompiled	chunks/000/functions-000062.c	-[SCSelectionNewGroupWorkflow beginNewGroupCreationWithSelectedItems:]	
10512a97c	10512aa3f	decompiled	chunks/000/functions-000062.c		
10512aa40	10512aa67	decompiled	chunks/000/functions-000062.c		
10512aa68	10512ac27	decompiled	chunks/000/functions-000062.c	-[SCSelectionNewGroupWorkflow didConfirmWithSelectedItems:title:uiContainer:]	
10512ac28	10512aca3	decompiled	chunks/000/functions-000062.c		
10512aca4	10512ad1f	decompiled	chunks/000/functions-000062.c	-[SCSelectionNewGroupWorkflow didDismissWithSelectedItems:title:]	
10512ad20	10512ad7b	decompiled	chunks/000/functions-000062.c	-[SCSelectionNewGroupWorkflow .cxx_destruct]	
10512ad7c	10512af97	decompiled	chunks/000/functions-000062.c	-[SCSelectionNewGroupCreatorEntryPoint begin]	
10512af98	10512afd7	decompiled	chunks/000/functions-000062.c		
10512afd8	10512b1c3	decompiled	chunks/000/functions-000062.c	-[SCSelectionNewGroupCreatorEntryPoint _createNewGroupCreator]	
10512b1c4	10512b263	decompiled	chunks/000/functions-000062.c	-[SCSelectionNewGroupCreatorEntryPoint .cxx_destruct]	
10512b264	10512b4cf	decompiled	chunks/000/functions-000062.c	-[SCSendToActionSheetController initWithUIContainer:providers:sendToTracker:]	
10512b4d0	10512b607	decompiled	chunks/000/functions-000062.c		
10512b608	10512b67b	decompiled	chunks/000/functions-000062.c		
10512b67c	10512b693	decompiled	chunks/000/functions-000062.c	-[SCSendToActionSheetController dismissPresenterWithCompletion:]	
10512b694	10512b89b	decompiled	chunks/000/functions-000062.c	-[SCSendToActionSheetController presentAlertDialogWithTitle:text:acceptActionTitle:cancelActionTitle:onAccept:onCancel:]	
10512b89c	10512b903	decompiled	chunks/000/functions-000062.c		
10512b904	10512b9cf	decompiled	chunks/000/functions-000062.c	-[SCSendToActionSheetController _presentActionSheet]	
10512b9d0	10512b9ef	decompiled	chunks/000/functions-000062.c	-[SCSendToActionSheetController _activeActionSheetProviders]	
10512b9f0	10512b9f7	decompiled	chunks/000/functions-000062.c		
10512b9f8	10512bae7	decompiled	chunks/000/functions-000062.c	-[SCSendToActionSheetController _navigationActionSheetForProviders:]	
10512bae8	10512baf7	decompiled	chunks/000/functions-000062.c		
10512baf8	10512bb7b	decompiled	chunks/000/functions-000062.c	-[SCSendToActionSheetController _providerAvailabilityDidChange]	
10512bb7c	10512bb83	decompiled	chunks/000/functions-000062.c		
10512bb84	10512bc0f	decompiled	chunks/000/functions-000062.c	-[SCSendToActionSheetController _didEmitSendToEvent:]	
10512bc10	10512bc17	decompiled	chunks/000/functions-000062.c		
10512bc18	10512bc6b	decompiled	chunks/000/functions-000062.c	-[SCSendToActionSheetController .cxx_destruct]	
10512bc6c	10512bd6b	decompiled	chunks/000/functions-000062.c	-[SCSendToActionSheetEntryPoint begin]	
10512bd6c	10512bec3	decompiled	chunks/000/functions-000062.c		
10512bec4	10512bee7	decompiled	chunks/000/functions-000062.c		
10512bee8	10512bf2f	decompiled	chunks/000/functions-000062.c		
10512bf30	10512c02f	decompiled	chunks/000/functions-000062.c	-[SCSendToActionSheetEntryPoint _didRegisterActionSheetProviders:]	
10512c030	10512c07b	decompiled	chunks/000/functions-000062.c	-[SCSendToActionSheetEntryPoint .cxx_destruct]	
10512c07c	10512c093	decompiled	chunks/000/functions-000062.c		
10512c094	10512c213	decompiled	chunks/000/functions-000062.c	-[SCSendToEducationActionHandler handleActionWithSender:actionModel:fromSourceView:]	
10512c214	10512c243	decompiled	chunks/000/functions-000062.c	-[SCSendToEducationActionHandler setContainer:]	
10512c244	10512c25b	decompiled	chunks/000/functions-000062.c	-[SCSendToEducationActionHandler delegate]	
10512c25c	10512c267	decompiled	chunks/000/functions-000062.c	-[SCSendToEducationActionHandler setDelegate:]	
10512c268	10512c293	decompiled	chunks/000/functions-000062.c	-[SCSendToEducationActionHandler .cxx_destruct]	
10512c294	10512c3e3	decompiled	chunks/000/functions-000062.c	-[SCSendToEducationCollectionViewCell initWithFrame:]	
10512c3e4	10512c57b	decompiled	chunks/000/functions-000062.c	-[SCSendToEducationCollectionViewCell setViewModel:]	
10512c57c	10512c6a3	decompiled	chunks/000/functions-000063.c	+[SCSendToEducationCollectionViewCell sizeWithViewModel:constrainedToSize:]	
10512c6a4	10512c7d7	decompiled	chunks/000/functions-000063.c	-[SCSendToEducationCollectionViewCell _makeButtonWithImage:viewModel:]	
10512c7d8	10512c9c3	decompiled	chunks/000/functions-000063.c		
10512c9c4	10512ca4f	decompiled	chunks/000/functions-000063.c	-[SCSendToEducationCollectionViewCell _makeLeadingIcon:]	
10512ca50	10512cbc7	decompiled	chunks/000/functions-000063.c		
10512cbc8	10512cccb	decompiled	chunks/000/functions-000063.c	-[SCSendToEducationCollectionViewCell _setTrailingIcon:]	
10512cccc	10512ccdb	decompiled	chunks/000/functions-000063.c		
10512ccdc	10512ce3f	decompiled	chunks/000/functions-000063.c		
10512ce40	10512ce93	decompiled	chunks/000/functions-000063.c		
10512ce94	10512d013	decompiled	chunks/000/functions-000063.c	-[SCSendToEducationCollectionViewCell _setLeadingIcon:]	
10512d014	10512d05b	decompiled	chunks/000/functions-000063.c		
10512d05c	10512d093	decompiled	chunks/000/functions-000063.c	-[SCSendToEducationCollectionViewCell _singleTapGestureRecognizer]	
10512d094	10512d13f	decompiled	chunks/000/functions-000063.c	-[SCSendToEducationCollectionViewCell _didSingleTap:]	
10512d140	10512d207	decompiled	chunks/000/functions-000063.c	-[SCSendToEducationCollectionViewCell _didTapCell]	
10512d208	10512d217	decompiled	chunks/000/functions-000063.c	-[SCSendToEducationCollectionViewCell viewModel]	
10512d218	10512d227	decompiled	chunks/000/functions-000063.c	-[SCSendToEducationCollectionViewCell actionHandler]	
10512d228	10512d267	decompiled	chunks/000/functions-000063.c	-[SCSendToEducationCollectionViewCell setActionHandler:]	
10512d268	10512d277	decompiled	chunks/000/functions-000063.c	-[SCSendToEducationCollectionViewCell resourceDownloader]	
10512d278	10512d2b7	decompiled	chunks/000/functions-000063.c	-[SCSendToEducationCollectionViewCell setResourceDownloader:]	
10512d2b8	10512d2c7	decompiled	chunks/000/functions-000063.c	-[SCSendToEducationCollectionViewCell dataProvider]	
10512d2c8	10512d307	decompiled	chunks/000/functions-000063.c	-[SCSendToEducationCollectionViewCell setDataProvider:]	
10512d308	10512d3a7	decompiled	chunks/000/functions-000063.c	-[SCSendToEducationCollectionViewCell .cxx_destruct]	
10512d3a8	10512d547	decompiled	chunks/000/functions-000063.c	-[SCSendToEducationEntryPoint begin]	
10512d548	10512d597	decompiled	chunks/000/functions-000063.c	-[SCSendToEducationEntryPoint .cxx_destruct]	
10512d598	10512d693	decompiled	chunks/000/functions-000063.c	-[SCSendToEducationExtension initWithActionHandler:configuration:resourceDownloader:sendToExperimentConfiguration:]	
10512d694	10512d703	decompiled	chunks/000/functions-000063.c	-[SCSendToEducationExtension sectionIdentifiers]	
10512d704	10512d737	decompiled	chunks/000/functions-000063.c	-[SCSendToEducationExtension sectionCreator]	
10512d738	10512d73f	decompiled	chunks/000/functions-000063.c	-[SCSendToEducationExtension sectionDescriptor]	
10512d740	10512d747	decompiled	chunks/000/functions-000063.c	-[SCSendToEducationExtension sectionLoggingParser]	
10512d748	10512d78f	decompiled	chunks/000/functions-000063.c	-[SCSendToEducationExtension .cxx_destruct]	
10512d790	10512d8b3	decompiled	chunks/000/functions-000063.c	-[SCSendToEducationSearchSectionCreator initWithSectionIdentifier:configuration:actionHandler:resourceDownloader:sendToExperimentConfiguration:]	
10512d8b4	10512db57	decompiled	chunks/000/functions-000063.c	-[SCSendToEducationSearchSectionCreator sectionForDescriptor:]	
10512db58	10512dbab	decompiled	chunks/000/functions-000063.c	-[SCSendToEducationSearchSectionCreator .cxx_destruct]	
10512dbac	10512dca7	decompiled	chunks/000/functions-000063.c	-[SCSendToEducationSectionCreator initWithActionHandler:configuration:resourceDownloader:sendToExperimentConfiguration:]	
10512dca8	10512dcf3	decompiled	chunks/000/functions-000063.c	-[SCSendToEducationSectionCreator sectionCreatorWithActionHandler:sendToTracker:uiContainer:]	
10512dcf4	10512dd3b	decompiled	chunks/000/functions-000063.c	-[SCSendToEducationSectionCreator .cxx_destruct]	
10512dd3c	10512dd47	decompiled	chunks/000/functions-000063.c	+[SCSendToEducationSectionDataProvider announcerIdentifier]	
10512dd48	10512dd4f	decompiled	chunks/000/functions-000063.c	-[SCSendToEducationSectionDataProvider addListener:]	
10512dd50	10512dd57	decompiled	chunks/000/functions-000063.c	-[SCSendToEducationSectionDataProvider removeListener:]	
10512dd58	10512de17	decompiled	chunks/000/functions-000063.c	-[SCSendToEducationSectionDataProvider initWithViewModel:resourceDownloader:]	
10512de18	10512de27	decompiled	chunks/000/functions-000063.c	-[SCSendToEducationSectionDataProvider numberOfItemsInSection:]	
10512de28	10512de9f	decompiled	chunks/000/functions-000063.c	-[SCSendToEducationSectionDataProvider containerCellViewModelsForIndexPaths:]	
10512dea0	10512df1f	decompiled	chunks/000/functions-000063.c	-[SCSendToEducationSectionDataProvider contentCellClassesByReuseIdentifier]	
10512df20	10512e08f	decompiled	chunks/000/functions-000063.c	-[SCSendToEducationSectionDataProvider configurationBlocksByReuseIdentifier]	
10512e090	10512e0e3	decompiled	chunks/000/functions-000063.c	-[SCSendToEducationSectionDataProvider setSectionDataModel:]	
10512e0e4	10512e10f	decompiled	chunks/000/functions-000063.c	-[SCSendToEducationSectionDataProvider sendToEducationPopupDidDisplay]	
10512e110	10512e167	decompiled	chunks/000/functions-000063.c	-[SCSendToEducationSectionDataProvider sendToEducationPopupDidDismiss]	
10512e168	10512e1af	decompiled	chunks/000/functions-000063.c	-[SCSendToEducationSectionDataProvider sendToEducationPopupTrailingImageTapped:]	
10512e1b0	10512e1f7	decompiled	chunks/000/functions-000063.c	-[SCSendToEducationSectionDataProvider sendToEducationPopupCellTapped:]	
10512e1f8	10512e20f	decompiled	chunks/000/functions-000063.c	-[SCSendToEducationSectionDataProvider dataProviderDelegate]	
10512e210	10512e21b	decompiled	chunks/000/functions-000063.c	-[SCSendToEducationSectionDataProvider setDataProviderDelegate:]	
10512e21c	10512e223	decompiled	chunks/000/functions-000063.c	-[SCSendToEducationSectionDataProvider sectionDataModel]	
10512e224	10512e22b	decompiled	chunks/000/functions-000063.c	-[SCSendToEducationSectionDataProvider updateQueuePerformer]	
10512e22c	10512e25b	decompiled	chunks/000/functions-000063.c	-[SCSendToEducationSectionDataProvider setUpdateQueuePerformer:]	
10512e25c	10512e273	decompiled	chunks/000/functions-000063.c	-[SCSendToEducationSectionDataProvider delegate]	
10512e274	10512e27f	decompiled	chunks/000/functions-000063.c	-[SCSendToEducationSectionDataProvider setDelegate:]	
10512e280	10512e2e3	decompiled	chunks/000/functions-000063.c	-[SCSendToEducationSectionDataProvider .cxx_destruct]	
10512e2e4	10512e493	decompiled	chunks/000/functions-000063.c	-[SCSendToEducationCellViewModel initWithTitle:subtitle:leadingIcon:trailingIcon:trailingIconTapAction:trailingIconColor:cellTapAction:shouldShrinkCellHeight:groupingStyle:]	
10512e494	10512e4b7	decompiled	chunks/000/functions-000063.c	-[SCSendToEducationCellViewModel copyWithZone:]	
10512e4b8	10512e573	decompiled	chunks/000/functions-000063.c	-[SCSendToEducationCellViewModel hash]	
10512e574	10512e6b3	decompiled	chunks/000/functions-000063.c	-[SCSendToEducationCellViewModel isEqual:]	
10512e6b4	10512e6bb	decompiled	chunks/000/functions-000063.c	-[SCSendToEducationCellViewModel title]	
10512e6bc	10512e6c3	decompiled	chunks/000/functions-000063.c	-[SCSendToEducationCellViewModel subtitle]	
10512e6c4	10512e6cb	decompiled	chunks/000/functions-000063.c	-[SCSendToEducationCellViewModel leadingIcon]	
10512e6cc	10512e6d3	decompiled	chunks/000/functions-000063.c	-[SCSendToEducationCellViewModel trailingIcon]	
10512e6d4	10512e6db	decompiled	chunks/000/functions-000063.c	-[SCSendToEducationCellViewModel trailingIconTapAction]	
10512e6dc	10512e6e3	decompiled	chunks/000/functions-000063.c	-[SCSendToEducationCellViewModel trailingIconColor]	
10512e6e4	10512e6eb	decompiled	chunks/000/functions-000063.c	-[SCSendToEducationCellViewModel cellTapAction]	
10512e6ec	10512e6f3	decompiled	chunks/000/functions-000063.c	-[SCSendToEducationCellViewModel shouldShrinkCellHeight]	
10512e6f4	10512e6fb	decompiled	chunks/000/functions-000063.c	-[SCSendToEducationCellViewModel groupingStyle]	
10512e6fc	10512e767	decompiled	chunks/000/functions-000063.c	-[SCSendToEducationCellViewModel .cxx_destruct]	
10512e768	10512e7db	decompiled	chunks/000/functions-000063.c	-[SCGrapheneCreatePostFlowMetric2 init]	
10512e7dc	10512e853	decompiled	chunks/000/functions-000063.c		
10512e854	10512e9c7	decompiled	chunks/000/functions-000063.c		
10512e9c8	10512ed13	decompiled	chunks/000/functions-000063.c	-[SCSendToScheduleActionSheetController initWithStoryRepository:sendToTracker:circumstanceEngine:snapProUserProfileIdProvider:]	
10512ed14	10512ed87	decompiled	chunks/000/functions-000063.c		
10512ed88	10512edb7	decompiled	chunks/000/functions-000063.c	-[SCSendToScheduleActionSheetController actionSheetType]	
10512edb8	10512eeb7	decompiled	chunks/000/functions-000063.c	-[SCSendToScheduleActionSheetController getNavigationOption]	
10512eeb8	10512ef23	decompiled	chunks/000/functions-000063.c		
10512ef24	10512f007	decompiled	chunks/000/functions-000063.c	-[SCSendToScheduleActionSheetController getActionSheet]	
10512f008	10512f02f	decompiled	chunks/000/functions-000063.c	-[SCSendToScheduleActionSheetController actionSheetAvailabilityObservable]	
10512f030	10512f037	decompiled	chunks/000/functions-000063.c	-[SCSendToScheduleActionSheetController isActionSheetAvailable]	
10512f038	10512f23b	decompiled	chunks/000/functions-000063.c	-[SCSendToScheduleActionSheetController _updateAvailability]	
10512f23c	10512f247	decompiled	chunks/000/functions-000063.c		
10512f248	10512f30b	decompiled	chunks/000/functions-000063.c		
10512f30c	10512f3b7	decompiled	chunks/000/functions-000063.c	-[SCSendToScheduleActionSheetController _updateAvailabilityWithHasEligibleItems:hasIneligibleStoryItems:]	
10512f3b8	10512f58f	decompiled	chunks/000/functions-000063.c	-[SCSendToScheduleActionSheetController _updateUserEligibilityWithSelectionStories:]	
10512f590	10512f5af	decompiled	chunks/000/functions-000063.c		
10512f5b0	10512f84f	decompiled	chunks/000/functions-000063.c	-[SCSendToScheduleActionSheetController _getCellsWithDatePickerEnabled:]	
10512f850	10512f8e7	decompiled	chunks/000/functions-000063.c		
10512f8e8	10512fbcb	decompiled	chunks/000/functions-000063.c	-[SCSendToScheduleActionSheetController _getDatePickerCell]	
10512fbcc	10512fcd7	decompiled	chunks/000/functions-000063.c	-[SCSendToScheduleActionSheetController _getFooterCell]	
10512fcd8	10512fd1f	decompiled	chunks/000/functions-000063.c		
10512fd20	10512fdc7	decompiled	chunks/000/functions-000063.c	-[SCSendToScheduleActionSheetController _updateCellsWithIsSetToSchedule:sender:]	
10512fdc8	10512fe4b	decompiled	chunks/000/functions-000063.c	-[SCSendToScheduleActionSheetController _emitSetScheduleEvent]	
10512fe4c	10512fecb	decompiled	chunks/000/functions-000063.c	-[SCSendToScheduleActionSheetController _dismissActionSheetWithSender:]	
10512fecc	10512ff0b	decompiled	chunks/000/functions-000063.c	-[SCSendToScheduleActionSheetController _didTapDoneWithSender:]	
10512ff0c	10513000b	decompiled	chunks/000/functions-000063.c	-[SCSendToScheduleActionSheetController _presentIneligibleStoryAlertDialogWithOnAccept:onCancel:]	
10513000c	105130067	decompiled	chunks/000/functions-000063.c	-[SCSendToScheduleActionSheetController _unselectSelectionItems:]	
105130068	10513022f	decompiled	chunks/000/functions-000063.c	-[SCSendToScheduleActionSheetController _isSelectionItemEligible:]	
105130230	105130247	decompiled	chunks/001/functions-000064.c	-[SCSendToScheduleActionSheetController delegate]	
105130248	105130253	decompiled	chunks/001/functions-000064.c	-[SCSendToScheduleActionSheetController setDelegate:]	
105130254	1051302bb	decompiled	chunks/001/functions-000064.c	-[SCSendToScheduleActionSheetController .cxx_destruct]	
1051302bc	10513043b	decompiled	chunks/001/functions-000064.c	-[SCSendToScheduleActionSheetEntryPoint begin]	
10513043c	10513049b	decompiled	chunks/001/functions-000064.c	-[SCSendToScheduleActionSheetEntryPoint .cxx_destruct]	
10513049c	105130543	decompiled	chunks/001/functions-000064.c		
105130544	1051308f7	decompiled	chunks/001/functions-000064.c	-[SCSendToSponsorActionSheetController initWithSpotlightRepository:sendToTracker:storyConfiguration:snapProServices:addPaidPartnershipScopeExposer:uiContainer:]	
1051308f8	105130987	decompiled	chunks/001/functions-000064.c		
105130988	1051309b7	decompiled	chunks/001/functions-000064.c	-[SCSendToSponsorActionSheetController actionSheetType]	
1051309b8	1051309bb	decompiled	chunks/001/functions-000064.c	-[SCSendToSponsorActionSheetController getNavigationOption]	
1051309bc	105130ba3	decompiled	chunks/001/functions-000064.c	-[SCSendToSponsorActionSheetController getActionSheet]	
105130ba4	105130bef	decompiled	chunks/001/functions-000064.c		
105130bf0	105130c17	decompiled	chunks/001/functions-000064.c	-[SCSendToSponsorActionSheetController actionSheetAvailabilityObservable]	
105130c18	105130c1f	decompiled	chunks/001/functions-000064.c	-[SCSendToSponsorActionSheetController isActionSheetAvailable]	
105130c20	105130c27	decompiled	chunks/001/functions-000064.c	-[SCSendToSponsorActionSheetController closePage]	
105130c28	105130cc3	decompiled	chunks/001/functions-000064.c	-[SCSendToSponsorActionSheetController selectSponsorWithStatus:profileId:displayName:sponsorableProfile:]	
105130cc4	105130d07	decompiled	chunks/001/functions-000064.c	-[SCSendToSponsorActionSheetController clearSelection]	
105130d08	105130d57	decompiled	chunks/001/functions-000064.c	-[SCSendToSponsorActionSheetController _loadManagedProfiles]	
105130d58	105130eab	decompiled	chunks/001/functions-000064.c	-[SCSendToSponsorActionSheetController _setSpotlight:]	
105130eac	105130ee3	decompiled	chunks/001/functions-000064.c		
105130ee4	105130fe3	decompiled	chunks/001/functions-000064.c	-[SCSendToSponsorActionSheetController _generateV2Option]	
105130fe4	10513109f	decompiled	chunks/001/functions-000064.c		
1051310a0	1051310cb	decompiled	chunks/001/functions-000064.c		
1051310cc	10513128b	decompiled	chunks/001/functions-000064.c	-[SCSendToSponsorActionSheetController _updateSponsorToolEligibilityWithSelectionItems:]	
10513128c	105131333	decompiled	chunks/001/functions-000064.c	-[SCSendToSponsorActionSheetController _updateSponsorToolEligibility]	
105131334	1051313cf	decompiled	chunks/001/functions-000064.c	-[SCSendToSponsorActionSheetController _getCanUseSponsorTool]	
1051313d0	10513145f	decompiled	chunks/001/functions-000064.c	-[SCSendToSponsorActionSheetController _closePageWithCompletion:]	
105131460	1051314f7	decompiled	chunks/001/functions-000064.c	-[SCSendToSponsorActionSheetController _dismissActionSheetWithSender:completion:]	
1051314f8	1051316d7	decompiled	chunks/001/functions-000064.c	-[SCSendToSponsorActionSheetController _openAddPaidPartnershipPage]	
1051316d8	1051316e3	decompiled	chunks/001/functions-000064.c		
1051316e4	105131773	decompiled	chunks/001/functions-000064.c	-[SCSendToSponsorActionSheetController _isAnonymously]	
105131774	10513178b	decompiled	chunks/001/functions-000064.c	-[SCSendToSponsorActionSheetController delegate]	
10513178c	105131797	decompiled	chunks/001/functions-000064.c	-[SCSendToSponsorActionSheetController setDelegate:]	
105131798	1051317ff	decompiled	chunks/001/functions-000064.c	-[SCSendToSponsorActionSheetController .cxx_destruct]	
105131800	1051319a7	decompiled	chunks/001/functions-000064.c	-[SCSendToSponsorActionSheetEntryPoint begin]	
1051319a8	105131a0b	decompiled	chunks/001/functions-000064.c	-[SCSendToSponsorActionSheetEntryPoint .cxx_destruct]	
105131a0c	105131a23	decompiled	chunks/001/functions-000064.c		
105131a24	105131aff	decompiled	chunks/001/functions-000064.c	-[SCAddPaidPartnershipPageScope initWithDelegate:uiContainer:selectedSponsor:hasMusic:isAnonymous:]	
105131b00	105131b17	decompiled	chunks/001/functions-000064.c	-[SCAddPaidPartnershipPageScope delegate]	
105131b18	105131b1f	decompiled	chunks/001/functions-000064.c	-[SCAddPaidPartnershipPageScope uiContainer]	
105131b20	105131b27	decompiled	chunks/001/functions-000064.c	-[SCAddPaidPartnershipPageScope selectedSponsor]	
105131b28	105131b2f	decompiled	chunks/001/functions-000064.c	-[SCAddPaidPartnershipPageScope hasMusic]	
105131b30	105131b37	decompiled	chunks/001/functions-000064.c	-[SCAddPaidPartnershipPageScope isAnonymous]	
105131b38	105131b6f	decompiled	chunks/001/functions-000064.c	-[SCAddPaidPartnershipPageScope .cxx_destruct]	
105131b70	105132387	decompiled	chunks/001/functions-000064.c	-[SCStoryQuickPostEntryPoint begin]	
105132388	1051324ef	decompiled	chunks/001/functions-000064.c	-[SCStoryQuickPostEntryPoint .cxx_destruct]	
1051324f0	105132c0b	decompiled	chunks/001/functions-000064.c	-[SCStoryQuickPostViewController initWithUserSession:onboardingManager:snapchattersDataFetcher:blockedSnapchattersFetcher:customStoriesDataFetcher:customStoriesDataMutator:snapProProfilesProvider:snapProUserProfileIdProvider:configuration:snapProPreferencesManager:circumstanceEngine:complianceEngine:featureSettingsService:myStoriesDataCoordinator:storyPrivacySettingManager:previewLegacyServices:imageDownloader:storyQuickPostScope:webBrowsingScopeExposer:previewTooltipsProvider:notificationManager:ourStoriesOnboardingManager:ourStoriesAttributionManager:storiesBlizzardLogger:quickPostTooltipsService:sendToOnboardingScopeExposer:sendToOnboardingScopeServices:previewABProvider:snapSource:customStoryMenuScopeLauncher:customStoryMenuScopeServices:]	
105132c0c	105132ccb	decompiled	chunks/001/functions-000064.c	-[SCStoryQuickPostViewController _viewFrame]	
105132ccc	105132dfb	decompiled	chunks/001/functions-000064.c	-[SCStoryQuickPostViewController _setupSendConfirmationView]	
105132dfc	105132eb7	decompiled	chunks/001/functions-000064.c	-[SCStoryQuickPostViewController _sendConfirmationFrame]	
105132eb8	10513326f	decompiled	chunks/001/functions-000064.c	-[SCStoryQuickPostViewController _setupStoryQuickPostView]	
105133270	105133617	decompiled	chunks/001/functions-000064.c	-[SCStoryQuickPostViewController _mostRecentCustomStorySelectionWithPostableCustomStories:lastMyStoryPostTimeInterval:]	
105133618	105133663	decompiled	chunks/001/functions-000064.c		
105133664	10513380f	decompiled	chunks/001/functions-000064.c	-[SCStoryQuickPostViewController _preselectRecentlyPostedCustomStoriesIfNecessaryWithStoryQuickPostView:]	
105133810	105133827	decompiled	chunks/001/functions-000064.c		
105133828	10513388f	decompiled	chunks/001/functions-000064.c		
105133890	105133897	decompiled	chunks/001/functions-000064.c		
105133898	105133953	decompiled	chunks/001/functions-000064.c	-[SCStoryQuickPostViewController _storyQuickPostFrame]	
105133954	105133a13	decompiled	chunks/001/functions-000064.c	-[SCStoryQuickPostViewController didUpdateStoryQuickPostSelectionWithAddToMyStory:ourStorySelected:customStoriesSelected:businessProfilesSelected:]	
105133a14	105133a23	decompiled	chunks/001/functions-000064.c	-[SCStoryQuickPostViewController didUpdateStoryQuickPostMetadata]	
105133a24	105133a6f	decompiled	chunks/001/functions-000064.c	-[SCStoryQuickPostViewController didUpdateTotalStoriesCount]	
105133a70	105133a77	decompiled	chunks/001/functions-000064.c	-[SCStoryQuickPostViewController didPressSend]	
105133a78	105133b4b	decompiled	chunks/001/functions-000064.c	-[SCStoryQuickPostViewController didPressSendFromSource:]	
105133b4c	105133b4f	decompiled	chunks/001/functions-000064.c	-[SCStoryQuickPostViewController didPressSave]	
105133b50	105133b53	decompiled	chunks/001/functions-000064.c	-[SCStoryQuickPostViewController didPressSendConfirmationBar:]	
105133b54	105133b57	decompiled	chunks/001/functions-000064.c	-[SCStoryQuickPostViewController didPressSuggestedFriend:]	
105133b58	105133c83	decompiled	chunks/001/functions-000064.c	-[SCStoryQuickPostViewController _reloadDestinationListIfNeeded]	
105133c84	105133dab	decompiled	chunks/001/functions-000064.c	-[SCStoryQuickPostViewController reloadQuickPost]	
105133dac	105133e5b	decompiled	chunks/001/functions-000064.c	-[SCStoryQuickPostViewController _syncDestinationSelection]	
105133e5c	105133e7f	decompiled	chunks/001/functions-000064.c	-[SCStoryQuickPostViewController _updateSendConfirmationView]	
105133e80	10513405f	decompiled	chunks/001/functions-000064.c	-[SCStoryQuickPostViewController _updateSendConfirmationViewWithAddToMyStory:ourStorySelected:customStoriesSelected:businessProfilesSelected:]	
105134060	105134123	decompiled	chunks/001/functions-000064.c		
105134124	1051341ef	decompiled	chunks/001/functions-000064.c		
1051341f0	105134293	decompiled	chunks/001/functions-000064.c		
105134294	1051342b3	decompiled	chunks/001/functions-000064.c	-[SCStoryQuickPostViewController quickPostWorkFlowDelegate]	
1051342b4	1051342c7	decompiled	chunks/001/functions-000064.c	-[SCStoryQuickPostViewController setQuickPostWorkFlowDelegate:]	
1051342c8	1051342e7	decompiled	chunks/001/functions-000064.c	-[SCStoryQuickPostViewController quickPostWorkFlowDataSource]	
1051342e8	1051342fb	decompiled	chunks/001/functions-000064.c	-[SCStoryQuickPostViewController setQuickPostWorkFlowDataSource:]	
1051342fc	10513430b	decompiled	chunks/001/functions-000064.c	-[SCStoryQuickPostViewController sendConfirmationView]	
10513430c	10513434b	decompiled	chunks/001/functions-000064.c	-[SCStoryQuickPostViewController setSendConfirmationView:]	
10513434c	10513435b	decompiled	chunks/001/functions-000064.c	-[SCStoryQuickPostViewController storyQuickPostView]	
10513435c	10513439b	decompiled	chunks/001/functions-000064.c	-[SCStoryQuickPostViewController setStoryQuickPostView:]	
10513439c	10513460b	decompiled	chunks/001/functions-000064.c	-[SCStoryQuickPostViewController .cxx_destruct]	
10513460c	1051347f7	decompiled	chunks/001/functions-000064.c	-[SCStoryQuickPostWorkflow initWithUserProfileIdProvider:snapProProfilesProvider:myStoriesDataCoordinator:userStorageServices:featureSettingsService:storyPrivacySettingManager:storyQuickPostScope:previewTooltipsProvider:storyQuickPostViewController:]	
1051347f8	1051347fb	decompiled	chunks/001/functions-000064.c	-[SCStoryQuickPostWorkflow begin]	
1051347fc	1051348e7	decompiled	chunks/001/functions-000064.c	-[SCStoryQuickPostWorkflow _subscribeToStoryQuickPostEvent]	
1051348e8	1051349d3	decompiled	chunks/001/functions-000064.c		
1051349d4	105134a33	decompiled	chunks/001/functions-000064.c		
105134a34	105134a5f	decompiled	chunks/001/functions-000064.c		
105134a60	105134baf	decompiled	chunks/001/functions-000064.c	-[SCStoryQuickPostWorkflow _prepareSendToStory:fromSource:confidentialFeatureDescription:]	
105134bb0	105134c5f	decompiled	chunks/001/functions-000064.c		
105134c60	105134cb7	decompiled	chunks/001/functions-000064.c		
105134cb8	105134dab	decompiled	chunks/001/functions-000064.c	-[SCStoryQuickPostWorkflow _checkForConfidentialFeatureWithTryDirectlyPostToMyStory:fromSource:confidentialFeatureDescription:]	
105134dac	105134dcb	decompiled	chunks/001/functions-000064.c		
105134dcc	105134fb7	decompiled	chunks/001/functions-000064.c	-[SCStoryQuickPostWorkflow checkForConfidentialFeatureWithDescription:completion:]	
105134fb8	105134fef	decompiled	chunks/001/functions-000064.c		
105134ff0	10513513f	decompiled	chunks/001/functions-000064.c	-[SCStoryQuickPostWorkflow _attemptPostDirectlyToMyStory:]	
105135140	105135207	decompiled	chunks/001/functions-000064.c		
105135208	10513528b	decompiled	chunks/001/functions-000064.c		
10513528c	1051353cb	decompiled	chunks/001/functions-000064.c	-[SCStoryQuickPostWorkflow _showPostStoryPopUpDialog:cancelCompletion:]	
1051353cc	1051353f3	decompiled	chunks/001/functions-000065.c		
1051353f4	10513549f	decompiled	chunks/001/functions-000065.c	-[SCStoryQuickPostWorkflow _postStoryActionControllerWithAddAction:handler:]	
1051354a0	1051356eb	decompiled	chunks/001/functions-000065.c	-[SCStoryQuickPostWorkflow _postStoryWarningWithTitle:addAction:cancelAction:]	
1051356ec	1051357db	decompiled	chunks/001/functions-000065.c	-[SCStoryQuickPostWorkflow _showOptionsForStoryPost]	
1051357dc	10513581f	decompiled	chunks/001/functions-000065.c		
105135820	10513587b	decompiled	chunks/001/functions-000065.c	-[SCStoryQuickPostWorkflow _presentPostStorySelection]	
10513587c	1051358b3	decompiled	chunks/001/functions-000065.c	-[SCStoryQuickPostWorkflow _postStoryDirectlyOnlyToMyStory]	
1051358b4	10513592b	decompiled	chunks/001/functions-000065.c	-[SCStoryQuickPostWorkflow _notifyRouteDecision:]	
10513592c	105135a43	decompiled	chunks/001/functions-000065.c	-[SCStoryQuickPostWorkflow _postDirectlyToMyStory:withBusinessProfiles:withOurStory:withMobStories:]	
105135a44	105135a8f	decompiled	chunks/001/functions-000065.c	-[SCStoryQuickPostWorkflow _shouldInterceptSendingWithBusinessProfiles:]	
105135a90	105135bcb	decompiled	chunks/001/functions-000065.c		
105135bcc	105135ca3	decompiled	chunks/001/functions-000065.c	-[SCStoryQuickPostWorkflow _shouldBlockBrandAccountMusicSnapWithBusinessProfiles:]	
105135ca4	105135cab	decompiled	chunks/001/functions-000065.c		
105135cac	105135caf	decompiled	chunks/001/functions-000065.c	-[SCStoryQuickPostWorkflow _onDidDismissQuickPost]	
105135cb0	105135ce3	decompiled	chunks/001/functions-000065.c	-[SCStoryQuickPostWorkflow _dismissStoryQuickPostView]	
105135ce4	105135d4b	decompiled	chunks/001/functions-000065.c	-[SCStoryQuickPostWorkflow _incrementSavedStoryEducationCount]	
105135d4c	105135d8f	decompiled	chunks/001/functions-000065.c	-[SCStoryQuickPostWorkflow _shouldShowEducationDialog]	
105135d90	105135da7	decompiled	chunks/001/functions-000065.c	-[SCStoryQuickPostWorkflow _hasUserConfirmedPreviouslyToPostDirect:]	
105135da8	105135dd7	decompiled	chunks/001/functions-000065.c	-[SCStoryQuickPostWorkflow _getEducationDialogTextWithIsStoryPrivacySettingEveryone:]	
105135dd8	105135def	decompiled	chunks/001/functions-000065.c	-[SCStoryQuickPostWorkflow quickPostWorkFlowDelegate]	
105135df0	105135dfb	decompiled	chunks/001/functions-000065.c	-[SCStoryQuickPostWorkflow setQuickPostWorkFlowDelegate:]	
105135dfc	105135e13	decompiled	chunks/001/functions-000065.c	-[SCStoryQuickPostWorkflow quickPostWorkFlowDataSource]	
105135e14	105135e1f	decompiled	chunks/001/functions-000065.c	-[SCStoryQuickPostWorkflow setQuickPostWorkFlowDataSource:]	
105135e20	105135ebf	decompiled	chunks/001/functions-000065.c	-[SCStoryQuickPostWorkflow .cxx_destruct]	
105135ec0	105135f33	decompiled	chunks/001/functions-000065.c	-[SCGrapheneCreatePostPresentMetric2 init]	
105135f34	105135fab	decompiled	chunks/001/functions-000065.c		
105135fac	10513611f	decompiled	chunks/001/functions-000065.c		
105136120	105136293	decompiled	chunks/001/functions-000065.c		
105136294	105136307	decompiled	chunks/001/functions-000065.c	-[SCGrapheneExternalSendToMetric2 init]	
105136308	10513647b	decompiled	chunks/001/functions-000065.c		
10513647c	1051366ef	decompiled	chunks/001/functions-000065.c		
1051366f0	10513691f	decompiled	chunks/001/functions-000065.c		
105136920	105136997	decompiled	chunks/001/functions-000065.c		
105136998	1051369fb	decompiled	chunks/001/functions-000065.c	+[SCExternalSendToMedia imageWithFileUrl:]	
1051369fc	105136a67	decompiled	chunks/001/functions-000065.c	+[SCExternalSendToMedia videoWithFileUrl:]	
105136a68	105136c07	decompiled	chunks/001/functions-000065.c	-[SCExternalSendToMedia initWithCoder:]	
105136c08	105136c2b	decompiled	chunks/001/functions-000065.c	-[SCExternalSendToMedia copyWithZone:]	
105136c2c	105136cbb	decompiled	chunks/001/functions-000065.c	-[SCExternalSendToMedia encodeWithCoder:]	
105136cbc	105136d33	decompiled	chunks/001/functions-000065.c	-[SCExternalSendToMedia hash]	
105136d34	105136d77	decompiled	chunks/001/functions-000065.c	-[SCExternalSendToMedia internalInit]	
105136d78	105136e2f	decompiled	chunks/001/functions-000065.c	-[SCExternalSendToMedia isEqual:]	
105136e30	105136eb3	decompiled	chunks/001/functions-000065.c	-[SCExternalSendToMedia matchImage:video:]	
105136eb4	105136ee3	decompiled	chunks/001/functions-000065.c	-[SCExternalSendToMedia .cxx_destruct]	
105136ee4	105136f73	decompiled	chunks/001/functions-000065.c	+[SCExternalSendToContent mediaWithMedia:companionText:]	
105136f74	10513700b	decompiled	chunks/001/functions-000065.c	+[SCExternalSendToContent mediasWithMedias:companionText:]	
10513700c	105137077	decompiled	chunks/001/functions-000065.c	+[SCExternalSendToContent textWithText:]	
105137078	1051370e3	decompiled	chunks/001/functions-000065.c	+[SCExternalSendToContent urlWithUrl:]	
1051370e4	105137317	decompiled	chunks/001/functions-000065.c	-[SCExternalSendToContent initWithCoder:]	
105137318	10513733b	decompiled	chunks/001/functions-000065.c	-[SCExternalSendToContent copyWithZone:]	
10513733c	10513743b	decompiled	chunks/001/functions-000065.c	-[SCExternalSendToContent encodeWithCoder:]	
10513743c	1051374e3	decompiled	chunks/001/functions-000065.c	-[SCExternalSendToContent hash]	
1051374e4	105137527	decompiled	chunks/001/functions-000065.c	-[SCExternalSendToContent internalInit]	
105137528	10513763f	decompiled	chunks/001/functions-000065.c	-[SCExternalSendToContent isEqual:]	
105137640	105137733	decompiled	chunks/001/functions-000065.c	-[SCExternalSendToContent matchMedia:medias:url:text:]	
105137734	105137793	decompiled	chunks/001/functions-000065.c	-[SCExternalSendToContent .cxx_destruct]	
105137794	105137843	decompiled	chunks/001/functions-000065.c	-[SCExternalSendToDataModel initWithCoder:]	
105137844	1051378ef	decompiled	chunks/001/functions-000065.c	-[SCExternalSendToDataModel initWithContent:preselectedId:]	
1051378f0	105137913	decompiled	chunks/001/functions-000065.c	-[SCExternalSendToDataModel copyWithZone:]	
105137914	105137973	decompiled	chunks/001/functions-000065.c	-[SCExternalSendToDataModel encodeWithCoder:]	
105137974	1051379e7	decompiled	chunks/001/functions-000065.c	-[SCExternalSendToDataModel hash]	
1051379e8	105137a8f	decompiled	chunks/001/functions-000065.c	-[SCExternalSendToDataModel isEqual:]	
105137a90	105137a97	decompiled	chunks/001/functions-000065.c	-[SCExternalSendToDataModel content]	
105137a98	105137a9f	decompiled	chunks/001/functions-000065.c	-[SCExternalSendToDataModel preselectedId]	
105137aa0	105137acf	decompiled	chunks/001/functions-000065.c	-[SCExternalSendToDataModel .cxx_destruct]	
105137ad0	105137e8f	decompiled	chunks/001/functions-000065.c	-[SCLegacySendToScopeEntryPoint begin]	
105137e90	105137edb	decompiled	chunks/001/functions-000065.c	-[SCLegacySendToScopeEntryPoint end]	
105137edc	10513801f	decompiled	chunks/001/functions-000065.c	-[SCLegacySendToScopeEntryPoint .cxx_destruct]	
105138020	1051380fb	decompiled	chunks/001/functions-000065.c	-[SCSendToContactsSectionDataSourceImpl initWithNonSnapchattersObservableRepository:contactPhotosService:enableSelectableContacts:circumstanceEngine:]	
1051380fc	105138207	decompiled	chunks/001/functions-000065.c	-[SCSendToContactsSectionDataSourceImpl snapchattersContactNonSnapchatterObservableForSectionIdentifier:query:]	
105138208	105138223	decompiled	chunks/001/functions-000065.c		
105138224	1051382d3	decompiled	chunks/001/functions-000065.c	-[SCSendToContactsSectionDataSourceImpl _contactPhotosObservable]	
1051382d4	10513838f	decompiled	chunks/001/functions-000065.c		
105138390	1051383ab	decompiled	chunks/001/functions-000065.c		
1051383ac	1051383e7	decompiled	chunks/001/functions-000065.c	-[SCSendToContactsSectionDataSourceImpl .cxx_destruct]	
1051383e8	1051385f7	decompiled	chunks/001/functions-000065.c	-[SCSendToContactsSectionEntryPoint begin]	
1051385f8	10513866b	decompiled	chunks/001/functions-000065.c	-[SCSendToContactsSectionEntryPoint .cxx_destruct]	
10513866c	1051387c7	decompiled	chunks/001/functions-000065.c	-[SCSendToContactsSectionExtension initWithNonSnapchattersObservableRepository:imageDownloader:contactPhotosService:enableSelectableContacts:circumstanceEngine:sendToExperimentConfiguration:renderingTracker:]	
1051387c8	105138837	decompiled	chunks/001/functions-000065.c	-[SCSendToContactsSectionExtension sectionIdentifiers]	
105138838	105138883	decompiled	chunks/001/functions-000065.c	-[SCSendToContactsSectionExtension sectionCreator]	
105138884	1051388b3	decompiled	chunks/001/functions-000065.c	-[SCSendToContactsSectionExtension sectionDescriptor]	
1051388b4	1051388bb	decompiled	chunks/001/functions-000065.c	-[SCSendToContactsSectionExtension sectionLoggingParser]	
1051388bc	10513891b	decompiled	chunks/001/functions-000065.c	-[SCSendToContactsSectionExtension .cxx_destruct]	
10513891c	105138a77	decompiled	chunks/001/functions-000065.c	-[SCSendToContactsSectionCreatorImpl initWithNonSnapchattersObservableRepository:imageDownloader:contactPhotosService:enableSelectableContacts:circumstanceEngine:sendToExperimentConfiguration:renderingTracker:]	
105138a78	105138c57	decompiled	chunks/001/functions-000065.c	-[SCSendToContactsSectionCreatorImpl sectionCreatorWithActionHandler:sendToTracker:uiContainer:]	
105138c58	105138cbf	decompiled	chunks/001/functions-000065.c		
105138cc0	105138d1f	decompiled	chunks/001/functions-000065.c	-[SCSendToContactsSectionCreatorImpl .cxx_destruct]	
105138d20	105138d93	decompiled	chunks/001/functions-000065.c	-[SCSendToContactsSectionDescriptor initWithSendToExperimentConfiguration:]	
105138d94	105138e8b	decompiled	chunks/001/functions-000065.c	-[SCSendToContactsSectionDescriptor sectionDescriptorForQuery:]	
105138e8c	105138e97	decompiled	chunks/001/functions-000065.c	-[SCSendToContactsSectionDescriptor .cxx_destruct]	
105138e98	105138f0b	decompiled	chunks/001/functions-000065.c	-[SCSendToContactsSectionViewModelSourceImpl initWithSendToExperimentConfiguration:]	
105138f0c	105138f8f	decompiled	chunks/001/functions-000065.c	-[SCSendToContactsSectionViewModelSourceImpl contactNonSnapchatterViewModelGeneratorForSectionIdentifier:]	
105138f90	105138fc3	decompiled	chunks/001/functions-000065.c		
105138fc4	105138fcf	decompiled	chunks/001/functions-000065.c	-[SCSendToContactsSectionViewModelSourceImpl .cxx_destruct]	
105138fd0	1051390ef	decompiled	chunks/001/functions-000065.c	-[SCSendToPrevewSectionEntryPoint begin]	
1051390f0	105139133	decompiled	chunks/001/functions-000065.c	-[SCSendToPrevewSectionEntryPoint .cxx_destruct]	
105139134	1051391df	decompiled	chunks/001/functions-000065.c	-[SCSendToScopedPreviewSectionCreator initWithPreviewConfiguration:sendToExperimentConfiguration:showSendToTray:]	
1051391e0	10513924b	decompiled	chunks/001/functions-000065.c	-[SCSendToScopedPreviewSectionCreator sectionCreatorWithActionHandler:sendToTracker:uiContainer:]	
10513924c	10513927b	decompiled	chunks/001/functions-000065.c	-[SCSendToScopedPreviewSectionCreator .cxx_destruct]	
10513927c	105139327	decompiled	chunks/001/functions-000065.c	-[SCSendToPreviewSectionExtension initWithPreviewConfiguration:sendToExperimentConfiguration:showSendToTray:]	
105139328	105139397	decompiled	chunks/001/functions-000065.c	-[SCSendToPreviewSectionExtension sectionIdentifiers]	
105139398	1051393cb	decompiled	chunks/001/functions-000066.c	-[SCSendToPreviewSectionExtension sectionCreator]	
1051393cc	1051393d3	decompiled	chunks/001/functions-000066.c	-[SCSendToPreviewSectionExtension sectionDescriptor]	
1051393d4	1051393db	decompiled	chunks/001/functions-000066.c	-[SCSendToPreviewSectionExtension sectionLoggingParser]	
1051393dc	10513940b	decompiled	chunks/001/functions-000066.c	-[SCSendToPreviewSectionExtension .cxx_destruct]	
10513940c	105139757	decompiled	chunks/001/functions-000066.c	-[SCSendToPreviewCollectionViewCell initWithFrame:]	
105139758	10513979f	decompiled	chunks/001/functions-000066.c	-[SCSendToPreviewCollectionViewCell prepareForReuse]	
1051397a0	10513981b	decompiled	chunks/001/functions-000066.c	-[SCSendToPreviewCollectionViewCell layoutSubviews]	
10513981c	105139aa3	decompiled	chunks/001/functions-000066.c	-[SCSendToPreviewCollectionViewCell _createHorizontalContainerViewWithConfigs:]	
105139aa4	105139b1f	decompiled	chunks/001/functions-000066.c		
105139b20	105139c93	decompiled	chunks/001/functions-000066.c		
105139c94	105139cf3	decompiled	chunks/001/functions-000066.c		
105139cf4	105139e0f	decompiled	chunks/001/functions-000066.c	-[SCSendToPreviewCollectionViewCell _didUpdateToggleForHorizontalViewConfig:isOn:]	
105139e10	10513a037	decompiled	chunks/001/functions-000066.c	-[SCSendToPreviewCollectionViewCell _updateLayoutConstraints]	
10513a038	10513a0e3	decompiled	chunks/001/functions-000066.c		
10513a0e4	10513a19f	decompiled	chunks/001/functions-000066.c		
10513a1a0	10513a283	decompiled	chunks/001/functions-000066.c		
10513a284	10513a43f	decompiled	chunks/001/functions-000066.c		
10513a440	10513a577	decompiled	chunks/001/functions-000066.c		
10513a578	10513aa73	decompiled	chunks/001/functions-000066.c		
10513aa74	10513ab1f	decompiled	chunks/001/functions-000066.c		
10513ab20	10513ad73	decompiled	chunks/001/functions-000066.c		
10513ad74	10513afe7	decompiled	chunks/001/functions-000066.c		
10513afe8	10513b16f	decompiled	chunks/001/functions-000066.c		
10513b170	10513b2eb	decompiled	chunks/001/functions-000066.c		
10513b2ec	10513b45b	decompiled	chunks/001/functions-000066.c		
10513b45c	10513b523	decompiled	chunks/001/functions-000066.c		
10513b524	10513b567	decompiled	chunks/001/functions-000066.c		
10513b568	10513b56b	decompiled	chunks/001/functions-000066.c		
10513b56c	10513b5d3	decompiled	chunks/001/functions-000066.c		
10513b5d4	10513b67f	decompiled	chunks/001/functions-000066.c		
10513b680	10513b7d3	decompiled	chunks/001/functions-000066.c	-[SCSendToPreviewCollectionViewCell _aspectRatioPreviewForComposerContext:completion:]	
10513b7d4	10513b82b	decompiled	chunks/001/functions-000066.c		
10513b82c	10513b89b	decompiled	chunks/001/functions-000066.c	-[SCSendToPreviewCollectionViewCell _fetchSizeFromContext:]	
10513b89c	10513b9e7	decompiled	chunks/001/functions-000066.c	-[SCSendToPreviewCollectionViewCell _updateLayoutConstraintsForWidth:height:]	
10513b9e8	10513bedf	decompiled	chunks/001/functions-000066.c		
10513bee0	10513c04f	decompiled	chunks/001/functions-000066.c		
10513c050	10513c067	decompiled	chunks/001/functions-000066.c	-[SCSendToPreviewCollectionViewCell _isVerticalPreview:height:]	
10513c068	10513c0cb	decompiled	chunks/001/functions-000066.c	-[SCSendToPreviewCollectionViewCell _handlePlayForHorizontalConfigs]	
10513c0cc	10513c20b	decompiled	chunks/001/functions-000066.c		
10513c20c	10513c26f	decompiled	chunks/001/functions-000066.c	-[SCSendToPreviewCollectionViewCell _handlePauseForHorizontalConfigs]	
10513c270	10513c3af	decompiled	chunks/001/functions-000066.c		
10513c3b0	10513c7fb	decompiled	chunks/001/functions-000066.c	-[SCSendToPreviewCollectionViewCell setPreviewConfiguration:useUpdatedBackgroundColorForAll:useMinHeight:]	
10513c7fc	10513c857	decompiled	chunks/001/functions-000066.c		
10513c858	10513c90b	decompiled	chunks/001/functions-000066.c		
10513c90c	10513c973	decompiled	chunks/001/functions-000066.c		
10513c974	10513c9bb	decompiled	chunks/001/functions-000066.c		
10513c9bc	10513cc5b	decompiled	chunks/001/functions-000066.c	-[SCSendToPreviewCollectionViewCell contentHeight]	
10513cc5c	10513cd03	decompiled	chunks/001/functions-000066.c		
10513cd04	10513cd17	decompiled	chunks/001/functions-000066.c		
10513cd18	10513ce5f	decompiled	chunks/001/functions-000066.c		
10513ce60	10513cec7	decompiled	chunks/001/functions-000066.c		
10513cec8	10513cf13	decompiled	chunks/001/functions-000066.c		
10513cf14	10513cf43	decompiled	chunks/001/functions-000066.c	-[SCSendToPreviewCollectionViewCell textView]	
10513cf44	10513d123	decompiled	chunks/001/functions-000066.c	-[SCSendToPreviewCollectionViewCell textLabelMinContentHeight]	
10513d124	10513d137	decompiled	chunks/001/functions-000066.c		
10513d138	10513d263	decompiled	chunks/001/functions-000066.c		
10513d264	10513d2b7	decompiled	chunks/001/functions-000066.c		
10513d2b8	10513d327	decompiled	chunks/001/functions-000066.c	-[SCSendToPreviewCollectionViewCell play]	
10513d328	10513d393	decompiled	chunks/001/functions-000066.c	-[SCSendToPreviewCollectionViewCell pause]	
10513d394	10513d3c3	decompiled	chunks/001/functions-000066.c	-[SCSendToPreviewCollectionViewCell toggleValuesObservable]	
10513d3c4	10513d477	decompiled	chunks/001/functions-000066.c	-[SCSendToPreviewCollectionViewCell updateContentHeightForContentWidth:]	
10513d478	10513d4cb	decompiled	chunks/001/functions-000066.c	-[SCSendToPreviewCollectionViewCell onLayoutDirty:]	
10513d4cc	10513d507	decompiled	chunks/001/functions-000066.c	-[SCSendToPreviewCollectionViewCell removeTextView]	
10513d508	10513d517	decompiled	chunks/001/functions-000066.c	-[SCSendToPreviewCollectionViewCell previewConfiguration]	
10513d518	10513d557	decompiled	chunks/001/functions-000066.c	-[SCSendToPreviewCollectionViewCell setPreviewConfiguration:]	
10513d558	10513d567	decompiled	chunks/001/functions-000066.c	-[SCSendToPreviewCollectionViewCell disableSinglePreview]	
10513d568	10513d577	decompiled	chunks/001/functions-000066.c	-[SCSendToPreviewCollectionViewCell setDisableSinglePreview:]	
10513d578	10513d587	decompiled	chunks/001/functions-000066.c	-[SCSendToPreviewCollectionViewCell disablePreviewAll]	
10513d588	10513d597	decompiled	chunks/001/functions-000066.c	-[SCSendToPreviewCollectionViewCell setDisablePreviewAll:]	
10513d598	10513d657	decompiled	chunks/001/functions-000066.c	-[SCSendToPreviewCollectionViewCell .cxx_destruct]	
10513d658	10513daeb	decompiled	chunks/001/functions-000066.c	-[SCSendToPreviewHorizontalView initWithHorizontalViewConfiguration:]	
10513daec	10513db03	decompiled	chunks/001/functions-000066.c		
10513db04	10513e41b	decompiled	chunks/001/functions-000066.c	-[SCSendToPreviewHorizontalView _updateLayoutConstraints]	
10513e41c	10513e42b	decompiled	chunks/001/functions-000066.c	-[SCSendToPreviewHorizontalView toggleSwitch]	
10513e42c	10513e49b	decompiled	chunks/001/functions-000066.c	-[SCSendToPreviewHorizontalView .cxx_destruct]	
10513e49c	10513e4a7	decompiled	chunks/001/functions-000066.c	+[SCSendToPreviewSection announcerIdentifier]	
10513e4a8	10513e4af	decompiled	chunks/001/functions-000066.c	-[SCSendToPreviewSection addListener:]	
10513e4b0	10513e4b7	decompiled	chunks/001/functions-000066.c	-[SCSendToPreviewSection removeListener:]	
10513e4b8	10513e4bf	decompiled	chunks/001/functions-000066.c	-[SCSendToPreviewSection didTriggerEventWithEventName:announcerIdentifier:extraData:]	
10513e4c0	10513e8d7	decompiled	chunks/001/functions-000066.c	-[SCSendToPreviewSection initWithPreviewConfiguration:sendToTracker:sendToExperimentConfiguration:showSendToTray:]	
10513e8d8	10513e91f	decompiled	chunks/001/functions-000066.c		
10513e920	10513e997	decompiled	chunks/001/functions-000066.c		
10513e998	10513ea2f	decompiled	chunks/001/functions-000066.c		
10513ea30	10513ea3f	decompiled	chunks/001/functions-000066.c		
10513ea40	10513ea67	decompiled	chunks/001/functions-000066.c	-[SCSendToPreviewSection tearDown]	
10513ea68	10513eae7	decompiled	chunks/001/functions-000066.c	-[SCSendToPreviewSection reuseCellClassesByIdentifiers]	
10513eae8	10513eb37	decompiled	chunks/001/functions-000066.c	-[SCSendToPreviewSection numberOfCellsInSection]	
10513eb38	10513eb67	decompiled	chunks/001/functions-000066.c	-[SCSendToPreviewSection sectionInsets]	
10513eb68	10513edcf	decompiled	chunks/001/functions-000066.c	-[SCSendToPreviewSection cellForItemAtIndexInSection:]	
10513edd0	10513ee17	decompiled	chunks/001/functions-000066.c		
10513ee18	10513efa3	decompiled	chunks/001/functions-000066.c	-[SCSendToPreviewSection sizeForItemAtIndexInSection:withWidth:]	
10513efa4	10513f00f	decompiled	chunks/001/functions-000066.c		
10513f010	10513f03f	decompiled	chunks/001/functions-000066.c		
10513f040	10513f04b	decompiled	chunks/001/functions-000066.c	-[SCSendToPreviewSection startPlayback]	
10513f04c	10513f077	decompiled	chunks/001/functions-000066.c	-[SCSendToPreviewSection stopPlayback]	
10513f078	10513f0bf	decompiled	chunks/001/functions-000066.c	-[SCSendToPreviewSection textViewDidChange:]	
10513f0c0	10513f113	decompiled	chunks/001/functions-000066.c	-[SCSendToPreviewSection textView:shouldChangeTextInRange:replacementText:]	
10513f114	10513f157	decompiled	chunks/001/functions-000066.c	-[SCSendToPreviewSection textViewDidBeginEditing:]	
10513f158	10513f15f	decompiled	chunks/001/functions-000066.c	-[SCSendToPreviewSection _updateContentHeightForContentWidth:]	
10513f160	10513f257	decompiled	chunks/001/functions-000066.c	-[SCSendToPreviewSection _updateContentHeight]	
10513f258	10513f3fb	decompiled	chunks/001/functions-000067.c	-[SCSendToPreviewSection _onNextSendToEvent:]	
10513f3fc	10513f3ff	decompiled	chunks/001/functions-000067.c		
10513f400	10513f42b	decompiled	chunks/001/functions-000067.c		
10513f42c	10513f45f	decompiled	chunks/001/functions-000067.c		
10513f460	10513f493	decompiled	chunks/001/functions-000067.c		
10513f494	10513f49b	decompiled	chunks/001/functions-000067.c	-[SCSendToPreviewSection _onNextToggleValuesUpdate:]	
10513f49c	10513f5d3	decompiled	chunks/001/functions-000067.c	-[SCSendToPreviewSection _setComposerContext:]	
10513f5d4	10513f67f	decompiled	chunks/001/functions-000067.c		
10513f680	10513f6f7	decompiled	chunks/001/functions-000067.c		
10513f6f8	10513f72f	decompiled	chunks/001/functions-000067.c		
10513f730	10513f7bb	decompiled	chunks/001/functions-000067.c	-[SCSendToPreviewSection _trayExpanded]	
10513f7bc	10513f7c3	decompiled	chunks/001/functions-000067.c	-[SCSendToPreviewSection sectionUpdateModel]	
10513f7c4	10513f7cb	decompiled	chunks/001/functions-000067.c	-[SCSendToPreviewSection setSectionUpdateModel:]	
10513f7cc	10513f7e3	decompiled	chunks/001/functions-000067.c	-[SCSendToPreviewSection delegate]	
10513f7e4	10513f7ef	decompiled	chunks/001/functions-000067.c	-[SCSendToPreviewSection setDelegate:]	
10513f7f0	10513f7f7	decompiled	chunks/001/functions-000067.c	-[SCSendToPreviewSection dataLoadingStatus]	
10513f7f8	10513f7ff	decompiled	chunks/001/functions-000067.c	-[SCSendToPreviewSection setDataLoadingStatus:]	
10513f800	10513f87f	decompiled	chunks/001/functions-000067.c	-[SCSendToPreviewSection .cxx_destruct]	
10513f880	10513f987	decompiled	chunks/001/functions-000067.c	-[SCSendToPreviewSectionCreator initWithSectionIdentifier:previewConfiguration:sendToTracker:sendToExperimentConfiguration:showSendToTray:]	
10513f988	10513fa03	decompiled	chunks/001/functions-000067.c	-[SCSendToPreviewSectionCreator sectionForDescriptor:]	
10513fa04	10513fa4b	decompiled	chunks/001/functions-000067.c	-[SCSendToPreviewSectionCreator .cxx_destruct]	
10513fa4c	10513faff	decompiled	chunks/001/functions-000067.c	-[SCSendToSpotlightSectionEntryPoint badgeTitle]	
10513fb00	10513fb7b	decompiled	chunks/001/functions-000067.c	-[SCSendToSpotlightSectionEntryPoint markSpotightMemberRolesAsSeen]	
10513fb7c	105140883	decompiled	chunks/001/functions-000067.c	-[SCSendToSpotlightSectionEntryPoint begin]	
105140884	105140927	decompiled	chunks/001/functions-000067.c		
105140928	1051409e7	decompiled	chunks/001/functions-000067.c	-[SCSendToSpotlightSectionEntryPoint _postingHintObservableWithPlaceTagsTracker:snapCaptureLocation:]	
1051409e8	105140a97	decompiled	chunks/001/functions-000067.c	-[SCSendToSpotlightSectionEntryPoint .cxx_destruct]	
105140a98	105140b0b	decompiled	chunks/001/functions-000067.c	-[SCSendToSpotlightSectionEventHandler initWithSendToTracker:]	
105140b0c	105140b4f	decompiled	chunks/001/functions-000067.c	-[SCSendToSpotlightSectionEventHandler topicSendToWillPresentSearchWithContainerCell:]	
105140b50	105140b53	decompiled	chunks/001/functions-000067.c	-[SCSendToSpotlightSectionEventHandler topicsUpdated]	
105140b54	105140b97	decompiled	chunks/001/functions-000067.c	-[SCSendToSpotlightSectionEventHandler topicSendToWillDismissSearch]	
105140b98	105140b9f	decompiled	chunks/001/functions-000067.c	-[SCSendToSpotlightSectionEventHandler isTopicSearchPresented]	
105140ba0	105140ba7	decompiled	chunks/001/functions-000067.c	-[SCSendToSpotlightSectionEventHandler setIsTopicSearchPresented:]	
105140ba8	105140bb3	decompiled	chunks/001/functions-000067.c	-[SCSendToSpotlightSectionEventHandler .cxx_destruct]	
105140bb4	105141017	decompiled	chunks/001/functions-000067.c	-[SCSendToSpotlightSectionExtension initWithCircumstanceEngine:imageDownloader:spotlightStoryObservableRepository:selectionStoryObservableRepository:topicTracker:topicRequester:topicCarouselViewProvider:snapProUserProfileIdProvider:forDisplayingSelection:placeSearchViewProvider:spotlightPlaceTagsLogger:placeTagCarouselViewProvider:placeTagsTracker:snapCaptureLocation:sendToExperimentConfiguration:sendToUIConfiguration:remixConfiguration:contentConfiguration:storyConfiguration:renderingTracker:subscriptionInfoProvider:customStoriesOnboardingManager:]	
105141018	1051410a7	decompiled	chunks/001/functions-000067.c	-[SCSendToSpotlightSectionExtension sectionIdentifiers]	
1051410a8	105141113	decompiled	chunks/001/functions-000067.c	-[SCSendToSpotlightSectionExtension sectionCreator]	
105141114	10514111b	decompiled	chunks/001/functions-000067.c	-[SCSendToSpotlightSectionExtension sectionDescriptor]	
10514111c	105141123	decompiled	chunks/001/functions-000067.c	-[SCSendToSpotlightSectionExtension sectionLoggingParser]	
105141124	105141237	decompiled	chunks/001/functions-000067.c	-[SCSendToSpotlightSectionExtension .cxx_destruct]	
105141238	105141757	decompiled	chunks/001/functions-000067.c	-[SCSendToSpotlightSectionCreatorImpl initWithActionHandler:circumstanceEngine:imageDownloader:sectionDataSource:sendToTracker:topicTracker:topicRequester:topicCarouselViewProvider:snapProUserProfileIdProvider:uiContainer:viewModelSource:placeSearchViewProvider:spotlightPlaceTagsLogger:placeTagCarouselViewProvider:placeTagsTracker:snapCaptureLocation:sendToExperimentConfiguration:spotlightStoryObservableRepository:selectionStoryObservableRepository:remixConfiguration:contentConfiguration:storyConfiguration:renderingTracker:customStoriesOnboardingManager:]	
105141758	1051418db	decompiled	chunks/001/functions-000067.c	-[SCSendToSpotlightSectionCreatorImpl sectionForDescriptor:]	
1051418dc	105141adf	decompiled	chunks/001/functions-000067.c	-[SCSendToSpotlightSectionCreatorImpl _spotlightSectionForIdentifier:withSectionDataModel:]	
105141ae0	105141c23	decompiled	chunks/001/functions-000067.c	-[SCSendToSpotlightSectionCreatorImpl .cxx_destruct]	
105141c24	105142083	decompiled	chunks/001/functions-000067.c	-[SCSendToSpotlightSectionCreator initWithCircumstanceEngine:imageDownloader:spotlightStoryObservableRepository:selectionStoryObservableRepository:topicTracker:topicRequester:topicCarouselViewProvider:snapProUserProfileIdProvider:placeSearchViewProvider:spotlightPlaceTagsLogger:placeTagCarouselViewProvider:placeTagsTracker:snapCaptureLocation:sendToExperimentConfiguration:sendToUIConfiguration:remixConfiguration:contentConfiguration:storyConfiguration:renderingTracker:subscriptionInfoProvider:customStoriesOnboardingManager:]	
105142084	105142247	decompiled	chunks/001/functions-000067.c	-[SCSendToSpotlightSectionCreator sectionCreatorWithActionHandler:sendToTracker:uiContainer:]	
105142248	10514235b	decompiled	chunks/001/functions-000067.c	-[SCSendToSpotlightSectionCreator .cxx_destruct]	
10514235c	1051429cf	decompiled	chunks/001/functions-000067.c	-[SCSendToSpotlightSectionDataProvider initWithCircumstanceEngine:eventHandler:imageDownloader:sectionDataSource:sendToTracker:topicTracker:topicRequester:topicCarouselViewProvider:snapProUserProfileIdProvider:uiContainer:viewModelGenerator:placeSearchViewProvider:spotlightPlaceTagsLogger:placeTagCarouselViewProvider:placeTagsTracker:spotlightStoryObservableRepository:snapCaptureLocation:contentConfiguration:storyConfiguration:sendToExperimentConfiguration:renderingTracker:]	
1051429d0	105142a0f	decompiled	chunks/001/functions-000067.c		
105142a10	105142a1b	decompiled	chunks/001/functions-000067.c	+[SCSendToSpotlightSectionDataProvider announcerIdentifier]	
105142a1c	105142a23	decompiled	chunks/001/functions-000067.c	-[SCSendToSpotlightSectionDataProvider addListener:]	
105142a24	105142a2b	decompiled	chunks/001/functions-000067.c	-[SCSendToSpotlightSectionDataProvider removeListener:]	
105142a2c	105142a9f	decompiled	chunks/001/functions-000067.c	-[SCSendToSpotlightSectionDataProvider setUpdateQueuePerformer:]	
105142aa0	105142c6b	decompiled	chunks/001/functions-000067.c	-[SCSendToSpotlightSectionDataProvider setUp]	
105142c6c	105142cef	decompiled	chunks/001/functions-000067.c		
105142cf0	105142d37	decompiled	chunks/001/functions-000067.c		
105142d38	105142d3f	decompiled	chunks/001/functions-000067.c	-[SCSendToSpotlightSectionDataProvider tearDown]	
105142d40	105142d47	decompiled	chunks/001/functions-000067.c	-[SCSendToSpotlightSectionDataProvider dataLoadingStatus]	
105142d48	105142d4b	decompiled	chunks/001/functions-000067.c	-[SCSendToSpotlightSectionDataProvider numberOfItemsInSection:]	
105142d4c	105142d4f	decompiled	chunks/001/functions-000067.c	-[SCSendToSpotlightSectionDataProvider containerCellViewModelsForIndexPaths:]	
105142d50	105142eaf	decompiled	chunks/001/functions-000067.c	-[SCSendToSpotlightSectionDataProvider contentCellClassesByReuseIdentifier]	
105142eb0	1051430b3	decompiled	chunks/001/functions-000067.c	-[SCSendToSpotlightSectionDataProvider setSectionDataModel:]	
1051430b4	1051430fb	decompiled	chunks/001/functions-000067.c		
1051430fc	10514339f	decompiled	chunks/001/functions-000067.c	-[SCSendToSpotlightSectionDataProvider configurationBlocksByReuseIdentifier]	
1051433a0	105143477	decompiled	chunks/001/functions-000067.c		
105143478	1051438f3	decompiled	chunks/001/functions-000067.c	-[SCSendToSpotlightSectionDataProvider _resetSpotlightCell:]	
1051438f4	105143907	decompiled	chunks/001/functions-000067.c		
105143908	10514394f	decompiled	chunks/001/functions-000067.c	-[SCSendToSpotlightSectionDataProvider _postingHintObservableWithPlaceTagsTracker:]	
105143950	105143963	decompiled	chunks/001/functions-000067.c	-[SCSendToSpotlightSectionDataProvider _shouldShowAddSoundError]	
105143964	1051439e7	decompiled	chunks/001/functions-000067.c	-[SCSendToSpotlightSectionDataProvider setSelectionStories:]	
1051439e8	105143c1f	decompiled	chunks/001/functions-000067.c	-[SCSendToSpotlightSectionDataProvider _updateContainerViewModels]	
105143c20	105143c3f	decompiled	chunks/001/functions-000067.c		
105143c40	105143ea7	decompiled	chunks/001/functions-000067.c		
105143ea8	105143f6b	decompiled	chunks/001/functions-000067.c		
105143f6c	10514402f	decompiled	chunks/001/functions-000067.c		
105144030	10514414f	decompiled	chunks/001/functions-000067.c		
105144150	1051443f7	decompiled	chunks/001/functions-000067.c	-[SCSendToSpotlightSectionDataProvider computeSideBySideState:]	
1051443f8	105144477	decompiled	chunks/001/functions-000067.c		
105144478	1051444d7	decompiled	chunks/001/functions-000067.c	-[SCSendToSpotlightSectionDataProvider _cellReuseIdentifierForSelectionStoryType:]	
1051444d8	1051444df	decompiled	chunks/001/functions-000067.c	-[SCSendToSpotlightSectionDataProvider _setItemToSelectionStateMap:]	
1051444e0	105144503	decompiled	chunks/001/functions-000067.c	-[SCSendToSpotlightSectionDataProvider _setItemToSelectionStateMapForSideBySide:]	
105144504	105144847	decompiled	chunks/001/functions-000067.c	-[SCSendToSpotlightSectionDataProvider _containerCellViewModelForSelectionStory:index:cellReuseIdentifier:isSelected:twoPerRowStyle:showPlaceTagCarousel:count:leadingAccessoryImage:]	
105144848	10514487f	decompiled	chunks/001/functions-000067.c		
105144880	105144883	decompiled	chunks/001/functions-000067.c		
105144884	1051449df	decompiled	chunks/001/functions-000067.c	-[SCSendToSpotlightSectionDataProvider _onNextSendToEvent:]	
1051449e0	105144a4f	decompiled	chunks/001/functions-000067.c		
105144a50	105144aa7	decompiled	chunks/001/functions-000067.c	-[SCSendToSpotlightSectionDataProvider _canCreateHighlight]	
105144aa8	105144b1f	decompiled	chunks/001/functions-000067.c	-[SCSendToSpotlightSectionDataProvider _numberOfItemsInSection]	
105144b20	105144cbb	decompiled	chunks/001/functions-000067.c	-[SCSendToSpotlightSectionDataProvider _numberOfItemsInSectionForSideBySide]	
105144cbc	105144d17	decompiled	chunks/001/functions-000067.c	-[SCSendToSpotlightSectionDataProvider _numberOfSpotlightItemsInSectionFromViewModel:]	
105144d18	105144e5b	decompiled	chunks/001/functions-000067.c	-[SCSendToSpotlightSectionDataProvider _numberOfSnapMapItemsInSectionFromViewModel:]	
105144e5c	105144e8f	decompiled	chunks/001/functions-000067.c		
105144e90	105144eef	decompiled	chunks/001/functions-000067.c	-[SCSendToSpotlightSectionDataProvider _numberOfSnapMapItemsInSectionFromIsSelected:]	
105144ef0	105144f5f	decompiled	chunks/001/functions-000067.c	-[SCSendToSpotlightSectionDataProvider _configureListCollectionViewCell:]	
105144f60	105145013	decompiled	chunks/001/functions-000067.c	-[SCSendToSpotlightSectionDataProvider _configureCarouselCollectionViewCell:]	
105145014	10514514f	decompiled	chunks/001/functions-000067.c	-[SCSendToSpotlightSectionDataProvider _createHighlightViewCellViewModel:]	
105145150	105145183	decompiled	chunks/001/functions-000067.c		
105145184	10514520b	decompiled	chunks/001/functions-000067.c	-[SCSendToSpotlightSectionDataProvider _configurePlaceTagCarouselCollectionViewCell:]	
10514520c	10514524b	decompiled	chunks/001/functions-000067.c	-[SCSendToSpotlightSectionDataProvider getSaveToProfileDefaultToggleValue]	
10514524c	105145253	decompiled	chunks/001/functions-000067.c	-[SCSendToSpotlightSectionDataProvider _setShouldAutoApprovalSpotlightReplies:]	
105145254	10514525b	decompiled	chunks/001/functions-000068.c	-[SCSendToSpotlightSectionDataProvider _setShouldAllowSpotlightRemixing:]	
10514525c	105145263	decompiled	chunks/001/functions-000068.c	-[SCSendToSpotlightSectionDataProvider _setShouldCreateHighlight:]	
105145264	105145763	decompiled	chunks/001/functions-000068.c	-[SCSendToSpotlightSectionDataProvider _spotlightContainerCellViewModelsFromNumberOfItemsInSection]	
105145764	1051457ff	decompiled	chunks/001/functions-000068.c		
105145800	1051459f7	decompiled	chunks/001/functions-000068.c	-[SCSendToSpotlightSectionDataProvider _snapMapContainerCellViewModelsFromNumberOfItemsInSection]	
1051459f8	105145a4b	decompiled	chunks/001/functions-000068.c		
105145a4c	105145bdf	decompiled	chunks/001/functions-000068.c	-[SCSendToSpotlightSectionDataProvider _containerCellViewModelsFromNumberOfItemsInSectionForIndexPaths:]	
105145be0	105145ca7	decompiled	chunks/001/functions-000068.c		
105145ca8	105145d27	decompiled	chunks/001/functions-000068.c	-[SCSendToSpotlightSectionDataProvider containerViewModelForSelectionStoryType:]	
105145d28	105145d83	decompiled	chunks/001/functions-000068.c		
105145d84	105145e1f	decompiled	chunks/001/functions-000068.c	-[SCSendToSpotlightSectionDataProvider _reuseIdentifierMatchesSelectionStoryType:selectionStoryType:]	
105145e20	105145f9f	decompiled	chunks/001/functions-000068.c	-[SCSendToSpotlightSectionDataProvider _createTopicCarouselViewController]	
105145fa0	105146087	decompiled	chunks/001/functions-000068.c	-[SCSendToSpotlightSectionDataProvider _updateSpotlightPlaceTagOnSelectionStateChange]	
105146088	10514609b	decompiled	chunks/001/functions-000068.c		
10514609c	1051460bb	decompiled	chunks/001/functions-000068.c	-[SCSendToSpotlightSectionDataProvider _useFullyRoundedCornersStyle]	
1051460bc	10514616f	decompiled	chunks/001/functions-000068.c	-[SCSendToSpotlightSectionDataProvider _handleOurStoryPlaceTagChanges:isSelected:ourStoryIndex:]	
105146170	10514632b	decompiled	chunks/001/functions-000068.c	-[SCSendToSpotlightSectionDataProvider _selectionStoriesHasSnapMap:]	
10514632c	105146367	decompiled	chunks/001/functions-000068.c		
105146368	10514637f	decompiled	chunks/001/functions-000068.c	-[SCSendToSpotlightSectionDataProvider dataProviderDelegate]	
105146380	10514638b	decompiled	chunks/001/functions-000068.c	-[SCSendToSpotlightSectionDataProvider setDataProviderDelegate:]	
10514638c	105146393	decompiled	chunks/001/functions-000068.c	-[SCSendToSpotlightSectionDataProvider sectionDataModel]	
105146394	10514639b	decompiled	chunks/001/functions-000068.c	-[SCSendToSpotlightSectionDataProvider updateQueuePerformer]	
10514639c	1051465b3	decompiled	chunks/001/functions-000068.c	-[SCSendToSpotlightSectionDataProvider .cxx_destruct]	
1051465b4	10514665f	decompiled	chunks/001/functions-000068.c	-[SCSendToSpotlightSectionDataSource initWithSpotlightStoryObservableRepository:useSpotlightSnapMap:selectionTracker:]	
105146660	105146723	decompiled	chunks/001/functions-000068.c	-[SCSendToSpotlightSectionDataSource selectionStoryObservableForSectionIdentifier:query:]	
105146724	105146813	decompiled	chunks/001/functions-000068.c	-[SCSendToSpotlightSectionDataSource _selectedSelectionStoryObservable:]	
105146814	10514688f	decompiled	chunks/001/functions-000068.c		
105146890	10514689f	decompiled	chunks/001/functions-000068.c		
1051468a0	1051468db	decompiled	chunks/001/functions-000068.c	-[SCSendToSpotlightSectionDataSource .cxx_destruct]	
1051468dc	1051469d7	decompiled	chunks/001/functions-000068.c	-[SCSendToSpotlightSectionDescriptor initWithSectionIdentifier:sendToExperimentConfiguration:sendToUIConfiguration:circumstanceEngine:]	
1051469d8	105146acf	decompiled	chunks/001/functions-000068.c	-[SCSendToSpotlightSectionDescriptor sectionDescriptorForQuery:]	
105146ad0	105146b17	decompiled	chunks/001/functions-000068.c	-[SCSendToSpotlightSectionDescriptor .cxx_destruct]	
105146b18	105146bcb	decompiled	chunks/001/functions-000068.c	-[SCSendToSpotlightToggleCell initWithFrame:]	
105146bcc	105146c33	decompiled	chunks/001/functions-000068.c	-[SCSendToSpotlightToggleCell layoutSubviews]	
105146c34	105146ca3	decompiled	chunks/001/functions-000068.c	-[SCSendToSpotlightToggleCell applyLayoutAttributes:]	
105146ca4	105146ddb	decompiled	chunks/001/functions-000068.c	-[SCSendToSpotlightToggleCell setViewModel:]	
105146ddc	105146f5f	decompiled	chunks/001/functions-000068.c	+[SCSendToSpotlightToggleCell sizeWithViewModel:constrainedToSize:]	
105146f60	105146f7f	decompiled	chunks/001/functions-000068.c	-[SCSendToSpotlightToggleCell setRoundedCorners:]	
105146f80	105147017	decompiled	chunks/001/functions-000068.c	-[SCSendToSpotlightToggleCell setSeparatorMask:]	
105147018	10514709f	decompiled	chunks/001/functions-000068.c	-[SCSendToSpotlightToggleCell setSeparatorColor:]	
1051470a0	1051470cb	decompiled	chunks/001/functions-000068.c	-[SCSendToSpotlightToggleCell _setupSubviews]	
1051470cc	1051475d3	decompiled	chunks/001/functions-000068.c	-[SCSendToSpotlightToggleCell _setupLayoutGuides]	
1051475d4	10514766f	decompiled	chunks/001/functions-000068.c	-[SCSendToSpotlightToggleCell _updateLayoutGuideConstraints]	
105147670	105147947	decompiled	chunks/001/functions-000068.c	-[SCSendToSpotlightToggleCell _setupBackgroundCardView]	
105147948	105147bbb	decompiled	chunks/001/functions-000068.c	-[SCSendToSpotlightToggleCell _setupToggleCellContentView]	
105147bbc	105147c13	decompiled	chunks/001/functions-000068.c	-[SCSendToSpotlightToggleCell _createTopSeparatorIfNeeded]	
105147c14	105147c6b	decompiled	chunks/001/functions-000068.c	-[SCSendToSpotlightToggleCell _createBottomSeparatorIfNeeded]	
105147c6c	105147cc3	decompiled	chunks/001/functions-000068.c	-[SCSendToSpotlightToggleCell _newSeparator]	
105147cc4	105147e7f	decompiled	chunks/001/functions-000068.c	-[SCSendToSpotlightToggleCell _updateBackgroundCardViewPath]	
105147e80	105147ef7	decompiled	chunks/001/functions-000068.c	-[SCSendToSpotlightToggleCell _updateShadows]	
105147ef8	1051480a7	decompiled	chunks/001/functions-000068.c	-[SCSendToSpotlightToggleCell _updateSeparators]	
1051480a8	1051481df	decompiled	chunks/001/functions-000068.c	-[SCSendToSpotlightToggleCell _updateMask]	
1051481e0	1051481ef	decompiled	chunks/001/functions-000068.c	-[SCSendToSpotlightToggleCell viewModel]	
1051481f0	1051481ff	decompiled	chunks/001/functions-000068.c	-[SCSendToSpotlightToggleCell separatorMask]	
105148200	10514820f	decompiled	chunks/001/functions-000068.c	-[SCSendToSpotlightToggleCell separatorColor]	
105148210	10514821f	decompiled	chunks/001/functions-000068.c	-[SCSendToSpotlightToggleCell roundedCorners]	
105148220	1051482cf	decompiled	chunks/001/functions-000068.c	-[SCSendToSpotlightToggleCell .cxx_destruct]	
1051482d0	10514835b	decompiled	chunks/001/functions-000068.c	-[SCSendToSpotlightToggleCellContentView initWithFrame:]	
10514835c	1051484cf	decompiled	chunks/001/functions-000068.c	-[SCSendToSpotlightToggleCellContentView configureWithViewModel:]	
1051484d0	10514859b	decompiled	chunks/001/functions-000068.c	-[SCSendToSpotlightToggleCellContentView _handleToggleAction:]	
10514859c	1051485d3	decompiled	chunks/001/functions-000068.c	-[SCSendToSpotlightToggleCellContentView _setupSubviews]	
1051485d4	1051486e7	decompiled	chunks/001/functions-000068.c	-[SCSendToSpotlightToggleCellContentView _createContentStackView]	
1051486e8	1051487ff	decompiled	chunks/001/functions-000068.c	-[SCSendToSpotlightToggleCellContentView _createLabelsStackView]	
105148800	1051488ab	decompiled	chunks/001/functions-000068.c	-[SCSendToSpotlightToggleCellContentView _createTitleLabel]	
1051488ac	105148957	decompiled	chunks/001/functions-000068.c	-[SCSendToSpotlightToggleCellContentView _createSubtitleLabel]	
105148958	105148a33	decompiled	chunks/001/functions-000068.c	-[SCSendToSpotlightToggleCellContentView _createToggleSwitch]	
105148a34	105148ab3	decompiled	chunks/001/functions-000068.c	-[SCSendToSpotlightToggleCellContentView .cxx_destruct]	
105148ab4	105148ca3	decompiled	chunks/001/functions-000068.c		
105148ca4	105148d9f	decompiled	chunks/001/functions-000068.c	-[SCSendToSpotlightSectionViewModelSource initWithCircumstanceEngine:sendToExperimentConfiguration:sendToUIConfiguration:subscriptionInfoProvider:]	
105148da0	105148eb3	decompiled	chunks/001/functions-000068.c	-[SCSendToSpotlightSectionViewModelSource selectionStoryViewModelGeneratorForSectionIdentifier:useCarouselSection:]	
105148eb4	105148f47	decompiled	chunks/001/functions-000068.c		
105148f48	105148f8f	decompiled	chunks/001/functions-000068.c	-[SCSendToSpotlightSectionViewModelSource .cxx_destruct]	
105148f90	1051490f7	decompiled	chunks/001/functions-000068.c	-[SCSendToSpotlightToggleCellViewModel initWithTitle:subtitle:toggleEnabled:toggleHandler:cellAccessibilityId:toggleAccessibilityId:isFullScreenEnabled:isLastRow:fullyRoundedCorners:]	
1051490f8	10514911b	decompiled	chunks/001/functions-000068.c	-[SCSendToSpotlightToggleCellViewModel copyWithZone:]	
10514911c	105149123	decompiled	chunks/001/functions-000068.c	-[SCSendToSpotlightToggleCellViewModel title]	
105149124	10514912b	decompiled	chunks/001/functions-000068.c	-[SCSendToSpotlightToggleCellViewModel subtitle]	
10514912c	105149133	decompiled	chunks/001/functions-000068.c	-[SCSendToSpotlightToggleCellViewModel toggleEnabled]	
105149134	10514913b	decompiled	chunks/001/functions-000068.c	-[SCSendToSpotlightToggleCellViewModel toggleHandler]	
10514913c	105149143	decompiled	chunks/001/functions-000068.c	-[SCSendToSpotlightToggleCellViewModel cellAccessibilityId]	
105149144	10514914b	decompiled	chunks/001/functions-000068.c	-[SCSendToSpotlightToggleCellViewModel toggleAccessibilityId]	
10514914c	105149153	decompiled	chunks/001/functions-000068.c	-[SCSendToSpotlightToggleCellViewModel isFullScreenEnabled]	
105149154	10514915b	decompiled	chunks/001/functions-000068.c	-[SCSendToSpotlightToggleCellViewModel isLastRow]	
10514915c	105149163	decompiled	chunks/001/functions-000068.c	-[SCSendToSpotlightToggleCellViewModel fullyRoundedCorners]	
105149164	1051491b7	decompiled	chunks/001/functions-000068.c	-[SCSendToSpotlightToggleCellViewModel .cxx_destruct]	
1051491b8	1051491c3	decompiled	chunks/001/functions-000068.c	-[SCFeatureSettingsService hasSeenSponsorMoreButtonTooltip]	
1051491c4	1051491cf	decompiled	chunks/001/functions-000068.c	-[SCFeatureSettingsService seenSponsorMoreButtonTooltipServerParam]	
1051491d0	1051491df	decompiled	chunks/001/functions-000068.c	-[SCFeatureSettingsService setSeenSponsorMoreButtonTooltip:]	
1051491e0	1051491e7	decompiled	chunks/001/functions-000068.c	-[SCFeatureSettingsService sponsor_more_button_tooltip_client_value:]	
1051491e8	1051491ef	decompiled	chunks/001/functions-000068.c	-[SCFeatureSettingsService sponsor_more_button_tooltip_server_value:]	
1051491f0	1051491ff	decompiled	chunks/001/functions-000068.c	-[SCFeatureSettingsService seenSponsorMoreButtonTooltip]	
105149200	10514920b	decompiled	chunks/001/functions-000068.c	-[SCFeatureSettingsService hasSeenExternalLinkSendingModal]	
10514920c	105149217	decompiled	chunks/001/functions-000068.c	-[SCFeatureSettingsService seenExternalLinkSendingModalServerParam]	
105149218	105149227	decompiled	chunks/001/functions-000068.c	-[SCFeatureSettingsService setSeenExternalLinkSendingModal:]	
105149228	10514922f	decompiled	chunks/001/functions-000068.c	-[SCFeatureSettingsService sharing_has_seen_contact_privacy_alert_client_value:]	
105149230	105149237	decompiled	chunks/001/functions-000068.c	-[SCFeatureSettingsService sharing_has_seen_contact_privacy_alert_server_value:]	
105149238	105149247	decompiled	chunks/001/functions-000068.c	-[SCFeatureSettingsService seenExternalLinkSendingModal]	
105149248	105149253	decompiled	chunks/001/functions-000068.c	-[SCFeatureSettingsService hasSeenSnapAnyoneSendingModal]	
105149254	10514925f	decompiled	chunks/001/functions-000068.c	-[SCFeatureSettingsService seenSnapAnyoneSendingModalServerParam]	
105149260	10514926f	decompiled	chunks/001/functions-000068.c	-[SCFeatureSettingsService setSeenSnapAnyoneSendingModal:]	
105149270	105149277	decompiled	chunks/001/functions-000068.c	-[SCFeatureSettingsService sharing_has_seen_snap_anyone_privacy_alert_client_value:]	
105149278	10514927f	decompiled	chunks/001/functions-000069.c	-[SCFeatureSettingsService sharing_has_seen_snap_anyone_privacy_alert_server_value:]	
105149280	10514928f	decompiled	chunks/001/functions-000069.c	-[SCFeatureSettingsService seenSnapAnyoneSendingModal]	
105149290	10514929b	decompiled	chunks/001/functions-000069.c	-[SCFeatureSettingsService hasSeenScheduleMoreButtonTooltip]	
10514929c	1051492a7	decompiled	chunks/001/functions-000069.c	-[SCFeatureSettingsService seenScheduleMoreButtonTooltipServerParam]	
1051492a8	1051492b7	decompiled	chunks/001/functions-000069.c	-[SCFeatureSettingsService setSeenScheduleMoreButtonTooltip:]	
1051492b8	1051492bf	decompiled	chunks/001/functions-000069.c	-[SCFeatureSettingsService schedule_more_button_tooltip_seen_client_value:]	
1051492c0	1051492c7	decompiled	chunks/001/functions-000069.c	-[SCFeatureSettingsService schedule_more_button_tooltip_seen_server_value:]	
1051492c8	1051492d7	decompiled	chunks/001/functions-000069.c	-[SCFeatureSettingsService seenScheduleMoreButtonTooltip]	
1051492d8	1051492e3	decompiled	chunks/001/functions-000069.c	-[SCFeatureSettingsService hasNewGroupButtonOnboardingAnimationShownCount]	
1051492e4	1051492ef	decompiled	chunks/001/functions-000069.c	-[SCFeatureSettingsService newGroupButtonOnboardingAnimationShownCountServerParam]	
1051492f0	1051492ff	decompiled	chunks/001/functions-000069.c	-[SCFeatureSettingsService setNewGroupButtonOnboardingAnimationShownCount:]	
105149300	105149307	decompiled	chunks/001/functions-000069.c	-[SCFeatureSettingsService NEW_GROUP_IN_RECIPIENTS_BAR_SEND_TO_EDUCATION_SHOWN_COUNT_client_value:]	
105149308	10514930f	decompiled	chunks/001/functions-000069.c	-[SCFeatureSettingsService NEW_GROUP_IN_RECIPIENTS_BAR_SEND_TO_EDUCATION_SHOWN_COUNT_server_value:]	
105149310	10514931f	decompiled	chunks/001/functions-000069.c	-[SCFeatureSettingsService newGroupButtonOnboardingAnimationShownCount]	
105149320	10514932b	decompiled	chunks/001/functions-000069.c	-[SCFeatureSettingsService hasSeenDragToSelectTooltip]	
10514932c	105149337	decompiled	chunks/001/functions-000069.c	-[SCFeatureSettingsService seenDragToSelectTooltipServerParam]	
105149338	105149347	decompiled	chunks/001/functions-000069.c	-[SCFeatureSettingsService setSeenDragToSelectTooltip:]	
105149348	10514934f	decompiled	chunks/001/functions-000069.c	-[SCFeatureSettingsService SEEN_DRAG_TO_SELECT_TOOLTIP_IN_SENDTO_PAGE_client_value:]	
105149350	105149357	decompiled	chunks/001/functions-000069.c	-[SCFeatureSettingsService SEEN_DRAG_TO_SELECT_TOOLTIP_IN_SENDTO_PAGE_server_value:]	
105149358	105149367	decompiled	chunks/001/functions-000069.c	-[SCFeatureSettingsService seenDragToSelectTooltip]	
105149368	105149373	decompiled	chunks/001/functions-000069.c	-[SCFeatureSettingsService hasRecentlyActiveEducationShownCount]	
105149374	10514937f	decompiled	chunks/001/functions-000069.c	-[SCFeatureSettingsService recentlyActiveEducationShownCountServerParam]	
105149380	10514938f	decompiled	chunks/001/functions-000069.c	-[SCFeatureSettingsService setRecentlyActiveEducationShownCount:]	
105149390	105149397	decompiled	chunks/001/functions-000069.c	-[SCFeatureSettingsService RECENTLY_ACTIVE_INDICATOR_EXPLANATION_SHOWN_COUNT_client_value:]	
105149398	10514939f	decompiled	chunks/001/functions-000069.c	-[SCFeatureSettingsService RECENTLY_ACTIVE_INDICATOR_EXPLANATION_SHOWN_COUNT_server_value:]	
1051493a0	1051493af	decompiled	chunks/001/functions-000069.c	-[SCFeatureSettingsService recentlyActiveEducationShownCount]	
1051493b0	1051493bb	decompiled	chunks/001/functions-000069.c	-[SCFeatureSettingsService hasSeenQueuedOffPlatformSharingTooltip]	
1051493bc	1051493c7	decompiled	chunks/001/functions-000069.c	-[SCFeatureSettingsService seenQueuedOffPlatformSharingTooltipServerParam]	
1051493c8	1051493d7	decompiled	chunks/001/functions-000069.c	-[SCFeatureSettingsService setSeenQueuedOffPlatformSharingTooltip:]	
1051493d8	1051493df	decompiled	chunks/001/functions-000069.c	-[SCFeatureSettingsService SEEN_QUEUED_OFF_PLATFORM_SHARING_TOOLTIP_IN_SENDTO_PAGE_client_value:]	
1051493e0	1051493e7	decompiled	chunks/001/functions-000069.c	-[SCFeatureSettingsService SEEN_QUEUED_OFF_PLATFORM_SHARING_TOOLTIP_IN_SENDTO_PAGE_server_value:]	
1051493e8	1051493f7	decompiled	chunks/001/functions-000069.c	-[SCFeatureSettingsService seenQueuedOffPlatformSharingTooltip]	
1051493f8	10514956b	decompiled	chunks/001/functions-000069.c	-[SCSendToHeaderTooltipsServicesEntryPoint begin]	
10514956c	1051495ab	decompiled	chunks/001/functions-000069.c		
1051495ac	105149677	decompiled	chunks/001/functions-000069.c	-[SCSendToHeaderTooltipsServicesEntryPoint _sendToTooltipsService]	
105149678	1051496cb	decompiled	chunks/001/functions-000069.c	-[SCSendToHeaderTooltipsServicesEntryPoint .cxx_destruct]	
1051496cc	10514976f	decompiled	chunks/001/functions-000069.c	-[SCSendToTooltipsServiceImpl initWithFeatureSettingsService:circumstanceEngine:]	
105149770	1051497af	decompiled	chunks/001/functions-000069.c	-[SCSendToTooltipsServiceImpl shouldDisplayListsFirstCreationTooltip]	
1051497b0	1051497e7	decompiled	chunks/001/functions-000069.c	-[SCSendToTooltipsServiceImpl setSeenListsFirstCreationTooltip]	
1051497e8	105149827	decompiled	chunks/001/functions-000069.c	-[SCSendToTooltipsServiceImpl shouldDisplaySponsorMoreButtonTooltip]	
105149828	10514985f	decompiled	chunks/001/functions-000069.c	-[SCSendToTooltipsServiceImpl setSeenSponsorMoreButtonTooltip]	
105149860	10514989f	decompiled	chunks/001/functions-000069.c	-[SCSendToTooltipsServiceImpl shouldDisplayExternalLinkSendingModal]	
1051498a0	1051498d7	decompiled	chunks/001/functions-000069.c	-[SCSendToTooltipsServiceImpl setSeenExternalLinkSendingModal]	
1051498d8	105149917	decompiled	chunks/001/functions-000069.c	-[SCSendToTooltipsServiceImpl shouldDisplaySnapAnyoneSendingModal]	
105149918	10514994f	decompiled	chunks/001/functions-000069.c	-[SCSendToTooltipsServiceImpl setSeenSnapAnyoneSendingModal]	
105149950	10514998f	decompiled	chunks/001/functions-000069.c	-[SCSendToTooltipsServiceImpl shouldDisplayScheduleMoreButtonTooltip]	
105149990	1051499c7	decompiled	chunks/001/functions-000069.c	-[SCSendToTooltipsServiceImpl setSeenScheduleMoreButtonTooltip]	
1051499c8	105149a23	decompiled	chunks/001/functions-000069.c	-[SCSendToTooltipsServiceImpl shouldDisplayNewGroupButtonOnboardingAnimation]	
105149a24	105149a63	decompiled	chunks/001/functions-000069.c	-[SCSendToTooltipsServiceImpl setSeenNewGroupButtonOnboardingAnimation]	
105149a64	105149aa3	decompiled	chunks/001/functions-000069.c	-[SCSendToTooltipsServiceImpl shouldDisplayDragToSelectTooltip]	
105149aa4	105149adb	decompiled	chunks/001/functions-000069.c	-[SCSendToTooltipsServiceImpl setSeenDragToSelectTooltip]	
105149adc	105149b13	decompiled	chunks/001/functions-000069.c	-[SCSendToTooltipsServiceImpl resetDragToSelectTooltip]	
105149b14	105149b6f	decompiled	chunks/001/functions-000069.c	-[SCSendToTooltipsServiceImpl shouldDisplayRecentlyActiveEducationCard]	
105149b70	105149bd7	decompiled	chunks/001/functions-000069.c	-[SCSendToTooltipsServiceImpl setSeenRecentlyActiveEducationCard]	
105149bd8	105149c17	decompiled	chunks/001/functions-000069.c	-[SCSendToTooltipsServiceImpl shouldDisplayQueuedOffPlatformSharingTooltip]	
105149c18	105149c4f	decompiled	chunks/001/functions-000069.c	-[SCSendToTooltipsServiceImpl setSeenQueuedOffPlatformSharingTooltip]	
105149c50	105149c87	decompiled	chunks/001/functions-000069.c	-[SCSendToTooltipsServiceImpl resetQueuedOffPlatformSharingTooltip]	
105149c88	105149cb7	decompiled	chunks/001/functions-000069.c	-[SCSendToTooltipsServiceImpl .cxx_destruct]	
105149cb8	10514a08f	decompiled	chunks/001/functions-000069.c	-[SCSendToListsEditEntryPoint begin]	
10514a090	10514a147	decompiled	chunks/001/functions-000069.c	-[SCSendToListsEditEntryPoint .cxx_destruct]	
10514a148	10514a2a7	decompiled	chunks/001/functions-000069.c	-[SCSendToListsEditMenuBusinessLogic initWithListsDataManager:snapchattersDataFetcher:performerProvider:delegate:]	
10514a2a8	10514a2ef	decompiled	chunks/001/functions-000069.c	-[SCSendToListsEditMenuBusinessLogic begin]	
10514a2f0	10514a31f	decompiled	chunks/001/functions-000069.c	-[SCSendToListsEditMenuBusinessLogic viewModel]	
10514a320	10514a3b3	decompiled	chunks/001/functions-000069.c	-[SCSendToListsEditMenuBusinessLogic handleAction:]	
10514a3b4	10514a4cf	decompiled	chunks/001/functions-000069.c		
10514a4d0	10514a507	decompiled	chunks/001/functions-000069.c		
10514a508	10514a50b	decompiled	chunks/001/functions-000069.c	-[SCSendToListsEditMenuBusinessLogic didUpdateListsWithListDataModels:deletedListDataModels:]	
10514a50c	10514a5ff	decompiled	chunks/001/functions-000069.c	-[SCSendToListsEditMenuBusinessLogic _fetchDataModels]	
10514a600	10514a6bf	decompiled	chunks/001/functions-000069.c		
10514a6c0	10514a6f3	decompiled	chunks/001/functions-000069.c		
10514a6f4	10514a9cb	decompiled	chunks/001/functions-000069.c	-[SCSendToListsEditMenuBusinessLogic _fetchSnapchattersAndFilterFromDataModels:]	
10514a9cc	10514aa1f	decompiled	chunks/001/functions-000069.c		
10514aa20	10514ae67	decompiled	chunks/001/functions-000069.c	-[SCSendToListsEditMenuBusinessLogic _filterSnapStarsAndUpdateViewModelWithSnapchatters:dataModels:]	
10514ae68	10514aed3	decompiled	chunks/001/functions-000069.c	-[SCSendToListsEditMenuBusinessLogic .cxx_destruct]	
10514aed4	10514af9b	decompiled	chunks/001/functions-000069.c	-[SCSendToListsEditMenuViewController initWithScreen:valdiRuntimeProvider:]	
10514af9c	10514b06b	decompiled	chunks/001/functions-000069.c	-[SCSendToListsEditMenuViewController loadView]	
10514b06c	10514b137	decompiled	chunks/001/functions-000069.c	-[SCSendToListsEditMenuViewController viewDidLoad]	
10514b138	10514b17f	decompiled	chunks/001/functions-000069.c		
10514b180	10514b18f	decompiled	chunks/001/functions-000069.c	-[SCSendToListsEditMenuViewController _updateWithViewModel:]	
10514b190	10514b1e7	decompiled	chunks/001/functions-000069.c	-[SCSendToListsEditMenuViewController viewDidAppear:]	
10514b1e8	10514b297	decompiled	chunks/001/functions-000069.c	-[SCSendToListsEditMenuViewController onDismiss]	
10514b298	10514b2e7	decompiled	chunks/001/functions-000069.c		
10514b2e8	10514b2ff	decompiled	chunks/001/functions-000069.c	-[SCSendToListsEditMenuViewController onTapOverlay]	
10514b300	10514b34b	decompiled	chunks/001/functions-000069.c	-[SCSendToListsEditMenuViewController onCreateNewList]	
10514b34c	10514b397	decompiled	chunks/001/functions-000069.c	-[SCSendToListsEditMenuViewController onEditListWithIdentifier:]	
10514b398	10514b39f	decompiled	chunks/001/functions-000069.c	-[SCSendToListsEditMenuViewController shouldRetainInstanceWhenMarshalling]	
10514b3a0	10514b3ab	decompiled	chunks/001/functions-000069.c	-[SCSendToListsEditMenuViewController pushToValdiMarshaller:]	
10514b3ac	10514b3fb	decompiled	chunks/001/functions-000069.c	-[SCSendToListsEditMenuViewController .cxx_destruct]	
10514b3fc	10514b693	decompiled	chunks/001/functions-000069.c	-[SCSendToListsEditRouteActionsImpl initWithListsDataManager:snapchattersDataFetcher:groupsDataFetcher:displayNameProvider:usernameProvider:recipientPickerScopeExposer:recipientPickerScopeServices:myUserId:uiContainer:valdiRuntimeProvider:performerProvider:]	
10514b694	10514b76f	decompiled	chunks/001/functions-000069.c	-[SCSendToListsEditRouteActionsImpl presentListsEditMenuWithDelegate:]	
10514b770	10514b8d3	decompiled	chunks/001/functions-000069.c	-[SCSendToListsEditRouteActionsImpl presentCreateListsRecipientPickerWithFromMenu:delegate:]	
10514b8d4	10514b937	decompiled	chunks/001/functions-000069.c		
10514b938	10514b943	decompiled	chunks/001/functions-000069.c		
10514b944	10514b9fb	decompiled	chunks/001/functions-000069.c	-[SCSendToListsEditRouteActionsImpl presentUpdateListsRecipientPickerWithListId:delegate:fromEditViewMenu:]	
10514b9fc	10514bb33	decompiled	chunks/001/functions-000069.c	-[SCSendToListsEditRouteActionsImpl _createRecipientPickerPresenterWithUIContainer:delegate:]	
10514bb34	10514bbf3	decompiled	chunks/001/functions-000069.c	-[SCSendToListsEditRouteActionsImpl .cxx_destruct]	
10514bbf4	10514bcb7	decompiled	chunks/001/functions-000069.c	-[SCSendToListsEditWorkflow initWithRouter:delegate:listId:]	
10514bcb8	10514be5b	decompiled	chunks/001/functions-000069.c	-[SCSendToListsEditWorkflow beginWorkflowWithIntent:]	
10514be5c	10514bef7	decompiled	chunks/001/functions-000069.c		
10514bef8	10514bf57	decompiled	chunks/001/functions-000069.c		
