address	end_address	status	pseudocode_file	runtime_label	error
10534a6f8	10534a74f	decompiled	chunks/002/functions-000180.c	-[SCNGOCodeVerificationEntryPoint codeVerificationExited]	
10534a750	10534a7e3	decompiled	chunks/002/functions-000180.c		
10534a7e4	10534a83b	decompiled	chunks/002/functions-000180.c	-[SCNGOCodeVerificationEntryPoint codeVerificationExitedWithUnretryableError]	
10534a83c	10534a8cf	decompiled	chunks/002/functions-000180.c		
10534a8d0	10534a97b	decompiled	chunks/002/functions-000180.c	-[SCNGOCodeVerificationEntryPoint codeVerificationResendCodeAttempted]	
10534a97c	10534aa27	decompiled	chunks/002/functions-000180.c	-[SCNGOCodeVerificationEntryPoint codeVerificationVerifyCodeAttempted]	
10534aa28	10534ab6b	decompiled	chunks/002/functions-000180.c	-[SCNGOCodeVerificationEntryPoint codeVerificationExitedToUsernamePasswordPage]	
10534ab6c	10534ab8b	decompiled	chunks/002/functions-000180.c	-[SCNGOCodeVerificationEntryPoint attributionServices]	
10534ab8c	10534ab9f	decompiled	chunks/002/functions-000180.c	-[SCNGOCodeVerificationEntryPoint setAttributionServices:]	
10534aba0	10534abe7	decompiled	chunks/002/functions-000180.c	-[SCNGOCodeVerificationEntryPoint .cxx_destruct]	
10534abe8	10534ade3	decompiled	chunks/002/functions-000180.c	-[SCNGOCodeVerificationBusinessLogic initWithCountdownTimer:channel:service:delegate:]	
10534ade4	10534b103	decompiled	chunks/002/functions-000180.c		
10534b104	10534b14b	decompiled	chunks/002/functions-000180.c	-[SCNGOCodeVerificationBusinessLogic begin]	
10534b14c	10534b263	decompiled	chunks/002/functions-000180.c	-[SCNGOCodeVerificationBusinessLogic handleAction:]	
10534b264	10534b31f	decompiled	chunks/002/functions-000180.c		
10534b320	10534b333	decompiled	chunks/002/functions-000180.c		
10534b334	10534b36b	decompiled	chunks/002/functions-000180.c		
10534b36c	10534b37b	decompiled	chunks/002/functions-000180.c		
10534b37c	10534b3eb	decompiled	chunks/002/functions-000180.c		
10534b3ec	10534b50b	decompiled	chunks/002/functions-000180.c	-[SCNGOCodeVerificationBusinessLogic viewModel]	
10534b50c	10534b5eb	decompiled	chunks/002/functions-000180.c	-[SCNGOCodeVerificationBusinessLogic _startCountdown]	
10534b5ec	10534b68b	decompiled	chunks/002/functions-000180.c		
10534b68c	10534b6bf	decompiled	chunks/002/functions-000180.c		
10534b6c0	10534b6ff	decompiled	chunks/002/functions-000180.c	-[SCNGOCodeVerificationBusinessLogic _updateWithRemainingTime:]	
10534b700	10534b8af	decompiled	chunks/002/functions-000180.c	-[SCNGOCodeVerificationBusinessLogic _resendCode]	
10534b8b0	10534b93f	decompiled	chunks/002/functions-000180.c		
10534b940	10534b96b	decompiled	chunks/002/functions-000180.c		
10534b96c	10534ba2b	decompiled	chunks/002/functions-000180.c		
10534ba2c	10534ba5f	decompiled	chunks/002/functions-000180.c		
10534ba60	10534bac7	decompiled	chunks/002/functions-000180.c	-[SCNGOCodeVerificationBusinessLogic _codeResendSuccess]	
10534bac8	10534bb4f	decompiled	chunks/002/functions-000180.c	-[SCNGOCodeVerificationBusinessLogic _resendCountdown]	
10534bb50	10534bb83	decompiled	chunks/002/functions-000180.c	-[SCNGOCodeVerificationBusinessLogic _resendButtonTitle]	
10534bb84	10534bca7	decompiled	chunks/002/functions-000180.c	-[SCNGOCodeVerificationBusinessLogic _codeResendFalure:]	
10534bca8	10534bce7	decompiled	chunks/002/functions-000180.c	-[SCNGOCodeVerificationBusinessLogic _canSubmit]	
10534bce8	10534beab	decompiled	chunks/002/functions-000180.c	-[SCNGOCodeVerificationBusinessLogic _submitCode:]	
10534beac	10534bf6b	decompiled	chunks/002/functions-000180.c		
10534bf6c	10534bf9f	decompiled	chunks/002/functions-000180.c		
10534bfa0	10534c05f	decompiled	chunks/002/functions-000180.c		
10534c060	10534c093	decompiled	chunks/002/functions-000180.c		
10534c094	10534c1c3	decompiled	chunks/002/functions-000180.c	-[SCNGOCodeVerificationBusinessLogic _codeVerificationSuccess:]	
10534c1c4	10534c2e7	decompiled	chunks/002/functions-000180.c	-[SCNGOCodeVerificationBusinessLogic _codeVerificationFailure:]	
10534c2e8	10534c333	decompiled	chunks/002/functions-000180.c	-[SCNGOCodeVerificationBusinessLogic _dismissVerifySuccessPrompt]	
10534c334	10534c457	decompiled	chunks/002/functions-000180.c	-[SCNGOCodeVerificationBusinessLogic _getCaption:formatString:]	
10534c458	10534c4db	decompiled	chunks/002/functions-000180.c	-[SCNGOCodeVerificationBusinessLogic _troubleVerifyingInfo]	
10534c4dc	10534c54f	decompiled	chunks/002/functions-000180.c	-[SCNGOCodeVerificationBusinessLogic _handleTroubleVerifyingButtonTapped]	
10534c550	10534c62b	decompiled	chunks/002/functions-000180.c	-[SCNGOCodeVerificationBusinessLogic .cxx_destruct]	
10534c62c	10534c6f3	decompiled	chunks/002/functions-000180.c	-[SCNGOCodeVerificationLoginViewController initWithScreen:currentPageTracker:]	
10534c6f4	10534c6fb	decompiled	chunks/002/functions-000180.c	-[SCNGOCodeVerificationLoginViewController pageViewName]	
10534c6fc	10534c76f	decompiled	chunks/002/functions-000180.c	-[SCNGOCodeVerificationLoginViewController viewDidLoad]	
10534c770	10534c7df	decompiled	chunks/002/functions-000180.c	-[SCNGOCodeVerificationLoginViewController viewDidAppear:]	
10534c7e0	10534c85f	decompiled	chunks/002/functions-000180.c	-[SCNGOCodeVerificationLoginViewController pinCodeInputFieldTextDidChange:wasAutofilled:]	
10534c860	10534c8ab	decompiled	chunks/002/functions-000180.c	-[SCNGOCodeVerificationLoginViewController presentationControllerDidDismiss:]	
10534c8ac	10534c8bb	decompiled	chunks/002/functions-000180.c	-[SCNGOCodeVerificationLoginViewController presentationControllerWillDismiss:]	
10534c8bc	10534c96b	decompiled	chunks/002/functions-000180.c	-[SCNGOCodeVerificationLoginViewController _startRenderingViewModels]	
10534c96c	10534c9b3	decompiled	chunks/002/functions-000180.c		
10534c9b4	10534cc73	decompiled	chunks/002/functions-000180.c	-[SCNGOCodeVerificationLoginViewController _setViewModel:]	
10534cc74	10534e2db	decompiled	chunks/002/functions-000180.c	-[SCNGOCodeVerificationLoginViewController _initSubviews]	
10534e2dc	10534e327	decompiled	chunks/002/functions-000180.c	-[SCNGOCodeVerificationLoginViewController _continueButtonTapped]	
10534e328	10534e373	decompiled	chunks/002/functions-000180.c	-[SCNGOCodeVerificationLoginViewController _resendButtonTapped]	
10534e374	10534e3bf	decompiled	chunks/002/functions-000180.c	-[SCNGOCodeVerificationLoginViewController _usePasswordButtonTapped]	
10534e3c0	10534e4af	decompiled	chunks/002/functions-000180.c	-[SCNGOCodeVerificationLoginViewController .cxx_destruct]	
10534e4b0	10534e577	decompiled	chunks/002/functions-000180.c	-[SCNGOCodeVerificationViewController initWithScreen:currentPageTracker:]	
10534e578	10534e57f	decompiled	chunks/002/functions-000180.c	-[SCNGOCodeVerificationViewController pageViewName]	
10534e580	10534e5f3	decompiled	chunks/002/functions-000180.c	-[SCNGOCodeVerificationViewController viewDidLoad]	
10534e5f4	10534e663	decompiled	chunks/002/functions-000180.c	-[SCNGOCodeVerificationViewController viewDidAppear:]	
10534e664	10534e6e3	decompiled	chunks/002/functions-000180.c	-[SCNGOCodeVerificationViewController pinCodeInputFieldTextDidChange:wasAutofilled:]	
10534e6e4	10534e72f	decompiled	chunks/002/functions-000180.c	-[SCNGOCodeVerificationViewController presentationControllerDidDismiss:]	
10534e730	10534e73f	decompiled	chunks/002/functions-000180.c	-[SCNGOCodeVerificationViewController presentationControllerWillDismiss:]	
10534e740	10534e7ef	decompiled	chunks/002/functions-000180.c	-[SCNGOCodeVerificationViewController _startRenderingViewModels]	
10534e7f0	10534e837	decompiled	chunks/002/functions-000180.c		
10534e838	10534eb8b	decompiled	chunks/002/functions-000180.c	-[SCNGOCodeVerificationViewController _setViewModel:]	
10534eb8c	1053501b7	decompiled	chunks/002/functions-000180.c	-[SCNGOCodeVerificationViewController _initSubviews]	
1053501b8	10535037f	decompiled	chunks/002/functions-000180.c	-[SCNGOCodeVerificationViewController _showErrorAlertWithMessage:]	
105350380	1053503bf	decompiled	chunks/002/functions-000180.c		
1053503c0	10535040b	decompiled	chunks/002/functions-000180.c	-[SCNGOCodeVerificationViewController _alertAcknowledged]	
10535040c	105350457	decompiled	chunks/002/functions-000180.c	-[SCNGOCodeVerificationViewController _continueButtonTapped]	
105350458	1053504a3	decompiled	chunks/002/functions-000180.c	-[SCNGOCodeVerificationViewController _resendButtonTapped]	
1053504a4	1053506ab	decompiled	chunks/002/functions-000180.c	-[SCNGOCodeVerificationViewController _showVerifySuccessPrompt:]	
1053506ac	105350753	decompiled	chunks/002/functions-000180.c		
105350754	10535077f	decompiled	chunks/002/functions-000180.c		
105350780	1053507cb	decompiled	chunks/002/functions-000180.c	-[SCNGOCodeVerificationViewController _dismissVerifySuccessPrompt]	
1053507cc	105350817	decompiled	chunks/002/functions-000180.c	-[SCNGOCodeVerificationViewController _troubleVerifyingButtonTapped]	
105350818	105350987	decompiled	chunks/002/functions-000180.c	-[SCNGOCodeVerificationViewController _showTroubleVerifyingAlertWithInfo:]	
105350988	105350997	decompiled	chunks/002/functions-000180.c		
105350998	105350a87	decompiled	chunks/002/functions-000180.c	-[SCNGOCodeVerificationViewController .cxx_destruct]	
105350a88	105350ba7	decompiled	chunks/002/functions-000180.c		
105350ba8	105350bf3	decompiled	chunks/002/functions-000180.c	+[SCNGOCodeVerificationAction acknowledgeAlert]	
105350bf4	105350c3f	decompiled	chunks/002/functions-000180.c	+[SCNGOCodeVerificationAction dismissVerifySuccessPrompt]	
105350c40	105350c8b	decompiled	chunks/002/functions-000180.c	+[SCNGOCodeVerificationAction exit]	
105350c8c	105350cd7	decompiled	chunks/002/functions-000180.c	+[SCNGOCodeVerificationAction resendCode]	
105350cd8	105350d23	decompiled	chunks/002/functions-000180.c	+[SCNGOCodeVerificationAction submitCode]	
105350d24	105350d6f	decompiled	chunks/002/functions-000180.c	+[SCNGOCodeVerificationAction troubleVerifyingButtonTapped]	
105350d70	105350ddb	decompiled	chunks/002/functions-000180.c	+[SCNGOCodeVerificationAction updateVerificationCodeWithCode:wasAutofilled:]	
105350ddc	105350e27	decompiled	chunks/002/functions-000180.c	+[SCNGOCodeVerificationAction usePassword]	
105350e28	105350e4b	decompiled	chunks/002/functions-000180.c	-[SCNGOCodeVerificationAction copyWithZone:]	
105350e4c	105350ebb	decompiled	chunks/002/functions-000180.c	-[SCNGOCodeVerificationAction hash]	
105350ebc	105350eff	decompiled	chunks/002/functions-000180.c	-[SCNGOCodeVerificationAction internalInit]	
105350f00	105350faf	decompiled	chunks/002/functions-000180.c	-[SCNGOCodeVerificationAction isEqual:]	
105350fb0	105351167	decompiled	chunks/002/functions-000180.c	-[SCNGOCodeVerificationAction matchUpdateVerificationCode:submitCode:resendCode:acknowledgeAlert:dismissVerifySuccessPrompt:troubleVerifyingButtonTapped:exit:usePassword:]	
105351168	105351173	decompiled	chunks/002/functions-000180.c	-[SCNGOCodeVerificationAction .cxx_destruct]	
105351174	1053513bf	decompiled	chunks/002/functions-000181.c	-[SCNGOCodeVerificationViewModel initWithTitle:caption:resendCountdown:resendButtonTitle:enteredCode:errorMessage:errorAlertMessage:enabled:inProgress:resendImage:verifySuccessPrompt:isTroubleVerifyingButtonHidden:troubleVerifyingInfo:]	
1053513c0	1053513e3	decompiled	chunks/002/functions-000181.c	-[SCNGOCodeVerificationViewModel copyWithZone:]	
1053513e4	1053514c7	decompiled	chunks/002/functions-000181.c	-[SCNGOCodeVerificationViewModel hash]	
1053514c8	10535165f	decompiled	chunks/002/functions-000181.c	-[SCNGOCodeVerificationViewModel isEqual:]	
105351660	105351667	decompiled	chunks/002/functions-000181.c	-[SCNGOCodeVerificationViewModel title]	
105351668	10535166f	decompiled	chunks/002/functions-000181.c	-[SCNGOCodeVerificationViewModel caption]	
105351670	105351677	decompiled	chunks/002/functions-000181.c	-[SCNGOCodeVerificationViewModel resendCountdown]	
105351678	10535167f	decompiled	chunks/002/functions-000181.c	-[SCNGOCodeVerificationViewModel resendButtonTitle]	
105351680	105351687	decompiled	chunks/002/functions-000181.c	-[SCNGOCodeVerificationViewModel enteredCode]	
105351688	10535168f	decompiled	chunks/002/functions-000181.c	-[SCNGOCodeVerificationViewModel errorMessage]	
105351690	105351697	decompiled	chunks/002/functions-000181.c	-[SCNGOCodeVerificationViewModel errorAlertMessage]	
105351698	10535169f	decompiled	chunks/002/functions-000181.c	-[SCNGOCodeVerificationViewModel enabled]	
1053516a0	1053516a7	decompiled	chunks/002/functions-000181.c	-[SCNGOCodeVerificationViewModel inProgress]	
1053516a8	1053516af	decompiled	chunks/002/functions-000181.c	-[SCNGOCodeVerificationViewModel resendImage]	
1053516b0	1053516b7	decompiled	chunks/002/functions-000181.c	-[SCNGOCodeVerificationViewModel verifySuccessPrompt]	
1053516b8	1053516bf	decompiled	chunks/002/functions-000181.c	-[SCNGOCodeVerificationViewModel isTroubleVerifyingButtonHidden]	
1053516c0	1053516c7	decompiled	chunks/002/functions-000181.c	-[SCNGOCodeVerificationViewModel troubleVerifyingInfo]	
1053516c8	105351757	decompiled	chunks/002/functions-000181.c	-[SCNGOCodeVerificationViewModel .cxx_destruct]	
105351758	10535193f	decompiled	chunks/002/functions-000181.c	-[SCAuthenticationFlowLoggerImpl initWithUserNotTrackedLogger:grapheneRegistry:authenticationSessionInfoProvider:lastLoginInfoRepository:loginSessionService:deviceInfoProvider:registrationFlowUUIDService:performerProvider:]	
105351940	1053519f7	decompiled	chunks/002/functions-000181.c	-[SCAuthenticationFlowLoggerImpl logPageView:]	
1053519f8	105351a2b	decompiled	chunks/002/functions-000181.c		
105351a2c	105351cc7	decompiled	chunks/002/functions-000181.c	-[SCAuthenticationFlowLoggerImpl _logPageView:]	
105351cc8	105351cfb	decompiled	chunks/002/functions-000181.c	-[SCAuthenticationFlowLoggerImpl _getPageName:]	
105351cfc	105351d73	decompiled	chunks/002/functions-000181.c	-[SCAuthenticationFlowLoggerImpl .cxx_destruct]	
105351d74	105351e57	decompiled	chunks/002/functions-000181.c	-[SCAuthenticationFlowLoggerServiceProvider provide]	
105351e58	105351e97	decompiled	chunks/002/functions-000181.c		
105351e98	1053520a3	decompiled	chunks/002/functions-000181.c	-[SCAuthenticationFlowLoggerServiceProvider _getLoggerImpl]	
1053520a4	105352123	decompiled	chunks/002/functions-000181.c	-[SCAuthenticationFlowLoggerServiceProvider .cxx_destruct]	
105352124	105352197	decompiled	chunks/002/functions-000181.c	-[SCAuthenticationOrchestrationServices initWithOrchestrator:]	
105352198	10535219f	decompiled	chunks/002/functions-000181.c	-[SCAuthenticationOrchestrationServices orchestrator]	
1053521a0	1053521ab	decompiled	chunks/002/functions-000181.c	-[SCAuthenticationOrchestrationServices .cxx_destruct]	
1053521ac	1053521ff	decompiled	chunks/002/functions-000181.c	-[SCDeepLinkTIVNonceServiceProvider provide]	
105352200	10535220f	decompiled	chunks/002/functions-000181.c	-[SCDeepLinkTIVNonceServiceProvider .cxx_destruct]	
105352210	10535240f	decompiled	chunks/002/functions-000181.c	-[SCOdlvEventLogger initWithStateTransitionMomentLogger:userNotTrackedLogger:authenticationFlowLogger:grapheneRegistry:lastLoginInfoRepository:loginSessionService:deviceInfoProvider:authenticationSessionInfoProvider:]	
105352410	10535243f	decompiled	chunks/002/functions-000181.c	-[SCOdlvEventLogger logOdlvLandingPageView]	
105352440	1053524df	decompiled	chunks/002/functions-000181.c	-[SCOdlvEventLogger logOdlvRequestOtp:]	
1053524e0	10535255b	decompiled	chunks/002/functions-000181.c	-[SCOdlvEventLogger logOdlvRequestOtpSuccess:]	
10535255c	105352587	decompiled	chunks/002/functions-000181.c	-[SCOdlvEventLogger logOdlvRequestOtpFailure:]	
105352588	1053525b7	decompiled	chunks/002/functions-000181.c	-[SCOdlvEventLogger logOdlvVerifyingPageView]	
1053525b8	105352617	decompiled	chunks/002/functions-000181.c	-[SCOdlvEventLogger logOdlvUnableToVerify:]	
105352618	105352653	decompiled	chunks/002/functions-000181.c	-[SCOdlvEventLogger logOdlvLogin]	
105352654	1053526c7	decompiled	chunks/002/functions-000181.c	-[SCOdlvEventLogger logOdlvLoginSuccess:]	
1053526c8	1053526f3	decompiled	chunks/002/functions-000181.c	-[SCOdlvEventLogger logOdlvLoginFailure:]	
1053526f4	105352707	decompiled	chunks/002/functions-000181.c	-[SCOdlvEventLogger _toOneTimePasscodeTypeFromLoginOdlvOtpType:]	
105352708	105352797	decompiled	chunks/002/functions-000181.c	-[SCOdlvEventLogger _logPageview:]	
105352798	1053527f7	decompiled	chunks/002/functions-000181.c	-[SCOdlvEventLogger _logSuccess:otpType:]	
1053527f8	105352857	decompiled	chunks/002/functions-000181.c	-[SCOdlvEventLogger _logFailure:otpType:]	
105352858	105352977	decompiled	chunks/002/functions-000181.c	-[SCOdlvEventLogger _logGrapheneWithPage:]	
105352978	105352a93	decompiled	chunks/002/functions-000181.c	-[SCOdlvEventLogger _logFsnJanusRolloutGrapheneWithEvent:]	
105352a94	105352bab	decompiled	chunks/002/functions-000181.c	-[SCOdlvEventLogger _logBlizzardEvent:]	
105352bac	105352bc7	decompiled	chunks/002/functions-000181.c	-[SCOdlvEventLogger _getCurrentPageFrom:]	
105352bc8	105352c3f	decompiled	chunks/002/functions-000181.c	-[SCOdlvEventLogger .cxx_destruct]	
105352c40	105352cd3	decompiled	chunks/002/functions-000181.c	-[SCOdlvLoggerServicesProvider provide]	
105352cd4	105352f6f	decompiled	chunks/002/functions-000181.c		
105352f70	105352f93	decompiled	chunks/002/functions-000181.c		
105352f94	105353013	decompiled	chunks/002/functions-000181.c	-[SCOdlvLoggerServicesProvider .cxx_destruct]	
105353014	10535303b	decompiled	chunks/002/functions-000181.c	-[SCRedirectToRegInfoProviderImpl username]	
10535303c	105353063	decompiled	chunks/002/functions-000181.c	-[SCRedirectToRegInfoProviderImpl email]	
105353064	10535308b	decompiled	chunks/002/functions-000181.c	-[SCRedirectToRegInfoProviderImpl phoneNumber]	
10535308c	1053531df	decompiled	chunks/002/functions-000181.c	-[SCRedirectToRegInfoProviderImpl updateWithLogInIdentifier:]	
1053531e0	10535321b	decompiled	chunks/002/functions-000181.c	-[SCRedirectToRegInfoProviderImpl clearRedirectToRegInfo]	
10535321c	105353257	decompiled	chunks/002/functions-000181.c	-[SCRedirectToRegInfoProviderImpl .cxx_destruct]	
105353258	1053532d3	decompiled	chunks/002/functions-000181.c	-[SCRedirectToRegInfoServicesEntryPoint begin]	
1053532d4	1053532ef	decompiled	chunks/002/functions-000181.c		
1053532f0	10535332b	decompiled	chunks/002/functions-000181.c	-[SCRedirectToRegInfoServicesEntryPoint .cxx_destruct]	
10535332c	1053533cf	decompiled	chunks/002/functions-000181.c	-[SCRegistrationCdnCofDownloader initWithNetworkService:taskManagementServices:]	
1053533d0	1053535ef	decompiled	chunks/002/functions-000181.c	-[SCRegistrationCdnCofDownloader beginDownloading]	
1053535f0	1053535f3	decompiled	chunks/002/functions-000181.c		
1053535f4	105353643	decompiled	chunks/002/functions-000181.c		
105353644	10535364b	decompiled	chunks/002/functions-000181.c	-[SCRegistrationCdnCofDownloader isCdnCofAvailable]	
10535364c	10535371b	decompiled	chunks/002/functions-000181.c	-[SCRegistrationCdnCofDownloader _parseCdnCofData:]	
10535371c	10535374b	decompiled	chunks/002/functions-000181.c	-[SCRegistrationCdnCofDownloader .cxx_destruct]	
10535374c	10535384b	decompiled	chunks/002/functions-000181.c	-[SCRegistrationLoggerServicesEntryPoint begin]	
10535384c	10535388b	decompiled	chunks/002/functions-000181.c		
10535388c	105353bc3	decompiled	chunks/002/functions-000181.c	-[SCRegistrationLoggerServicesEntryPoint _createRegistrationUserNotTrackedLogger]	
105353bc4	105353c8f	decompiled	chunks/002/functions-000181.c	-[SCRegistrationLoggerServicesEntryPoint .cxx_destruct]	
105353c90	105353f87	decompiled	chunks/002/functions-000181.c	-[SCRegistrationUserNotTrackedLogger initWithUserNotTrackedLogger:authenticationFlowLogger:circumstanceEngine:installServices:deviceInfoProvider:grapheneRegistry:registrationFlowUUIDService:authenticationSessionInfoProvider:loginInfoRepository:registrationLastPageService:registrationSourceService:cdnCofDownloader:countryProvider:]	
105353f88	105354047	decompiled	chunks/002/functions-000181.c	-[SCRegistrationUserNotTrackedLogger logRegistrationFlowEvent:pageType:unverifiedUserId:]	
105354048	105354053	decompiled	chunks/002/functions-000181.c	-[SCRegistrationUserNotTrackedLogger buildInstallSessionMetadata]	
105354054	1053541cb	decompiled	chunks/002/functions-000181.c	-[SCRegistrationUserNotTrackedLogger logPageView:unverifiedUserId:]	
1053541cc	10535424f	decompiled	chunks/002/functions-000181.c	-[SCRegistrationUserNotTrackedLogger logRegistrationNetworkRequestWithEndpoint:requestId:]	
105354250	105354323	decompiled	chunks/002/functions-000181.c	-[SCRegistrationUserNotTrackedLogger logRegistrationNetworkResponseWithEndpoint:requestId:success:grpcStatusCode:protoStatusCode:latencyMS:]	
105354324	105354417	decompiled	chunks/002/functions-000181.c	-[SCRegistrationUserNotTrackedLogger logResponseSuggestUsername:success:isAvailable:suggestions:]	
105354418	105354533	decompiled	chunks/002/functions-000181.c	-[SCRegistrationUserNotTrackedLogger logRegistrationUserExitPromptWithContext:page:]	
105354534	105354593	decompiled	chunks/002/functions-000181.c	-[SCRegistrationUserNotTrackedLogger logRegistrationUserInitialInputWithPage:field:]	
105354594	1053547bb	decompiled	chunks/002/functions-000181.c	-[SCRegistrationUserNotTrackedLogger logRegistrationEvent:]	
1053547bc	10535480b	decompiled	chunks/002/functions-000181.c		
10535480c	10535497b	decompiled	chunks/002/functions-000181.c	-[SCRegistrationUserNotTrackedLogger logGrapheneWithMetric:]	
10535497c	1053549d7	decompiled	chunks/002/functions-000181.c	-[SCRegistrationUserNotTrackedLogger _newDeviceDimensionValue]	
1053549d8	105354a4b	decompiled	chunks/002/functions-000181.c	-[SCRegistrationUserNotTrackedLogger _updateLastPage:]	
105354a4c	105354a93	decompiled	chunks/002/functions-000181.c	-[SCRegistrationUserNotTrackedLogger getLongClientId]	
105354a94	105354b5f	decompiled	chunks/002/functions-000181.c	-[SCRegistrationUserNotTrackedLogger _setHasLoggedInBeforeOnEvent:withValue:]	
105354b60	105354c2b	decompiled	chunks/002/functions-000181.c	-[SCRegistrationUserNotTrackedLogger _setAppAppearanceOnEvent:withValue:]	
105354c2c	105354cf7	decompiled	chunks/002/functions-000181.c	-[SCRegistrationUserNotTrackedLogger _setRegistrationSourceOnEvent:withValue:]	
105354cf8	105354dc3	decompiled	chunks/002/functions-000181.c	-[SCRegistrationUserNotTrackedLogger _setSystemAppearanceOnEvent:withValue:]	
105354dc4	105354e17	decompiled	chunks/002/functions-000181.c	-[SCRegistrationUserNotTrackedLogger _updateUserSignatureForVerificationEvent:unverifiedUserId:]	
105354e18	105354ecb	decompiled	chunks/002/functions-000181.c	-[SCRegistrationUserNotTrackedLogger .cxx_destruct]	
105354ecc	105354f3f	decompiled	chunks/002/functions-000181.c	-[SCBitmojiUnauthenticatedFetchServices initWithContentFetcher:]	
105354f40	105354f47	decompiled	chunks/002/functions-000181.c	-[SCBitmojiUnauthenticatedFetchServices contentFetcher]	
105354f48	105354f77	decompiled	chunks/002/functions-000181.c	-[SCBitmojiUnauthenticatedFetchServices setContentFetcher:]	
105354f78	105354f83	decompiled	chunks/002/functions-000182.c	-[SCBitmojiUnauthenticatedFetchServices .cxx_destruct]	
105354f84	1053550ff	decompiled	chunks/002/functions-000182.c	-[SCNotificationActionHandlerSystemScopedEntryPoint begin]	
105355100	1053551eb	decompiled	chunks/002/functions-000182.c	-[SCNotificationActionHandlerSystemScopedEntryPoint end]	
1053551ec	10535524f	decompiled	chunks/002/functions-000182.c	-[SCNotificationActionHandlerSystemScopedEntryPoint .cxx_destruct]	
105355250	105355353	decompiled	chunks/002/functions-000182.c	-[SCNotificationActionHandlerUnauthenticatedScopedEntryPoint begin]	
105355354	1053553f3	decompiled	chunks/002/functions-000182.c	-[SCNotificationActionHandlerUnauthenticatedScopedEntryPoint end]	
1053553f4	105355453	decompiled	chunks/002/functions-000182.c	-[SCNotificationActionHandlerUnauthenticatedScopedEntryPoint .cxx_destruct]	
105355454	1053557d7	decompiled	chunks/002/functions-000182.c	-[SCNotificationActionHandlerUserNavigationScopedEntryPoint begin]	
1053557d8	105355943	decompiled	chunks/002/functions-000182.c		
105355944	105355973	decompiled	chunks/002/functions-000182.c		
105355974	1053559cf	decompiled	chunks/002/functions-000182.c	-[SCNotificationActionHandlerUserNavigationScopedEntryPoint end]	
1053559d0	105355a6b	decompiled	chunks/002/functions-000182.c	-[SCNotificationActionHandlerUserNavigationScopedEntryPoint .cxx_destruct]	
105355a6c	105355b5b	decompiled	chunks/002/functions-000182.c	-[SCNotificationActionHandlerPostprocessPlugin initWithNotificationLifecycleEvents:systemApplicationLoggerServices:]	
105355b5c	105355b63	decompiled	chunks/002/functions-000182.c	-[SCNotificationActionHandlerPostprocessPlugin uniquePluginType]	
105355b64	105355cd7	decompiled	chunks/002/functions-000182.c	-[SCNotificationActionHandlerPostprocessPlugin processEvent:]	
105355cd8	105355de7	decompiled	chunks/002/functions-000182.c	-[SCNotificationActionHandlerPostprocessPlugin _recordAppOpenAttributionForNotification:]	
105355de8	105355e27	decompiled	chunks/002/functions-000182.c	-[SCNotificationActionHandlerPostprocessPlugin .cxx_destruct]	
105355e28	105355eab	decompiled	chunks/002/functions-000182.c	-[SCNotificationActionHandlerPreprocessPlugin initWithNotificationManager:]	
105355eac	105355eb3	decompiled	chunks/002/functions-000182.c	-[SCNotificationActionHandlerPreprocessPlugin uniquePluginType]	
105355eb4	105355f73	decompiled	chunks/002/functions-000182.c	-[SCNotificationActionHandlerPreprocessPlugin processEvent:]	
105355f74	105355f87	decompiled	chunks/002/functions-000182.c	-[SCNotificationActionHandlerPreprocessPlugin .cxx_destruct]	
105355f88	105356043	decompiled	chunks/002/functions-000182.c	-[SCNotificationActionHandlerUnauthenticatedPlugin initWithAutoOneTapLoginEventService:pendingAppNotificationStorage:]	
105356044	10535604b	decompiled	chunks/002/functions-000182.c	-[SCNotificationActionHandlerUnauthenticatedPlugin uniquePluginType]	
10535604c	1053560cf	decompiled	chunks/002/functions-000182.c	-[SCNotificationActionHandlerUnauthenticatedPlugin processEvent:]	
1053560d0	10535617f	decompiled	chunks/002/functions-000182.c	-[SCNotificationActionHandlerUnauthenticatedPlugin handleLogoutEligibleNotification:]	
105356180	1053561bf	decompiled	chunks/002/functions-000182.c	-[SCNotificationActionHandlerUnauthenticatedPlugin .cxx_destruct]	
1053561c0	105356263	decompiled	chunks/002/functions-000182.c	-[SCNotifOpenLogger initWithGraphene:performer:]	
105356264	105356313	decompiled	chunks/002/functions-000182.c	-[SCNotifOpenLogger logNotificationTap:isInAppNotification:]	
105356314	105356323	decompiled	chunks/002/functions-000182.c		
105356324	10535667b	decompiled	chunks/002/functions-000182.c	-[SCNotifOpenLogger _logNotificationTap:isInAppNotification:]	
10535667c	1053566cb	decompiled	chunks/002/functions-000182.c		
1053566cc	1053566fb	decompiled	chunks/002/functions-000182.c	-[SCNotifOpenLogger .cxx_destruct]	
1053566fc	10535698b	decompiled	chunks/002/functions-000182.c	-[SCNotificationActionHandlingNavigationWorkflow initWithNotificationLifecycleEvents:navigationController:applicationLifecycleNavigationHandler:deepLinkOnAppLaunchHandling:pageLauncher:configProvider:appStartExperimentReader:notifOpenLogger:]	
10535698c	105356a0b	decompiled	chunks/002/functions-000182.c		
105356a0c	105356ad7	decompiled	chunks/002/functions-000182.c	-[SCNotificationActionHandlingNavigationWorkflow _subscribeToNotificationLifeCycleEvents]	
105356ad8	105356bd3	decompiled	chunks/002/functions-000182.c		
105356bd4	105356c7b	decompiled	chunks/002/functions-000182.c		
105356c7c	105356c83	decompiled	chunks/002/functions-000182.c		
105356c84	105356ccb	decompiled	chunks/002/functions-000182.c		
105356ccc	1053573c7	decompiled	chunks/002/functions-000182.c	-[SCNotificationActionHandlingNavigationWorkflow _navigateAccordingToNotification:]	
1053573c8	1053573e3	decompiled	chunks/002/functions-000182.c		
1053573e4	10535745b	decompiled	chunks/002/functions-000182.c		
10535745c	105357547	decompiled	chunks/002/functions-000182.c	-[SCNotificationActionHandlingNavigationWorkflow _shouldNavigateAccordingToDeepLink:]	
105357548	1053575a7	decompiled	chunks/002/functions-000182.c	-[SCNotificationActionHandlingNavigationWorkflow _shouldNavigateAccordingToPageLaunchCommand:]	
1053575a8	105357607	decompiled	chunks/002/functions-000182.c	-[SCNotificationActionHandlingNavigationWorkflow _shouldNavigateAccordingToRoute:]	
105357608	105357627	decompiled	chunks/002/functions-000182.c	-[SCNotificationActionHandlingNavigationWorkflow _allowlistedDeeplinkPushType:]	
105357628	1053576c3	decompiled	chunks/002/functions-000182.c	-[SCNotificationActionHandlingNavigationWorkflow .cxx_destruct]	
1053576c4	1053576ff	decompiled	chunks/002/functions-000182.c	-[SCUnauthenticatedBadgeEntryPoint begin]	
105357700	10535770f	decompiled	chunks/002/functions-000182.c	-[SCUnauthenticatedBadgeEntryPoint .cxx_destruct]	
105357710	105357887	decompiled	chunks/002/functions-000182.c	-[SCAppAttestEntryPoint begin]	
105357888	105357907	decompiled	chunks/002/functions-000182.c		
105357908	105357a57	decompiled	chunks/002/functions-000182.c	-[SCAppAttestEntryPoint _registrationAppAttestStateManager]	
105357a58	105357b57	decompiled	chunks/002/functions-000182.c	-[SCAppAttestEntryPoint _loginAppAttestStateManager]	
105357b58	105357bc3	decompiled	chunks/002/functions-000182.c	-[SCAppAttestEntryPoint _appAttestRequirement]	
105357bc4	105357be7	decompiled	chunks/002/functions-000182.c		
105357be8	105357c53	decompiled	chunks/002/functions-000182.c	-[SCAppAttestEntryPoint _keyGenerationAndAttestationTimeout]	
105357c54	105357cbf	decompiled	chunks/002/functions-000182.c	-[SCAppAttestEntryPoint _assertionTimeout]	
105357cc0	105357d2f	decompiled	chunks/002/functions-000182.c	-[SCAppAttestEntryPoint _errorRetryBackoff]	
105357d30	105357d9b	decompiled	chunks/002/functions-000182.c	-[SCAppAttestEntryPoint _errorMaxRetries]	
105357d9c	105357dfb	decompiled	chunks/002/functions-000182.c	-[SCAppAttestEntryPoint .cxx_destruct]	
105357dfc	105357e7f	decompiled	chunks/002/functions-000182.c	-[SCAppAttestGeneratingKeyEntryPoint begin]	
105357e80	105357eb7	decompiled	chunks/002/functions-000182.c	-[SCAppAttestGeneratingKeyEntryPoint .cxx_destruct]	
105357eb8	105357f0f	decompiled	chunks/002/functions-000182.c	-[SCAppAttestRetrier initWithBackoff:maxRetries:]	
105357f10	105357fbb	decompiled	chunks/002/functions-000182.c	-[SCAppAttestRetrier retryBlock:onQueue:onMaximumRetries:]	
105357fbc	105357fc7	decompiled	chunks/002/functions-000182.c	-[SCAppAttestRetrier retryTimer]	
105357fc8	105357fcf	decompiled	chunks/002/functions-000182.c	-[SCAppAttestRetrier setRetryTimer:]	
105357fd0	105357fdb	decompiled	chunks/002/functions-000182.c	-[SCAppAttestRetrier .cxx_destruct]	
105357fdc	10535810f	decompiled	chunks/002/functions-000182.c	-[SCAppAttestStateImpl initWithRequirement:keyAttestationAndGenerationTimeout:assertionTimeout:errorRetryBackoff:errorMaxRetries:blizzardLogger:grapheneRegistry:]	
105358110	105358263	decompiled	chunks/002/functions-000182.c	-[SCAppAttestStateImpl generateKeyAndAttestation]	
105358264	10535828f	decompiled	chunks/002/functions-000182.c		
105358290	1053583a3	decompiled	chunks/002/functions-000182.c	-[SCAppAttestStateImpl generateAssertionWithData:completionHandler:]	
1053583a4	1053584b7	decompiled	chunks/002/functions-000182.c		
1053584b8	105358553	decompiled	chunks/002/functions-000182.c		
105358554	1053586bf	decompiled	chunks/002/functions-000182.c	-[SCAppAttestStateImpl _generateAndAttestKey]	
1053586c0	10535871b	decompiled	chunks/002/functions-000182.c		
10535871c	105358813	decompiled	chunks/002/functions-000182.c	-[SCAppAttestStateImpl _generateAndAttestKeyWithRetrier:]	
105358814	105358a3b	decompiled	chunks/002/functions-000182.c		
105358a3c	105358ab3	decompiled	chunks/002/functions-000182.c		
105358ab4	105358ac3	decompiled	chunks/002/functions-000182.c		
105358ac4	105358c4b	decompiled	chunks/002/functions-000182.c	-[SCAppAttestStateImpl _attestKey:withRetrier:]	
105358c4c	105358e87	decompiled	chunks/002/functions-000182.c		
105358e88	105358eff	decompiled	chunks/002/functions-000182.c		
105358f00	105358faf	decompiled	chunks/002/functions-000182.c	-[SCAppAttestStateImpl _getKeyIdAndAttestationWithCompletionHandler:]	
105358fb0	105359067	decompiled	chunks/002/functions-000182.c		
105359068	105359173	decompiled	chunks/002/functions-000182.c	-[SCAppAttestStateImpl _generateAssertionWithData:completionHandler:overheadStartSec:]	
105359174	1053593cb	decompiled	chunks/002/functions-000182.c		
1053593cc	10535946b	decompiled	chunks/002/functions-000182.c		
10535946c	105359677	decompiled	chunks/002/functions-000182.c	-[SCAppAttestStateImpl _generateAssertionWithData:completionHandler:overheadStartSec:keyId:attestation:promise:retrier:]	
105359678	1053598cb	decompiled	chunks/002/functions-000182.c		
1053598cc	10535994b	decompiled	chunks/002/functions-000182.c		
10535994c	105359af3	decompiled	chunks/002/functions-000182.c	-[SCAppAttestStateImpl _generateVendorAttestationWithKeyId:attestation:assertion:error:overheadStartSec:completionHandler:]	
105359af4	105359b0f	decompiled	chunks/002/functions-000182.c	-[SCAppAttestStateImpl _errorWithCode:]	
105359b10	105359b73	decompiled	chunks/002/functions-000182.c	-[SCAppAttestStateImpl _isRetryableError:]	
105359b74	105359bd7	decompiled	chunks/002/functions-000182.c	-[SCAppAttestStateImpl _objectOrNil:]	
105359bd8	105359bf3	decompiled	chunks/002/functions-000182.c	-[SCAppAttestStateImpl _appAttestStepToString:]	
105359bf4	105359cef	decompiled	chunks/002/functions-000182.c	-[SCAppAttestStateImpl _errorToString:]	
105359cf0	105359d5b	decompiled	chunks/002/functions-000182.c	-[SCAppAttestStateImpl _logStep:latencySec:error:]	
105359d5c	105359eaf	decompiled	chunks/002/functions-000182.c	-[SCAppAttestStateImpl _logBlizzardEventForStep:latencySec:error:]	
105359eb0	10535a023	decompiled	chunks/002/functions-000182.c	-[SCAppAttestStateImpl _logGrapheneMetricForStep:latencySec:error:]	
10535a024	10535a0af	decompiled	chunks/002/functions-000182.c	-[SCAppAttestStateImpl _logOverheadOnRegistration:]	
10535a0b0	10535a0bb	decompiled	chunks/002/functions-000183.c	-[SCAppAttestStateImpl nonce]	
10535a0bc	10535a0c3	decompiled	chunks/002/functions-000183.c	-[SCAppAttestStateImpl sharedService]	
10535a0c4	10535a0f3	decompiled	chunks/002/functions-000183.c	-[SCAppAttestStateImpl setSharedService:]	
10535a0f4	10535a153	decompiled	chunks/002/functions-000183.c	-[SCAppAttestStateImpl .cxx_destruct]	
10535a154	10535a25f	decompiled	chunks/002/functions-000183.c	-[SCAppAttestStateManagerImpl initWithRequirement:keyGenerationAndAttestationTimeout:assertionTimeout:errorRetryBackoff:errorMaxRetries:blizzardLogger:grapheneRegistry:]	
10535a260	10535a267	decompiled	chunks/002/functions-000183.c	-[SCAppAttestStateManagerImpl reinitState]	
10535a268	10535a2bf	decompiled	chunks/002/functions-000183.c	-[SCAppAttestStateManagerImpl _reinitStateWithRequirement:]	
10535a2c0	10535a2cb	decompiled	chunks/002/functions-000183.c	-[SCAppAttestStateManagerImpl state]	
10535a2cc	10535a2d3	decompiled	chunks/002/functions-000183.c	-[SCAppAttestStateManagerImpl sharedService]	
10535a2d4	10535a303	decompiled	chunks/002/functions-000183.c	-[SCAppAttestStateManagerImpl setSharedService:]	
10535a304	10535a357	decompiled	chunks/002/functions-000183.c	-[SCAppAttestStateManagerImpl .cxx_destruct]	
10535a358	10535a3c3	decompiled	chunks/002/functions-000183.c	-[SCPromiseWithTimeout init]	
10535a3c4	10535a46f	decompiled	chunks/002/functions-000183.c	-[SCPromiseWithTimeout completeWithValue:]	
10535a470	10535a51b	decompiled	chunks/002/functions-000183.c	-[SCPromiseWithTimeout completeWithError:]	
10535a51c	10535a577	decompiled	chunks/002/functions-000183.c	-[SCPromiseWithTimeout dealloc]	
10535a578	10535a6df	decompiled	chunks/002/functions-000183.c	-[SCPromiseWithTimeout timeOutAfter:withError:onQueue:]	
10535a6e0	10535a713	decompiled	chunks/002/functions-000183.c		
10535a714	10535a723	decompiled	chunks/002/functions-000183.c	-[SCPromiseWithTimeout timeToCompletion]	
10535a724	10535a733	decompiled	chunks/002/functions-000183.c	-[SCPromiseWithTimeout timeoutTimer]	
10535a734	10535a73f	decompiled	chunks/002/functions-000183.c	-[SCPromiseWithTimeout setTimeoutTimer:]	
10535a740	10535a753	decompiled	chunks/002/functions-000183.c	-[SCPromiseWithTimeout .cxx_destruct]	
10535a754	10535a77f	decompiled	chunks/002/functions-000183.c	+[SCGrapheneAppAttestMetric keyGenerationAndAttestation]	
10535a780	10535a7ab	decompiled	chunks/002/functions-000183.c	+[SCGrapheneAppAttestMetric assertion]	
10535a7ac	10535a7d7	decompiled	chunks/002/functions-000183.c	+[SCGrapheneAppAttestMetric overheadOnRegistration]	
10535a7d8	10535a803	decompiled	chunks/002/functions-000183.c	+[SCGrapheneAppAttestMetric retry]	
10535a804	10535a8a3	decompiled	chunks/002/functions-000183.c	-[SCGrapheneAppAttestMetric description]	
10535a8a4	10535aa03	decompiled	chunks/002/functions-000183.c	-[SCGrapheneRegistry appAttestGraphene]	
10535aa04	10535ab07	decompiled	chunks/002/functions-000183.c	-[SCPreLoginAttestationServiceEntryPoint begin]	
10535ab08	10535ab47	decompiled	chunks/002/functions-000183.c		
10535ab48	10535ac03	decompiled	chunks/002/functions-000183.c	-[SCPreLoginAttestationServiceEntryPoint _createPreLoginAttestationProvider]	
10535ac04	10535ac57	decompiled	chunks/002/functions-000183.c	-[SCPreLoginAttestationServiceEntryPoint .cxx_destruct]	
10535ac58	10535addb	decompiled	chunks/002/functions-000183.c	-[SCUserVerificationArgosServiceEntryPoint begin]	
10535addc	10535ae5b	decompiled	chunks/002/functions-000183.c		
10535ae5c	10535b08f	decompiled	chunks/002/functions-000183.c	-[SCUserVerificationArgosServiceEntryPoint _createArgosImpl]	
10535b090	10535b17b	decompiled	chunks/002/functions-000183.c	-[SCUserVerificationArgosServiceEntryPoint _getArgosScopedDirectory]	
10535b17c	10535b21f	decompiled	chunks/002/functions-000183.c	-[SCUserVerificationArgosServiceEntryPoint end]	
10535b220	10535b2b3	decompiled	chunks/002/functions-000183.c	-[SCUserVerificationArgosServiceEntryPoint .cxx_destruct]	
10535b2b4	10535be5b	decompiled	chunks/002/functions-000183.c	-[SCRegistrationEntryPoint begin]	
10535be5c	10535bfb3	decompiled	chunks/002/functions-000183.c		
10535bfb4	10535c02f	decompiled	chunks/002/functions-000183.c	-[SCRegistrationEntryPoint _createRegistrationFeatureLogger]	
10535c030	10535c0cf	decompiled	chunks/002/functions-000183.c	-[SCRegistrationEntryPoint _registrationChallenge]	
10535c0d0	10535c17f	decompiled	chunks/002/functions-000183.c	-[SCRegistrationEntryPoint _shouldShowCombinedDisplayNameLabel]	
10535c180	10535c1a3	decompiled	chunks/002/functions-000183.c		
10535c1a4	10535c21b	decompiled	chunks/002/functions-000183.c	-[SCRegistrationEntryPoint _shouldSkipUsernameIfPossible]	
10535c21c	10535c33f	decompiled	chunks/002/functions-000183.c	-[SCRegistrationEntryPoint _shouldCombineDisplayNameAndBirthday]	
10535c340	10535c42b	decompiled	chunks/002/functions-000183.c	-[SCRegistrationEntryPoint _shouldShowKoreanUserConsentChecklist]	
10535c42c	10535c553	decompiled	chunks/002/functions-000183.c	-[SCRegistrationEntryPoint _shouldUseAsciiOnlyPassword]	
10535c554	10535c67b	decompiled	chunks/002/functions-000183.c	-[SCRegistrationEntryPoint _shouldDisablePredictiveText]	
10535c67c	10535c69b	decompiled	chunks/002/functions-000183.c	-[SCRegistrationEntryPoint cosServices]	
10535c69c	10535c6af	decompiled	chunks/002/functions-000183.c	-[SCRegistrationEntryPoint setCosServices:]	
10535c6b0	10535c88f	decompiled	chunks/002/functions-000183.c	-[SCRegistrationEntryPoint .cxx_destruct]	
10535c890	10535c907	decompiled	chunks/002/functions-000183.c	-[SCRegistrationServicesEntryPoint begin]	
10535c908	10535c9bf	decompiled	chunks/002/functions-000183.c	-[SCRegistrationServicesEntryPoint _createRegistrationService]	
10535c9c0	10535c9ff	decompiled	chunks/002/functions-000183.c		
10535ca00	10535cf6f	decompiled	chunks/002/functions-000183.c	-[SCRegistrationServicesEntryPoint _createGrpcRegistrationService]	
10535cf70	10535cfd3	decompiled	chunks/002/functions-000183.c	-[SCRegistrationServicesEntryPoint _isPhoneEmailFirstEnabled]	
10535cfd4	10535d0f3	decompiled	chunks/002/functions-000183.c	-[SCRegistrationServicesEntryPoint .cxx_destruct]	
10535d0f4	10535d167	decompiled	chunks/002/functions-000183.c	-[SCRegistrationFeatureLogger initWithRegistrationUserNotTrackedLogger:]	
10535d168	10535d1cf	decompiled	chunks/002/functions-000183.c	-[SCRegistrationFeatureLogger logRegistrationUserDisplayNamePageviewWithVersion:]	
10535d1d0	10535d223	decompiled	chunks/002/functions-000183.c	-[SCRegistrationFeatureLogger logRegistrationUserDisplayNameSubmit]	
10535d224	10535d2b7	decompiled	chunks/002/functions-000183.c	-[SCRegistrationFeatureLogger logRegistrationUserSuggestedUsernamePageview:]	
10535d2b8	10535d36f	decompiled	chunks/002/functions-000183.c	-[SCRegistrationFeatureLogger logRegistrationSuggestedUsernameSwitchToUserInput:]	
10535d370	10535d3d7	decompiled	chunks/002/functions-000183.c	-[SCRegistrationFeatureLogger logRegistrationUserUsernamePageviewWithVersion:]	
10535d3d8	10535d48f	decompiled	chunks/002/functions-000183.c	-[SCRegistrationFeatureLogger logRegistrationUsernameAccept:]	
10535d490	10535d4e3	decompiled	chunks/002/functions-000183.c	-[SCRegistrationFeatureLogger logFeatureUsernameSuggestionRefreshUse]	
10535d4e4	10535d55b	decompiled	chunks/002/functions-000183.c	-[SCRegistrationFeatureLogger logResponseSuggestUsername:success:isAvailable:suggestions:]	
10535d55c	10535d5c3	decompiled	chunks/002/functions-000183.c	-[SCRegistrationFeatureLogger logRegistrationUserPasswordPageviewWithVersion:]	
10535d5c4	10535d62b	decompiled	chunks/002/functions-000183.c	-[SCRegistrationFeatureLogger logFeaturePasswordShowHideToggle:]	
10535d62c	10535d6bb	decompiled	chunks/002/functions-000183.c	-[SCRegistrationFeatureLogger logResponseRegister:success:errorSource:]	
10535d6bc	10535d75f	decompiled	chunks/002/functions-000183.c	-[SCRegistrationFeatureLogger logUserCreateAccount]	
10535d760	10535d88f	decompiled	chunks/002/functions-000183.c	-[SCRegistrationFeatureLogger logRegistrationUserInitialInfoSuccessWithUsername:userId:editBirthdayYear:editBirthdayMonth:editBirthdayDay:attemptCount:withVersion:preferredVerificationMethod:]	
10535d890	10535d91f	decompiled	chunks/002/functions-000183.c	-[SCRegistrationFeatureLogger logRegistrationUserInitialInfoFail:attemptCount:withVersion:]	
10535d920	10535d95f	decompiled	chunks/002/functions-000183.c	-[SCRegistrationFeatureLogger logPageView:]	
10535d960	10535d9c7	decompiled	chunks/002/functions-000183.c	-[SCRegistrationFeatureLogger logFeatureFieldAutofill:]	
10535d9c8	10535da17	decompiled	chunks/002/functions-000183.c	-[SCRegistrationFeatureLogger logRegistrationFlowEvent:pageType:]	
10535da18	10535db0f	decompiled	chunks/002/functions-000183.c	-[SCRegistrationFeatureLogger logRegistrationCreateAccountWithUnverifiedNGOSignUp:]	
10535db10	10535db7f	decompiled	chunks/002/functions-000183.c	-[SCRegistrationFeatureLogger logRegistrationNetworkRequestWithEndpoint:requestId:]	
10535db80	10535dc1f	decompiled	chunks/002/functions-000183.c	-[SCRegistrationFeatureLogger logRegistrationNetworkResponseWithEndpoint:requestId:success:grpcStatusCode:protoStatusCode:latencyMS:]	
10535dc20	10535dc9b	decompiled	chunks/002/functions-000183.c	-[SCRegistrationFeatureLogger logRegistrationUserEmailSuccess:]	
10535dc9c	10535dca7	decompiled	chunks/002/functions-000183.c	-[SCRegistrationFeatureLogger .cxx_destruct]	
10535dca8	10535dd1b	decompiled	chunks/002/functions-000183.c	-[SCRegistrationVerificationLogger initWithUserVerificationEventLogger:]	
10535dd1c	10535dd67	decompiled	chunks/002/functions-000183.c	-[SCRegistrationVerificationLogger logChallengeReceived:]	
10535dd68	10535de5f	decompiled	chunks/002/functions-000183.c	-[SCRegistrationVerificationLogger logChallengeAttemptedWithChallengeType:loggingData:]	
10535de60	10535e083	decompiled	chunks/002/functions-000183.c	-[SCRegistrationVerificationLogger logChallengeResultedWithChallengeType:challengeStatusCode:loggingData:]	
10535e084	10535e167	decompiled	chunks/002/functions-000183.c	-[SCRegistrationVerificationLogger _getEmailDomain:]	
10535e168	10535e173	decompiled	chunks/002/functions-000183.c	-[SCRegistrationVerificationLogger .cxx_destruct]	
10535e174	10535e2cf	decompiled	chunks/002/functions-000183.c	-[SCNGORegistrationDisplayNameViewController initWithScreen:viewConfig:privacyPolicyViewFactory:shouldShowCombinedDisplayNameLabel:shouldShowKoreanUserConsentChecklist:currentPageTracker:]	
10535e2d0	10535e2d7	decompiled	chunks/002/functions-000183.c	-[SCNGORegistrationDisplayNameViewController pageViewName]	
10535e2d8	10535e327	decompiled	chunks/002/functions-000183.c	-[SCNGORegistrationDisplayNameViewController viewDidLoad]	
10535e328	10535e3a7	decompiled	chunks/002/functions-000183.c	-[SCNGORegistrationDisplayNameViewController viewDidAppear:]	
10535e3a8	10535e467	decompiled	chunks/002/functions-000183.c	-[SCNGORegistrationDisplayNameViewController textFieldShouldReturn:]	
10535e468	10535e53f	decompiled	chunks/002/functions-000183.c	-[SCNGORegistrationDisplayNameViewController textFieldDidChange:]	
10535e540	10535e58b	decompiled	chunks/002/functions-000183.c	-[SCNGORegistrationDisplayNameViewController continueButtonTapped]	
10535e58c	10535e5d7	decompiled	chunks/002/functions-000183.c	-[SCNGORegistrationDisplayNameViewController backButtonTapped]	
10535e5d8	10535e627	decompiled	chunks/002/functions-000183.c	-[SCNGORegistrationDisplayNameViewController checklistView:allChecked:]	
10535e628	10535e677	decompiled	chunks/002/functions-000183.c	-[SCNGORegistrationDisplayNameViewController checklistView:selectedLinkWithURL:]	
10535e678	10535e727	decompiled	chunks/002/functions-000183.c	-[SCNGORegistrationDisplayNameViewController _startRenderingViewModels]	
10535e728	10535e76f	decompiled	chunks/002/functions-000183.c		
10535e770	10535ea67	decompiled	chunks/002/functions-000183.c	-[SCNGORegistrationDisplayNameViewController _update:]	
10535ea68	10535f36b	decompiled	chunks/002/functions-000183.c	-[SCNGORegistrationDisplayNameViewController _initSubviews]	
10535f36c	10535f677	decompiled	chunks/002/functions-000184.c	-[SCNGORegistrationDisplayNameViewController _initKoreanUserConsentViewIfNeeded]	
10535f678	10535fb97	decompiled	chunks/002/functions-000184.c	-[SCNGORegistrationDisplayNameViewController _initPrivacyView]	
10535fb98	10535fc17	decompiled	chunks/002/functions-000184.c	-[SCNGORegistrationDisplayNameViewController .cxx_destruct]	
10535fc18	10535fe2f	decompiled	chunks/002/functions-000184.c	-[SCRegistrationDisplayNameBusinessLogic initWithFirstName:lastName:delegate:inputValidationEnabled:inputValidationServiceFactory:signupTransitionLogger:registrationFeatureLogger:userInitialInputLogger:usernameSuggestionFetcher:shouldShowCombinedDisplayNameLabel:shouldShowKoreanUserConsentChecklist:]	
10535fe30	10535fec7	decompiled	chunks/002/functions-000184.c	-[SCRegistrationDisplayNameBusinessLogic begin]	
10535fec8	105360123	decompiled	chunks/002/functions-000184.c	-[SCRegistrationDisplayNameBusinessLogic viewModel]	
105360124	1053601f7	decompiled	chunks/002/functions-000184.c	-[SCRegistrationDisplayNameBusinessLogic handleAction:]	
1053601f8	105360223	decompiled	chunks/002/functions-000184.c		
105360224	10536027b	decompiled	chunks/002/functions-000184.c		
10536027c	105360347	decompiled	chunks/002/functions-000184.c	-[SCRegistrationDisplayNameBusinessLogic _checkDisplayNameValidityWithFirstNameText:lastNameText:]	
105360348	10536054b	decompiled	chunks/002/functions-000184.c	-[SCRegistrationDisplayNameBusinessLogic _submitDisplayName]	
10536054c	1053605bf	decompiled	chunks/002/functions-000184.c	-[SCRegistrationDisplayNameBusinessLogic _getTrimmedNameWithNameText:]	
1053605c0	1053605ff	decompiled	chunks/002/functions-000184.c	-[SCRegistrationDisplayNameBusinessLogic _koreanUserConsentDidChange:]	
105360600	105360633	decompiled	chunks/002/functions-000184.c	-[SCRegistrationDisplayNameBusinessLogic _backButtonTapped]	
105360634	105360813	decompiled	chunks/002/functions-000184.c	-[SCRegistrationDisplayNameBusinessLogic _logUserInitialInputIfNeededWithNewFirstName:newLastName:]	
105360814	1053608bf	decompiled	chunks/002/functions-000184.c	-[SCRegistrationDisplayNameBusinessLogic .cxx_destruct]	
1053608c0	105360a2b	decompiled	chunks/002/functions-000184.c	-[SCNGORegistrationPasswordViewController initWithScreen:viewConfig:asciiOnlyPassword:disablePredictiveText:currentPageTracker:]	
105360a2c	105360a33	decompiled	chunks/002/functions-000184.c	-[SCNGORegistrationPasswordViewController pageViewName]	
105360a34	105360a8f	decompiled	chunks/002/functions-000184.c	-[SCNGORegistrationPasswordViewController viewDidLoad]	
105360a90	105360adf	decompiled	chunks/002/functions-000184.c	-[SCNGORegistrationPasswordViewController viewDidAppear:]	
105360ae0	105360b57	decompiled	chunks/002/functions-000184.c	-[SCNGORegistrationPasswordViewController textFieldShouldReturn:]	
105360b58	105360bd7	decompiled	chunks/002/functions-000184.c	-[SCNGORegistrationPasswordViewController textFieldDidChange:]	
105360bd8	105360d0f	decompiled	chunks/002/functions-000184.c	-[SCNGORegistrationPasswordViewController textField:shouldChangeCharactersInRange:replacementString:]	
105360d10	105360d5b	decompiled	chunks/002/functions-000184.c	-[SCNGORegistrationPasswordViewController rightViewButtonPressed:]	
105360d5c	105360da7	decompiled	chunks/002/functions-000184.c	-[SCNGORegistrationPasswordViewController accessoryTextLinkPressedWithURL:]	
105360da8	105360df3	decompiled	chunks/002/functions-000184.c	-[SCNGORegistrationPasswordViewController continueButtonTapped]	
105360df4	105360e3f	decompiled	chunks/002/functions-000184.c	-[SCNGORegistrationPasswordViewController backButtonTapped]	
105360e40	105360e8b	decompiled	chunks/002/functions-000184.c	-[SCNGORegistrationPasswordViewController didToggleCheckbox:]	
105360e8c	105360f3b	decompiled	chunks/002/functions-000184.c	-[SCNGORegistrationPasswordViewController _startRenderingViewModels]	
105360f3c	105360f83	decompiled	chunks/002/functions-000184.c		
105360f84	10536128f	decompiled	chunks/002/functions-000184.c	-[SCNGORegistrationPasswordViewController _update:]	
105361290	1053613af	decompiled	chunks/002/functions-000184.c		
1053613b0	105361b37	decompiled	chunks/002/functions-000184.c	-[SCNGORegistrationPasswordViewController _initSubviews]	
105361b38	105361d1b	decompiled	chunks/002/functions-000184.c	-[SCNGORegistrationPasswordViewController _displayErrorAlertDialogWithTitle:message:]	
105361d1c	105361d5b	decompiled	chunks/002/functions-000184.c		
105361d5c	105361da7	decompiled	chunks/002/functions-000184.c	-[SCNGORegistrationPasswordViewController _errorAlertDismissed]	
105361da8	105361e27	decompiled	chunks/002/functions-000184.c	-[SCNGORegistrationPasswordViewController .cxx_destruct]	
105361e28	105361fb3	decompiled	chunks/002/functions-000184.c	-[SCRegistrationPasswordBusinessLogic initWithDelegate:registrationUser:registrationService:signupTransitionLogger:registrationFeatureLogger:userInitialInputLogger:isComplexityV2Enabled:]	
105361fb4	1053620ff	decompiled	chunks/002/functions-000184.c	-[SCRegistrationPasswordBusinessLogic begin]	
105362100	1053621db	decompiled	chunks/002/functions-000184.c	-[SCRegistrationPasswordBusinessLogic viewModel]	
1053621dc	1053622eb	decompiled	chunks/002/functions-000184.c	-[SCRegistrationPasswordBusinessLogic handleAction:]	
1053622ec	105362323	decompiled	chunks/002/functions-000184.c		
105362324	10536232b	decompiled	chunks/002/functions-000184.c		
10536232c	1053623b7	decompiled	chunks/002/functions-000184.c		
1053623b8	10536243f	decompiled	chunks/002/functions-000184.c		
105362440	105362503	decompiled	chunks/002/functions-000184.c		
105362504	105362517	decompiled	chunks/002/functions-000184.c		
105362518	10536256f	decompiled	chunks/002/functions-000184.c		
105362570	1053626b7	decompiled	chunks/002/functions-000184.c	-[SCRegistrationPasswordBusinessLogic _canContinue]	
1053626b8	1053626cb	decompiled	chunks/002/functions-000184.c		
1053626cc	10536277f	decompiled	chunks/002/functions-000184.c	-[SCRegistrationPasswordBusinessLogic _checkPasswordValidityRealTime]	
105362780	10536288b	decompiled	chunks/002/functions-000184.c	-[SCRegistrationPasswordBusinessLogic _errorAlertDidDismiss]	
10536288c	105362b53	decompiled	chunks/002/functions-000184.c	-[SCRegistrationPasswordBusinessLogic _submitPassword]	
105362b54	105362c13	decompiled	chunks/002/functions-000184.c		
105362c14	105362c47	decompiled	chunks/002/functions-000184.c		
105362c48	105362cc7	decompiled	chunks/002/functions-000184.c		
105362cc8	105362d87	decompiled	chunks/002/functions-000184.c		
105362d88	105362dbb	decompiled	chunks/002/functions-000184.c		
105362dbc	105363093	decompiled	chunks/002/functions-000184.c	-[SCRegistrationPasswordBusinessLogic _handleRegisterSuccessWithRegistrationResponse:]	
105363094	105363193	decompiled	chunks/002/functions-000184.c	-[SCRegistrationPasswordBusinessLogic _handleRegisterChallenge:authSessionPayload:clientRequestId:]	
105363194	10536334b	decompiled	chunks/002/functions-000184.c	-[SCRegistrationPasswordBusinessLogic _handleRegisterFailureWithError:]	
10536334c	105363373	decompiled	chunks/002/functions-000184.c	-[SCRegistrationPasswordBusinessLogic _isRetryableError]	
105363374	1053633a7	decompiled	chunks/002/functions-000184.c	-[SCRegistrationPasswordBusinessLogic _exit]	
1053633a8	10536345f	decompiled	chunks/002/functions-000184.c	-[SCRegistrationPasswordBusinessLogic _logRegistraterError:]	
105363460	10536352f	decompiled	chunks/002/functions-000184.c	-[SCRegistrationPasswordBusinessLogic _hasSubmittedEmail]	
105363530	1053635c7	decompiled	chunks/002/functions-000184.c	-[SCRegistrationPasswordBusinessLogic _hasVerifiedPhone]	
1053635c8	10536363f	decompiled	chunks/002/functions-000184.c	-[SCRegistrationPasswordBusinessLogic _isNGOFlow]	
105363640	1053637bb	decompiled	chunks/002/functions-000184.c	-[SCRegistrationPasswordBusinessLogic _getRegistrationEmailAndPhoneNumberErrorMessage]	
1053637bc	10536385f	decompiled	chunks/002/functions-000184.c	-[SCRegistrationPasswordBusinessLogic _getRegistrationEmailErrorMessage]	
105363860	1053639a7	decompiled	chunks/002/functions-000184.c	-[SCRegistrationPasswordBusinessLogic _getRegistrationPhoneNumberErrorMessage]	
1053639a8	105363a83	decompiled	chunks/002/functions-000184.c	-[SCRegistrationPasswordBusinessLogic .cxx_destruct]	
105363a84	105363b97	decompiled	chunks/002/functions-000184.c	-[SCNGORegistrationSuggestedUsernameViewController initWithScreen:viewConfig:currentPageTracker:]	
105363b98	105363b9f	decompiled	chunks/002/functions-000184.c	-[SCNGORegistrationSuggestedUsernameViewController pageViewName]	
105363ba0	105363bfb	decompiled	chunks/002/functions-000184.c	-[SCNGORegistrationSuggestedUsernameViewController viewDidLoad]	
105363bfc	105363c07	decompiled	chunks/002/functions-000184.c	-[SCNGORegistrationSuggestedUsernameViewController bottomConstant]	
105363c08	105363c53	decompiled	chunks/002/functions-000184.c	-[SCNGORegistrationSuggestedUsernameViewController continueButtonTapped]	
105363c54	105363c9f	decompiled	chunks/002/functions-000184.c	-[SCNGORegistrationSuggestedUsernameViewController backButtonTapped]	
105363ca0	105363d4f	decompiled	chunks/002/functions-000184.c	-[SCNGORegistrationSuggestedUsernameViewController _startRenderingViewModels]	
105363d50	105363d97	decompiled	chunks/002/functions-000184.c		
105363d98	105363e6b	decompiled	chunks/002/functions-000184.c	-[SCNGORegistrationSuggestedUsernameViewController _update:]	
105363e6c	1053647df	decompiled	chunks/002/functions-000184.c	-[SCNGORegistrationSuggestedUsernameViewController _initSubviews]	
1053647e0	10536482b	decompiled	chunks/002/functions-000184.c	-[SCNGORegistrationSuggestedUsernameViewController _changeUsernameButtonTapped]	
10536482c	105364877	decompiled	chunks/002/functions-000184.c	-[SCNGORegistrationSuggestedUsernameViewController didToggleCheckbox:]	
105364878	105364907	decompiled	chunks/002/functions-000184.c	-[SCNGORegistrationSuggestedUsernameViewController .cxx_destruct]	
105364908	105364a53	decompiled	chunks/002/functions-000184.c	-[SCRegistrationSuggestedUsernameBusinessLogic initWithDelegate:usernameSuggestions:registrationFeatureLogger:registrationRequestObservable:]	
105364a54	105364bf7	decompiled	chunks/002/functions-000184.c	-[SCRegistrationSuggestedUsernameBusinessLogic begin]	
105364bf8	105364cb7	decompiled	chunks/002/functions-000184.c		
105364cb8	105364cf7	decompiled	chunks/002/functions-000184.c		
105364cf8	105364da3	decompiled	chunks/002/functions-000184.c	-[SCRegistrationSuggestedUsernameBusinessLogic handleAction:]	
105364da4	105364dcf	decompiled	chunks/002/functions-000184.c		
105364dd0	105364e47	decompiled	chunks/002/functions-000184.c	-[SCRegistrationSuggestedUsernameBusinessLogic viewModel]	
105364e48	105364ec3	decompiled	chunks/002/functions-000184.c	-[SCRegistrationSuggestedUsernameBusinessLogic _submitUsername]	
105364ec4	105364ef7	decompiled	chunks/002/functions-000184.c	-[SCRegistrationSuggestedUsernameBusinessLogic _exit]	
105364ef8	105364f6f	decompiled	chunks/002/functions-000184.c	-[SCRegistrationSuggestedUsernameBusinessLogic _switchToUserInput]	
105364f70	105364faf	decompiled	chunks/002/functions-000184.c	-[SCRegistrationSuggestedUsernameBusinessLogic _registrationStatusChanged:]	
105364fb0	10536502b	decompiled	chunks/002/functions-000184.c	-[SCRegistrationSuggestedUsernameBusinessLogic .cxx_destruct]	
10536502c	10536513f	decompiled	chunks/002/functions-000184.c	-[SCNGORegistrationUsernameViewController initWithScreen:viewConfig:currentPageTracker:]	
105365140	105365147	decompiled	chunks/002/functions-000184.c	-[SCNGORegistrationUsernameViewController pageViewName]	
105365148	1053651a3	decompiled	chunks/002/functions-000184.c	-[SCNGORegistrationUsernameViewController viewDidLoad]	
1053651a4	1053651f3	decompiled	chunks/002/functions-000184.c	-[SCNGORegistrationUsernameViewController viewDidAppear:]	
1053651f4	10536526b	decompiled	chunks/002/functions-000185.c	-[SCNGORegistrationUsernameViewController textFieldShouldReturn:]	
10536526c	1053652eb	decompiled	chunks/002/functions-000185.c	-[SCNGORegistrationUsernameViewController textFieldDidChange:]	
1053652ec	105365337	decompiled	chunks/002/functions-000185.c	-[SCNGORegistrationUsernameViewController rightViewButtonPressed:]	
105365338	105365383	decompiled	chunks/002/functions-000185.c	-[SCNGORegistrationUsernameViewController didSelectSuggestionAtIndex:]	
105365384	1053653cf	decompiled	chunks/002/functions-000185.c	-[SCNGORegistrationUsernameViewController continueButtonTapped]	
1053653d0	10536541b	decompiled	chunks/002/functions-000185.c	-[SCNGORegistrationUsernameViewController backButtonTapped]	
10536541c	1053654cb	decompiled	chunks/002/functions-000185.c	-[SCNGORegistrationUsernameViewController _startRenderingViewModels]	
1053654cc	105365513	decompiled	chunks/002/functions-000185.c		
105365514	1053657db	decompiled	chunks/002/functions-000185.c	-[SCNGORegistrationUsernameViewController _update:]	
1053657dc	10536595b	decompiled	chunks/002/functions-000185.c		
10536595c	105366417	decompiled	chunks/002/functions-000185.c	-[SCNGORegistrationUsernameViewController _initSubviews]	
105366418	105366463	decompiled	chunks/002/functions-000185.c	-[SCNGORegistrationUsernameViewController didToggleCheckbox:]	
105366464	1053664e3	decompiled	chunks/002/functions-000185.c	-[SCNGORegistrationUsernameViewController .cxx_destruct]	
1053664e4	105366727	decompiled	chunks/002/functions-000185.c	-[SCRegistrationUsernameBusinessLogic initWithUsername:usernameSuggestions:delegate:usernameValidationService:usernameAvailabilityChecker:signupTransitionLogger:registrationFeatureLogger:userInitialInputLogger:registrationRequestObservable:]	
105366728	1053668a7	decompiled	chunks/002/functions-000185.c	-[SCRegistrationUsernameBusinessLogic begin]	
1053668a8	105366967	decompiled	chunks/002/functions-000185.c		
105366968	1053669a7	decompiled	chunks/002/functions-000185.c		
1053669a8	105366c8b	decompiled	chunks/002/functions-000185.c	-[SCRegistrationUsernameBusinessLogic viewModel]	
105366c8c	105366d7f	decompiled	chunks/002/functions-000185.c	-[SCRegistrationUsernameBusinessLogic handleAction:]	
105366d80	105366d87	decompiled	chunks/002/functions-000185.c		
105366d88	105366dbf	decompiled	chunks/002/functions-000185.c		
105366dc0	105366edb	decompiled	chunks/002/functions-000185.c		
105366edc	105366f03	decompiled	chunks/002/functions-000185.c		
105366f04	105366f43	decompiled	chunks/002/functions-000185.c	-[SCRegistrationUsernameBusinessLogic _setState:]	
105366f44	105366f67	decompiled	chunks/002/functions-000185.c	-[SCRegistrationUsernameBusinessLogic _canContinue]	
105366f68	105367023	decompiled	chunks/002/functions-000185.c	-[SCRegistrationUsernameBusinessLogic _rotateUsernameSuggestion]	
105367024	1053670c7	decompiled	chunks/002/functions-000185.c	-[SCRegistrationUsernameBusinessLogic _didSelectUsernameSuggestion:]	
1053670c8	1053671ff	decompiled	chunks/002/functions-000185.c	-[SCRegistrationUsernameBusinessLogic _checkUsernameValidity:]	
105367200	1053672ef	decompiled	chunks/002/functions-000185.c		
1053672f0	105367323	decompiled	chunks/002/functions-000185.c		
105367324	105367513	decompiled	chunks/002/functions-000185.c	-[SCRegistrationUsernameBusinessLogic _localValidationDidCompleteWithRequestedUsername:errorMessage:]	
105367514	1053675eb	decompiled	chunks/002/functions-000185.c		
1053675ec	10536761f	decompiled	chunks/002/functions-000185.c		
105367620	1053676fb	decompiled	chunks/002/functions-000185.c	-[SCRegistrationUsernameBusinessLogic _checkUsernameDidCompleteWithResult:requestedUsername:]	
1053676fc	10536774f	decompiled	chunks/002/functions-000185.c		
105367750	1053677f3	decompiled	chunks/002/functions-000185.c		
1053677f4	1053677ff	decompiled	chunks/002/functions-000185.c		
105367800	105367893	decompiled	chunks/002/functions-000185.c	-[SCRegistrationUsernameBusinessLogic _setInitialUsername]	
105367894	105367927	decompiled	chunks/002/functions-000185.c	-[SCRegistrationUsernameBusinessLogic _submitUsername]	
105367928	1053679f3	decompiled	chunks/002/functions-000185.c	-[SCRegistrationUsernameBusinessLogic _isTheLatestRequest:]	
1053679f4	105367a5f	decompiled	chunks/002/functions-000185.c	-[SCRegistrationUsernameBusinessLogic _nextSuggestion]	
105367a60	105367a6f	decompiled	chunks/002/functions-000185.c	-[SCRegistrationUsernameBusinessLogic _updateSuggestionIndexTo:]	
105367a70	105367b33	decompiled	chunks/002/functions-000185.c	-[SCRegistrationUsernameBusinessLogic _hasAlternateSuggestionToCurrentUsername]	
105367b34	105367b4b	decompiled	chunks/002/functions-000185.c	-[SCRegistrationUsernameBusinessLogic _getSuggestionStringArray:]	
105367b4c	105367b8b	decompiled	chunks/002/functions-000185.c	-[SCRegistrationUsernameBusinessLogic _registrationStatusChanged:]	
105367b8c	105367c67	decompiled	chunks/002/functions-000185.c	-[SCRegistrationUsernameBusinessLogic .cxx_destruct]	
105367c68	105367ce3	decompiled	chunks/002/functions-000185.c	-[SCNGORegistrationUsernameSuggestionView initWithDelegate:]	
105367ce4	105367e53	decompiled	chunks/002/functions-000185.c	-[SCNGORegistrationUsernameSuggestionView updateSuggestions:]	
105367e54	105368153	decompiled	chunks/002/functions-000185.c	-[SCNGORegistrationUsernameSuggestionView _setup]	
105368154	1053681d7	decompiled	chunks/002/functions-000185.c	-[SCNGORegistrationUsernameSuggestionView touchesShouldCancelInContentView:]	
1053681d8	10536823f	decompiled	chunks/002/functions-000185.c	-[SCNGORegistrationUsernameSuggestionView _didSelectPillButton:]	
105368240	10536828b	decompiled	chunks/002/functions-000185.c	-[SCNGORegistrationUsernameSuggestionView .cxx_destruct]	
10536828c	105368657	decompiled	chunks/002/functions-000185.c		
105368658	10536866f	decompiled	chunks/002/functions-000185.c		
105368670	105368b2b	decompiled	chunks/002/functions-000185.c	-[SCGrpcRegistrationService initWithUnifiedGrpcJanusRegistrationService:deviceIdentifierProvider:registrationFlowUUIDService:authenticationSessionInfoProvider:deviceIdManager:deviceCheckManager:appAttestStateManager:fideliusClientInitInfoProvider:preLoginAttestationProvider:carrierNetworkInfoProvider:networkConnectivityMonitor:circumstanceEngine:transitionMomentLogger:identityRequestLogger:registrationLogger:clientIdProvider:deviceIdHoldoutStateProvider:configVersionProvider:cloudAccountIdProvider:networkLoggingService:performerProvider:isPhoneEmailFirstEnabled:]	
105368b2c	105368d4b	decompiled	chunks/002/functions-000185.c	-[SCGrpcRegistrationService registerWithUser:successBlock:challengeBlock:failureBlock:]	
105368d4c	10536919b	decompiled	chunks/002/functions-000185.c		
10536919c	1053692fb	decompiled	chunks/002/functions-000185.c		
1053692fc	1053695eb	decompiled	chunks/002/functions-000185.c		
1053695ec	105369703	decompiled	chunks/002/functions-000185.c		
105369704	10536a133	decompiled	chunks/002/functions-000185.c	-[SCGrpcRegistrationService _registerWithUser:vendorAttestation:deviceCheckToken:tempIdentity:clientInit:cofEtag:attemptNumber:clientNetworkRequestId:isNGO:successBlock:challengeBlock:failureBlock:]	
10536a134	10536a177	decompiled	chunks/002/functions-000185.c		
10536a178	10536a237	decompiled	chunks/002/functions-000185.c		
10536a238	10536a2d7	decompiled	chunks/002/functions-000185.c		
10536a2d8	10536a34f	decompiled	chunks/002/functions-000185.c		
10536a350	10536aa53	decompiled	chunks/002/functions-000185.c	-[SCGrpcRegistrationService _handleRegisterUsernamePasswordWithResponse:error:user:username:tempIdentity:clientNetworkRequestId:submitRequestTime:attemptNumber:endpoint:successBlock:challengeBlock:failureBlock:]	
10536aa54	10536aebb	decompiled	chunks/002/functions-000185.c		
10536aebc	10536af97	decompiled	chunks/002/functions-000185.c		
10536af98	10536b15f	decompiled	chunks/002/functions-000185.c		
10536b160	10536b163	decompiled	chunks/002/functions-000185.c		
10536b164	10536b1c3	decompiled	chunks/002/functions-000185.c		
10536b1c4	10536b92b	decompiled	chunks/002/functions-000185.c	-[SCGrpcRegistrationService _oAuthRegisterWithUser:vendorAttestation:deviceCheckToken:tempIdentity:clientInit:cofEtag:attemptNumber:clientNetworkRequestId:successBlock:challengeBlock:failureBlock:]	
10536b92c	10536b933	decompiled	chunks/002/functions-000185.c		
10536b934	10536ba8b	decompiled	chunks/002/functions-000185.c		
10536ba8c	10536ba8f	decompiled	chunks/002/functions-000185.c		
10536ba90	10536bb2f	decompiled	chunks/002/functions-000185.c		
10536bb30	10536c247	decompiled	chunks/002/functions-000185.c	-[SCGrpcRegistrationService _handleOAuthRegisterUsernamePasswordWithResponse:error:user:username:tempIdentity:clientNetworkRequestId:submitRequestTime:attemptNumber:endpoint:successBlock:challengeBlock:failureBlock:]	
10536c248	10536c347	decompiled	chunks/002/functions-000185.c		
10536c348	10536ca23	decompiled	chunks/002/functions-000185.c	-[SCGrpcRegistrationService _googleRegisterWithUser:vendorAttestation:deviceCheckToken:tempIdentity:clientInit:cofEtag:attemptNumber:clientNetworkRequestId:successBlock:challengeBlock:failureBlock:]	
10536ca24	10536ca2b	decompiled	chunks/002/functions-000185.c		
10536ca2c	10536caeb	decompiled	chunks/002/functions-000185.c		
10536caec	10536caef	decompiled	chunks/002/functions-000185.c		
10536caf0	10536cb57	decompiled	chunks/002/functions-000185.c		
10536cb58	10536cc7b	decompiled	chunks/002/functions-000185.c		
10536cc7c	10536cf97	decompiled	chunks/002/functions-000185.c	-[SCGrpcRegistrationService _handleRegisterWithGoogleErrorWithResponse:error:user:clientNetworkRequestId:submitRequestTime:endpoint:failureBlock:]	
10536cf98	10536d05f	decompiled	chunks/002/functions-000185.c	-[SCGrpcRegistrationService _withUsername:registrationMethod:requestParams:]	
10536d060	10536d6c7	decompiled	chunks/002/functions-000185.c	-[SCGrpcRegistrationService _prepareRequestWithUsername:registrationMethod:clientNetworkRequestId:requestParams:]	
10536d6c8	10536d6df	decompiled	chunks/002/functions-000185.c		
10536d6e0	10536d86b	decompiled	chunks/002/functions-000185.c		
10536d86c	10536d8ef	decompiled	chunks/002/functions-000185.c		
10536d8f0	10536d9bf	decompiled	chunks/002/functions-000185.c		
10536d9c0	10536da9b	decompiled	chunks/002/functions-000185.c	-[SCGrpcRegistrationService _gTPDateFromDate:]	
10536da9c	10536db1b	decompiled	chunks/002/functions-000185.c	-[SCGrpcRegistrationService _carrierCountryCodeFromSIM]	
10536db1c	10536dc3b	decompiled	chunks/002/functions-000185.c	-[SCGrpcRegistrationService _computeRegistrationErrorMessageFromError:isEmptyResponse:]	
10536dc3c	10536dd43	decompiled	chunks/002/functions-000185.c	-[SCGrpcRegistrationService _logAppAttestRetryWithCount:]	
10536dd44	10536de8b	decompiled	chunks/002/functions-000185.c	-[SCGrpcRegistrationService _logRegistrationNetworkState:registrationMethod:clientNetworkRequestId:]	
10536de8c	10536deb3	decompiled	chunks/002/functions-000185.c		
10536deb4	10536df47	decompiled	chunks/002/functions-000185.c		
10536df48	10536df6f	decompiled	chunks/002/functions-000185.c		
10536df70	10536e0b7	decompiled	chunks/002/functions-000185.c	-[SCGrpcRegistrationService _logRequestPreparationTaskState:registrationMethod:task:clientNetworkRequestId:]	
10536e0b8	10536e0df	decompiled	chunks/002/functions-000186.c		
10536e0e0	10536e173	decompiled	chunks/002/functions-000186.c		
10536e174	10536e19b	decompiled	chunks/002/functions-000186.c		
10536e19c	10536e2ef	decompiled	chunks/002/functions-000186.c	-[SCGrpcRegistrationService _logGrpcResponse:status:grpcStatus:latencyMs:]	
10536e2f0	10536e327	decompiled	chunks/002/functions-000186.c		
10536e328	10536e3bb	decompiled	chunks/002/functions-000186.c		
10536e3bc	10536e3f3	decompiled	chunks/002/functions-000186.c		
10536e3f4	10536e507	decompiled	chunks/002/functions-000186.c	-[SCGrpcRegistrationService .cxx_destruct]	
10536e508	10536e673	decompiled	chunks/002/functions-000186.c	-[SCRegistrationUsernameValidationService initWithUsernameValidator:circumstanceEngine:]	
10536e674	10536e6b3	decompiled	chunks/002/functions-000186.c		
10536e6b4	10536e893	decompiled	chunks/002/functions-000186.c	-[SCRegistrationUsernameValidationService validateUsernameLocallyAfterDelayWithUsername:completion:]	
10536e894	10536e93f	decompiled	chunks/002/functions-000186.c		
10536e940	10536e9a7	decompiled	chunks/002/functions-000186.c		
10536e9a8	10536ea43	decompiled	chunks/002/functions-000186.c	-[SCRegistrationUsernameValidationService _performCheckUsernameValidityWithUsername:completion:]	
10536ea44	10536ea83	decompiled	chunks/002/functions-000186.c	-[SCRegistrationUsernameValidationService _createDebouncer]	
10536ea84	10536eacb	decompiled	chunks/002/functions-000186.c	-[SCRegistrationUsernameValidationService .cxx_destruct]	
10536eacc	10536eb0b	decompiled	chunks/002/functions-000186.c		
10536eb0c	10536eb93	decompiled	chunks/002/functions-000186.c	-[SCRegistrationDefaultStateTransition initWithFromNGOPhoneEmailFirst:shouldSkipUsername:]	
10536eb94	10536ebe3	decompiled	chunks/002/functions-000186.c	-[SCRegistrationDefaultStateTransition getNextStateConfigFromState:action:]	
10536ebe4	10536ec67	decompiled	chunks/002/functions-000186.c	-[SCRegistrationDefaultStateTransition stateConfigForState:]	
10536ec68	10536eefb	decompiled	chunks/002/functions-000186.c	-[SCRegistrationDefaultStateTransition viewConfigForState:]	
10536eefc	10536efcb	decompiled	chunks/002/functions-000186.c		
10536efcc	10536f1db	decompiled	chunks/002/functions-000186.c	-[SCRegistrationDefaultStateTransition _getNextStateFromState:action:]	
10536f1dc	10536f1f3	decompiled	chunks/002/functions-000186.c		
10536f1f4	10536f6b7	decompiled	chunks/002/functions-000186.c		
10536f6b8	10536f6bf	decompiled	chunks/002/functions-000186.c		
10536f6c0	10536f787	decompiled	chunks/002/functions-000186.c	-[SCRegistrationDefaultStateTransition _shouldShow1TLCheckboxForState:]	
10536f788	10536f7f7	decompiled	chunks/002/functions-000186.c	-[SCRegistrationDefaultStateTransition isNextStateTheLastState:]	
10536f7f8	10536f947	decompiled	chunks/002/functions-000186.c	-[SCRegistrationDefaultStateTransition isValidPageState:]	
10536f948	10536f99b	decompiled	chunks/002/functions-000186.c		
10536f99c	10536f9a7	decompiled	chunks/002/functions-000186.c	-[SCRegistrationDefaultStateTransition initialState]	
10536f9a8	10536f9b3	decompiled	chunks/002/functions-000186.c	-[SCRegistrationDefaultStateTransition .cxx_destruct]	
10536f9b4	10536fa43	decompiled	chunks/002/functions-000186.c	-[SCRegistrationDisplayNameBirthdayStateTransition initWithFromNGOPhoneEmailFirst:shouldSkipUsername:shouldSkipPassword:]	
10536fa44	10536fa93	decompiled	chunks/002/functions-000186.c	-[SCRegistrationDisplayNameBirthdayStateTransition getNextStateConfigFromState:action:]	
10536fa94	10536fb17	decompiled	chunks/002/functions-000186.c	-[SCRegistrationDisplayNameBirthdayStateTransition stateConfigForState:]	
10536fb18	10536fd9b	decompiled	chunks/002/functions-000186.c	-[SCRegistrationDisplayNameBirthdayStateTransition viewConfigForState:]	
10536fd9c	10536fe4b	decompiled	chunks/002/functions-000186.c		
10536fe4c	10537005f	decompiled	chunks/002/functions-000186.c	-[SCRegistrationDisplayNameBirthdayStateTransition _getNextStateFromState:action:]	
105370060	105370077	decompiled	chunks/002/functions-000186.c		
105370078	1053705fb	decompiled	chunks/002/functions-000186.c		
1053705fc	105370603	decompiled	chunks/002/functions-000186.c		
105370604	1053706cb	decompiled	chunks/002/functions-000186.c	-[SCRegistrationDisplayNameBirthdayStateTransition _shouldShow1TLCheckboxForState:]	
1053706cc	10537073b	decompiled	chunks/002/functions-000186.c	-[SCRegistrationDisplayNameBirthdayStateTransition isNextStateTheLastState:]	
10537073c	1053708fb	decompiled	chunks/002/functions-000186.c	-[SCRegistrationDisplayNameBirthdayStateTransition isValidPageState:]	
1053708fc	1053709cb	decompiled	chunks/002/functions-000186.c		
1053709cc	1053709d7	decompiled	chunks/002/functions-000186.c	-[SCRegistrationDisplayNameBirthdayStateTransition initialState]	
1053709d8	1053709e3	decompiled	chunks/002/functions-000186.c	-[SCRegistrationDisplayNameBirthdayStateTransition .cxx_destruct]	
1053709e4	105370a5b	decompiled	chunks/002/functions-000186.c	-[SCRegistrationNoDisplayNameNoPasswordStateTransition initWithShouldSkipUsername:]	
105370a5c	105370aab	decompiled	chunks/002/functions-000186.c	-[SCRegistrationNoDisplayNameNoPasswordStateTransition getNextStateConfigFromState:action:]	
105370aac	105370b2f	decompiled	chunks/002/functions-000186.c	-[SCRegistrationNoDisplayNameNoPasswordStateTransition stateConfigForState:]	
105370b30	105370e13	decompiled	chunks/002/functions-000186.c	-[SCRegistrationNoDisplayNameNoPasswordStateTransition viewConfigForState:]	
105370e14	105370ee3	decompiled	chunks/002/functions-000186.c		
105370ee4	105371147	decompiled	chunks/002/functions-000186.c	-[SCRegistrationNoDisplayNameNoPasswordStateTransition _getNextStateFromState:action:]	
105371148	10537115f	decompiled	chunks/002/functions-000186.c		
105371160	105371553	decompiled	chunks/002/functions-000186.c		
105371554	10537155b	decompiled	chunks/002/functions-000186.c		
10537155c	105371623	decompiled	chunks/002/functions-000186.c	-[SCRegistrationNoDisplayNameNoPasswordStateTransition _shouldShow1TLCheckboxForState:]	
105371624	105371693	decompiled	chunks/002/functions-000186.c	-[SCRegistrationNoDisplayNameNoPasswordStateTransition isNextStateTheLastState:]	
105371694	10537182b	decompiled	chunks/002/functions-000186.c	-[SCRegistrationNoDisplayNameNoPasswordStateTransition isValidPageState:]	
10537182c	1053718af	decompiled	chunks/002/functions-000186.c		
1053718b0	1053718bb	decompiled	chunks/002/functions-000186.c	-[SCRegistrationNoDisplayNameNoPasswordStateTransition initialState]	
1053718bc	1053718c7	decompiled	chunks/002/functions-000186.c	-[SCRegistrationNoDisplayNameNoPasswordStateTransition .cxx_destruct]	
1053718c8	10537193f	decompiled	chunks/002/functions-000186.c	-[SCRegistrationNoDisplayNameStateTransition initWithShouldSkipUsername:]	
105371940	10537198f	decompiled	chunks/002/functions-000186.c	-[SCRegistrationNoDisplayNameStateTransition getNextStateConfigFromState:action:]	
105371990	105371a13	decompiled	chunks/002/functions-000186.c	-[SCRegistrationNoDisplayNameStateTransition stateConfigForState:]	
105371a14	105371c7b	decompiled	chunks/002/functions-000186.c	-[SCRegistrationNoDisplayNameStateTransition viewConfigForState:]	
105371c7c	105371d3b	decompiled	chunks/002/functions-000186.c		
105371d3c	105371f3b	decompiled	chunks/002/functions-000186.c	-[SCRegistrationNoDisplayNameStateTransition _getNextStateFromState:action:]	
105371f3c	105371f57	decompiled	chunks/002/functions-000186.c		
105371f58	1053723a3	decompiled	chunks/002/functions-000186.c		
1053723a4	1053723ab	decompiled	chunks/002/functions-000186.c		
1053723ac	105372473	decompiled	chunks/002/functions-000186.c	-[SCRegistrationNoDisplayNameStateTransition _shouldShow1TLCheckboxForState:]	
105372474	1053724e3	decompiled	chunks/002/functions-000186.c	-[SCRegistrationNoDisplayNameStateTransition isNextStateTheLastState:]	
1053724e4	10537264b	decompiled	chunks/002/functions-000186.c	-[SCRegistrationNoDisplayNameStateTransition isValidPageState:]	
10537264c	1053726ab	decompiled	chunks/002/functions-000186.c		
1053726ac	1053726b7	decompiled	chunks/002/functions-000186.c	-[SCRegistrationNoDisplayNameStateTransition initialState]	
1053726b8	1053726c3	decompiled	chunks/002/functions-000186.c	-[SCRegistrationNoDisplayNameStateTransition .cxx_destruct]	
1053726c4	10537273b	decompiled	chunks/002/functions-000186.c	-[SCRegistrationNoPasswordStateTransition initWithShouldSkipUsername:]	
10537273c	10537278b	decompiled	chunks/002/functions-000186.c	-[SCRegistrationNoPasswordStateTransition getNextStateConfigFromState:action:]	
10537278c	10537280f	decompiled	chunks/002/functions-000186.c	-[SCRegistrationNoPasswordStateTransition stateConfigForState:]	
105372810	105372adf	decompiled	chunks/002/functions-000186.c	-[SCRegistrationNoPasswordStateTransition viewConfigForState:]	
105372ae0	105372baf	decompiled	chunks/002/functions-000186.c		
105372bb0	105372e1b	decompiled	chunks/002/functions-000186.c	-[SCRegistrationNoPasswordStateTransition _getNextStateFromState:action:]	
105372e1c	105372e33	decompiled	chunks/002/functions-000186.c		
105372e34	10537325b	decompiled	chunks/002/functions-000186.c		
10537325c	105373263	decompiled	chunks/002/functions-000186.c		
105373264	10537332b	decompiled	chunks/002/functions-000186.c	-[SCRegistrationNoPasswordStateTransition _shouldShow1TLCheckboxForState:]	
10537332c	10537339b	decompiled	chunks/002/functions-000186.c	-[SCRegistrationNoPasswordStateTransition isNextStateTheLastState:]	
10537339c	105373523	decompiled	chunks/002/functions-000186.c	-[SCRegistrationNoPasswordStateTransition isValidPageState:]	
105373524	10537359b	decompiled	chunks/002/functions-000186.c		
10537359c	1053735a7	decompiled	chunks/002/functions-000186.c	-[SCRegistrationNoPasswordStateTransition initialState]	
1053735a8	1053735b3	decompiled	chunks/002/functions-000186.c	-[SCRegistrationNoPasswordStateTransition .cxx_destruct]	
1053735b4	105373af7	decompiled	chunks/002/functions-000186.c	-[SCRegistrationUIRouteActions initWithUIContainer:signupTransitionLogger:registrationFeatureLogger:registrationLogger:deviceCheckManager:registrationService:usernameSuggestionFetcher:usernameAvailabilityChecker:birthdayScopeExposer:displayNameBirthdayScopeExposer:webBrowsingScopeExposer:privacyPolicyViewFactory:shouldShowCombinedDisplayNameLabel:shouldShowKoreanUserConsentChecklist:usernameValidator:circumstanceEngine:inputValidationServiceFactory:asciiOnlyPassword:disablePredictiveText:cos:currentPageTracker:notificationPool:registrationRequestObservable:]	
105373af8	105373b37	decompiled	chunks/002/functions-000186.c		
105373b38	105373ce3	decompiled	chunks/002/functions-000186.c	-[SCRegistrationUIRouteActions showDisplayNamePageWithFirstName:lastName:viewConfig:delegate:]	
105373ce4	105373d87	decompiled	chunks/002/functions-000186.c	-[SCRegistrationUIRouteActions showBirthdayPageWithBirthday:viewConfig:delegate:]	
105373d88	105373da7	decompiled	chunks/002/functions-000186.c	-[SCRegistrationUIRouteActions removeBirthdayPage]	
105373da8	105373e8f	decompiled	chunks/002/functions-000186.c	-[SCRegistrationUIRouteActions showDisplayNameBirthdayPageWithFirstName:lastName:birthday:viewConfig:delegate:]	
105373e90	105373eaf	decompiled	chunks/002/functions-000186.c	-[SCRegistrationUIRouteActions removeDisplayNameBirthdayPage]	
105373eb0	105374023	decompiled	chunks/002/functions-000186.c	-[SCRegistrationUIRouteActions showPasswordPage:viewConfig:withRegistrationUser:]	
105374024	10537419f	decompiled	chunks/002/functions-000187.c	-[SCRegistrationUIRouteActions showUsernamePageWithUsername:viewConfig:delegate:usernameSuggestions:]	
1053741a0	1053742bb	decompiled	chunks/002/functions-000187.c	-[SCRegistrationUIRouteActions showSuggestedUsernamePageWithDelegate:viewConfig:usernameSuggestions:]	
1053742bc	105374477	decompiled	chunks/002/functions-000187.c	-[SCRegistrationUIRouteActions showWebBrowserWithUrl:browsingDelegate:]	
105374478	10537448f	decompiled	chunks/002/functions-000187.c		
105374490	1053744af	decompiled	chunks/002/functions-000187.c	-[SCRegistrationUIRouteActions dismissWebBrowser]	
1053744b0	1053746d7	decompiled	chunks/002/functions-000187.c	-[SCRegistrationUIRouteActions showChallenge:viewConfig:delegate:registrationUser:]	
1053746d8	1053747e7	decompiled	chunks/002/functions-000187.c		
1053747e8	1053747f3	decompiled	chunks/002/functions-000187.c		
1053747f4	105374853	decompiled	chunks/002/functions-000187.c	-[SCRegistrationUIRouteActions showErrorNotification:]	
105374854	1053749e3	decompiled	chunks/002/functions-000187.c	-[SCRegistrationUIRouteActions showErrorDialog:completion:]	
1053749e4	1053749f3	decompiled	chunks/002/functions-000187.c		
1053749f4	105374a23	decompiled	chunks/002/functions-000187.c	-[SCRegistrationUIRouteActions _usernameValidationService]	
105374a24	105374b73	decompiled	chunks/002/functions-000187.c	-[SCRegistrationUIRouteActions .cxx_destruct]	
105374b74	105374d07	decompiled	chunks/002/functions-000187.c	-[SCRegistrationInitialData initWithRegistrationScope:resumeRegistrationData:circumstanceEngine:oAuthLoginABRetriever:shouldSkipUsernameIfPossible:shouldCombineDisplayNameAndBirthday:]	
105374d08	105374d0b	decompiled	chunks/002/functions-000187.c	-[SCRegistrationInitialData initialRegistrationUser]	
105374d0c	105374d0f	decompiled	chunks/002/functions-000187.c	-[SCRegistrationInitialData initialRegistrationStateTransition]	
105374d10	105374df7	decompiled	chunks/002/functions-000187.c	-[SCRegistrationInitialData initialRegistrationState]	
105374df8	105374e83	decompiled	chunks/002/functions-000187.c	-[SCRegistrationInitialData _credentialNameExisits:]	
105374e84	105374fdb	decompiled	chunks/002/functions-000187.c	-[SCRegistrationInitialData _createRegistrationUserIfNecessary]	
105374fdc	105374fe3	decompiled	chunks/002/functions-000187.c		
105374fe4	105375077	decompiled	chunks/002/functions-000187.c		
105375078	1053751e3	decompiled	chunks/002/functions-000187.c	-[SCRegistrationInitialData _createRegistrationStateTransition]	
1053751e4	1053751fb	decompiled	chunks/002/functions-000187.c		
1053751fc	10537530b	decompiled	chunks/002/functions-000187.c		
10537530c	105375423	decompiled	chunks/002/functions-000187.c		
105375424	105375427	decompiled	chunks/002/functions-000187.c	-[SCRegistrationInitialData prefillMockDataFor:]	
105375428	105375493	decompiled	chunks/002/functions-000187.c	-[SCRegistrationInitialData .cxx_destruct]	
105375494	105375517	decompiled	chunks/002/functions-000187.c	-[SCRegistrationValidationDebouncer initWithDebounceInterval:performQueue:]	
105375518	105375587	decompiled	chunks/002/functions-000187.c	-[SCRegistrationValidationDebouncer debounceRequestWithCompletion:]	
105375588	1053755b7	decompiled	chunks/002/functions-000187.c	-[SCRegistrationValidationDebouncer .cxx_destruct]	
1053755b8	1053759e3	decompiled	chunks/002/functions-000187.c	-[SCRegistrationWorkflow initWithRouter:changeUsernameStorageService:resumeRegistrationStorage:registrationUser:registrationChallenge:redirectToRegInfoProvider:usernameAvailabilityChecker:delegate:stateTransition:initialRegistrationState:usernameSuggestionFetcher:applicationLifecycleEvents:registrationFeatureLogger:shouldSkipUsernameIfPossible:registrationVerificationLogger:signupTransitionLogger:registrationService:registrationRequestPublisher:]	
1053759e4	105375adb	decompiled	chunks/002/functions-000187.c	-[SCRegistrationWorkflow beginWorkflow]	
105375adc	105375b07	decompiled	chunks/002/functions-000187.c		
105375b08	105375b77	decompiled	chunks/002/functions-000187.c	-[SCRegistrationWorkflow subscreenExited]	
105375b78	105375c73	decompiled	chunks/002/functions-000187.c	-[SCRegistrationWorkflow birthdaySubmitted:optedIn1TL:]	
105375c74	105375f07	decompiled	chunks/002/functions-000187.c	-[SCRegistrationWorkflow _continueOrDone]	
105375f08	105375f9f	decompiled	chunks/002/functions-000187.c		
105375fa0	10537604f	decompiled	chunks/002/functions-000187.c		
105376050	105376097	decompiled	chunks/002/functions-000187.c		
105376098	1053760f3	decompiled	chunks/002/functions-000187.c	-[SCRegistrationWorkflow suggestedUsernameFinishedWithUsername:optedIn1TL:]	
1053760f4	10537615b	decompiled	chunks/002/functions-000187.c	-[SCRegistrationWorkflow displayNameFinishedWithFirstName:lastName:]	
10537615c	1053761eb	decompiled	chunks/002/functions-000187.c	-[SCRegistrationWorkflow displayNameSelectedLink:]	
1053761ec	1053761f7	decompiled	chunks/002/functions-000187.c		
1053761f8	105376253	decompiled	chunks/002/functions-000187.c	-[SCRegistrationWorkflow usernameFinishedWithUsername:optedIn1TL:]	
105376254	1053763c7	decompiled	chunks/002/functions-000187.c	-[SCRegistrationWorkflow passwordFinishedWithRegistrationSuccess:password:optedIn1TL:]	
1053763c8	105376427	decompiled	chunks/002/functions-000187.c	-[SCRegistrationWorkflow _markUserSkippedUsernameWhenRegIfNeeded:]	
105376428	10537659b	decompiled	chunks/002/functions-000187.c	-[SCRegistrationWorkflow _proceedPasswordFinishedWithRegistrationSuccess:password:optedIn1TL:]	
10537659c	105376753	decompiled	chunks/002/functions-000187.c	-[SCRegistrationWorkflow passwordFailedWithErrorType:]	
105376754	1053767e3	decompiled	chunks/002/functions-000187.c	-[SCRegistrationWorkflow passwordLinkSelectedWithURL:]	
1053767e4	1053767ef	decompiled	chunks/002/functions-000187.c		
1053767f0	105376953	decompiled	chunks/002/functions-000187.c	-[SCRegistrationWorkflow _presentRegistrationChallengeWithChallengeData:authSessionPayload:clientRequestId:optedIn1TL:]	
105376954	105376a17	decompiled	chunks/002/functions-000187.c	-[SCRegistrationWorkflow passwordChallenged:authSessionPayload:clientRequestId:password:optedIn1TL:]	
105376a18	105376a1b	decompiled	chunks/002/functions-000187.c	-[SCRegistrationWorkflow passwordChallengeFinishedWithRegistrationSuccess:password:optedIn1TL:]	
105376a1c	105376a1f	decompiled	chunks/002/functions-000187.c	-[SCRegistrationWorkflow passwordChallengeFailedWithErrorType:]	
105376a20	105376b17	decompiled	chunks/002/functions-000187.c	-[SCRegistrationWorkflow passwordChallengeAbandonedWithIsFromResumedData:]	
105376b18	105376bab	decompiled	chunks/002/functions-000187.c	-[SCRegistrationWorkflow birthdayExitedWithUserUnderageError]	
105376bac	105376bcf	decompiled	chunks/002/functions-000187.c	-[SCRegistrationWorkflow birthdayScreenExited]	
105376bd0	105376be7	decompiled	chunks/002/functions-000187.c	-[SCRegistrationWorkflow _removeBirthdayScreen]	
105376be8	105376c5f	decompiled	chunks/002/functions-000187.c	-[SCRegistrationWorkflow birthdayExitSignUp]	
105376c60	105376cef	decompiled	chunks/002/functions-000187.c	-[SCRegistrationWorkflow birthdaySelectedLink:]	
105376cf0	105376cfb	decompiled	chunks/002/functions-000187.c		
105376cfc	105376df3	decompiled	chunks/002/functions-000187.c	-[SCRegistrationWorkflow _removeBirthdayBearingScreenIfNeeded]	
105376df4	105376e83	decompiled	chunks/002/functions-000187.c	-[SCRegistrationWorkflow displayNameBirthdaySubmittedWithFirstName:lastName:birthday:optedIn1TL:]	
105376e84	105376f17	decompiled	chunks/002/functions-000187.c	-[SCRegistrationWorkflow displayNameBirthdayExitedWithUserUnderageError]	
105376f18	105376f3b	decompiled	chunks/002/functions-000187.c	-[SCRegistrationWorkflow displayNameBirthdayScreenExited]	
105376f3c	105376fb3	decompiled	chunks/002/functions-000187.c	-[SCRegistrationWorkflow displayNameBirthdayExitSignUp]	
105376fb4	105377043	decompiled	chunks/002/functions-000187.c	-[SCRegistrationWorkflow displayNameBirthdaySelectedLink:]	
105377044	10537704f	decompiled	chunks/002/functions-000187.c		
105377050	105377067	decompiled	chunks/002/functions-000187.c	-[SCRegistrationWorkflow _removeDisplayNameBirthdayScreen]	
105377068	1053770df	decompiled	chunks/002/functions-000187.c	-[SCRegistrationWorkflow suggestedUsernameSwitchToUsernameWithUsernameSuggestions:]	
1053770e0	1053770f7	decompiled	chunks/002/functions-000187.c	-[SCRegistrationWorkflow webBrowserDidDismiss:]	
1053770f8	10537728f	decompiled	chunks/002/functions-000187.c	-[SCRegistrationWorkflow _presentNextScreen]	
105377290	1053772e7	decompiled	chunks/002/functions-000187.c		
1053772e8	10537739f	decompiled	chunks/002/functions-000187.c		
1053773a0	1053773f7	decompiled	chunks/002/functions-000187.c		
1053773f8	105377483	decompiled	chunks/002/functions-000187.c		
105377484	1053774db	decompiled	chunks/002/functions-000187.c		
1053774dc	1053775b7	decompiled	chunks/002/functions-000187.c		
1053775b8	10537760f	decompiled	chunks/002/functions-000187.c		
105377610	10537769b	decompiled	chunks/002/functions-000187.c		
10537769c	1053776f3	decompiled	chunks/002/functions-000187.c		
1053776f4	105377783	decompiled	chunks/002/functions-000187.c		
105377784	1053777db	decompiled	chunks/002/functions-000187.c		
1053777dc	105377893	decompiled	chunks/002/functions-000187.c		
105377894	1053778eb	decompiled	chunks/002/functions-000187.c		
1053778ec	10537795b	decompiled	chunks/002/functions-000187.c		
10537795c	1053779b3	decompiled	chunks/002/functions-000187.c		
1053779b4	105377a23	decompiled	chunks/002/functions-000187.c		
105377a24	105377a7b	decompiled	chunks/002/functions-000187.c		
105377a7c	105377aeb	decompiled	chunks/002/functions-000187.c		
105377aec	105377b63	decompiled	chunks/002/functions-000187.c		
105377b64	105377bd7	decompiled	chunks/002/functions-000187.c		
105377bd8	105377c13	decompiled	chunks/002/functions-000187.c		
105377c14	105377c87	decompiled	chunks/002/functions-000187.c		
105377c88	105377cb3	decompiled	chunks/002/functions-000187.c	-[SCRegistrationWorkflow COSChallengeAbandoned]	
105377cb4	105377cbb	decompiled	chunks/002/functions-000187.c	-[SCRegistrationWorkflow COSChallengeErrorWithError:]	
105377cbc	105377d4b	decompiled	chunks/002/functions-000187.c	-[SCRegistrationWorkflow COSChallengeCompletedWithBootStrapData:]	
105377d4c	105377d53	decompiled	chunks/002/functions-000187.c	-[SCRegistrationWorkflow logOnCOSChallengeReceivedWithChallengeType:]	
105377d54	105377d5b	decompiled	chunks/002/functions-000187.c	-[SCRegistrationWorkflow logOnCOSChallengeAttemptedWithChallengeType:loggingData:]	
105377d5c	1053780a3	decompiled	chunks/002/functions-000187.c	-[SCRegistrationWorkflow logOnCOSChallengeResultedWithChallengeType:grpcStatusCode:protoStatusCode:challengeStatusCode:loggingData:]	
1053780a4	1053782bb	decompiled	chunks/002/functions-000188.c	-[SCRegistrationWorkflow _appWillResignActive]	
1053782bc	10537836f	decompiled	chunks/002/functions-000188.c		
105378370	1053783ab	decompiled	chunks/002/functions-000188.c		
1053783ac	1053783b3	decompiled	chunks/002/functions-000188.c		
1053783b4	1053784d7	decompiled	chunks/002/functions-000188.c	-[SCRegistrationWorkflow _logRegistraterDidSucceedWithUserId:preferredVerificationMethod:]	
1053784d8	10537855f	decompiled	chunks/002/functions-000188.c	-[SCRegistrationWorkflow _logEmailSubmittedIfNeeded]	
105378560	105378567	decompiled	chunks/002/functions-000188.c		
105378568	10537862f	decompiled	chunks/002/functions-000188.c		
105378630	1053786ff	decompiled	chunks/002/functions-000188.c	-[SCRegistrationWorkflow _emailDomain:]	
105378700	1053787e7	decompiled	chunks/002/functions-000188.c	-[SCRegistrationWorkflow _saveRegistrationData]	
1053787e8	1053787f7	decompiled	chunks/002/functions-000188.c	-[SCRegistrationWorkflow _getRegistrationStateConfig]	
1053787f8	105378927	decompiled	chunks/002/functions-000188.c	-[SCRegistrationWorkflow _verifyLoginPrefilledUserNameAreAvailable]	
105378928	10537896f	decompiled	chunks/002/functions-000188.c		
105378970	1053789d7	decompiled	chunks/002/functions-000188.c	-[SCRegistrationWorkflow _updatePrefilledUsernameSuggestionWithCheckerResult:]	
1053789d8	105378a63	decompiled	chunks/002/functions-000188.c		
105378a64	105378a6b	decompiled	chunks/002/functions-000188.c		
105378a6c	105378acf	decompiled	chunks/002/functions-000188.c	-[SCRegistrationWorkflow _hasPrefilledUsernameFromLoginReroute]	
105378ad0	105378b43	decompiled	chunks/002/functions-000188.c	-[SCRegistrationWorkflow _insertPrefilledUsernameAsTheFirstSuggestion:]	
105378b44	105378c57	decompiled	chunks/002/functions-000188.c	-[SCRegistrationWorkflow _fetchUsernameSuggestionWhenResumeToBirthday]	
105378c58	105378dbb	decompiled	chunks/002/functions-000188.c	-[SCRegistrationWorkflow _passwordFailedWithError:]	
105378dbc	105378e97	decompiled	chunks/002/functions-000188.c		
105378e98	105378f2b	decompiled	chunks/002/functions-000188.c		
105378f2c	105378f2f	decompiled	chunks/002/functions-000188.c	-[SCRegistrationWorkflow _confirmedErrorAlert:]	
105378f30	105379017	decompiled	chunks/002/functions-000188.c	-[SCRegistrationWorkflow _registrationFinishedWithSuccess:password:optedIn1TL:]	
105379018	1053790df	decompiled	chunks/002/functions-000188.c	-[SCRegistrationWorkflow _registrationFinishedWithError:]	
1053790e0	105379207	decompiled	chunks/002/functions-000188.c	-[SCRegistrationWorkflow .cxx_destruct]	
105379208	10537929b	decompiled	chunks/002/functions-000188.c	+[SCRegistrationDisplayNameAction inputDisplayNameDidChangeWithFirstNameText:lastNameText:]	
10537929c	1053792f7	decompiled	chunks/002/functions-000188.c	+[SCRegistrationDisplayNameAction koreanUserConsentDidChangeWithAllChecked:]	
1053792f8	105379363	decompiled	chunks/002/functions-000188.c	+[SCRegistrationDisplayNameAction selectLinkWithUrl:]	
105379364	1053793ab	decompiled	chunks/002/functions-000188.c	+[SCRegistrationDisplayNameAction submitDisplayName]	
1053793ac	1053793f7	decompiled	chunks/002/functions-000188.c	+[SCRegistrationDisplayNameAction tapBackButton]	
1053793f8	10537941b	decompiled	chunks/002/functions-000188.c	-[SCRegistrationDisplayNameAction copyWithZone:]	
10537941c	1053794a3	decompiled	chunks/002/functions-000188.c	-[SCRegistrationDisplayNameAction hash]	
1053794a4	1053794e7	decompiled	chunks/002/functions-000188.c	-[SCRegistrationDisplayNameAction internalInit]	
1053794e8	1053795c7	decompiled	chunks/002/functions-000188.c	-[SCRegistrationDisplayNameAction isEqual:]	
1053795c8	1053796eb	decompiled	chunks/002/functions-000188.c	-[SCRegistrationDisplayNameAction matchSubmitDisplayName:tapBackButton:inputDisplayNameDidChange:koreanUserConsentDidChange:selectLink:]	
1053796ec	105379727	decompiled	chunks/002/functions-000188.c	-[SCRegistrationDisplayNameAction .cxx_destruct]	
105379728	10537984b	decompiled	chunks/002/functions-000188.c	-[SCRegistrationDisplayNameViewModel initWithFirstName:firstNameErrorMessage:lastName:lastNameErrorMessage:canContinue:canExit:]	
10537984c	10537986f	decompiled	chunks/002/functions-000188.c	-[SCRegistrationDisplayNameViewModel copyWithZone:]	
105379870	105379907	decompiled	chunks/002/functions-000188.c	-[SCRegistrationDisplayNameViewModel hash]	
105379908	1053799ff	decompiled	chunks/002/functions-000188.c	-[SCRegistrationDisplayNameViewModel isEqual:]	
105379a00	105379a07	decompiled	chunks/002/functions-000188.c	-[SCRegistrationDisplayNameViewModel firstName]	
105379a08	105379a0f	decompiled	chunks/002/functions-000188.c	-[SCRegistrationDisplayNameViewModel firstNameErrorMessage]	
105379a10	105379a17	decompiled	chunks/002/functions-000188.c	-[SCRegistrationDisplayNameViewModel lastName]	
105379a18	105379a1f	decompiled	chunks/002/functions-000188.c	-[SCRegistrationDisplayNameViewModel lastNameErrorMessage]	
105379a20	105379a27	decompiled	chunks/002/functions-000188.c	-[SCRegistrationDisplayNameViewModel canContinue]	
105379a28	105379a2f	decompiled	chunks/002/functions-000188.c	-[SCRegistrationDisplayNameViewModel canExit]	
105379a30	105379a77	decompiled	chunks/002/functions-000188.c	-[SCRegistrationDisplayNameViewModel .cxx_destruct]	
105379a78	105379ac3	decompiled	chunks/002/functions-000188.c	+[SCRegistrationPasswordAction errorAlertDidDismiss]	
105379ac4	105379b0f	decompiled	chunks/002/functions-000188.c	+[SCRegistrationPasswordAction exit]	
105379b10	105379b77	decompiled	chunks/002/functions-000188.c	+[SCRegistrationPasswordAction passwordDidChangeWithPassword:]	
105379b78	105379be3	decompiled	chunks/002/functions-000188.c	+[SCRegistrationPasswordAction selectLinkWithUrl:]	
105379be4	105379c2b	decompiled	chunks/002/functions-000188.c	+[SCRegistrationPasswordAction submit]	
105379c2c	105379c77	decompiled	chunks/002/functions-000188.c	+[SCRegistrationPasswordAction togglePasswordVisibility]	
105379c78	105379cd3	decompiled	chunks/002/functions-000188.c	+[SCRegistrationPasswordAction toggled1TLCheckboxWithSelected:]	
105379cd4	105379cf7	decompiled	chunks/002/functions-000188.c	-[SCRegistrationPasswordAction copyWithZone:]	
105379cf8	105379d73	decompiled	chunks/002/functions-000188.c	-[SCRegistrationPasswordAction hash]	
105379d74	105379db7	decompiled	chunks/002/functions-000188.c	-[SCRegistrationPasswordAction internalInit]	
105379db8	105379e7f	decompiled	chunks/002/functions-000188.c	-[SCRegistrationPasswordAction isEqual:]	
105379e80	10537a007	decompiled	chunks/002/functions-000188.c	-[SCRegistrationPasswordAction matchSubmit:exit:togglePasswordVisibility:passwordDidChange:errorAlertDidDismiss:toggled1TLCheckbox:selectLink:]	
10537a008	10537a037	decompiled	chunks/002/functions-000188.c	-[SCRegistrationPasswordAction .cxx_destruct]	
10537a038	10537a16f	decompiled	chunks/002/functions-000188.c	-[SCRegistrationPasswordViewModel initWithPassword:canContinue:isRegistering:canHideOrShowPassword:isPasswordHidden:state:errorAlertTitle:errorAlertMessage:]	
10537a170	10537a193	decompiled	chunks/002/functions-000188.c	-[SCRegistrationPasswordViewModel copyWithZone:]	
10537a194	10537a247	decompiled	chunks/002/functions-000188.c	-[SCRegistrationPasswordViewModel hash]	
10537a248	10537a35f	decompiled	chunks/002/functions-000188.c	-[SCRegistrationPasswordViewModel isEqual:]	
10537a360	10537a367	decompiled	chunks/002/functions-000188.c	-[SCRegistrationPasswordViewModel password]	
10537a368	10537a36f	decompiled	chunks/002/functions-000188.c	-[SCRegistrationPasswordViewModel canContinue]	
10537a370	10537a377	decompiled	chunks/002/functions-000188.c	-[SCRegistrationPasswordViewModel isRegistering]	
10537a378	10537a37f	decompiled	chunks/002/functions-000188.c	-[SCRegistrationPasswordViewModel canHideOrShowPassword]	
10537a380	10537a387	decompiled	chunks/002/functions-000188.c	-[SCRegistrationPasswordViewModel isPasswordHidden]	
10537a388	10537a38f	decompiled	chunks/002/functions-000188.c	-[SCRegistrationPasswordViewModel state]	
10537a390	10537a397	decompiled	chunks/002/functions-000188.c	-[SCRegistrationPasswordViewModel errorAlertTitle]	
10537a398	10537a39f	decompiled	chunks/002/functions-000188.c	-[SCRegistrationPasswordViewModel errorAlertMessage]	
10537a3a0	10537a3e7	decompiled	chunks/002/functions-000188.c	-[SCRegistrationPasswordViewModel .cxx_destruct]	
10537a3e8	10537a44b	decompiled	chunks/002/functions-000188.c	+[SCRegistrationPasswordViewModelState defaultWithMessage:]	
10537a44c	10537a4b7	decompiled	chunks/002/functions-000188.c	+[SCRegistrationPasswordViewModelState errorWithErrorMessage:]	
10537a4b8	10537a523	decompiled	chunks/002/functions-000188.c	+[SCRegistrationPasswordViewModelState successWithMessage:]	
10537a524	10537a547	decompiled	chunks/002/functions-000188.c	-[SCRegistrationPasswordViewModelState copyWithZone:]	
10537a548	10537a5cb	decompiled	chunks/002/functions-000188.c	-[SCRegistrationPasswordViewModelState hash]	
10537a5cc	10537a60f	decompiled	chunks/002/functions-000188.c	-[SCRegistrationPasswordViewModelState internalInit]	
10537a610	10537a6df	decompiled	chunks/002/functions-000188.c	-[SCRegistrationPasswordViewModelState isEqual:]	
10537a6e0	10537a78b	decompiled	chunks/002/functions-000188.c	-[SCRegistrationPasswordViewModelState matchDefault:success:error:]	
10537a78c	10537a7c7	decompiled	chunks/002/functions-000188.c	-[SCRegistrationPasswordViewModelState .cxx_destruct]	
10537a7c8	10537a813	decompiled	chunks/002/functions-000188.c	+[SCRegistrationSuggestedUsernameAction exited]	
10537a814	10537a85b	decompiled	chunks/002/functions-000188.c	+[SCRegistrationSuggestedUsernameAction submitUsername]	
10537a85c	10537a8a7	decompiled	chunks/002/functions-000188.c	+[SCRegistrationSuggestedUsernameAction switchToUserInput]	
10537a8a8	10537a903	decompiled	chunks/002/functions-000188.c	+[SCRegistrationSuggestedUsernameAction toggled1TLCheckboxWithSelected:]	
10537a904	10537a927	decompiled	chunks/002/functions-000188.c	-[SCRegistrationSuggestedUsernameAction copyWithZone:]	
10537a928	10537a983	decompiled	chunks/002/functions-000188.c	-[SCRegistrationSuggestedUsernameAction hash]	
10537a984	10537a9c7	decompiled	chunks/002/functions-000188.c	-[SCRegistrationSuggestedUsernameAction internalInit]	
10537a9c8	10537aa5f	decompiled	chunks/002/functions-000188.c	-[SCRegistrationSuggestedUsernameAction isEqual:]	
10537aa60	10537ab47	decompiled	chunks/002/functions-000188.c	-[SCRegistrationSuggestedUsernameAction matchSubmitUsername:exited:switchToUserInput:toggled1TLCheckbox:]	
10537ab48	10537abcf	decompiled	chunks/002/functions-000188.c	-[SCRegistrationSuggestedUsernameViewModel initWithSuggestedUsername:isRegistering:]	
10537abd0	10537abf3	decompiled	chunks/002/functions-000188.c	-[SCRegistrationSuggestedUsernameViewModel copyWithZone:]	
10537abf4	10537ac5f	decompiled	chunks/002/functions-000188.c	-[SCRegistrationSuggestedUsernameViewModel hash]	
10537ac60	10537acff	decompiled	chunks/002/functions-000188.c	-[SCRegistrationSuggestedUsernameViewModel isEqual:]	
10537ad00	10537ad07	decompiled	chunks/002/functions-000188.c	-[SCRegistrationSuggestedUsernameViewModel suggestedUsername]	
10537ad08	10537ad0f	decompiled	chunks/002/functions-000188.c	-[SCRegistrationSuggestedUsernameViewModel isRegistering]	
10537ad10	10537ad1b	decompiled	chunks/002/functions-000188.c	-[SCRegistrationSuggestedUsernameViewModel .cxx_destruct]	
10537ad1c	10537ad77	decompiled	chunks/002/functions-000188.c	+[SCRegistrationUsernameAction didSelectUsernameSuggestionWithIndex:]	
10537ad78	10537adc3	decompiled	chunks/002/functions-000189.c	+[SCRegistrationUsernameAction exited]	
10537adc4	10537ae2b	decompiled	chunks/002/functions-000189.c	+[SCRegistrationUsernameAction inputUsernameDidChangeWithUsernameText:]	
10537ae2c	10537ae77	decompiled	chunks/002/functions-000189.c	+[SCRegistrationUsernameAction rotateUsernameSuggestion]	
10537ae78	10537aebf	decompiled	chunks/002/functions-000189.c	+[SCRegistrationUsernameAction submitUsername]	
10537aec0	10537af1b	decompiled	chunks/002/functions-000189.c	+[SCRegistrationUsernameAction toggled1TLCheckboxWithSelected:]	
10537af1c	10537af3f	decompiled	chunks/002/functions-000189.c	-[SCRegistrationUsernameAction copyWithZone:]	
10537af40	10537afb7	decompiled	chunks/002/functions-000189.c	-[SCRegistrationUsernameAction hash]	
10537afb8	10537affb	decompiled	chunks/002/functions-000189.c	-[SCRegistrationUsernameAction internalInit]	
10537affc	10537b0bb	decompiled	chunks/002/functions-000189.c	-[SCRegistrationUsernameAction isEqual:]	
10537b0bc	10537b20f	decompiled	chunks/002/functions-000189.c	-[SCRegistrationUsernameAction matchSubmitUsername:exited:inputUsernameDidChange:rotateUsernameSuggestion:didSelectUsernameSuggestion:toggled1TLCheckbox:]	
10537b210	10537b21b	decompiled	chunks/002/functions-000189.c	-[SCRegistrationUsernameAction .cxx_destruct]	
10537b21c	10537b347	decompiled	chunks/002/functions-000189.c	-[SCRegistrationUsernameViewModel initWithCanContinue:canRefresh:isRegistering:username:continueButtonTitle:state:suggestions:]	
10537b348	10537b36b	decompiled	chunks/002/functions-000189.c	-[SCRegistrationUsernameViewModel copyWithZone:]	
10537b36c	10537b40b	decompiled	chunks/002/functions-000189.c	-[SCRegistrationUsernameViewModel hash]	
10537b40c	10537b513	decompiled	chunks/002/functions-000189.c	-[SCRegistrationUsernameViewModel isEqual:]	
10537b514	10537b51b	decompiled	chunks/002/functions-000189.c	-[SCRegistrationUsernameViewModel canContinue]	
10537b51c	10537b523	decompiled	chunks/002/functions-000189.c	-[SCRegistrationUsernameViewModel canRefresh]	
10537b524	10537b52b	decompiled	chunks/002/functions-000189.c	-[SCRegistrationUsernameViewModel isRegistering]	
10537b52c	10537b533	decompiled	chunks/002/functions-000189.c	-[SCRegistrationUsernameViewModel username]	
10537b534	10537b53b	decompiled	chunks/002/functions-000189.c	-[SCRegistrationUsernameViewModel continueButtonTitle]	
10537b53c	10537b543	decompiled	chunks/002/functions-000189.c	-[SCRegistrationUsernameViewModel state]	
10537b544	10537b54b	decompiled	chunks/002/functions-000189.c	-[SCRegistrationUsernameViewModel suggestions]	
10537b54c	10537b593	decompiled	chunks/002/functions-000189.c	-[SCRegistrationUsernameViewModel .cxx_destruct]	
10537b594	10537b5f7	decompiled	chunks/002/functions-000189.c	+[SCRegistrationUsernameViewModelState defaultWithMessage:]	
10537b5f8	10537b663	decompiled	chunks/002/functions-000189.c	+[SCRegistrationUsernameViewModelState errorWithErrorMessage:]	
10537b664	10537b6cf	decompiled	chunks/002/functions-000189.c	+[SCRegistrationUsernameViewModelState loadingWithMessage:]	
10537b6d0	10537b73b	decompiled	chunks/002/functions-000189.c	+[SCRegistrationUsernameViewModelState successWithMessage:]	
10537b73c	10537b75f	decompiled	chunks/002/functions-000189.c	-[SCRegistrationUsernameViewModelState copyWithZone:]	
10537b760	10537b7ef	decompiled	chunks/002/functions-000189.c	-[SCRegistrationUsernameViewModelState hash]	
10537b7f0	10537b833	decompiled	chunks/002/functions-000189.c	-[SCRegistrationUsernameViewModelState internalInit]	
10537b834	10537b91b	decompiled	chunks/002/functions-000189.c	-[SCRegistrationUsernameViewModelState isEqual:]	
10537b91c	10537ba03	decompiled	chunks/002/functions-000189.c	-[SCRegistrationUsernameViewModelState matchDefault:success:loading:error:]	
10537ba04	10537ba4b	decompiled	chunks/002/functions-000189.c	-[SCRegistrationUsernameViewModelState .cxx_destruct]	
10537ba4c	10537babf	decompiled	chunks/002/functions-000189.c	-[SCRedirectToRegInfoServices initWithRedirectToRegInfoProvider:]	
10537bac0	10537bac7	decompiled	chunks/002/functions-000189.c	-[SCRedirectToRegInfoServices redirectToRegInfoProvider]	
10537bac8	10537bad3	decompiled	chunks/002/functions-000189.c	-[SCRedirectToRegInfoServices .cxx_destruct]	
10537bad4	10537bbc3	decompiled	chunks/002/functions-000189.c		
10537bbc4	10537bc9b	decompiled	chunks/002/functions-000189.c		
10537bc9c	10537bd77	decompiled	chunks/002/functions-000189.c		
10537bd78	10537be1b	decompiled	chunks/002/functions-000189.c		
10537be1c	10537bf17	decompiled	chunks/002/functions-000189.c		
10537bf18	10537bf93	decompiled	chunks/002/functions-000189.c		
10537bf94	10537bf9f	decompiled	chunks/002/functions-000189.c		
10537bfa0	10537c01b	decompiled	chunks/002/functions-000189.c		
10537c01c	10537c027	decompiled	chunks/002/functions-000189.c		
10537c028	10537c08f	decompiled	chunks/002/functions-000189.c	+[SCActivationPbNGORegistrationMVPConfig descriptor]	
10537c090	10537c1ab	decompiled	chunks/002/functions-000189.c	-[SCRegistrationBirthdayScope initWithDelegate:uiContainer:defaultBirthday:viewConfig:registrationRequestObservable:]	
10537c1ac	10537c1c3	decompiled	chunks/002/functions-000189.c	-[SCRegistrationBirthdayScope delegate]	
10537c1c4	10537c1cb	decompiled	chunks/002/functions-000189.c	-[SCRegistrationBirthdayScope uiContainer]	
10537c1cc	10537c1d3	decompiled	chunks/002/functions-000189.c	-[SCRegistrationBirthdayScope defaultBirthday]	
10537c1d4	10537c1db	decompiled	chunks/002/functions-000189.c	-[SCRegistrationBirthdayScope viewConfig]	
10537c1dc	10537c1e3	decompiled	chunks/002/functions-000189.c	-[SCRegistrationBirthdayScope registrationRequestObservable]	
10537c1e4	10537c233	decompiled	chunks/002/functions-000189.c	-[SCRegistrationBirthdayScope .cxx_destruct]	
10537c234	10537c6cb	decompiled	chunks/002/functions-000189.c		
10537c6cc	10537c76f	decompiled	chunks/002/functions-000189.c	-[SCRegistrationUsernameSuggestionServices initWithUsernameSuggestionFetcher:usernameAvailabilityChecker:]	
10537c770	10537c777	decompiled	chunks/002/functions-000189.c	-[SCRegistrationUsernameSuggestionServices usernameSuggestionFetcher]	
10537c778	10537c77f	decompiled	chunks/002/functions-000189.c	-[SCRegistrationUsernameSuggestionServices usernameAvailabilityChecker]	
10537c780	10537c7af	decompiled	chunks/002/functions-000189.c	-[SCRegistrationUsernameSuggestionServices .cxx_destruct]	
10537c7b0	10537c7f7	decompiled	chunks/002/functions-000189.c	+[SCRegistrationCheckUsernameResult available]	
10537c7f8	10537c843	decompiled	chunks/002/functions-000189.c	+[SCRegistrationCheckUsernameResult requestFailed]	
10537c844	10537c8d7	decompiled	chunks/002/functions-000189.c	+[SCRegistrationCheckUsernameResult unavailableWithSuggestions:errorMessage:]	
10537c8d8	10537c8fb	decompiled	chunks/002/functions-000189.c	-[SCRegistrationCheckUsernameResult copyWithZone:]	
10537c8fc	10537c973	decompiled	chunks/002/functions-000189.c	-[SCRegistrationCheckUsernameResult hash]	
10537c974	10537c9b7	decompiled	chunks/002/functions-000189.c	-[SCRegistrationCheckUsernameResult internalInit]	
10537c9b8	10537ca6f	decompiled	chunks/002/functions-000189.c	-[SCRegistrationCheckUsernameResult isEqual:]	
10537ca70	10537cb1b	decompiled	chunks/002/functions-000189.c	-[SCRegistrationCheckUsernameResult matchAvailable:unavailable:requestFailed:]	
10537cb1c	10537cbbf	decompiled	chunks/002/functions-000189.c	-[SCRegistrationCheckUsernameResult .cxx_destruct]	
10537cbc0	10537cccb	decompiled	chunks/002/functions-000189.c		
10537cccc	10537cd07	decompiled	chunks/002/functions-000189.c		
10537cd08	10537cdc3	decompiled	chunks/002/functions-000189.c	-[SCKoreanUserConsentChecklistItemView initWithChecklistItem:delegate:]	
10537cdc4	10537cdd3	decompiled	chunks/002/functions-000189.c	-[SCKoreanUserConsentChecklistItemView setChecked:]	
10537cdd4	10537cde3	decompiled	chunks/002/functions-000189.c	-[SCKoreanUserConsentChecklistItemView isChecked]	
10537cde4	10537d27f	decompiled	chunks/002/functions-000189.c	-[SCKoreanUserConsentChecklistItemView _setup]	
10537d280	10537d2f3	decompiled	chunks/002/functions-000189.c	-[SCKoreanUserConsentChecklistItemView _didTapCheckbox]	
10537d2f4	10537d373	decompiled	chunks/002/functions-000189.c	-[SCKoreanUserConsentChecklistItemView _didTapTextLabel]	
10537d374	10537d4bb	decompiled	chunks/002/functions-000189.c	-[SCKoreanUserConsentChecklistItemView _itemText:]	
10537d4bc	10537d4d3	decompiled	chunks/002/functions-000189.c		
10537d4d4	10537d5ff	decompiled	chunks/002/functions-000189.c		
10537d600	10537d747	decompiled	chunks/002/functions-000189.c	-[SCKoreanUserConsentChecklistItemView _itemURL:]	
10537d748	10537d75b	decompiled	chunks/002/functions-000189.c		
10537d75c	10537d88b	decompiled	chunks/002/functions-000189.c		
10537d88c	10537d9af	decompiled	chunks/002/functions-000189.c	-[SCKoreanUserConsentChecklistItemView _itemTextStyle:]	
10537d9b0	10537da13	decompiled	chunks/002/functions-000189.c		
10537da14	10537db4f	decompiled	chunks/002/functions-000189.c	-[SCKoreanUserConsentChecklistItemView _itemTextColor:]	
10537db50	10537dbb3	decompiled	chunks/002/functions-000189.c		
10537dbb4	10537dbd3	decompiled	chunks/002/functions-000189.c	-[SCKoreanUserConsentChecklistItemView _textAlignment]	
10537dbd4	10537dc0b	decompiled	chunks/002/functions-000189.c	-[SCKoreanUserConsentChecklistItemView _isRTL]	
10537dc0c	10537dc57	decompiled	chunks/002/functions-000189.c	-[SCKoreanUserConsentChecklistItemView .cxx_destruct]	
10537dc58	10537dcd3	decompiled	chunks/002/functions-000189.c	-[SCKoreanUserConsentChecklistView initWithDelegate:]	
10537dcd4	10537e273	decompiled	chunks/002/functions-000189.c	-[SCKoreanUserConsentChecklistView _setup]	
10537e274	10537e3e7	decompiled	chunks/002/functions-000189.c	-[SCKoreanUserConsentChecklistView checklistItemView:checklistItem:isChecked:]	
10537e3e8	10537e3ef	decompiled	chunks/002/functions-000189.c		
10537e3f0	10537e44b	decompiled	chunks/002/functions-000189.c	-[SCKoreanUserConsentChecklistView checklistItemView:checklistItem:selectedLinkWithURL:]	
10537e44c	10537e497	decompiled	chunks/002/functions-000189.c	-[SCKoreanUserConsentChecklistView .cxx_destruct]	
10537e498	10537e59f	decompiled	chunks/002/functions-000189.c		
10537e5a0	10537e617	decompiled	chunks/002/functions-000189.c		
10537e618	10537e663	decompiled	chunks/002/functions-000189.c	+[SCKoreanUserConsentChecklistItem colletionAndUseRequiredInformation]	
10537e664	10537e6af	decompiled	chunks/002/functions-000189.c	+[SCKoreanUserConsentChecklistItem disclosureOfPersonalInformation]	
10537e6b0	10537e6f7	decompiled	chunks/002/functions-000189.c	+[SCKoreanUserConsentChecklistItem selectAll]	
10537e6f8	10537e743	decompiled	chunks/002/functions-000189.c	+[SCKoreanUserConsentChecklistItem termOfUse]	
