address	end_address	status	pseudocode_file	runtime_label	error
1055704c0	1055705ab	decompiled	chunks/004/functions-000300.c		
1055705ac	105570663	decompiled	chunks/004/functions-000300.c	-[CTPRepositoryServiceProvider .cxx_destruct]	
105570664	1055706df	decompiled	chunks/004/functions-000300.c	-[CTPCacheClearingServiceImpl initWithFeedPersistenceService:itemPersistenceService:]	
1055706e0	10557081b	decompiled	chunks/004/functions-000300.c	-[CTPCacheClearingServiceImpl clearCacheTokenForFeedTreesContext:clearChildNodes:]	
10557081c	10557089f	decompiled	chunks/004/functions-000300.c	-[CTPCacheClearingServiceImpl clearCacheTokenForFeedType:context:]	
1055708a0	1055708cf	decompiled	chunks/004/functions-000300.c	-[CTPCacheClearingServiceImpl .cxx_destruct]	
1055708d0	1055708fb	decompiled	chunks/004/functions-000300.c	-[CTPRepositoryExperimentsABTweak customStickerSyncAttemptCount]	
1055708fc	10557092b	decompiled	chunks/004/functions-000300.c	-[CTPRepositoryExperimentsABTweak customStickerSyncAttemptMaxDurationSeconds]	
10557092c	10557095b	decompiled	chunks/004/functions-000300.c	-[CTPRepositoryExperimentsABTweak .cxx_destruct]	
10557095c	1055709d7	decompiled	chunks/004/functions-000300.c		
1055709d8	105570a4b	decompiled	chunks/004/functions-000300.c	-[CTPRepositoryLoggerImplementation initWithGrapheneRegistry:]	
105570a4c	105570b13	decompiled	chunks/004/functions-000300.c	-[CTPRepositoryLoggerImplementation logFeedsTreeWithContext:]	
105570b14	105570bf7	decompiled	chunks/004/functions-000300.c	-[CTPRepositoryLoggerImplementation logItemsWithFeedName:]	
105570bf8	105570caf	decompiled	chunks/004/functions-000300.c	-[CTPRepositoryLoggerImplementation logEmptyResultItemsForFeed:]	
105570cb0	105570d67	decompiled	chunks/004/functions-000300.c	-[CTPRepositoryLoggerImplementation logFailedItemsResultForFeed:]	
105570d68	105570e2f	decompiled	chunks/004/functions-000300.c	-[CTPRepositoryLoggerImplementation logFeedsTreeResponseWithContext:]	
105570e30	105570ef7	decompiled	chunks/004/functions-000300.c	-[CTPRepositoryLoggerImplementation logFeedCacheHitWithContext:]	
105570ef8	105570fbf	decompiled	chunks/004/functions-000300.c	-[CTPRepositoryLoggerImplementation logFeedCacheMissWithContext:]	
105570fc0	1055710bf	decompiled	chunks/004/functions-000300.c	-[CTPRepositoryLoggerImplementation logFailedDeltaSync:isInitialSync:]	
1055710c0	10557127b	decompiled	chunks/004/functions-000300.c	-[CTPRepositoryLoggerImplementation logComputeLoaderFinalResult:context:feedType:]	
10557127c	105571287	decompiled	chunks/004/functions-000300.c	-[CTPRepositoryLoggerImplementation .cxx_destruct]	
105571288	105571307	decompiled	chunks/004/functions-000300.c	-[CTPColdObservable initWithOnSubscribeBlock:]	
105571308	10557137f	decompiled	chunks/004/functions-000300.c	-[CTPColdObservable subscribe:]	
105571380	105571393	decompiled	chunks/004/functions-000300.c	-[CTPColdObservable .cxx_destruct]	
105571394	105571597	decompiled	chunks/004/functions-000300.c	-[CTPFeedsRepositoryImplementation initWithNetworkFeedsClient:feedsPersistenceService:experiments:logger:circumstanceEngine:kmpFeedsPersistenceService:crashLogger:preferences:creativeToolsABProvider:]	
105571598	1055716b3	decompiled	chunks/004/functions-000300.c	-[CTPFeedsRepositoryImplementation feedsTreeWithContext:supportedFeedTypes:]	
1055716b4	105571707	decompiled	chunks/004/functions-000300.c		
105571708	10557179b	decompiled	chunks/004/functions-000300.c		
10557179c	105571897	decompiled	chunks/004/functions-000300.c	-[CTPFeedsRepositoryImplementation feedsTreeWithCacheLookupWithContext:supportedFeedTypes:]	
105571898	10557191f	decompiled	chunks/004/functions-000300.c		
105571920	1055719ef	decompiled	chunks/004/functions-000300.c	-[CTPFeedsRepositoryImplementation feedsTreeForPreview]	
1055719f0	105571a93	decompiled	chunks/004/functions-000300.c		
105571a94	105571b03	decompiled	chunks/004/functions-000300.c		
105571b04	105571b13	decompiled	chunks/004/functions-000300.c	-[CTPFeedsRepositoryImplementation feedsTreeForComments]	
105571b14	105571c0b	decompiled	chunks/004/functions-000300.c	-[CTPFeedsRepositoryImplementation feedsTreeForChat]	
105571c0c	105571c17	decompiled	chunks/004/functions-000300.c	-[CTPFeedsRepositoryImplementation feedNodeForContext:type:forceLoad:]	
105571c18	105571c77	decompiled	chunks/004/functions-000300.c	-[CTPFeedsRepositoryImplementation _saveFeedResultToKmpStorage:context:]	
105571c78	10557212b	decompiled	chunks/004/functions-000300.c		
10557212c	105572143	decompiled	chunks/004/functions-000300.c		
105572144	1055721b3	decompiled	chunks/004/functions-000300.c		
1055721b4	1055721b7	decompiled	chunks/004/functions-000300.c		
1055721b8	105572263	decompiled	chunks/004/functions-000300.c		
105572264	105572267	decompiled	chunks/004/functions-000300.c		
105572268	10557235f	decompiled	chunks/004/functions-000300.c	-[CTPFeedsRepositoryImplementation _cacheBasedFeedNodeWithContext:type:checkCacheDuration:network:]	
105572360	1055724af	decompiled	chunks/004/functions-000300.c		
1055724b0	1055728a3	decompiled	chunks/004/functions-000300.c		
1055728a4	1055728e7	decompiled	chunks/004/functions-000300.c		
1055728e8	1055729eb	decompiled	chunks/004/functions-000300.c		
1055729ec	105572aff	decompiled	chunks/004/functions-000300.c	-[CTPFeedsRepositoryImplementation _cacheBasedFeedTreeWithContext:supportedFeedTypes:checkCacheDuration:]	
105572b00	105572c67	decompiled	chunks/004/functions-000300.c		
105572c68	105572d07	decompiled	chunks/004/functions-000300.c		
105572d08	105572d9f	decompiled	chunks/004/functions-000300.c	-[CTPFeedsRepositoryImplementation _setNewSupportedFeedTypesForContext:supportedFeedTypes:]	
105572da0	105572e8f	decompiled	chunks/004/functions-000300.c	-[CTPFeedsRepositoryImplementation _isNewSupportedFeedTypesForContext:supportedFeedTypes:]	
105572e90	105572fcf	decompiled	chunks/004/functions-000300.c	-[CTPFeedsRepositoryImplementation _loadFeedFromCacheForContext:checkCacheDuration:]	
105572fd0	105573157	decompiled	chunks/004/functions-000300.c		
105573158	1055732cf	decompiled	chunks/004/functions-000300.c	-[CTPFeedsRepositoryImplementation _saveFeedToCacheForContext:feedResponse:]	
1055732d0	1055733eb	decompiled	chunks/004/functions-000300.c		
1055733ec	10557351b	decompiled	chunks/004/functions-000300.c	-[CTPFeedsRepositoryImplementation _loadFeedFromNetworkAndSaveToDBForContext:supportedFeedTypes:]	
10557351c	105573703	decompiled	chunks/004/functions-000300.c		
105573704	105573773	decompiled	chunks/004/functions-000300.c		
105573774	10557386f	decompiled	chunks/004/functions-000300.c		
105573870	1055738ff	decompiled	chunks/004/functions-000300.c		
105573900	105573993	decompiled	chunks/004/functions-000300.c	-[CTPFeedsRepositoryImplementation _isFeedValid:]	
105573994	105573a23	decompiled	chunks/004/functions-000300.c	-[CTPFeedsRepositoryImplementation .cxx_destruct]	
105573a24	105573b73	decompiled	chunks/004/functions-000300.c	-[CTPItemsRepositoryImplementation initWithNetworkItemsClient:itemsLoaders:itemsPersistenceService:experiments:logger:]	
105573b74	105573d27	decompiled	chunks/004/functions-000300.c	-[CTPItemsRepositoryImplementation _registerLoaders:]	
105573d28	105573e7f	decompiled	chunks/004/functions-000300.c	-[CTPItemsRepositoryImplementation _loaderForFeed:]	
105573e80	105573ebb	decompiled	chunks/004/functions-000300.c		
105573ebc	105573f53	decompiled	chunks/004/functions-000300.c	-[CTPItemsRepositoryImplementation itemsForFeed:itemFetchStrategy:]	
105573f54	105573f6b	decompiled	chunks/004/functions-000300.c	-[CTPItemsRepositoryImplementation itemsForFeed:pageToken:pageSize:itemFetchStrategy:]	
105573f6c	105573f77	decompiled	chunks/004/functions-000300.c	-[CTPItemsRepositoryImplementation _itemsForFeed:returnCachedFirst:]	
105573f78	105574183	decompiled	chunks/004/functions-000300.c	-[CTPItemsRepositoryImplementation _itemsForFeed:returnCachedFirst:pageToken:pageSize:]	
105574184	105574387	decompiled	chunks/004/functions-000300.c		
105574388	105574457	decompiled	chunks/004/functions-000300.c		
105574458	10557452f	decompiled	chunks/004/functions-000300.c		
105574530	1055746f7	decompiled	chunks/004/functions-000300.c	-[CTPItemsRepositoryImplementation _continuouslyUpdatingItemsForFeed:]	
1055746f8	10557479b	decompiled	chunks/004/functions-000300.c	-[CTPItemsRepositoryImplementation deprecated_cameoItemsWithSession:]	
10557479c	1055747ef	decompiled	chunks/004/functions-000300.c		
1055747f0	105574993	decompiled	chunks/004/functions-000300.c	-[CTPItemsRepositoryImplementation _checkValidityAndLoadItemsFromCacheForFeed:withSession:]	
105574994	105574a53	decompiled	chunks/004/functions-000300.c		
105574a54	105574bcf	decompiled	chunks/004/functions-000300.c	-[CTPItemsRepositoryImplementation _loadItemsFromCacheForFeed:withSession:withSubject:]	
105574bd0	105574cf7	decompiled	chunks/004/functions-000300.c		
105574cf8	105574d87	decompiled	chunks/004/functions-000300.c		
105574d88	105574ea7	decompiled	chunks/004/functions-000300.c	-[CTPItemsRepositoryImplementation _persistedItemsWithIndexRankFromRawItems:feed:]	
105574ea8	105574eab	decompiled	chunks/004/functions-000300.c		
105574eac	10557501b	decompiled	chunks/004/functions-000300.c		
10557501c	10557501f	decompiled	chunks/004/functions-000300.c		
105575020	10557511b	decompiled	chunks/004/functions-000300.c	-[CTPItemsRepositoryImplementation _saveItemsToCacheObservableForFeed:items:]	
10557511c	105575287	decompiled	chunks/004/functions-000300.c		
105575288	10557529f	decompiled	chunks/004/functions-000300.c		
1055752a0	105575347	decompiled	chunks/004/functions-000300.c		
105575348	1055753d7	decompiled	chunks/004/functions-000300.c		
1055753d8	10557541f	decompiled	chunks/004/functions-000300.c		
105575420	1055755a3	decompiled	chunks/004/functions-000300.c	-[CTPItemsRepositoryImplementation _saveItemsToCacheForFeed:items:]	
1055755a4	105575697	decompiled	chunks/004/functions-000300.c		
105575698	1055756ef	decompiled	chunks/004/functions-000300.c		
1055756f0	1055757e3	decompiled	chunks/004/functions-000300.c		
1055757e4	10557583b	decompiled	chunks/004/functions-000300.c		
10557583c	10557583f	decompiled	chunks/004/functions-000300.c		
105575840	1055758b3	decompiled	chunks/004/functions-000300.c	-[CTPItemsRepositoryImplementation _isFeedValid:]	
1055758b4	1055758bb	decompiled	chunks/004/functions-000301.c	-[CTPItemsRepositoryImplementation registeredLoaders]	
1055758bc	10557591b	decompiled	chunks/004/functions-000301.c	-[CTPItemsRepositoryImplementation .cxx_destruct]	
10557591c	105575987	decompiled	chunks/004/functions-000301.c	-[CTPItemsLoaderClient initWithLoaders:]	
105575988	105575b5b	decompiled	chunks/004/functions-000301.c	-[CTPItemsLoaderClient _registerLoaders:]	
105575b5c	105575be3	decompiled	chunks/004/functions-000301.c	-[CTPItemsLoaderClient _loaderForFeed:]	
105575be4	105575beb	decompiled	chunks/004/functions-000301.c	-[CTPItemsLoaderClient loaderType]	
105575bec	105575e4f	decompiled	chunks/004/functions-000301.c	-[CTPItemsLoaderClient itemsForFeed:returnCachedFirst:useChecksum:]	
105575e50	105575e5b	decompiled	chunks/004/functions-000301.c	-[CTPItemsLoaderClient continuouslyUpdatingItemsForFeed:]	
105575e5c	105575e67	decompiled	chunks/004/functions-000301.c	-[CTPItemsLoaderClient .cxx_destruct]	
105575e68	105575f0f	decompiled	chunks/004/functions-000301.c	-[CTPItemsLoaderClientEmoji initWithExperiments:]	
105575f10	105575f17	decompiled	chunks/004/functions-000301.c	-[CTPItemsLoaderClientEmoji feedType]	
105575f18	105575f63	decompiled	chunks/004/functions-000301.c	-[CTPItemsLoaderClientEmoji loadItems]	
105575f64	105575f73	decompiled	chunks/004/functions-000301.c		
105575f74	105575fc3	decompiled	chunks/004/functions-000301.c	-[CTPItemsLoaderClientEmoji _loadEmoji]	
105575fc4	10557608b	decompiled	chunks/004/functions-000301.c	-[CTPItemsLoaderClientEmoji _loadEmojiSet]	
10557608c	10557609b	decompiled	chunks/004/functions-000301.c	-[CTPItemsLoaderClientEmoji _processEmojiSet:]	
10557609c	1055760eb	decompiled	chunks/004/functions-000301.c		
1055760ec	105576287	decompiled	chunks/004/functions-000301.c		
105576288	1055762b7	decompiled	chunks/004/functions-000301.c	-[CTPItemsLoaderClientEmoji .cxx_destruct]	
1055762b8	105576363	decompiled	chunks/004/functions-000301.c		
105576364	10557649b	decompiled	chunks/004/functions-000301.c		
10557649c	1055765cf	decompiled	chunks/004/functions-000301.c	-[CTPItemsLoaderCompute initWithItemsPersistenceService:networkItemsClient:circumstanceEngine:repositoryLogger:]	
1055765d0	1055765d7	decompiled	chunks/004/functions-000301.c	-[CTPItemsLoaderCompute loaderType]	
1055765d8	1055765e3	decompiled	chunks/004/functions-000301.c	-[CTPItemsLoaderCompute itemsForFeed:returnCachedFirst:useChecksum:]	
1055765e4	1055765fb	decompiled	chunks/004/functions-000301.c	-[CTPItemsLoaderCompute itemsForFeed:pageToken:pageSize:returnCachedFirst:]	
1055765fc	105576943	decompiled	chunks/004/functions-000301.c	-[CTPItemsLoaderCompute _itemsForFeed:returnCachedFirst:useChecksum:pageToken:pageSize:]	
105576944	10557695b	decompiled	chunks/004/functions-000301.c		
10557695c	1055769e3	decompiled	chunks/004/functions-000301.c		
1055769e4	105576c4f	decompiled	chunks/004/functions-000301.c	-[CTPItemsLoaderCompute continuouslyUpdatingItemsForFeed:]	
105576c50	105576d7b	decompiled	chunks/004/functions-000301.c		
105576d7c	105576dbf	decompiled	chunks/004/functions-000301.c		
105576dc0	105576e37	decompiled	chunks/004/functions-000301.c		
105576e38	10557701f	decompiled	chunks/004/functions-000301.c		
105577020	10557702b	decompiled	chunks/004/functions-000301.c	-[CTPItemsLoaderCompute _getItemsFromCacheThenNetworkIfNecessaryForFeed:useChecksum:]	
10557702c	10557724b	decompiled	chunks/004/functions-000301.c	-[CTPItemsLoaderCompute _getItemsFromCacheThenNetworkIfNecessaryForFeed:useChecksum:pageSize:pageToken:]	
10557724c	10557743b	decompiled	chunks/004/functions-000301.c		
10557743c	105577473	decompiled	chunks/004/functions-000301.c		
105577474	105577487	decompiled	chunks/004/functions-000301.c		
105577488	10557774b	decompiled	chunks/004/functions-000301.c	-[CTPItemsLoaderCompute _getItemsFromNetworkIfCacheExpired:lifecycle:behaviorSubject:previousResult:useChecksum:]	
10557774c	1055777d3	decompiled	chunks/004/functions-000301.c		
1055777d4	105577923	decompiled	chunks/004/functions-000301.c		
105577924	105577a17	decompiled	chunks/004/functions-000301.c		
105577a18	105577a43	decompiled	chunks/004/functions-000301.c		
105577a44	105577af3	decompiled	chunks/004/functions-000301.c		
105577af4	105577dd7	decompiled	chunks/004/functions-000301.c	-[CTPItemsLoaderCompute _getItemsFromCacheOnlyIfValidForFeed:useChecksum:pageSize:pageToken:]	
105577dd8	105577e5f	decompiled	chunks/004/functions-000301.c		
105577e60	10557802f	decompiled	chunks/004/functions-000301.c		
105578030	105578177	decompiled	chunks/004/functions-000301.c		
105578178	1055782db	decompiled	chunks/004/functions-000301.c		
1055782dc	105578373	decompiled	chunks/004/functions-000301.c		
105578374	1055783bf	decompiled	chunks/004/functions-000301.c		
1055783c0	10557841b	decompiled	chunks/004/functions-000301.c		
10557841c	105578467	decompiled	chunks/004/functions-000301.c		
105578468	1055784a7	decompiled	chunks/004/functions-000301.c	-[CTPItemsLoaderCompute _fetchFromNetworkForSubject:feed:computeEndpoint:backendPrivateData:previousResult:useChecksum:pageSize:pageToken:]	
1055784a8	10557867b	decompiled	chunks/004/functions-000301.c	-[CTPItemsLoaderCompute _getItemsFromNetworkIfCacheExpiredWithPagination:lifecycle:behaviorSubject:previousResult:pageSize:pageToken:]	
10557867c	1055787e3	decompiled	chunks/004/functions-000301.c		
1055787e4	10557888f	decompiled	chunks/004/functions-000301.c		
105578890	1055788a3	decompiled	chunks/004/functions-000301.c		
1055788a4	10557892f	decompiled	chunks/004/functions-000301.c	-[CTPItemsLoaderCompute _fetchItemsForFeedWithPagination:pageToken:pageSize:]	
105578930	105578b77	decompiled	chunks/004/functions-000301.c	-[CTPItemsLoaderCompute _fetchItemsForFeedWithPagination:forSubject:previousResult:pageToken:pageSize:]	
105578b78	105578bff	decompiled	chunks/004/functions-000301.c		
105578c00	105578dc7	decompiled	chunks/004/functions-000301.c	-[CTPItemsLoaderCompute _processPaginatedNetworkResponse:feed:subject:previousResult:isFirstPage:]	
105578dc8	105578f0b	decompiled	chunks/004/functions-000301.c		
105578f0c	105578f2b	decompiled	chunks/004/functions-000301.c		
105578f2c	105579033	decompiled	chunks/004/functions-000301.c		
105579034	10557913f	decompiled	chunks/004/functions-000301.c	-[CTPItemsLoaderCompute _handlePaginatedComputeResult:forFeed:subject:previousResult:isFirstPage:]	
105579140	10557915b	decompiled	chunks/004/functions-000301.c		
10557915c	105579267	decompiled	chunks/004/functions-000301.c		
105579268	1055795a3	decompiled	chunks/004/functions-000301.c	-[CTPItemsLoaderCompute _processPagedFlatResult:responseToken:forFeed:subject:previousResult:isFirstPage:]	
1055795a4	105579793	decompiled	chunks/004/functions-000301.c	-[CTPItemsLoaderCompute _mergeAndPersistPagedItems:pageToken:forFeed:subject:previousResult:uiItemsGroups:]	
105579794	10557987f	decompiled	chunks/004/functions-000301.c		
105579880	1055799c7	decompiled	chunks/004/functions-000301.c	-[CTPItemsLoaderCompute _mergeExistingItems:withNewItems:forFeed:]	
1055799c8	105579b9b	decompiled	chunks/004/functions-000301.c	-[CTPItemsLoaderCompute _deduplicateAndMergeExisting:withNewItems:]	
105579b9c	105579c8b	decompiled	chunks/004/functions-000301.c		
105579c8c	105579cb3	decompiled	chunks/004/functions-000301.c		
105579cb4	105579d2b	decompiled	chunks/004/functions-000301.c		
105579d2c	105579d53	decompiled	chunks/004/functions-000301.c		
105579d54	105579d5b	decompiled	chunks/004/functions-000301.c		
105579d5c	105579dbf	decompiled	chunks/004/functions-000301.c		
105579dc0	105579e7b	decompiled	chunks/004/functions-000301.c	-[CTPItemsLoaderCompute _reRankItems:shouldReverse:forFeedId:]	
105579e7c	10557a00f	decompiled	chunks/004/functions-000301.c		
10557a010	10557a20f	decompiled	chunks/004/functions-000301.c	-[CTPItemsLoaderCompute _persistPagedItems:pageToken:forFeed:subject:previousResult:uiItemsGroups:]	
10557a210	10557a353	decompiled	chunks/004/functions-000301.c		
10557a354	10557a4c7	decompiled	chunks/004/functions-000301.c	-[CTPItemsLoaderCompute _areCachedItemsValidForFeed:]	
10557a4c8	10557a5af	decompiled	chunks/004/functions-000301.c		
10557a5b0	10557a5cb	decompiled	chunks/004/functions-000301.c	-[CTPItemsLoaderCompute _shouldReverseFeedResults:]	
10557a5cc	10557a7bf	decompiled	chunks/004/functions-000301.c	-[CTPItemsLoaderCompute _isFeedValid:feedType:]	
10557a7c0	10557a987	decompiled	chunks/004/functions-000301.c	-[CTPItemsLoaderCompute _fetchItemsFromCacheForFeed:]	
10557a988	10557a9c7	decompiled	chunks/004/functions-000301.c		
10557a9c8	10557ab2b	decompiled	chunks/004/functions-000301.c		
10557ab2c	10557ad4b	decompiled	chunks/004/functions-000301.c		
10557ad4c	10557aed7	decompiled	chunks/004/functions-000301.c	-[CTPItemsLoaderCompute _fetchItemsForComputeFeedEndpoint:backendPrivateData:feed:forSubject:previousResult:useChecksum:]	
10557aed8	10557afd3	decompiled	chunks/004/functions-000301.c		
10557afd4	10557b00b	decompiled	chunks/004/functions-000301.c		
10557b00c	10557b33f	decompiled	chunks/004/functions-000301.c	-[CTPItemsLoaderCompute _fetchItemsForComputeFeedEndpoint:backendPrivateData:feed:forSubject:previousResult:cachedItems:]	
10557b340	10557b4af	decompiled	chunks/004/functions-000301.c		
10557b4b0	10557b7b7	decompiled	chunks/004/functions-000301.c		
10557b7b8	10557bbff	decompiled	chunks/004/functions-000301.c		
10557bc00	10557be87	decompiled	chunks/004/functions-000301.c		
10557be88	10557c3a7	decompiled	chunks/004/functions-000301.c	-[CTPItemsLoaderCompute _updateMutablePersistedItemArrayWithCurrentPersisted:cachedItemMap:rawItems:feedId:sectionMetadata:reverseItems:]	
10557c3a8	10557c47f	decompiled	chunks/004/functions-000302.c		
10557c480	10557c523	decompiled	chunks/004/functions-000302.c		
10557c524	10557c71f	decompiled	chunks/004/functions-000302.c	-[CTPItemsLoaderCompute _itemsGroupFromResultSection:]	
10557c720	10557c78f	decompiled	chunks/004/functions-000302.c		
10557c790	10557c827	decompiled	chunks/004/functions-000302.c	-[CTPItemsLoaderCompute _shuffleIfNeededItemsFromItems:withDisplayCount:]	
10557c828	10557c933	decompiled	chunks/004/functions-000302.c	-[CTPItemsLoaderCompute _itemFromPersistedItem:]	
10557c934	10557c9cb	decompiled	chunks/004/functions-000302.c	-[CTPItemsLoaderCompute _itemsFromResultItems:withFeed:]	
10557c9cc	10557caef	decompiled	chunks/004/functions-000302.c		
10557caf0	10557cbfb	decompiled	chunks/004/functions-000302.c		
10557cbfc	10557cc67	decompiled	chunks/004/functions-000302.c		
10557cc68	10557ccdb	decompiled	chunks/004/functions-000302.c	-[CTPItemsLoaderCompute _flatItemsGroupFromItems:feedName:]	
10557ccdc	10557d0a7	decompiled	chunks/004/functions-000302.c	-[CTPItemsLoaderCompute _itemsGroupForPersistedSection:reverseItems:timestamp:]	
10557d0a8	10557d197	decompiled	chunks/004/functions-000302.c	-[CTPItemsLoaderCompute _fetchPersistenceItemsFromCacheForFeed:]	
10557d198	10557d2df	decompiled	chunks/004/functions-000302.c		
10557d2e0	10557d4b7	decompiled	chunks/004/functions-000302.c		
10557d4b8	10557d633	decompiled	chunks/004/functions-000302.c	-[CTPItemsLoaderCompute _itemFromCachedItemId:withFeed:]	
10557d634	10557d82f	decompiled	chunks/004/functions-000302.c		
10557d830	10557d833	decompiled	chunks/004/functions-000302.c		
10557d834	10557d8cb	decompiled	chunks/004/functions-000302.c	-[CTPItemsLoaderCompute _parseExistingPersistedItemsFromNetworkResults:withFeed:]	
10557d8cc	10557d9d3	decompiled	chunks/004/functions-000302.c		
10557d9d4	10557d9d7	decompiled	chunks/004/functions-000302.c		
10557d9d8	10557da1f	decompiled	chunks/004/functions-000302.c		
10557da20	10557dad3	decompiled	chunks/004/functions-000302.c	-[CTPItemsLoaderCompute .cxx_destruct]	
10557dad4	10557db77	decompiled	chunks/004/functions-000302.c	-[CTPItemsDeltaSyncForceFullSyncVersionManager initWithExperiments:preferences:]	
10557db78	10557dbbf	decompiled	chunks/004/functions-000302.c	-[CTPItemsDeltaSyncForceFullSyncVersionManager _currentDeltaSyncVersion]	
10557dbc0	10557dd9b	decompiled	chunks/004/functions-000302.c	-[CTPItemsDeltaSyncForceFullSyncVersionManager deltaSyncVersion]	
10557dd9c	10557ddcb	decompiled	chunks/004/functions-000302.c	-[CTPItemsDeltaSyncForceFullSyncVersionManager .cxx_destruct]	
10557ddcc	10557de13	decompiled	chunks/004/functions-000302.c	-[CTPItemsDeltaSyncProcessor docObjectContext]	
10557de14	10557e20f	decompiled	chunks/004/functions-000302.c	-[CTPItemsDeltaSyncProcessor processDeltaSyncWithGroupKey:isFullSync:updates:deletions:transactionContext:]	
10557e210	10557e243	decompiled	chunks/004/functions-000302.c		
10557e244	10557e35b	decompiled	chunks/004/functions-000302.c		
10557e35c	10557e363	decompiled	chunks/004/functions-000302.c		
10557e364	10557e38b	decompiled	chunks/004/functions-000302.c	-[CTPItemsDeltaSyncProcessor type]	
10557e38c	10557e40f	decompiled	chunks/004/functions-000302.c	-[CTPItemsDeltaSyncProcessor versionForGroupKey:]	
10557e410	10557e4df	decompiled	chunks/004/functions-000302.c	-[CTPItemsDeltaSyncProcessor logoutCleanUpDeltaSyncGroupKeys]	
10557e4e0	10557e533	decompiled	chunks/004/functions-000302.c	-[CTPItemsDeltaSyncProcessor .cxx_destruct]	
10557e534	10557e5f7	decompiled	chunks/004/functions-000302.c		
10557e5f8	10557e687	decompiled	chunks/004/functions-000302.c	-[CTPItemsDeltaSyncProcessorEntryPoint .cxx_destruct]	
10557e688	10557e8b3	decompiled	chunks/004/functions-000302.c		
10557e8b4	10557e8cb	decompiled	chunks/004/functions-000302.c		
10557e8cc	10557e903	decompiled	chunks/004/functions-000302.c		
10557e904	10557e907	decompiled	chunks/004/functions-000302.c		
10557e908	10557ea3f	decompiled	chunks/004/functions-000302.c		
10557ea40	10557ea77	decompiled	chunks/004/functions-000302.c		
10557ea78	10557ebaf	decompiled	chunks/004/functions-000302.c		
10557ebb0	10557ebe7	decompiled	chunks/004/functions-000302.c		
10557ebe8	10557ed43	decompiled	chunks/004/functions-000302.c	-[CTPItemsLoaderDeltaForce initWithDeltaSyncService:itemsPersistenceService:feedsPersistenceService:networkItemsClient:logger:]	
10557ed44	10557ed4b	decompiled	chunks/004/functions-000302.c	-[CTPItemsLoaderDeltaForce loaderType]	
10557ed4c	10557ed53	decompiled	chunks/004/functions-000302.c	-[CTPItemsLoaderDeltaForce itemsForFeed:returnCachedFirst:useChecksum:]	
10557ed54	10557f15b	decompiled	chunks/004/functions-000302.c	-[CTPItemsLoaderDeltaForce itemsForFeed:allowRetry:]	
10557f15c	10557f173	decompiled	chunks/004/functions-000302.c		
10557f174	10557f243	decompiled	chunks/004/functions-000302.c		
10557f244	10557f3db	decompiled	chunks/004/functions-000302.c		
10557f3dc	10557f5e3	decompiled	chunks/004/functions-000302.c		
10557f5e4	10557f62f	decompiled	chunks/004/functions-000302.c		
10557f630	10557f6a7	decompiled	chunks/004/functions-000302.c		
10557f6a8	10557f97f	decompiled	chunks/004/functions-000302.c	-[CTPItemsLoaderDeltaForce continuouslyUpdatingItemsForFeed:]	
10557f980	10557fa43	decompiled	chunks/004/functions-000302.c		
10557fa44	10557fa47	decompiled	chunks/004/functions-000302.c		
10557fa48	10557fa8f	decompiled	chunks/004/functions-000302.c		
10557fa90	10557fc5f	decompiled	chunks/004/functions-000302.c		
10557fc60	10557fdff	decompiled	chunks/004/functions-000302.c	-[CTPItemsLoaderDeltaForce _createObservableFromFuture:]	
10557fe00	10557ffcf	decompiled	chunks/004/functions-000302.c	-[CTPItemsLoaderDeltaForce _saveFeedDeltaSyncKeyIfNecessary:groupKey:]	
10557ffd0	10558005f	decompiled	chunks/004/functions-000302.c		
105580060	1055801ff	decompiled	chunks/004/functions-000302.c	-[CTPItemsLoaderDeltaForce _loadItemsForDeltaSyncKey:feed:]	
105580200	10558031b	decompiled	chunks/004/functions-000302.c		
10558031c	105580387	decompiled	chunks/004/functions-000302.c		
105580388	1055804e7	decompiled	chunks/004/functions-000302.c	-[CTPItemsLoaderDeltaForce _deltaSyncDidFinishForFeed:key:error:subject:]	
1055804e8	10558088b	decompiled	chunks/004/functions-000302.c		
10558088c	105580a0b	decompiled	chunks/004/functions-000302.c	-[CTPItemsLoaderDeltaForce _loadSyncedItemsFromCacheForFeed:]	
105580a0c	105580a77	decompiled	chunks/004/functions-000302.c		
105580a78	105580b6b	decompiled	chunks/004/functions-000302.c	-[CTPItemsLoaderDeltaForce _handleFutureItems:error:promise:feed:]	
105580b6c	105580cf3	decompiled	chunks/004/functions-000302.c	-[CTPItemsLoaderDeltaForce _itemsGroupForPersistedItems:feed:]	
105580cf4	105580d53	decompiled	chunks/004/functions-000302.c	-[CTPItemsLoaderDeltaForce .cxx_destruct]	
105580d54	105580d83	decompiled	chunks/004/functions-000302.c	+[CTPKmpItemsDeltaSyncProcessor clientTypeName]	
105580d84	105580ea3	decompiled	chunks/004/functions-000302.c	-[CTPKmpItemsDeltaSyncProcessor initWithKmpDeltaForcePersistenceService:forceFullSyncVersionManager:crashLogger:]	
105580ea4	105580ecb	decompiled	chunks/004/functions-000302.c	-[CTPKmpItemsDeltaSyncProcessor type]	
105580ecc	105580f17	decompiled	chunks/004/functions-000302.c	-[CTPKmpItemsDeltaSyncProcessor canProcessDeltaSyncWithGroupKey:]	
105580f18	105580ff3	decompiled	chunks/004/functions-000302.c	-[CTPKmpItemsDeltaSyncProcessor processDeltaSyncWithGroupKey:isFullSync:updates:deletions:transactionContext:]	
105580ff4	1055810a7	decompiled	chunks/004/functions-000302.c		
1055810a8	10558112f	decompiled	chunks/004/functions-000302.c	-[CTPKmpItemsDeltaSyncProcessor versionForGroupKey:]	
105581130	105581207	decompiled	chunks/004/functions-000302.c	-[CTPKmpItemsDeltaSyncProcessor logoutCleanUpDeltaSyncGroupKeys]	
105581208	10558120b	decompiled	chunks/004/functions-000302.c	-[CTPKmpItemsDeltaSyncProcessor performLogoutCleanUp:transactionContext:]	
10558120c	105581253	decompiled	chunks/004/functions-000302.c	-[CTPKmpItemsDeltaSyncProcessor .cxx_destruct]	
105581254	105581387	decompiled	chunks/004/functions-000302.c	-[CTPKmpItemsLoaderDeltaForce initWithDeltaSyncService:kmpDataPersistenceService:networkItemsClient:crashLogger:]	
105581388	10558138f	decompiled	chunks/004/functions-000302.c	-[CTPKmpItemsLoaderDeltaForce loaderType]	
105581390	1055816a7	decompiled	chunks/004/functions-000302.c	-[CTPKmpItemsLoaderDeltaForce itemsForFeed:returnCachedFirst:useChecksum:]	
1055816a8	1055816bf	decompiled	chunks/004/functions-000302.c		
1055816c0	1055816f7	decompiled	chunks/004/functions-000302.c		
1055816f8	105581783	decompiled	chunks/004/functions-000302.c		
105581784	1055818eb	decompiled	chunks/004/functions-000302.c	-[CTPKmpItemsLoaderDeltaForce _getDeltaSyncKey:groupKey:]	
1055818ec	10558197b	decompiled	chunks/004/functions-000302.c		
10558197c	105581987	decompiled	chunks/004/functions-000302.c	-[CTPKmpItemsLoaderDeltaForce continuouslyUpdatingItemsForFeed:]	
105581988	105581abf	decompiled	chunks/004/functions-000302.c	-[CTPKmpItemsLoaderDeltaForce _loadItemsForDeltaSyncKey:feed:]	
105581ac0	105581c2b	decompiled	chunks/004/functions-000302.c		
105581c2c	105581cc3	decompiled	chunks/004/functions-000302.c		
105581cc4	105581df7	decompiled	chunks/004/functions-000302.c	-[CTPKmpItemsLoaderDeltaForce _deltaSyncWithKey:feed:]	
105581df8	105581eaf	decompiled	chunks/004/functions-000302.c		
105581eb0	105581f07	decompiled	chunks/004/functions-000302.c		
105581f08	105582137	decompiled	chunks/004/functions-000302.c	-[CTPKmpItemsLoaderDeltaForce _getFeedTypeOriginForKey:feed:]	
105582138	10558216f	decompiled	chunks/004/functions-000303.c		
105582170	105582197	decompiled	chunks/004/functions-000303.c		
105582198	1055823cb	decompiled	chunks/004/functions-000303.c		
1055823cc	105582497	decompiled	chunks/004/functions-000303.c	-[CTPKmpItemsLoaderDeltaForce _getItemsByFeedType:origin:]	
105582498	1055826b7	decompiled	chunks/004/functions-000303.c		
1055826b8	1055827df	decompiled	chunks/004/functions-000303.c	-[CTPKmpItemsLoaderDeltaForce _loadSyncedItemsFromCacheForKey:feed:]	
1055827e0	10558293b	decompiled	chunks/004/functions-000303.c		
10558293c	105582af3	decompiled	chunks/004/functions-000303.c		
105582af4	105582c27	decompiled	chunks/004/functions-000303.c		
105582c28	105582d87	decompiled	chunks/004/functions-000303.c		
105582d88	105582e17	decompiled	chunks/004/functions-000303.c		
105582e18	105582e5f	decompiled	chunks/004/functions-000303.c		
105582e60	105582eb3	decompiled	chunks/004/functions-000303.c	-[CTPKmpItemsLoaderDeltaForce .cxx_destruct]	
105582eb4	105582ecf	decompiled	chunks/004/functions-000303.c		
105582ed0	105583047	decompiled	chunks/004/functions-000303.c		
105583048	10558307f	decompiled	chunks/004/functions-000303.c		
105583080	1055830df	decompiled	chunks/004/functions-000303.c		
1055830e0	1055833ab	decompiled	chunks/004/functions-000303.c		
1055833ac	1055834a3	decompiled	chunks/004/functions-000303.c		
1055834a4	1055834c7	decompiled	chunks/004/functions-000303.c		
1055834c8	1055835c3	decompiled	chunks/004/functions-000303.c		
1055835c4	105583753	decompiled	chunks/004/functions-000303.c		
105583754	105583777	decompiled	chunks/004/functions-000303.c		
105583778	1055837a7	decompiled	chunks/004/functions-000303.c		
1055837a8	105583863	decompiled	chunks/004/functions-000303.c		
105583864	10558399f	decompiled	chunks/004/functions-000303.c		
1055839a0	1055839e7	decompiled	chunks/004/functions-000303.c		
1055839e8	105583b5f	decompiled	chunks/004/functions-000303.c		
105583b60	105583d7f	decompiled	chunks/004/functions-000303.c		
105583d80	105583e2b	decompiled	chunks/004/functions-000303.c	-[CTPGRPCNetworkServiceProvider _grpcSearchClient]	
105583e2c	105583ed7	decompiled	chunks/004/functions-000303.c	-[CTPGRPCNetworkServiceProvider _grpcGiphyClient]	
105583ed8	105583f83	decompiled	chunks/004/functions-000303.c	-[CTPGRPCNetworkServiceProvider _grpcFeedsClient]	
105583f84	10558402f	decompiled	chunks/004/functions-000303.c	-[CTPGRPCNetworkServiceProvider _grpcHometabClient]	
105584030	1055840db	decompiled	chunks/004/functions-000303.c	-[CTPGRPCNetworkServiceProvider _grpcItemsLookupClient]	
1055840dc	105584187	decompiled	chunks/004/functions-000303.c	-[CTPGRPCNetworkServiceProvider _grpcUserDataClient]	
105584188	105584233	decompiled	chunks/004/functions-000303.c	-[CTPGRPCNetworkServiceProvider _grpcMusicUserDataClient]	
105584234	1055842df	decompiled	chunks/004/functions-000303.c	-[CTPGRPCNetworkServiceProvider _grpcCustomStickerClient]	
1055842e0	10558438b	decompiled	chunks/004/functions-000303.c	-[CTPGRPCNetworkServiceProvider _grpcCustomojiClient]	
10558438c	105584493	decompiled	chunks/004/functions-000303.c	-[CTPGRPCNetworkServiceProvider _forYouClientItemTransformer:cameoTransformer:]	
105584494	105584553	decompiled	chunks/004/functions-000303.c	-[CTPGRPCNetworkServiceProvider .cxx_destruct]	
105584554	1055845ff	decompiled	chunks/004/functions-000303.c	-[CTPGRPCNetworkCallback initWithSuccessHandler:]	
105584600	10558460f	decompiled	chunks/004/functions-000303.c	-[CTPGRPCNetworkCallback subscribe:]	
105584610	105584713	decompiled	chunks/004/functions-000303.c	-[CTPGRPCNetworkCallback onEvent:status:]	
105584714	105584753	decompiled	chunks/004/functions-000303.c	-[CTPGRPCNetworkCallback .cxx_destruct]	
105584754	105584827	decompiled	chunks/004/functions-000303.c	-[CTPGRPCNetworkCustomStickerClient initWithCtpGRPCClient:]	
105584828	105584a3f	decompiled	chunks/004/functions-000303.c	-[CTPGRPCNetworkCustomStickerClient createCustomStickers:deleteCustomStickers:]	
105584a40	105584b37	decompiled	chunks/004/functions-000303.c		
105584b38	105584b83	decompiled	chunks/004/functions-000303.c		
105584b84	105584c73	decompiled	chunks/004/functions-000303.c		
105584c74	105584d0b	decompiled	chunks/004/functions-000303.c		
105584d0c	105584d17	decompiled	chunks/004/functions-000303.c	-[CTPGRPCNetworkCustomStickerClient .cxx_destruct]	
105584d18	105584deb	decompiled	chunks/004/functions-000303.c	-[CTPGRPCNetworkCustomojiClient initWithCtpGRPCClient:]	
105584dec	10558504f	decompiled	chunks/004/functions-000303.c	-[CTPGRPCNetworkCustomojiClient createCustomoji:]	
105585050	1055851db	decompiled	chunks/004/functions-000303.c		
1055851dc	1055851e7	decompiled	chunks/004/functions-000303.c	-[CTPGRPCNetworkCustomojiClient .cxx_destruct]	
1055851e8	10558534f	decompiled	chunks/004/functions-000303.c	-[CTPGRPCNetworkFeedsClient initWithGRPCClient:feedsConverter:circumstanceEngine:userDataFactory:bloopsOptionService:logger:]	
105585350	10558539b	decompiled	chunks/004/functions-000303.c		
10558539c	1055853a3	decompiled	chunks/004/functions-000303.c	-[CTPGRPCNetworkFeedsClient feedTreeForContext:supportedFeedTypes:]	
1055853a4	1055853ab	decompiled	chunks/004/functions-000303.c	-[CTPGRPCNetworkFeedsClient feedTreeRawResponseForContext:supportedFeedTypes:]	
1055853ac	10558543b	decompiled	chunks/004/functions-000303.c	-[CTPGRPCNetworkFeedsClient feedFromFeedTreeRawResponse:]	
10558543c	105585577	decompiled	chunks/004/functions-000303.c	-[CTPGRPCNetworkFeedsClient _feedTreeForContext:supportedFeedTypes:shouldParseResponse:]	
105585578	1055855e7	decompiled	chunks/004/functions-000303.c		
1055855e8	105585d53	decompiled	chunks/004/functions-000303.c	-[CTPGRPCNetworkFeedsClient _feedTreeForContext:supportedFeedTypes:cameoOptions:shouldParseResponse:]	
105585d54	105585e5f	decompiled	chunks/004/functions-000303.c		
105585e60	10558613f	decompiled	chunks/004/functions-000303.c		
105586140	105586147	decompiled	chunks/004/functions-000303.c	-[CTPGRPCNetworkFeedsClient feedService]	
105586148	105586177	decompiled	chunks/004/functions-000303.c	-[CTPGRPCNetworkFeedsClient setFeedService:]	
105586178	1055861d7	decompiled	chunks/004/functions-000303.c	-[CTPGRPCNetworkFeedsClient .cxx_destruct]	
1055861d8	10558624b	decompiled	chunks/004/functions-000303.c	-[UNISCCTPCreativeToolsFeedsService initWithUnifiedGrpcService:]	
10558624c	10558632f	decompiled	chunks/004/functions-000303.c	-[UNISCCTPCreativeToolsFeedsService feedRequestWithRequest:callOptionsBuilder:handler:]	
105586330	1055863ff	decompiled	chunks/004/functions-000303.c	-[UNISCCTPCreativeToolsFeedsService feedBidiStreamWithOptionsBuilder:eventHandler:]	
105586400	10558640b	decompiled	chunks/004/functions-000303.c	-[UNISCCTPCreativeToolsFeedsService .cxx_destruct]	
10558640c	1055864f3	decompiled	chunks/004/functions-000303.c		
1055864f4	105586587	decompiled	chunks/004/functions-000303.c		
105586588	1055866cf	decompiled	chunks/004/functions-000303.c		
1055866d0	1055867cb	decompiled	chunks/004/functions-000303.c	-[CTPGRPCUserDataFactory initWithUserIPInferredLocationServices:userAdIdProvider:bitmojiAvatarProvider:birthdayInfoProvider:locationProvider:]	
1055867cc	10558681f	decompiled	chunks/004/functions-000303.c	-[CTPGRPCUserDataFactory _timeZoneOffset]	
105586820	105586aef	decompiled	chunks/004/functions-000303.c	-[CTPGRPCUserDataFactory generateUserInfoWithCameos:]	
105586af0	105586b57	decompiled	chunks/004/functions-000303.c	-[CTPGRPCUserDataFactory _ageOfUser]	
105586b58	105586bab	decompiled	chunks/004/functions-000303.c	-[CTPGRPCUserDataFactory .cxx_destruct]	
105586bac	105586edf	decompiled	chunks/004/functions-000303.c		
105586ee0	1055875b7	decompiled	chunks/004/functions-000303.c		
1055875b8	105587743	decompiled	chunks/004/functions-000303.c		
105587744	1055878f3	decompiled	chunks/004/functions-000303.c	-[CTPGRPCNetworkItemsClient initWithUnifiedGRPCClientFactory:itemTransformer:circumstanceEngine:requestFactory:userDataFactory:adConfigProvider:networkConnectivityAnnouncer:]	
1055878f4	1055878fb	decompiled	chunks/004/functions-000303.c	-[CTPGRPCNetworkItemsClient deprecated_cameoItemsWithSession:]	
1055878fc	105587923	decompiled	chunks/004/functions-000303.c	-[CTPGRPCNetworkItemsClient rawItemsForComputeFeedWithEndpoint:withBackendPrivateData:feedType:cachedItems:]	
105587924	105587ffb	decompiled	chunks/004/functions-000303.c	-[CTPGRPCNetworkItemsClient rawItemsForComputeFeedWithEndpoint:withBackendPrivateData:feedType:cachedItems:pageToken:pageSizeOverride:usePaging:]	
105587ffc	105588057	decompiled	chunks/004/functions-000303.c		
105588058	10558805f	decompiled	chunks/004/functions-000303.c		
105588060	1055883ab	decompiled	chunks/004/functions-000303.c		
1055883ac	10558844b	decompiled	chunks/004/functions-000303.c	-[CTPGRPCNetworkItemsClient ctpItemFromRawResponse:]	
10558844c	1055885e7	decompiled	chunks/004/functions-000303.c	-[CTPGRPCNetworkItemsClient _deprecated_cameoItemsWithSession:shouldParseResponse:]	
1055885e8	10558894b	decompiled	chunks/004/functions-000303.c		
10558894c	105588c4b	decompiled	chunks/004/functions-000303.c	-[CTPGRPCNetworkItemsClient itemsForContextualComputeFeedWithEndpoint:withFeedType:requestContext:]	
105588c4c	105588c53	decompiled	chunks/004/functions-000303.c		
105588c54	105588ccb	decompiled	chunks/004/functions-000303.c	-[CTPGRPCNetworkItemsClient .cxx_destruct]	
105588ccc	105588e93	decompiled	chunks/004/functions-000303.c		
105588e94	105588f3b	decompiled	chunks/004/functions-000303.c		
105588f3c	10558906b	decompiled	chunks/004/functions-000303.c		
10558906c	10558918b	decompiled	chunks/004/functions-000303.c		
10558918c	105589287	decompiled	chunks/004/functions-000304.c	-[CTPGRPCNetworkItemsLookupClient initWithGRPCClient:circumstanceEngine:requestFactory:protobufItemTransformer:]	
105589288	10558942b	decompiled	chunks/004/functions-000304.c	-[CTPGRPCNetworkItemsLookupClient lookupItemsWithIdentifiers:type:]	
10558942c	10558961f	decompiled	chunks/004/functions-000304.c		
105589620	105589667	decompiled	chunks/004/functions-000304.c	-[CTPGRPCNetworkItemsLookupClient .cxx_destruct]	
105589668	1055896db	decompiled	chunks/004/functions-000304.c	-[CTPNetworkLoggerImplementation initWithGrapheneRegistry:]	
1055896dc	10558975f	decompiled	chunks/004/functions-000304.c	-[CTPNetworkLoggerImplementation logNetworkLatencyWithContext:durationMs:]	
105589760	10558976b	decompiled	chunks/004/functions-000304.c	-[CTPNetworkLoggerImplementation .cxx_destruct]	
10558976c	10558980f	decompiled	chunks/004/functions-000304.c	-[CTPGRPCNetworkRequestFactory initWithBitmojiTransformer:cameoTransformer:]	
105589810	105589ad7	decompiled	chunks/004/functions-000304.c	-[CTPGRPCNetworkRequestFactory createSearchRequestFromQuery:session:]	
105589ad8	105589d37	decompiled	chunks/004/functions-000304.c	-[CTPGRPCNetworkRequestFactory createItemsLookupRequestWithIdentifiers:itemType:]	
105589d38	105589eaf	decompiled	chunks/004/functions-000304.c	-[CTPGRPCNetworkRequestFactory createCameosItemsRequestFromSession:]	
105589eb0	105589f73	decompiled	chunks/004/functions-000304.c	-[CTPGRPCNetworkRequestFactory protoLocationFromLocation:]	
105589f74	10558a07b	decompiled	chunks/004/functions-000304.c	-[CTPGRPCNetworkRequestFactory protoUserInfoFromUserInfo:]	
10558a07c	10558a163	decompiled	chunks/004/functions-000304.c	-[CTPGRPCNetworkRequestFactory protoSectionsToReturnFromFilteredSections:]	
10558a164	10558a23f	decompiled	chunks/004/functions-000304.c	-[CTPGRPCNetworkRequestFactory protoLanguagesFromLanguages:]	
10558a240	10558a2eb	decompiled	chunks/004/functions-000304.c		
10558a2ec	10558a3e3	decompiled	chunks/004/functions-000304.c	-[CTPGRPCNetworkRequestFactory protoResultTypeOptionsFromOptions:]	
10558a3e4	10558a47f	decompiled	chunks/004/functions-000304.c	-[CTPGRPCNetworkRequestFactory _protoSectionForSectionValue:]	
10558a480	10558a4df	decompiled	chunks/004/functions-000304.c	-[CTPGRPCNetworkRequestFactory _checkForAndUpdateSection:sectionMask:array:]	
10558a4e0	10558a503	decompiled	chunks/004/functions-000304.c	-[CTPGRPCNetworkRequestFactory _protoOriginFromSessionOrigin:]	
10558a504	10558a6d3	decompiled	chunks/004/functions-000304.c	-[CTPGRPCNetworkRequestFactory _protoResultTypeOptionFromBitmojiOptions:]	
10558a6d4	10558a80b	decompiled	chunks/004/functions-000304.c	-[CTPGRPCNetworkRequestFactory _protoResultTypeOptionFromCameoOptions:]	
10558a80c	10558a903	decompiled	chunks/004/functions-000304.c	-[CTPGRPCNetworkRequestFactory _protoCameoItemsOptionsFromCameoOptions:]	
10558a904	10558a933	decompiled	chunks/004/functions-000304.c	-[CTPGRPCNetworkRequestFactory .cxx_destruct]	
10558a934	10558aa57	decompiled	chunks/004/functions-000304.c	-[CTPGRPCNetworkSearchClient initWithGRPCClient:giphyGRPCClient:itemTransformer:circumstanceEngine:requestFactory:]	
10558aa58	10558ab43	decompiled	chunks/004/functions-000304.c	-[CTPGRPCNetworkSearchClient searchWithSession:query:]	
10558ab44	10558adf3	decompiled	chunks/004/functions-000304.c		
10558adf4	10558ae0b	decompiled	chunks/004/functions-000304.c		
10558ae0c	10558af0b	decompiled	chunks/004/functions-000304.c		
10558af0c	10558af43	decompiled	chunks/004/functions-000304.c		
10558af44	10558b043	decompiled	chunks/004/functions-000304.c		
10558b044	10558b07b	decompiled	chunks/004/functions-000304.c		
10558b07c	10558b16f	decompiled	chunks/004/functions-000304.c	-[CTPGRPCNetworkSearchClient searchForGiphy:query:]	
10558b170	10558b373	decompiled	chunks/004/functions-000304.c		
10558b374	10558b3c3	decompiled	chunks/004/functions-000304.c		
10558b3c4	10558b41f	decompiled	chunks/004/functions-000304.c		
10558b420	10558b47f	decompiled	chunks/004/functions-000304.c	-[CTPGRPCNetworkSearchClient _transformFromProtoGiphyResponse:]	
10558b480	10558b5e3	decompiled	chunks/004/functions-000304.c		
10558b5e4	10558b7ff	decompiled	chunks/004/functions-000304.c		
10558b800	10558b847	decompiled	chunks/004/functions-000304.c		
10558b848	10558b907	decompiled	chunks/004/functions-000304.c	-[CTPGRPCNetworkSearchClient search:query:]	
10558b908	10558baeb	decompiled	chunks/004/functions-000304.c		
10558baec	10558bb3b	decompiled	chunks/004/functions-000304.c		
10558bb3c	10558bb97	decompiled	chunks/004/functions-000304.c		
10558bb98	10558bbf7	decompiled	chunks/004/functions-000304.c	-[CTPGRPCNetworkSearchClient _transformFromProtoSearchResponse:]	
10558bbf8	10558bd9f	decompiled	chunks/004/functions-000304.c		
10558bda0	10558c117	decompiled	chunks/004/functions-000304.c		
10558c118	10558c15f	decompiled	chunks/004/functions-000304.c		
10558c160	10558c1b3	decompiled	chunks/004/functions-000304.c	-[CTPGRPCNetworkSearchClient .cxx_destruct]	
10558c1b4	10558c2d7	decompiled	chunks/004/functions-000304.c	-[CTPGRPCNetworkForYouClient initWithGRPCClient:itemTransformer:userDataFactory:cameoTransformer:searchSectionPersistenceService:]	
10558c2d8	10558c44f	decompiled	chunks/004/functions-000304.c	-[CTPGRPCNetworkForYouClient previewStickerSearchPreTypeResponseDataWithHasCameo:]	
10558c450	10558c477	decompiled	chunks/004/functions-000304.c		
10558c478	10558c7a7	decompiled	chunks/004/functions-000304.c	-[CTPGRPCNetworkForYouClient parseHometabForYouData:]	
10558c7a8	10558c7fb	decompiled	chunks/004/functions-000304.c	-[CTPGRPCNetworkForYouClient .cxx_destruct]	
10558c7fc	10558c8f7	decompiled	chunks/004/functions-000304.c	-[CTPGRPCNetworkGiphyClient initWithGRPCClient:itemTransformer:circumstanceEngine:userDataFactory:]	
10558c8f8	10558cb27	decompiled	chunks/004/functions-000304.c	-[CTPGRPCNetworkGiphyClient requestGiphyTrending]	
10558cb28	10558cbb3	decompiled	chunks/004/functions-000304.c		
10558cbb4	10558cd93	decompiled	chunks/004/functions-000304.c	-[CTPGRPCNetworkGiphyClient _parseGiphyTrending:]	
10558cd94	10558cddb	decompiled	chunks/004/functions-000304.c	-[CTPGRPCNetworkGiphyClient .cxx_destruct]	
10558cddc	10558ceaf	decompiled	chunks/004/functions-000304.c	-[CTPGRPCNetworkShareYoursClient initWithCtpGRPCClient:]	
10558ceb0	10558cf0f	decompiled	chunks/004/functions-000304.c	-[CTPGRPCNetworkShareYoursClient _callOptionsBuilder]	
10558cf10	10558d053	decompiled	chunks/004/functions-000304.c	-[CTPGRPCNetworkShareYoursClient createShareYoursPromptWithText:]	
10558d054	10558d167	decompiled	chunks/004/functions-000304.c		
10558d168	10558d20b	decompiled	chunks/004/functions-000304.c		
10558d20c	10558d36f	decompiled	chunks/004/functions-000304.c	-[CTPGRPCNetworkShareYoursClient addStoryWithShareYoursId:snapId:]	
10558d370	10558d483	decompiled	chunks/004/functions-000304.c		
10558d484	10558d52b	decompiled	chunks/004/functions-000304.c		
10558d52c	10558d6a3	decompiled	chunks/004/functions-000304.c	-[CTPGRPCNetworkShareYoursClient listStoriesWithShareYoursId:limit:pageToken:]	
10558d6a4	10558d7b7	decompiled	chunks/004/functions-000304.c		
10558d7b8	10558d85b	decompiled	chunks/004/functions-000304.c		
10558d85c	10558d867	decompiled	chunks/004/functions-000304.c	-[CTPGRPCNetworkShareYoursClient .cxx_destruct]	
10558d868	10558dc57	decompiled	chunks/004/functions-000304.c		
10558dc58	10558dcdf	decompiled	chunks/004/functions-000304.c		
10558dce0	10558dd63	decompiled	chunks/004/functions-000304.c		
10558dd64	10558de2f	decompiled	chunks/004/functions-000304.c	-[CTPGRPCNetworkUserDataClient initWithCtpGRPCClient:musicUserDataClient:]	
10558de30	10558dec7	decompiled	chunks/004/functions-000304.c		
10558dec8	10558df37	decompiled	chunks/004/functions-000304.c	-[CTPGRPCNetworkUserDataClient _optionsBuilder]	
10558df38	10558e033	decompiled	chunks/004/functions-000304.c	-[CTPGRPCNetworkUserDataClient putUserDataCTItems:category:]	
10558e034	10558e1cf	decompiled	chunks/004/functions-000304.c		
10558e1d0	10558e21b	decompiled	chunks/004/functions-000304.c		
10558e21c	10558e3bb	decompiled	chunks/004/functions-000304.c		
10558e3bc	10558e3f7	decompiled	chunks/004/functions-000304.c		
10558e3f8	10558e4f3	decompiled	chunks/004/functions-000304.c	-[CTPGRPCNetworkUserDataClient putUserDataItems:category:]	
10558e4f4	10558e6b7	decompiled	chunks/004/functions-000304.c		
10558e6b8	10558e943	decompiled	chunks/004/functions-000304.c		
10558e944	10558e963	decompiled	chunks/004/functions-000304.c		
10558e964	10558eb03	decompiled	chunks/004/functions-000304.c		
10558eb04	10558ebff	decompiled	chunks/004/functions-000304.c	-[CTPGRPCNetworkUserDataClient removeUserDataCTItems:category:]	
10558ec00	10558ed8f	decompiled	chunks/004/functions-000304.c		
10558ed90	10558eddb	decompiled	chunks/004/functions-000304.c		
10558eddc	10558ef7f	decompiled	chunks/004/functions-000304.c		
10558ef80	10558f07b	decompiled	chunks/004/functions-000304.c	-[CTPGRPCNetworkUserDataClient removeUserDataItems:category:]	
10558f07c	10558f233	decompiled	chunks/004/functions-000304.c		
10558f234	10558f49f	decompiled	chunks/004/functions-000304.c		
10558f4a0	10558f4cf	decompiled	chunks/004/functions-000304.c	-[CTPGRPCNetworkUserDataClient .cxx_destruct]	
10558f4d0	10558f57b	decompiled	chunks/004/functions-000304.c	-[CTPGRPCNetworkSearchResult initWithResult:query:]	
10558f57c	10558f59f	decompiled	chunks/004/functions-000304.c	-[CTPGRPCNetworkSearchResult copyWithZone:]	
10558f5a0	10558f613	decompiled	chunks/004/functions-000304.c	-[CTPGRPCNetworkSearchResult hash]	
10558f614	10558f6bb	decompiled	chunks/004/functions-000304.c	-[CTPGRPCNetworkSearchResult isEqual:]	
10558f6bc	10558f6c3	decompiled	chunks/004/functions-000304.c	-[CTPGRPCNetworkSearchResult result]	
10558f6c4	10558f6cb	decompiled	chunks/004/functions-000305.c	-[CTPGRPCNetworkSearchResult query]	
10558f6cc	10558f6fb	decompiled	chunks/004/functions-000305.c	-[CTPGRPCNetworkSearchResult .cxx_destruct]	
10558f6fc	10558f7a7	decompiled	chunks/004/functions-000305.c	-[CTPGRPCNetworkGiphySearchResult initWithResult:query:]	
10558f7a8	10558f7cb	decompiled	chunks/004/functions-000305.c	-[CTPGRPCNetworkGiphySearchResult copyWithZone:]	
10558f7cc	10558f83f	decompiled	chunks/004/functions-000305.c	-[CTPGRPCNetworkGiphySearchResult hash]	
10558f840	10558f8e7	decompiled	chunks/004/functions-000305.c	-[CTPGRPCNetworkGiphySearchResult isEqual:]	
10558f8e8	10558f8ef	decompiled	chunks/004/functions-000305.c	-[CTPGRPCNetworkGiphySearchResult result]	
10558f8f0	10558f8f7	decompiled	chunks/004/functions-000305.c	-[CTPGRPCNetworkGiphySearchResult query]	
10558f8f8	10558f927	decompiled	chunks/004/functions-000305.c	-[CTPGRPCNetworkGiphySearchResult .cxx_destruct]	
10558f928	10558f99b	decompiled	chunks/004/functions-000305.c	-[UNISCCTPMusicUserDataService initWithUnifiedGrpcService:]	
10558f99c	10558fa7f	decompiled	chunks/004/functions-000305.c	-[UNISCCTPMusicUserDataService putItemsByExternalIDWithRequest:callOptionsBuilder:handler:]	
10558fa80	10558fb63	decompiled	chunks/004/functions-000305.c	-[UNISCCTPMusicUserDataService putItemsWithRequest:callOptionsBuilder:handler:]	
10558fb64	10558fc47	decompiled	chunks/004/functions-000305.c	-[UNISCCTPMusicUserDataService removeItemsByExternalIDWithRequest:callOptionsBuilder:handler:]	
10558fc48	10558fd2b	decompiled	chunks/004/functions-000305.c	-[UNISCCTPMusicUserDataService removeItemsWithRequest:callOptionsBuilder:handler:]	
10558fd2c	10558fe0f	decompiled	chunks/004/functions-000305.c	-[UNISCCTPMusicUserDataService listItemsWithRequest:callOptionsBuilder:handler:]	
10558fe10	10558fef3	decompiled	chunks/004/functions-000305.c	-[UNISCCTPMusicUserDataService checkItemsWithRequest:callOptionsBuilder:handler:]	
10558fef4	10558ffd7	decompiled	chunks/004/functions-000305.c	-[UNISCCTPMusicUserDataService removeAllItemsWithRequest:callOptionsBuilder:handler:]	
10558ffd8	10558ffe3	decompiled	chunks/004/functions-000305.c	-[UNISCCTPMusicUserDataService .cxx_destruct]	
10558ffe4	105590057	decompiled	chunks/004/functions-000305.c	-[UNISCCTPUserDataService initWithUnifiedGrpcService:]	
105590058	10559013b	decompiled	chunks/004/functions-000305.c	-[UNISCCTPUserDataService putItemsByExternalIDWithRequest:callOptionsBuilder:handler:]	
10559013c	10559021f	decompiled	chunks/004/functions-000305.c	-[UNISCCTPUserDataService putItemsWithRequest:callOptionsBuilder:handler:]	
105590220	105590303	decompiled	chunks/004/functions-000305.c	-[UNISCCTPUserDataService removeItemsByExternalIDWithRequest:callOptionsBuilder:handler:]	
105590304	1055903e7	decompiled	chunks/004/functions-000305.c	-[UNISCCTPUserDataService removeItemsWithRequest:callOptionsBuilder:handler:]	
1055903e8	1055904cb	decompiled	chunks/004/functions-000305.c	-[UNISCCTPUserDataService listItemsWithRequest:callOptionsBuilder:handler:]	
1055904cc	1055905af	decompiled	chunks/004/functions-000305.c	-[UNISCCTPUserDataService checkItemsWithRequest:callOptionsBuilder:handler:]	
1055905b0	105590693	decompiled	chunks/004/functions-000305.c	-[UNISCCTPUserDataService removeAllItemsWithRequest:callOptionsBuilder:handler:]	
105590694	10559069f	decompiled	chunks/004/functions-000305.c	-[UNISCCTPUserDataService .cxx_destruct]	
1055906a0	105590707	decompiled	chunks/004/functions-000305.c	+[SCCTPPutItemsByExternalIDRequest descriptor]	
105590708	105590783	decompiled	chunks/004/functions-000305.c	+[SCCTPPutItemsByExternalIDRequest_Item descriptor]	
105590784	1055907eb	decompiled	chunks/004/functions-000305.c	+[SCCTPPutItemsByExternalIDResponse descriptor]	
1055907ec	105590867	decompiled	chunks/004/functions-000305.c	+[SCCTPPutItemsByExternalIDResponse_Result descriptor]	
105590868	1055908cf	decompiled	chunks/004/functions-000305.c	+[SCCTPRemoveItemsByExternalIDRequest descriptor]	
1055908d0	10559094b	decompiled	chunks/004/functions-000305.c	+[SCCTPRemoveItemsByExternalIDRequest_Item descriptor]	
10559094c	1055909b3	decompiled	chunks/004/functions-000305.c	+[SCCTPRemoveItemsByExternalIDResponse descriptor]	
1055909b4	105590a2f	decompiled	chunks/004/functions-000305.c	+[SCCTPRemoveItemsByExternalIDResponse_Result descriptor]	
105590a30	105590a97	decompiled	chunks/004/functions-000305.c	+[SCCTPListItemsRequest descriptor]	
105590a98	105590aff	decompiled	chunks/004/functions-000305.c	+[SCCTPListItemsResponse descriptor]	
105590b00	105590b7b	decompiled	chunks/004/functions-000305.c	+[SCCTPListItemsResponse_Item descriptor]	
105590b7c	105590be3	decompiled	chunks/004/functions-000305.c	+[SCCTPCheckItemsRequest descriptor]	
105590be4	105590c67	decompiled	chunks/004/functions-000305.c	+[SCCTPCheckItemsRequest_Item descriptor]	
105590c68	105590ccf	decompiled	chunks/004/functions-000305.c	+[SCCTPCheckItemsResponse descriptor]	
105590cd0	105590d4b	decompiled	chunks/004/functions-000305.c	+[SCCTPCheckItemsResponse_Item descriptor]	
105590d4c	105590db3	decompiled	chunks/004/functions-000305.c	+[SCCTPRemoveAllItemsRequest descriptor]	
105590db4	105590e1b	decompiled	chunks/004/functions-000305.c	+[SCCTPRemoveAllItemsResponse descriptor]	
105590e1c	105590e83	decompiled	chunks/004/functions-000305.c	+[SCCTPUserDataItem descriptor]	
105590e84	105590eeb	decompiled	chunks/004/functions-000305.c	+[SCCTPUserDataCTItemResult descriptor]	
105590eec	105590f53	decompiled	chunks/004/functions-000305.c	+[SCCTPUserDataCTPIDResult descriptor]	
105590f54	105590fbb	decompiled	chunks/004/functions-000305.c	+[SCCTPRemoveItemsRequest descriptor]	
105590fbc	105591023	decompiled	chunks/004/functions-000305.c	+[SCCTPRemoveItemsResponse descriptor]	
105591024	10559108b	decompiled	chunks/004/functions-000305.c	+[SCCTPPutItemsRequest descriptor]	
10559108c	10559116f	decompiled	chunks/004/functions-000305.c	+[SCCTPPutItemsResponse descriptor]	
105591170	10559117b	decompiled	chunks/004/functions-000305.c		
10559117c	1055911ef	decompiled	chunks/004/functions-000305.c	-[UNISCCTPCustomStickerCustomStickerService initWithUnifiedGrpcService:]	
1055911f0	1055912d3	decompiled	chunks/004/functions-000305.c	-[UNISCCTPCustomStickerCustomStickerService createWithRequest:callOptionsBuilder:handler:]	
1055912d4	1055913b7	decompiled	chunks/004/functions-000305.c	-[UNISCCTPCustomStickerCustomStickerService deleteWithRequest:callOptionsBuilder:handler:]	
1055913b8	10559149b	decompiled	chunks/004/functions-000305.c	-[UNISCCTPCustomStickerCustomStickerService batchOpsWithRequest:callOptionsBuilder:handler:]	
10559149c	10559157f	decompiled	chunks/004/functions-000305.c	-[UNISCCTPCustomStickerCustomStickerService updateOrderWeightWithRequest:callOptionsBuilder:handler:]	
105591580	105591663	decompiled	chunks/004/functions-000305.c	-[UNISCCTPCustomStickerCustomStickerService addRefWithRequest:callOptionsBuilder:handler:]	
105591664	105591747	decompiled	chunks/004/functions-000305.c	-[UNISCCTPCustomStickerCustomStickerService removeRefWithRequest:callOptionsBuilder:handler:]	
105591748	10559182b	decompiled	chunks/004/functions-000305.c	-[UNISCCTPCustomStickerCustomStickerService getWithRequest:callOptionsBuilder:handler:]	
10559182c	10559190f	decompiled	chunks/004/functions-000305.c	-[UNISCCTPCustomStickerCustomStickerService listPackWithRequest:callOptionsBuilder:handler:]	
105591910	1055919f3	decompiled	chunks/004/functions-000305.c	-[UNISCCTPCustomStickerCustomStickerService createShareYoursPromptWithRequest:callOptionsBuilder:handler:]	
1055919f4	105591ad7	decompiled	chunks/004/functions-000305.c	-[UNISCCTPCustomStickerCustomStickerService addShareYoursStoryWithRequest:callOptionsBuilder:handler:]	
105591ad8	105591bbb	decompiled	chunks/004/functions-000305.c	-[UNISCCTPCustomStickerCustomStickerService listShareYoursStoriesWithRequest:callOptionsBuilder:handler:]	
105591bbc	105591bc7	decompiled	chunks/004/functions-000305.c	-[UNISCCTPCustomStickerCustomStickerService .cxx_destruct]	
105591bc8	105591c3b	decompiled	chunks/004/functions-000305.c	-[UNISCCTPCustomojiCustomojiService initWithUnifiedGrpcService:]	
105591c3c	105591d1f	decompiled	chunks/004/functions-000305.c	-[UNISCCTPCustomojiCustomojiService createWithRequest:callOptionsBuilder:handler:]	
105591d20	105591d2b	decompiled	chunks/004/functions-000305.c	-[UNISCCTPCustomojiCustomojiService .cxx_destruct]	
105591d2c	105591d93	decompiled	chunks/004/functions-000305.c	+[SCCTPCustomojiCreateRequest descriptor]	
105591d94	105591dfb	decompiled	chunks/004/functions-000305.c	+[SCCTPCustomojiCreateResponse descriptor]	
105591dfc	105591e63	decompiled	chunks/004/functions-000305.c	+[SCCTPCTFeedRequest descriptor]	
105591e64	105591edf	decompiled	chunks/004/functions-000305.c	+[SCCTPCTFeedRequest_ClientFeatures descriptor]	
105591ee0	105591f47	decompiled	chunks/004/functions-000305.c	+[SCCTPCTFeedResponse descriptor]	
105591f48	105591faf	decompiled	chunks/004/functions-000305.c	+[SCCTPCTBidiFeedRequest descriptor]	
105591fb0	105592033	decompiled	chunks/004/functions-000305.c	+[SCCTPCTBidiFeedRequest_FeedTreeRequest descriptor]	
105592034	1055920b7	decompiled	chunks/004/functions-000305.c	+[SCCTPCTBidiFeedRequest_ComputeRequest descriptor]	
1055920b8	105592143	decompiled	chunks/004/functions-000305.c	+[SCCTPCTBidiFeedResponse descriptor]	
105592144	1055921bf	decompiled	chunks/004/functions-000305.c	+[SCCTPCTBidiFeedResponse_FeedTreeResponse descriptor]	
1055921c0	10559223b	decompiled	chunks/004/functions-000305.c	+[SCCTPCTBidiFeedResponse_ComputeResponse descriptor]	
10559223c	1055922a3	decompiled	chunks/004/functions-000305.c	+[SCCTPComputeFeedRequest descriptor]	
1055922a4	10559230b	decompiled	chunks/004/functions-000305.c	+[SCCTPQueryInterval descriptor]	
10559230c	105592373	decompiled	chunks/004/functions-000305.c	+[SCCTPFlags descriptor]	
105592374	1055923ff	decompiled	chunks/004/functions-000305.c	+[SCCTPComputeFeedResponse descriptor]	
105592400	10559247b	decompiled	chunks/004/functions-000305.c	+[SCCTPComputeFeedResponse_FlatResults descriptor]	
10559247c	1055924e3	decompiled	chunks/004/functions-000305.c	+[SCCTPGiphySearchRequest descriptor]	
1055924e4	10559254b	decompiled	chunks/004/functions-000305.c	+[SCCTPGiphyTrendingRequest descriptor]	
10559254c	1055925b3	decompiled	chunks/004/functions-000305.c	+[SCCTPGiphySearchResponse descriptor]	
1055925b4	10559261b	decompiled	chunks/004/functions-000305.c	+[SCCTPGiphyGetByIDsRequest descriptor]	
10559261c	105592683	decompiled	chunks/004/functions-000305.c	+[SCCTPGiphyGetByIDsResponse descriptor]	
105592684	1055926eb	decompiled	chunks/004/functions-000305.c	+[SCCTPGiphyTrendingResponse descriptor]	
1055926ec	105592753	decompiled	chunks/004/functions-000305.c	+[SCCTPHometabRequest descriptor]	
105592754	105592837	decompiled	chunks/004/functions-000305.c	+[SCCTPHometabResponse descriptor]	
105592838	105592843	decompiled	chunks/004/functions-000305.c		
105592844	1055928ab	decompiled	chunks/004/functions-000305.c	+[SCCTPCTItemsRequest descriptor]	
1055928ac	105592913	decompiled	chunks/004/functions-000305.c	+[SCCTPCTItemsResponse descriptor]	
105592914	10559297b	decompiled	chunks/004/functions-000305.c	+[SCCTPCameoCTItemsRequest descriptor]	
10559297c	1055929e3	decompiled	chunks/004/functions-000305.c	+[SCCTPCameoCTItemsOptions descriptor]	
1055929e4	105592a4b	decompiled	chunks/004/functions-000305.c	+[SCCTPMusicTrackCTItemsRequest descriptor]	
105592a4c	105592ab3	decompiled	chunks/004/functions-000305.c	+[SCCTPGetItemsByExternalIDsRequest descriptor]	
105592ab4	105592b1b	decompiled	chunks/004/functions-000305.c	+[SCCTPGetItemsByExternalIDsResponse descriptor]	
105592b1c	105592b97	decompiled	chunks/004/functions-000306.c	+[SCCTPGetItemsByExternalIDsResponse_Item descriptor]	
105592b98	105592bff	decompiled	chunks/004/functions-000306.c	+[SCCTPGetItemsByCTPIDsRequest descriptor]	
105592c00	105592c67	decompiled	chunks/004/functions-000306.c	+[SCCTPGetItemsByCTPIDsResponse descriptor]	
105592c68	105592ceb	decompiled	chunks/004/functions-000306.c	+[SCCTPGetItemsByCTPIDsResponse_ItemResponse descriptor]	
105592cec	105592d53	decompiled	chunks/004/functions-000306.c	+[SCCTPSearchRequest descriptor]	
105592d54	105592dbb	decompiled	chunks/004/functions-000306.c	+[SCCTPSearchResponse descriptor]	
105592dbc	105592e23	decompiled	chunks/004/functions-000306.c	+[SCCTPSection descriptor]	
105592e24	105592f07	decompiled	chunks/004/functions-000306.c	+[SCCTPResult descriptor]	
105592f08	105592f13	decompiled	chunks/004/functions-000306.c		
105592f14	105592f8f	decompiled	chunks/004/functions-000306.c		
105592f90	105592f9b	decompiled	chunks/004/functions-000306.c		
105592f9c	105593003	decompiled	chunks/004/functions-000306.c	+[SCCTPSectionedResults descriptor]	
105593004	10559306b	decompiled	chunks/004/functions-000306.c	+[SCCTPResultSection descriptor]	
10559306c	1055930f7	decompiled	chunks/004/functions-000306.c	+[SCCTPResultEntry descriptor]	
1055930f8	1055931db	decompiled	chunks/004/functions-000306.c	+[SCCTPClientCachedCTItem descriptor]	
1055931dc	1055931e7	decompiled	chunks/004/functions-000306.c		
1055931e8	105593263	decompiled	chunks/004/functions-000306.c		
105593264	10559326f	decompiled	chunks/004/functions-000306.c		
105593270	1055932eb	decompiled	chunks/004/functions-000306.c		
1055932ec	1055932f7	decompiled	chunks/004/functions-000306.c		
1055932f8	105593373	decompiled	chunks/004/functions-000306.c		
105593374	10559337f	decompiled	chunks/004/functions-000306.c		
105593380	1055933e7	decompiled	chunks/004/functions-000306.c	+[SCS2StickerSearchRequest descriptor]	
1055933e8	10559344f	decompiled	chunks/004/functions-000306.c	+[SCS2StickerSearchResponse descriptor]	
105593450	1055934b7	decompiled	chunks/004/functions-000306.c	+[SCS2StickerLookupRequest descriptor]	
1055934b8	10559351f	decompiled	chunks/004/functions-000306.c	+[SCS2StickerLookupResponse descriptor]	
105593520	105593587	decompiled	chunks/004/functions-000306.c	+[SCS2StickerReplyRequest descriptor]	
105593588	1055935ef	decompiled	chunks/004/functions-000306.c	+[SCS2StickerReplyResponse descriptor]	
1055935f0	105593657	decompiled	chunks/004/functions-000306.c	+[SCS2StickerSection descriptor]	
105593658	1055936e3	decompiled	chunks/004/functions-000306.c	+[SCS2StickerResultTypeOption descriptor]	
1055936e4	10559375f	decompiled	chunks/004/functions-000306.c	+[SCS2StickerResultTypeOption_CameoOption descriptor]	
105593760	1055937db	decompiled	chunks/004/functions-000306.c	+[SCS2StickerResultTypeOption_BitmojiOption descriptor]	
1055937dc	105593857	decompiled	chunks/004/functions-000306.c	+[SCS2StickerResultTypeOption_GfycatOption descriptor]	
105593858	1055938bf	decompiled	chunks/004/functions-000306.c	+[SCS2StickerResultMetadata descriptor]	
1055938c0	105593927	decompiled	chunks/004/functions-000306.c	+[SCS2StickerResult descriptor]	
105593928	105593a97	decompiled	chunks/004/functions-000306.c		
105593a98	105593ae7	decompiled	chunks/004/functions-000306.c	-[CTPStickerContentManagerServiceProvider .cxx_destruct]	
105593ae8	105593b97	decompiled	chunks/004/functions-000306.c		
105593b98	105593cd7	decompiled	chunks/004/functions-000306.c	-[CTPStickerContentManagerImpl initWithContentDelivery:boltUploader:performerProvider:]	
105593cd8	105593d47	decompiled	chunks/004/functions-000306.c		
105593d48	105593e47	decompiled	chunks/004/functions-000306.c	-[CTPStickerContentManagerImpl registerNewStickerWithId:imageContent:completion:]	
105593e48	1055940c3	decompiled	chunks/004/functions-000306.c	-[CTPStickerContentManagerImpl uploadStickerBoltContent:content:completion:]	
1055940c4	10559417f	decompiled	chunks/004/functions-000306.c		
105594180	1055941df	decompiled	chunks/004/functions-000306.c		
1055941e0	10559456b	decompiled	chunks/004/functions-000306.c	-[CTPStickerContentManagerImpl retrieveSticker:mediaContent:encKey:encIv:completion:]	
10559456c	105594743	decompiled	chunks/004/functions-000306.c		
105594744	105594883	decompiled	chunks/004/functions-000306.c		
105594884	10559493f	decompiled	chunks/004/functions-000306.c		
105594940	105594a6b	decompiled	chunks/004/functions-000306.c	-[CTPStickerContentManagerImpl retrieveStickerWithId:completion:]	
105594a6c	105594a73	decompiled	chunks/004/functions-000306.c	-[CTPStickerContentManagerImpl contentDelivery]	
105594a74	105594aa3	decompiled	chunks/004/functions-000306.c	-[CTPStickerContentManagerImpl setContentDelivery:]	
105594aa4	105594aab	decompiled	chunks/004/functions-000306.c	-[CTPStickerContentManagerImpl boltUploader]	
105594aac	105594adb	decompiled	chunks/004/functions-000306.c	-[CTPStickerContentManagerImpl setBoltUploader:]	
105594adc	105594ae3	decompiled	chunks/004/functions-000306.c	-[CTPStickerContentManagerImpl performer]	
105594ae4	105594b13	decompiled	chunks/004/functions-000306.c	-[CTPStickerContentManagerImpl setPerformer:]	
105594b14	105594b4f	decompiled	chunks/004/functions-000306.c	-[CTPStickerContentManagerImpl .cxx_destruct]	
105594b50	105594d8f	decompiled	chunks/004/functions-000306.c	-[CTPItemViewFactory initWithRenderers:protobufTransformer:defaultPresentationModelProvider:creativeToolsABProvider:]	
105594d90	105594e23	decompiled	chunks/004/functions-000306.c	-[CTPItemViewFactory _rendererForItem:]	
105594e24	105594eeb	decompiled	chunks/004/functions-000306.c	-[CTPItemViewFactory _rendererForItemInstance:]	
105594eec	105594fd7	decompiled	chunks/004/functions-000306.c	-[CTPItemViewFactory _noRegisteredRendererErrorForType:]	
105594fd8	1055950c3	decompiled	chunks/004/functions-000306.c	-[CTPItemViewFactory _noRegisteredRendererErrorForEntityCase:]	
1055950c4	105595107	decompiled	chunks/004/functions-000306.c	-[CTPItemViewFactory registeredRenderers]	
105595108	10559519b	decompiled	chunks/004/functions-000306.c	-[CTPItemViewFactory registerItemRenderer:]	
10559519c	10559530b	decompiled	chunks/004/functions-000306.c	-[CTPItemViewFactory viewForItem:reuseView:presentationModelProvider:]	
10559530c	1055956cf	decompiled	chunks/004/functions-000306.c	-[CTPItemViewFactory viewForItemInstance:feature:presentationModelProviderType:]	
1055956d0	1055956e7	decompiled	chunks/004/functions-000306.c		
1055956e8	1055957df	decompiled	chunks/004/functions-000306.c		
1055957e0	105595873	decompiled	chunks/004/functions-000306.c		
105595874	1055958c7	decompiled	chunks/004/functions-000306.c	-[CTPItemViewFactory viewReuseIdentifierForItem:]	
1055958c8	1055958fb	decompiled	chunks/004/functions-000306.c	-[CTPItemViewFactory canRenderItemViewForItemInstance:]	
1055958fc	1055959db	decompiled	chunks/004/functions-000306.c	-[CTPItemViewFactory .cxx_destruct]	
1055959dc	105595c27	decompiled	chunks/004/functions-000306.c		
105595c28	105595d17	decompiled	chunks/004/functions-000306.c		
105595d18	105595dff	decompiled	chunks/004/functions-000306.c		
105595e00	105595f27	decompiled	chunks/004/functions-000306.c	-[CTPItemViewServiceProvider .cxx_destruct]	
105595f28	105595f9b	decompiled	chunks/004/functions-000306.c	-[CTPRenderingLoggerImplementation initWithGrapheneRegistry:]	
105595f9c	105596157	decompiled	chunks/004/functions-000306.c	-[CTPRenderingLoggerImplementation logRendererMetricsWithDurationMs:name:isRecycledView:]	
105596158	105596163	decompiled	chunks/004/functions-000306.c	-[CTPRenderingLoggerImplementation .cxx_destruct]	
105596164	10559616b	decompiled	chunks/004/functions-000306.c	-[CTPItemRendererAutoCaptions ctItemEntityCase]	
10559616c	105596177	decompiled	chunks/004/functions-000306.c	-[CTPItemRendererAutoCaptions viewReuseIdentifier]	
105596178	10559617f	decompiled	chunks/004/functions-000306.c	-[CTPItemRendererAutoCaptions viewForItem:presentationModelProvider:]	
105596180	105596187	decompiled	chunks/004/functions-000306.c	-[CTPItemRendererAutoCaptions attemptToRecycleView:forUseWithItem:presentationModelProvider:]	
105596188	1055963bb	decompiled	chunks/004/functions-000306.c	-[CTPItemRendererAutoCaptions viewForItemInstance:presentationModelProviderType:]	
1055963bc	105596477	decompiled	chunks/004/functions-000306.c	-[CTPItemRendererAutoCaptions _requestFailureWithErrorCode:]	
105596478	1055964df	decompiled	chunks/004/functions-000306.c	-[CTPCustomojiItemView initWithItem:]	
1055964e0	105596533	decompiled	chunks/004/functions-000306.c	-[CTPCustomojiItemView initWithFrame:]	
105596534	1055967ef	decompiled	chunks/004/functions-000306.c	-[CTPCustomojiItemView setCustomojiView:]	
1055967f0	1055967f3	decompiled	chunks/004/functions-000306.c	-[CTPCustomojiItemView willDisplay]	
1055967f4	1055967f7	decompiled	chunks/004/functions-000306.c	-[CTPCustomojiItemView didEndDisplay]	
1055967f8	105596807	decompiled	chunks/004/functions-000306.c	-[CTPCustomojiItemView item]	
105596808	105596847	decompiled	chunks/004/functions-000306.c	-[CTPCustomojiItemView setItem:]	
105596848	105596857	decompiled	chunks/004/functions-000306.c	-[CTPCustomojiItemView itemInstance]	
105596858	105596867	decompiled	chunks/004/functions-000306.c	-[CTPCustomojiItemView loadedFromCache]	
105596868	105596877	decompiled	chunks/004/functions-000306.c	-[CTPCustomojiItemView setLoadedFromCache:]	
105596878	105596887	decompiled	chunks/004/functions-000306.c	-[CTPCustomojiItemView imageView]	
105596888	105596897	decompiled	chunks/004/functions-000306.c	-[CTPCustomojiItemView customojiView]	
105596898	1055968f7	decompiled	chunks/004/functions-000306.c	-[CTPCustomojiItemView .cxx_destruct]	
1055968f8	105596933	decompiled	chunks/004/functions-000306.c	-[CTPItemRenderRequestBitmoji init]	
105596934	105596997	decompiled	chunks/004/functions-000306.c	-[CTPItemRenderRequestBitmoji setCurrentRequest:]	
105596998	1055969e3	decompiled	chunks/004/functions-000306.c	-[CTPItemRenderRequestBitmoji cancel]	
1055969e4	105596a17	decompiled	chunks/004/functions-000307.c	-[CTPItemRenderRequestBitmoji isCanceled]	
105596a18	105596a23	decompiled	chunks/004/functions-000307.c	-[CTPItemRenderRequestBitmoji .cxx_destruct]	
105596a24	105596be7	decompiled	chunks/004/functions-000307.c	-[CTPItemRendererBitmoji initWithBitmojiImageFetcher:customojiViewProvider:bitmoji3DStickerFetcher:configProvider:logger:simpleContentFetcher:stickerContentManager:customojiFetcher:clientRendererGatingProvider:]	
105596be8	105596c2f	decompiled	chunks/004/functions-000307.c	-[CTPItemRendererBitmoji dealloc]	
105596c30	105596c37	decompiled	chunks/004/functions-000307.c	-[CTPItemRendererBitmoji ctItemEntityCase]	
105596c38	105596c43	decompiled	chunks/004/functions-000307.c	-[CTPItemRendererBitmoji viewReuseIdentifier]	
105596c44	105596df7	decompiled	chunks/004/functions-000307.c	-[CTPItemRendererBitmoji viewForItem:presentationModelProvider:]	
105596df8	105596e7b	decompiled	chunks/004/functions-000307.c		
105596e7c	105596fb7	decompiled	chunks/004/functions-000307.c	-[CTPItemRendererBitmoji attemptToRecycleView:forUseWithItem:presentationModelProvider:]	
105596fb8	10559703b	decompiled	chunks/004/functions-000307.c		
10559703c	10559721f	decompiled	chunks/004/functions-000307.c	-[CTPItemRendererBitmoji _loadImageForBitmojiStickerItem:itemView:presentationModelProvider:completionBlock:]	
105597220	10559761b	decompiled	chunks/004/functions-000307.c	-[CTPItemRendererBitmoji _loadImageForItem:subject:itemView:bitmojiEntity:presentationModelProvider:completionBlock:]	
10559761c	105597793	decompiled	chunks/004/functions-000307.c		
105597794	105597893	decompiled	chunks/004/functions-000307.c		
105597894	105597cbb	decompiled	chunks/004/functions-000307.c	-[CTPItemRendererBitmoji _loadImageForPresentationModel:bitmojiSticker:item:itemView:request:subject:completionBlock:]	
105597cbc	105597edf	decompiled	chunks/004/functions-000307.c	-[CTPItemRendererBitmoji _delayedPresentationModelFromModel:entity:delayMs:]	
105597ee0	1055980bb	decompiled	chunks/004/functions-000307.c	-[CTPItemRendererBitmoji _bitmojiCustomojiStickerPresentationModelFromModel:text:type:]	
1055980bc	10559820b	decompiled	chunks/004/functions-000307.c	-[CTPItemRendererBitmoji _bitmojiStickerEntityFromEntity:text:]	
10559820c	1055982fb	decompiled	chunks/004/functions-000307.c	-[CTPItemRendererBitmoji _ctpItemFromItem:entity:]	
1055982fc	10559844f	decompiled	chunks/004/functions-000307.c	-[CTPItemRendererBitmoji _loadImageWithModifiedEntity:model:item:itemView:request:subject:completionBlock:]	
105598450	1055984af	decompiled	chunks/004/functions-000307.c	-[CTPItemRendererBitmoji .cxx_destruct]	
1055984b0	10559857b	decompiled	chunks/004/functions-000307.c	-[CTPBitmojiRenderProvider initBitmojiImageFetcher:bitmoji3DStickerFetcher:configProvider:]	
10559857c	10559895b	decompiled	chunks/004/functions-000307.c	-[CTPBitmojiRenderProvider renderRequestWithParams:item:feature:itemView:subject:isReaction:completion:]	
10559895c	105598973	decompiled	chunks/004/functions-000307.c		
105598974	105598ad7	decompiled	chunks/004/functions-000307.c		
105598ad8	105598b9f	decompiled	chunks/004/functions-000307.c		
105598ba0	105598bdb	decompiled	chunks/004/functions-000307.c		
105598bdc	105598d4b	decompiled	chunks/004/functions-000307.c	-[CTPBitmojiRenderProvider _bitmojiImageLoadedForItem:itemView:subject:image:fromCache:]	
105598d4c	105598d87	decompiled	chunks/004/functions-000307.c	-[CTPBitmojiRenderProvider .cxx_destruct]	
105598d88	105598ed3	decompiled	chunks/004/functions-000307.c	-[CTPBitmojiRenderStrategiesFactory initWithBitmojiImageFetcher:customojiViewProvider:bitmoji3DStickerFetcher:configProvider:simpleContentFetcher:stickerContentManager:customojiFetcher:]	
105598ed4	105598f27	decompiled	chunks/004/functions-000307.c	-[CTPBitmojiRenderStrategiesFactory renderProviderForBitmojiSticker:]	
105598f28	105598f97	decompiled	chunks/004/functions-000307.c	-[CTPBitmojiRenderStrategiesFactory isViewSupportedForRecycling:]	
105598f98	105598f9f	decompiled	chunks/004/functions-000307.c	-[CTPBitmojiRenderStrategiesFactory subscribeToPresentationModel:bitmojiEntity:next:]	
105598fa0	105598fab	decompiled	chunks/004/functions-000307.c	-[CTPBitmojiRenderStrategiesFactory _subscribeToDefaultPresentationModel:next:]	
105598fac	105598fdb	decompiled	chunks/004/functions-000307.c	-[CTPBitmojiRenderStrategiesFactory .cxx_destruct]	
105598fdc	1055990d7	decompiled	chunks/004/functions-000307.c	-[CTPCustomojiRenderProvider initWithCustomojiViewProvider:simpleContentFetcher:stickerContentManager:customojiFetcher:]	
1055990d8	105599397	decompiled	chunks/004/functions-000307.c	-[CTPCustomojiRenderProvider renderRequestWithParams:item:feature:itemView:subject:isReaction:completion:]	
105599398	1055993af	decompiled	chunks/004/functions-000307.c		
1055993b0	105599423	decompiled	chunks/004/functions-000307.c		
105599424	10559945b	decompiled	chunks/004/functions-000307.c		
10559945c	105599667	decompiled	chunks/004/functions-000307.c	-[CTPCustomojiRenderProvider _loadCustomojiFromURL:item:itemView:subject:completion:]	
105599668	1055996bf	decompiled	chunks/004/functions-000307.c		
1055996c0	105599827	decompiled	chunks/004/functions-000307.c	-[CTPCustomojiRenderProvider _handleContentResult:item:itemView:subject:completion:]	
105599828	1055998eb	decompiled	chunks/004/functions-000307.c		
1055998ec	105599d1f	decompiled	chunks/004/functions-000307.c	-[CTPCustomojiRenderProvider _renderCustomojiWithParams:item:feature:itemView:subject:isReaction:text:rendererId:completion:]	
105599d20	105599e1b	decompiled	chunks/004/functions-000307.c		
105599e1c	105599e93	decompiled	chunks/004/functions-000307.c		
105599e94	105599edb	decompiled	chunks/004/functions-000307.c		
105599edc	10559a08b	decompiled	chunks/004/functions-000307.c		
10559a08c	10559a17b	decompiled	chunks/004/functions-000307.c		
10559a17c	10559a237	decompiled	chunks/004/functions-000307.c		
10559a238	10559a3bb	decompiled	chunks/004/functions-000307.c	-[CTPCustomojiRenderProvider _imageLoadedForItem:itemView:subject:image:fromCache:]	
10559a3bc	10559a403	decompiled	chunks/004/functions-000307.c	-[CTPCustomojiRenderProvider .cxx_destruct]	
10559a404	10559a40f	decompiled	chunks/004/functions-000307.c	+[CTPItemViewImage reuseIdentifier]	
10559a410	10559a4fb	decompiled	chunks/004/functions-000307.c	-[CTPItemViewImage initWithImageBackedItem:image:]	
10559a4fc	10559a7b7	decompiled	chunks/004/functions-000307.c	-[CTPItemViewImage _setupImageView]	
10559a7b8	10559a83b	decompiled	chunks/004/functions-000307.c	-[CTPItemViewImage updateWithItem:image:]	
10559a83c	10559a8c3	decompiled	chunks/004/functions-000307.c	-[CTPItemViewImage willDisplay]	
10559a8c4	10559a93f	decompiled	chunks/004/functions-000307.c	-[CTPItemViewImage didEndDisplay]	
10559a940	10559a94f	decompiled	chunks/004/functions-000307.c	-[CTPItemViewImage item]	
10559a950	10559a95f	decompiled	chunks/004/functions-000307.c	-[CTPItemViewImage itemInstance]	
10559a960	10559a96f	decompiled	chunks/004/functions-000307.c	-[CTPItemViewImage loadedFromCache]	
10559a970	10559a97f	decompiled	chunks/004/functions-000307.c	-[CTPItemViewImage setLoadedFromCache:]	
10559a980	10559a98f	decompiled	chunks/004/functions-000307.c	-[CTPItemViewImage imageView]	
10559a990	10559a9df	decompiled	chunks/004/functions-000307.c	-[CTPItemViewImage .cxx_destruct]	
10559a9e0	10559aa83	decompiled	chunks/004/functions-000307.c	-[CTPItemRendererCaptions initWithSnapchatterFetcher:captionDataProvider:creativeToolsABProvider:]	
10559aa84	10559aa8b	decompiled	chunks/004/functions-000307.c	-[CTPItemRendererCaptions ctItemEntityCase]	
10559aa8c	10559aa97	decompiled	chunks/004/functions-000307.c	-[CTPItemRendererCaptions viewReuseIdentifier]	
10559aa98	10559aa9f	decompiled	chunks/004/functions-000307.c	-[CTPItemRendererCaptions viewForItem:presentationModelProvider:]	
10559aaa0	10559ab5b	decompiled	chunks/004/functions-000307.c		
10559ab5c	10559ab63	decompiled	chunks/004/functions-000307.c	-[CTPItemRendererCaptions attemptToRecycleView:forUseWithItem:presentationModelProvider:]	
10559ab64	10559afbb	decompiled	chunks/004/functions-000307.c	-[CTPItemRendererCaptions viewForItemInstance:presentationModelProviderType:]	
10559afbc	10559b007	decompiled	chunks/004/functions-000307.c		
10559b008	10559b187	decompiled	chunks/004/functions-000307.c		
10559b188	10559b26f	decompiled	chunks/004/functions-000307.c		
10559b270	10559b29f	decompiled	chunks/004/functions-000307.c	-[CTPItemRendererCaptions .cxx_destruct]	
10559b2a0	10559b343	decompiled	chunks/004/functions-000307.c	-[CTPItemRendererCustomSticker initWithStickerContentManager:circumstanceEngine:]	
10559b344	10559b373	decompiled	chunks/004/functions-000307.c	-[CTPItemRendererCustomSticker _assetCacheTTLInMinutes]	
10559b374	10559b37b	decompiled	chunks/004/functions-000307.c	-[CTPItemRendererCustomSticker ctItemEntityCase]	
10559b37c	10559b387	decompiled	chunks/004/functions-000307.c	-[CTPItemRendererCustomSticker viewReuseIdentifier]	
10559b388	10559b46b	decompiled	chunks/004/functions-000307.c	-[CTPItemRendererCustomSticker viewForItem:presentationModelProvider:]	
10559b46c	10559b537	decompiled	chunks/004/functions-000307.c	-[CTPItemRendererCustomSticker attemptToRecycleView:forUseWithItem:presentationModelProvider:]	
10559b538	10559b8bb	decompiled	chunks/004/functions-000307.c	-[CTPItemRendererCustomSticker _loadImageForCustomStickerItem:itemView:]	
10559b8bc	10559b973	decompiled	chunks/004/functions-000307.c		
10559b974	10559ba4f	decompiled	chunks/004/functions-000307.c	-[CTPItemRendererCustomSticker _handleContentCompletionWithResult:imagePromise:]	
10559ba50	10559bbb3	decompiled	chunks/004/functions-000307.c	-[CTPItemRendererCustomSticker _customStickerMediaLoadedForItem:itemView:subject:image:]	
10559bbb4	10559bbe3	decompiled	chunks/004/functions-000307.c	-[CTPItemRendererCustomSticker .cxx_destruct]	
10559bbe4	10559bbeb	decompiled	chunks/004/functions-000307.c	-[CTPItemRendererDrawing ctItemEntityCase]	
10559bbec	10559bbf7	decompiled	chunks/004/functions-000307.c	-[CTPItemRendererDrawing viewReuseIdentifier]	
10559bbf8	10559bbff	decompiled	chunks/004/functions-000307.c	-[CTPItemRendererDrawing viewForItem:presentationModelProvider:]	
10559bc00	10559bc07	decompiled	chunks/004/functions-000307.c	-[CTPItemRendererDrawing attemptToRecycleView:forUseWithItem:presentationModelProvider:]	
10559bc08	10559bf9b	decompiled	chunks/004/functions-000307.c	-[CTPItemRendererDrawing viewForItemInstance:presentationModelProviderType:]	
10559bf9c	10559c057	decompiled	chunks/004/functions-000307.c	-[CTPItemRendererDrawing _requestFailureWithErrorCode:]	
10559c058	10559c05f	decompiled	chunks/004/functions-000307.c	-[CTPItemRendererEmoji ctItemEntityCase]	
10559c060	10559c06b	decompiled	chunks/004/functions-000307.c	-[CTPItemRendererEmoji viewReuseIdentifier]	
10559c06c	10559c24b	decompiled	chunks/004/functions-000307.c	-[CTPItemRendererEmoji viewForItem:presentationModelProvider:]	
10559c24c	10559c39b	decompiled	chunks/004/functions-000307.c	-[CTPItemRendererEmoji attemptToRecycleView:forUseWithItem:presentationModelProvider:]	
10559c39c	10559c403	decompiled	chunks/004/functions-000307.c		
10559c404	10559c40f	decompiled	chunks/004/functions-000307.c	+[CTPItemViewEmoji reuseIdentifier]	
10559c410	10559c4cf	decompiled	chunks/004/functions-000307.c	-[CTPItemViewEmoji initWithEmojiItem:]	
10559c4d0	10559c5a3	decompiled	chunks/004/functions-000308.c	-[CTPItemViewEmoji updateWithItem:]	
10559c5a4	10559c76b	decompiled	chunks/004/functions-000308.c	-[CTPItemViewEmoji drawRect:]	
10559c76c	10559c76f	decompiled	chunks/004/functions-000308.c	-[CTPItemViewEmoji willDisplay]	
10559c770	10559c773	decompiled	chunks/004/functions-000308.c	-[CTPItemViewEmoji didEndDisplay]	
10559c774	10559c89f	decompiled	chunks/004/functions-000308.c	-[CTPItemViewEmoji imageView]	
10559c8a0	10559c8af	decompiled	chunks/004/functions-000308.c	-[CTPItemViewEmoji item]	
10559c8b0	10559c8bf	decompiled	chunks/004/functions-000308.c	-[CTPItemViewEmoji itemInstance]	
10559c8c0	10559c8cf	decompiled	chunks/004/functions-000308.c	-[CTPItemViewEmoji loadedFromCache]	
10559c8d0	10559c8df	decompiled	chunks/004/functions-000308.c	-[CTPItemViewEmoji setLoadedFromCache:]	
10559c8e0	10559c92f	decompiled	chunks/004/functions-000308.c	-[CTPItemViewEmoji .cxx_destruct]	
10559c930	10559c9ef	decompiled	chunks/004/functions-000308.c	-[CTPItemRendererGfycat initWithSimpleContentFetcher:circumstanceEngine:]	
10559c9f0	10559ca37	decompiled	chunks/004/functions-000308.c	-[CTPItemRendererGfycat dealloc]	
10559ca38	10559ca63	decompiled	chunks/004/functions-000308.c	-[CTPItemRendererGfycat _assetCacheTTLInMinutes]	
10559ca64	10559ca6b	decompiled	chunks/004/functions-000308.c	-[CTPItemRendererGfycat ctItemEntityCase]	
10559ca6c	10559ca77	decompiled	chunks/004/functions-000308.c	-[CTPItemRendererGfycat viewReuseIdentifier]	
10559ca78	10559cb5f	decompiled	chunks/004/functions-000308.c	-[CTPItemRendererGfycat viewForItem:presentationModelProvider:]	
10559cb60	10559cc2f	decompiled	chunks/004/functions-000308.c	-[CTPItemRendererGfycat attemptToRecycleView:forUseWithItem:presentationModelProvider:]	
10559cc30	10559ce9f	decompiled	chunks/004/functions-000308.c	-[CTPItemRendererGfycat _loadMediaForGfycatItem:itemView:presentationModelProvider:]	
10559cea0	10559ceb7	decompiled	chunks/004/functions-000308.c		
10559ceb8	10559cf83	decompiled	chunks/004/functions-000308.c		
10559cf84	10559d02b	decompiled	chunks/004/functions-000308.c		
10559d02c	10559d537	decompiled	chunks/004/functions-000308.c	-[CTPItemRendererGfycat _loadMediaWithPresentationModel:item:itemView:]	
10559d538	10559d53b	decompiled	chunks/004/functions-000308.c		
10559d53c	10559d68b	decompiled	chunks/004/functions-000308.c		
10559d68c	10559d767	decompiled	chunks/004/functions-000308.c	-[CTPItemRendererGfycat _handleContentCompletionWithResult:imagePromise:]	
10559d768	10559d93b	decompiled	chunks/004/functions-000308.c	-[CTPItemRendererGfycat _gfycatMediaLoadedForItem:itemView:presentationModel:subject:image:]	
10559d93c	10559d977	decompiled	chunks/004/functions-000308.c	-[CTPItemRendererGfycat .cxx_destruct]	
10559d978	10559da0b	decompiled	chunks/004/functions-000308.c	-[CTPItemRendererGiphy initWithContentDelivery:]	
10559da0c	10559da13	decompiled	chunks/004/functions-000308.c	-[CTPItemRendererGiphy ctItemEntityCase]	
10559da14	10559da1f	decompiled	chunks/004/functions-000308.c	-[CTPItemRendererGiphy viewReuseIdentifier]	
10559da20	10559db53	decompiled	chunks/004/functions-000308.c	-[CTPItemRendererGiphy viewForItem:presentationModelProvider:]	
10559db54	10559dc33	decompiled	chunks/004/functions-000308.c	-[CTPItemRendererGiphy attemptToRecycleView:forUseWithItem:presentationModelProvider:]	
10559dc34	10559dea3	decompiled	chunks/004/functions-000308.c	-[CTPItemRendererGiphy _loadMediaForGiphyItem:itemView:presenationModelProvider:]	
10559dea4	10559debb	decompiled	chunks/004/functions-000308.c		
10559debc	10559dfbf	decompiled	chunks/004/functions-000308.c		
10559dfc0	10559e33b	decompiled	chunks/004/functions-000308.c	-[CTPItemRendererGiphy _loadMediaWithPresentationModel:item:itemView:]	
10559e33c	10559e3c3	decompiled	chunks/004/functions-000308.c		
10559e3c4	10559e3c7	decompiled	chunks/004/functions-000308.c		
10559e3c8	10559e53b	decompiled	chunks/004/functions-000308.c		
10559e53c	10559e793	decompiled	chunks/004/functions-000308.c	-[CTPItemRendererGiphy _loadImageWithPromise:urlString:]	
10559e794	10559e853	decompiled	chunks/004/functions-000308.c		
10559e854	10559e883	decompiled	chunks/004/functions-000308.c	-[CTPItemRendererGiphy .cxx_destruct]	
10559e884	10559ebdb	decompiled	chunks/004/functions-000308.c	-[CTPItemRendererInfo initWithSnapchattersDataFetcher:currentUserId:photoPermissionCoordinator:coreConfigProvider:grapheneRegistry:applicationLifecycleEvents:downloader:simpleContentFetcher:urlPreviewProvider:contentDelivery:valdiRuntimeProvider:musicTrackAssetLoader:temporaryFileWriter:creativeToolsABProvider:fetchLimit:infoStickerViewProviderFactory:]	
10559ebdc	10559ebe3	decompiled	chunks/004/functions-000308.c	-[CTPItemRendererInfo ctItemEntityCase]	
10559ebe4	10559ebef	decompiled	chunks/004/functions-000308.c	-[CTPItemRendererInfo viewReuseIdentifier]	
10559ebf0	10559ebf7	decompiled	chunks/004/functions-000308.c	-[CTPItemRendererInfo viewForItem:presentationModelProvider:]	
10559ebf8	10559ebff	decompiled	chunks/004/functions-000308.c	-[CTPItemRendererInfo attemptToRecycleView:forUseWithItem:presentationModelProvider:]	
10559ec00	10559ed7b	decompiled	chunks/004/functions-000308.c	-[CTPItemRendererInfo viewForItemInstance:presentationModelProviderType:]	
10559ed7c	10559eda7	decompiled	chunks/004/functions-000308.c		
10559eda8	10559f49f	decompiled	chunks/004/functions-000308.c	-[CTPItemRendererInfo _itemViewFromItemInstance:presentationModelProviderType:completion:]	
10559f4a0	10559f60f	decompiled	chunks/004/functions-000308.c		
10559f610	10559f77f	decompiled	chunks/004/functions-000308.c	+[CTPItemRendererInfo _subscribeOnceOnComplete:do:]	
10559f780	10559f797	decompiled	chunks/004/functions-000308.c		
10559f798	10559f7ff	decompiled	chunks/004/functions-000308.c		
10559f800	10559f8bf	decompiled	chunks/004/functions-000308.c	-[CTPItemRendererInfo _checkValdiRuntimeProviderWithCompletion:]	
10559f8c0	10559f973	decompiled	chunks/004/functions-000308.c	-[CTPItemRendererInfo _checkInfoStickerViewProviderFactoryWithCompletion:]	
10559f974	10559fa17	decompiled	chunks/004/functions-000308.c	-[CTPItemRendererInfo .cxx_destruct]	
10559fa18	10559fadb	decompiled	chunks/004/functions-000308.c	-[CTPItemRendererSnapSticker initWithContentDelivery:circumstanceEngine:]	
10559fadc	10559fcc7	decompiled	chunks/004/functions-000308.c	-[CTPItemRendererSnapSticker legacyURLForSticker:]	
10559fcc8	10559fccf	decompiled	chunks/004/functions-000308.c	-[CTPItemRendererSnapSticker ctItemEntityCase]	
10559fcd0	10559fcdb	decompiled	chunks/004/functions-000308.c	-[CTPItemRendererSnapSticker viewReuseIdentifier]	
10559fcdc	10559fe0f	decompiled	chunks/004/functions-000308.c	-[CTPItemRendererSnapSticker viewForItem:presentationModelProvider:]	
10559fe10	10559feef	decompiled	chunks/004/functions-000308.c	-[CTPItemRendererSnapSticker attemptToRecycleView:forUseWithItem:presentationModelProvider:]	
10559fef0	1055a015f	decompiled	chunks/004/functions-000308.c	-[CTPItemRendererSnapSticker _loadMediaForSnapStickerItem:itemView:presenationModelProvider:]	
1055a0160	1055a0177	decompiled	chunks/004/functions-000308.c		
1055a0178	1055a027b	decompiled	chunks/004/functions-000308.c		
1055a027c	1055a065b	decompiled	chunks/004/functions-000308.c	-[CTPItemRendererSnapSticker _loadMediaWithPresentationModel:item:itemView:]	
1055a065c	1055a06e3	decompiled	chunks/004/functions-000308.c		
1055a06e4	1055a06e7	decompiled	chunks/004/functions-000308.c		
1055a06e8	1055a083f	decompiled	chunks/004/functions-000308.c		
1055a0840	1055a0a97	decompiled	chunks/004/functions-000308.c	-[CTPItemRendererSnapSticker _loadImageWithPromise:urlString:]	
1055a0a98	1055a0b17	decompiled	chunks/004/functions-000308.c		
1055a0b18	1055a0b53	decompiled	chunks/004/functions-000308.c	-[CTPItemRendererSnapSticker .cxx_destruct]	
1055a0b54	1055a0c03	decompiled	chunks/004/functions-000308.c	-[CTPItemViewCancelableRequest initWithObservable:cancelable:]	
1055a0c04	1055a0ccb	decompiled	chunks/004/functions-000308.c	-[CTPItemViewCancelableRequest registerOnComplete]	
1055a0ccc	1055a0cfb	decompiled	chunks/004/functions-000308.c		
1055a0cfc	1055a0d0f	decompiled	chunks/004/functions-000308.c	-[CTPItemViewCancelableRequest cancel]	
1055a0d10	1055a0d17	decompiled	chunks/004/functions-000308.c	-[CTPItemViewCancelableRequest observable]	
1055a0d18	1055a0d1f	decompiled	chunks/004/functions-000308.c	-[CTPItemViewCancelableRequest complete]	
1055a0d20	1055a0d27	decompiled	chunks/004/functions-000308.c	-[CTPItemViewCancelableRequest setComplete:]	
1055a0d28	1055a0d63	decompiled	chunks/004/functions-000308.c	-[CTPItemViewCancelableRequest .cxx_destruct]	
1055a0d64	1055a11cf	decompiled	chunks/004/functions-000308.c	-[SCWebAttachmentContentLoader fetchWebAttachmentContentWithUrl:urlPreviewProvider:completionQueue:completion:]	
1055a11d0	1055a11e7	decompiled	chunks/004/functions-000308.c		
1055a11e8	1055a1313	decompiled	chunks/004/functions-000308.c		
1055a1314	1055a134b	decompiled	chunks/004/functions-000308.c		
1055a134c	1055a140f	decompiled	chunks/004/functions-000308.c		
1055a1410	1055a1417	decompiled	chunks/004/functions-000308.c		
1055a1418	1055a14ff	decompiled	chunks/004/functions-000308.c		
1055a1500	1055a1573	decompiled	chunks/004/functions-000308.c		
1055a1574	1055a157f	decompiled	chunks/004/functions-000308.c	-[SCWebAttachmentContentLoader .cxx_destruct]	
1055a1580	1055a17cb	decompiled	chunks/004/functions-000308.c		
1055a17cc	1055a17f7	decompiled	chunks/004/functions-000308.c	+[SCGrapheneCtPlatformSyncMetric syncRequestCount]	
1055a17f8	1055a1823	decompiled	chunks/004/functions-000308.c	+[SCGrapheneCtPlatformSyncMetric syncResponseCount]	
1055a1824	1055a184f	decompiled	chunks/004/functions-000308.c	+[SCGrapheneCtPlatformSyncMetric networkResponseLatency]	
1055a1850	1055a187b	decompiled	chunks/004/functions-000308.c	+[SCGrapheneCtPlatformSyncMetric cacheHitCount]	
1055a187c	1055a18a7	decompiled	chunks/004/functions-000308.c	+[SCGrapheneCtPlatformSyncMetric cacheMissCount]	
1055a18a8	1055a18d3	decompiled	chunks/004/functions-000308.c	+[SCGrapheneCtPlatformSyncMetric emptyItemsResult]	
1055a18d4	1055a18ff	decompiled	chunks/004/functions-000308.c	+[SCGrapheneCtPlatformSyncMetric errorItemsResult]	
1055a1900	1055a192b	decompiled	chunks/004/functions-000308.c	+[SCGrapheneCtPlatformSyncMetric imageLoadLatency]	
1055a192c	1055a1957	decompiled	chunks/004/functions-000308.c	+[SCGrapheneCtPlatformSyncMetric imageLoadCounter]	
1055a1958	1055a1983	decompiled	chunks/004/functions-000309.c	+[SCGrapheneCtPlatformSyncMetric kmpItemsSaveLatency]	
1055a1984	1055a19af	decompiled	chunks/004/functions-000309.c	+[SCGrapheneCtPlatformSyncMetric kmpItemsLoadLatency]	
1055a19b0	1055a19db	decompiled	chunks/004/functions-000309.c	+[SCGrapheneCtPlatformSyncMetric failedDeltasyncCount]	
1055a19dc	1055a1a07	decompiled	chunks/004/functions-000309.c	+[SCGrapheneCtPlatformSyncMetric itemCacheLatency]	
1055a1a08	1055a1a33	decompiled	chunks/004/functions-000309.c	+[SCGrapheneCtPlatformSyncMetric computeFeedFinalResponse]	
1055a1a34	1055a1ad3	decompiled	chunks/004/functions-000309.c	-[SCGrapheneCtPlatformSyncMetric description]	
1055a1ad4	1055a1c97	decompiled	chunks/004/functions-000309.c	-[SCGrapheneRegistry ctPlatformSyncGraphene]	
1055a1c98	1055a1cc3	decompiled	chunks/004/functions-000309.c	+[SCGrapheneCtitemMetric chatPick]	
1055a1cc4	1055a1cef	decompiled	chunks/004/functions-000309.c	+[SCGrapheneCtitemMetric chatSize]	
1055a1cf0	1055a1d1b	decompiled	chunks/004/functions-000309.c	+[SCGrapheneCtitemMetric chatLatency]	
1055a1d1c	1055a1d47	decompiled	chunks/004/functions-000309.c	+[SCGrapheneCtitemMetric customStickerMissingBo]	
1055a1d48	1055a1de7	decompiled	chunks/004/functions-000309.c	-[SCGrapheneCtitemMetric description]	
1055a1de8	1055a1f47	decompiled	chunks/004/functions-000309.c	-[SCGrapheneRegistry ctitemGraphene]	
1055a1f48	1055a2073	decompiled	chunks/004/functions-000309.c		
1055a2074	1055a20d7	decompiled	chunks/004/functions-000309.c	-[SCFontServicesEntryPoint end]	
1055a20d8	1055a212f	decompiled	chunks/004/functions-000309.c	-[SCFontServicesEntryPoint .cxx_destruct]	
1055a2130	1055a2307	decompiled	chunks/004/functions-000309.c	-[SCBoltFontFactory boltFontFromFontName:]	
1055a2308	1055a237b	decompiled	chunks/004/functions-000309.c	-[SCBoltFontFileLoader initWithContentDelivery:]	
1055a237c	1055a25a7	decompiled	chunks/004/functions-000309.c	-[SCBoltFontFileLoader loadFileForFont:completionQueue:completion:]	
1055a25a8	1055a2603	decompiled	chunks/004/functions-000309.c		
1055a2604	1055a26ff	decompiled	chunks/004/functions-000309.c	-[SCBoltFontFileLoader _completeWithSuccess:data:completionQueue:completion:]	
1055a2700	1055a2713	decompiled	chunks/004/functions-000309.c		
1055a2714	1055a278f	decompiled	chunks/004/functions-000309.c	-[SCBoltFontFileLoader _contentKeyForFont:]	
1055a2790	1055a27b7	decompiled	chunks/004/functions-000309.c	-[SCBoltFontFileLoader _pageInfo]	
1055a27b8	1055a2877	decompiled	chunks/004/functions-000309.c	-[SCBoltFontFileLoader _requestForFont:]	
1055a2878	1055a287f	decompiled	chunks/004/functions-000309.c	-[SCBoltFontFileLoader lazyContentDelivery]	
1055a2880	1055a288b	decompiled	chunks/004/functions-000309.c	-[SCBoltFontFileLoader .cxx_destruct]	
1055a288c	1055a2a17	decompiled	chunks/004/functions-000309.c	-[SCCoreTextBoltFontRegistry registerFont:data:error:]	
1055a2a18	1055a2b53	decompiled	chunks/004/functions-000309.c	-[SCCoreTextBoltFontRegistry isFontRegistered:]	
1055a2b54	1055a2c4f	decompiled	chunks/004/functions-000309.c	-[SCBoltFontLoader initWithFontFactory:fileLoader:fontRegistry:registrationPerformer:]	
1055a2c50	1055a2ec7	decompiled	chunks/004/functions-000309.c	-[SCBoltFontLoader loadFontWithName:completionQueue:onSuccess:onFailure:]	
1055a2ec8	1055a2f37	decompiled	chunks/004/functions-000309.c		
1055a2f38	1055a31ab	decompiled	chunks/004/functions-000309.c	-[SCBoltFontLoader _handleLoadedData:success:font:fontName:completionQueue:successBlock:failureBlock:]	
1055a31ac	1055a31c7	decompiled	chunks/004/functions-000309.c		
1055a31c8	1055a3347	decompiled	chunks/004/functions-000309.c		
1055a3348	1055a343b	decompiled	chunks/004/functions-000309.c	-[SCBoltFontLoader _succeedWithFont:fontName:completionQueue:successBlock:]	
1055a343c	1055a344b	decompiled	chunks/004/functions-000309.c		
1055a344c	1055a358b	decompiled	chunks/004/functions-000309.c	-[SCBoltFontLoader _failWithFont:fontName:errorCode:userInfo:completionQueue:failureBlock:]	
1055a358c	1055a359f	decompiled	chunks/004/functions-000309.c		
1055a35a0	1055a360b	decompiled	chunks/004/functions-000309.c	-[SCBoltFontLoader _logError:font:fontName:]	
1055a360c	1055a3613	decompiled	chunks/004/functions-000309.c	-[SCBoltFontLoader fontFactory]	
1055a3614	1055a361b	decompiled	chunks/004/functions-000309.c	-[SCBoltFontLoader fileLoader]	
1055a361c	1055a3623	decompiled	chunks/004/functions-000309.c	-[SCBoltFontLoader fontRegistry]	
1055a3624	1055a362b	decompiled	chunks/004/functions-000309.c	-[SCBoltFontLoader registrationPerformer]	
1055a362c	1055a3673	decompiled	chunks/004/functions-000309.c	-[SCBoltFontLoader .cxx_destruct]	
1055a3674	1055a36f7	decompiled	chunks/004/functions-000309.c	-[SCBoltFontUIFontFactory initWithBoltFont:fontName:]	
1055a36f8	1055a380f	decompiled	chunks/004/functions-000309.c	-[SCBoltFontUIFontFactory UIFontOfSize:]	
1055a3810	1055a3817	decompiled	chunks/004/functions-000309.c	-[SCBoltFontUIFontFactory fontName]	
1055a3818	1055a381f	decompiled	chunks/004/functions-000309.c	-[SCBoltFontUIFontFactory font]	
1055a3820	1055a382b	decompiled	chunks/004/functions-000309.c	-[SCBoltFontUIFontFactory .cxx_destruct]	
1055a382c	1055a3903	decompiled	chunks/004/functions-000309.c	-[SCBoltFont initWithFontName:contentID:URL:]	
1055a3904	1055a3927	decompiled	chunks/004/functions-000309.c	-[SCBoltFont copyWithZone:]	
1055a3928	1055a39a7	decompiled	chunks/004/functions-000309.c	-[SCBoltFont hash]	
1055a39a8	1055a3a67	decompiled	chunks/004/functions-000309.c	-[SCBoltFont isEqual:]	
1055a3a68	1055a3a6f	decompiled	chunks/004/functions-000309.c	-[SCBoltFont fontName]	
1055a3a70	1055a3a77	decompiled	chunks/004/functions-000309.c	-[SCBoltFont contentID]	
1055a3a78	1055a3a7f	decompiled	chunks/004/functions-000309.c	-[SCBoltFont URL]	
1055a3a80	1055a3abb	decompiled	chunks/004/functions-000309.c	-[SCBoltFont .cxx_destruct]	
1055a3abc	1055a3bb7	decompiled	chunks/004/functions-000309.c	-[SCLegacyContactStoreServiceImpl initWithFriendingConfigsProvider:contactPermissionManager:contactPermissionInfoProvider:contactSyncer:]	
1055a3bb8	1055a3c5b	decompiled	chunks/004/functions-000309.c	-[SCLegacyContactStoreServiceImpl findFriends]	
1055a3c5c	1055a3d7b	decompiled	chunks/004/functions-000309.c	-[SCLegacyContactStoreServiceImpl _findFriendsAccessGrantPrestep]	
1055a3d7c	1055a3e0b	decompiled	chunks/004/functions-000309.c		
1055a3e0c	1055a3eaf	decompiled	chunks/004/functions-000309.c	-[SCLegacyContactStoreServiceImpl requestAddressBookAccessWithSource:]	
1055a3eb0	1055a3f37	decompiled	chunks/004/functions-000309.c	-[SCLegacyContactStoreServiceImpl _getContactStoreRequestAccessCompletionHandler]	
1055a3f38	1055a4093	decompiled	chunks/004/functions-000309.c		
1055a4094	1055a40d3	decompiled	chunks/004/functions-000309.c	-[SCLegacyContactStoreServiceImpl _setGrantedContactAccessUserLevel:]	
1055a40d4	1055a4113	decompiled	chunks/004/functions-000309.c	-[SCLegacyContactStoreServiceImpl _userNeedsToConfirmContactsAccess]	
1055a4114	1055a419b	decompiled	chunks/004/functions-000309.c	-[SCLegacyContactStoreServiceImpl .cxx_destruct]	
1055a419c	1055a42ef	decompiled	chunks/004/functions-000309.c	-[SCLegacyContactStoreServiceProvider _legacyContactStoreService]	
1055a42f0	1055a4313	decompiled	chunks/004/functions-000309.c		
1055a4314	1055a4363	decompiled	chunks/004/functions-000309.c	-[SCLegacyContactStoreServiceProvider .cxx_destruct]	
1055a4364	1055a43d7	decompiled	chunks/004/functions-000309.c	-[SCGrapheneFriendingFacebookContactSyncMetric2 init]	
1055a43d8	1055a444f	decompiled	chunks/004/functions-000309.c		
1055a4450	1055a4567	decompiled	chunks/004/functions-000309.c		
1055a4568	1055a45df	decompiled	chunks/004/functions-000309.c		
1055a45e0	1055a4657	decompiled	chunks/004/functions-000309.c		
1055a4658	1055a47cb	decompiled	chunks/004/functions-000309.c		
1055a47cc	1055a4843	decompiled	chunks/004/functions-000309.c		
1055a4844	1055a4a13	decompiled	chunks/004/functions-000309.c	-[SCFriendingContactSyncCoordinator initWithDocObjectContext:contactPermissionInfoProvider:configsProvider:friendingPhoneContactBookStoreService:servicePerformer:grpcSender:logger:contactSessionService:circumstanceEngine:]	
1055a4a14	1055a4b23	decompiled	chunks/004/functions-000309.c	-[SCFriendingContactSyncCoordinator syncContactsWithTriggerSource:completionQueue:completionBlock:]	
1055a4b24	1055a4b5b	decompiled	chunks/004/functions-000309.c		
1055a4b5c	1055a4f03	decompiled	chunks/004/functions-000309.c	-[SCFriendingContactSyncCoordinator _syncContactsWithTriggerSource:completionQueue:completionBlock:]	
1055a4f04	1055a4f13	decompiled	chunks/004/functions-000309.c		
1055a4f14	1055a5023	decompiled	chunks/004/functions-000309.c		
1055a5024	1055a5033	decompiled	chunks/004/functions-000309.c		
1055a5034	1055a528f	decompiled	chunks/004/functions-000309.c	-[SCFriendingContactSyncCoordinator _processContactUploadResponse:phoneContacts:completionQueue:completionBlock:]	
1055a5290	1055a52d3	decompiled	chunks/004/functions-000309.c		
1055a52d4	1055a52eb	decompiled	chunks/004/functions-000309.c		
1055a52ec	1055a538f	decompiled	chunks/004/functions-000309.c	-[SCFriendingContactSyncCoordinator _logContactsFetchFinishedWithStartTime:error:]	
1055a5390	1055a5407	decompiled	chunks/004/functions-000309.c	-[SCFriendingContactSyncCoordinator _logContactsSyncResponseParsingFinishedWithStartTime:]	
1055a5408	1055a55df	decompiled	chunks/004/functions-000309.c	-[SCFriendingContactSyncCoordinator _logPhoneContactMetadata:]	
1055a55e0	1055a5663	decompiled	chunks/004/functions-000309.c	-[SCFriendingContactSyncCoordinator .cxx_destruct]	
1055a5664	1055a5703	decompiled	chunks/004/functions-000309.c	-[SCFriendingContactSyncLogger initWithGrapheneRegistry:]	
1055a5704	1055a5793	decompiled	chunks/004/functions-000309.c	-[SCFriendingContactSyncLogger logContactSyncTriggerWithSource:]	
1055a5794	1055a57d7	decompiled	chunks/004/functions-000309.c	-[SCFriendingContactSyncLogger logContactSyncSuccess]	
1055a57d8	1055a58b7	decompiled	chunks/004/functions-000309.c	-[SCFriendingContactSyncLogger logContactSyncFailure:]	
1055a58b8	1055a5917	decompiled	chunks/004/functions-000309.c	-[SCFriendingContactSyncLogger logContactSyncServerLatency:]	
1055a5918	1055a5977	decompiled	chunks/004/functions-000309.c	-[SCFriendingContactSyncLogger logContactSyncContactsFetchLatency:]	
1055a5978	1055a59d7	decompiled	chunks/004/functions-000309.c	-[SCFriendingContactSyncLogger logContactSyncDatabaseLatency:]	
1055a59d8	1055a5a2b	decompiled	chunks/004/functions-000309.c	-[SCFriendingContactSyncLogger logContactSyncContactBookSize:]	
