address	end_address	status	pseudocode_file	runtime_label	error
1055a5a2c	1055a5a7f	decompiled	chunks/004/functions-000310.c	-[SCFriendingContactSyncLogger logContactSyncSnapchattersReceived:]	
1055a5a80	1055a5ad3	decompiled	chunks/004/functions-000310.c	-[SCFriendingContactSyncLogger logContactSyncContactsNotProcessed:]	
1055a5ad4	1055a5b27	decompiled	chunks/004/functions-000310.c	-[SCFriendingContactSyncLogger logContactWithSavedDates:]	
1055a5b28	1055a5b7b	decompiled	chunks/004/functions-000310.c	-[SCFriendingContactSyncLogger logContactWithEmails:]	
1055a5b7c	1055a5bcf	decompiled	chunks/004/functions-000310.c	-[SCFriendingContactSyncLogger logContactWithPhotos:]	
1055a5bd0	1055a5bdb	decompiled	chunks/004/functions-000310.c	-[SCFriendingContactSyncLogger .cxx_destruct]	
1055a5bdc	1055a5c1b	decompiled	chunks/004/functions-000310.c		
1055a5c1c	1055a5f27	decompiled	chunks/004/functions-000310.c	-[SCFriendingContactSyncServiceProvider _createContactSyncCoordinator]	
1055a5f28	1055a5fbf	decompiled	chunks/004/functions-000310.c	-[SCFriendingContactSyncServiceProvider .cxx_destruct]	
1055a5fc0	1055a614f	decompiled	chunks/004/functions-000310.c	-[SCFriendingContactSyncGRPCSender initWithUnifiedGRPCClientFactory:performerProvider:]	
1055a6150	1055a624f	decompiled	chunks/004/functions-000310.c	-[SCFriendingContactSyncGRPCSender sendContactSyncRequestWithPhoneContacts:completionQueue:completionBlock:]	
1055a6250	1055a632b	decompiled	chunks/004/functions-000310.c		
1055a632c	1055a6353	decompiled	chunks/004/functions-000310.c		
1055a6354	1055a635f	decompiled	chunks/004/functions-000310.c	-[SCFriendingContactSyncGRPCSender _callOptionBuilder]	
1055a6360	1055a636b	decompiled	chunks/004/functions-000310.c	-[SCFriendingContactSyncGRPCSender .cxx_destruct]	
1055a636c	1055a6397	decompiled	chunks/004/functions-000310.c	+[SCGrapheneContactSyncMetric requestTrigger]	
1055a6398	1055a63c3	decompiled	chunks/004/functions-000310.c	+[SCGrapheneContactSyncMetric requestSuccess]	
1055a63c4	1055a63ef	decompiled	chunks/004/functions-000310.c	+[SCGrapheneContactSyncMetric requestFailure]	
1055a63f0	1055a641b	decompiled	chunks/004/functions-000310.c	+[SCGrapheneContactSyncMetric severLatency]	
1055a641c	1055a6447	decompiled	chunks/004/functions-000310.c	+[SCGrapheneContactSyncMetric contactFetchLatency]	
1055a6448	1055a6473	decompiled	chunks/004/functions-000310.c	+[SCGrapheneContactSyncMetric databaseLatency]	
1055a6474	1055a649f	decompiled	chunks/004/functions-000310.c	+[SCGrapheneContactSyncMetric contactBookSize]	
1055a64a0	1055a64cb	decompiled	chunks/004/functions-000310.c	+[SCGrapheneContactSyncMetric snapchattersReceived]	
1055a64cc	1055a64f7	decompiled	chunks/004/functions-000310.c	+[SCGrapheneContactSyncMetric contactsNotProcessed]	
1055a64f8	1055a6523	decompiled	chunks/004/functions-000310.c	+[SCGrapheneContactSyncMetric contactsWithDates]	
1055a6524	1055a654f	decompiled	chunks/004/functions-000310.c	+[SCGrapheneContactSyncMetric contactsWithEmails]	
1055a6550	1055a657b	decompiled	chunks/004/functions-000310.c	+[SCGrapheneContactSyncMetric contactsWithPhotos]	
1055a657c	1055a661b	decompiled	chunks/004/functions-000310.c	-[SCGrapheneContactSyncMetric description]	
1055a661c	1055a67cb	decompiled	chunks/004/functions-000310.c	-[SCGrapheneRegistry contactSyncGraphene]	
1055a67cc	1055a680b	decompiled	chunks/004/functions-000310.c		
1055a680c	1055a686b	decompiled	chunks/004/functions-000310.c		
1055a686c	1055a688b	decompiled	chunks/004/functions-000310.c		
1055a688c	1055a68eb	decompiled	chunks/004/functions-000310.c		
1055a68ec	1055a6ad3	decompiled	chunks/004/functions-000310.c		
1055a6ad4	1055a7a07	decompiled	chunks/004/functions-000310.c		
1055a7a08	1055a7a27	decompiled	chunks/004/functions-000310.c		
1055a7a28	1055a7a4f	decompiled	chunks/004/functions-000310.c		
1055a7a50	1055a7c67	decompiled	chunks/004/functions-000310.c		
1055a7c68	1055a7e6f	decompiled	chunks/004/functions-000310.c		
1055a7e70	1055a8003	decompiled	chunks/004/functions-000310.c		
1055a8004	1055a819f	decompiled	chunks/004/functions-000310.c		
1055a81a0	1055a88b7	decompiled	chunks/004/functions-000310.c		
1055a88b8	1055a8a1b	decompiled	chunks/004/functions-000310.c		
1055a8a1c	1055a8ccf	decompiled	chunks/004/functions-000310.c		
1055a8cd0	1055a8e2b	decompiled	chunks/004/functions-000310.c		
1055a8e2c	1055a8e43	decompiled	chunks/004/functions-000310.c		
1055a8e44	1055a8eb7	decompiled	chunks/004/functions-000310.c	-[UNIContactBook initWithUnifiedGrpcService:]	
1055a8eb8	1055a8f9b	decompiled	chunks/004/functions-000310.c	-[UNIContactBook incrementalSyncContactBookUploadWithRequest:callOptionsBuilder:handler:]	
1055a8f9c	1055a907f	decompiled	chunks/004/functions-000310.c	-[UNIContactBook fullSyncContactBookUploadWithRequest:callOptionsBuilder:handler:]	
1055a9080	1055a9163	decompiled	chunks/004/functions-000310.c	-[UNIContactBook fullSyncContactBooksWithRequest:callOptionsBuilder:handler:]	
1055a9164	1055a9247	decompiled	chunks/004/functions-000310.c	-[UNIContactBook earlyContactBookUploadWithRequest:callOptionsBuilder:handler:]	
1055a9248	1055a932b	decompiled	chunks/004/functions-000310.c	-[UNIContactBook getFacebookFriendsWithRequest:callOptionsBuilder:handler:]	
1055a932c	1055a934b	decompiled	chunks/004/functions-000310.c	-[UNIContactBook .cxx_destruct]	
1055a934c	1055a9863	decompiled	chunks/004/functions-000310.c		
1055a9864	1055a986b	decompiled	chunks/004/functions-000310.c		
1055a986c	1055a9a0f	decompiled	chunks/004/functions-000310.c	-[SCFriendingActiveStoryFetcher initWithSnapchattersObservableRepository:activeStoryStatusFetcher:performerProvider:timeProvider:logger:circumstanceEngine:]	
1055a9a10	1055a9a37	decompiled	chunks/004/functions-000310.c	-[SCFriendingActiveStoryFetcher activeStoryInfosForIncomingFriends]	
1055a9a38	1055a9a6b	decompiled	chunks/004/functions-000310.c	-[SCFriendingActiveStoryFetcher activeStoryInfosForSuggestionType:]	
1055a9a6c	1055a9b43	decompiled	chunks/004/functions-000310.c	-[SCFriendingActiveStoryFetcher fetchSuggestedFriendsActiveStoryInfoWithIndex:]	
1055a9b44	1055a9b77	decompiled	chunks/004/functions-000310.c		
1055a9b78	1055a9caf	decompiled	chunks/004/functions-000310.c	-[SCFriendingActiveStoryFetcher fetchActiveStoryStatusForUserIds:requestSource:requestOrigin:completion:]	
1055a9cb0	1055a9ce7	decompiled	chunks/004/functions-000310.c		
1055a9ce8	1055a9d3f	decompiled	chunks/004/functions-000310.c	-[SCFriendingActiveStoryFetcher _fullFetchSuggestedFriendsOnAddFriendsPageInPerformerWithIndex:]	
1055a9d40	1055a9e73	decompiled	chunks/004/functions-000310.c	-[SCFriendingActiveStoryFetcher _fetchActiveStoryInfoWithSuggestedUserIds:]	
1055a9e74	1055a9ebb	decompiled	chunks/004/functions-000310.c		
1055a9ebc	1055aa013	decompiled	chunks/004/functions-000310.c	-[SCFriendingActiveStoryFetcher _observeIncomingFriendsObservable]	
1055aa014	1055aa05b	decompiled	chunks/004/functions-000310.c		
1055aa05c	1055aa1b3	decompiled	chunks/004/functions-000310.c	-[SCFriendingActiveStoryFetcher _observeSuggestionsOnAddFriendsObservable]	
1055aa1b4	1055aa1fb	decompiled	chunks/004/functions-000310.c		
1055aa1fc	1055aa26b	decompiled	chunks/004/functions-000310.c	-[SCFriendingActiveStoryFetcher _incomingFriendsReceivedInPerformer:]	
1055aa26c	1055aa273	decompiled	chunks/004/functions-000310.c		
1055aa274	1055aa3a7	decompiled	chunks/004/functions-000310.c	-[SCFriendingActiveStoryFetcher _fetchActiveStoryInfoWithIncomingFriendsUserIds:]	
1055aa3a8	1055aa3ef	decompiled	chunks/004/functions-000310.c		
1055aa3f0	1055aa4c7	decompiled	chunks/004/functions-000310.c	-[SCFriendingActiveStoryFetcher _suggestionsReceivedInPerformer:]	
1055aa4c8	1055aa4cf	decompiled	chunks/004/functions-000310.c		
1055aa4d0	1055aa5c7	decompiled	chunks/004/functions-000310.c	-[SCFriendingActiveStoryFetcher _fetchActiveStoryStatusForUserIds:requestSource:requestOrigin:completion:]	
1055aa5c8	1055aa6bb	decompiled	chunks/004/functions-000310.c	-[SCFriendingActiveStoryFetcher _createLazyPerformerWithPerformerProvider:]	
1055aa6bc	1055aa73b	decompiled	chunks/004/functions-000310.c	-[SCFriendingActiveStoryFetcher _publishNewIncomingFriendsToActiveStoryInfo:]	
1055aa73c	1055aa7bb	decompiled	chunks/004/functions-000310.c	-[SCFriendingActiveStoryFetcher _publishNewSuggestedFriendsToActiveStoryInfo:]	
1055aa7bc	1055aa81b	decompiled	chunks/004/functions-000310.c	-[SCFriendingActiveStoryFetcher _countWithActiveStoryFromUserIdToActiveStoryInfo:]	
1055aa81c	1055aa823	decompiled	chunks/004/functions-000310.c		
1055aa824	1055aa8a7	decompiled	chunks/004/functions-000310.c	-[SCFriendingActiveStoryFetcher .cxx_destruct]	
1055aa8a8	1055aa947	decompiled	chunks/004/functions-000310.c	-[SCFriendingActiveStoryLogger initWithGrapheneRegistry:]	
1055aa948	1055aa9fb	decompiled	chunks/004/functions-000310.c	-[SCFriendingActiveStoryLogger logAddFriendsPageEndEventWithNumberOfSeenIncomingFriends:numberOfSeenIncomingFriendsWithActiveStories:]	
1055aa9fc	1055aaaaf	decompiled	chunks/004/functions-000310.c	-[SCFriendingActiveStoryLogger logAddFriendsPageEndEventWithNumberOfSeenSuggestions:numberOfSeenSuggestionsWithActiveStories:]	
1055aaab0	1055aab07	decompiled	chunks/004/functions-000310.c	-[SCFriendingActiveStoryLogger addIncomingFriendWithActiveStory:]	
1055aab08	1055aab5f	decompiled	chunks/004/functions-000310.c	-[SCFriendingActiveStoryLogger addSuggestedFriendWithActiveStory:]	
1055aab60	1055aac8f	decompiled	chunks/004/functions-000310.c	-[SCFriendingActiveStoryLogger logQueryActiveStoryForIncomingFriendsEnd:numberOfQueriedUserIds:numberOfReturnedUserIds:latency:]	
1055aac90	1055aadbf	decompiled	chunks/004/functions-000310.c	-[SCFriendingActiveStoryLogger logQueryActiveStoryForSuggestionsEnd:numberOfQueriedUserIds:numberOfReturnedUserIds:latency:]	
1055aadc0	1055aae4b	decompiled	chunks/004/functions-000310.c	-[SCFriendingActiveStoryLogger logIncomingFriendActiveStoryCount:]	
1055aae4c	1055aaed7	decompiled	chunks/004/functions-000310.c	-[SCFriendingActiveStoryLogger logSuggestedFriendActiveStoryCount:]	
1055aaed8	1055aaee3	decompiled	chunks/004/functions-000310.c	-[SCFriendingActiveStoryLogger .cxx_destruct]	
1055aaee4	1055aaf63	decompiled	chunks/004/functions-000310.c		
1055aaf64	1055aaf93	decompiled	chunks/004/functions-000310.c		
1055aaf94	1055aaffb	decompiled	chunks/004/functions-000310.c	-[SCFriendingActiveStoryServiceProvider .cxx_destruct]	
1055aaffc	1055ab027	decompiled	chunks/004/functions-000310.c	+[SCGrapheneHintOnActiveStoryMetric addedMeImpressed]	
1055ab028	1055ab053	decompiled	chunks/004/functions-000310.c	+[SCGrapheneHintOnActiveStoryMetric activeAddedMeImpressed]	
1055ab054	1055ab07f	decompiled	chunks/004/functions-000310.c	+[SCGrapheneHintOnActiveStoryMetric quickAddImpressed]	
1055ab080	1055ab0ab	decompiled	chunks/004/functions-000310.c	+[SCGrapheneHintOnActiveStoryMetric activeQuickAddImpressed]	
1055ab0ac	1055ab0d7	decompiled	chunks/004/functions-000310.c	+[SCGrapheneHintOnActiveStoryMetric addActiveAddedMe]	
1055ab0d8	1055ab103	decompiled	chunks/004/functions-000311.c	+[SCGrapheneHintOnActiveStoryMetric addInactiveAddedMe]	
1055ab104	1055ab12f	decompiled	chunks/004/functions-000311.c	+[SCGrapheneHintOnActiveStoryMetric addActiveQuickAdd]	
1055ab130	1055ab15b	decompiled	chunks/004/functions-000311.c	+[SCGrapheneHintOnActiveStoryMetric addInactiveQuickAdd]	
1055ab15c	1055ab187	decompiled	chunks/004/functions-000311.c	+[SCGrapheneHintOnActiveStoryMetric queryAddedMeEnd]	
1055ab188	1055ab1b3	decompiled	chunks/004/functions-000311.c	+[SCGrapheneHintOnActiveStoryMetric queryAddedMeLatency]	
1055ab1b4	1055ab1df	decompiled	chunks/004/functions-000311.c	+[SCGrapheneHintOnActiveStoryMetric queryAddedMeReq]	
1055ab1e0	1055ab20b	decompiled	chunks/004/functions-000311.c	+[SCGrapheneHintOnActiveStoryMetric queryAddedMeRsp]	
1055ab20c	1055ab237	decompiled	chunks/004/functions-000311.c	+[SCGrapheneHintOnActiveStoryMetric queryQuickAddEnd]	
1055ab238	1055ab263	decompiled	chunks/004/functions-000311.c	+[SCGrapheneHintOnActiveStoryMetric queryQuickAddLatency]	
1055ab264	1055ab28f	decompiled	chunks/004/functions-000311.c	+[SCGrapheneHintOnActiveStoryMetric queryQuickAddReq]	
1055ab290	1055ab2bb	decompiled	chunks/004/functions-000311.c	+[SCGrapheneHintOnActiveStoryMetric queryQuickAddRsp]	
1055ab2bc	1055ab2e7	decompiled	chunks/004/functions-000311.c	+[SCGrapheneHintOnActiveStoryMetric activeStoryCount]	
1055ab2e8	1055ab387	decompiled	chunks/004/functions-000311.c	-[SCGrapheneHintOnActiveStoryMetric description]	
1055ab388	1055ab56b	decompiled	chunks/004/functions-000311.c	-[SCGrapheneRegistry hintOnActiveStoryGraphene]	
1055ab56c	1055ab573	decompiled	chunks/004/functions-000311.c		
1055ab574	1055ab5e7	decompiled	chunks/004/functions-000311.c	-[SCGrapheneFriendingBadgeMetric2 init]	
1055ab5e8	1055ab817	decompiled	chunks/004/functions-000311.c		
1055ab818	1055aba47	decompiled	chunks/004/functions-000311.c		
1055aba48	1055abc77	decompiled	chunks/004/functions-000311.c		
1055abc78	1055abea7	decompiled	chunks/004/functions-000311.c		
1055abea8	1055ac0d7	decompiled	chunks/004/functions-000311.c		
1055ac0d8	1055ac307	decompiled	chunks/004/functions-000311.c		
1055ac308	1055ac537	decompiled	chunks/004/functions-000311.c		
1055ac538	1055ac767	decompiled	chunks/004/functions-000311.c		
1055ac768	1055ac873	decompiled	chunks/004/functions-000311.c	-[SCClientSQLObserver initWithConnection:releaseBlock:]	
1055ac874	1055ac8bb	decompiled	chunks/004/functions-000311.c		
1055ac8bc	1055ac95b	decompiled	chunks/004/functions-000311.c	-[SCClientSQLObserver dealloc]	
1055ac95c	1055ac9ab	decompiled	chunks/004/functions-000311.c	-[SCClientSQLObserver .cxx_destruct]	
1055ac9ac	1055ac9b7	decompiled	chunks/004/functions-000311.c	-[SCClientSQLObserver .cxx_construct]	
1055ac9b8	1055aca27	decompiled	chunks/004/functions-000311.c	-[SCClientSQLConnection initWithWrapper:]	
1055aca28	1055ace3b	decompiled	chunks/004/functions-000311.c		
1055ace3c	1055ad73f	decompiled	chunks/004/functions-000311.c		
1055ad740	1055ad74f	decompiled	chunks/004/functions-000311.c	-[SCClientSQLConnection connection]	
1055ad750	1055ad8c7	decompiled	chunks/004/functions-000311.c		
1055ad8c8	1055ada27	decompiled	chunks/004/functions-000311.c		
1055ada28	1055adbcf	decompiled	chunks/004/functions-000311.c		
1055adbd0	1055add23	decompiled	chunks/004/functions-000311.c		
1055add24	1055ae2a3	decompiled	chunks/004/functions-000311.c		
1055ae2a4	1055ae2c3	decompiled	chunks/004/functions-000311.c	-[SCClientSQLConnection .cxx_destruct]	
1055ae2c4	1055ae2cb	decompiled	chunks/004/functions-000311.c	-[SCClientSQLConnection .cxx_construct]	
1055ae2cc	1055ae4af	decompiled	chunks/004/functions-000311.c		
1055ae4b0	1055ae513	decompiled	chunks/004/functions-000311.c		
1055ae514	1055ae61b	decompiled	chunks/004/functions-000311.c	-[SCClientSQLUpgradeStep upgradeStep]	
1055ae61c	1055ae66b	decompiled	chunks/004/functions-000311.c	-[SCClientSQLUpgradeStep .cxx_destruct]	
1055ae66c	1055ae67f	decompiled	chunks/004/functions-000311.c	-[SCClientSQLUpgradeStep .cxx_construct]	
1055ae680	1055aedf3	decompiled	chunks/004/functions-000311.c		
1055aedf4	1055aee8b	decompiled	chunks/004/functions-000311.c		
1055aee8c	1055aee93	decompiled	chunks/004/functions-000311.c	-[SCClientSQLSchema schema]	
1055aee94	1055aeef3	decompiled	chunks/004/functions-000311.c	-[SCClientSQLSchema .cxx_destruct]	
1055aeef4	1055aeefb	decompiled	chunks/004/functions-000311.c	-[SCClientSQLSchema .cxx_construct]	
1055aeefc	1055af023	decompiled	chunks/004/functions-000311.c		
1055af024	1055af02b	decompiled	chunks/004/functions-000311.c		
1055af02c	1055af22f	decompiled	chunks/004/functions-000311.c		
1055af230	1055af567	decompiled	chunks/004/functions-000311.c		
1055af568	1055af5ff	decompiled	chunks/004/functions-000311.c		
1055af600	1055af77f	decompiled	chunks/004/functions-000311.c		
1055af780	1055af923	decompiled	chunks/004/functions-000311.c		
1055af924	1055af94f	decompiled	chunks/004/functions-000311.c		
1055af950	1055af987	decompiled	chunks/004/functions-000311.c		
1055af988	1055af9af	decompiled	chunks/004/functions-000311.c		
1055af9b0	1055af9cf	decompiled	chunks/004/functions-000311.c		
1055af9d0	1055af9ef	decompiled	chunks/004/functions-000311.c		
1055af9f0	1055afa0f	decompiled	chunks/004/functions-000311.c		
1055afa10	1055afa47	decompiled	chunks/004/functions-000311.c		
1055afa48	1055afa63	decompiled	chunks/004/functions-000311.c		
1055afa64	1055afc2b	decompiled	chunks/004/functions-000311.c		
1055afc2c	1055afc8b	decompiled	chunks/004/functions-000311.c		
1055afc8c	1055afd2b	decompiled	chunks/004/functions-000311.c		
1055afd2c	1055afd4b	decompiled	chunks/004/functions-000311.c		
1055afd4c	1055aff23	decompiled	chunks/004/functions-000311.c		
1055aff24	1055aff7b	decompiled	chunks/004/functions-000311.c		
1055aff7c	1055b001b	decompiled	chunks/004/functions-000311.c		
1055b001c	1055b002f	decompiled	chunks/004/functions-000311.c		
1055b0030	1055b014b	decompiled	chunks/004/functions-000311.c		
1055b014c	1055b0157	decompiled	chunks/004/functions-000311.c		
1055b0158	1055b0223	decompiled	chunks/004/functions-000311.c		
1055b0224	1055b0357	decompiled	chunks/004/functions-000311.c		
1055b0358	1055b035f	decompiled	chunks/004/functions-000311.c		
1055b0360	1055b068f	decompiled	chunks/004/functions-000311.c		
1055b0690	1055b09c7	decompiled	chunks/004/functions-000311.c		
1055b09c8	1055b09cb	decompiled	chunks/004/functions-000311.c		
1055b09cc	1055b09df	decompiled	chunks/004/functions-000311.c		
1055b09e0	1055b0a83	decompiled	chunks/004/functions-000311.c		
1055b0a84	1055b0aaf	decompiled	chunks/004/functions-000311.c		
1055b0ab0	1055b0c87	decompiled	chunks/004/functions-000311.c		
1055b0c88	1055b0cdf	decompiled	chunks/004/functions-000311.c		
1055b0ce0	1055b0d7f	decompiled	chunks/004/functions-000311.c		
1055b0d80	1055b0d93	decompiled	chunks/004/functions-000311.c		
1055b0d94	1055b0eaf	decompiled	chunks/004/functions-000311.c		
1055b0eb0	1055b0ebb	decompiled	chunks/004/functions-000311.c		
1055b0ebc	1055b10c7	decompiled	chunks/004/functions-000311.c		
1055b10c8	1055b117b	decompiled	chunks/004/functions-000311.c	-[SCClientSQLError initWithException:]	
1055b117c	1055b1193	decompiled	chunks/004/functions-000311.c		
1055b1194	1055b119f	decompiled	chunks/004/functions-000311.c	-[SCClientSQLError .cxx_destruct]	
1055b11a0	1055b1393	decompiled	chunks/004/functions-000311.c		
1055b1394	1055b13ef	decompiled	chunks/004/functions-000311.c		
1055b13f0	1055b1403	decompiled	chunks/004/functions-000311.c		
1055b1404	1055b1463	decompiled	chunks/004/functions-000311.c		
1055b1464	1055b147b	decompiled	chunks/004/functions-000311.c		
1055b147c	1055b1533	decompiled	chunks/004/functions-000311.c		
1055b1534	1055b1583	decompiled	chunks/004/functions-000312.c		
1055b1584	1055b163b	decompiled	chunks/004/functions-000312.c		
1055b163c	1055b168f	decompiled	chunks/004/functions-000312.c		
1055b1690	1055b16eb	decompiled	chunks/004/functions-000312.c		
1055b16ec	1055b171b	decompiled	chunks/004/functions-000312.c		
1055b171c	1055b17c3	decompiled	chunks/004/functions-000312.c		
1055b17c4	1055b184b	decompiled	chunks/004/functions-000312.c		
1055b184c	1055b1907	decompiled	chunks/004/functions-000312.c	-[SCClientSQLStatement attemptBind:]	
1055b1908	1055b1adf	decompiled	chunks/004/functions-000312.c		
1055b1ae0	1055b1bb3	decompiled	chunks/004/functions-000312.c		
1055b1bb4	1055b1bef	decompiled	chunks/004/functions-000312.c		
1055b1bf0	1055b1c37	decompiled	chunks/004/functions-000312.c	-[SCClientSQLStatement .cxx_destruct]	
1055b1c38	1055b1c3f	decompiled	chunks/004/functions-000312.c	-[SCClientSQLStatement .cxx_construct]	
1055b1c40	1055b1cb3	decompiled	chunks/004/functions-000312.c		
1055b1cb4	1055b1d27	decompiled	chunks/004/functions-000312.c		
1055b1d28	1055b1e0b	decompiled	chunks/004/functions-000312.c	+[SCFriendingInterstitialConfig descriptor]	
1055b1e0c	1055b1e17	decompiled	chunks/004/functions-000312.c		
1055b1e18	1055b1e93	decompiled	chunks/004/functions-000312.c		
1055b1e94	1055b1e9f	decompiled	chunks/004/functions-000312.c		
1055b1ea0	1055b1f83	decompiled	chunks/004/functions-000312.c	+[SCFriendingShowMutualFriendsConfig descriptor]	
1055b1f84	1055b1f8f	decompiled	chunks/004/functions-000312.c		
1055b1f90	1055b1ff7	decompiled	chunks/004/functions-000312.c	+[SCFriendingSuggestionPopoverConfiguration descriptor]	
1055b1ff8	1055b2097	decompiled	chunks/004/functions-000312.c	-[SCFriendingInviteFriendsLogger initWithGrapheneRegistry:]	
1055b2098	1055b20db	decompiled	chunks/004/functions-000312.c	-[SCFriendingInviteFriendsLogger logInviteRequestSent]	
1055b20dc	1055b211f	decompiled	chunks/004/functions-000312.c	-[SCFriendingInviteFriendsLogger logInviteRequestSucceeded]	
1055b2120	1055b21ff	decompiled	chunks/004/functions-000312.c	-[SCFriendingInviteFriendsLogger logInviteRequestFailed:]	
1055b2200	1055b225f	decompiled	chunks/004/functions-000312.c	-[SCFriendingInviteFriendsLogger logInviteRequestLatency:]	
1055b2260	1055b22b3	decompiled	chunks/004/functions-000312.c	-[SCFriendingInviteFriendsLogger logInviteRequestWithNumOfContacts:]	
1055b22b4	1055b2307	decompiled	chunks/004/functions-000312.c	-[SCFriendingInviteFriendsLogger logInviteRequestWithNumOfSnapchatters:]	
1055b2308	1055b2313	decompiled	chunks/004/functions-000312.c	-[SCFriendingInviteFriendsLogger .cxx_destruct]	
1055b2314	1055b2473	decompiled	chunks/004/functions-000312.c	-[SCFriendingContactsGRPCInviter initWithUNIFriendAction:circumstanceEngine:docObjectContext:docObjectPerformer:currentDateProvider:grapheneLogger:notificationPool:]	
1055b2474	1055b291f	decompiled	chunks/004/functions-000312.c	-[SCFriendingContactsGRPCInviter inviteContactsWithPhoneNumberToDisplayNameMap:featureType:completionQueue:completionHandler:]	
1055b2920	1055b2933	decompiled	chunks/004/functions-000312.c		
1055b2934	1055b29a3	decompiled	chunks/004/functions-000312.c		
1055b29a4	1055b2bcf	decompiled	chunks/004/functions-000312.c	-[SCFriendingContactsGRPCInviter _handleInviteOrAddByPhoneResponse:error:fetchStartTime:completionQueue:completionHandler:]	
1055b2bd0	1055b2bf7	decompiled	chunks/004/functions-000312.c		
1055b2bf8	1055b2ee3	decompiled	chunks/004/functions-000312.c	-[SCFriendingContactsGRPCInviter _handleAddedSnapchatters:completionQueue:completionHandler:]	
1055b2ee4	1055b30a7	decompiled	chunks/004/functions-000312.c		
1055b30a8	1055b30bf	decompiled	chunks/004/functions-000312.c		
1055b30c0	1055b30cb	decompiled	chunks/004/functions-000312.c	-[SCFriendingContactsGRPCInviter _callOptionBuilder]	
1055b30cc	1055b314f	decompiled	chunks/004/functions-000312.c	-[SCFriendingContactsGRPCInviter _showSendInitiatedNotification]	
1055b3150	1055b31d7	decompiled	chunks/004/functions-000312.c		
1055b31d8	1055b32eb	decompiled	chunks/004/functions-000312.c	-[SCFriendingContactsGRPCInviter _showSendCompletedNotification:]	
1055b32ec	1055b3327	decompiled	chunks/004/functions-000312.c		
1055b3328	1055b3393	decompiled	chunks/004/functions-000312.c	-[SCFriendingContactsGRPCInviter .cxx_destruct]	
1055b3394	1055b3477	decompiled	chunks/004/functions-000312.c	-[SCFriendingInviteContactsServiceProvider provide]	
1055b3478	1055b34b7	decompiled	chunks/004/functions-000312.c		
1055b34b8	1055b37a7	decompiled	chunks/004/functions-000312.c	-[SCFriendingInviteContactsServiceProvider _createFriendContactsInviter]	
1055b37a8	1055b3833	decompiled	chunks/004/functions-000312.c	-[SCFriendingInviteContactsServiceProvider _grpcParamsBuilder]	
1055b3834	1055b38a7	decompiled	chunks/004/functions-000312.c	-[SCFriendingInviteContactsServiceProvider .cxx_destruct]	
1055b38a8	1055b38ef	decompiled	chunks/004/functions-000312.c		
1055b38f0	1055b391b	decompiled	chunks/004/functions-000312.c	+[SCGrapheneInviteFriendsMetric inviteSent]	
1055b391c	1055b3947	decompiled	chunks/004/functions-000312.c	+[SCGrapheneInviteFriendsMetric inviteSuccess]	
1055b3948	1055b3973	decompiled	chunks/004/functions-000312.c	+[SCGrapheneInviteFriendsMetric inviteFailure]	
1055b3974	1055b399f	decompiled	chunks/004/functions-000312.c	+[SCGrapheneInviteFriendsMetric inviteLatency]	
1055b39a0	1055b39cb	decompiled	chunks/004/functions-000312.c	+[SCGrapheneInviteFriendsMetric inviteContacts]	
1055b39cc	1055b39f7	decompiled	chunks/004/functions-000312.c	+[SCGrapheneInviteFriendsMetric inviteSnapchatters]	
1055b39f8	1055b3a97	decompiled	chunks/004/functions-000312.c	-[SCGrapheneInviteFriendsMetric description]	
1055b3a98	1055b3c3b	decompiled	chunks/004/functions-000312.c	-[SCGrapheneRegistry inviteFriendsGraphene]	
1055b3c3c	1055b3c73	decompiled	chunks/004/functions-000312.c	-[SCFriendingQuickAddRefreshServiceProvider .cxx_destruct]	
1055b3c74	1055b3d5b	decompiled	chunks/004/functions-000312.c	-[SCFriendingQuickAddRefresherImpl initWithPerformerProvider:]	
1055b3d5c	1055b3e33	decompiled	chunks/004/functions-000312.c	-[SCFriendingQuickAddRefresherImpl markSuggestionAsViewed:]	
1055b3e34	1055b3e67	decompiled	chunks/004/functions-000312.c		
1055b3e68	1055b3f9f	decompiled	chunks/004/functions-000312.c	-[SCFriendingQuickAddRefresherImpl refreshLocalSuggestionsList:isFromUserTriggeredRefresh:completionQueue:completionHandler:]	
1055b3fa0	1055b3fdb	decompiled	chunks/004/functions-000312.c		
1055b3fdc	1055b4057	decompiled	chunks/004/functions-000312.c	-[SCFriendingQuickAddRefresherImpl _markSuggestionAsViewed:]	
1055b4058	1055b4363	decompiled	chunks/004/functions-000312.c	-[SCFriendingQuickAddRefresherImpl _refreshLocalSuggestionsList:isFromUserTriggeredRefresh:completionQueue:completionHandler:]	
1055b4364	1055b4383	decompiled	chunks/004/functions-000312.c		
1055b4384	1055b43bf	decompiled	chunks/004/functions-000312.c	-[SCFriendingQuickAddRefresherImpl .cxx_destruct]	
1055b43c0	1055b45f7	decompiled	chunks/004/functions-000312.c	-[SCSnapchattersRecentlyActiveRecordDefaultRepository initWithDocObjectContext:recentlyActiveRecordService:incomingSnapchatterObservable:suggestedSnapchatterObservable:pinnedSuggestedSnapchatterObservable:contactSnapchatterObservable:recentlyActiveRecordParamConverter:performerProvider:featureSettingsService:]	
1055b45f8	1055b4613	decompiled	chunks/004/functions-000312.c		
1055b4614	1055b4617	decompiled	chunks/004/functions-000312.c	-[SCSnapchattersRecentlyActiveRecordDefaultRepository recentlyActiveText]	
1055b4618	1055b463f	decompiled	chunks/004/functions-000312.c	-[SCSnapchattersRecentlyActiveRecordDefaultRepository incomingFriendsWithActiveStatus]	
1055b4640	1055b4667	decompiled	chunks/004/functions-000312.c	-[SCSnapchattersRecentlyActiveRecordDefaultRepository suggestedFriendsWithActiveStatus]	
1055b4668	1055b468b	decompiled	chunks/004/functions-000312.c	-[SCSnapchattersRecentlyActiveRecordDefaultRepository contactSnapchattersWithActiveStatus]	
1055b468c	1055b479b	decompiled	chunks/004/functions-000312.c	-[SCSnapchattersRecentlyActiveRecordDefaultRepository fetchRecentlyActiveRecordsForUserIds:querySource:completion:]	
1055b479c	1055b47d3	decompiled	chunks/004/functions-000312.c		
1055b47d4	1055b482f	decompiled	chunks/004/functions-000312.c	-[SCSnapchattersRecentlyActiveRecordDefaultRepository _performerWithPerformerProvider:]	
1055b4830	1055b4a2b	decompiled	chunks/004/functions-000312.c	-[SCSnapchattersRecentlyActiveRecordDefaultRepository _observeIncomingSnapchatterObservable:suggestedSnapchatterObservable:pinnedSuggestedSnapchatterObservable:]	
1055b4a2c	1055b4aeb	decompiled	chunks/004/functions-000312.c		
1055b4aec	1055b4c0f	decompiled	chunks/004/functions-000312.c		
1055b4c10	1055b4c57	decompiled	chunks/004/functions-000312.c		
1055b4c58	1055b4d67	decompiled	chunks/004/functions-000312.c	-[SCSnapchattersRecentlyActiveRecordDefaultRepository _observeContactSnapchatterObservable]	
1055b4d68	1055b4e2b	decompiled	chunks/004/functions-000312.c		
1055b4e2c	1055b500f	decompiled	chunks/004/functions-000312.c	-[SCSnapchattersRecentlyActiveRecordDefaultRepository _getRecentlyActiveRecordsForSourceToSnapchatters:]	
1055b5010	1055b5063	decompiled	chunks/004/functions-000312.c		
1055b5064	1055b529b	decompiled	chunks/004/functions-000312.c	-[SCSnapchattersRecentlyActiveRecordDefaultRepository _didReceiveUnexpiredLocalRecentlyActiveRecords:requestSourceToIds:]	
1055b529c	1055b5317	decompiled	chunks/004/functions-000312.c		
1055b5318	1055b5443	decompiled	chunks/004/functions-000312.c	-[SCSnapchattersRecentlyActiveRecordDefaultRepository _didReceiveSourceToRecentlyActiveFromServer:localUnexpiredRecentlyActiveRecords:sourceToUserIds:error:]	
1055b5444	1055b5447	decompiled	chunks/004/functions-000312.c		
1055b5448	1055b55ab	decompiled	chunks/004/functions-000312.c	-[SCSnapchattersRecentlyActiveRecordDefaultRepository _fetchRecentlyActiveRecordsForUserIds:querySource:completion:]	
1055b55ac	1055b5603	decompiled	chunks/004/functions-000312.c		
1055b5604	1055b5a37	decompiled	chunks/004/functions-000312.c	-[SCSnapchattersRecentlyActiveRecordDefaultRepository _handleFetchedLocalRecords:userIds:querySource:completion:]	
1055b5a38	1055b5a43	decompiled	chunks/004/functions-000312.c		
1055b5a44	1055b5ab3	decompiled	chunks/004/functions-000312.c		
1055b5ab4	1055b5d8b	decompiled	chunks/004/functions-000312.c	-[SCSnapchattersRecentlyActiveRecordDefaultRepository _handleServerResponse:localRecordsMap:userIds:error:completion:]	
1055b5d8c	1055b5e17	decompiled	chunks/004/functions-000312.c		
1055b5e18	1055b5e1b	decompiled	chunks/004/functions-000312.c		
1055b5e1c	1055b5fc3	decompiled	chunks/004/functions-000312.c	-[SCSnapchattersRecentlyActiveRecordDefaultRepository _getUnexpiredRecentlyActiveRecordOfUserIdsLocally:completionQueue:completionHandler:]	
1055b5fc4	1055b5fdb	decompiled	chunks/004/functions-000312.c		
1055b5fdc	1055b6083	decompiled	chunks/004/functions-000313.c		
1055b6084	1055b62bb	decompiled	chunks/004/functions-000313.c	-[SCSnapchattersRecentlyActiveRecordDefaultRepository _updateRecentlyActivenessFromUserIds:lastUpdatedTimestamp:completionQueue:completionHandler:]	
1055b62bc	1055b62d3	decompiled	chunks/004/functions-000313.c		
1055b62d4	1055b634b	decompiled	chunks/004/functions-000313.c		
1055b634c	1055b636f	decompiled	chunks/004/functions-000313.c		
1055b6370	1055b66cb	decompiled	chunks/004/functions-000313.c	-[SCSnapchattersRecentlyActiveRecordDefaultRepository _upsertActivenessFromUserIds:transactionContext:timestamp:]	
1055b66cc	1055b678b	decompiled	chunks/004/functions-000313.c	-[SCSnapchattersRecentlyActiveRecordDefaultRepository _publishUpdatedRecords:lastUpdatedTimestamp:localUnexpiredRecentlyActiveRecords:sourceToUserIds:]	
1055b678c	1055b6a53	decompiled	chunks/004/functions-000313.c	-[SCSnapchattersRecentlyActiveRecordDefaultRepository _combineUpdatedRecentlyActiveRecords:localUnexpiredRecentlyActiveRecords:sourceToUserIds:]	
1055b6a54	1055b6c03	decompiled	chunks/004/functions-000313.c		
1055b6c04	1055b6c93	decompiled	chunks/004/functions-000313.c	-[SCSnapchattersRecentlyActiveRecordDefaultRepository .cxx_destruct]	
1055b6c94	1055b6cbb	decompiled	chunks/004/functions-000313.c	-[SCSnapchattersRecentlyActiveRecordParamConverter sourceToUserIdsFromSourceToSnapchatters:]	
1055b6cbc	1055b6ce3	decompiled	chunks/004/functions-000313.c		
1055b6ce4	1055b6d03	decompiled	chunks/004/functions-000313.c		
1055b6d04	1055b6d0b	decompiled	chunks/004/functions-000313.c		
1055b6d0c	1055b6ddf	decompiled	chunks/004/functions-000313.c	-[SCSnapchattersRecentlyActiveRecordParamConverter userIdsFromSourceToSnapchatters:]	
1055b6de0	1055b6e4b	decompiled	chunks/004/functions-000313.c		
1055b6e4c	1055b6e53	decompiled	chunks/004/functions-000313.c		
1055b6e54	1055b6f1b	decompiled	chunks/004/functions-000313.c	-[SCSnapchattersRecentlyActiveRecordParamConverter userIdToRecentlyActiveFromRecentlyActiveRecordsArrays:]	
1055b6f1c	1055b6f43	decompiled	chunks/004/functions-000313.c		
1055b6f44	1055b6f4b	decompiled	chunks/004/functions-000313.c		
1055b6f4c	1055b6fab	decompiled	chunks/004/functions-000313.c		
1055b6fac	1055b6fff	decompiled	chunks/004/functions-000313.c	-[SCSnapchattersRecentlyActiveRecordParamConverter unexpiredRecentlyActiveRecords:expirationTimestamp:]	
1055b7000	1055b702b	decompiled	chunks/004/functions-000313.c		
1055b702c	1055b70cf	decompiled	chunks/004/functions-000313.c	-[SCSnapchattersRecentlyActiveRecordParamConverter unexpiredSourceToRecentlyActiveRecordsFromSourceToUserIds:userIdToRecordsInCache:expirationTimestamp:]	
1055b70d0	1055b70f7	decompiled	chunks/004/functions-000313.c		
1055b70f8	1055b71e3	decompiled	chunks/004/functions-000313.c		
1055b71e4	1055b727b	decompiled	chunks/004/functions-000313.c		
1055b727c	1055b732f	decompiled	chunks/004/functions-000313.c	-[SCSnapchattersRecentlyActiveRecordParamConverter expiredSourceToUserIdsFromSourceToUserIds:localUnexpiredRecentlyActiveRecords:]	
1055b7330	1055b7337	decompiled	chunks/004/functions-000313.c		
1055b7338	1055b73db	decompiled	chunks/004/functions-000313.c		
1055b73dc	1055b73fb	decompiled	chunks/004/functions-000313.c		
1055b73fc	1055b74b3	decompiled	chunks/004/functions-000313.c	-[SCSnapchattersRecentlyActiveRecordParamConverter userIdToActivenessFromSourceToRecentlyActives:]	
1055b74b4	1055b7557	decompiled	chunks/004/functions-000313.c		
1055b7558	1055b75eb	decompiled	chunks/004/functions-000313.c		
1055b75ec	1055b76c7	decompiled	chunks/004/functions-000313.c	-[SCSnapchattersRecentlyActiveRecordParamConverter recentlyActiveRecordsFromRecentlyActivesDictionary:lastUpdatedTimestamp:]	
1055b76c8	1055b776b	decompiled	chunks/004/functions-000313.c		
1055b776c	1055b7803	decompiled	chunks/004/functions-000313.c		
1055b7804	1055b780b	decompiled	chunks/004/functions-000313.c		
1055b780c	1055b789b	decompiled	chunks/004/functions-000313.c	-[SCSnapchattersRecentlyActiveRecordService initWithUnifiedGRPCClientFactory:performerProvider:]	
1055b789c	1055b79eb	decompiled	chunks/004/functions-000313.c	-[SCSnapchattersRecentlyActiveRecordService getActiveStatusForUserIds:completionQueue:completionBlock:]	
1055b79ec	1055b7a23	decompiled	chunks/004/functions-000313.c		
1055b7a24	1055b7ae7	decompiled	chunks/004/functions-000313.c	-[SCSnapchattersRecentlyActiveRecordService _lazyRecentlyActiveServerWithUnifiedGRPCClientFactory:performerProvider:]	
1055b7ae8	1055b7c27	decompiled	chunks/004/functions-000313.c		
1055b7c28	1055b7d1b	decompiled	chunks/004/functions-000313.c	-[SCSnapchattersRecentlyActiveRecordService _lazyPerformerWithPerformerProvider:]	
1055b7d1c	1055b7ea3	decompiled	chunks/004/functions-000313.c	-[SCSnapchattersRecentlyActiveRecordService _getActiveStatusForUserIdsInPerformer:completionQueue:completionBlock:]	
1055b7ea4	1055b7f0f	decompiled	chunks/004/functions-000313.c		
1055b7f10	1055b80db	decompiled	chunks/004/functions-000313.c	-[SCSnapchattersRecentlyActiveRecordService _requestFromSourceToUserIds:]	
1055b80dc	1055b8323	decompiled	chunks/004/functions-000313.c	-[SCSnapchattersRecentlyActiveRecordService _didReceiveRecentlyActiveResponse:error:completionQueue:completionBlock:]	
1055b8324	1055b8337	decompiled	chunks/004/functions-000313.c		
1055b8338	1055b8343	decompiled	chunks/004/functions-000313.c	-[SCSnapchattersRecentlyActiveRecordService _callOptionBuilder]	
1055b8344	1055b8373	decompiled	chunks/004/functions-000313.c	-[SCSnapchattersRecentlyActiveRecordService .cxx_destruct]	
1055b8374	1055b8503	decompiled	chunks/004/functions-000313.c		
1055b8504	1055b8583	decompiled	chunks/004/functions-000313.c	-[SCSnapchattersRecentlyActiveRecordServiceProvider _pinnedSuggestedSnapchattersObservable]	
1055b8584	1055b8693	decompiled	chunks/004/functions-000313.c	-[SCSnapchattersRecentlyActiveRecordServiceProvider _lazyContactSnapchattersObservable]	
1055b8694	1055b86bb	decompiled	chunks/004/functions-000313.c		
1055b86bc	1055b87af	decompiled	chunks/004/functions-000313.c	-[SCSnapchattersRecentlyActiveRecordServiceProvider _lazyRecentlyActiveRecordService]	
1055b87b0	1055b87df	decompiled	chunks/004/functions-000313.c		
1055b87e0	1055b8867	decompiled	chunks/004/functions-000313.c	-[SCSnapchattersRecentlyActiveRecordServiceProvider .cxx_destruct]	
1055b8868	1055b88db	decompiled	chunks/004/functions-000313.c	-[UNIRecentlyActive initWithUnifiedGrpcService:]	
1055b88dc	1055b89bf	decompiled	chunks/004/functions-000313.c	-[UNIRecentlyActive userRecentlyActiveWithRequest:callOptionsBuilder:handler:]	
1055b89c0	1055b89e3	decompiled	chunks/004/functions-000313.c	-[UNIRecentlyActive .cxx_destruct]	
1055b89e4	1055b8b77	decompiled	chunks/004/functions-000313.c		
1055b8b78	1055b8cdb	decompiled	chunks/004/functions-000313.c		
1055b8cdc	1055b9023	decompiled	chunks/004/functions-000313.c		
1055b9024	1055b9093	decompiled	chunks/004/functions-000313.c		
1055b9094	1055b91e7	decompiled	chunks/004/functions-000313.c		
1055b91e8	1055b98a3	decompiled	chunks/004/functions-000313.c		
1055b98a4	1055b99d7	decompiled	chunks/004/functions-000313.c		
1055b99d8	1055b9bf3	decompiled	chunks/004/functions-000313.c		
1055b9bf4	1055b9c87	decompiled	chunks/004/functions-000313.c		
1055b9c88	1055b9d1f	decompiled	chunks/004/functions-000313.c		
1055b9d20	1055b9d83	decompiled	chunks/004/functions-000313.c		
1055b9d84	1055b9e0b	decompiled	chunks/004/functions-000313.c		
1055b9e0c	1055b9e97	decompiled	chunks/004/functions-000313.c		
1055b9e98	1055b9f53	decompiled	chunks/004/functions-000313.c		
1055b9f54	1055b9f87	decompiled	chunks/004/functions-000313.c		
1055b9f88	1055b9fe3	decompiled	chunks/004/functions-000313.c		
1055b9fe4	1055b9fef	decompiled	chunks/004/functions-000313.c	+[SCSnapchattersRecentlyActiveRecord table]	
1055b9ff0	1055ba10f	decompiled	chunks/004/functions-000313.c	+[SCSnapchattersRecentlyActiveRecord immutableObjectParse:bufferSize:]	
1055ba110	1055ba133	decompiled	chunks/004/functions-000313.c	+[SCSnapchattersRecentlyActiveRecord objectClassFunctionPointer]	
1055ba134	1055ba217	decompiled	chunks/004/functions-000313.c		
1055ba218	1055ba2cb	decompiled	chunks/004/functions-000313.c		
1055ba2cc	1055ba33f	decompiled	chunks/004/functions-000313.c		
1055ba340	1055ba67b	decompiled	chunks/004/functions-000313.c		
1055ba67c	1055ba6e3	decompiled	chunks/004/functions-000313.c		
1055ba6e4	1055ba6ef	decompiled	chunks/004/functions-000313.c	-[SCSnapchattersRecentlyActiveRecordChangeRequest .cxx_destruct]	
1055ba6f0	1055ba6fb	decompiled	chunks/004/functions-000313.c	-[SCSnapchattersRecentlyActiveRecordChangeRequest table]	
1055ba6fc	1055ba743	decompiled	chunks/004/functions-000313.c	-[SCSnapchattersRecentlyActiveRecordChangeRequest createTableWithSQLite:]	
1055ba744	1055baacb	decompiled	chunks/004/functions-000313.c	-[SCSnapchattersRecentlyActiveRecordChangeRequest transactWithSQLite:flatbuffers:]	
1055baacc	1055bacc3	decompiled	chunks/004/functions-000313.c		
1055bacc4	1055badbf	decompiled	chunks/004/functions-000313.c	-[SCUserSearchabilityServiceImpl initWithUserNetworkServices:configsProvider:configsMutator:settingsEventLogger:]	
1055badc0	1055baed3	decompiled	chunks/004/functions-000313.c	-[SCUserSearchabilityServiceImpl updateSearchabilityByPhoneNumber:callback:]	
1055baed4	1055baee3	decompiled	chunks/004/functions-000313.c		
1055baee4	1055baf87	decompiled	chunks/004/functions-000313.c	-[SCUserSearchabilityServiceImpl _updateFailedWithOldSearchable:callback:]	
1055baf88	1055bafdb	decompiled	chunks/004/functions-000313.c	-[SCUserSearchabilityServiceImpl .cxx_destruct]	
1055bafdc	1055bb0bf	decompiled	chunks/004/functions-000313.c	-[SCUserSearchabilityServiceProvider provide]	
1055bb0c0	1055bb0ff	decompiled	chunks/004/functions-000313.c		
1055bb100	1055bb22f	decompiled	chunks/004/functions-000313.c	-[SCUserSearchabilityServiceProvider _searchabiltyServiceImpl]	
1055bb230	1055bb253	decompiled	chunks/004/functions-000313.c		
1055bb254	1055bb2a3	decompiled	chunks/004/functions-000313.c	-[SCUserSearchabilityServiceProvider .cxx_destruct]	
1055bb2a4	1055bb2bb	decompiled	chunks/004/functions-000314.c		
1055bb2bc	1055bb3eb	decompiled	chunks/004/functions-000314.c	-[SCFriendingSelectedSuggestionsRepositoryImpl initWithSuggestedSnapchatterObservable:performerProvider:circumstanceEngine:]	
1055bb3ec	1055bb413	decompiled	chunks/004/functions-000314.c	-[SCFriendingSelectedSuggestionsRepositoryImpl selectedSuggestedSnapchatters]	
1055bb414	1055bb4eb	decompiled	chunks/004/functions-000314.c	-[SCFriendingSelectedSuggestionsRepositoryImpl userToggledSuggestionWithUserId:]	
1055bb4ec	1055bb51f	decompiled	chunks/004/functions-000314.c		
1055bb520	1055bb57f	decompiled	chunks/004/functions-000314.c	-[SCFriendingSelectedSuggestionsRepositoryImpl _userToggledSuggestionWithUserId:]	
1055bb580	1055bb697	decompiled	chunks/004/functions-000314.c	-[SCFriendingSelectedSuggestionsRepositoryImpl _observeToSuggestionsData]	
1055bb698	1055bb6df	decompiled	chunks/004/functions-000314.c		
1055bb6e0	1055bb7ff	decompiled	chunks/004/functions-000314.c	-[SCFriendingSelectedSuggestionsRepositoryImpl _didReceiveSuggestions:]	
1055bb800	1055bb837	decompiled	chunks/004/functions-000314.c		
1055bb838	1055bb83f	decompiled	chunks/004/functions-000314.c		
1055bb840	1055bb867	decompiled	chunks/004/functions-000314.c		
1055bb868	1055bb8df	decompiled	chunks/004/functions-000314.c	-[SCFriendingSelectedSuggestionsRepositoryImpl _publishSelectedSuggestions]	
1055bb8e0	1055bb8ef	decompiled	chunks/004/functions-000314.c		
1055bb8f0	1055bb99b	decompiled	chunks/004/functions-000314.c	-[SCFriendingSelectedSuggestionsRepositoryImpl .cxx_destruct]	
1055bb99c	1055bbae7	decompiled	chunks/004/functions-000314.c	-[SCFriendingSelectedSuggestionsServiceProvider _createSelectedSuggestionsRepository]	
1055bbae8	1055bbb37	decompiled	chunks/004/functions-000314.c	-[SCFriendingSelectedSuggestionsServiceProvider .cxx_destruct]	
1055bbb38	1055bbb83	decompiled	chunks/004/functions-000314.c	-[SCContactSyncCTAQualificationProviderImpl isQualifiedForSendToContactSyncCTA]	
1055bbb84	1055bbb8f	decompiled	chunks/004/functions-000314.c	-[SCContactSyncCTAQualificationProviderImpl .cxx_destruct]	
1055bbb90	1055bbbf7	decompiled	chunks/004/functions-000314.c	-[SCContactSyncCTAQualificationServiceProvider .cxx_destruct]	
1055bbbf8	1055bbc63	decompiled	chunks/004/functions-000314.c		
1055bbc64	1055bbc93	decompiled	chunks/004/functions-000314.c		
1055bbc94	1055bbcaf	decompiled	chunks/004/functions-000314.c		
1055bbcb0	1055bbcbb	decompiled	chunks/004/functions-000314.c		
1055bbcbc	1055bbd47	decompiled	chunks/004/functions-000314.c		
1055bbd48	1055bbe17	decompiled	chunks/004/functions-000314.c		
1055bbe18	1055bbf43	decompiled	chunks/004/functions-000314.c		
1055bbf44	1055bbf4f	decompiled	chunks/004/functions-000314.c		
1055bbf50	1055bbfdf	decompiled	chunks/004/functions-000314.c		
1055bbfe0	1055bc04b	decompiled	chunks/004/functions-000314.c		
1055bc04c	1055bc1f3	decompiled	chunks/004/functions-000314.c		
1055bc1f4	1055bc2ab	decompiled	chunks/004/functions-000314.c		
1055bc2ac	1055bc313	decompiled	chunks/004/functions-000314.c		
1055bc314	1055bc3a7	decompiled	chunks/004/functions-000314.c		
1055bc3a8	1055bc50f	decompiled	chunks/004/functions-000314.c		
1055bc510	1055bc63b	decompiled	chunks/004/functions-000314.c		
1055bc63c	1055bc6e7	decompiled	chunks/004/functions-000314.c		
1055bc6e8	1055bc6f7	decompiled	chunks/004/functions-000314.c		
1055bc6f8	1055bc963	decompiled	chunks/004/functions-000314.c	-[SCSnapchatterServicesEntryPoint _atlasGwGrpcService:]	
1055bc964	1055bcb17	decompiled	chunks/004/functions-000314.c	-[SCSnapchatterServicesEntryPoint .cxx_destruct]	
1055bcb18	1055bcd4b	decompiled	chunks/004/functions-000314.c	-[SCSnapchatterServicesCleanupEntryPoint end]	
1055bcd4c	1055bcd53	decompiled	chunks/004/functions-000314.c		
1055bcd54	1055bcdc3	decompiled	chunks/004/functions-000314.c	-[SCSnapchatterServicesCleanupEntryPoint .cxx_destruct]	
1055bcdc4	1055bcf6f	decompiled	chunks/004/functions-000314.c	-[SCCContactAddressBookEntry initWithSCSnapchattersContactNonSnapchatter:invited:eligibleForSMSInvite:contactPhotoURI:]	
1055bcf70	1055bd22b	decompiled	chunks/004/functions-000314.c	-[SCComposerPeopleContactAddressBookEntryStore initWithNonSnapchattersObservableRepository:snapchattersDataTracker:snapchattersDataMutator:inviteFriendStateTracker:inviteContactActionHandler:contactsAvailableObservable:enableTwilioInvites:shouldFilterOutIneligibleContacts:inviteFeatureSource:contactPhotosService:circumstanceEngine:]	
1055bd22c	1055bd49b	decompiled	chunks/004/functions-000314.c	-[SCComposerPeopleContactAddressBookEntryStore _addressBookEntriesObservable]	
1055bd49c	1055bd60b	decompiled	chunks/004/functions-000314.c		
1055bd60c	1055bd65f	decompiled	chunks/004/functions-000314.c		
1055bd660	1055bd66b	decompiled	chunks/004/functions-000314.c	-[SCComposerPeopleContactAddressBookEntryStore pushToValdiMarshaller:]	
1055bd66c	1055bd6bb	decompiled	chunks/004/functions-000314.c	-[SCComposerPeopleContactAddressBookEntryStore getContactAddressBookEntriesWithIsForSmsInvite:]	
1055bd6bc	1055bd75b	decompiled	chunks/004/functions-000314.c	-[SCComposerPeopleContactAddressBookEntryStore _fetchPhotos]	
1055bd75c	1055bd773	decompiled	chunks/004/functions-000314.c		
1055bd774	1055bda7b	decompiled	chunks/004/functions-000314.c	-[SCComposerPeopleContactAddressBookEntryStore inviteContactAddressBookEntryWithRequest:completion:inviteViaSMS:smsInviteFeature:]	
1055bda7c	1055bdb3f	decompiled	chunks/004/functions-000314.c		
1055bdb40	1055bdc1b	decompiled	chunks/004/functions-000314.c	-[SCComposerPeopleContactAddressBookEntryStore _updateContactInviteStateWithPhoneNumber:success:]	
1055bdc1c	1055bdcb7	decompiled	chunks/004/functions-000314.c	-[SCComposerPeopleContactAddressBookEntryStore .cxx_destruct]	
1055bdcb8	1055bddbf	decompiled	chunks/004/functions-000314.c		
1055bddc0	1055bde97	decompiled	chunks/004/functions-000314.c	-[SCComposerPeopleInviteFriendStateListener initWithStartFetchCallback:endFetchCallback:endInviteCallback:]	
1055bde98	1055bdeaf	decompiled	chunks/004/functions-000314.c	-[SCComposerPeopleInviteFriendStateListener didStartFetchingFriendDeeplinkForPhoneNumber:]	
1055bdeb0	1055bdecf	decompiled	chunks/004/functions-000314.c	-[SCComposerPeopleInviteFriendStateListener didEndFetchingFriendDeeplinkForPhoneNumber:deeplink:success:]	
1055bded0	1055bdeeb	decompiled	chunks/004/functions-000314.c	-[SCComposerPeopleInviteFriendStateListener didEndInvitingFriendWithPhoneNumber:success:]	
1055bdeec	1055bdf27	decompiled	chunks/004/functions-000314.c	-[SCComposerPeopleInviteFriendStateListener .cxx_destruct]	
1055bdf28	1055be007	decompiled	chunks/004/functions-000314.c	-[SCCContactUser initWithSCSnapchatter:]	
1055be008	1055be17b	decompiled	chunks/004/functions-000314.c	-[SCComposerPeopleContactUserStore initWithSnapchattersDataFetcher:snapchattersDataTracker:dataUpdatedObservable:performerProvider:]	
1055be17c	1055be187	decompiled	chunks/004/functions-000314.c	-[SCComposerPeopleContactUserStore pushToValdiMarshaller:]	
1055be188	1055be253	decompiled	chunks/004/functions-000314.c	-[SCComposerPeopleContactUserStore _observeDataUpdates]	
1055be254	1055be27f	decompiled	chunks/004/functions-000314.c		
1055be280	1055be347	decompiled	chunks/004/functions-000314.c	-[SCComposerPeopleContactUserStore _fetchContactUsersAndPublishInPerformer]	
1055be348	1055be373	decompiled	chunks/004/functions-000314.c		
1055be374	1055be47b	decompiled	chunks/004/functions-000314.c	-[SCComposerPeopleContactUserStore _fetchContactUsersAndPublish]	
1055be47c	1055be4e3	decompiled	chunks/004/functions-000314.c		
1055be4e4	1055be593	decompiled	chunks/004/functions-000314.c	-[SCComposerPeopleContactUserStore _publishContactUsersWithSnapchatters:error:]	
1055be594	1055be5df	decompiled	chunks/004/functions-000314.c		
1055be5e0	1055be6d3	decompiled	chunks/004/functions-000314.c	-[SCComposerPeopleContactUserStore _createLazyPerformerWithPerformerProvider:]	
1055be6d4	1055be6d7	decompiled	chunks/004/functions-000314.c	-[SCComposerPeopleContactUserStore getContactUsersWithCompletion:]	
1055be6d8	1055be6e7	decompiled	chunks/004/functions-000314.c	-[SCComposerPeopleContactUserStore onContactUsersUpdatedWithCallback:]	
1055be6e8	1055be6ef	decompiled	chunks/004/functions-000314.c	-[SCComposerPeopleContactUserStore contactUsersObservable]	
1055be6f0	1055be71f	decompiled	chunks/004/functions-000314.c	-[SCComposerPeopleContactUserStore setContactUsersObservable:]	
1055be720	1055be78b	decompiled	chunks/004/functions-000314.c	-[SCComposerPeopleContactUserStore .cxx_destruct]	
1055be78c	1055be89b	decompiled	chunks/004/functions-000314.c	-[SCComposerPeopleBridgeContactServiceProvider provide]	
1055be89c	1055be96b	decompiled	chunks/004/functions-000314.c		
1055be96c	1055be9b3	decompiled	chunks/004/functions-000314.c		
1055be9b4	1055bea83	decompiled	chunks/004/functions-000314.c		
1055bea84	1055beacb	decompiled	chunks/004/functions-000314.c		
1055beacc	1055bef8b	decompiled	chunks/004/functions-000314.c	-[SCComposerPeopleBridgeContactServiceProvider _makeAddressBookEntryStoreWithConfig:]	
1055bef8c	1055bf0bf	decompiled	chunks/004/functions-000314.c	-[SCComposerPeopleBridgeContactServiceProvider _makeContactUserStoreWithConfig:]	
1055bf0c0	1055bf163	decompiled	chunks/004/functions-000314.c	-[SCComposerPeopleBridgeContactServiceProvider .cxx_destruct]	
1055bf164	1055bf1db	decompiled	chunks/004/functions-000314.c	-[SCLegacySnapchatterServicesAdaptor isNewUser]	
1055bf1dc	1055bf1e3	decompiled	chunks/004/functions-000314.c	-[SCLegacySnapchatterServicesAdaptor userId]	
1055bf1e4	1055bf64b	decompiled	chunks/004/functions-000314.c	-[SCLegacySnapchatterServicesAdaptor userSnapchatter]	
1055bf64c	1055bf6b3	decompiled	chunks/004/functions-000314.c	-[SCLegacySnapchatterServicesAdaptor birthday]	
1055bf6b4	1055bf733	decompiled	chunks/004/functions-000314.c	-[SCLegacySnapchatterServicesAdaptor phoneNumberCountryCode]	
1055bf734	1055bf7ab	decompiled	chunks/004/functions-000314.c	-[SCLegacySnapchatterServicesAdaptor .cxx_destruct]	
1055bf7ac	1055bf82f	decompiled	chunks/004/functions-000314.c	-[SCLegacySnapchatterServicesEntryPoint .cxx_destruct]	
1055bf830	1055bf89b	decompiled	chunks/004/functions-000314.c	-[SCFetchFriendsResponseServiceProvider .cxx_destruct]	
1055bf89c	1055bf96b	decompiled	chunks/004/functions-000314.c	-[SCThrottledFriendsResponseFetcher _shouldThrottle:withIntervalInMinutes:]	
1055bf96c	1055bf96f	decompiled	chunks/004/functions-000314.c	-[SCThrottledFriendsResponseFetcher didStartSnapchattersUpdateDataRequest:]	
1055bf970	1055bf973	decompiled	chunks/004/functions-000314.c	-[SCThrottledFriendsResponseFetcher didEndSnapchattersUpdateDataRequest:withSuccess:error:]	
1055bf974	1055bf9eb	decompiled	chunks/004/functions-000314.c	-[SCThrottledFriendsResponseFetcher .cxx_destruct]	
1055bf9ec	1055bfa5f	decompiled	chunks/004/functions-000314.c	-[SCDefaultSnapchattersAdder initWithSnapchattersDataMutator:]	
1055bfa60	1055bfad3	decompiled	chunks/004/functions-000315.c	-[SCDefaultSnapchattersAdder addSnapchatter:addSource:placement:index:]	
1055bfad4	1055bfadf	decompiled	chunks/004/functions-000315.c	-[SCDefaultSnapchattersAdder .cxx_destruct]	
1055bfae0	1055bfb53	decompiled	chunks/004/functions-000315.c	-[SCDefaultSnapchattersBlocker initWithSnapchattersDataMutator:]	
1055bfb54	1055bfc07	decompiled	chunks/004/functions-000315.c	-[SCDefaultSnapchattersBlocker blockSnapchatterImmediately:withReason:]	
1055bfc08	1055bfc0f	decompiled	chunks/004/functions-000315.c	-[SCDefaultSnapchattersBlocker blockSnapchatter:withReason:uiContainer:]	
1055bfc10	1055bffb7	decompiled	chunks/004/functions-000315.c	-[SCDefaultSnapchattersBlocker blockSnapchatter:withReason:uiContainer:completion:]	
1055bffb8	1055c0067	decompiled	chunks/004/functions-000315.c		
1055c0068	1055c009f	decompiled	chunks/004/functions-000315.c	-[SCDefaultSnapchattersBlocker dialogDidDismiss:]	
1055c00a0	1055c00cf	decompiled	chunks/004/functions-000315.c	-[SCDefaultSnapchattersBlocker .cxx_destruct]	
1055c00d0	1055c0143	decompiled	chunks/004/functions-000315.c	-[SCDefaultSnapchattersDeleter initWithSnapchattersDataMutator:]	
1055c0144	1055c01db	decompiled	chunks/004/functions-000315.c	-[SCDefaultSnapchattersDeleter deleteSnapchatterImmediately:withSource:]	
1055c01dc	1055c0427	decompiled	chunks/004/functions-000315.c	-[SCDefaultSnapchattersDeleter deleteSnapchatter:withSource:uiContainer:]	
1055c0428	1055c04ab	decompiled	chunks/004/functions-000315.c		
1055c04ac	1055c04bb	decompiled	chunks/004/functions-000315.c		
1055c04bc	1055c04c7	decompiled	chunks/004/functions-000315.c	-[SCDefaultSnapchattersDeleter .cxx_destruct]	
1055c04c8	1055c053b	decompiled	chunks/004/functions-000315.c	-[SCDefaultSnapchattersUnblocker initWithSnapchattersDataMutator:]	
1055c053c	1055c0737	decompiled	chunks/004/functions-000315.c	-[SCDefaultSnapchattersUnblocker unblockSnapchatter:uiContainer:]	
1055c0738	1055c07ab	decompiled	chunks/004/functions-000315.c		
1055c07ac	1055c07bb	decompiled	chunks/004/functions-000315.c		
1055c07bc	1055c07c7	decompiled	chunks/004/functions-000315.c	-[SCDefaultSnapchattersUnblocker .cxx_destruct]	
1055c07c8	1055c0a0f	decompiled	chunks/004/functions-000315.c	-[SCSnapchattersActionHanderServiceProvider provide]	
1055c0a10	1055c0b0f	decompiled	chunks/004/functions-000315.c		
1055c0b10	1055c0b8b	decompiled	chunks/004/functions-000315.c	-[SCSnapchattersActionHanderServiceProvider _createBlocker]	
1055c0b8c	1055c0c07	decompiled	chunks/004/functions-000315.c	-[SCSnapchattersActionHanderServiceProvider _createUnblocker]	
1055c0c08	1055c0c83	decompiled	chunks/004/functions-000315.c	-[SCSnapchattersActionHanderServiceProvider _createDeleter]	
1055c0c84	1055c0cff	decompiled	chunks/004/functions-000315.c	-[SCSnapchattersActionHanderServiceProvider _createAdder]	
1055c0d00	1055c0d37	decompiled	chunks/004/functions-000315.c	-[SCSnapchattersActionHanderServiceProvider .cxx_destruct]	
1055c0d38	1055c0ddf	decompiled	chunks/004/functions-000315.c		
1055c0de0	1055c0ef3	decompiled	chunks/004/functions-000315.c	-[SCAddFriendsInviteServiceProvider provide]	
1055c0ef4	1055c0f0f	decompiled	chunks/004/functions-000315.c		
1055c0f10	1055c0f7f	decompiled	chunks/004/functions-000315.c		
1055c0f80	1055c1017	decompiled	chunks/004/functions-000315.c	-[SCAddFriendsInviteServiceProvider _createInviteFriendDeepLinkCoordinatorWithInviteFriendStateTracker:]	
1055c1018	1055c104f	decompiled	chunks/004/functions-000315.c	-[SCAddFriendsInviteServiceProvider .cxx_destruct]	
1055c1050	1055c10f3	decompiled	chunks/004/functions-000315.c	-[SCInviteFriendDeepLinkDefaultCoordinator initWithStateTracker:offPlatformLinkGenerationService:]	
1055c10f4	1055c111b	decompiled	chunks/004/functions-000315.c	-[SCInviteFriendDeepLinkDefaultCoordinator inviteFriendStateTracker]	
1055c111c	1055c1203	decompiled	chunks/004/functions-000315.c	-[SCInviteFriendDeepLinkDefaultCoordinator fetchFriendDeeplinkForFriendWithDisplayName:userName:phoneNumber:]	
1055c1204	1055c123f	decompiled	chunks/004/functions-000315.c	-[SCInviteFriendDeepLinkDefaultCoordinator .cxx_destruct]	
1055c1240	1055c14eb	decompiled	chunks/004/functions-000315.c	-[SCInviteFriendStateListenerAnnouncer addListener:]	
1055c14ec	1055c162b	decompiled	chunks/004/functions-000315.c		
1055c162c	1055c1673	decompiled	chunks/004/functions-000315.c		
1055c1674	1055c18a3	decompiled	chunks/004/functions-000315.c	-[SCInviteFriendStateListenerAnnouncer removeListener:]	
1055c18a4	1055c1987	decompiled	chunks/004/functions-000315.c	-[SCInviteFriendStateListenerAnnouncer didStartFetchingFriendDeeplinkForPhoneNumber:]	
1055c1988	1055c19e7	decompiled	chunks/004/functions-000315.c		
1055c19e8	1055c1afb	decompiled	chunks/004/functions-000315.c	-[SCInviteFriendStateListenerAnnouncer didEndFetchingFriendDeeplinkForPhoneNumber:deeplink:success:]	
1055c1afc	1055c1bef	decompiled	chunks/004/functions-000315.c	-[SCInviteFriendStateListenerAnnouncer didEndInvitingFriendWithPhoneNumber:success:]	
1055c1bf0	1055c1c17	decompiled	chunks/004/functions-000315.c	-[SCInviteFriendStateListenerAnnouncer .cxx_destruct]	
1055c1c18	1055c1c37	decompiled	chunks/004/functions-000315.c	-[SCInviteFriendStateListenerAnnouncer .cxx_construct]	
1055c1c38	1055c1c4b	decompiled	chunks/004/functions-000315.c		
1055c1c4c	1055c1c5b	decompiled	chunks/004/functions-000315.c		
1055c1c5c	1055c1c7b	decompiled	chunks/004/functions-000315.c		
1055c1c7c	1055c1ce3	decompiled	chunks/004/functions-000315.c		
1055c1ce4	1055c1ce7	decompiled	chunks/004/functions-000315.c		
1055c1ce8	1055c1d3f	decompiled	chunks/004/functions-000315.c		
1055c1d40	1055c1eab	decompiled	chunks/004/functions-000315.c	-[SCInviteFriendStateTracker init]	
1055c1eac	1055c1ed3	decompiled	chunks/004/functions-000315.c	-[SCInviteFriendStateTracker invitedNumbersObservable]	
1055c1ed4	1055c1efb	decompiled	chunks/004/functions-000315.c	-[SCInviteFriendStateTracker invitingNumbersObservable]	
1055c1efc	1055c1f03	decompiled	chunks/004/functions-000315.c	-[SCInviteFriendStateTracker invitedNumbers]	
1055c1f04	1055c1f0b	decompiled	chunks/004/functions-000315.c	-[SCInviteFriendStateTracker invitingNumbers]	
1055c1f0c	1055c204f	decompiled	chunks/004/functions-000315.c	-[SCInviteFriendStateTracker startDeeplinkRequestForPhoneNumber:]	
1055c2050	1055c2097	decompiled	chunks/004/functions-000315.c		
1055c2098	1055c2223	decompiled	chunks/004/functions-000315.c	-[SCInviteFriendStateTracker endDeeplinkRequestForPhoneNumber:deeplink:success:]	
1055c2224	1055c226f	decompiled	chunks/004/functions-000315.c		
1055c2270	1055c23c3	decompiled	chunks/004/functions-000315.c	-[SCInviteFriendStateTracker endFriendInviteForPhoneNumber:success:]	
1055c23c4	1055c240f	decompiled	chunks/004/functions-000315.c		
1055c2410	1055c2417	decompiled	chunks/004/functions-000315.c	-[SCInviteFriendStateTracker addListener:]	
1055c2418	1055c241f	decompiled	chunks/004/functions-000315.c	-[SCInviteFriendStateTracker removeListener:]	
1055c2420	1055c26e3	decompiled	chunks/004/functions-000315.c	-[SCInviteFriendStateTracker _updateInviteSubjects]	
1055c26e4	1055c2767	decompiled	chunks/004/functions-000315.c	-[SCInviteFriendStateTracker _startFetchingDeeplinkForPhoneNumer:]	
1055c2768	1055c27eb	decompiled	chunks/004/functions-000315.c	-[SCInviteFriendStateTracker _endFetchingDeeplinkForPhoneNumber:success:]	
1055c27ec	1055c2883	decompiled	chunks/004/functions-000315.c	-[SCInviteFriendStateTracker _endInvitingForPhoneNumber:success:]	
1055c2884	1055c288b	decompiled	chunks/004/functions-000315.c	-[SCInviteFriendStateTracker _announceFriendDeeplinkFetchingStartForPhoneNumber:]	
1055c288c	1055c2893	decompiled	chunks/004/functions-000315.c	-[SCInviteFriendStateTracker _announceFriendDeeplinkFetchingEndForPhoneNumber:deeplink:success:]	
1055c2894	1055c289b	decompiled	chunks/004/functions-000315.c	-[SCInviteFriendStateTracker _announceFriendInviteEndForPhoneNumber:success:]	
1055c289c	1055c28eb	decompiled	chunks/004/functions-000315.c	-[SCInviteFriendStateTracker .cxx_destruct]	
1055c28ec	1055c290b	decompiled	chunks/004/functions-000315.c	-[SCInviteFriendStateTracker .cxx_construct]	
1055c290c	1055c2993	decompiled	chunks/004/functions-000315.c		
1055c2994	1055c29b3	decompiled	chunks/004/functions-000315.c	-[SCLensMetadataMapperServiceProvider userSessionScope]	
1055c29b4	1055c29c7	decompiled	chunks/004/functions-000315.c	-[SCLensMetadataMapperServiceProvider setUserSessionScope:]	
1055c29c8	1055c2a0b	decompiled	chunks/004/functions-000315.c	-[SCLensMetadataMapperServiceProvider .cxx_destruct]	
1055c2a0c	1055c2aaf	decompiled	chunks/004/functions-000315.c	-[SCLPLensSnapchatMapper initWithConfig:sponsoredLensExtensionMapper:]	
1055c2ab0	1055c382f	decompiled	chunks/004/functions-000315.c	-[SCLPLensSnapchatMapper lensMetadataFromLensSnapchat:lensParams:]	
1055c3830	1055c383b	decompiled	chunks/004/functions-000315.c	-[SCLPLensSnapchatMapper lensMetadataTrackingInfoFromTrackingInfo:]	
1055c383c	1055c3847	decompiled	chunks/004/functions-000315.c	-[SCLPLensSnapchatMapper carouselPositionFromLPCarouselPosition:]	
1055c3848	1055c389f	decompiled	chunks/004/functions-000315.c	-[SCLPLensSnapchatMapper _lensResourcesContainerFromLensResources:lensId:]	
1055c38a0	1055c39e3	decompiled	chunks/004/functions-000315.c		
1055c39e4	1055c39f3	decompiled	chunks/004/functions-000315.c	+[SCLPLensSnapchatMapper _hasLNSNotFallbackResource:]	
1055c39f4	1055c3a0f	decompiled	chunks/004/functions-000315.c		
1055c3a10	1055c3a27	decompiled	chunks/004/functions-000315.c	-[SCLPLensSnapchatMapper _apiLevelFromLPAPILevel:]	
1055c3a28	1055c3a33	decompiled	chunks/004/functions-000315.c	-[SCLPLensSnapchatMapper _cameraPositionFromActivationCamera:]	
1055c3a34	1055c3a83	decompiled	chunks/004/functions-000315.c	-[SCLPLensSnapchatMapper _mapSponsoredType:]	
1055c3a84	1055c3ab7	decompiled	chunks/004/functions-000315.c	+[SCLPLensSnapchatMapper _defaultCarouselPositionInfo]	
1055c3ab8	1055c3ae7	decompiled	chunks/004/functions-000315.c	-[SCLPLensSnapchatMapper .cxx_destruct]	
1055c3ae8	1055c3b5b	decompiled	chunks/004/functions-000315.c	-[SCLPLensSnapchatMapperConfigProvider initWithCircumstanceEngine:]	
1055c3b5c	1055c3b87	decompiled	chunks/004/functions-000315.c	-[SCLPLensSnapchatMapperConfigProvider timeBeforeFadeout]	
1055c3b88	1055c3b93	decompiled	chunks/004/functions-000315.c	-[SCLPLensSnapchatMapperConfigProvider .cxx_destruct]	
1055c3b94	1055c3c9b	decompiled	chunks/004/functions-000315.c	+[SCLPApplicableContextMapper cameraContextsFromLPApplicableContext:]	
1055c3c9c	1055c3ccf	decompiled	chunks/004/functions-000315.c		
1055c3cd0	1055c3dd7	decompiled	chunks/004/functions-000315.c	+[SCLPApplicableContextMapper applicableContextsFromLPApplicableContext:]	
1055c3dd8	1055c3e37	decompiled	chunks/004/functions-000315.c		
1055c3e38	1055c4103	decompiled	chunks/004/functions-000315.c	+[SCLPAttachmentMapper unlockablesAttachmentFromLPAttachment:]	
1055c4104	1055c41d7	decompiled	chunks/004/functions-000316.c	+[SCLPAttachmentMapper _videoAttachmentFromLPVideoAttachment:]	
1055c41d8	1055c4207	decompiled	chunks/004/functions-000316.c	+[SCLPAttachmentMapper _sojuVideoPlatformFromLPVideoPlatform:]	
1055c4208	1055c44fb	decompiled	chunks/004/functions-000316.c	+[SCLPAttachmentMapper _sojuCTATextFromLPCTAText:]	
1055c44fc	1055c45b3	decompiled	chunks/004/functions-000316.c	+[SCLPAttachmentMapper _webViewAttachmentFromLPWebViewAttachment:]	
1055c45b4	1055c4693	decompiled	chunks/004/functions-000316.c	+[SCLPAttachmentMapper _appInstallAttachmentFromLPAppInstallAttachment:]	
1055c4694	1055c48b7	decompiled	chunks/004/functions-000316.c	+[SCLPAttachmentMapper _deepLinkAttachmentFromLPDeepLinkAttachment:]	
1055c48b8	1055c4907	decompiled	chunks/004/functions-000316.c	+[SCLPAttachmentMapper _sojuTapLinkActionTextFromLPTapLinkActionText:]	
1055c4908	1055c4953	decompiled	chunks/004/functions-000316.c	+[SCLPAttachmentMapper _sojuDeepLinkFallbackTypeFromLPDeepLinkFallbackType:]	
1055c4954	1055c4a3b	decompiled	chunks/004/functions-000316.c	+[SCLPCarouselPositionMapper carouselPositionFromLPCarouselPosition:]	
1055c4a3c	1055c4af7	decompiled	chunks/004/functions-000316.c	+[SCLPCarouselPositionMapper _carouselGroupFromCarouselPosition:]	
1055c4af8	1055c4b73	decompiled	chunks/004/functions-000316.c	+[SCLPCarouselPositionMapper _carouselGlobalScoreListFromCarouselPosition:]	
1055c4b74	1055c4beb	decompiled	chunks/004/functions-000316.c		
1055c4bec	1055c4ccb	decompiled	chunks/004/functions-000316.c	+[SCLPConnectedLensInfoMapper connectedLensInfoFromLPConnectedLensInfo:]	
1055c4ccc	1055c4e17	decompiled	chunks/004/functions-000316.c	+[SCLPCustomizationBodyMapper customizationBodyFromSCLPCustomizationInfo:]	
1055c4e18	1055c4e83	decompiled	chunks/004/functions-000316.c	+[SCLPCustomizationBodyMapper _stringFromUUID:]	
1055c4e84	1055c4f17	decompiled	chunks/004/functions-000316.c	+[SCLPCustomizationInfoMapper customizationMetadataFromSCLPCustomizationInfo:]	
1055c4f18	1055c4fbb	decompiled	chunks/004/functions-000316.c	+[SCLPHintMapper hintIdFromLPHint:]	
1055c4fbc	1055c5117	decompiled	chunks/004/functions-000316.c	+[SCLPHintMapper hintTranslationFromLPHint:]	
1055c5118	1055c51e3	decompiled	chunks/004/functions-000316.c	-[SCLPLensAssetMapper lensAssetsFromLPLensAssets:lensId:]	
1055c51e4	1055c51f3	decompiled	chunks/004/functions-000316.c		
1055c51f4	1055c53d7	decompiled	chunks/004/functions-000316.c	-[SCLPLensAssetMapper lensAssetFromLPLensAsset:lensId:]	
1055c53d8	1055c547f	decompiled	chunks/004/functions-000316.c	-[SCLPLensAssetMapper _identifierForLPAsset:]	
1055c5480	1055c54a3	decompiled	chunks/004/functions-000316.c	-[SCLPLensAssetMapper _assetTypeFromLPAssetType:]	
1055c54a4	1055c54fb	decompiled	chunks/004/functions-000316.c	-[SCLPLensAssetMapper _assetLogStringForAssetId:assetType:]	
1055c54fc	1055c551f	decompiled	chunks/004/functions-000316.c	-[SCLPLensAssetMapper _requestTimingFromLPRequestTiming:]	
1055c5520	1055c55a7	decompiled	chunks/004/functions-000316.c	-[SCLPLensAssetMapper _storageOptionsFromLPStorageOptions:assetId:lensId:assetType:]	
1055c55a8	1055c568f	decompiled	chunks/004/functions-000316.c		
1055c5690	1055c57ef	decompiled	chunks/004/functions-000316.c	+[SCLPLensCreatorMapper communityLensDataWithLPLensCreator:]	
1055c57f0	1055c5873	decompiled	chunks/004/functions-000316.c	+[SCLPLensCreatorMapper _stringFromUUID:]	
1055c5874	1055c594f	decompiled	chunks/004/functions-000316.c	+[SCLPLensDescriptorMapper lensDescriptorsFromLPLensDescriptors:]	
1055c5950	1055c598f	decompiled	chunks/004/functions-000316.c		
1055c5990	1055c59b3	decompiled	chunks/004/functions-000316.c	+[SCLPLensDescriptorMapper lensDescriptorFromLPLensDescriptor:]	
1055c59b4	1055c5a57	decompiled	chunks/004/functions-000316.c	+[SCLPLensPlusFreemiumInfoMapper freemiumInfoFromLPFreemiumInfo:]	
1055c5a58	1055c5b2f	decompiled	chunks/004/functions-000316.c	+[SCLPLensPlusTierConfigMapper lensPlusTierConfigFromLPLensPlusTierConfig:]	
1055c5b30	1055c5bef	decompiled	chunks/004/functions-000316.c	+[SCLPLensPreviewMapper lensPreviewFromPreview:]	
1055c5bf0	1055c5c8b	decompiled	chunks/004/functions-000316.c	+[SCLPMusicTrackMetadataMapper musicTrackMetadatasFromLPMusicTrackMetadatas:]	
1055c5c8c	1055c5c97	decompiled	chunks/004/functions-000316.c		
1055c5c98	1055c5d93	decompiled	chunks/004/functions-000316.c	+[SCLPMusicTrackMetadataMapper musicTrackMetadataFromLPMusicTrackMetadata:]	
1055c5d94	1055c5e37	decompiled	chunks/004/functions-000316.c	+[SCLPRemoteApiInfoMapper remoteApiInfoFromLPRemoteApiInfo:]	
1055c5e38	1055c5e83	decompiled	chunks/004/functions-000316.c	-[SCLPSponsoredInfoMapper initWithConfig:]	
1055c5e84	1055c5faf	decompiled	chunks/004/functions-000316.c	-[SCLPSponsoredInfoMapper sponsoredSlugFromSponsoredInfo:]	
1055c5fb0	1055c5fbb	decompiled	chunks/004/functions-000316.c	-[SCLPSponsoredInfoMapper .cxx_destruct]	
1055c5fbc	1055c6517	decompiled	chunks/004/functions-000316.c	+[SCLPTrackingInfoMapper unlockableTrackInfoFromTrackingInfo:]	
1055c6518	1055c66df	decompiled	chunks/004/functions-000316.c	+[SCLPTrackingInfoMapper lensMetadataTrackingInfoFromTrackingInfo:]	
1055c66e0	1055c678f	decompiled	chunks/004/functions-000316.c	+[SCLPTrackingInfoMapper _snapInfoStringFromSnapInfo:]	
1055c6790	1055c67f7	decompiled	chunks/004/functions-000316.c		
1055c67f8	1055c6843	decompiled	chunks/004/functions-000316.c	-[SCLensMetadataRepositoryEntryPoint .cxx_destruct]	
1055c6844	1055c68b7	decompiled	chunks/004/functions-000316.c	-[SCLensMetadataRepositoryFactory initWithLensMetadataProviders:]	
1055c68b8	1055c6913	decompiled	chunks/004/functions-000316.c	-[SCLensMetadataRepositoryFactory createRepository]	
1055c6914	1055c6adf	decompiled	chunks/004/functions-000316.c	-[SCLensMetadataRepositoryFactory createRepositoryWithAdditionalLensMetadataProviders:]	
1055c6ae0	1055c6b37	decompiled	chunks/004/functions-000316.c	-[SCLensMetadataRepositoryFactory createRepositoryWithLensMetadataProviders:]	
1055c6b38	1055c6bff	decompiled	chunks/004/functions-000316.c	-[SCLensMetadataRepositoryFactory _createRepositoryWithLensMetadataProviders:]	
1055c6c00	1055c6d07	decompiled	chunks/004/functions-000316.c	+[SCLensMetadataRepositoryFactory _arrayProvidersFromSetProviders:]	
1055c6d08	1055c6d13	decompiled	chunks/004/functions-000316.c	-[SCLensMetadataRepositoryFactory .cxx_destruct]	
1055c6d14	1055c6d87	decompiled	chunks/004/functions-000316.c	-[SCLensMetadataRepository initWithLensMetadataProviders:]	
1055c6d88	1055c6fb3	decompiled	chunks/004/functions-000316.c	-[SCLensMetadataRepository lensMetadataWithIdentifier:]	
1055c6fb4	1055c6ffb	decompiled	chunks/004/functions-000316.c		
1055c6ffc	1055c709f	decompiled	chunks/004/functions-000316.c	-[SCLensMetadataRepository lensMetadatas]	
1055c70a0	1055c71bb	decompiled	chunks/004/functions-000316.c		
1055c71bc	1055c72af	decompiled	chunks/004/functions-000316.c		
1055c72b0	1055c7323	decompiled	chunks/004/functions-000316.c	+[SCLensMetadataRepository _lensNotFoundErrorWithLensId:]	
1055c7324	1055c7397	decompiled	chunks/004/functions-000316.c	+[SCLensMetadataRepository _lensNotValidErrorWithLensId:]	
1055c7398	1055c73b3	decompiled	chunks/004/functions-000316.c	+[SCLensMetadataRepository _errorWithStatusCode:description:underlyingError:]	
1055c73b4	1055c73bf	decompiled	chunks/004/functions-000316.c	-[SCLensMetadataRepository .cxx_destruct]	
1055c73c0	1055c746b	decompiled	chunks/004/functions-000316.c	-[SCLensBitmojiUserSettings bitmojiSelfieId]	
1055c746c	1055c749b	decompiled	chunks/004/functions-000316.c	-[SCLensBitmojiUserSettings .cxx_destruct]	
1055c749c	1055c74db	decompiled	chunks/004/functions-000316.c	-[SCLensStudioUserSettings isLensStudioLinked]	
1055c74dc	1055c755b	decompiled	chunks/004/functions-000316.c	-[SCLensStudioUserSettings lensStudioId]	
1055c755c	1055c75cb	decompiled	chunks/004/functions-000316.c	-[SCLensStudioUserSettings updateLensStudioId:]	
1055c75cc	1055c75fb	decompiled	chunks/004/functions-000316.c	-[SCLensStudioUserSettings .cxx_destruct]	
1055c75fc	1055c762f	decompiled	chunks/004/functions-000316.c	-[SCLensUserProvider resetLastLensActivationDate]	
1055c7630	1055c766b	decompiled	chunks/004/functions-000316.c	-[SCLensUserProvider .cxx_destruct]	
1055c766c	1055c76e3	decompiled	chunks/004/functions-000316.c	-[SCLensUserProviderEntryPoint .cxx_destruct]	
1055c76e4	1055c7767	decompiled	chunks/004/functions-000316.c		
1055c7768	1055c7823	decompiled	chunks/004/functions-000316.c	-[SCLensUserSettings setLastLensesActivationDate:]	
1055c7824	1055c786b	decompiled	chunks/004/functions-000316.c	-[SCLensUserSettings isActiveLensesUserUpdates]	
1055c786c	1055c78cb	decompiled	chunks/004/functions-000316.c	-[SCLensUserSettings isNewUser]	
1055c78cc	1055c78d3	decompiled	chunks/004/functions-000316.c	-[SCLensUserSettings userId]	
1055c78d4	1055c791b	decompiled	chunks/004/functions-000316.c	-[SCLensUserSettings usernameDisplayOnly]	
1055c791c	1055c796f	decompiled	chunks/004/functions-000316.c	-[SCLensUserSettings .cxx_destruct]	
1055c7970	1055c797b	decompiled	chunks/004/functions-000316.c	-[SCAdaptiveContentFetchingServices .cxx_destruct]	
1055c797c	1055c7a1f	decompiled	chunks/004/functions-000316.c	-[SCACFRemoteAsset initWithContentFetchConfig:externalFetcherId:]	
1055c7a20	1055c7a43	decompiled	chunks/004/functions-000316.c	-[SCACFRemoteAsset copyWithZone:]	
1055c7a44	1055c7ab7	decompiled	chunks/004/functions-000316.c	-[SCACFRemoteAsset hash]	
1055c7ab8	1055c7b5f	decompiled	chunks/004/functions-000316.c	-[SCACFRemoteAsset isEqual:]	
1055c7b60	1055c7b67	decompiled	chunks/004/functions-000316.c	-[SCACFRemoteAsset contentFetchConfig]	
1055c7b68	1055c7b6f	decompiled	chunks/004/functions-000316.c	-[SCACFRemoteAsset externalFetcherId]	
1055c7b70	1055c7b9f	decompiled	chunks/004/functions-000316.c	-[SCACFRemoteAsset .cxx_destruct]	
1055c7ba0	1055c7c4b	decompiled	chunks/004/functions-000316.c	-[SCACFItem initWithItemId:remoteAssetList:]	
1055c7c4c	1055c7c6f	decompiled	chunks/004/functions-000316.c	-[SCACFItem copyWithZone:]	
1055c7c70	1055c7ce3	decompiled	chunks/004/functions-000316.c	-[SCACFItem hash]	
1055c7ce4	1055c7d8b	decompiled	chunks/004/functions-000316.c	-[SCACFItem isEqual:]	
1055c7d8c	1055c7d93	decompiled	chunks/004/functions-000316.c	-[SCACFItem itemId]	
1055c7d94	1055c7d9b	decompiled	chunks/004/functions-000316.c	-[SCACFItem remoteAssetList]	
1055c7d9c	1055c7dcb	decompiled	chunks/004/functions-000316.c	-[SCACFItem .cxx_destruct]	
1055c7dcc	1055c801f	decompiled	chunks/004/functions-000316.c	-[SCLensCrashLoggerFactory initWithBlizzardLogger:crashLogger:appInsightsMetadataStorage:userPreferences:grapheneRegistry:lensSwipeIdObservable:snapSourceObservable:errorReporter:studySettings:appStartExperimentReader:]	
1055c8020	1055c8027	decompiled	chunks/004/functions-000316.c		
1055c8028	1055c811f	decompiled	chunks/004/functions-000316.c	-[SCLensCrashLoggerFactory createLogger]	
1055c8120	1055c8227	decompiled	chunks/004/functions-000316.c	-[SCLensCrashLoggerFactory userInteractedLogger]	
1055c8228	1055c835f	decompiled	chunks/004/functions-000316.c	-[SCLensCrashLoggerFactory createLoggerWithCrashedLensIdsObservable:]	
1055c8360	1055c83bb	decompiled	chunks/004/functions-000317.c	-[SCLensCrashLoggerFactory _createdPossibleCrashLoggerWithCrashedEffectIdsObservable:]	
1055c83bc	1055c83eb	decompiled	chunks/004/functions-000317.c	-[SCLensCrashLoggerFactory _createCrashSmapler]	
1055c83ec	1055c847b	decompiled	chunks/004/functions-000317.c	-[SCLensCrashLoggerFactory .cxx_destruct]	
1055c847c	1055c84c3	decompiled	chunks/004/functions-000317.c	-[SCLensCrashLogger initWithBlizzardLogger:crashLogger:appInsightsMetadataStorage:grapheneRegistry:lensSwipeIdObservable:lensCrashSampler:appStartExperimentReader:]	
1055c84c4	1055c875b	decompiled	chunks/004/functions-000317.c	-[SCLensCrashLogger initWithCrashedLensIdsObservable:possibleCrashLogger:blizzardLogger:crashLogger:appInsightsMetadataStorage:grapheneRegistry:lensSwipeIdObservable:lensCrashSampler:appStartExperimentReader:]	
1055c875c	1055c875f	decompiled	chunks/004/functions-000317.c	-[SCLensCrashLogger setupEffectIdsObservable:]	
1055c8760	1055c8763	decompiled	chunks/004/functions-000317.c	-[SCLensCrashLogger setupSnapSourceObservable:]	
1055c8764	1055c8867	decompiled	chunks/004/functions-000317.c	-[SCLensCrashLogger setEffectIds:]	
1055c8868	1055c887f	decompiled	chunks/004/functions-000317.c		
1055c8880	1055c88f3	decompiled	chunks/004/functions-000317.c		
1055c88f4	1055c8977	decompiled	chunks/004/functions-000317.c	-[SCLensCrashLogger setSessionId:]	
1055c8978	1055c899b	decompiled	chunks/004/functions-000317.c		
1055c899c	1055c8a1f	decompiled	chunks/004/functions-000317.c	-[SCLensCrashLogger setSwipeId:]	
1055c8a20	1055c8a43	decompiled	chunks/004/functions-000317.c		
1055c8a44	1055c8ab7	decompiled	chunks/004/functions-000317.c	-[SCLensCrashLogger setProductType:]	
1055c8ab8	1055c8b2b	decompiled	chunks/004/functions-000317.c	-[SCLensCrashLogger setRenderingContext:]	
1055c8b2c	1055c8b93	decompiled	chunks/004/functions-000317.c	-[SCLensCrashLogger logCrashError:selector:]	
1055c8b94	1055c8c8f	decompiled	chunks/004/functions-000317.c	-[SCLensCrashLogger logCrashError:lensId:selector:]	
1055c8c90	1055c8cef	decompiled	chunks/004/functions-000317.c	-[SCLensCrashLogger defaultErrorHandlerWithSelector:]	
1055c8cf0	1055c8dd3	decompiled	chunks/004/functions-000317.c	-[SCLensCrashLogger handlerWithLensId:selector:]	
1055c8dd4	1055c8f07	decompiled	chunks/004/functions-000317.c	-[SCLensCrashLogger handlerWithLensIds:selector:]	
1055c8f08	1055c919f	decompiled	chunks/004/functions-000317.c	-[SCLensCrashLogger logLensesNotResponsive:]	
1055c91a0	1055c91a7	decompiled	chunks/004/functions-000317.c	-[SCLensCrashLogger isLNRDetectionEnabled]	
1055c91a8	1055c91b3	decompiled	chunks/004/functions-000317.c	-[SCLensCrashLogger lnrDetectionTimeoutSec]	
1055c91b4	1055c93bb	decompiled	chunks/004/functions-000317.c	-[SCLensCrashLogger _logCrashError:lensIds:selector:]	
1055c93bc	1055c956b	decompiled	chunks/004/functions-000317.c	-[SCLensCrashLogger _logCrashWithContext:]	
1055c956c	1055c95e3	decompiled	chunks/004/functions-000317.c		
1055c95e4	1055c9777	decompiled	chunks/004/functions-000317.c	+[SCLensCrashLogger _sendNotificationWithContext:]	
1055c9778	1055c990f	decompiled	chunks/004/functions-000317.c	+[SCLensCrashLogger _reportNonFatalExceptionEventWithContext:crashLogger:]	
1055c9910	1055c9af7	decompiled	chunks/004/functions-000317.c	+[SCLensCrashLogger _reportNonFatalExceptionEventWithContext:crashLogger:errorCode:threadCaptureOption:]	
1055c9af8	1055c9d43	decompiled	chunks/004/functions-000317.c	+[SCLensCrashLogger _blizzardLogExceptionEventWithContext:logger:]	
1055c9d44	1055c9deb	decompiled	chunks/004/functions-000317.c	+[SCLensCrashLogger _logExceptionWithGraphene:]	
1055c9dec	1055c9fc3	decompiled	chunks/004/functions-000317.c	-[SCLensCrashLogger _updateAppInsightsInfoWithContext:]	
1055c9fc4	1055ca09f	decompiled	chunks/004/functions-000317.c	-[SCLensCrashLogger _subscribeOnSwipeIdObservable:]	
1055ca0a0	1055ca0ef	decompiled	chunks/004/functions-000317.c		
1055ca0f0	1055ca1cb	decompiled	chunks/004/functions-000317.c	-[SCLensCrashLogger _subscribeOnLensIdsObservable:]	
1055ca1cc	1055ca21b	decompiled	chunks/004/functions-000317.c		
1055ca21c	1055ca2f7	decompiled	chunks/004/functions-000317.c	-[SCLensCrashLogger _setupSnapSourceObservable:]	
1055ca2f8	1055ca353	decompiled	chunks/004/functions-000317.c		
1055ca354	1055ca3d7	decompiled	chunks/004/functions-000317.c	-[SCLensCrashLogger sharedContextBuilderCopy]	
1055ca3d8	1055ca43b	decompiled	chunks/004/functions-000317.c	-[SCLensCrashLogger _updateSharedContextWithBlock:]	
1055ca43c	1055ca45b	decompiled	chunks/004/functions-000317.c	+[SCLensCrashLogger _logErrorForContext:]	
1055ca45c	1055ca467	decompiled	chunks/004/functions-000317.c	-[SCLensCrashLogger currentLensIds]	
1055ca468	1055ca46f	decompiled	chunks/004/functions-000317.c	-[SCLensCrashLogger setCurrentLensIds:]	
1055ca470	1055ca647	decompiled	chunks/004/functions-000317.c	-[SCLensCrashLogger .cxx_destruct]	
1055ca648	1055ca827	decompiled	chunks/004/functions-000317.c	-[SCLensCrashLoggerEntryPoint _createLoggerFactory]	
1055ca828	1055ca8b7	decompiled	chunks/004/functions-000317.c	-[SCLensCrashLoggerEntryPoint .cxx_destruct]	
1055ca8b8	1055ca963	decompiled	chunks/004/functions-000317.c		
1055ca964	1055caa17	decompiled	chunks/004/functions-000317.c		
1055caa18	1055caa2f	decompiled	chunks/004/functions-000317.c		
1055caa30	1055caa37	decompiled	chunks/004/functions-000317.c		
1055caa38	1055cab07	decompiled	chunks/004/functions-000317.c		
1055cab08	1055cab97	decompiled	chunks/004/functions-000317.c		
1055cab98	1055cac2f	decompiled	chunks/004/functions-000317.c	-[SCLensCrashLoggerOnCameraServiceProvider .cxx_destruct]	
1055cac30	1055cacf7	decompiled	chunks/004/functions-000317.c	-[SCLensCrashLoggerProxy initWithLensCrashLogger:effectIdsObservable:errorReporter:]	
1055cacf8	1055cad97	decompiled	chunks/004/functions-000317.c	-[SCLensCrashLoggerProxy logCrashError:selector:]	
1055cad98	1055cae8b	decompiled	chunks/004/functions-000317.c	-[SCLensCrashLoggerProxy logCrashError:lensId:selector:]	
1055cae8c	1055caf87	decompiled	chunks/004/functions-000317.c	-[SCLensCrashLoggerProxy defaultErrorHandlerWithSelector:]	
1055caf88	1055cafd7	decompiled	chunks/004/functions-000317.c		
1055cafd8	1055cb127	decompiled	chunks/004/functions-000317.c	-[SCLensCrashLoggerProxy handlerWithLensId:selector:]	
1055cb128	1055cb177	decompiled	chunks/004/functions-000317.c		
1055cb178	1055cb1c7	decompiled	chunks/004/functions-000317.c	-[SCLensCrashLoggerProxy setupEffectIdsObservable:]	
1055cb1c8	1055cb20b	decompiled	chunks/004/functions-000317.c	-[SCLensCrashLoggerProxy setEffectIds:]	
1055cb20c	1055cb213	decompiled	chunks/004/functions-000317.c	-[SCLensCrashLoggerProxy setSessionId:]	
1055cb214	1055cb21b	decompiled	chunks/004/functions-000317.c	-[SCLensCrashLoggerProxy setSwipeId:]	
1055cb21c	1055cb223	decompiled	chunks/004/functions-000317.c	-[SCLensCrashLoggerProxy setProductType:]	
1055cb224	1055cb22b	decompiled	chunks/004/functions-000317.c	-[SCLensCrashLoggerProxy setRenderingContext:]	
1055cb22c	1055cb233	decompiled	chunks/004/functions-000317.c	-[SCLensCrashLoggerProxy setupSnapSourceObservable:]	
1055cb234	1055cb23b	decompiled	chunks/004/functions-000317.c	-[SCLensCrashLoggerProxy logLensesNotResponsive:]	
1055cb23c	1055cb243	decompiled	chunks/004/functions-000317.c	-[SCLensCrashLoggerProxy isLNRDetectionEnabled]	
1055cb244	1055cb24b	decompiled	chunks/004/functions-000317.c	-[SCLensCrashLoggerProxy lnrDetectionTimeoutSec]	
1055cb24c	1055cb32f	decompiled	chunks/004/functions-000317.c	-[SCLensCrashLoggerProxy _subscribeOnEffectIdsObservable:]	
1055cb330	1055cb37f	decompiled	chunks/004/functions-000317.c		
1055cb380	1055cb38b	decompiled	chunks/004/functions-000317.c	-[SCLensCrashLoggerProxy currentEffectIds]	
1055cb38c	1055cb393	decompiled	chunks/004/functions-000317.c	-[SCLensCrashLoggerProxy setCurrentEffectIds:]	
1055cb394	1055cb3db	decompiled	chunks/004/functions-000317.c	-[SCLensCrashLoggerProxy .cxx_destruct]	
1055cb3dc	1055cb44f	decompiled	chunks/004/functions-000317.c	-[SCLensCrashLoggerSampler initWithConfiguration:]	
1055cb450	1055cb5db	decompiled	chunks/004/functions-000317.c	-[SCLensCrashLoggerSampler shouldReportCrashForContext:]	
1055cb5dc	1055cb5e7	decompiled	chunks/004/functions-000317.c	-[SCLensCrashLoggerSampler lastSessionId]	
1055cb5e8	1055cb5ef	decompiled	chunks/004/functions-000317.c	-[SCLensCrashLoggerSampler setLastSessionId:]	
1055cb5f0	1055cb5fb	decompiled	chunks/004/functions-000317.c	-[SCLensCrashLoggerSampler lastReason]	
1055cb5fc	1055cb603	decompiled	chunks/004/functions-000317.c	-[SCLensCrashLoggerSampler setLastReason:]	
1055cb604	1055cb63f	decompiled	chunks/004/functions-000317.c	-[SCLensCrashLoggerSampler .cxx_destruct]	
1055cb640	1055cb727	decompiled	chunks/004/functions-000317.c	-[SCLensPossibleCrashLogger initWithCrashedEffectIdsObservable:userPreferences:blizzardLogger:]	
1055cb728	1055cb85b	decompiled	chunks/004/functions-000317.c	-[SCLensPossibleCrashLogger checkPossibleCrashAndReportIfNeeded]	
1055cb85c	1055cb8ef	decompiled	chunks/004/functions-000317.c	-[SCLensPossibleCrashLogger _blizzardLogPossibleCrashEventWithEffectId:]	
1055cb8f0	1055cb96f	decompiled	chunks/004/functions-000317.c	-[SCLensPossibleCrashLogger _lastAppliedEffectIds]	
1055cb970	1055cb9c7	decompiled	chunks/004/functions-000317.c	-[SCLensPossibleCrashLogger _setLastAppliedEffectIds:]	
1055cb9c8	1055cba93	decompiled	chunks/004/functions-000317.c	-[SCLensPossibleCrashLogger _subscribeOnEffectIdsObservable]	
1055cba94	1055cbae3	decompiled	chunks/004/functions-000317.c		
1055cbae4	1055cbb2b	decompiled	chunks/004/functions-000317.c	-[SCLensPossibleCrashLogger .cxx_destruct]	
1055cbb2c	1055cbcab	decompiled	chunks/004/functions-000317.c	-[SCLensCrashLoggerContext initWithError:lensId:lensIds:sessionId:swipeId:renderingContext:productType:methodSelector:]	
1055cbcac	1055cbccf	decompiled	chunks/004/functions-000317.c	-[SCLensCrashLoggerContext copyWithZone:]	
1055cbcd0	1055cbd7b	decompiled	chunks/004/functions-000317.c	-[SCLensCrashLoggerContext hash]	
1055cbd7c	1055cbea3	decompiled	chunks/004/functions-000317.c	-[SCLensCrashLoggerContext isEqual:]	
1055cbea4	1055cbeab	decompiled	chunks/004/functions-000317.c	-[SCLensCrashLoggerContext error]	
1055cbeac	1055cbeb3	decompiled	chunks/004/functions-000317.c	-[SCLensCrashLoggerContext lensId]	
1055cbeb4	1055cbebb	decompiled	chunks/004/functions-000317.c	-[SCLensCrashLoggerContext lensIds]	
1055cbebc	1055cbec3	decompiled	chunks/004/functions-000317.c	-[SCLensCrashLoggerContext sessionId]	
1055cbec4	1055cbecb	decompiled	chunks/004/functions-000317.c	-[SCLensCrashLoggerContext swipeId]	
1055cbecc	1055cbed3	decompiled	chunks/004/functions-000318.c	-[SCLensCrashLoggerContext renderingContext]	
1055cbed4	1055cbedb	decompiled	chunks/004/functions-000318.c	-[SCLensCrashLoggerContext productType]	
1055cbedc	1055cbee3	decompiled	chunks/004/functions-000318.c	-[SCLensCrashLoggerContext methodSelector]	
1055cbee4	1055cbf43	decompiled	chunks/004/functions-000318.c	-[SCLensCrashLoggerContext .cxx_destruct]	
1055cbf44	1055cbf5f	decompiled	chunks/004/functions-000318.c	+[SCLensCrashLoggerContextBuilder lensCrashLoggerContext]	
1055cbf60	1055cc197	decompiled	chunks/004/functions-000318.c	+[SCLensCrashLoggerContextBuilder lensCrashLoggerContextFromExistingLensCrashLoggerContext:]	
1055cc198	1055cc1df	decompiled	chunks/004/functions-000318.c	-[SCLensCrashLoggerContextBuilder build]	
1055cc1e0	1055cc217	decompiled	chunks/004/functions-000318.c	-[SCLensCrashLoggerContextBuilder withError:]	
1055cc218	1055cc24f	decompiled	chunks/004/functions-000318.c	-[SCLensCrashLoggerContextBuilder withLensId:]	
1055cc250	1055cc287	decompiled	chunks/004/functions-000318.c	-[SCLensCrashLoggerContextBuilder withLensIds:]	
1055cc288	1055cc2bf	decompiled	chunks/004/functions-000318.c	-[SCLensCrashLoggerContextBuilder withSessionId:]	
1055cc2c0	1055cc2f7	decompiled	chunks/004/functions-000318.c	-[SCLensCrashLoggerContextBuilder withSwipeId:]	
1055cc2f8	1055cc2ff	decompiled	chunks/004/functions-000318.c	-[SCLensCrashLoggerContextBuilder withRenderingContext:]	
1055cc300	1055cc307	decompiled	chunks/004/functions-000318.c	-[SCLensCrashLoggerContextBuilder withProductType:]	
1055cc308	1055cc33f	decompiled	chunks/004/functions-000318.c	-[SCLensCrashLoggerContextBuilder withMethodSelector:]	
1055cc340	1055cc39f	decompiled	chunks/004/functions-000318.c	-[SCLensCrashLoggerContextBuilder .cxx_destruct]	
1055cc3a0	1055cc407	decompiled	chunks/004/functions-000318.c		
1055cc408	1055cc40f	decompiled	chunks/004/functions-000318.c	-[SCLensBasePerformerProvider lensProcessingPlainPerformer]	
1055cc410	1055cc417	decompiled	chunks/004/functions-000318.c	-[SCLensBasePerformerProvider lensUtilityPerformer]	
1055cc418	1055cc483	decompiled	chunks/004/functions-000318.c	-[SCLensBasePerformerProvider .cxx_destruct]	
1055cc484	1055cc493	decompiled	chunks/004/functions-000318.c	-[SCLensPerformerServiceProvider .cxx_destruct]	
1055cc494	1055cc4cf	decompiled	chunks/004/functions-000318.c	-[SCBundledLensProviderEntryPoint .cxx_destruct]	
1055cc4d0	1055cc5c3	decompiled	chunks/004/functions-000318.c		
1055cc5c4	1055cc603	decompiled	chunks/004/functions-000318.c		
1055cc604	1055cc6f7	decompiled	chunks/004/functions-000318.c		
1055cc6f8	1055cc767	decompiled	chunks/004/functions-000318.c		
1055cc768	1055cc7b3	decompiled	chunks/004/functions-000318.c	-[SCLegacyImageProcessEntryPoint bundledVisualFilterCommandFactoryWithCommandProvider:]	
1055cc7b4	1055cc837	decompiled	chunks/004/functions-000318.c	-[SCLegacyImageProcessEntryPoint .cxx_destruct]	
1055cc838	1055cc8ab	decompiled	chunks/004/functions-000318.c	-[SCBundledVisualFilterImageProcessCommandFactory initWithImageProcessCommandProvider:]	
1055cc8ac	1055cc9e7	decompiled	chunks/004/functions-000318.c	-[SCBundledVisualFilterImageProcessCommandFactory imageCommandFromVisualFilterType:]	
1055cc9e8	1055cc9f3	decompiled	chunks/004/functions-000318.c	-[SCBundledVisualFilterImageProcessCommandFactory .cxx_destruct]	
1055cc9f4	1055cca33	decompiled	chunks/004/functions-000318.c		
1055cca34	1055ccaef	decompiled	chunks/004/functions-000318.c		
1055ccaf0	1055ccb37	decompiled	chunks/004/functions-000318.c		
1055ccb38	1055ccba7	decompiled	chunks/004/functions-000318.c		
1055ccba8	1055ccc17	decompiled	chunks/004/functions-000318.c		
1055ccc18	1055ccd4b	decompiled	chunks/004/functions-000318.c		
1055ccd4c	1055ccdd7	decompiled	chunks/004/functions-000318.c		
1055ccdd8	1055cce87	decompiled	chunks/004/functions-000318.c		
1055cce88	1055cd05f	decompiled	chunks/004/functions-000318.c	-[SCLensContentEntryPoint end]	
1055cd060	1055cd077	decompiled	chunks/004/functions-000318.c		
1055cd078	1055cd1b7	decompiled	chunks/004/functions-000318.c	-[SCLensContentEntryPoint _cacheMetadataProvider]	
1055cd1b8	1055cd1db	decompiled	chunks/004/functions-000318.c		
1055cd1dc	1055cd48b	decompiled	chunks/004/functions-000318.c	-[SCLensContentEntryPoint _lensContentDataFetcherWithSystemLevelCache:]	
1055cd48c	1055cd4e7	decompiled	chunks/004/functions-000318.c	-[SCLensContentEntryPoint _fetchRanker]	
1055cd4e8	1055cd5ef	decompiled	chunks/004/functions-000318.c	-[SCLensContentEntryPoint _lensIconRepositoryWithContentDataFetcher:]	
1055cd5f0	1055cd73b	decompiled	chunks/004/functions-000318.c	-[SCLensContentEntryPoint _createLensDataPrefetcherWithFetcher:lensDataConfigProvider:]	
1055cd73c	1055cd7b7	decompiled	chunks/004/functions-000318.c	-[SCLensContentEntryPoint _createLensFetchTypeProvider]	
1055cd7b8	1055cd867	decompiled	chunks/004/functions-000318.c	-[SCLensContentEntryPoint _lensBitmojiIconFetcherWithDownloadOperationFactory:performer:]	
1055cd868	1055cdaab	decompiled	chunks/004/functions-000318.c	-[SCLensContentEntryPoint .cxx_destruct]	
1055cdaac	1055cdb53	decompiled	chunks/004/functions-000318.c	-[SCLensDownloadStatusProvider downloadStatusForLens:]	
1055cdb54	1055cdb5b	decompiled	chunks/004/functions-000318.c	-[SCLensDownloadStatusProvider isContentDownloadedForLens:]	
1055cdb5c	1055cdb67	decompiled	chunks/004/functions-000318.c	-[SCLensDownloadStatusProvider .cxx_destruct]	
1055cdb68	1055cdc27	decompiled	chunks/004/functions-000318.c	-[SCDefaultLensIconRepository initWithIconUrlFetcher:bundledLensProvider:]	
1055cdc28	1055cdcab	decompiled	chunks/004/functions-000318.c	-[SCDefaultLensIconRepository lensIconForKey:]	
1055cdcac	1055cdcb3	decompiled	chunks/004/functions-000318.c	-[SCDefaultLensIconRepository setLensIcon:withKey:]	
1055cdcb4	1055cdcf3	decompiled	chunks/004/functions-000318.c	-[SCDefaultLensIconRepository clearCache]	
1055cdcf4	1055cde1b	decompiled	chunks/004/functions-000318.c	-[SCDefaultLensIconRepository lensIconFutureForKey:]	
1055cde1c	1055cde6b	decompiled	chunks/004/functions-000318.c	-[SCDefaultLensIconRepository lensIconPlaceholder]	
1055cde6c	1055cdf2b	decompiled	chunks/004/functions-000318.c	-[SCDefaultLensIconRepository initWithIconUrlFetcher:bundledImageProvider:]	
1055cdf2c	1055cdfbb	decompiled	chunks/004/functions-000318.c	-[SCDefaultLensIconRepository _bundledIconImageForKey:]	
1055cdfbc	1055ce273	decompiled	chunks/004/functions-000318.c	-[SCDefaultLensIconRepository _remoteIconImageFutureForKey:]	
1055ce274	1055ce343	decompiled	chunks/004/functions-000318.c		
1055ce344	1055ce433	decompiled	chunks/004/functions-000318.c	+[SCDefaultLensIconRepository _errorWithCode:]	
1055ce434	1055ce46f	decompiled	chunks/004/functions-000318.c	-[SCDefaultLensIconRepository .cxx_destruct]	
1055ce470	1055ce513	decompiled	chunks/004/functions-000318.c	-[SCLensIconUrlFetcher initWithLensURLDataFetcher:lensPerformerProvider:]	
1055ce514	1055ce85b	decompiled	chunks/004/functions-000318.c	-[SCLensIconUrlFetcher lensIconFutureForLens:]	
1055ce85c	1055ce873	decompiled	chunks/004/functions-000318.c		
1055ce874	1055ce8a3	decompiled	chunks/004/functions-000318.c	-[SCLensIconUrlFetcher .cxx_destruct]	
1055ce8a4	1055ce91b	decompiled	chunks/004/functions-000318.c	-[SCLensExplorerStudySettingsServiceProvider .cxx_destruct]	
1055ce91c	1055ce9bb	decompiled	chunks/004/functions-000318.c	-[SCLensDataLoggerServiceProvider _resourceVerificationLogger]	
1055ce9bc	1055ce9ff	decompiled	chunks/004/functions-000318.c	-[SCLensDataLoggerServiceProvider .cxx_destruct]	
1055cea00	1055cea87	decompiled	chunks/004/functions-000318.c		
1055cea88	1055cebeb	decompiled	chunks/004/functions-000318.c	-[SCLensLoggerEntryPoint .cxx_destruct]	
1055cebec	1055cec93	decompiled	chunks/004/functions-000318.c		
1055cec94	1055cecf7	decompiled	chunks/004/functions-000318.c		
1055cecf8	1055ced0b	decompiled	chunks/004/functions-000318.c		
1055ced0c	1055ced83	decompiled	chunks/004/functions-000318.c		
1055ced84	1055ceefb	decompiled	chunks/004/functions-000318.c	-[SCLensUnlockerEntryPoint _mockLensUnlocker]	
1055ceefc	1055cefbf	decompiled	chunks/004/functions-000318.c	-[SCLensUnlockerEntryPoint .cxx_destruct]	
1055cefc0	1055cf037	decompiled	chunks/004/functions-000318.c	-[SCLensUnlockingFactoryBlockImpl initWithTrackedUnlockerFactoryBlock:]	
1055cf038	1055cf047	decompiled	chunks/004/functions-000318.c	-[SCLensUnlockingFactoryBlockImpl makeTrackedLensUnlockerWithLensRepostiory:]	
1055cf048	1055cf053	decompiled	chunks/004/functions-000318.c	-[SCLensUnlockingFactoryBlockImpl .cxx_destruct]	
1055cf054	1055cf0c7	decompiled	chunks/004/functions-000318.c	-[UNISCInLensCreationInLensCreationService initWithUnifiedGrpcService:]	
1055cf0c8	1055cf1ab	decompiled	chunks/004/functions-000318.c	-[UNISCInLensCreationInLensCreationService createCustomizationWithRequest:callOptionsBuilder:handler:]	
1055cf1ac	1055cf28f	decompiled	chunks/004/functions-000318.c	-[UNISCInLensCreationInLensCreationService getCustomizationsWithRequest:callOptionsBuilder:handler:]	
1055cf290	1055cf373	decompiled	chunks/004/functions-000318.c	-[UNISCInLensCreationInLensCreationService getTrendingCustomizationsWithRequest:callOptionsBuilder:handler:]	
1055cf374	1055cf457	decompiled	chunks/004/functions-000318.c	-[UNISCInLensCreationInLensCreationService setTrendingCustomizationsWithRequest:callOptionsBuilder:handler:]	
1055cf458	1055cf53b	decompiled	chunks/004/functions-000318.c	-[UNISCInLensCreationInLensCreationService setCustomizationTrendingCountWithRequest:callOptionsBuilder:handler:]	
1055cf53c	1055cf61f	decompiled	chunks/004/functions-000318.c	-[UNISCInLensCreationInLensCreationService deleteAllCustomizationsWithRequest:callOptionsBuilder:handler:]	
1055cf620	1055cf703	decompiled	chunks/004/functions-000318.c	-[UNISCInLensCreationInLensCreationService getCustomizedLensesWithRequest:callOptionsBuilder:handler:]	
1055cf704	1055cf70f	decompiled	chunks/004/functions-000318.c	-[UNISCInLensCreationInLensCreationService .cxx_destruct]	
1055cf710	1055cf78b	decompiled	chunks/004/functions-000318.c		
1055cf78c	1055cf797	decompiled	chunks/004/functions-000318.c		
1055cf798	1055cf813	decompiled	chunks/004/functions-000318.c		
1055cf814	1055cf81f	decompiled	chunks/004/functions-000318.c		
1055cf820	1055cf89b	decompiled	chunks/004/functions-000318.c		
1055cf89c	1055cf8a7	decompiled	chunks/004/functions-000318.c		
1055cf8a8	1055cf923	decompiled	chunks/004/functions-000318.c		
1055cf924	1055cf92f	decompiled	chunks/004/functions-000318.c		
1055cf930	1055cf9bb	decompiled	chunks/004/functions-000319.c	+[SCInLensCreationCustomizationBody descriptor]	
1055cf9bc	1055cfa23	decompiled	chunks/004/functions-000319.c	+[SCInLensCreationSectionDisplayOptions descriptor]	
1055cfa24	1055cfa8b	decompiled	chunks/004/functions-000319.c	+[SCInLensCreationPromptSection descriptor]	
1055cfa8c	1055cfb07	decompiled	chunks/004/functions-000319.c	+[SCInLensCreationStaticImage descriptor]	
1055cfb08	1055cfb83	decompiled	chunks/004/functions-000319.c	+[SCInLensCreationAnimatedImage descriptor]	
1055cfb84	1055cfc0f	decompiled	chunks/004/functions-000319.c	+[SCInLensCreationCustomizationMedia descriptor]	
1055cfc10	1055cfc77	decompiled	chunks/004/functions-000319.c	+[SCInLensCreationMention descriptor]	
1055cfc78	1055cfcdf	decompiled	chunks/004/functions-000319.c	+[SCInLensCreationCustomization descriptor]	
1055cfce0	1055cfd47	decompiled	chunks/004/functions-000319.c	+[SCInLensCreationCustomizationTrendingCounts descriptor]	
1055cfd48	1055cfdaf	decompiled	chunks/004/functions-000319.c	+[SCInLensCreationTrendingPromptMetadata descriptor]	
1055cfdb0	1055cfe17	decompiled	chunks/004/functions-000319.c	+[SCInLensCreationTrendingCustomization descriptor]	
1055cfe18	1055cfe7f	decompiled	chunks/004/functions-000319.c	+[SCInLensCreationCreateCustomizationRequest descriptor]	
1055cfe80	1055cfee7	decompiled	chunks/004/functions-000319.c	+[SCInLensCreationCreateCustomizationResponse descriptor]	
1055cfee8	1055cff73	decompiled	chunks/004/functions-000319.c	+[SCInLensCreationFilter descriptor]	
1055cff74	1055cffdb	decompiled	chunks/004/functions-000319.c	+[SCInLensCreationGetCustomizationsRequest descriptor]	
1055cffdc	1055d0043	decompiled	chunks/004/functions-000319.c	+[SCInLensCreationGetCustomizationsResponse descriptor]	
1055d0044	1055d00ab	decompiled	chunks/004/functions-000319.c	+[SCInLensCreationGetTrendingCustomizationsRequest descriptor]	
1055d00ac	1055d0113	decompiled	chunks/004/functions-000319.c	+[SCInLensCreationGetTrendingCustomizationsResponse descriptor]	
1055d0114	1055d017b	decompiled	chunks/004/functions-000319.c	+[SCInLensCreationGetTrendingCustomizationsInternalRequest descriptor]	
1055d017c	1055d01e3	decompiled	chunks/004/functions-000319.c	+[SCInLensCreationGetTrendingCustomizationsInternalResponse descriptor]	
1055d01e4	1055d024b	decompiled	chunks/004/functions-000319.c	+[SCInLensCreationGetRandomTrendingCustomizationRequest descriptor]	
1055d024c	1055d02b3	decompiled	chunks/004/functions-000319.c	+[SCInLensCreationGetRandomTrendingCustomizationResponse descriptor]	
1055d02b4	1055d031b	decompiled	chunks/004/functions-000319.c	+[SCInLensCreationSetTrendingCustomizationsRequest descriptor]	
1055d031c	1055d0383	decompiled	chunks/004/functions-000319.c	+[SCInLensCreationSetTrendingCustomizationsResponse descriptor]	
1055d0384	1055d03ff	decompiled	chunks/004/functions-000319.c	+[SCInLensCreationSetCustomizationTrendingCountRequest descriptor]	
1055d0400	1055d0467	decompiled	chunks/004/functions-000319.c	+[SCInLensCreationSetCustomizationTrendingCountResponse descriptor]	
1055d0468	1055d04cf	decompiled	chunks/004/functions-000319.c	+[SCInLensCreationDeleteAllCustomizationsRequest descriptor]	
1055d04d0	1055d0537	decompiled	chunks/004/functions-000319.c	+[SCInLensCreationDeleteAllCustomizationsResponse descriptor]	
1055d0538	1055d059f	decompiled	chunks/004/functions-000319.c	+[SCInLensCreationGetCustomizedLensesRequest descriptor]	
1055d05a0	1055d0607	decompiled	chunks/004/functions-000319.c	+[SCInLensCreationGetCustomizedLensesResponse descriptor]	
1055d0608	1055d066f	decompiled	chunks/004/functions-000319.c	+[SCInLensCreationFlagCustomizationRequest descriptor]	
1055d0670	1055d06d7	decompiled	chunks/004/functions-000319.c	+[SCInLensCreationFlagCustomizationResponse descriptor]	
1055d06d8	1055d073f	decompiled	chunks/004/functions-000319.c	+[SCInLensCreationRecordUsedPromptRequest descriptor]	
1055d0740	1055d07a7	decompiled	chunks/004/functions-000319.c	+[SCInLensCreationRecordUsedPromptResponse descriptor]	
1055d07a8	1055d080f	decompiled	chunks/004/functions-000319.c	+[SCInLensCreationFavoriteCustomizationRequest descriptor]	
1055d0810	1055d0877	decompiled	chunks/004/functions-000319.c	+[SCInLensCreationFavoriteCustomizationResponse descriptor]	
1055d0878	1055d08df	decompiled	chunks/004/functions-000319.c	+[SCInLensCreationUnfavoriteCustomizationRequest descriptor]	
1055d08e0	1055d0947	decompiled	chunks/004/functions-000319.c	+[SCInLensCreationUnfavoriteCustomizationResponse descriptor]	
1055d0948	1055d09af	decompiled	chunks/004/functions-000319.c	+[SCInLensCreationUpdateCustomizationRequest descriptor]	
1055d09b0	1055d0a17	decompiled	chunks/004/functions-000319.c	+[SCInLensCreationUpdateCustomizationResponse descriptor]	
1055d0a18	1055d0a7f	decompiled	chunks/004/functions-000319.c	+[SCInLensCreationGetPromptSectionsRequest descriptor]	
1055d0a80	1055d0ae7	decompiled	chunks/004/functions-000319.c	+[SCInLensCreationGetPromptSectionsResponse descriptor]	
1055d0ae8	1055d0b4f	decompiled	chunks/004/functions-000319.c	+[SCInLensCreationGetNextPromptSectionsRequest descriptor]	
1055d0b50	1055d0bb7	decompiled	chunks/004/functions-000319.c	+[SCInLensCreationGetNextPromptSectionsResponse descriptor]	
1055d0bb8	1055d0c1f	decompiled	chunks/004/functions-000319.c	+[SCInLensCreationSetPersonalizedTrendingPromptsEntry descriptor]	
1055d0c20	1055d0c87	decompiled	chunks/004/functions-000319.c	+[SCInLensCreationSetPersonalizedTrendingPromptsRequest descriptor]	
1055d0c88	1055d0d2f	decompiled	chunks/004/functions-000319.c	+[SCInLensCreationSetPersonalizedTrendingPromptsResponse descriptor]	
1055d0d30	1055d0e03	decompiled	chunks/004/functions-000319.c	-[SCLegacyLensTooltipsServiceProvider _legacyLensTooltipsService]	
1055d0e04	1055d0e47	decompiled	chunks/004/functions-000319.c	-[SCLegacyLensTooltipsServiceProvider .cxx_destruct]	
1055d0e48	1055d0eeb	decompiled	chunks/004/functions-000319.c	-[SCLegacyLensTooltipsServiceImpl initWithFeatureSettingsService:preferences:]	
1055d0eec	1055d0f33	decompiled	chunks/004/functions-000319.c	-[SCLegacyLensTooltipsServiceImpl userClickedToTurnOffLens]	
1055d0f34	1055d0f73	decompiled	chunks/004/functions-000319.c	-[SCLegacyLensTooltipsServiceImpl setUserClickedToTurnOffLens]	
1055d0f74	1055d0fbb	decompiled	chunks/004/functions-000319.c	-[SCLegacyLensTooltipsServiceImpl lensTooltipShownAfterDismiss]	
1055d0fbc	1055d0ffb	decompiled	chunks/004/functions-000319.c	-[SCLegacyLensTooltipsServiceImpl setLensTooltipShownAfterDismiss]	
1055d0ffc	1055d103b	decompiled	chunks/004/functions-000319.c	-[SCLegacyLensTooltipsServiceImpl seenOpenLensTooltip]	
1055d103c	1055d1073	decompiled	chunks/004/functions-000319.c	-[SCLegacyLensTooltipsServiceImpl setSeenOpenLensTooltip]	
1055d1074	1055d10a3	decompiled	chunks/004/functions-000319.c	-[SCLegacyLensTooltipsServiceImpl .cxx_destruct]	
1055d10a4	1055d1117	decompiled	chunks/004/functions-000319.c	-[SCGrapheneLensCrashFuseMetric2 init]	
1055d1118	1055d12ff	decompiled	chunks/004/functions-000319.c		
1055d1300	1055d1423	decompiled	chunks/004/functions-000319.c	-[SCLensContentDeliveryDownloader initWithContentDelivery:lensPerformerProvider:pageHierarchy:expirationDays:mediaType:]	
1055d1424	1055d14cb	decompiled	chunks/004/functions-000319.c	-[SCLensContentDeliveryDownloader contentForURLString:cacheKey:contentType:]	
1055d14cc	1055d151b	decompiled	chunks/004/functions-000319.c	-[SCLensContentDeliveryDownloader imageForURLString:cacheKey:contentType:]	
1055d151c	1055d166f	decompiled	chunks/004/functions-000319.c		
1055d1670	1055d1813	decompiled	chunks/004/functions-000319.c	-[SCLensContentDeliveryDownloader contentResultForURLString:cacheKey:contentType:]	
1055d1814	1055d192b	decompiled	chunks/004/functions-000319.c		
1055d192c	1055d1abb	decompiled	chunks/004/functions-000319.c	-[SCLensContentDeliveryDownloader cachedContentForCacheKey:]	
1055d1abc	1055d1bd3	decompiled	chunks/004/functions-000319.c		
1055d1bd4	1055d1c2b	decompiled	chunks/004/functions-000319.c		
1055d1c2c	1055d1cef	decompiled	chunks/004/functions-000319.c	-[SCLensContentDeliveryDownloader cacheContentData:forCacheKey:]	
1055d1cf0	1055d1cf3	decompiled	chunks/004/functions-000319.c		
1055d1cf4	1055d1cf7	decompiled	chunks/004/functions-000319.c	-[SCLensContentDeliveryDownloader cancelRequestsForCacheKeys:]	
1055d1cf8	1055d1cfb	decompiled	chunks/004/functions-000319.c	-[SCLensContentDeliveryDownloader cancelAllRequests]	
1055d1cfc	1055d1f3b	decompiled	chunks/004/functions-000319.c	-[SCLensContentDeliveryDownloader _retrieveCachedContentForContentKey:contentStatus:contentRetrievalMetrics:isFromCache:resultPromise:]	
1055d1f3c	1055d2067	decompiled	chunks/004/functions-000319.c		
1055d2068	1055d2133	decompiled	chunks/004/functions-000319.c	-[SCLensContentDeliveryDownloader _retrieveContentForURLString:cacheKey:contentType:contentStatus:resultPromise:]	
1055d2134	1055d23f7	decompiled	chunks/004/functions-000319.c	-[SCLensContentDeliveryDownloader _downloadContentForURLString:cacheKey:contentType:resultPromise:]	
1055d23f8	1055d2457	decompiled	chunks/004/functions-000319.c		
1055d2458	1055d24a7	decompiled	chunks/004/functions-000319.c	-[SCLensContentDeliveryDownloader _contentKeyForCacheKey:]	
1055d24a8	1055d2567	decompiled	chunks/004/functions-000319.c	-[SCLensContentDeliveryDownloader _nativeUrlRequestForURLString:cacheKey:]	
1055d2568	1055d2587	decompiled	chunks/004/functions-000319.c	-[SCLensContentDeliveryDownloader _generateExpirationDate]	
1055d2588	1055d25ef	decompiled	chunks/004/functions-000319.c	-[SCLensContentDeliveryDownloader _serializedFeatureMetadataForContentType:]	
1055d25f0	1055d266b	decompiled	chunks/004/functions-000319.c	-[SCLensContentDeliveryDownloader _storeCanceling:forCacheKey:]	
1055d266c	1055d26cb	decompiled	chunks/004/functions-000319.c	-[SCLensContentDeliveryDownloader _removeCancelingForCacheKey:]	
1055d26cc	1055d274b	decompiled	chunks/004/functions-000319.c	-[SCLensContentDeliveryDownloader _cancelRequestsForCacheKeys:]	
1055d274c	1055d27af	decompiled	chunks/004/functions-000319.c	-[SCLensContentDeliveryDownloader _cancelAllRequests]	
1055d27b0	1055d28db	decompiled	chunks/004/functions-000319.c	-[SCLensContentDeliveryDownloader _unsafeCancelRequestsForCacheKeys:]	
1055d28dc	1055d2a27	decompiled	chunks/004/functions-000319.c	-[SCLensContentDeliveryDownloader _attachCanceling:cacheKey:resolveFuture:]	
1055d2a28	1055d2a5b	decompiled	chunks/004/functions-000319.c		
1055d2a5c	1055d2aaf	decompiled	chunks/004/functions-000319.c	-[SCLensContentDeliveryDownloader .cxx_destruct]	
1055d2ab0	1055d2b53	decompiled	chunks/004/functions-000319.c	-[SCLensContentDeliveryDownloaderFactory initWithContentDelivery:lensPerformerProvider:]	
1055d2b54	1055d2ba3	decompiled	chunks/004/functions-000319.c	-[SCLensContentDeliveryDownloaderFactory createMediaDownloaderForMediaType:expirationDays:]	
1055d2ba4	1055d2c03	decompiled	chunks/004/functions-000319.c	-[SCLensContentDeliveryDownloaderFactory .cxx_destruct]	
1055d2c04	1055d2c47	decompiled	chunks/004/functions-000319.c	-[SCLensMediaDownloaderServiceProvider .cxx_destruct]	
1055d2c48	1055d2d1f	decompiled	chunks/004/functions-000319.c		
1055d2d20	1055d2d63	decompiled	chunks/004/functions-000319.c	-[SCLensFavoritesLoggingServiceProvider .cxx_destruct]	
1055d2d64	1055d2e07	decompiled	chunks/004/functions-000319.c	-[SCLensFavoritesButtonBlizzardLogger initWithBlizzardLogger:lensUserProvider:]	
1055d2e08	1055d2e0f	decompiled	chunks/004/functions-000319.c	-[SCLensFavoritesButtonBlizzardLogger blizzardLogger]	
1055d2e10	1055d2e17	decompiled	chunks/004/functions-000319.c	-[SCLensFavoritesButtonBlizzardLogger lensUserProvider]	
1055d2e18	1055d2e73	decompiled	chunks/004/functions-000319.c	-[SCLensFavoritesButtonBlizzardLogger willFavoriteLensWithLensInfo:source:]	
1055d2e74	1055d2ecf	decompiled	chunks/004/functions-000319.c	-[SCLensFavoritesButtonBlizzardLogger willUnfavoriteLensWithLensInfo:source:]	
