address	end_address	status	pseudocode_file	runtime_label	error
10237aafc	10237ac7f	decompiled	chunks/000/functions-000010.c		
10237ac80	10237aca7	decompiled	chunks/000/functions-000010.c	-[SCSCPreviewLocationInfoServicesSaberEntryPoint begin]	
10237aca8	10237aceb	decompiled	chunks/000/functions-000010.c	-[SCSCPreviewLocationInfoServicesSaberEntryPoint end]	
10237acec	10237aeef	decompiled	chunks/000/functions-000010.c		
10237aef0	10237af9b	decompiled	chunks/000/functions-000010.c	-[SCSCPreviewLocationInfoServicesSaberEntryPoint setValue:forIvarName:]	
10237af9c	10237b01b	decompiled	chunks/000/functions-000010.c	-[SCSCPreviewLocationInfoServicesSaberEntryPoint init]	
10237b01c	10237b04f	decompiled	chunks/000/functions-000010.c		
10237b050	10237b0a7	decompiled	chunks/000/functions-000010.c	-[SCSCPreviewLocationInfoServicesSaberEntryPoint .cxx_destruct]	
10237b0a8	10237b0c7	decompiled	chunks/000/functions-000010.c		
10237b0c8	10237b0d3	decompiled	chunks/000/functions-000010.c	-[SCSCPreviewLoggingServicesSaberEntryPoint beginIn]	
10237b0d4	10237b0df	decompiled	chunks/000/functions-000010.c	-[SCSCPreviewLoggingServicesSaberEntryPoint setBeginIn:]	
10237b0e0	10237b0eb	decompiled	chunks/000/functions-000010.c	-[SCSCPreviewLoggingServicesSaberEntryPoint previewScopeGraphBridgeServices]	
10237b0ec	10237b12f	decompiled	chunks/000/functions-000010.c		
10237b130	10237b13b	decompiled	chunks/000/functions-000010.c	-[SCSCPreviewLoggingServicesSaberEntryPoint setPreviewScopeGraphBridgeServices:]	
10237b13c	10237b18f	decompiled	chunks/000/functions-000010.c		
10237b190	10237b1d7	decompiled	chunks/000/functions-000010.c	-[SCSCPreviewLoggingServicesSaberEntryPoint sCPreviewLoggingServicesExposer]	
10237b1d8	10237b23b	decompiled	chunks/000/functions-000010.c	-[SCSCPreviewLoggingServicesSaberEntryPoint setSCPreviewLoggingServicesExposer:]	
10237b23c	10237b3bf	decompiled	chunks/000/functions-000010.c		
10237b3c0	10237b3e7	decompiled	chunks/000/functions-000010.c	-[SCSCPreviewLoggingServicesSaberEntryPoint begin]	
10237b3e8	10237b42b	decompiled	chunks/000/functions-000010.c	-[SCSCPreviewLoggingServicesSaberEntryPoint end]	
10237b42c	10237b62f	decompiled	chunks/000/functions-000010.c		
10237b630	10237b6db	decompiled	chunks/000/functions-000010.c	-[SCSCPreviewLoggingServicesSaberEntryPoint setValue:forIvarName:]	
10237b6dc	10237b75b	decompiled	chunks/000/functions-000010.c	-[SCSCPreviewLoggingServicesSaberEntryPoint init]	
10237b75c	10237b78f	decompiled	chunks/000/functions-000010.c		
10237b790	10237b7e7	decompiled	chunks/000/functions-000010.c	-[SCSCPreviewLoggingServicesSaberEntryPoint .cxx_destruct]	
10237b7e8	10237b807	decompiled	chunks/000/functions-000010.c		
10237b808	10237b813	decompiled	chunks/000/functions-000010.c	-[SCSCPreviewScopedARBarServicesSaberEntryPoint beginIn]	
10237b814	10237b81f	decompiled	chunks/000/functions-000010.c	-[SCSCPreviewScopedARBarServicesSaberEntryPoint setBeginIn:]	
10237b820	10237b82b	decompiled	chunks/000/functions-000010.c	-[SCSCPreviewScopedARBarServicesSaberEntryPoint previewScopeGraphBridgeServices]	
10237b82c	10237b86f	decompiled	chunks/000/functions-000010.c		
10237b870	10237b87b	decompiled	chunks/000/functions-000010.c	-[SCSCPreviewScopedARBarServicesSaberEntryPoint setPreviewScopeGraphBridgeServices:]	
10237b87c	10237b8cf	decompiled	chunks/000/functions-000010.c		
10237b8d0	10237b917	decompiled	chunks/000/functions-000010.c	-[SCSCPreviewScopedARBarServicesSaberEntryPoint sCPreviewScopedARBarServicesExposer]	
10237b918	10237b97b	decompiled	chunks/000/functions-000010.c	-[SCSCPreviewScopedARBarServicesSaberEntryPoint setSCPreviewScopedARBarServicesExposer:]	
10237b97c	10237baff	decompiled	chunks/000/functions-000010.c		
10237bb00	10237bb27	decompiled	chunks/000/functions-000010.c	-[SCSCPreviewScopedARBarServicesSaberEntryPoint begin]	
10237bb28	10237bb6b	decompiled	chunks/000/functions-000010.c	-[SCSCPreviewScopedARBarServicesSaberEntryPoint end]	
10237bb6c	10237bd6f	decompiled	chunks/000/functions-000010.c		
10237bd70	10237be1b	decompiled	chunks/000/functions-000010.c	-[SCSCPreviewScopedARBarServicesSaberEntryPoint setValue:forIvarName:]	
10237be1c	10237be9b	decompiled	chunks/000/functions-000010.c	-[SCSCPreviewScopedARBarServicesSaberEntryPoint init]	
10237be9c	10237becf	decompiled	chunks/000/functions-000010.c		
10237bed0	10237bf27	decompiled	chunks/000/functions-000010.c	-[SCSCPreviewScopedARBarServicesSaberEntryPoint .cxx_destruct]	
10237bf28	10237bf47	decompiled	chunks/000/functions-000010.c		
10237bf48	10237bf53	decompiled	chunks/000/functions-000010.c	-[SCSCPreviewScopedLensCTAHandlingServicesSaberEntryPoint beginIn]	
10237bf54	10237bf5f	decompiled	chunks/000/functions-000010.c	-[SCSCPreviewScopedLensCTAHandlingServicesSaberEntryPoint setBeginIn:]	
10237bf60	10237bf6b	decompiled	chunks/000/functions-000010.c	-[SCSCPreviewScopedLensCTAHandlingServicesSaberEntryPoint previewScopeGraphBridgeServices]	
10237bf6c	10237bfaf	decompiled	chunks/000/functions-000010.c		
10237bfb0	10237bfbb	decompiled	chunks/000/functions-000010.c	-[SCSCPreviewScopedLensCTAHandlingServicesSaberEntryPoint setPreviewScopeGraphBridgeServices:]	
10237bfbc	10237c00f	decompiled	chunks/000/functions-000010.c		
10237c010	10237c057	decompiled	chunks/000/functions-000010.c	-[SCSCPreviewScopedLensCTAHandlingServicesSaberEntryPoint sCPreviewScopedLensCTAHandlingServicesExposer]	
10237c058	10237c0bb	decompiled	chunks/000/functions-000010.c	-[SCSCPreviewScopedLensCTAHandlingServicesSaberEntryPoint setSCPreviewScopedLensCTAHandlingServicesExposer:]	
10237c0bc	10237c23f	decompiled	chunks/000/functions-000010.c		
10237c240	10237c267	decompiled	chunks/000/functions-000010.c	-[SCSCPreviewScopedLensCTAHandlingServicesSaberEntryPoint begin]	
10237c268	10237c2ab	decompiled	chunks/000/functions-000010.c	-[SCSCPreviewScopedLensCTAHandlingServicesSaberEntryPoint end]	
10237c2ac	10237c4af	decompiled	chunks/000/functions-000010.c		
10237c4b0	10237c55b	decompiled	chunks/000/functions-000010.c	-[SCSCPreviewScopedLensCTAHandlingServicesSaberEntryPoint setValue:forIvarName:]	
10237c55c	10237c5db	decompiled	chunks/000/functions-000010.c	-[SCSCPreviewScopedLensCTAHandlingServicesSaberEntryPoint init]	
10237c5dc	10237c60f	decompiled	chunks/000/functions-000010.c		
10237c610	10237c667	decompiled	chunks/000/functions-000010.c	-[SCSCPreviewScopedLensCTAHandlingServicesSaberEntryPoint .cxx_destruct]	
10237c668	10237c687	decompiled	chunks/000/functions-000010.c		
10237c688	10237c693	decompiled	chunks/000/functions-000010.c	-[SCSCPreviewScopedLensCarouselManagementServicesSaberEntryPoint beginIn]	
10237c694	10237c69f	decompiled	chunks/000/functions-000010.c	-[SCSCPreviewScopedLensCarouselManagementServicesSaberEntryPoint setBeginIn:]	
10237c6a0	10237c6ab	decompiled	chunks/000/functions-000010.c	-[SCSCPreviewScopedLensCarouselManagementServicesSaberEntryPoint previewScopeGraphBridgeServices]	
10237c6ac	10237c6ef	decompiled	chunks/000/functions-000010.c		
10237c6f0	10237c6fb	decompiled	chunks/000/functions-000010.c	-[SCSCPreviewScopedLensCarouselManagementServicesSaberEntryPoint setPreviewScopeGraphBridgeServices:]	
10237c6fc	10237c74f	decompiled	chunks/000/functions-000010.c		
10237c750	10237c797	decompiled	chunks/000/functions-000010.c	-[SCSCPreviewScopedLensCarouselManagementServicesSaberEntryPoint sCPreviewScopedLensCarouselManagementServicesExposer]	
10237c798	10237c7fb	decompiled	chunks/000/functions-000010.c	-[SCSCPreviewScopedLensCarouselManagementServicesSaberEntryPoint setSCPreviewScopedLensCarouselManagementServicesExposer:]	
10237c7fc	10237c97f	decompiled	chunks/000/functions-000010.c		
10237c980	10237c9a7	decompiled	chunks/000/functions-000010.c	-[SCSCPreviewScopedLensCarouselManagementServicesSaberEntryPoint begin]	
10237c9a8	10237c9eb	decompiled	chunks/000/functions-000010.c	-[SCSCPreviewScopedLensCarouselManagementServicesSaberEntryPoint end]	
10237c9ec	10237cbef	decompiled	chunks/000/functions-000010.c		
10237cbf0	10237cc9b	decompiled	chunks/000/functions-000010.c	-[SCSCPreviewScopedLensCarouselManagementServicesSaberEntryPoint setValue:forIvarName:]	
10237cc9c	10237cd1b	decompiled	chunks/000/functions-000010.c	-[SCSCPreviewScopedLensCarouselManagementServicesSaberEntryPoint init]	
10237cd1c	10237cd4f	decompiled	chunks/000/functions-000010.c		
10237cd50	10237cda7	decompiled	chunks/000/functions-000010.c	-[SCSCPreviewScopedLensCarouselManagementServicesSaberEntryPoint .cxx_destruct]	
10237cda8	10237cdc7	decompiled	chunks/000/functions-000010.c		
10237cdc8	10237cdd3	decompiled	chunks/000/functions-000010.c	-[SCSCPreviewScopedMiniCameraTrayNavigationServicesSaberEntryPoint beginIn]	
10237cdd4	10237cddf	decompiled	chunks/000/functions-000010.c	-[SCSCPreviewScopedMiniCameraTrayNavigationServicesSaberEntryPoint setBeginIn:]	
10237cde0	10237cdeb	decompiled	chunks/000/functions-000010.c	-[SCSCPreviewScopedMiniCameraTrayNavigationServicesSaberEntryPoint previewScopeGraphBridgeServices]	
10237cdec	10237ce2f	decompiled	chunks/000/functions-000010.c		
10237ce30	10237ce3b	decompiled	chunks/000/functions-000010.c	-[SCSCPreviewScopedMiniCameraTrayNavigationServicesSaberEntryPoint setPreviewScopeGraphBridgeServices:]	
10237ce3c	10237ce8f	decompiled	chunks/000/functions-000010.c		
10237ce90	10237ced7	decompiled	chunks/000/functions-000010.c	-[SCSCPreviewScopedMiniCameraTrayNavigationServicesSaberEntryPoint sCPreviewScopedMiniCameraTrayNavigationServicesExposer]	
10237ced8	10237cf3b	decompiled	chunks/000/functions-000010.c	-[SCSCPreviewScopedMiniCameraTrayNavigationServicesSaberEntryPoint setSCPreviewScopedMiniCameraTrayNavigationServicesExposer:]	
10237cf3c	10237d0bf	decompiled	chunks/000/functions-000010.c		
10237d0c0	10237d0e7	decompiled	chunks/000/functions-000010.c	-[SCSCPreviewScopedMiniCameraTrayNavigationServicesSaberEntryPoint begin]	
10237d0e8	10237d12b	decompiled	chunks/000/functions-000010.c	-[SCSCPreviewScopedMiniCameraTrayNavigationServicesSaberEntryPoint end]	
10237d12c	10237d32f	decompiled	chunks/000/functions-000010.c		
10237d330	10237d3db	decompiled	chunks/000/functions-000010.c	-[SCSCPreviewScopedMiniCameraTrayNavigationServicesSaberEntryPoint setValue:forIvarName:]	
10237d3dc	10237d45b	decompiled	chunks/000/functions-000010.c	-[SCSCPreviewScopedMiniCameraTrayNavigationServicesSaberEntryPoint init]	
10237d45c	10237d48f	decompiled	chunks/000/functions-000010.c		
10237d490	10237d4e7	decompiled	chunks/000/functions-000010.c	-[SCSCPreviewScopedMiniCameraTrayNavigationServicesSaberEntryPoint .cxx_destruct]	
10237d4e8	10237d507	decompiled	chunks/000/functions-000010.c		
10237d508	10237d513	decompiled	chunks/000/functions-000010.c	-[SCSCPreviewTooltipsServicesSaberEntryPoint beginIn]	
10237d514	10237d51f	decompiled	chunks/000/functions-000010.c	-[SCSCPreviewTooltipsServicesSaberEntryPoint setBeginIn:]	
10237d520	10237d52b	decompiled	chunks/000/functions-000010.c	-[SCSCPreviewTooltipsServicesSaberEntryPoint previewScopeGraphBridgeServices]	
10237d52c	10237d56f	decompiled	chunks/000/functions-000010.c		
10237d570	10237d57b	decompiled	chunks/000/functions-000010.c	-[SCSCPreviewTooltipsServicesSaberEntryPoint setPreviewScopeGraphBridgeServices:]	
10237d57c	10237d5cf	decompiled	chunks/000/functions-000010.c		
10237d5d0	10237d617	decompiled	chunks/000/functions-000011.c	-[SCSCPreviewTooltipsServicesSaberEntryPoint sCPreviewTooltipsServicesExposer]	
10237d618	10237d67b	decompiled	chunks/000/functions-000011.c	-[SCSCPreviewTooltipsServicesSaberEntryPoint setSCPreviewTooltipsServicesExposer:]	
10237d67c	10237d7ff	decompiled	chunks/000/functions-000011.c		
10237d800	10237d827	decompiled	chunks/000/functions-000011.c	-[SCSCPreviewTooltipsServicesSaberEntryPoint begin]	
10237d828	10237d86b	decompiled	chunks/000/functions-000011.c	-[SCSCPreviewTooltipsServicesSaberEntryPoint end]	
10237d86c	10237da6f	decompiled	chunks/000/functions-000011.c		
10237da70	10237db1b	decompiled	chunks/000/functions-000011.c	-[SCSCPreviewTooltipsServicesSaberEntryPoint setValue:forIvarName:]	
10237db1c	10237db9b	decompiled	chunks/000/functions-000011.c	-[SCSCPreviewTooltipsServicesSaberEntryPoint init]	
10237db9c	10237dbcf	decompiled	chunks/000/functions-000011.c		
10237dbd0	10237dc27	decompiled	chunks/000/functions-000011.c	-[SCSCPreviewTooltipsServicesSaberEntryPoint .cxx_destruct]	
10237dc28	10237dc47	decompiled	chunks/000/functions-000011.c		
10237dc48	10237dc53	decompiled	chunks/000/functions-000011.c	-[SCSCSendFlowDependentTasksServicesSaberEntryPoint beginIn]	
10237dc54	10237dc5f	decompiled	chunks/000/functions-000011.c	-[SCSCSendFlowDependentTasksServicesSaberEntryPoint setBeginIn:]	
10237dc60	10237dc6b	decompiled	chunks/000/functions-000011.c	-[SCSCSendFlowDependentTasksServicesSaberEntryPoint previewScopeGraphBridgeServices]	
10237dc6c	10237dcaf	decompiled	chunks/000/functions-000011.c		
10237dcb0	10237dcbb	decompiled	chunks/000/functions-000011.c	-[SCSCSendFlowDependentTasksServicesSaberEntryPoint setPreviewScopeGraphBridgeServices:]	
10237dcbc	10237dd0f	decompiled	chunks/000/functions-000011.c		
10237dd10	10237dd57	decompiled	chunks/000/functions-000011.c	-[SCSCSendFlowDependentTasksServicesSaberEntryPoint sCSendFlowDependentTasksServicesExposer]	
10237dd58	10237ddbb	decompiled	chunks/000/functions-000011.c	-[SCSCSendFlowDependentTasksServicesSaberEntryPoint setSCSendFlowDependentTasksServicesExposer:]	
10237ddbc	10237df3f	decompiled	chunks/000/functions-000011.c		
10237df40	10237df67	decompiled	chunks/000/functions-000011.c	-[SCSCSendFlowDependentTasksServicesSaberEntryPoint begin]	
10237df68	10237dfab	decompiled	chunks/000/functions-000011.c	-[SCSCSendFlowDependentTasksServicesSaberEntryPoint end]	
10237dfac	10237e1af	decompiled	chunks/000/functions-000011.c		
10237e1b0	10237e25b	decompiled	chunks/000/functions-000011.c	-[SCSCSendFlowDependentTasksServicesSaberEntryPoint setValue:forIvarName:]	
10237e25c	10237e2db	decompiled	chunks/000/functions-000011.c	-[SCSCSendFlowDependentTasksServicesSaberEntryPoint init]	
10237e2dc	10237e30f	decompiled	chunks/000/functions-000011.c		
10237e310	10237e367	decompiled	chunks/000/functions-000011.c	-[SCSCSendFlowDependentTasksServicesSaberEntryPoint .cxx_destruct]	
10237e368	10237e387	decompiled	chunks/000/functions-000011.c		
10237e388	10237e393	decompiled	chunks/000/functions-000011.c	-[SCSCUcoCommandMapperServicesSaberEntryPoint beginIn]	
10237e394	10237e39f	decompiled	chunks/000/functions-000011.c	-[SCSCUcoCommandMapperServicesSaberEntryPoint setBeginIn:]	
10237e3a0	10237e3ab	decompiled	chunks/000/functions-000011.c	-[SCSCUcoCommandMapperServicesSaberEntryPoint previewScopeGraphBridgeServices]	
10237e3ac	10237e3ef	decompiled	chunks/000/functions-000011.c		
10237e3f0	10237e3fb	decompiled	chunks/000/functions-000011.c	-[SCSCUcoCommandMapperServicesSaberEntryPoint setPreviewScopeGraphBridgeServices:]	
10237e3fc	10237e44f	decompiled	chunks/000/functions-000011.c		
10237e450	10237e497	decompiled	chunks/000/functions-000011.c	-[SCSCUcoCommandMapperServicesSaberEntryPoint sCUcoCommandMapperServicesExposer]	
10237e498	10237e4fb	decompiled	chunks/000/functions-000011.c	-[SCSCUcoCommandMapperServicesSaberEntryPoint setSCUcoCommandMapperServicesExposer:]	
10237e4fc	10237e67f	decompiled	chunks/000/functions-000011.c		
10237e680	10237e6a7	decompiled	chunks/000/functions-000011.c	-[SCSCUcoCommandMapperServicesSaberEntryPoint begin]	
10237e6a8	10237e6eb	decompiled	chunks/000/functions-000011.c	-[SCSCUcoCommandMapperServicesSaberEntryPoint end]	
10237e6ec	10237e8ef	decompiled	chunks/000/functions-000011.c		
10237e8f0	10237e99b	decompiled	chunks/000/functions-000011.c	-[SCSCUcoCommandMapperServicesSaberEntryPoint setValue:forIvarName:]	
10237e99c	10237ea1b	decompiled	chunks/000/functions-000011.c	-[SCSCUcoCommandMapperServicesSaberEntryPoint init]	
10237ea1c	10237ea4f	decompiled	chunks/000/functions-000011.c		
10237ea50	10237eaa7	decompiled	chunks/000/functions-000011.c	-[SCSCUcoCommandMapperServicesSaberEntryPoint .cxx_destruct]	
10237eaa8	10237eac7	decompiled	chunks/000/functions-000011.c		
10237eac8	10237ead3	decompiled	chunks/000/functions-000011.c	-[SCSCUcoImageProcessServicesSaberEntryPoint beginIn]	
10237ead4	10237eadf	decompiled	chunks/000/functions-000011.c	-[SCSCUcoImageProcessServicesSaberEntryPoint setBeginIn:]	
10237eae0	10237eaeb	decompiled	chunks/000/functions-000011.c	-[SCSCUcoImageProcessServicesSaberEntryPoint previewScopeGraphBridgeServices]	
10237eaec	10237eb2f	decompiled	chunks/000/functions-000011.c		
10237eb30	10237eb3b	decompiled	chunks/000/functions-000011.c	-[SCSCUcoImageProcessServicesSaberEntryPoint setPreviewScopeGraphBridgeServices:]	
10237eb3c	10237eb8f	decompiled	chunks/000/functions-000011.c		
10237eb90	10237ebd7	decompiled	chunks/000/functions-000011.c	-[SCSCUcoImageProcessServicesSaberEntryPoint sCUcoImageProcessServicesExposer]	
10237ebd8	10237ec3b	decompiled	chunks/000/functions-000011.c	-[SCSCUcoImageProcessServicesSaberEntryPoint setSCUcoImageProcessServicesExposer:]	
10237ec3c	10237edbf	decompiled	chunks/000/functions-000011.c		
10237edc0	10237ede7	decompiled	chunks/000/functions-000011.c	-[SCSCUcoImageProcessServicesSaberEntryPoint begin]	
10237ede8	10237ee2b	decompiled	chunks/000/functions-000011.c	-[SCSCUcoImageProcessServicesSaberEntryPoint end]	
10237ee2c	10237f02f	decompiled	chunks/000/functions-000011.c		
10237f030	10237f0db	decompiled	chunks/000/functions-000011.c	-[SCSCUcoImageProcessServicesSaberEntryPoint setValue:forIvarName:]	
10237f0dc	10237f15b	decompiled	chunks/000/functions-000011.c	-[SCSCUcoImageProcessServicesSaberEntryPoint init]	
10237f15c	10237f18f	decompiled	chunks/000/functions-000011.c		
10237f190	10237f1e7	decompiled	chunks/000/functions-000011.c	-[SCSCUcoImageProcessServicesSaberEntryPoint .cxx_destruct]	
10237f1e8	10237f207	decompiled	chunks/000/functions-000011.c		
10237f208	10237f213	decompiled	chunks/000/functions-000011.c	-[SCSCUcoMemoriesSpectaclesServicesSaberEntryPoint beginIn]	
10237f214	10237f21f	decompiled	chunks/000/functions-000011.c	-[SCSCUcoMemoriesSpectaclesServicesSaberEntryPoint setBeginIn:]	
10237f220	10237f22b	decompiled	chunks/000/functions-000011.c	-[SCSCUcoMemoriesSpectaclesServicesSaberEntryPoint previewScopeGraphBridgeServices]	
10237f22c	10237f26f	decompiled	chunks/000/functions-000011.c		
10237f270	10237f27b	decompiled	chunks/000/functions-000011.c	-[SCSCUcoMemoriesSpectaclesServicesSaberEntryPoint setPreviewScopeGraphBridgeServices:]	
10237f27c	10237f2cf	decompiled	chunks/000/functions-000011.c		
10237f2d0	10237f317	decompiled	chunks/000/functions-000011.c	-[SCSCUcoMemoriesSpectaclesServicesSaberEntryPoint sCUcoMemoriesSpectaclesServicesExposer]	
10237f318	10237f37b	decompiled	chunks/000/functions-000011.c	-[SCSCUcoMemoriesSpectaclesServicesSaberEntryPoint setSCUcoMemoriesSpectaclesServicesExposer:]	
10237f37c	10237f4ff	decompiled	chunks/000/functions-000011.c		
10237f500	10237f527	decompiled	chunks/000/functions-000011.c	-[SCSCUcoMemoriesSpectaclesServicesSaberEntryPoint begin]	
10237f528	10237f56b	decompiled	chunks/000/functions-000011.c	-[SCSCUcoMemoriesSpectaclesServicesSaberEntryPoint end]	
10237f56c	10237f76f	decompiled	chunks/000/functions-000011.c		
10237f770	10237f81b	decompiled	chunks/000/functions-000011.c	-[SCSCUcoMemoriesSpectaclesServicesSaberEntryPoint setValue:forIvarName:]	
10237f81c	10237f89b	decompiled	chunks/000/functions-000011.c	-[SCSCUcoMemoriesSpectaclesServicesSaberEntryPoint init]	
10237f89c	10237f8cf	decompiled	chunks/000/functions-000011.c		
10237f8d0	10237f927	decompiled	chunks/000/functions-000011.c	-[SCSCUcoMemoriesSpectaclesServicesSaberEntryPoint .cxx_destruct]	
10237f928	10237f947	decompiled	chunks/000/functions-000011.c		
10237f948	10237f953	decompiled	chunks/000/functions-000011.c	-[SCSCUploadHostServicesSaberEntryPoint beginIn]	
10237f954	10237f95f	decompiled	chunks/000/functions-000011.c	-[SCSCUploadHostServicesSaberEntryPoint setBeginIn:]	
10237f960	10237f96b	decompiled	chunks/000/functions-000011.c	-[SCSCUploadHostServicesSaberEntryPoint previewScopeGraphBridgeServices]	
10237f96c	10237f9af	decompiled	chunks/000/functions-000011.c		
10237f9b0	10237f9bb	decompiled	chunks/000/functions-000011.c	-[SCSCUploadHostServicesSaberEntryPoint setPreviewScopeGraphBridgeServices:]	
10237f9bc	10237fa0f	decompiled	chunks/000/functions-000011.c		
10237fa10	10237fa57	decompiled	chunks/000/functions-000011.c	-[SCSCUploadHostServicesSaberEntryPoint sCUploadHostServicesExposer]	
10237fa58	10237fabb	decompiled	chunks/000/functions-000011.c	-[SCSCUploadHostServicesSaberEntryPoint setSCUploadHostServicesExposer:]	
10237fabc	10237fc3f	decompiled	chunks/000/functions-000011.c		
10237fc40	10237fc67	decompiled	chunks/000/functions-000011.c	-[SCSCUploadHostServicesSaberEntryPoint begin]	
10237fc68	10237fcab	decompiled	chunks/000/functions-000011.c	-[SCSCUploadHostServicesSaberEntryPoint end]	
10237fcac	10237feaf	decompiled	chunks/000/functions-000011.c		
10237feb0	10237ff5b	decompiled	chunks/000/functions-000011.c	-[SCSCUploadHostServicesSaberEntryPoint setValue:forIvarName:]	
10237ff5c	10237ffdb	decompiled	chunks/000/functions-000011.c	-[SCSCUploadHostServicesSaberEntryPoint init]	
10237ffdc	10238000f	decompiled	chunks/000/functions-000011.c		
102380010	102380067	decompiled	chunks/000/functions-000011.c	-[SCSCUploadHostServicesSaberEntryPoint .cxx_destruct]	
102380068	102380087	decompiled	chunks/000/functions-000011.c		
102380088	102380093	decompiled	chunks/000/functions-000011.c	-[SCAudioEffectsMixingServiceSaberServiceProvider beginIn]	
102380094	10238009f	decompiled	chunks/000/functions-000011.c	-[SCAudioEffectsMixingServiceSaberServiceProvider setBeginIn:]	
1023800a0	1023800ab	decompiled	chunks/000/functions-000011.c	-[SCAudioEffectsMixingServiceSaberServiceProvider previewScopeGraphBridgeServices]	
1023800ac	1023800ef	decompiled	chunks/000/functions-000011.c		
1023800f0	1023800fb	decompiled	chunks/000/functions-000012.c	-[SCAudioEffectsMixingServiceSaberServiceProvider setPreviewScopeGraphBridgeServices:]	
1023800fc	10238014f	decompiled	chunks/000/functions-000012.c		
102380150	102380363	decompiled	chunks/000/functions-000012.c		
102380364	102380397	decompiled	chunks/000/functions-000012.c	-[SCAudioEffectsMixingServiceSaberServiceProvider provide]	
102380398	1023803cb	decompiled	chunks/000/functions-000012.c	-[SCAudioEffectsMixingServiceSaberServiceProvider __safeProvide]	
1023803cc	10238040f	decompiled	chunks/000/functions-000012.c	-[SCAudioEffectsMixingServiceSaberServiceProvider end]	
102380410	1023805a7	decompiled	chunks/000/functions-000012.c		
1023805a8	102380653	decompiled	chunks/000/functions-000012.c	-[SCAudioEffectsMixingServiceSaberServiceProvider setValue:forIvarName:]	
102380654	1023806c7	decompiled	chunks/000/functions-000012.c	-[SCAudioEffectsMixingServiceSaberServiceProvider init]	
1023806c8	1023806fb	decompiled	chunks/000/functions-000012.c		
1023806fc	102380743	decompiled	chunks/000/functions-000012.c	-[SCAudioEffectsMixingServiceSaberServiceProvider .cxx_destruct]	
102380744	102380763	decompiled	chunks/000/functions-000012.c		
102380764	10238076f	decompiled	chunks/000/functions-000012.c	-[SCLensCarouselPreviewDependencyServicesSaberServiceProvider beginIn]	
102380770	10238077b	decompiled	chunks/000/functions-000012.c	-[SCLensCarouselPreviewDependencyServicesSaberServiceProvider setBeginIn:]	
10238077c	102380787	decompiled	chunks/000/functions-000012.c	-[SCLensCarouselPreviewDependencyServicesSaberServiceProvider previewScopeGraphBridgeServices]	
102380788	1023807cb	decompiled	chunks/000/functions-000012.c		
1023807cc	1023807d7	decompiled	chunks/000/functions-000012.c	-[SCLensCarouselPreviewDependencyServicesSaberServiceProvider setPreviewScopeGraphBridgeServices:]	
1023807d8	10238082b	decompiled	chunks/000/functions-000012.c		
10238082c	102380a3f	decompiled	chunks/000/functions-000012.c		
102380a40	102380a73	decompiled	chunks/000/functions-000012.c	-[SCLensCarouselPreviewDependencyServicesSaberServiceProvider provide]	
102380a74	102380aa7	decompiled	chunks/000/functions-000012.c	-[SCLensCarouselPreviewDependencyServicesSaberServiceProvider __safeProvide]	
102380aa8	102380aeb	decompiled	chunks/000/functions-000012.c	-[SCLensCarouselPreviewDependencyServicesSaberServiceProvider end]	
102380aec	102380c83	decompiled	chunks/000/functions-000012.c		
102380c84	102380d2f	decompiled	chunks/000/functions-000012.c	-[SCLensCarouselPreviewDependencyServicesSaberServiceProvider setValue:forIvarName:]	
102380d30	102380da3	decompiled	chunks/000/functions-000012.c	-[SCLensCarouselPreviewDependencyServicesSaberServiceProvider init]	
102380da4	102380dd7	decompiled	chunks/000/functions-000012.c		
102380dd8	102380e1f	decompiled	chunks/000/functions-000012.c	-[SCLensCarouselPreviewDependencyServicesSaberServiceProvider .cxx_destruct]	
102380e20	102380e3f	decompiled	chunks/000/functions-000012.c		
102380e40	102380e4b	decompiled	chunks/000/functions-000012.c	-[SCPreviewFeatureCustomojiServicesSaberServiceProvider beginIn]	
102380e4c	102380e57	decompiled	chunks/000/functions-000012.c	-[SCPreviewFeatureCustomojiServicesSaberServiceProvider setBeginIn:]	
102380e58	102380e63	decompiled	chunks/000/functions-000012.c	-[SCPreviewFeatureCustomojiServicesSaberServiceProvider previewScopeGraphBridgeServices]	
102380e64	102380ea7	decompiled	chunks/000/functions-000012.c		
102380ea8	102380eb3	decompiled	chunks/000/functions-000012.c	-[SCPreviewFeatureCustomojiServicesSaberServiceProvider setPreviewScopeGraphBridgeServices:]	
102380eb4	102380f07	decompiled	chunks/000/functions-000012.c		
102380f08	10238111b	decompiled	chunks/000/functions-000012.c		
10238111c	10238114f	decompiled	chunks/000/functions-000012.c	-[SCPreviewFeatureCustomojiServicesSaberServiceProvider provide]	
102381150	102381183	decompiled	chunks/000/functions-000012.c	-[SCPreviewFeatureCustomojiServicesSaberServiceProvider __safeProvide]	
102381184	1023811c7	decompiled	chunks/000/functions-000012.c	-[SCPreviewFeatureCustomojiServicesSaberServiceProvider end]	
1023811c8	10238135f	decompiled	chunks/000/functions-000012.c		
102381360	10238140b	decompiled	chunks/000/functions-000012.c	-[SCPreviewFeatureCustomojiServicesSaberServiceProvider setValue:forIvarName:]	
10238140c	10238147f	decompiled	chunks/000/functions-000012.c	-[SCPreviewFeatureCustomojiServicesSaberServiceProvider init]	
102381480	1023814b3	decompiled	chunks/000/functions-000012.c		
1023814b4	1023814fb	decompiled	chunks/000/functions-000012.c	-[SCPreviewFeatureCustomojiServicesSaberServiceProvider .cxx_destruct]	
1023814fc	10238151b	decompiled	chunks/000/functions-000012.c		
10238151c	102381527	decompiled	chunks/000/functions-000012.c	-[SCPreviewFeaturePlusSnapModesServicesSaberServiceProvider beginIn]	
102381528	102381533	decompiled	chunks/000/functions-000012.c	-[SCPreviewFeaturePlusSnapModesServicesSaberServiceProvider setBeginIn:]	
102381534	10238153f	decompiled	chunks/000/functions-000012.c	-[SCPreviewFeaturePlusSnapModesServicesSaberServiceProvider previewScopeGraphBridgeServices]	
102381540	102381583	decompiled	chunks/000/functions-000012.c		
102381584	10238158f	decompiled	chunks/000/functions-000012.c	-[SCPreviewFeaturePlusSnapModesServicesSaberServiceProvider setPreviewScopeGraphBridgeServices:]	
102381590	1023815e3	decompiled	chunks/000/functions-000012.c		
1023815e4	1023817f7	decompiled	chunks/000/functions-000012.c		
1023817f8	10238182b	decompiled	chunks/000/functions-000012.c	-[SCPreviewFeaturePlusSnapModesServicesSaberServiceProvider provide]	
10238182c	10238185f	decompiled	chunks/000/functions-000012.c	-[SCPreviewFeaturePlusSnapModesServicesSaberServiceProvider __safeProvide]	
102381860	1023818a3	decompiled	chunks/000/functions-000012.c	-[SCPreviewFeaturePlusSnapModesServicesSaberServiceProvider end]	
1023818a4	102381a3b	decompiled	chunks/000/functions-000012.c		
102381a3c	102381ae7	decompiled	chunks/000/functions-000012.c	-[SCPreviewFeaturePlusSnapModesServicesSaberServiceProvider setValue:forIvarName:]	
102381ae8	102381b5b	decompiled	chunks/000/functions-000012.c	-[SCPreviewFeaturePlusSnapModesServicesSaberServiceProvider init]	
102381b5c	102381b8f	decompiled	chunks/000/functions-000012.c		
102381b90	102381bd7	decompiled	chunks/000/functions-000012.c	-[SCPreviewFeaturePlusSnapModesServicesSaberServiceProvider .cxx_destruct]	
102381bd8	102381bf7	decompiled	chunks/000/functions-000012.c		
102381bf8	102381c03	decompiled	chunks/000/functions-000012.c	-[SCPreviewFeatureVideoPlaybackControlsServicesSaberServiceProvider beginIn]	
102381c04	102381c0f	decompiled	chunks/000/functions-000012.c	-[SCPreviewFeatureVideoPlaybackControlsServicesSaberServiceProvider setBeginIn:]	
102381c10	102381c1b	decompiled	chunks/000/functions-000012.c	-[SCPreviewFeatureVideoPlaybackControlsServicesSaberServiceProvider previewScopeGraphBridgeServices]	
102381c1c	102381c5f	decompiled	chunks/000/functions-000012.c		
102381c60	102381c6b	decompiled	chunks/000/functions-000012.c	-[SCPreviewFeatureVideoPlaybackControlsServicesSaberServiceProvider setPreviewScopeGraphBridgeServices:]	
102381c6c	102381cbf	decompiled	chunks/000/functions-000012.c		
102381cc0	102381ed3	decompiled	chunks/000/functions-000012.c		
102381ed4	102381f07	decompiled	chunks/000/functions-000012.c	-[SCPreviewFeatureVideoPlaybackControlsServicesSaberServiceProvider provide]	
102381f08	102381f3b	decompiled	chunks/000/functions-000012.c	-[SCPreviewFeatureVideoPlaybackControlsServicesSaberServiceProvider __safeProvide]	
102381f3c	102381f7f	decompiled	chunks/000/functions-000012.c	-[SCPreviewFeatureVideoPlaybackControlsServicesSaberServiceProvider end]	
102381f80	102382117	decompiled	chunks/000/functions-000012.c		
102382118	1023821c3	decompiled	chunks/000/functions-000012.c	-[SCPreviewFeatureVideoPlaybackControlsServicesSaberServiceProvider setValue:forIvarName:]	
1023821c4	102382237	decompiled	chunks/000/functions-000012.c	-[SCPreviewFeatureVideoPlaybackControlsServicesSaberServiceProvider init]	
102382238	10238226b	decompiled	chunks/000/functions-000012.c		
10238226c	1023822b3	decompiled	chunks/000/functions-000012.c	-[SCPreviewFeatureVideoPlaybackControlsServicesSaberServiceProvider .cxx_destruct]	
1023822b4	1023822d3	decompiled	chunks/000/functions-000012.c		
1023822d4	1023822df	decompiled	chunks/000/functions-000012.c	-[SCPreviewFilterControllingServicesSaberServiceProvider beginIn]	
1023822e0	1023822eb	decompiled	chunks/000/functions-000012.c	-[SCPreviewFilterControllingServicesSaberServiceProvider setBeginIn:]	
1023822ec	1023822f7	decompiled	chunks/000/functions-000012.c	-[SCPreviewFilterControllingServicesSaberServiceProvider previewScopeGraphBridgeServices]	
1023822f8	10238233b	decompiled	chunks/000/functions-000012.c		
10238233c	102382347	decompiled	chunks/000/functions-000012.c	-[SCPreviewFilterControllingServicesSaberServiceProvider setPreviewScopeGraphBridgeServices:]	
102382348	10238239b	decompiled	chunks/000/functions-000012.c		
10238239c	1023825af	decompiled	chunks/000/functions-000012.c		
1023825b0	1023825e3	decompiled	chunks/000/functions-000012.c	-[SCPreviewFilterControllingServicesSaberServiceProvider provide]	
1023825e4	102382617	decompiled	chunks/000/functions-000012.c	-[SCPreviewFilterControllingServicesSaberServiceProvider __safeProvide]	
102382618	10238265b	decompiled	chunks/000/functions-000012.c	-[SCPreviewFilterControllingServicesSaberServiceProvider end]	
10238265c	1023827f3	decompiled	chunks/000/functions-000012.c		
1023827f4	10238289f	decompiled	chunks/000/functions-000012.c	-[SCPreviewFilterControllingServicesSaberServiceProvider setValue:forIvarName:]	
1023828a0	102382913	decompiled	chunks/000/functions-000012.c	-[SCPreviewFilterControllingServicesSaberServiceProvider init]	
102382914	102382947	decompiled	chunks/000/functions-000012.c		
102382948	10238298f	decompiled	chunks/000/functions-000012.c	-[SCPreviewFilterControllingServicesSaberServiceProvider .cxx_destruct]	
102382990	1023829af	decompiled	chunks/000/functions-000012.c		
1023829b0	1023829bb	decompiled	chunks/000/functions-000012.c	-[SCPreviewFilterDataServicesSaberServiceProvider beginIn]	
1023829bc	1023829c7	decompiled	chunks/000/functions-000012.c	-[SCPreviewFilterDataServicesSaberServiceProvider setBeginIn:]	
1023829c8	1023829d3	decompiled	chunks/000/functions-000012.c	-[SCPreviewFilterDataServicesSaberServiceProvider previewScopeGraphBridgeServices]	
1023829d4	102382a17	decompiled	chunks/000/functions-000012.c		
102382a18	102382a23	decompiled	chunks/000/functions-000012.c	-[SCPreviewFilterDataServicesSaberServiceProvider setPreviewScopeGraphBridgeServices:]	
102382a24	102382a77	decompiled	chunks/000/functions-000012.c		
102382a78	102382c8b	decompiled	chunks/000/functions-000012.c		
102382c8c	102382cbf	decompiled	chunks/000/functions-000012.c	-[SCPreviewFilterDataServicesSaberServiceProvider provide]	
102382cc0	102382cf3	decompiled	chunks/000/functions-000013.c	-[SCPreviewFilterDataServicesSaberServiceProvider __safeProvide]	
102382cf4	102382d37	decompiled	chunks/000/functions-000013.c	-[SCPreviewFilterDataServicesSaberServiceProvider end]	
102382d38	102382ecf	decompiled	chunks/000/functions-000013.c		
102382ed0	102382f7b	decompiled	chunks/000/functions-000013.c	-[SCPreviewFilterDataServicesSaberServiceProvider setValue:forIvarName:]	
102382f7c	102382fef	decompiled	chunks/000/functions-000013.c	-[SCPreviewFilterDataServicesSaberServiceProvider init]	
102382ff0	102383023	decompiled	chunks/000/functions-000013.c		
102383024	10238306b	decompiled	chunks/000/functions-000013.c	-[SCPreviewFilterDataServicesSaberServiceProvider .cxx_destruct]	
10238306c	10238308b	decompiled	chunks/000/functions-000013.c		
10238308c	102383097	decompiled	chunks/000/functions-000013.c	-[SCPreviewFilterProcessingServicesSaberServiceProvider beginIn]	
102383098	1023830a3	decompiled	chunks/000/functions-000013.c	-[SCPreviewFilterProcessingServicesSaberServiceProvider setBeginIn:]	
1023830a4	1023830af	decompiled	chunks/000/functions-000013.c	-[SCPreviewFilterProcessingServicesSaberServiceProvider previewScopeGraphBridgeServices]	
1023830b0	1023830f3	decompiled	chunks/000/functions-000013.c		
1023830f4	1023830ff	decompiled	chunks/000/functions-000013.c	-[SCPreviewFilterProcessingServicesSaberServiceProvider setPreviewScopeGraphBridgeServices:]	
102383100	102383153	decompiled	chunks/000/functions-000013.c		
102383154	102383367	decompiled	chunks/000/functions-000013.c		
102383368	10238339b	decompiled	chunks/000/functions-000013.c	-[SCPreviewFilterProcessingServicesSaberServiceProvider provide]	
10238339c	1023833cf	decompiled	chunks/000/functions-000013.c	-[SCPreviewFilterProcessingServicesSaberServiceProvider __safeProvide]	
1023833d0	102383413	decompiled	chunks/000/functions-000013.c	-[SCPreviewFilterProcessingServicesSaberServiceProvider end]	
102383414	1023835ab	decompiled	chunks/000/functions-000013.c		
1023835ac	102383657	decompiled	chunks/000/functions-000013.c	-[SCPreviewFilterProcessingServicesSaberServiceProvider setValue:forIvarName:]	
102383658	1023836cb	decompiled	chunks/000/functions-000013.c	-[SCPreviewFilterProcessingServicesSaberServiceProvider init]	
1023836cc	1023836ff	decompiled	chunks/000/functions-000013.c		
102383700	102383747	decompiled	chunks/000/functions-000013.c	-[SCPreviewFilterProcessingServicesSaberServiceProvider .cxx_destruct]	
102383748	102383767	decompiled	chunks/000/functions-000013.c		
102383768	102383773	decompiled	chunks/000/functions-000013.c	-[SCPreviewFilterUIServicesSaberServiceProvider beginIn]	
102383774	10238377f	decompiled	chunks/000/functions-000013.c	-[SCPreviewFilterUIServicesSaberServiceProvider setBeginIn:]	
102383780	10238378b	decompiled	chunks/000/functions-000013.c	-[SCPreviewFilterUIServicesSaberServiceProvider previewScopeGraphBridgeServices]	
10238378c	1023837cf	decompiled	chunks/000/functions-000013.c		
1023837d0	1023837db	decompiled	chunks/000/functions-000013.c	-[SCPreviewFilterUIServicesSaberServiceProvider setPreviewScopeGraphBridgeServices:]	
1023837dc	10238382f	decompiled	chunks/000/functions-000013.c		
102383830	102383a43	decompiled	chunks/000/functions-000013.c		
102383a44	102383a77	decompiled	chunks/000/functions-000013.c	-[SCPreviewFilterUIServicesSaberServiceProvider provide]	
102383a78	102383aab	decompiled	chunks/000/functions-000013.c	-[SCPreviewFilterUIServicesSaberServiceProvider __safeProvide]	
102383aac	102383aef	decompiled	chunks/000/functions-000013.c	-[SCPreviewFilterUIServicesSaberServiceProvider end]	
102383af0	102383c87	decompiled	chunks/000/functions-000013.c		
102383c88	102383d33	decompiled	chunks/000/functions-000013.c	-[SCPreviewFilterUIServicesSaberServiceProvider setValue:forIvarName:]	
102383d34	102383da7	decompiled	chunks/000/functions-000013.c	-[SCPreviewFilterUIServicesSaberServiceProvider init]	
102383da8	102383ddb	decompiled	chunks/000/functions-000013.c		
102383ddc	102383e23	decompiled	chunks/000/functions-000013.c	-[SCPreviewFilterUIServicesSaberServiceProvider .cxx_destruct]	
102383e24	102383e43	decompiled	chunks/000/functions-000013.c		
102383e44	102383e4f	decompiled	chunks/000/functions-000013.c	-[SCPreviewFiltersLegacyControllerSaberServiceProvider beginIn]	
102383e50	102383e5b	decompiled	chunks/000/functions-000013.c	-[SCPreviewFiltersLegacyControllerSaberServiceProvider setBeginIn:]	
102383e5c	102383e67	decompiled	chunks/000/functions-000013.c	-[SCPreviewFiltersLegacyControllerSaberServiceProvider previewScopeGraphBridgeServices]	
102383e68	102383eab	decompiled	chunks/000/functions-000013.c		
102383eac	102383eb7	decompiled	chunks/000/functions-000013.c	-[SCPreviewFiltersLegacyControllerSaberServiceProvider setPreviewScopeGraphBridgeServices:]	
102383eb8	102383f0b	decompiled	chunks/000/functions-000013.c		
102383f0c	10238411f	decompiled	chunks/000/functions-000013.c		
102384120	102384153	decompiled	chunks/000/functions-000013.c	-[SCPreviewFiltersLegacyControllerSaberServiceProvider provide]	
102384154	102384187	decompiled	chunks/000/functions-000013.c	-[SCPreviewFiltersLegacyControllerSaberServiceProvider __safeProvide]	
102384188	1023841cb	decompiled	chunks/000/functions-000013.c	-[SCPreviewFiltersLegacyControllerSaberServiceProvider end]	
1023841cc	102384363	decompiled	chunks/000/functions-000013.c		
102384364	10238440f	decompiled	chunks/000/functions-000013.c	-[SCPreviewFiltersLegacyControllerSaberServiceProvider setValue:forIvarName:]	
102384410	102384483	decompiled	chunks/000/functions-000013.c	-[SCPreviewFiltersLegacyControllerSaberServiceProvider init]	
102384484	1023844b7	decompiled	chunks/000/functions-000013.c		
1023844b8	1023844ff	decompiled	chunks/000/functions-000013.c	-[SCPreviewFiltersLegacyControllerSaberServiceProvider .cxx_destruct]	
102384500	10238451f	decompiled	chunks/000/functions-000013.c		
102384520	10238452b	decompiled	chunks/000/functions-000013.c	-[SCPreviewMediaPlaybackServicesSaberServiceProvider beginIn]	
10238452c	102384537	decompiled	chunks/000/functions-000013.c	-[SCPreviewMediaPlaybackServicesSaberServiceProvider setBeginIn:]	
102384538	102384543	decompiled	chunks/000/functions-000013.c	-[SCPreviewMediaPlaybackServicesSaberServiceProvider previewScopeGraphBridgeServices]	
102384544	102384587	decompiled	chunks/000/functions-000013.c		
102384588	102384593	decompiled	chunks/000/functions-000013.c	-[SCPreviewMediaPlaybackServicesSaberServiceProvider setPreviewScopeGraphBridgeServices:]	
102384594	1023845e7	decompiled	chunks/000/functions-000013.c		
1023845e8	1023847fb	decompiled	chunks/000/functions-000013.c		
1023847fc	10238482f	decompiled	chunks/000/functions-000013.c	-[SCPreviewMediaPlaybackServicesSaberServiceProvider provide]	
102384830	102384863	decompiled	chunks/000/functions-000013.c	-[SCPreviewMediaPlaybackServicesSaberServiceProvider __safeProvide]	
102384864	1023848a7	decompiled	chunks/000/functions-000013.c	-[SCPreviewMediaPlaybackServicesSaberServiceProvider end]	
1023848a8	102384a3f	decompiled	chunks/000/functions-000013.c		
102384a40	102384aeb	decompiled	chunks/000/functions-000013.c	-[SCPreviewMediaPlaybackServicesSaberServiceProvider setValue:forIvarName:]	
102384aec	102384b5f	decompiled	chunks/000/functions-000013.c	-[SCPreviewMediaPlaybackServicesSaberServiceProvider init]	
102384b60	102384b93	decompiled	chunks/000/functions-000013.c		
102384b94	102384bdb	decompiled	chunks/000/functions-000013.c	-[SCPreviewMediaPlaybackServicesSaberServiceProvider .cxx_destruct]	
102384bdc	102384bfb	decompiled	chunks/000/functions-000013.c		
102384bfc	102384c07	decompiled	chunks/000/functions-000013.c	-[SCPreviewToolLensControllerSaberServiceProvider beginIn]	
102384c08	102384c13	decompiled	chunks/000/functions-000013.c	-[SCPreviewToolLensControllerSaberServiceProvider setBeginIn:]	
102384c14	102384c1f	decompiled	chunks/000/functions-000013.c	-[SCPreviewToolLensControllerSaberServiceProvider previewScopeGraphBridgeServices]	
102384c20	102384c63	decompiled	chunks/000/functions-000013.c		
102384c64	102384c6f	decompiled	chunks/000/functions-000013.c	-[SCPreviewToolLensControllerSaberServiceProvider setPreviewScopeGraphBridgeServices:]	
102384c70	102384cc3	decompiled	chunks/000/functions-000013.c		
102384cc4	102384ed7	decompiled	chunks/000/functions-000013.c		
102384ed8	102384f0b	decompiled	chunks/000/functions-000013.c	-[SCPreviewToolLensControllerSaberServiceProvider provide]	
102384f0c	102384f3f	decompiled	chunks/000/functions-000013.c	-[SCPreviewToolLensControllerSaberServiceProvider __safeProvide]	
102384f40	102384f83	decompiled	chunks/000/functions-000013.c	-[SCPreviewToolLensControllerSaberServiceProvider end]	
102384f84	10238511b	decompiled	chunks/000/functions-000013.c		
10238511c	1023851c7	decompiled	chunks/000/functions-000013.c	-[SCPreviewToolLensControllerSaberServiceProvider setValue:forIvarName:]	
1023851c8	10238523b	decompiled	chunks/000/functions-000013.c	-[SCPreviewToolLensControllerSaberServiceProvider init]	
10238523c	10238526f	decompiled	chunks/000/functions-000013.c		
102385270	1023852b7	decompiled	chunks/000/functions-000013.c	-[SCPreviewToolLensControllerSaberServiceProvider .cxx_destruct]	
1023852b8	1023852d7	decompiled	chunks/000/functions-000013.c		
1023852d8	1023852e3	decompiled	chunks/000/functions-000013.c	-[SCSCCameraPlaybackLoggerServicesSaberServiceProvider beginIn]	
1023852e4	1023852ef	decompiled	chunks/000/functions-000013.c	-[SCSCCameraPlaybackLoggerServicesSaberServiceProvider setBeginIn:]	
1023852f0	1023852fb	decompiled	chunks/000/functions-000013.c	-[SCSCCameraPlaybackLoggerServicesSaberServiceProvider previewScopeGraphBridgeServices]	
1023852fc	10238533f	decompiled	chunks/000/functions-000013.c		
102385340	10238534b	decompiled	chunks/000/functions-000013.c	-[SCSCCameraPlaybackLoggerServicesSaberServiceProvider setPreviewScopeGraphBridgeServices:]	
10238534c	10238539f	decompiled	chunks/000/functions-000013.c		
1023853a0	1023855b3	decompiled	chunks/000/functions-000013.c		
1023855b4	1023855e7	decompiled	chunks/000/functions-000013.c	-[SCSCCameraPlaybackLoggerServicesSaberServiceProvider provide]	
1023855e8	10238561b	decompiled	chunks/000/functions-000013.c	-[SCSCCameraPlaybackLoggerServicesSaberServiceProvider __safeProvide]	
10238561c	10238565f	decompiled	chunks/000/functions-000013.c	-[SCSCCameraPlaybackLoggerServicesSaberServiceProvider end]	
102385660	1023857f7	decompiled	chunks/000/functions-000013.c		
1023857f8	1023858a3	decompiled	chunks/000/functions-000013.c	-[SCSCCameraPlaybackLoggerServicesSaberServiceProvider setValue:forIvarName:]	
1023858a4	102385917	decompiled	chunks/000/functions-000014.c	-[SCSCCameraPlaybackLoggerServicesSaberServiceProvider init]	
102385918	10238594b	decompiled	chunks/000/functions-000014.c		
10238594c	102385993	decompiled	chunks/000/functions-000014.c	-[SCSCCameraPlaybackLoggerServicesSaberServiceProvider .cxx_destruct]	
102385994	1023859b3	decompiled	chunks/000/functions-000014.c		
1023859b4	1023859bf	decompiled	chunks/000/functions-000014.c	-[SCSCCreativeExpressionsManagerServicesSaberServiceProvider beginIn]	
1023859c0	1023859cb	decompiled	chunks/000/functions-000014.c	-[SCSCCreativeExpressionsManagerServicesSaberServiceProvider setBeginIn:]	
1023859cc	1023859d7	decompiled	chunks/000/functions-000014.c	-[SCSCCreativeExpressionsManagerServicesSaberServiceProvider previewScopeGraphBridgeServices]	
1023859d8	102385a1b	decompiled	chunks/000/functions-000014.c		
102385a1c	102385a27	decompiled	chunks/000/functions-000014.c	-[SCSCCreativeExpressionsManagerServicesSaberServiceProvider setPreviewScopeGraphBridgeServices:]	
102385a28	102385a7b	decompiled	chunks/000/functions-000014.c		
102385a7c	102385c8f	decompiled	chunks/000/functions-000014.c		
102385c90	102385cc3	decompiled	chunks/000/functions-000014.c	-[SCSCCreativeExpressionsManagerServicesSaberServiceProvider provide]	
102385cc4	102385cf7	decompiled	chunks/000/functions-000014.c	-[SCSCCreativeExpressionsManagerServicesSaberServiceProvider __safeProvide]	
102385cf8	102385d3b	decompiled	chunks/000/functions-000014.c	-[SCSCCreativeExpressionsManagerServicesSaberServiceProvider end]	
102385d3c	102385ed3	decompiled	chunks/000/functions-000014.c		
102385ed4	102385f7f	decompiled	chunks/000/functions-000014.c	-[SCSCCreativeExpressionsManagerServicesSaberServiceProvider setValue:forIvarName:]	
102385f80	102385ff3	decompiled	chunks/000/functions-000014.c	-[SCSCCreativeExpressionsManagerServicesSaberServiceProvider init]	
102385ff4	102386027	decompiled	chunks/000/functions-000014.c		
102386028	10238606f	decompiled	chunks/000/functions-000014.c	-[SCSCCreativeExpressionsManagerServicesSaberServiceProvider .cxx_destruct]	
102386070	10238608f	decompiled	chunks/000/functions-000014.c		
102386090	10238609b	decompiled	chunks/000/functions-000014.c	-[SCSCCreativeToolsHintManagerServicesSaberServiceProvider beginIn]	
10238609c	1023860a7	decompiled	chunks/000/functions-000014.c	-[SCSCCreativeToolsHintManagerServicesSaberServiceProvider setBeginIn:]	
1023860a8	1023860b3	decompiled	chunks/000/functions-000014.c	-[SCSCCreativeToolsHintManagerServicesSaberServiceProvider previewScopeGraphBridgeServices]	
1023860b4	1023860f7	decompiled	chunks/000/functions-000014.c		
1023860f8	102386103	decompiled	chunks/000/functions-000014.c	-[SCSCCreativeToolsHintManagerServicesSaberServiceProvider setPreviewScopeGraphBridgeServices:]	
102386104	102386157	decompiled	chunks/000/functions-000014.c		
102386158	10238636b	decompiled	chunks/000/functions-000014.c		
10238636c	10238639f	decompiled	chunks/000/functions-000014.c	-[SCSCCreativeToolsHintManagerServicesSaberServiceProvider provide]	
1023863a0	1023863d3	decompiled	chunks/000/functions-000014.c	-[SCSCCreativeToolsHintManagerServicesSaberServiceProvider __safeProvide]	
1023863d4	102386417	decompiled	chunks/000/functions-000014.c	-[SCSCCreativeToolsHintManagerServicesSaberServiceProvider end]	
102386418	1023865af	decompiled	chunks/000/functions-000014.c		
1023865b0	10238665b	decompiled	chunks/000/functions-000014.c	-[SCSCCreativeToolsHintManagerServicesSaberServiceProvider setValue:forIvarName:]	
10238665c	1023866cf	decompiled	chunks/000/functions-000014.c	-[SCSCCreativeToolsHintManagerServicesSaberServiceProvider init]	
1023866d0	102386703	decompiled	chunks/000/functions-000014.c		
102386704	10238674b	decompiled	chunks/000/functions-000014.c	-[SCSCCreativeToolsHintManagerServicesSaberServiceProvider .cxx_destruct]	
10238674c	10238676b	decompiled	chunks/000/functions-000014.c		
10238676c	102386777	decompiled	chunks/000/functions-000014.c	-[SCSCPreviewContentRecognitionServiceSaberServiceProvider beginIn]	
102386778	102386783	decompiled	chunks/000/functions-000014.c	-[SCSCPreviewContentRecognitionServiceSaberServiceProvider setBeginIn:]	
102386784	10238678f	decompiled	chunks/000/functions-000014.c	-[SCSCPreviewContentRecognitionServiceSaberServiceProvider previewScopeGraphBridgeServices]	
102386790	1023867d3	decompiled	chunks/000/functions-000014.c		
1023867d4	1023867df	decompiled	chunks/000/functions-000014.c	-[SCSCPreviewContentRecognitionServiceSaberServiceProvider setPreviewScopeGraphBridgeServices:]	
1023867e0	102386833	decompiled	chunks/000/functions-000014.c		
102386834	102386a47	decompiled	chunks/000/functions-000014.c		
102386a48	102386a7b	decompiled	chunks/000/functions-000014.c	-[SCSCPreviewContentRecognitionServiceSaberServiceProvider provide]	
102386a7c	102386aaf	decompiled	chunks/000/functions-000014.c	-[SCSCPreviewContentRecognitionServiceSaberServiceProvider __safeProvide]	
102386ab0	102386af3	decompiled	chunks/000/functions-000014.c	-[SCSCPreviewContentRecognitionServiceSaberServiceProvider end]	
102386af4	102386c8b	decompiled	chunks/000/functions-000014.c		
102386c8c	102386d37	decompiled	chunks/000/functions-000014.c	-[SCSCPreviewContentRecognitionServiceSaberServiceProvider setValue:forIvarName:]	
102386d38	102386dab	decompiled	chunks/000/functions-000014.c	-[SCSCPreviewContentRecognitionServiceSaberServiceProvider init]	
102386dac	102386ddf	decompiled	chunks/000/functions-000014.c		
102386de0	102386e27	decompiled	chunks/000/functions-000014.c	-[SCSCPreviewContentRecognitionServiceSaberServiceProvider .cxx_destruct]	
102386e28	102386e47	decompiled	chunks/000/functions-000014.c		
102386e48	102386e53	decompiled	chunks/000/functions-000014.c	-[SCSCPreviewFeatureAlignmentServicesSaberServiceProvider beginIn]	
102386e54	102386e5f	decompiled	chunks/000/functions-000014.c	-[SCSCPreviewFeatureAlignmentServicesSaberServiceProvider setBeginIn:]	
102386e60	102386e6b	decompiled	chunks/000/functions-000014.c	-[SCSCPreviewFeatureAlignmentServicesSaberServiceProvider previewScopeGraphBridgeServices]	
102386e6c	102386eaf	decompiled	chunks/000/functions-000014.c		
102386eb0	102386ebb	decompiled	chunks/000/functions-000014.c	-[SCSCPreviewFeatureAlignmentServicesSaberServiceProvider setPreviewScopeGraphBridgeServices:]	
102386ebc	102386f0f	decompiled	chunks/000/functions-000014.c		
102386f10	102387123	decompiled	chunks/000/functions-000014.c		
102387124	102387157	decompiled	chunks/000/functions-000014.c	-[SCSCPreviewFeatureAlignmentServicesSaberServiceProvider provide]	
102387158	10238718b	decompiled	chunks/000/functions-000014.c	-[SCSCPreviewFeatureAlignmentServicesSaberServiceProvider __safeProvide]	
10238718c	1023871cf	decompiled	chunks/000/functions-000014.c	-[SCSCPreviewFeatureAlignmentServicesSaberServiceProvider end]	
1023871d0	102387367	decompiled	chunks/000/functions-000014.c		
102387368	102387413	decompiled	chunks/000/functions-000014.c	-[SCSCPreviewFeatureAlignmentServicesSaberServiceProvider setValue:forIvarName:]	
102387414	102387487	decompiled	chunks/000/functions-000014.c	-[SCSCPreviewFeatureAlignmentServicesSaberServiceProvider init]	
102387488	1023874bb	decompiled	chunks/000/functions-000014.c		
1023874bc	102387503	decompiled	chunks/000/functions-000014.c	-[SCSCPreviewFeatureAlignmentServicesSaberServiceProvider .cxx_destruct]	
102387504	102387523	decompiled	chunks/000/functions-000014.c		
102387524	10238752f	decompiled	chunks/000/functions-000014.c	-[SCSCPreviewFeatureAttachmentStickerServicesSaberServiceProvider beginIn]	
102387530	10238753b	decompiled	chunks/000/functions-000014.c	-[SCSCPreviewFeatureAttachmentStickerServicesSaberServiceProvider setBeginIn:]	
10238753c	102387547	decompiled	chunks/000/functions-000014.c	-[SCSCPreviewFeatureAttachmentStickerServicesSaberServiceProvider previewScopeGraphBridgeServices]	
102387548	10238758b	decompiled	chunks/000/functions-000014.c		
10238758c	102387597	decompiled	chunks/000/functions-000014.c	-[SCSCPreviewFeatureAttachmentStickerServicesSaberServiceProvider setPreviewScopeGraphBridgeServices:]	
102387598	1023875eb	decompiled	chunks/000/functions-000014.c		
1023875ec	1023877ff	decompiled	chunks/000/functions-000014.c		
102387800	102387833	decompiled	chunks/000/functions-000014.c	-[SCSCPreviewFeatureAttachmentStickerServicesSaberServiceProvider provide]	
102387834	102387867	decompiled	chunks/000/functions-000014.c	-[SCSCPreviewFeatureAttachmentStickerServicesSaberServiceProvider __safeProvide]	
102387868	1023878ab	decompiled	chunks/000/functions-000014.c	-[SCSCPreviewFeatureAttachmentStickerServicesSaberServiceProvider end]	
1023878ac	102387a43	decompiled	chunks/000/functions-000014.c		
102387a44	102387aef	decompiled	chunks/000/functions-000014.c	-[SCSCPreviewFeatureAttachmentStickerServicesSaberServiceProvider setValue:forIvarName:]	
102387af0	102387b63	decompiled	chunks/000/functions-000014.c	-[SCSCPreviewFeatureAttachmentStickerServicesSaberServiceProvider init]	
102387b64	102387b97	decompiled	chunks/000/functions-000014.c		
102387b98	102387bdf	decompiled	chunks/000/functions-000014.c	-[SCSCPreviewFeatureAttachmentStickerServicesSaberServiceProvider .cxx_destruct]	
102387be0	102387bff	decompiled	chunks/000/functions-000014.c		
102387c00	102387c0b	decompiled	chunks/000/functions-000014.c	-[SCSCPreviewFeatureAudioEffectsServicesSaberServiceProvider beginIn]	
102387c0c	102387c17	decompiled	chunks/000/functions-000014.c	-[SCSCPreviewFeatureAudioEffectsServicesSaberServiceProvider setBeginIn:]	
102387c18	102387c23	decompiled	chunks/000/functions-000014.c	-[SCSCPreviewFeatureAudioEffectsServicesSaberServiceProvider previewScopeGraphBridgeServices]	
102387c24	102387c67	decompiled	chunks/000/functions-000014.c		
102387c68	102387c73	decompiled	chunks/000/functions-000014.c	-[SCSCPreviewFeatureAudioEffectsServicesSaberServiceProvider setPreviewScopeGraphBridgeServices:]	
102387c74	102387cc7	decompiled	chunks/000/functions-000014.c		
102387cc8	102387edb	decompiled	chunks/000/functions-000014.c		
102387edc	102387f0f	decompiled	chunks/000/functions-000014.c	-[SCSCPreviewFeatureAudioEffectsServicesSaberServiceProvider provide]	
102387f10	102387f43	decompiled	chunks/000/functions-000014.c	-[SCSCPreviewFeatureAudioEffectsServicesSaberServiceProvider __safeProvide]	
102387f44	102387f87	decompiled	chunks/000/functions-000014.c	-[SCSCPreviewFeatureAudioEffectsServicesSaberServiceProvider end]	
102387f88	10238811f	decompiled	chunks/000/functions-000014.c		
102388120	1023881cb	decompiled	chunks/000/functions-000014.c	-[SCSCPreviewFeatureAudioEffectsServicesSaberServiceProvider setValue:forIvarName:]	
1023881cc	10238823f	decompiled	chunks/000/functions-000014.c	-[SCSCPreviewFeatureAudioEffectsServicesSaberServiceProvider init]	
102388240	102388273	decompiled	chunks/000/functions-000014.c		
102388274	1023882bb	decompiled	chunks/000/functions-000014.c	-[SCSCPreviewFeatureAudioEffectsServicesSaberServiceProvider .cxx_destruct]	
1023882bc	1023882db	decompiled	chunks/000/functions-000014.c		
1023882dc	1023882e7	decompiled	chunks/000/functions-000015.c	-[SCSCPreviewFeatureAutoCaptionsServicesSaberServiceProvider beginIn]	
1023882e8	1023882f3	decompiled	chunks/000/functions-000015.c	-[SCSCPreviewFeatureAutoCaptionsServicesSaberServiceProvider setBeginIn:]	
1023882f4	1023882ff	decompiled	chunks/000/functions-000015.c	-[SCSCPreviewFeatureAutoCaptionsServicesSaberServiceProvider previewScopeGraphBridgeServices]	
102388300	102388343	decompiled	chunks/000/functions-000015.c		
102388344	10238834f	decompiled	chunks/000/functions-000015.c	-[SCSCPreviewFeatureAutoCaptionsServicesSaberServiceProvider setPreviewScopeGraphBridgeServices:]	
102388350	1023883a3	decompiled	chunks/000/functions-000015.c		
1023883a4	1023885b7	decompiled	chunks/000/functions-000015.c		
1023885b8	1023885eb	decompiled	chunks/000/functions-000015.c	-[SCSCPreviewFeatureAutoCaptionsServicesSaberServiceProvider provide]	
1023885ec	10238861f	decompiled	chunks/000/functions-000015.c	-[SCSCPreviewFeatureAutoCaptionsServicesSaberServiceProvider __safeProvide]	
102388620	102388663	decompiled	chunks/000/functions-000015.c	-[SCSCPreviewFeatureAutoCaptionsServicesSaberServiceProvider end]	
102388664	1023887fb	decompiled	chunks/000/functions-000015.c		
1023887fc	1023888a7	decompiled	chunks/000/functions-000015.c	-[SCSCPreviewFeatureAutoCaptionsServicesSaberServiceProvider setValue:forIvarName:]	
1023888a8	10238891b	decompiled	chunks/000/functions-000015.c	-[SCSCPreviewFeatureAutoCaptionsServicesSaberServiceProvider init]	
10238891c	10238894f	decompiled	chunks/000/functions-000015.c		
102388950	102388997	decompiled	chunks/000/functions-000015.c	-[SCSCPreviewFeatureAutoCaptionsServicesSaberServiceProvider .cxx_destruct]	
102388998	1023889b7	decompiled	chunks/000/functions-000015.c		
1023889b8	1023889c3	decompiled	chunks/000/functions-000015.c	-[SCSCPreviewFeatureAutoCreativeTooltipServicesSaberServiceProvider beginIn]	
1023889c4	1023889cf	decompiled	chunks/000/functions-000015.c	-[SCSCPreviewFeatureAutoCreativeTooltipServicesSaberServiceProvider setBeginIn:]	
1023889d0	1023889db	decompiled	chunks/000/functions-000015.c	-[SCSCPreviewFeatureAutoCreativeTooltipServicesSaberServiceProvider previewScopeGraphBridgeServices]	
1023889dc	102388a1f	decompiled	chunks/000/functions-000015.c		
102388a20	102388a2b	decompiled	chunks/000/functions-000015.c	-[SCSCPreviewFeatureAutoCreativeTooltipServicesSaberServiceProvider setPreviewScopeGraphBridgeServices:]	
102388a2c	102388a7f	decompiled	chunks/000/functions-000015.c		
102388a80	102388c93	decompiled	chunks/000/functions-000015.c		
102388c94	102388cc7	decompiled	chunks/000/functions-000015.c	-[SCSCPreviewFeatureAutoCreativeTooltipServicesSaberServiceProvider provide]	
102388cc8	102388cfb	decompiled	chunks/000/functions-000015.c	-[SCSCPreviewFeatureAutoCreativeTooltipServicesSaberServiceProvider __safeProvide]	
102388cfc	102388d3f	decompiled	chunks/000/functions-000015.c	-[SCSCPreviewFeatureAutoCreativeTooltipServicesSaberServiceProvider end]	
102388d40	102388ed7	decompiled	chunks/000/functions-000015.c		
102388ed8	102388f83	decompiled	chunks/000/functions-000015.c	-[SCSCPreviewFeatureAutoCreativeTooltipServicesSaberServiceProvider setValue:forIvarName:]	
102388f84	102388ff7	decompiled	chunks/000/functions-000015.c	-[SCSCPreviewFeatureAutoCreativeTooltipServicesSaberServiceProvider init]	
102388ff8	10238902b	decompiled	chunks/000/functions-000015.c		
10238902c	102389073	decompiled	chunks/000/functions-000015.c	-[SCSCPreviewFeatureAutoCreativeTooltipServicesSaberServiceProvider .cxx_destruct]	
102389074	102389093	decompiled	chunks/000/functions-000015.c		
102389094	10238909f	decompiled	chunks/000/functions-000015.c	-[SCSCPreviewFeatureBatchCaptureServicesSaberServiceProvider beginIn]	
1023890a0	1023890ab	decompiled	chunks/000/functions-000015.c	-[SCSCPreviewFeatureBatchCaptureServicesSaberServiceProvider setBeginIn:]	
1023890ac	1023890b7	decompiled	chunks/000/functions-000015.c	-[SCSCPreviewFeatureBatchCaptureServicesSaberServiceProvider previewScopeGraphBridgeServices]	
1023890b8	1023890fb	decompiled	chunks/000/functions-000015.c		
1023890fc	102389107	decompiled	chunks/000/functions-000015.c	-[SCSCPreviewFeatureBatchCaptureServicesSaberServiceProvider setPreviewScopeGraphBridgeServices:]	
102389108	10238915b	decompiled	chunks/000/functions-000015.c		
10238915c	10238936f	decompiled	chunks/000/functions-000015.c		
102389370	1023893a3	decompiled	chunks/000/functions-000015.c	-[SCSCPreviewFeatureBatchCaptureServicesSaberServiceProvider provide]	
1023893a4	1023893d7	decompiled	chunks/000/functions-000015.c	-[SCSCPreviewFeatureBatchCaptureServicesSaberServiceProvider __safeProvide]	
1023893d8	10238941b	decompiled	chunks/000/functions-000015.c	-[SCSCPreviewFeatureBatchCaptureServicesSaberServiceProvider end]	
10238941c	1023895b3	decompiled	chunks/000/functions-000015.c		
1023895b4	10238965f	decompiled	chunks/000/functions-000015.c	-[SCSCPreviewFeatureBatchCaptureServicesSaberServiceProvider setValue:forIvarName:]	
102389660	1023896d3	decompiled	chunks/000/functions-000015.c	-[SCSCPreviewFeatureBatchCaptureServicesSaberServiceProvider init]	
1023896d4	102389707	decompiled	chunks/000/functions-000015.c		
102389708	10238974f	decompiled	chunks/000/functions-000015.c	-[SCSCPreviewFeatureBatchCaptureServicesSaberServiceProvider .cxx_destruct]	
102389750	10238976f	decompiled	chunks/000/functions-000015.c		
102389770	10238977b	decompiled	chunks/000/functions-000015.c	-[SCSCPreviewFeatureBounceServicesSaberServiceProvider beginIn]	
10238977c	102389787	decompiled	chunks/000/functions-000015.c	-[SCSCPreviewFeatureBounceServicesSaberServiceProvider setBeginIn:]	
102389788	102389793	decompiled	chunks/000/functions-000015.c	-[SCSCPreviewFeatureBounceServicesSaberServiceProvider previewScopeGraphBridgeServices]	
102389794	1023897d7	decompiled	chunks/000/functions-000015.c		
1023897d8	1023897e3	decompiled	chunks/000/functions-000015.c	-[SCSCPreviewFeatureBounceServicesSaberServiceProvider setPreviewScopeGraphBridgeServices:]	
1023897e4	102389837	decompiled	chunks/000/functions-000015.c		
102389838	102389a4b	decompiled	chunks/000/functions-000015.c		
102389a4c	102389a7f	decompiled	chunks/000/functions-000015.c	-[SCSCPreviewFeatureBounceServicesSaberServiceProvider provide]	
102389a80	102389ab3	decompiled	chunks/000/functions-000015.c	-[SCSCPreviewFeatureBounceServicesSaberServiceProvider __safeProvide]	
102389ab4	102389af7	decompiled	chunks/000/functions-000015.c	-[SCSCPreviewFeatureBounceServicesSaberServiceProvider end]	
102389af8	102389c8f	decompiled	chunks/000/functions-000015.c		
102389c90	102389d3b	decompiled	chunks/000/functions-000015.c	-[SCSCPreviewFeatureBounceServicesSaberServiceProvider setValue:forIvarName:]	
102389d3c	102389daf	decompiled	chunks/000/functions-000015.c	-[SCSCPreviewFeatureBounceServicesSaberServiceProvider init]	
102389db0	102389de3	decompiled	chunks/000/functions-000015.c		
102389de4	102389e2b	decompiled	chunks/000/functions-000015.c	-[SCSCPreviewFeatureBounceServicesSaberServiceProvider .cxx_destruct]	
102389e2c	102389e4b	decompiled	chunks/000/functions-000015.c		
102389e4c	102389e57	decompiled	chunks/000/functions-000015.c	-[SCSCPreviewFeatureCTLensServicesSaberServiceProvider beginIn]	
102389e58	102389e63	decompiled	chunks/000/functions-000015.c	-[SCSCPreviewFeatureCTLensServicesSaberServiceProvider setBeginIn:]	
102389e64	102389e6f	decompiled	chunks/000/functions-000015.c	-[SCSCPreviewFeatureCTLensServicesSaberServiceProvider previewScopeGraphBridgeServices]	
102389e70	102389eb3	decompiled	chunks/000/functions-000015.c		
102389eb4	102389ebf	decompiled	chunks/000/functions-000015.c	-[SCSCPreviewFeatureCTLensServicesSaberServiceProvider setPreviewScopeGraphBridgeServices:]	
102389ec0	102389f13	decompiled	chunks/000/functions-000015.c		
102389f14	10238a127	decompiled	chunks/000/functions-000015.c		
10238a128	10238a15b	decompiled	chunks/000/functions-000015.c	-[SCSCPreviewFeatureCTLensServicesSaberServiceProvider provide]	
10238a15c	10238a18f	decompiled	chunks/000/functions-000015.c	-[SCSCPreviewFeatureCTLensServicesSaberServiceProvider __safeProvide]	
10238a190	10238a1d3	decompiled	chunks/000/functions-000015.c	-[SCSCPreviewFeatureCTLensServicesSaberServiceProvider end]	
10238a1d4	10238a36b	decompiled	chunks/000/functions-000015.c		
10238a36c	10238a417	decompiled	chunks/000/functions-000015.c	-[SCSCPreviewFeatureCTLensServicesSaberServiceProvider setValue:forIvarName:]	
10238a418	10238a48b	decompiled	chunks/000/functions-000015.c	-[SCSCPreviewFeatureCTLensServicesSaberServiceProvider init]	
10238a48c	10238a4bf	decompiled	chunks/000/functions-000015.c		
10238a4c0	10238a507	decompiled	chunks/000/functions-000015.c	-[SCSCPreviewFeatureCTLensServicesSaberServiceProvider .cxx_destruct]	
10238a508	10238a527	decompiled	chunks/000/functions-000015.c		
10238a528	10238a533	decompiled	chunks/000/functions-000015.c	-[SCSCPreviewFeatureCTRecommendationServicesSaberServiceProvider beginIn]	
10238a534	10238a53f	decompiled	chunks/000/functions-000015.c	-[SCSCPreviewFeatureCTRecommendationServicesSaberServiceProvider setBeginIn:]	
10238a540	10238a54b	decompiled	chunks/000/functions-000015.c	-[SCSCPreviewFeatureCTRecommendationServicesSaberServiceProvider previewScopeGraphBridgeServices]	
10238a54c	10238a58f	decompiled	chunks/000/functions-000015.c		
10238a590	10238a59b	decompiled	chunks/000/functions-000015.c	-[SCSCPreviewFeatureCTRecommendationServicesSaberServiceProvider setPreviewScopeGraphBridgeServices:]	
10238a59c	10238a5ef	decompiled	chunks/000/functions-000015.c		
10238a5f0	10238a803	decompiled	chunks/000/functions-000015.c		
10238a804	10238a837	decompiled	chunks/000/functions-000015.c	-[SCSCPreviewFeatureCTRecommendationServicesSaberServiceProvider provide]	
10238a838	10238a86b	decompiled	chunks/000/functions-000015.c	-[SCSCPreviewFeatureCTRecommendationServicesSaberServiceProvider __safeProvide]	
10238a86c	10238a8af	decompiled	chunks/000/functions-000015.c	-[SCSCPreviewFeatureCTRecommendationServicesSaberServiceProvider end]	
10238a8b0	10238aa47	decompiled	chunks/000/functions-000015.c		
10238aa48	10238aaf3	decompiled	chunks/000/functions-000015.c	-[SCSCPreviewFeatureCTRecommendationServicesSaberServiceProvider setValue:forIvarName:]	
10238aaf4	10238ab67	decompiled	chunks/000/functions-000015.c	-[SCSCPreviewFeatureCTRecommendationServicesSaberServiceProvider init]	
10238ab68	10238ab9b	decompiled	chunks/000/functions-000015.c		
10238ab9c	10238abe3	decompiled	chunks/000/functions-000015.c	-[SCSCPreviewFeatureCTRecommendationServicesSaberServiceProvider .cxx_destruct]	
10238abe4	10238ac03	decompiled	chunks/000/functions-000015.c		
10238ac04	10238ac0f	decompiled	chunks/000/functions-000015.c	-[SCSCPreviewFeatureCaptionServicesSaberServiceProvider beginIn]	
10238ac10	10238ac1b	decompiled	chunks/000/functions-000015.c	-[SCSCPreviewFeatureCaptionServicesSaberServiceProvider setBeginIn:]	
10238ac1c	10238ac27	decompiled	chunks/000/functions-000015.c	-[SCSCPreviewFeatureCaptionServicesSaberServiceProvider previewScopeGraphBridgeServices]	
10238ac28	10238ac6b	decompiled	chunks/000/functions-000015.c		
10238ac6c	10238ac77	decompiled	chunks/000/functions-000016.c	-[SCSCPreviewFeatureCaptionServicesSaberServiceProvider setPreviewScopeGraphBridgeServices:]	
10238ac78	10238accb	decompiled	chunks/000/functions-000016.c		
10238accc	10238aedf	decompiled	chunks/000/functions-000016.c		
10238aee0	10238af13	decompiled	chunks/000/functions-000016.c	-[SCSCPreviewFeatureCaptionServicesSaberServiceProvider provide]	
10238af14	10238af47	decompiled	chunks/000/functions-000016.c	-[SCSCPreviewFeatureCaptionServicesSaberServiceProvider __safeProvide]	
10238af48	10238af8b	decompiled	chunks/000/functions-000016.c	-[SCSCPreviewFeatureCaptionServicesSaberServiceProvider end]	
10238af8c	10238b123	decompiled	chunks/000/functions-000016.c		
10238b124	10238b1cf	decompiled	chunks/000/functions-000016.c	-[SCSCPreviewFeatureCaptionServicesSaberServiceProvider setValue:forIvarName:]	
10238b1d0	10238b243	decompiled	chunks/000/functions-000016.c	-[SCSCPreviewFeatureCaptionServicesSaberServiceProvider init]	
10238b244	10238b277	decompiled	chunks/000/functions-000016.c		
10238b278	10238b2bf	decompiled	chunks/000/functions-000016.c	-[SCSCPreviewFeatureCaptionServicesSaberServiceProvider .cxx_destruct]	
10238b2c0	10238b2df	decompiled	chunks/000/functions-000016.c		
10238b2e0	10238b2eb	decompiled	chunks/000/functions-000016.c	-[SCSCPreviewFeatureCommerceAttachmentServicesSaberServiceProvider beginIn]	
10238b2ec	10238b2f7	decompiled	chunks/000/functions-000016.c	-[SCSCPreviewFeatureCommerceAttachmentServicesSaberServiceProvider setBeginIn:]	
10238b2f8	10238b303	decompiled	chunks/000/functions-000016.c	-[SCSCPreviewFeatureCommerceAttachmentServicesSaberServiceProvider previewScopeGraphBridgeServices]	
10238b304	10238b347	decompiled	chunks/000/functions-000016.c		
10238b348	10238b353	decompiled	chunks/000/functions-000016.c	-[SCSCPreviewFeatureCommerceAttachmentServicesSaberServiceProvider setPreviewScopeGraphBridgeServices:]	
10238b354	10238b3a7	decompiled	chunks/000/functions-000016.c		
10238b3a8	10238b5bb	decompiled	chunks/000/functions-000016.c		
10238b5bc	10238b5ef	decompiled	chunks/000/functions-000016.c	-[SCSCPreviewFeatureCommerceAttachmentServicesSaberServiceProvider provide]	
10238b5f0	10238b623	decompiled	chunks/000/functions-000016.c	-[SCSCPreviewFeatureCommerceAttachmentServicesSaberServiceProvider __safeProvide]	
10238b624	10238b667	decompiled	chunks/000/functions-000016.c	-[SCSCPreviewFeatureCommerceAttachmentServicesSaberServiceProvider end]	
10238b668	10238b7ff	decompiled	chunks/000/functions-000016.c		
10238b800	10238b8ab	decompiled	chunks/000/functions-000016.c	-[SCSCPreviewFeatureCommerceAttachmentServicesSaberServiceProvider setValue:forIvarName:]	
10238b8ac	10238b91f	decompiled	chunks/000/functions-000016.c	-[SCSCPreviewFeatureCommerceAttachmentServicesSaberServiceProvider init]	
10238b920	10238b953	decompiled	chunks/000/functions-000016.c		
10238b954	10238b99b	decompiled	chunks/000/functions-000016.c	-[SCSCPreviewFeatureCommerceAttachmentServicesSaberServiceProvider .cxx_destruct]	
10238b99c	10238b9bb	decompiled	chunks/000/functions-000016.c		
10238b9bc	10238b9c7	decompiled	chunks/000/functions-000016.c	-[SCSCPreviewFeatureCommerceStickerServicesSaberServiceProvider beginIn]	
10238b9c8	10238b9d3	decompiled	chunks/000/functions-000016.c	-[SCSCPreviewFeatureCommerceStickerServicesSaberServiceProvider setBeginIn:]	
10238b9d4	10238b9df	decompiled	chunks/000/functions-000016.c	-[SCSCPreviewFeatureCommerceStickerServicesSaberServiceProvider previewScopeGraphBridgeServices]	
10238b9e0	10238ba23	decompiled	chunks/000/functions-000016.c		
10238ba24	10238ba2f	decompiled	chunks/000/functions-000016.c	-[SCSCPreviewFeatureCommerceStickerServicesSaberServiceProvider setPreviewScopeGraphBridgeServices:]	
10238ba30	10238ba83	decompiled	chunks/000/functions-000016.c		
10238ba84	10238bc97	decompiled	chunks/000/functions-000016.c		
10238bc98	10238bccb	decompiled	chunks/000/functions-000016.c	-[SCSCPreviewFeatureCommerceStickerServicesSaberServiceProvider provide]	
10238bccc	10238bcff	decompiled	chunks/000/functions-000016.c	-[SCSCPreviewFeatureCommerceStickerServicesSaberServiceProvider __safeProvide]	
10238bd00	10238bd43	decompiled	chunks/000/functions-000016.c	-[SCSCPreviewFeatureCommerceStickerServicesSaberServiceProvider end]	
10238bd44	10238bedb	decompiled	chunks/000/functions-000016.c		
10238bedc	10238bf87	decompiled	chunks/000/functions-000016.c	-[SCSCPreviewFeatureCommerceStickerServicesSaberServiceProvider setValue:forIvarName:]	
10238bf88	10238bffb	decompiled	chunks/000/functions-000016.c	-[SCSCPreviewFeatureCommerceStickerServicesSaberServiceProvider init]	
10238bffc	10238c02f	decompiled	chunks/000/functions-000016.c		
10238c030	10238c077	decompiled	chunks/000/functions-000016.c	-[SCSCPreviewFeatureCommerceStickerServicesSaberServiceProvider .cxx_destruct]	
10238c078	10238c097	decompiled	chunks/000/functions-000016.c		
10238c098	10238c0a3	decompiled	chunks/000/functions-000016.c	-[SCSCPreviewFeatureCreativeToolsDurationServicesSaberServiceProvider beginIn]	
10238c0a4	10238c0af	decompiled	chunks/000/functions-000016.c	-[SCSCPreviewFeatureCreativeToolsDurationServicesSaberServiceProvider setBeginIn:]	
10238c0b0	10238c0bb	decompiled	chunks/000/functions-000016.c	-[SCSCPreviewFeatureCreativeToolsDurationServicesSaberServiceProvider previewScopeGraphBridgeServices]	
10238c0bc	10238c0ff	decompiled	chunks/000/functions-000016.c		
10238c100	10238c10b	decompiled	chunks/000/functions-000016.c	-[SCSCPreviewFeatureCreativeToolsDurationServicesSaberServiceProvider setPreviewScopeGraphBridgeServices:]	
10238c10c	10238c15f	decompiled	chunks/000/functions-000016.c		
10238c160	10238c373	decompiled	chunks/000/functions-000016.c		
10238c374	10238c3a7	decompiled	chunks/000/functions-000016.c	-[SCSCPreviewFeatureCreativeToolsDurationServicesSaberServiceProvider provide]	
10238c3a8	10238c3db	decompiled	chunks/000/functions-000016.c	-[SCSCPreviewFeatureCreativeToolsDurationServicesSaberServiceProvider __safeProvide]	
10238c3dc	10238c41f	decompiled	chunks/000/functions-000016.c	-[SCSCPreviewFeatureCreativeToolsDurationServicesSaberServiceProvider end]	
10238c420	10238c5b7	decompiled	chunks/000/functions-000016.c		
10238c5b8	10238c663	decompiled	chunks/000/functions-000016.c	-[SCSCPreviewFeatureCreativeToolsDurationServicesSaberServiceProvider setValue:forIvarName:]	
10238c664	10238c6d7	decompiled	chunks/000/functions-000016.c	-[SCSCPreviewFeatureCreativeToolsDurationServicesSaberServiceProvider init]	
10238c6d8	10238c70b	decompiled	chunks/000/functions-000016.c		
10238c70c	10238c753	decompiled	chunks/000/functions-000016.c	-[SCSCPreviewFeatureCreativeToolsDurationServicesSaberServiceProvider .cxx_destruct]	
10238c754	10238c773	decompiled	chunks/000/functions-000016.c		
10238c774	10238c77f	decompiled	chunks/000/functions-000016.c	-[SCSCPreviewFeatureCreativeToolsMenuServicesSaberServiceProvider beginIn]	
10238c780	10238c78b	decompiled	chunks/000/functions-000016.c	-[SCSCPreviewFeatureCreativeToolsMenuServicesSaberServiceProvider setBeginIn:]	
10238c78c	10238c797	decompiled	chunks/000/functions-000016.c	-[SCSCPreviewFeatureCreativeToolsMenuServicesSaberServiceProvider previewScopeGraphBridgeServices]	
10238c798	10238c7db	decompiled	chunks/000/functions-000016.c		
10238c7dc	10238c7e7	decompiled	chunks/000/functions-000016.c	-[SCSCPreviewFeatureCreativeToolsMenuServicesSaberServiceProvider setPreviewScopeGraphBridgeServices:]	
10238c7e8	10238c83b	decompiled	chunks/000/functions-000016.c		
10238c83c	10238ca4f	decompiled	chunks/000/functions-000016.c		
10238ca50	10238ca83	decompiled	chunks/000/functions-000016.c	-[SCSCPreviewFeatureCreativeToolsMenuServicesSaberServiceProvider provide]	
10238ca84	10238cab7	decompiled	chunks/000/functions-000016.c	-[SCSCPreviewFeatureCreativeToolsMenuServicesSaberServiceProvider __safeProvide]	
10238cab8	10238cafb	decompiled	chunks/000/functions-000016.c	-[SCSCPreviewFeatureCreativeToolsMenuServicesSaberServiceProvider end]	
10238cafc	10238cc93	decompiled	chunks/000/functions-000016.c		
10238cc94	10238cd3f	decompiled	chunks/000/functions-000016.c	-[SCSCPreviewFeatureCreativeToolsMenuServicesSaberServiceProvider setValue:forIvarName:]	
10238cd40	10238cdb3	decompiled	chunks/000/functions-000016.c	-[SCSCPreviewFeatureCreativeToolsMenuServicesSaberServiceProvider init]	
10238cdb4	10238cde7	decompiled	chunks/000/functions-000016.c		
10238cde8	10238ce2f	decompiled	chunks/000/functions-000016.c	-[SCSCPreviewFeatureCreativeToolsMenuServicesSaberServiceProvider .cxx_destruct]	
10238ce30	10238ce4f	decompiled	chunks/000/functions-000016.c		
10238ce50	10238ce5b	decompiled	chunks/000/functions-000016.c	-[SCSCPreviewFeatureCustomStickerServicesSaberServiceProvider beginIn]	
10238ce5c	10238ce67	decompiled	chunks/000/functions-000016.c	-[SCSCPreviewFeatureCustomStickerServicesSaberServiceProvider setBeginIn:]	
10238ce68	10238ce73	decompiled	chunks/000/functions-000016.c	-[SCSCPreviewFeatureCustomStickerServicesSaberServiceProvider previewScopeGraphBridgeServices]	
10238ce74	10238ceb7	decompiled	chunks/000/functions-000016.c		
10238ceb8	10238cec3	decompiled	chunks/000/functions-000016.c	-[SCSCPreviewFeatureCustomStickerServicesSaberServiceProvider setPreviewScopeGraphBridgeServices:]	
10238cec4	10238cf17	decompiled	chunks/000/functions-000016.c		
10238cf18	10238d12b	decompiled	chunks/000/functions-000016.c		
10238d12c	10238d15f	decompiled	chunks/000/functions-000016.c	-[SCSCPreviewFeatureCustomStickerServicesSaberServiceProvider provide]	
10238d160	10238d193	decompiled	chunks/000/functions-000016.c	-[SCSCPreviewFeatureCustomStickerServicesSaberServiceProvider __safeProvide]	
10238d194	10238d1d7	decompiled	chunks/000/functions-000016.c	-[SCSCPreviewFeatureCustomStickerServicesSaberServiceProvider end]	
10238d1d8	10238d36f	decompiled	chunks/000/functions-000016.c		
10238d370	10238d41b	decompiled	chunks/000/functions-000016.c	-[SCSCPreviewFeatureCustomStickerServicesSaberServiceProvider setValue:forIvarName:]	
10238d41c	10238d48f	decompiled	chunks/000/functions-000016.c	-[SCSCPreviewFeatureCustomStickerServicesSaberServiceProvider init]	
10238d490	10238d4c3	decompiled	chunks/000/functions-000016.c		
10238d4c4	10238d50b	decompiled	chunks/000/functions-000016.c	-[SCSCPreviewFeatureCustomStickerServicesSaberServiceProvider .cxx_destruct]	
10238d50c	10238d52b	decompiled	chunks/000/functions-000016.c		
10238d52c	10238d537	decompiled	chunks/000/functions-000016.c	-[SCSCPreviewFeatureDirectorModeServicesSaberServiceProvider beginIn]	
10238d538	10238d543	decompiled	chunks/000/functions-000016.c	-[SCSCPreviewFeatureDirectorModeServicesSaberServiceProvider setBeginIn:]	
10238d544	10238d54f	decompiled	chunks/000/functions-000016.c	-[SCSCPreviewFeatureDirectorModeServicesSaberServiceProvider previewScopeGraphBridgeServices]	
10238d550	10238d593	decompiled	chunks/000/functions-000016.c		
10238d594	10238d59f	decompiled	chunks/000/functions-000016.c	-[SCSCPreviewFeatureDirectorModeServicesSaberServiceProvider setPreviewScopeGraphBridgeServices:]	
10238d5a0	10238d5f3	decompiled	chunks/000/functions-000016.c		
10238d5f4	10238d807	decompiled	chunks/000/functions-000016.c		
10238d808	10238d83b	decompiled	chunks/000/functions-000016.c	-[SCSCPreviewFeatureDirectorModeServicesSaberServiceProvider provide]	
10238d83c	10238d86f	decompiled	chunks/000/functions-000017.c	-[SCSCPreviewFeatureDirectorModeServicesSaberServiceProvider __safeProvide]	
10238d870	10238d8b3	decompiled	chunks/000/functions-000017.c	-[SCSCPreviewFeatureDirectorModeServicesSaberServiceProvider end]	
10238d8b4	10238da4b	decompiled	chunks/000/functions-000017.c		
10238da4c	10238daf7	decompiled	chunks/000/functions-000017.c	-[SCSCPreviewFeatureDirectorModeServicesSaberServiceProvider setValue:forIvarName:]	
10238daf8	10238db6b	decompiled	chunks/000/functions-000017.c	-[SCSCPreviewFeatureDirectorModeServicesSaberServiceProvider init]	
10238db6c	10238db9f	decompiled	chunks/000/functions-000017.c		
10238dba0	10238dbe7	decompiled	chunks/000/functions-000017.c	-[SCSCPreviewFeatureDirectorModeServicesSaberServiceProvider .cxx_destruct]	
10238dbe8	10238dc07	decompiled	chunks/000/functions-000017.c		
10238dc08	10238dc13	decompiled	chunks/000/functions-000017.c	-[SCSCPreviewFeatureDrawingServicesSaberServiceProvider beginIn]	
10238dc14	10238dc1f	decompiled	chunks/000/functions-000017.c	-[SCSCPreviewFeatureDrawingServicesSaberServiceProvider setBeginIn:]	
10238dc20	10238dc2b	decompiled	chunks/000/functions-000017.c	-[SCSCPreviewFeatureDrawingServicesSaberServiceProvider previewScopeGraphBridgeServices]	
10238dc2c	10238dc6f	decompiled	chunks/000/functions-000017.c		
10238dc70	10238dc7b	decompiled	chunks/000/functions-000017.c	-[SCSCPreviewFeatureDrawingServicesSaberServiceProvider setPreviewScopeGraphBridgeServices:]	
10238dc7c	10238dccf	decompiled	chunks/000/functions-000017.c		
10238dcd0	10238dee3	decompiled	chunks/000/functions-000017.c		
10238dee4	10238df17	decompiled	chunks/000/functions-000017.c	-[SCSCPreviewFeatureDrawingServicesSaberServiceProvider provide]	
10238df18	10238df4b	decompiled	chunks/000/functions-000017.c	-[SCSCPreviewFeatureDrawingServicesSaberServiceProvider __safeProvide]	
10238df4c	10238df8f	decompiled	chunks/000/functions-000017.c	-[SCSCPreviewFeatureDrawingServicesSaberServiceProvider end]	
10238df90	10238e127	decompiled	chunks/000/functions-000017.c		
10238e128	10238e1d3	decompiled	chunks/000/functions-000017.c	-[SCSCPreviewFeatureDrawingServicesSaberServiceProvider setValue:forIvarName:]	
10238e1d4	10238e247	decompiled	chunks/000/functions-000017.c	-[SCSCPreviewFeatureDrawingServicesSaberServiceProvider init]	
10238e248	10238e27b	decompiled	chunks/000/functions-000017.c		
10238e27c	10238e2c3	decompiled	chunks/000/functions-000017.c	-[SCSCPreviewFeatureDrawingServicesSaberServiceProvider .cxx_destruct]	
10238e2c4	10238e2e3	decompiled	chunks/000/functions-000017.c		
10238e2e4	10238e2ef	decompiled	chunks/000/functions-000017.c	-[SCSCPreviewFeatureHelpLabelServicesSaberServiceProvider beginIn]	
10238e2f0	10238e2fb	decompiled	chunks/000/functions-000017.c	-[SCSCPreviewFeatureHelpLabelServicesSaberServiceProvider setBeginIn:]	
10238e2fc	10238e307	decompiled	chunks/000/functions-000017.c	-[SCSCPreviewFeatureHelpLabelServicesSaberServiceProvider previewScopeGraphBridgeServices]	
10238e308	10238e34b	decompiled	chunks/000/functions-000017.c		
10238e34c	10238e357	decompiled	chunks/000/functions-000017.c	-[SCSCPreviewFeatureHelpLabelServicesSaberServiceProvider setPreviewScopeGraphBridgeServices:]	
10238e358	10238e3ab	decompiled	chunks/000/functions-000017.c		
10238e3ac	10238e5bf	decompiled	chunks/000/functions-000017.c		
10238e5c0	10238e5f3	decompiled	chunks/000/functions-000017.c	-[SCSCPreviewFeatureHelpLabelServicesSaberServiceProvider provide]	
10238e5f4	10238e627	decompiled	chunks/000/functions-000017.c	-[SCSCPreviewFeatureHelpLabelServicesSaberServiceProvider __safeProvide]	
10238e628	10238e66b	decompiled	chunks/000/functions-000017.c	-[SCSCPreviewFeatureHelpLabelServicesSaberServiceProvider end]	
10238e66c	10238e803	decompiled	chunks/000/functions-000017.c		
10238e804	10238e8af	decompiled	chunks/000/functions-000017.c	-[SCSCPreviewFeatureHelpLabelServicesSaberServiceProvider setValue:forIvarName:]	
10238e8b0	10238e923	decompiled	chunks/000/functions-000017.c	-[SCSCPreviewFeatureHelpLabelServicesSaberServiceProvider init]	
10238e924	10238e957	decompiled	chunks/000/functions-000017.c		
10238e958	10238e99f	decompiled	chunks/000/functions-000017.c	-[SCSCPreviewFeatureHelpLabelServicesSaberServiceProvider .cxx_destruct]	
10238e9a0	10238e9bf	decompiled	chunks/000/functions-000017.c		
10238e9c0	10238e9cb	decompiled	chunks/000/functions-000017.c	-[SCSCPreviewFeatureImagePlaybackServicesSaberServiceProvider beginIn]	
10238e9cc	10238e9d7	decompiled	chunks/000/functions-000017.c	-[SCSCPreviewFeatureImagePlaybackServicesSaberServiceProvider setBeginIn:]	
10238e9d8	10238e9e3	decompiled	chunks/000/functions-000017.c	-[SCSCPreviewFeatureImagePlaybackServicesSaberServiceProvider previewScopeGraphBridgeServices]	
10238e9e4	10238ea27	decompiled	chunks/000/functions-000017.c		
10238ea28	10238ea33	decompiled	chunks/000/functions-000017.c	-[SCSCPreviewFeatureImagePlaybackServicesSaberServiceProvider setPreviewScopeGraphBridgeServices:]	
10238ea34	10238ea87	decompiled	chunks/000/functions-000017.c		
10238ea88	10238ec9b	decompiled	chunks/000/functions-000017.c		
10238ec9c	10238eccf	decompiled	chunks/000/functions-000017.c	-[SCSCPreviewFeatureImagePlaybackServicesSaberServiceProvider provide]	
10238ecd0	10238ed03	decompiled	chunks/000/functions-000017.c	-[SCSCPreviewFeatureImagePlaybackServicesSaberServiceProvider __safeProvide]	
10238ed04	10238ed47	decompiled	chunks/000/functions-000017.c	-[SCSCPreviewFeatureImagePlaybackServicesSaberServiceProvider end]	
10238ed48	10238eedf	decompiled	chunks/000/functions-000017.c		
10238eee0	10238ef8b	decompiled	chunks/000/functions-000017.c	-[SCSCPreviewFeatureImagePlaybackServicesSaberServiceProvider setValue:forIvarName:]	
10238ef8c	10238efff	decompiled	chunks/000/functions-000017.c	-[SCSCPreviewFeatureImagePlaybackServicesSaberServiceProvider init]	
10238f000	10238f033	decompiled	chunks/000/functions-000017.c		
10238f034	10238f07b	decompiled	chunks/000/functions-000017.c	-[SCSCPreviewFeatureImagePlaybackServicesSaberServiceProvider .cxx_destruct]	
10238f07c	10238f09b	decompiled	chunks/000/functions-000017.c		
10238f09c	10238f0a7	decompiled	chunks/000/functions-000017.c	-[SCSCPreviewFeatureInfoStickerServicesSaberServiceProvider beginIn]	
10238f0a8	10238f0b3	decompiled	chunks/000/functions-000017.c	-[SCSCPreviewFeatureInfoStickerServicesSaberServiceProvider setBeginIn:]	
10238f0b4	10238f0bf	decompiled	chunks/000/functions-000017.c	-[SCSCPreviewFeatureInfoStickerServicesSaberServiceProvider previewScopeGraphBridgeServices]	
10238f0c0	10238f103	decompiled	chunks/000/functions-000017.c		
10238f104	10238f10f	decompiled	chunks/000/functions-000017.c	-[SCSCPreviewFeatureInfoStickerServicesSaberServiceProvider setPreviewScopeGraphBridgeServices:]	
10238f110	10238f163	decompiled	chunks/000/functions-000017.c		
10238f164	10238f377	decompiled	chunks/000/functions-000017.c		
10238f378	10238f3ab	decompiled	chunks/000/functions-000017.c	-[SCSCPreviewFeatureInfoStickerServicesSaberServiceProvider provide]	
10238f3ac	10238f3df	decompiled	chunks/000/functions-000017.c	-[SCSCPreviewFeatureInfoStickerServicesSaberServiceProvider __safeProvide]	
10238f3e0	10238f423	decompiled	chunks/000/functions-000017.c	-[SCSCPreviewFeatureInfoStickerServicesSaberServiceProvider end]	
10238f424	10238f5bb	decompiled	chunks/000/functions-000017.c		
10238f5bc	10238f667	decompiled	chunks/000/functions-000017.c	-[SCSCPreviewFeatureInfoStickerServicesSaberServiceProvider setValue:forIvarName:]	
10238f668	10238f6db	decompiled	chunks/000/functions-000017.c	-[SCSCPreviewFeatureInfoStickerServicesSaberServiceProvider init]	
10238f6dc	10238f70f	decompiled	chunks/000/functions-000017.c		
10238f710	10238f757	decompiled	chunks/000/functions-000017.c	-[SCSCPreviewFeatureInfoStickerServicesSaberServiceProvider .cxx_destruct]	
10238f758	10238f777	decompiled	chunks/000/functions-000017.c		
10238f778	10238f783	decompiled	chunks/000/functions-000017.c	-[SCSCPreviewFeatureLensExplorerServicesSaberServiceProvider beginIn]	
10238f784	10238f78f	decompiled	chunks/000/functions-000017.c	-[SCSCPreviewFeatureLensExplorerServicesSaberServiceProvider setBeginIn:]	
10238f790	10238f79b	decompiled	chunks/000/functions-000017.c	-[SCSCPreviewFeatureLensExplorerServicesSaberServiceProvider previewScopeGraphBridgeServices]	
10238f79c	10238f7df	decompiled	chunks/000/functions-000017.c		
10238f7e0	10238f7eb	decompiled	chunks/000/functions-000017.c	-[SCSCPreviewFeatureLensExplorerServicesSaberServiceProvider setPreviewScopeGraphBridgeServices:]	
10238f7ec	10238f83f	decompiled	chunks/000/functions-000017.c		
10238f840	10238fa53	decompiled	chunks/000/functions-000017.c		
10238fa54	10238fa87	decompiled	chunks/000/functions-000017.c	-[SCSCPreviewFeatureLensExplorerServicesSaberServiceProvider provide]	
10238fa88	10238fabb	decompiled	chunks/000/functions-000017.c	-[SCSCPreviewFeatureLensExplorerServicesSaberServiceProvider __safeProvide]	
10238fabc	10238faff	decompiled	chunks/000/functions-000017.c	-[SCSCPreviewFeatureLensExplorerServicesSaberServiceProvider end]	
10238fb00	10238fc97	decompiled	chunks/000/functions-000017.c		
10238fc98	10238fd43	decompiled	chunks/000/functions-000017.c	-[SCSCPreviewFeatureLensExplorerServicesSaberServiceProvider setValue:forIvarName:]	
10238fd44	10238fdb7	decompiled	chunks/000/functions-000017.c	-[SCSCPreviewFeatureLensExplorerServicesSaberServiceProvider init]	
10238fdb8	10238fdeb	decompiled	chunks/000/functions-000017.c		
10238fdec	10238fe33	decompiled	chunks/000/functions-000017.c	-[SCSCPreviewFeatureLensExplorerServicesSaberServiceProvider .cxx_destruct]	
10238fe34	10238fe53	decompiled	chunks/000/functions-000017.c		
10238fe54	10238fe5f	decompiled	chunks/000/functions-000017.c	-[SCSCPreviewFeatureLoggingServicesSaberServiceProvider beginIn]	
10238fe60	10238fe6b	decompiled	chunks/000/functions-000017.c	-[SCSCPreviewFeatureLoggingServicesSaberServiceProvider setBeginIn:]	
10238fe6c	10238fe77	decompiled	chunks/000/functions-000017.c	-[SCSCPreviewFeatureLoggingServicesSaberServiceProvider previewScopeGraphBridgeServices]	
10238fe78	10238febb	decompiled	chunks/000/functions-000017.c		
10238febc	10238fec7	decompiled	chunks/000/functions-000017.c	-[SCSCPreviewFeatureLoggingServicesSaberServiceProvider setPreviewScopeGraphBridgeServices:]	
10238fec8	10238ff1b	decompiled	chunks/000/functions-000017.c		
10238ff1c	10239012f	decompiled	chunks/000/functions-000017.c		
102390130	102390163	decompiled	chunks/000/functions-000017.c	-[SCSCPreviewFeatureLoggingServicesSaberServiceProvider provide]	
102390164	102390197	decompiled	chunks/000/functions-000017.c	-[SCSCPreviewFeatureLoggingServicesSaberServiceProvider __safeProvide]	
102390198	1023901db	decompiled	chunks/000/functions-000017.c	-[SCSCPreviewFeatureLoggingServicesSaberServiceProvider end]	
1023901dc	102390373	decompiled	chunks/000/functions-000017.c		
102390374	10239041f	decompiled	chunks/000/functions-000017.c	-[SCSCPreviewFeatureLoggingServicesSaberServiceProvider setValue:forIvarName:]	
102390420	102390493	decompiled	chunks/000/functions-000018.c	-[SCSCPreviewFeatureLoggingServicesSaberServiceProvider init]	
102390494	1023904c7	decompiled	chunks/000/functions-000018.c		
1023904c8	10239050f	decompiled	chunks/000/functions-000018.c	-[SCSCPreviewFeatureLoggingServicesSaberServiceProvider .cxx_destruct]	
102390510	10239052f	decompiled	chunks/000/functions-000018.c		
102390530	10239053b	decompiled	chunks/000/functions-000018.c	-[SCSCPreviewFeatureMultiSnapServicesSaberServiceProvider beginIn]	
10239053c	102390547	decompiled	chunks/000/functions-000018.c	-[SCSCPreviewFeatureMultiSnapServicesSaberServiceProvider setBeginIn:]	
102390548	102390553	decompiled	chunks/000/functions-000018.c	-[SCSCPreviewFeatureMultiSnapServicesSaberServiceProvider previewScopeGraphBridgeServices]	
102390554	102390597	decompiled	chunks/000/functions-000018.c		
102390598	1023905a3	decompiled	chunks/000/functions-000018.c	-[SCSCPreviewFeatureMultiSnapServicesSaberServiceProvider setPreviewScopeGraphBridgeServices:]	
1023905a4	1023905f7	decompiled	chunks/000/functions-000018.c		
1023905f8	10239080b	decompiled	chunks/000/functions-000018.c		
10239080c	10239083f	decompiled	chunks/000/functions-000018.c	-[SCSCPreviewFeatureMultiSnapServicesSaberServiceProvider provide]	
102390840	102390873	decompiled	chunks/000/functions-000018.c	-[SCSCPreviewFeatureMultiSnapServicesSaberServiceProvider __safeProvide]	
102390874	1023908b7	decompiled	chunks/000/functions-000018.c	-[SCSCPreviewFeatureMultiSnapServicesSaberServiceProvider end]	
1023908b8	102390a4f	decompiled	chunks/000/functions-000018.c		
102390a50	102390afb	decompiled	chunks/000/functions-000018.c	-[SCSCPreviewFeatureMultiSnapServicesSaberServiceProvider setValue:forIvarName:]	
102390afc	102390b6f	decompiled	chunks/000/functions-000018.c	-[SCSCPreviewFeatureMultiSnapServicesSaberServiceProvider init]	
102390b70	102390ba3	decompiled	chunks/000/functions-000018.c		
102390ba4	102390beb	decompiled	chunks/000/functions-000018.c	-[SCSCPreviewFeatureMultiSnapServicesSaberServiceProvider .cxx_destruct]	
102390bec	102390c0b	decompiled	chunks/000/functions-000018.c		
102390c0c	102390c17	decompiled	chunks/000/functions-000018.c	-[SCSCPreviewFeatureMusicServicesSaberServiceProvider beginIn]	
102390c18	102390c23	decompiled	chunks/000/functions-000018.c	-[SCSCPreviewFeatureMusicServicesSaberServiceProvider setBeginIn:]	
102390c24	102390c2f	decompiled	chunks/000/functions-000018.c	-[SCSCPreviewFeatureMusicServicesSaberServiceProvider previewScopeGraphBridgeServices]	
102390c30	102390c73	decompiled	chunks/000/functions-000018.c		
102390c74	102390c7f	decompiled	chunks/000/functions-000018.c	-[SCSCPreviewFeatureMusicServicesSaberServiceProvider setPreviewScopeGraphBridgeServices:]	
102390c80	102390cd3	decompiled	chunks/000/functions-000018.c		
102390cd4	102390ee7	decompiled	chunks/000/functions-000018.c		
102390ee8	102390f1b	decompiled	chunks/000/functions-000018.c	-[SCSCPreviewFeatureMusicServicesSaberServiceProvider provide]	
102390f1c	102390f4f	decompiled	chunks/000/functions-000018.c	-[SCSCPreviewFeatureMusicServicesSaberServiceProvider __safeProvide]	
102390f50	102390f93	decompiled	chunks/000/functions-000018.c	-[SCSCPreviewFeatureMusicServicesSaberServiceProvider end]	
102390f94	10239112b	decompiled	chunks/000/functions-000018.c		
10239112c	1023911d7	decompiled	chunks/000/functions-000018.c	-[SCSCPreviewFeatureMusicServicesSaberServiceProvider setValue:forIvarName:]	
1023911d8	10239124b	decompiled	chunks/000/functions-000018.c	-[SCSCPreviewFeatureMusicServicesSaberServiceProvider init]	
10239124c	10239127f	decompiled	chunks/000/functions-000018.c		
102391280	1023912c7	decompiled	chunks/000/functions-000018.c	-[SCSCPreviewFeatureMusicServicesSaberServiceProvider .cxx_destruct]	
1023912c8	1023912e7	decompiled	chunks/000/functions-000018.c		
1023912e8	1023912f3	decompiled	chunks/000/functions-000018.c	-[SCSCPreviewFeatureOverlayCompositionServicesSaberServiceProvider beginIn]	
1023912f4	1023912ff	decompiled	chunks/000/functions-000018.c	-[SCSCPreviewFeatureOverlayCompositionServicesSaberServiceProvider setBeginIn:]	
102391300	10239130b	decompiled	chunks/000/functions-000018.c	-[SCSCPreviewFeatureOverlayCompositionServicesSaberServiceProvider previewScopeGraphBridgeServices]	
10239130c	10239134f	decompiled	chunks/000/functions-000018.c		
102391350	10239135b	decompiled	chunks/000/functions-000018.c	-[SCSCPreviewFeatureOverlayCompositionServicesSaberServiceProvider setPreviewScopeGraphBridgeServices:]	
10239135c	1023913af	decompiled	chunks/000/functions-000018.c		
1023913b0	1023915c3	decompiled	chunks/000/functions-000018.c		
1023915c4	1023915f7	decompiled	chunks/000/functions-000018.c	-[SCSCPreviewFeatureOverlayCompositionServicesSaberServiceProvider provide]	
1023915f8	10239162b	decompiled	chunks/000/functions-000018.c	-[SCSCPreviewFeatureOverlayCompositionServicesSaberServiceProvider __safeProvide]	
10239162c	10239166f	decompiled	chunks/000/functions-000018.c	-[SCSCPreviewFeatureOverlayCompositionServicesSaberServiceProvider end]	
102391670	102391807	decompiled	chunks/000/functions-000018.c		
102391808	1023918b3	decompiled	chunks/000/functions-000018.c	-[SCSCPreviewFeatureOverlayCompositionServicesSaberServiceProvider setValue:forIvarName:]	
1023918b4	102391927	decompiled	chunks/000/functions-000018.c	-[SCSCPreviewFeatureOverlayCompositionServicesSaberServiceProvider init]	
102391928	10239195b	decompiled	chunks/000/functions-000018.c		
10239195c	1023919a3	decompiled	chunks/000/functions-000018.c	-[SCSCPreviewFeatureOverlayCompositionServicesSaberServiceProvider .cxx_destruct]	
1023919a4	1023919c3	decompiled	chunks/000/functions-000018.c		
1023919c4	1023919cf	decompiled	chunks/000/functions-000018.c	-[SCSCPreviewFeaturePinningServicesSaberServiceProvider beginIn]	
1023919d0	1023919db	decompiled	chunks/000/functions-000018.c	-[SCSCPreviewFeaturePinningServicesSaberServiceProvider setBeginIn:]	
1023919dc	1023919e7	decompiled	chunks/000/functions-000018.c	-[SCSCPreviewFeaturePinningServicesSaberServiceProvider previewScopeGraphBridgeServices]	
1023919e8	102391a2b	decompiled	chunks/000/functions-000018.c		
102391a2c	102391a37	decompiled	chunks/000/functions-000018.c	-[SCSCPreviewFeaturePinningServicesSaberServiceProvider setPreviewScopeGraphBridgeServices:]	
102391a38	102391a8b	decompiled	chunks/000/functions-000018.c		
102391a8c	102391c9f	decompiled	chunks/000/functions-000018.c		
102391ca0	102391cd3	decompiled	chunks/000/functions-000018.c	-[SCSCPreviewFeaturePinningServicesSaberServiceProvider provide]	
102391cd4	102391d07	decompiled	chunks/000/functions-000018.c	-[SCSCPreviewFeaturePinningServicesSaberServiceProvider __safeProvide]	
102391d08	102391d4b	decompiled	chunks/000/functions-000018.c	-[SCSCPreviewFeaturePinningServicesSaberServiceProvider end]	
102391d4c	102391ee3	decompiled	chunks/000/functions-000018.c		
102391ee4	102391f8f	decompiled	chunks/000/functions-000018.c	-[SCSCPreviewFeaturePinningServicesSaberServiceProvider setValue:forIvarName:]	
102391f90	102392003	decompiled	chunks/000/functions-000018.c	-[SCSCPreviewFeaturePinningServicesSaberServiceProvider init]	
102392004	102392037	decompiled	chunks/000/functions-000018.c		
102392038	10239207f	decompiled	chunks/000/functions-000018.c	-[SCSCPreviewFeaturePinningServicesSaberServiceProvider .cxx_destruct]	
102392080	10239209f	decompiled	chunks/000/functions-000018.c		
1023920a0	1023920ab	decompiled	chunks/000/functions-000018.c	-[SCSCPreviewFeaturePollsStickerServicesSaberServiceProvider beginIn]	
1023920ac	1023920b7	decompiled	chunks/000/functions-000018.c	-[SCSCPreviewFeaturePollsStickerServicesSaberServiceProvider setBeginIn:]	
1023920b8	1023920c3	decompiled	chunks/000/functions-000018.c	-[SCSCPreviewFeaturePollsStickerServicesSaberServiceProvider previewScopeGraphBridgeServices]	
1023920c4	102392107	decompiled	chunks/000/functions-000018.c		
102392108	102392113	decompiled	chunks/000/functions-000018.c	-[SCSCPreviewFeaturePollsStickerServicesSaberServiceProvider setPreviewScopeGraphBridgeServices:]	
102392114	102392167	decompiled	chunks/000/functions-000018.c		
102392168	10239237b	decompiled	chunks/000/functions-000018.c		
10239237c	1023923af	decompiled	chunks/000/functions-000018.c	-[SCSCPreviewFeaturePollsStickerServicesSaberServiceProvider provide]	
1023923b0	1023923e3	decompiled	chunks/000/functions-000018.c	-[SCSCPreviewFeaturePollsStickerServicesSaberServiceProvider __safeProvide]	
1023923e4	102392427	decompiled	chunks/000/functions-000018.c	-[SCSCPreviewFeaturePollsStickerServicesSaberServiceProvider end]	
102392428	1023925bf	decompiled	chunks/000/functions-000018.c		
1023925c0	10239266b	decompiled	chunks/000/functions-000018.c	-[SCSCPreviewFeaturePollsStickerServicesSaberServiceProvider setValue:forIvarName:]	
10239266c	1023926df	decompiled	chunks/000/functions-000018.c	-[SCSCPreviewFeaturePollsStickerServicesSaberServiceProvider init]	
1023926e0	102392713	decompiled	chunks/000/functions-000018.c		
102392714	10239275b	decompiled	chunks/000/functions-000018.c	-[SCSCPreviewFeaturePollsStickerServicesSaberServiceProvider .cxx_destruct]	
10239275c	10239277b	decompiled	chunks/000/functions-000018.c		
10239277c	102392787	decompiled	chunks/000/functions-000018.c	-[SCSCPreviewFeaturePrivateStoryInviteStickerServicesSaberServiceProvider beginIn]	
102392788	102392793	decompiled	chunks/000/functions-000018.c	-[SCSCPreviewFeaturePrivateStoryInviteStickerServicesSaberServiceProvider setBeginIn:]	
102392794	10239279f	decompiled	chunks/000/functions-000018.c	-[SCSCPreviewFeaturePrivateStoryInviteStickerServicesSaberServiceProvider previewScopeGraphBridgeServices]	
1023927a0	1023927e3	decompiled	chunks/000/functions-000018.c		
1023927e4	1023927ef	decompiled	chunks/000/functions-000018.c	-[SCSCPreviewFeaturePrivateStoryInviteStickerServicesSaberServiceProvider setPreviewScopeGraphBridgeServices:]	
1023927f0	102392843	decompiled	chunks/000/functions-000018.c		
102392844	102392a57	decompiled	chunks/000/functions-000018.c		
102392a58	102392a8b	decompiled	chunks/000/functions-000018.c	-[SCSCPreviewFeaturePrivateStoryInviteStickerServicesSaberServiceProvider provide]	
102392a8c	102392abf	decompiled	chunks/000/functions-000018.c	-[SCSCPreviewFeaturePrivateStoryInviteStickerServicesSaberServiceProvider __safeProvide]	
102392ac0	102392b03	decompiled	chunks/000/functions-000018.c	-[SCSCPreviewFeaturePrivateStoryInviteStickerServicesSaberServiceProvider end]	
102392b04	102392c9b	decompiled	chunks/000/functions-000018.c		
102392c9c	102392d47	decompiled	chunks/000/functions-000018.c	-[SCSCPreviewFeaturePrivateStoryInviteStickerServicesSaberServiceProvider setValue:forIvarName:]	
102392d48	102392dbb	decompiled	chunks/000/functions-000018.c	-[SCSCPreviewFeaturePrivateStoryInviteStickerServicesSaberServiceProvider init]	
102392dbc	102392def	decompiled	chunks/000/functions-000018.c		
102392df0	102392e37	decompiled	chunks/000/functions-000018.c	-[SCSCPreviewFeaturePrivateStoryInviteStickerServicesSaberServiceProvider .cxx_destruct]	
102392e38	102392e57	decompiled	chunks/000/functions-000018.c		
102392e58	102392e63	decompiled	chunks/000/functions-000019.c	-[SCSCPreviewFeatureRotationServicesSaberServiceProvider beginIn]	
102392e64	102392e6f	decompiled	chunks/000/functions-000019.c	-[SCSCPreviewFeatureRotationServicesSaberServiceProvider setBeginIn:]	
102392e70	102392e7b	decompiled	chunks/000/functions-000019.c	-[SCSCPreviewFeatureRotationServicesSaberServiceProvider previewScopeGraphBridgeServices]	
102392e7c	102392ebf	decompiled	chunks/000/functions-000019.c		
102392ec0	102392ecb	decompiled	chunks/000/functions-000019.c	-[SCSCPreviewFeatureRotationServicesSaberServiceProvider setPreviewScopeGraphBridgeServices:]	
102392ecc	102392f1f	decompiled	chunks/000/functions-000019.c		
102392f20	102393133	decompiled	chunks/000/functions-000019.c		
102393134	102393167	decompiled	chunks/000/functions-000019.c	-[SCSCPreviewFeatureRotationServicesSaberServiceProvider provide]	
102393168	10239319b	decompiled	chunks/000/functions-000019.c	-[SCSCPreviewFeatureRotationServicesSaberServiceProvider __safeProvide]	
10239319c	1023931df	decompiled	chunks/000/functions-000019.c	-[SCSCPreviewFeatureRotationServicesSaberServiceProvider end]	
1023931e0	102393377	decompiled	chunks/000/functions-000019.c		
102393378	102393423	decompiled	chunks/000/functions-000019.c	-[SCSCPreviewFeatureRotationServicesSaberServiceProvider setValue:forIvarName:]	
102393424	102393497	decompiled	chunks/000/functions-000019.c	-[SCSCPreviewFeatureRotationServicesSaberServiceProvider init]	
102393498	1023934cb	decompiled	chunks/000/functions-000019.c		
1023934cc	102393513	decompiled	chunks/000/functions-000019.c	-[SCSCPreviewFeatureRotationServicesSaberServiceProvider .cxx_destruct]	
102393514	102393533	decompiled	chunks/000/functions-000019.c		
102393534	10239353f	decompiled	chunks/000/functions-000019.c	-[SCSCPreviewFeatureScanServicesSaberServiceProvider beginIn]	
102393540	10239354b	decompiled	chunks/000/functions-000019.c	-[SCSCPreviewFeatureScanServicesSaberServiceProvider setBeginIn:]	
10239354c	102393557	decompiled	chunks/000/functions-000019.c	-[SCSCPreviewFeatureScanServicesSaberServiceProvider previewScopeGraphBridgeServices]	
102393558	10239359b	decompiled	chunks/000/functions-000019.c		
10239359c	1023935a7	decompiled	chunks/000/functions-000019.c	-[SCSCPreviewFeatureScanServicesSaberServiceProvider setPreviewScopeGraphBridgeServices:]	
1023935a8	1023935fb	decompiled	chunks/000/functions-000019.c		
1023935fc	10239380f	decompiled	chunks/000/functions-000019.c		
102393810	102393843	decompiled	chunks/000/functions-000019.c	-[SCSCPreviewFeatureScanServicesSaberServiceProvider provide]	
102393844	102393877	decompiled	chunks/000/functions-000019.c	-[SCSCPreviewFeatureScanServicesSaberServiceProvider __safeProvide]	
102393878	1023938bb	decompiled	chunks/000/functions-000019.c	-[SCSCPreviewFeatureScanServicesSaberServiceProvider end]	
1023938bc	102393a53	decompiled	chunks/000/functions-000019.c		
102393a54	102393aff	decompiled	chunks/000/functions-000019.c	-[SCSCPreviewFeatureScanServicesSaberServiceProvider setValue:forIvarName:]	
102393b00	102393b73	decompiled	chunks/000/functions-000019.c	-[SCSCPreviewFeatureScanServicesSaberServiceProvider init]	
102393b74	102393ba7	decompiled	chunks/000/functions-000019.c		
102393ba8	102393bef	decompiled	chunks/000/functions-000019.c	-[SCSCPreviewFeatureScanServicesSaberServiceProvider .cxx_destruct]	
102393bf0	102393c0f	decompiled	chunks/000/functions-000019.c		
102393c10	102393c1b	decompiled	chunks/000/functions-000019.c	-[SCSCPreviewFeatureSendingServicesSaberServiceProvider beginIn]	
102393c1c	102393c27	decompiled	chunks/000/functions-000019.c	-[SCSCPreviewFeatureSendingServicesSaberServiceProvider setBeginIn:]	
102393c28	102393c33	decompiled	chunks/000/functions-000019.c	-[SCSCPreviewFeatureSendingServicesSaberServiceProvider previewScopeGraphBridgeServices]	
102393c34	102393c77	decompiled	chunks/000/functions-000019.c		
102393c78	102393c83	decompiled	chunks/000/functions-000019.c	-[SCSCPreviewFeatureSendingServicesSaberServiceProvider setPreviewScopeGraphBridgeServices:]	
102393c84	102393cd7	decompiled	chunks/000/functions-000019.c		
102393cd8	102393eeb	decompiled	chunks/000/functions-000019.c		
102393eec	102393f1f	decompiled	chunks/000/functions-000019.c	-[SCSCPreviewFeatureSendingServicesSaberServiceProvider provide]	
102393f20	102393f53	decompiled	chunks/000/functions-000019.c	-[SCSCPreviewFeatureSendingServicesSaberServiceProvider __safeProvide]	
102393f54	102393f97	decompiled	chunks/000/functions-000019.c	-[SCSCPreviewFeatureSendingServicesSaberServiceProvider end]	
102393f98	10239412f	decompiled	chunks/000/functions-000019.c		
102394130	1023941db	decompiled	chunks/000/functions-000019.c	-[SCSCPreviewFeatureSendingServicesSaberServiceProvider setValue:forIvarName:]	
1023941dc	10239424f	decompiled	chunks/000/functions-000019.c	-[SCSCPreviewFeatureSendingServicesSaberServiceProvider init]	
102394250	102394283	decompiled	chunks/000/functions-000019.c		
102394284	1023942cb	decompiled	chunks/000/functions-000019.c	-[SCSCPreviewFeatureSendingServicesSaberServiceProvider .cxx_destruct]	
1023942cc	1023942eb	decompiled	chunks/000/functions-000019.c		
1023942ec	1023942f7	decompiled	chunks/000/functions-000019.c	-[SCSCPreviewFeatureSmartTemplateServicesSaberServiceProvider beginIn]	
1023942f8	102394303	decompiled	chunks/000/functions-000019.c	-[SCSCPreviewFeatureSmartTemplateServicesSaberServiceProvider setBeginIn:]	
102394304	10239430f	decompiled	chunks/000/functions-000019.c	-[SCSCPreviewFeatureSmartTemplateServicesSaberServiceProvider previewScopeGraphBridgeServices]	
102394310	102394353	decompiled	chunks/000/functions-000019.c		
102394354	10239435f	decompiled	chunks/000/functions-000019.c	-[SCSCPreviewFeatureSmartTemplateServicesSaberServiceProvider setPreviewScopeGraphBridgeServices:]	
102394360	1023943b3	decompiled	chunks/000/functions-000019.c		
1023943b4	1023945c7	decompiled	chunks/000/functions-000019.c		
1023945c8	1023945fb	decompiled	chunks/000/functions-000019.c	-[SCSCPreviewFeatureSmartTemplateServicesSaberServiceProvider provide]	
1023945fc	10239462f	decompiled	chunks/000/functions-000019.c	-[SCSCPreviewFeatureSmartTemplateServicesSaberServiceProvider __safeProvide]	
102394630	102394673	decompiled	chunks/000/functions-000019.c	-[SCSCPreviewFeatureSmartTemplateServicesSaberServiceProvider end]	
102394674	10239480b	decompiled	chunks/000/functions-000019.c		
10239480c	1023948b7	decompiled	chunks/000/functions-000019.c	-[SCSCPreviewFeatureSmartTemplateServicesSaberServiceProvider setValue:forIvarName:]	
1023948b8	10239492b	decompiled	chunks/000/functions-000019.c	-[SCSCPreviewFeatureSmartTemplateServicesSaberServiceProvider init]	
10239492c	10239495f	decompiled	chunks/000/functions-000019.c		
102394960	1023949a7	decompiled	chunks/000/functions-000019.c	-[SCSCPreviewFeatureSmartTemplateServicesSaberServiceProvider .cxx_destruct]	
1023949a8	1023949c7	decompiled	chunks/000/functions-000019.c		
1023949c8	1023949d3	decompiled	chunks/000/functions-000019.c	-[SCSCPreviewFeatureSnapCropServicesSaberServiceProvider beginIn]	
1023949d4	1023949df	decompiled	chunks/000/functions-000019.c	-[SCSCPreviewFeatureSnapCropServicesSaberServiceProvider setBeginIn:]	
1023949e0	1023949eb	decompiled	chunks/000/functions-000019.c	-[SCSCPreviewFeatureSnapCropServicesSaberServiceProvider previewScopeGraphBridgeServices]	
1023949ec	102394a2f	decompiled	chunks/000/functions-000019.c		
102394a30	102394a3b	decompiled	chunks/000/functions-000019.c	-[SCSCPreviewFeatureSnapCropServicesSaberServiceProvider setPreviewScopeGraphBridgeServices:]	
102394a3c	102394a8f	decompiled	chunks/000/functions-000019.c		
102394a90	102394ca3	decompiled	chunks/000/functions-000019.c		
102394ca4	102394cd7	decompiled	chunks/000/functions-000019.c	-[SCSCPreviewFeatureSnapCropServicesSaberServiceProvider provide]	
102394cd8	102394d0b	decompiled	chunks/000/functions-000019.c	-[SCSCPreviewFeatureSnapCropServicesSaberServiceProvider __safeProvide]	
102394d0c	102394d4f	decompiled	chunks/000/functions-000019.c	-[SCSCPreviewFeatureSnapCropServicesSaberServiceProvider end]	
102394d50	102394ee7	decompiled	chunks/000/functions-000019.c		
102394ee8	102394f93	decompiled	chunks/000/functions-000019.c	-[SCSCPreviewFeatureSnapCropServicesSaberServiceProvider setValue:forIvarName:]	
102394f94	102395007	decompiled	chunks/000/functions-000019.c	-[SCSCPreviewFeatureSnapCropServicesSaberServiceProvider init]	
102395008	10239503b	decompiled	chunks/000/functions-000019.c		
10239503c	102395083	decompiled	chunks/000/functions-000019.c	-[SCSCPreviewFeatureSnapCropServicesSaberServiceProvider .cxx_destruct]	
102395084	1023950a3	decompiled	chunks/000/functions-000019.c		
1023950a4	1023950af	decompiled	chunks/000/functions-000019.c	-[SCSCPreviewFeatureSnapKitServicesSaberServiceProvider beginIn]	
1023950b0	1023950bb	decompiled	chunks/000/functions-000019.c	-[SCSCPreviewFeatureSnapKitServicesSaberServiceProvider setBeginIn:]	
1023950bc	1023950c7	decompiled	chunks/000/functions-000019.c	-[SCSCPreviewFeatureSnapKitServicesSaberServiceProvider previewScopeGraphBridgeServices]	
1023950c8	10239510b	decompiled	chunks/000/functions-000019.c		
10239510c	102395117	decompiled	chunks/000/functions-000019.c	-[SCSCPreviewFeatureSnapKitServicesSaberServiceProvider setPreviewScopeGraphBridgeServices:]	
102395118	10239516b	decompiled	chunks/000/functions-000019.c		
10239516c	10239537f	decompiled	chunks/000/functions-000019.c		
102395380	1023953b3	decompiled	chunks/000/functions-000019.c	-[SCSCPreviewFeatureSnapKitServicesSaberServiceProvider provide]	
1023953b4	1023953e7	decompiled	chunks/000/functions-000019.c	-[SCSCPreviewFeatureSnapKitServicesSaberServiceProvider __safeProvide]	
1023953e8	10239542b	decompiled	chunks/000/functions-000019.c	-[SCSCPreviewFeatureSnapKitServicesSaberServiceProvider end]	
10239542c	1023955c3	decompiled	chunks/000/functions-000019.c		
1023955c4	10239566f	decompiled	chunks/000/functions-000019.c	-[SCSCPreviewFeatureSnapKitServicesSaberServiceProvider setValue:forIvarName:]	
102395670	1023956e3	decompiled	chunks/000/functions-000019.c	-[SCSCPreviewFeatureSnapKitServicesSaberServiceProvider init]	
1023956e4	102395717	decompiled	chunks/000/functions-000019.c		
102395718	10239575f	decompiled	chunks/000/functions-000019.c	-[SCSCPreviewFeatureSnapKitServicesSaberServiceProvider .cxx_destruct]	
102395760	10239577f	decompiled	chunks/000/functions-000019.c		
102395780	10239578b	decompiled	chunks/000/functions-000019.c	-[SCSCPreviewFeatureSnapRecoveryPersistenceServicesSaberServiceProvider beginIn]	
10239578c	102395797	decompiled	chunks/000/functions-000019.c	-[SCSCPreviewFeatureSnapRecoveryPersistenceServicesSaberServiceProvider setBeginIn:]	
102395798	1023957a3	decompiled	chunks/000/functions-000019.c	-[SCSCPreviewFeatureSnapRecoveryPersistenceServicesSaberServiceProvider previewScopeGraphBridgeServices]	
1023957a4	1023957e7	decompiled	chunks/000/functions-000019.c		
