address	end_address	status	pseudocode_file	runtime_label	error
1023957e8	1023957f3	decompiled	chunks/000/functions-000020.c	-[SCSCPreviewFeatureSnapRecoveryPersistenceServicesSaberServiceProvider setPreviewScopeGraphBridgeServices:]	
1023957f4	102395847	decompiled	chunks/000/functions-000020.c		
102395848	102395a5b	decompiled	chunks/000/functions-000020.c		
102395a5c	102395a8f	decompiled	chunks/000/functions-000020.c	-[SCSCPreviewFeatureSnapRecoveryPersistenceServicesSaberServiceProvider provide]	
102395a90	102395ac3	decompiled	chunks/000/functions-000020.c	-[SCSCPreviewFeatureSnapRecoveryPersistenceServicesSaberServiceProvider __safeProvide]	
102395ac4	102395b07	decompiled	chunks/000/functions-000020.c	-[SCSCPreviewFeatureSnapRecoveryPersistenceServicesSaberServiceProvider end]	
102395b08	102395c9f	decompiled	chunks/000/functions-000020.c		
102395ca0	102395d4b	decompiled	chunks/000/functions-000020.c	-[SCSCPreviewFeatureSnapRecoveryPersistenceServicesSaberServiceProvider setValue:forIvarName:]	
102395d4c	102395dbf	decompiled	chunks/000/functions-000020.c	-[SCSCPreviewFeatureSnapRecoveryPersistenceServicesSaberServiceProvider init]	
102395dc0	102395df3	decompiled	chunks/000/functions-000020.c		
102395df4	102395e3b	decompiled	chunks/000/functions-000020.c	-[SCSCPreviewFeatureSnapRecoveryPersistenceServicesSaberServiceProvider .cxx_destruct]	
102395e3c	102395e5b	decompiled	chunks/000/functions-000020.c		
102395e5c	102395e67	decompiled	chunks/000/functions-000020.c	-[SCSCPreviewFeatureStickerContainerServicesSaberServiceProvider beginIn]	
102395e68	102395e73	decompiled	chunks/000/functions-000020.c	-[SCSCPreviewFeatureStickerContainerServicesSaberServiceProvider setBeginIn:]	
102395e74	102395e7f	decompiled	chunks/000/functions-000020.c	-[SCSCPreviewFeatureStickerContainerServicesSaberServiceProvider previewScopeGraphBridgeServices]	
102395e80	102395ec3	decompiled	chunks/000/functions-000020.c		
102395ec4	102395ecf	decompiled	chunks/000/functions-000020.c	-[SCSCPreviewFeatureStickerContainerServicesSaberServiceProvider setPreviewScopeGraphBridgeServices:]	
102395ed0	102395f23	decompiled	chunks/000/functions-000020.c		
102395f24	102396137	decompiled	chunks/000/functions-000020.c		
102396138	10239616b	decompiled	chunks/000/functions-000020.c	-[SCSCPreviewFeatureStickerContainerServicesSaberServiceProvider provide]	
10239616c	10239619f	decompiled	chunks/000/functions-000020.c	-[SCSCPreviewFeatureStickerContainerServicesSaberServiceProvider __safeProvide]	
1023961a0	1023961e3	decompiled	chunks/000/functions-000020.c	-[SCSCPreviewFeatureStickerContainerServicesSaberServiceProvider end]	
1023961e4	10239637b	decompiled	chunks/000/functions-000020.c		
10239637c	102396427	decompiled	chunks/000/functions-000020.c	-[SCSCPreviewFeatureStickerContainerServicesSaberServiceProvider setValue:forIvarName:]	
102396428	10239649b	decompiled	chunks/000/functions-000020.c	-[SCSCPreviewFeatureStickerContainerServicesSaberServiceProvider init]	
10239649c	1023964cf	decompiled	chunks/000/functions-000020.c		
1023964d0	102396517	decompiled	chunks/000/functions-000020.c	-[SCSCPreviewFeatureStickerContainerServicesSaberServiceProvider .cxx_destruct]	
102396518	102396537	decompiled	chunks/000/functions-000020.c		
102396538	102396543	decompiled	chunks/000/functions-000020.c	-[SCSCPreviewFeatureSwipeDownDismissServicesSaberServiceProvider beginIn]	
102396544	10239654f	decompiled	chunks/000/functions-000020.c	-[SCSCPreviewFeatureSwipeDownDismissServicesSaberServiceProvider setBeginIn:]	
102396550	10239655b	decompiled	chunks/000/functions-000020.c	-[SCSCPreviewFeatureSwipeDownDismissServicesSaberServiceProvider previewScopeGraphBridgeServices]	
10239655c	10239659f	decompiled	chunks/000/functions-000020.c		
1023965a0	1023965ab	decompiled	chunks/000/functions-000020.c	-[SCSCPreviewFeatureSwipeDownDismissServicesSaberServiceProvider setPreviewScopeGraphBridgeServices:]	
1023965ac	1023965ff	decompiled	chunks/000/functions-000020.c		
102396600	102396813	decompiled	chunks/000/functions-000020.c		
102396814	102396847	decompiled	chunks/000/functions-000020.c	-[SCSCPreviewFeatureSwipeDownDismissServicesSaberServiceProvider provide]	
102396848	10239687b	decompiled	chunks/000/functions-000020.c	-[SCSCPreviewFeatureSwipeDownDismissServicesSaberServiceProvider __safeProvide]	
10239687c	1023968bf	decompiled	chunks/000/functions-000020.c	-[SCSCPreviewFeatureSwipeDownDismissServicesSaberServiceProvider end]	
1023968c0	102396a57	decompiled	chunks/000/functions-000020.c		
102396a58	102396b03	decompiled	chunks/000/functions-000020.c	-[SCSCPreviewFeatureSwipeDownDismissServicesSaberServiceProvider setValue:forIvarName:]	
102396b04	102396b77	decompiled	chunks/000/functions-000020.c	-[SCSCPreviewFeatureSwipeDownDismissServicesSaberServiceProvider init]	
102396b78	102396bab	decompiled	chunks/000/functions-000020.c		
102396bac	102396bf3	decompiled	chunks/000/functions-000020.c	-[SCSCPreviewFeatureSwipeDownDismissServicesSaberServiceProvider .cxx_destruct]	
102396bf4	102396c13	decompiled	chunks/000/functions-000020.c		
102396c14	102396c1f	decompiled	chunks/000/functions-000020.c	-[SCSCPreviewFeatureSwipeFiltersInternalServicesSaberServiceProvider beginIn]	
102396c20	102396c2b	decompiled	chunks/000/functions-000020.c	-[SCSCPreviewFeatureSwipeFiltersInternalServicesSaberServiceProvider setBeginIn:]	
102396c2c	102396c37	decompiled	chunks/000/functions-000020.c	-[SCSCPreviewFeatureSwipeFiltersInternalServicesSaberServiceProvider previewScopeGraphBridgeServices]	
102396c38	102396c7b	decompiled	chunks/000/functions-000020.c		
102396c7c	102396c87	decompiled	chunks/000/functions-000020.c	-[SCSCPreviewFeatureSwipeFiltersInternalServicesSaberServiceProvider setPreviewScopeGraphBridgeServices:]	
102396c88	102396cdb	decompiled	chunks/000/functions-000020.c		
102396cdc	102396eef	decompiled	chunks/000/functions-000020.c		
102396ef0	102396f23	decompiled	chunks/000/functions-000020.c	-[SCSCPreviewFeatureSwipeFiltersInternalServicesSaberServiceProvider provide]	
102396f24	102396f57	decompiled	chunks/000/functions-000020.c	-[SCSCPreviewFeatureSwipeFiltersInternalServicesSaberServiceProvider __safeProvide]	
102396f58	102396f9b	decompiled	chunks/000/functions-000020.c	-[SCSCPreviewFeatureSwipeFiltersInternalServicesSaberServiceProvider end]	
102396f9c	102397133	decompiled	chunks/000/functions-000020.c		
102397134	1023971df	decompiled	chunks/000/functions-000020.c	-[SCSCPreviewFeatureSwipeFiltersInternalServicesSaberServiceProvider setValue:forIvarName:]	
1023971e0	102397253	decompiled	chunks/000/functions-000020.c	-[SCSCPreviewFeatureSwipeFiltersInternalServicesSaberServiceProvider init]	
102397254	102397287	decompiled	chunks/000/functions-000020.c		
102397288	1023972cf	decompiled	chunks/000/functions-000020.c	-[SCSCPreviewFeatureSwipeFiltersInternalServicesSaberServiceProvider .cxx_destruct]	
1023972d0	1023972ef	decompiled	chunks/000/functions-000020.c		
1023972f0	1023972fb	decompiled	chunks/000/functions-000020.c	-[SCSCPreviewFeatureTextToSpeechServicesSaberServiceProvider beginIn]	
1023972fc	102397307	decompiled	chunks/000/functions-000020.c	-[SCSCPreviewFeatureTextToSpeechServicesSaberServiceProvider setBeginIn:]	
102397308	102397313	decompiled	chunks/000/functions-000020.c	-[SCSCPreviewFeatureTextToSpeechServicesSaberServiceProvider previewScopeGraphBridgeServices]	
102397314	102397357	decompiled	chunks/000/functions-000020.c		
102397358	102397363	decompiled	chunks/000/functions-000020.c	-[SCSCPreviewFeatureTextToSpeechServicesSaberServiceProvider setPreviewScopeGraphBridgeServices:]	
102397364	1023973b7	decompiled	chunks/000/functions-000020.c		
1023973b8	1023975cb	decompiled	chunks/000/functions-000020.c		
1023975cc	1023975ff	decompiled	chunks/000/functions-000020.c	-[SCSCPreviewFeatureTextToSpeechServicesSaberServiceProvider provide]	
102397600	102397633	decompiled	chunks/000/functions-000020.c	-[SCSCPreviewFeatureTextToSpeechServicesSaberServiceProvider __safeProvide]	
102397634	102397677	decompiled	chunks/000/functions-000020.c	-[SCSCPreviewFeatureTextToSpeechServicesSaberServiceProvider end]	
102397678	10239780f	decompiled	chunks/000/functions-000020.c		
102397810	1023978bb	decompiled	chunks/000/functions-000020.c	-[SCSCPreviewFeatureTextToSpeechServicesSaberServiceProvider setValue:forIvarName:]	
1023978bc	10239792f	decompiled	chunks/000/functions-000020.c	-[SCSCPreviewFeatureTextToSpeechServicesSaberServiceProvider init]	
102397930	102397963	decompiled	chunks/000/functions-000020.c		
102397964	1023979ab	decompiled	chunks/000/functions-000020.c	-[SCSCPreviewFeatureTextToSpeechServicesSaberServiceProvider .cxx_destruct]	
1023979ac	1023979cb	decompiled	chunks/000/functions-000020.c		
1023979cc	1023979d7	decompiled	chunks/000/functions-000020.c	-[SCSCPreviewFeatureTimelineServicesSaberServiceProvider beginIn]	
1023979d8	1023979e3	decompiled	chunks/000/functions-000020.c	-[SCSCPreviewFeatureTimelineServicesSaberServiceProvider setBeginIn:]	
1023979e4	1023979ef	decompiled	chunks/000/functions-000020.c	-[SCSCPreviewFeatureTimelineServicesSaberServiceProvider previewScopeGraphBridgeServices]	
1023979f0	102397a33	decompiled	chunks/000/functions-000020.c		
102397a34	102397a3f	decompiled	chunks/000/functions-000020.c	-[SCSCPreviewFeatureTimelineServicesSaberServiceProvider setPreviewScopeGraphBridgeServices:]	
102397a40	102397a93	decompiled	chunks/000/functions-000020.c		
102397a94	102397ca7	decompiled	chunks/000/functions-000020.c		
102397ca8	102397cdb	decompiled	chunks/000/functions-000020.c	-[SCSCPreviewFeatureTimelineServicesSaberServiceProvider provide]	
102397cdc	102397d0f	decompiled	chunks/000/functions-000020.c	-[SCSCPreviewFeatureTimelineServicesSaberServiceProvider __safeProvide]	
102397d10	102397d53	decompiled	chunks/000/functions-000020.c	-[SCSCPreviewFeatureTimelineServicesSaberServiceProvider end]	
102397d54	102397eeb	decompiled	chunks/000/functions-000020.c		
102397eec	102397f97	decompiled	chunks/000/functions-000020.c	-[SCSCPreviewFeatureTimelineServicesSaberServiceProvider setValue:forIvarName:]	
102397f98	10239800b	decompiled	chunks/000/functions-000020.c	-[SCSCPreviewFeatureTimelineServicesSaberServiceProvider init]	
10239800c	10239803f	decompiled	chunks/000/functions-000020.c		
102398040	102398087	decompiled	chunks/000/functions-000020.c	-[SCSCPreviewFeatureTimelineServicesSaberServiceProvider .cxx_destruct]	
102398088	1023980a7	decompiled	chunks/000/functions-000020.c		
1023980a8	1023980b3	decompiled	chunks/000/functions-000020.c	-[SCSCPreviewFeatureTimerServicesSaberServiceProvider beginIn]	
1023980b4	1023980bf	decompiled	chunks/000/functions-000020.c	-[SCSCPreviewFeatureTimerServicesSaberServiceProvider setBeginIn:]	
1023980c0	1023980cb	decompiled	chunks/000/functions-000020.c	-[SCSCPreviewFeatureTimerServicesSaberServiceProvider previewScopeGraphBridgeServices]	
1023980cc	10239810f	decompiled	chunks/000/functions-000020.c		
102398110	10239811b	decompiled	chunks/000/functions-000020.c	-[SCSCPreviewFeatureTimerServicesSaberServiceProvider setPreviewScopeGraphBridgeServices:]	
10239811c	10239816f	decompiled	chunks/000/functions-000020.c		
102398170	102398383	decompiled	chunks/000/functions-000020.c		
102398384	1023983b7	decompiled	chunks/000/functions-000020.c	-[SCSCPreviewFeatureTimerServicesSaberServiceProvider provide]	
1023983b8	1023983eb	decompiled	chunks/000/functions-000021.c	-[SCSCPreviewFeatureTimerServicesSaberServiceProvider __safeProvide]	
1023983ec	10239842f	decompiled	chunks/000/functions-000021.c	-[SCSCPreviewFeatureTimerServicesSaberServiceProvider end]	
102398430	1023985c7	decompiled	chunks/000/functions-000021.c		
1023985c8	102398673	decompiled	chunks/000/functions-000021.c	-[SCSCPreviewFeatureTimerServicesSaberServiceProvider setValue:forIvarName:]	
102398674	1023986e7	decompiled	chunks/000/functions-000021.c	-[SCSCPreviewFeatureTimerServicesSaberServiceProvider init]	
1023986e8	10239871b	decompiled	chunks/000/functions-000021.c		
10239871c	102398763	decompiled	chunks/000/functions-000021.c	-[SCSCPreviewFeatureTimerServicesSaberServiceProvider .cxx_destruct]	
102398764	102398783	decompiled	chunks/000/functions-000021.c		
102398784	10239878f	decompiled	chunks/000/functions-000021.c	-[SCSCPreviewFeatureTooltipPresenterServicesSaberServiceProvider beginIn]	
102398790	10239879b	decompiled	chunks/000/functions-000021.c	-[SCSCPreviewFeatureTooltipPresenterServicesSaberServiceProvider setBeginIn:]	
10239879c	1023987a7	decompiled	chunks/000/functions-000021.c	-[SCSCPreviewFeatureTooltipPresenterServicesSaberServiceProvider previewScopeGraphBridgeServices]	
1023987a8	1023987eb	decompiled	chunks/000/functions-000021.c		
1023987ec	1023987f7	decompiled	chunks/000/functions-000021.c	-[SCSCPreviewFeatureTooltipPresenterServicesSaberServiceProvider setPreviewScopeGraphBridgeServices:]	
1023987f8	10239884b	decompiled	chunks/000/functions-000021.c		
10239884c	102398a5f	decompiled	chunks/000/functions-000021.c		
102398a60	102398a93	decompiled	chunks/000/functions-000021.c	-[SCSCPreviewFeatureTooltipPresenterServicesSaberServiceProvider provide]	
102398a94	102398ac7	decompiled	chunks/000/functions-000021.c	-[SCSCPreviewFeatureTooltipPresenterServicesSaberServiceProvider __safeProvide]	
102398ac8	102398b0b	decompiled	chunks/000/functions-000021.c	-[SCSCPreviewFeatureTooltipPresenterServicesSaberServiceProvider end]	
102398b0c	102398ca3	decompiled	chunks/000/functions-000021.c		
102398ca4	102398d4f	decompiled	chunks/000/functions-000021.c	-[SCSCPreviewFeatureTooltipPresenterServicesSaberServiceProvider setValue:forIvarName:]	
102398d50	102398dc3	decompiled	chunks/000/functions-000021.c	-[SCSCPreviewFeatureTooltipPresenterServicesSaberServiceProvider init]	
102398dc4	102398df7	decompiled	chunks/000/functions-000021.c		
102398df8	102398e3f	decompiled	chunks/000/functions-000021.c	-[SCSCPreviewFeatureTooltipPresenterServicesSaberServiceProvider .cxx_destruct]	
102398e40	102398e5f	decompiled	chunks/000/functions-000021.c		
102398e60	102398e6b	decompiled	chunks/000/functions-000021.c	-[SCSCPreviewFeatureTooltipServicesSaberServiceProvider beginIn]	
102398e6c	102398e77	decompiled	chunks/000/functions-000021.c	-[SCSCPreviewFeatureTooltipServicesSaberServiceProvider setBeginIn:]	
102398e78	102398e83	decompiled	chunks/000/functions-000021.c	-[SCSCPreviewFeatureTooltipServicesSaberServiceProvider previewScopeGraphBridgeServices]	
102398e84	102398ec7	decompiled	chunks/000/functions-000021.c		
102398ec8	102398ed3	decompiled	chunks/000/functions-000021.c	-[SCSCPreviewFeatureTooltipServicesSaberServiceProvider setPreviewScopeGraphBridgeServices:]	
102398ed4	102398f27	decompiled	chunks/000/functions-000021.c		
102398f28	10239913b	decompiled	chunks/000/functions-000021.c		
10239913c	10239916f	decompiled	chunks/000/functions-000021.c	-[SCSCPreviewFeatureTooltipServicesSaberServiceProvider provide]	
102399170	1023991a3	decompiled	chunks/000/functions-000021.c	-[SCSCPreviewFeatureTooltipServicesSaberServiceProvider __safeProvide]	
1023991a4	1023991e7	decompiled	chunks/000/functions-000021.c	-[SCSCPreviewFeatureTooltipServicesSaberServiceProvider end]	
1023991e8	10239937f	decompiled	chunks/000/functions-000021.c		
102399380	10239942b	decompiled	chunks/000/functions-000021.c	-[SCSCPreviewFeatureTooltipServicesSaberServiceProvider setValue:forIvarName:]	
10239942c	10239949f	decompiled	chunks/000/functions-000021.c	-[SCSCPreviewFeatureTooltipServicesSaberServiceProvider init]	
1023994a0	1023994d3	decompiled	chunks/000/functions-000021.c		
1023994d4	10239951b	decompiled	chunks/000/functions-000021.c	-[SCSCPreviewFeatureTooltipServicesSaberServiceProvider .cxx_destruct]	
10239951c	10239953b	decompiled	chunks/000/functions-000021.c		
10239953c	102399547	decompiled	chunks/000/functions-000021.c	-[SCSCPreviewFeatureUcoServicesSaberServiceProvider beginIn]	
102399548	102399553	decompiled	chunks/000/functions-000021.c	-[SCSCPreviewFeatureUcoServicesSaberServiceProvider setBeginIn:]	
102399554	10239955f	decompiled	chunks/000/functions-000021.c	-[SCSCPreviewFeatureUcoServicesSaberServiceProvider previewScopeGraphBridgeServices]	
102399560	1023995a3	decompiled	chunks/000/functions-000021.c		
1023995a4	1023995af	decompiled	chunks/000/functions-000021.c	-[SCSCPreviewFeatureUcoServicesSaberServiceProvider setPreviewScopeGraphBridgeServices:]	
1023995b0	102399603	decompiled	chunks/000/functions-000021.c		
102399604	102399817	decompiled	chunks/000/functions-000021.c		
102399818	10239984b	decompiled	chunks/000/functions-000021.c	-[SCSCPreviewFeatureUcoServicesSaberServiceProvider provide]	
10239984c	10239987f	decompiled	chunks/000/functions-000021.c	-[SCSCPreviewFeatureUcoServicesSaberServiceProvider __safeProvide]	
102399880	1023998c3	decompiled	chunks/000/functions-000021.c	-[SCSCPreviewFeatureUcoServicesSaberServiceProvider end]	
1023998c4	102399a5b	decompiled	chunks/000/functions-000021.c		
102399a5c	102399b07	decompiled	chunks/000/functions-000021.c	-[SCSCPreviewFeatureUcoServicesSaberServiceProvider setValue:forIvarName:]	
102399b08	102399b7b	decompiled	chunks/000/functions-000021.c	-[SCSCPreviewFeatureUcoServicesSaberServiceProvider init]	
102399b7c	102399baf	decompiled	chunks/000/functions-000021.c		
102399bb0	102399bf7	decompiled	chunks/000/functions-000021.c	-[SCSCPreviewFeatureUcoServicesSaberServiceProvider .cxx_destruct]	
102399bf8	102399c17	decompiled	chunks/000/functions-000021.c		
102399c18	102399c23	decompiled	chunks/000/functions-000021.c	-[SCSCPreviewFeatureUserNoticeServicesSaberServiceProvider beginIn]	
102399c24	102399c2f	decompiled	chunks/000/functions-000021.c	-[SCSCPreviewFeatureUserNoticeServicesSaberServiceProvider setBeginIn:]	
102399c30	102399c3b	decompiled	chunks/000/functions-000021.c	-[SCSCPreviewFeatureUserNoticeServicesSaberServiceProvider previewScopeGraphBridgeServices]	
102399c3c	102399c7f	decompiled	chunks/000/functions-000021.c		
102399c80	102399c8b	decompiled	chunks/000/functions-000021.c	-[SCSCPreviewFeatureUserNoticeServicesSaberServiceProvider setPreviewScopeGraphBridgeServices:]	
102399c8c	102399cdf	decompiled	chunks/000/functions-000021.c		
102399ce0	102399ef3	decompiled	chunks/000/functions-000021.c		
102399ef4	102399f27	decompiled	chunks/000/functions-000021.c	-[SCSCPreviewFeatureUserNoticeServicesSaberServiceProvider provide]	
102399f28	102399f5b	decompiled	chunks/000/functions-000021.c	-[SCSCPreviewFeatureUserNoticeServicesSaberServiceProvider __safeProvide]	
102399f5c	102399f9f	decompiled	chunks/000/functions-000021.c	-[SCSCPreviewFeatureUserNoticeServicesSaberServiceProvider end]	
102399fa0	10239a137	decompiled	chunks/000/functions-000021.c		
10239a138	10239a1e3	decompiled	chunks/000/functions-000021.c	-[SCSCPreviewFeatureUserNoticeServicesSaberServiceProvider setValue:forIvarName:]	
10239a1e4	10239a257	decompiled	chunks/000/functions-000021.c	-[SCSCPreviewFeatureUserNoticeServicesSaberServiceProvider init]	
10239a258	10239a28b	decompiled	chunks/000/functions-000021.c		
10239a28c	10239a2d3	decompiled	chunks/000/functions-000021.c	-[SCSCPreviewFeatureUserNoticeServicesSaberServiceProvider .cxx_destruct]	
10239a2d4	10239a2f3	decompiled	chunks/000/functions-000021.c		
10239a2f4	10239a2ff	decompiled	chunks/000/functions-000021.c	-[SCSCPreviewFeatureUserTaggingServicesSaberServiceProvider beginIn]	
10239a300	10239a30b	decompiled	chunks/000/functions-000021.c	-[SCSCPreviewFeatureUserTaggingServicesSaberServiceProvider setBeginIn:]	
10239a30c	10239a317	decompiled	chunks/000/functions-000021.c	-[SCSCPreviewFeatureUserTaggingServicesSaberServiceProvider previewScopeGraphBridgeServices]	
10239a318	10239a35b	decompiled	chunks/000/functions-000021.c		
10239a35c	10239a367	decompiled	chunks/000/functions-000021.c	-[SCSCPreviewFeatureUserTaggingServicesSaberServiceProvider setPreviewScopeGraphBridgeServices:]	
10239a368	10239a3bb	decompiled	chunks/000/functions-000021.c		
10239a3bc	10239a5cf	decompiled	chunks/000/functions-000021.c		
10239a5d0	10239a603	decompiled	chunks/000/functions-000021.c	-[SCSCPreviewFeatureUserTaggingServicesSaberServiceProvider provide]	
10239a604	10239a637	decompiled	chunks/000/functions-000021.c	-[SCSCPreviewFeatureUserTaggingServicesSaberServiceProvider __safeProvide]	
10239a638	10239a67b	decompiled	chunks/000/functions-000021.c	-[SCSCPreviewFeatureUserTaggingServicesSaberServiceProvider end]	
10239a67c	10239a813	decompiled	chunks/000/functions-000021.c		
10239a814	10239a8bf	decompiled	chunks/000/functions-000021.c	-[SCSCPreviewFeatureUserTaggingServicesSaberServiceProvider setValue:forIvarName:]	
10239a8c0	10239a933	decompiled	chunks/000/functions-000021.c	-[SCSCPreviewFeatureUserTaggingServicesSaberServiceProvider init]	
10239a934	10239a967	decompiled	chunks/000/functions-000021.c		
10239a968	10239a9af	decompiled	chunks/000/functions-000021.c	-[SCSCPreviewFeatureUserTaggingServicesSaberServiceProvider .cxx_destruct]	
10239a9b0	10239a9cf	decompiled	chunks/000/functions-000021.c		
10239a9d0	10239a9db	decompiled	chunks/000/functions-000021.c	-[SCSCPreviewFeatureVideoPlaybackControlsLegacyServicesSaberServiceProvider beginIn]	
10239a9dc	10239a9e7	decompiled	chunks/000/functions-000021.c	-[SCSCPreviewFeatureVideoPlaybackControlsLegacyServicesSaberServiceProvider setBeginIn:]	
10239a9e8	10239a9f3	decompiled	chunks/000/functions-000021.c	-[SCSCPreviewFeatureVideoPlaybackControlsLegacyServicesSaberServiceProvider previewScopeGraphBridgeServices]	
10239a9f4	10239aa37	decompiled	chunks/000/functions-000021.c		
10239aa38	10239aa43	decompiled	chunks/000/functions-000021.c	-[SCSCPreviewFeatureVideoPlaybackControlsLegacyServicesSaberServiceProvider setPreviewScopeGraphBridgeServices:]	
10239aa44	10239aa97	decompiled	chunks/000/functions-000021.c		
10239aa98	10239acab	decompiled	chunks/000/functions-000021.c		
10239acac	10239acdf	decompiled	chunks/000/functions-000021.c	-[SCSCPreviewFeatureVideoPlaybackControlsLegacyServicesSaberServiceProvider provide]	
10239ace0	10239ad13	decompiled	chunks/000/functions-000021.c	-[SCSCPreviewFeatureVideoPlaybackControlsLegacyServicesSaberServiceProvider __safeProvide]	
10239ad14	10239ad57	decompiled	chunks/000/functions-000021.c	-[SCSCPreviewFeatureVideoPlaybackControlsLegacyServicesSaberServiceProvider end]	
10239ad58	10239aeef	decompiled	chunks/000/functions-000021.c		
10239aef0	10239af9b	decompiled	chunks/000/functions-000021.c	-[SCSCPreviewFeatureVideoPlaybackControlsLegacyServicesSaberServiceProvider setValue:forIvarName:]	
10239af9c	10239b00f	decompiled	chunks/000/functions-000022.c	-[SCSCPreviewFeatureVideoPlaybackControlsLegacyServicesSaberServiceProvider init]	
10239b010	10239b043	decompiled	chunks/000/functions-000022.c		
10239b044	10239b08b	decompiled	chunks/000/functions-000022.c	-[SCSCPreviewFeatureVideoPlaybackControlsLegacyServicesSaberServiceProvider .cxx_destruct]	
10239b08c	10239b0ab	decompiled	chunks/000/functions-000022.c		
10239b0ac	10239b0b7	decompiled	chunks/000/functions-000022.c	-[SCSCPreviewFeatureVideoPlaybackServicesSaberServiceProvider beginIn]	
10239b0b8	10239b0c3	decompiled	chunks/000/functions-000022.c	-[SCSCPreviewFeatureVideoPlaybackServicesSaberServiceProvider setBeginIn:]	
10239b0c4	10239b0cf	decompiled	chunks/000/functions-000022.c	-[SCSCPreviewFeatureVideoPlaybackServicesSaberServiceProvider previewScopeGraphBridgeServices]	
10239b0d0	10239b113	decompiled	chunks/000/functions-000022.c		
10239b114	10239b11f	decompiled	chunks/000/functions-000022.c	-[SCSCPreviewFeatureVideoPlaybackServicesSaberServiceProvider setPreviewScopeGraphBridgeServices:]	
10239b120	10239b173	decompiled	chunks/000/functions-000022.c		
10239b174	10239b387	decompiled	chunks/000/functions-000022.c		
10239b388	10239b3bb	decompiled	chunks/000/functions-000022.c	-[SCSCPreviewFeatureVideoPlaybackServicesSaberServiceProvider provide]	
10239b3bc	10239b3ef	decompiled	chunks/000/functions-000022.c	-[SCSCPreviewFeatureVideoPlaybackServicesSaberServiceProvider __safeProvide]	
10239b3f0	10239b433	decompiled	chunks/000/functions-000022.c	-[SCSCPreviewFeatureVideoPlaybackServicesSaberServiceProvider end]	
10239b434	10239b5cb	decompiled	chunks/000/functions-000022.c		
10239b5cc	10239b677	decompiled	chunks/000/functions-000022.c	-[SCSCPreviewFeatureVideoPlaybackServicesSaberServiceProvider setValue:forIvarName:]	
10239b678	10239b6eb	decompiled	chunks/000/functions-000022.c	-[SCSCPreviewFeatureVideoPlaybackServicesSaberServiceProvider init]	
10239b6ec	10239b71f	decompiled	chunks/000/functions-000022.c		
10239b720	10239b767	decompiled	chunks/000/functions-000022.c	-[SCSCPreviewFeatureVideoPlaybackServicesSaberServiceProvider .cxx_destruct]	
10239b768	10239b787	decompiled	chunks/000/functions-000022.c		
10239b788	10239b793	decompiled	chunks/000/functions-000022.c	-[SCSCPreviewFeatureVideoTrackingServicesSaberServiceProvider beginIn]	
10239b794	10239b79f	decompiled	chunks/000/functions-000022.c	-[SCSCPreviewFeatureVideoTrackingServicesSaberServiceProvider setBeginIn:]	
10239b7a0	10239b7ab	decompiled	chunks/000/functions-000022.c	-[SCSCPreviewFeatureVideoTrackingServicesSaberServiceProvider previewScopeGraphBridgeServices]	
10239b7ac	10239b7ef	decompiled	chunks/000/functions-000022.c		
10239b7f0	10239b7fb	decompiled	chunks/000/functions-000022.c	-[SCSCPreviewFeatureVideoTrackingServicesSaberServiceProvider setPreviewScopeGraphBridgeServices:]	
10239b7fc	10239b84f	decompiled	chunks/000/functions-000022.c		
10239b850	10239ba63	decompiled	chunks/000/functions-000022.c		
10239ba64	10239ba97	decompiled	chunks/000/functions-000022.c	-[SCSCPreviewFeatureVideoTrackingServicesSaberServiceProvider provide]	
10239ba98	10239bacb	decompiled	chunks/000/functions-000022.c	-[SCSCPreviewFeatureVideoTrackingServicesSaberServiceProvider __safeProvide]	
10239bacc	10239bb0f	decompiled	chunks/000/functions-000022.c	-[SCSCPreviewFeatureVideoTrackingServicesSaberServiceProvider end]	
10239bb10	10239bca7	decompiled	chunks/000/functions-000022.c		
10239bca8	10239bd53	decompiled	chunks/000/functions-000022.c	-[SCSCPreviewFeatureVideoTrackingServicesSaberServiceProvider setValue:forIvarName:]	
10239bd54	10239bdc7	decompiled	chunks/000/functions-000022.c	-[SCSCPreviewFeatureVideoTrackingServicesSaberServiceProvider init]	
10239bdc8	10239bdfb	decompiled	chunks/000/functions-000022.c		
10239bdfc	10239be43	decompiled	chunks/000/functions-000022.c	-[SCSCPreviewFeatureVideoTrackingServicesSaberServiceProvider .cxx_destruct]	
10239be44	10239be63	decompiled	chunks/000/functions-000022.c		
10239be64	10239be6f	decompiled	chunks/000/functions-000022.c	-[SCSCPreviewFeatureVoiceoverServicesSaberServiceProvider beginIn]	
10239be70	10239be7b	decompiled	chunks/000/functions-000022.c	-[SCSCPreviewFeatureVoiceoverServicesSaberServiceProvider setBeginIn:]	
10239be7c	10239be87	decompiled	chunks/000/functions-000022.c	-[SCSCPreviewFeatureVoiceoverServicesSaberServiceProvider previewScopeGraphBridgeServices]	
10239be88	10239becb	decompiled	chunks/000/functions-000022.c		
10239becc	10239bed7	decompiled	chunks/000/functions-000022.c	-[SCSCPreviewFeatureVoiceoverServicesSaberServiceProvider setPreviewScopeGraphBridgeServices:]	
10239bed8	10239bf2b	decompiled	chunks/000/functions-000022.c		
10239bf2c	10239c13f	decompiled	chunks/000/functions-000022.c		
10239c140	10239c173	decompiled	chunks/000/functions-000022.c	-[SCSCPreviewFeatureVoiceoverServicesSaberServiceProvider provide]	
10239c174	10239c1a7	decompiled	chunks/000/functions-000022.c	-[SCSCPreviewFeatureVoiceoverServicesSaberServiceProvider __safeProvide]	
10239c1a8	10239c1eb	decompiled	chunks/000/functions-000022.c	-[SCSCPreviewFeatureVoiceoverServicesSaberServiceProvider end]	
10239c1ec	10239c383	decompiled	chunks/000/functions-000022.c		
10239c384	10239c42f	decompiled	chunks/000/functions-000022.c	-[SCSCPreviewFeatureVoiceoverServicesSaberServiceProvider setValue:forIvarName:]	
10239c430	10239c4a3	decompiled	chunks/000/functions-000022.c	-[SCSCPreviewFeatureVoiceoverServicesSaberServiceProvider init]	
10239c4a4	10239c4d7	decompiled	chunks/000/functions-000022.c		
10239c4d8	10239c51f	decompiled	chunks/000/functions-000022.c	-[SCSCPreviewFeatureVoiceoverServicesSaberServiceProvider .cxx_destruct]	
10239c520	10239c53f	decompiled	chunks/000/functions-000022.c		
10239c540	10239c54b	decompiled	chunks/000/functions-000022.c	-[SCSCPreviewFeatureWebAttachmentServicesSaberServiceProvider beginIn]	
10239c54c	10239c557	decompiled	chunks/000/functions-000022.c	-[SCSCPreviewFeatureWebAttachmentServicesSaberServiceProvider setBeginIn:]	
10239c558	10239c563	decompiled	chunks/000/functions-000022.c	-[SCSCPreviewFeatureWebAttachmentServicesSaberServiceProvider previewScopeGraphBridgeServices]	
10239c564	10239c5a7	decompiled	chunks/000/functions-000022.c		
10239c5a8	10239c5b3	decompiled	chunks/000/functions-000022.c	-[SCSCPreviewFeatureWebAttachmentServicesSaberServiceProvider setPreviewScopeGraphBridgeServices:]	
10239c5b4	10239c607	decompiled	chunks/000/functions-000022.c		
10239c608	10239c81b	decompiled	chunks/000/functions-000022.c		
10239c81c	10239c84f	decompiled	chunks/000/functions-000022.c	-[SCSCPreviewFeatureWebAttachmentServicesSaberServiceProvider provide]	
10239c850	10239c883	decompiled	chunks/000/functions-000022.c	-[SCSCPreviewFeatureWebAttachmentServicesSaberServiceProvider __safeProvide]	
10239c884	10239c8c7	decompiled	chunks/000/functions-000022.c	-[SCSCPreviewFeatureWebAttachmentServicesSaberServiceProvider end]	
10239c8c8	10239ca5f	decompiled	chunks/000/functions-000022.c		
10239ca60	10239cb0b	decompiled	chunks/000/functions-000022.c	-[SCSCPreviewFeatureWebAttachmentServicesSaberServiceProvider setValue:forIvarName:]	
10239cb0c	10239cb7f	decompiled	chunks/000/functions-000022.c	-[SCSCPreviewFeatureWebAttachmentServicesSaberServiceProvider init]	
10239cb80	10239cbb3	decompiled	chunks/000/functions-000022.c		
10239cbb4	10239cbfb	decompiled	chunks/000/functions-000022.c	-[SCSCPreviewFeatureWebAttachmentServicesSaberServiceProvider .cxx_destruct]	
10239cbfc	10239cc1b	decompiled	chunks/000/functions-000022.c		
10239cc1c	10239cc27	decompiled	chunks/000/functions-000022.c	-[SCSCPreviewFeaturesPluginServiceSaberServiceProvider beginIn]	
10239cc28	10239cc33	decompiled	chunks/000/functions-000022.c	-[SCSCPreviewFeaturesPluginServiceSaberServiceProvider setBeginIn:]	
10239cc34	10239cc3f	decompiled	chunks/000/functions-000022.c	-[SCSCPreviewFeaturesPluginServiceSaberServiceProvider previewScopeGraphBridgeServices]	
10239cc40	10239cc83	decompiled	chunks/000/functions-000022.c		
10239cc84	10239cc8f	decompiled	chunks/000/functions-000022.c	-[SCSCPreviewFeaturesPluginServiceSaberServiceProvider setPreviewScopeGraphBridgeServices:]	
10239cc90	10239cce3	decompiled	chunks/000/functions-000022.c		
10239cce4	10239cef7	decompiled	chunks/000/functions-000022.c		
10239cef8	10239cf2b	decompiled	chunks/000/functions-000022.c	-[SCSCPreviewFeaturesPluginServiceSaberServiceProvider provide]	
10239cf2c	10239cf5f	decompiled	chunks/000/functions-000022.c	-[SCSCPreviewFeaturesPluginServiceSaberServiceProvider __safeProvide]	
10239cf60	10239cfa3	decompiled	chunks/000/functions-000022.c	-[SCSCPreviewFeaturesPluginServiceSaberServiceProvider end]	
10239cfa4	10239d13b	decompiled	chunks/000/functions-000022.c		
10239d13c	10239d1e7	decompiled	chunks/000/functions-000022.c	-[SCSCPreviewFeaturesPluginServiceSaberServiceProvider setValue:forIvarName:]	
10239d1e8	10239d25b	decompiled	chunks/000/functions-000022.c	-[SCSCPreviewFeaturesPluginServiceSaberServiceProvider init]	
10239d25c	10239d28f	decompiled	chunks/000/functions-000022.c		
10239d290	10239d2d7	decompiled	chunks/000/functions-000022.c	-[SCSCPreviewFeaturesPluginServiceSaberServiceProvider .cxx_destruct]	
10239d2d8	10239d2f7	decompiled	chunks/000/functions-000022.c		
10239d2f8	10239d303	decompiled	chunks/000/functions-000022.c	-[SCSCPreviewFeaturesSaberPluginServiceSaberServiceProvider beginIn]	
10239d304	10239d30f	decompiled	chunks/000/functions-000022.c	-[SCSCPreviewFeaturesSaberPluginServiceSaberServiceProvider setBeginIn:]	
10239d310	10239d31b	decompiled	chunks/000/functions-000022.c	-[SCSCPreviewFeaturesSaberPluginServiceSaberServiceProvider previewScopeGraphBridgeServices]	
10239d31c	10239d35f	decompiled	chunks/000/functions-000022.c		
10239d360	10239d36b	decompiled	chunks/000/functions-000022.c	-[SCSCPreviewFeaturesSaberPluginServiceSaberServiceProvider setPreviewScopeGraphBridgeServices:]	
10239d36c	10239d3bf	decompiled	chunks/000/functions-000022.c		
10239d3c0	10239d5d3	decompiled	chunks/000/functions-000022.c		
10239d5d4	10239d607	decompiled	chunks/000/functions-000022.c	-[SCSCPreviewFeaturesSaberPluginServiceSaberServiceProvider provide]	
10239d608	10239d63b	decompiled	chunks/000/functions-000022.c	-[SCSCPreviewFeaturesSaberPluginServiceSaberServiceProvider __safeProvide]	
10239d63c	10239d67f	decompiled	chunks/000/functions-000022.c	-[SCSCPreviewFeaturesSaberPluginServiceSaberServiceProvider end]	
10239d680	10239d817	decompiled	chunks/000/functions-000022.c		
10239d818	10239d8c3	decompiled	chunks/000/functions-000022.c	-[SCSCPreviewFeaturesSaberPluginServiceSaberServiceProvider setValue:forIvarName:]	
10239d8c4	10239d937	decompiled	chunks/000/functions-000022.c	-[SCSCPreviewFeaturesSaberPluginServiceSaberServiceProvider init]	
10239d938	10239d96b	decompiled	chunks/000/functions-000022.c		
10239d96c	10239d9b3	decompiled	chunks/000/functions-000022.c	-[SCSCPreviewFeaturesSaberPluginServiceSaberServiceProvider .cxx_destruct]	
10239d9b4	10239d9d3	decompiled	chunks/000/functions-000022.c		
10239d9d4	10239d9df	decompiled	chunks/000/functions-000023.c	-[SCSCPreviewFeaturesServicesSaberServiceProvider beginIn]	
10239d9e0	10239d9eb	decompiled	chunks/000/functions-000023.c	-[SCSCPreviewFeaturesServicesSaberServiceProvider setBeginIn:]	
10239d9ec	10239d9f7	decompiled	chunks/000/functions-000023.c	-[SCSCPreviewFeaturesServicesSaberServiceProvider previewScopeGraphBridgeServices]	
10239d9f8	10239da3b	decompiled	chunks/000/functions-000023.c		
10239da3c	10239da47	decompiled	chunks/000/functions-000023.c	-[SCSCPreviewFeaturesServicesSaberServiceProvider setPreviewScopeGraphBridgeServices:]	
10239da48	10239da9b	decompiled	chunks/000/functions-000023.c		
10239da9c	10239dcaf	decompiled	chunks/000/functions-000023.c		
10239dcb0	10239dce3	decompiled	chunks/000/functions-000023.c	-[SCSCPreviewFeaturesServicesSaberServiceProvider provide]	
10239dce4	10239dd17	decompiled	chunks/000/functions-000023.c	-[SCSCPreviewFeaturesServicesSaberServiceProvider __safeProvide]	
10239dd18	10239dd5b	decompiled	chunks/000/functions-000023.c	-[SCSCPreviewFeaturesServicesSaberServiceProvider end]	
10239dd5c	10239def3	decompiled	chunks/000/functions-000023.c		
10239def4	10239df9f	decompiled	chunks/000/functions-000023.c	-[SCSCPreviewFeaturesServicesSaberServiceProvider setValue:forIvarName:]	
10239dfa0	10239e013	decompiled	chunks/000/functions-000023.c	-[SCSCPreviewFeaturesServicesSaberServiceProvider init]	
10239e014	10239e047	decompiled	chunks/000/functions-000023.c		
10239e048	10239e08f	decompiled	chunks/000/functions-000023.c	-[SCSCPreviewFeaturesServicesSaberServiceProvider .cxx_destruct]	
10239e090	10239e0af	decompiled	chunks/000/functions-000023.c		
10239e0b0	10239e0bb	decompiled	chunks/000/functions-000023.c	-[SCSCPreviewGenericAssetsServicesSaberServiceProvider beginIn]	
10239e0bc	10239e0c7	decompiled	chunks/000/functions-000023.c	-[SCSCPreviewGenericAssetsServicesSaberServiceProvider setBeginIn:]	
10239e0c8	10239e0d3	decompiled	chunks/000/functions-000023.c	-[SCSCPreviewGenericAssetsServicesSaberServiceProvider previewScopeGraphBridgeServices]	
10239e0d4	10239e117	decompiled	chunks/000/functions-000023.c		
10239e118	10239e123	decompiled	chunks/000/functions-000023.c	-[SCSCPreviewGenericAssetsServicesSaberServiceProvider setPreviewScopeGraphBridgeServices:]	
10239e124	10239e177	decompiled	chunks/000/functions-000023.c		
10239e178	10239e38b	decompiled	chunks/000/functions-000023.c		
10239e38c	10239e3bf	decompiled	chunks/000/functions-000023.c	-[SCSCPreviewGenericAssetsServicesSaberServiceProvider provide]	
10239e3c0	10239e3f3	decompiled	chunks/000/functions-000023.c	-[SCSCPreviewGenericAssetsServicesSaberServiceProvider __safeProvide]	
10239e3f4	10239e437	decompiled	chunks/000/functions-000023.c	-[SCSCPreviewGenericAssetsServicesSaberServiceProvider end]	
10239e438	10239e5cf	decompiled	chunks/000/functions-000023.c		
10239e5d0	10239e67b	decompiled	chunks/000/functions-000023.c	-[SCSCPreviewGenericAssetsServicesSaberServiceProvider setValue:forIvarName:]	
10239e67c	10239e6ef	decompiled	chunks/000/functions-000023.c	-[SCSCPreviewGenericAssetsServicesSaberServiceProvider init]	
10239e6f0	10239e723	decompiled	chunks/000/functions-000023.c		
10239e724	10239e76b	decompiled	chunks/000/functions-000023.c	-[SCSCPreviewGenericAssetsServicesSaberServiceProvider .cxx_destruct]	
10239e76c	10239e78b	decompiled	chunks/000/functions-000023.c		
10239e78c	10239e797	decompiled	chunks/000/functions-000023.c	-[SCSCPreviewLensServicesSaberServiceProvider beginIn]	
10239e798	10239e7a3	decompiled	chunks/000/functions-000023.c	-[SCSCPreviewLensServicesSaberServiceProvider setBeginIn:]	
10239e7a4	10239e7af	decompiled	chunks/000/functions-000023.c	-[SCSCPreviewLensServicesSaberServiceProvider previewScopeGraphBridgeServices]	
10239e7b0	10239e7f3	decompiled	chunks/000/functions-000023.c		
10239e7f4	10239e7ff	decompiled	chunks/000/functions-000023.c	-[SCSCPreviewLensServicesSaberServiceProvider setPreviewScopeGraphBridgeServices:]	
10239e800	10239e853	decompiled	chunks/000/functions-000023.c		
10239e854	10239ea67	decompiled	chunks/000/functions-000023.c		
10239ea68	10239ea9b	decompiled	chunks/000/functions-000023.c	-[SCSCPreviewLensServicesSaberServiceProvider provide]	
10239ea9c	10239eacf	decompiled	chunks/000/functions-000023.c	-[SCSCPreviewLensServicesSaberServiceProvider __safeProvide]	
10239ead0	10239eb13	decompiled	chunks/000/functions-000023.c	-[SCSCPreviewLensServicesSaberServiceProvider end]	
10239eb14	10239ecab	decompiled	chunks/000/functions-000023.c		
10239ecac	10239ed57	decompiled	chunks/000/functions-000023.c	-[SCSCPreviewLensServicesSaberServiceProvider setValue:forIvarName:]	
10239ed58	10239edcb	decompiled	chunks/000/functions-000023.c	-[SCSCPreviewLensServicesSaberServiceProvider init]	
10239edcc	10239edff	decompiled	chunks/000/functions-000023.c		
10239ee00	10239ee47	decompiled	chunks/000/functions-000023.c	-[SCSCPreviewLensServicesSaberServiceProvider .cxx_destruct]	
10239ee48	10239ee67	decompiled	chunks/000/functions-000023.c		
10239ee68	10239ee73	decompiled	chunks/000/functions-000023.c	-[SCSCPreviewScopeServicesSaberServiceProvider beginIn]	
10239ee74	10239ee7f	decompiled	chunks/000/functions-000023.c	-[SCSCPreviewScopeServicesSaberServiceProvider setBeginIn:]	
10239ee80	10239ee8b	decompiled	chunks/000/functions-000023.c	-[SCSCPreviewScopeServicesSaberServiceProvider previewScopeGraphBridgeServices]	
10239ee8c	10239eecf	decompiled	chunks/000/functions-000023.c		
10239eed0	10239eedb	decompiled	chunks/000/functions-000023.c	-[SCSCPreviewScopeServicesSaberServiceProvider setPreviewScopeGraphBridgeServices:]	
10239eedc	10239ef2f	decompiled	chunks/000/functions-000023.c		
10239ef30	10239f143	decompiled	chunks/000/functions-000023.c		
10239f144	10239f177	decompiled	chunks/000/functions-000023.c	-[SCSCPreviewScopeServicesSaberServiceProvider provide]	
10239f178	10239f1ab	decompiled	chunks/000/functions-000023.c	-[SCSCPreviewScopeServicesSaberServiceProvider __safeProvide]	
10239f1ac	10239f1ef	decompiled	chunks/000/functions-000023.c	-[SCSCPreviewScopeServicesSaberServiceProvider end]	
10239f1f0	10239f387	decompiled	chunks/000/functions-000023.c		
10239f388	10239f433	decompiled	chunks/000/functions-000023.c	-[SCSCPreviewScopeServicesSaberServiceProvider setValue:forIvarName:]	
10239f434	10239f4a7	decompiled	chunks/000/functions-000023.c	-[SCSCPreviewScopeServicesSaberServiceProvider init]	
10239f4a8	10239f4db	decompiled	chunks/000/functions-000023.c		
10239f4dc	10239f523	decompiled	chunks/000/functions-000023.c	-[SCSCPreviewScopeServicesSaberServiceProvider .cxx_destruct]	
10239f524	10239f543	decompiled	chunks/000/functions-000023.c		
10239f544	10239f54f	decompiled	chunks/000/functions-000023.c	-[SCSCPreviewScopedContentRecognitionServicesSaberServiceProvider beginIn]	
10239f550	10239f55b	decompiled	chunks/000/functions-000023.c	-[SCSCPreviewScopedContentRecognitionServicesSaberServiceProvider setBeginIn:]	
10239f55c	10239f567	decompiled	chunks/000/functions-000023.c	-[SCSCPreviewScopedContentRecognitionServicesSaberServiceProvider previewScopeGraphBridgeServices]	
10239f568	10239f5ab	decompiled	chunks/000/functions-000023.c		
10239f5ac	10239f5b7	decompiled	chunks/000/functions-000023.c	-[SCSCPreviewScopedContentRecognitionServicesSaberServiceProvider setPreviewScopeGraphBridgeServices:]	
10239f5b8	10239f60b	decompiled	chunks/000/functions-000023.c		
10239f60c	10239f81f	decompiled	chunks/000/functions-000023.c		
10239f820	10239f853	decompiled	chunks/000/functions-000023.c	-[SCSCPreviewScopedContentRecognitionServicesSaberServiceProvider provide]	
10239f854	10239f887	decompiled	chunks/000/functions-000023.c	-[SCSCPreviewScopedContentRecognitionServicesSaberServiceProvider __safeProvide]	
10239f888	10239f8cb	decompiled	chunks/000/functions-000023.c	-[SCSCPreviewScopedContentRecognitionServicesSaberServiceProvider end]	
10239f8cc	10239fa63	decompiled	chunks/000/functions-000023.c		
10239fa64	10239fb0f	decompiled	chunks/000/functions-000023.c	-[SCSCPreviewScopedContentRecognitionServicesSaberServiceProvider setValue:forIvarName:]	
10239fb10	10239fb83	decompiled	chunks/000/functions-000023.c	-[SCSCPreviewScopedContentRecognitionServicesSaberServiceProvider init]	
10239fb84	10239fbb7	decompiled	chunks/000/functions-000023.c		
10239fbb8	10239fbff	decompiled	chunks/000/functions-000023.c	-[SCSCPreviewScopedContentRecognitionServicesSaberServiceProvider .cxx_destruct]	
10239fc00	10239fc1f	decompiled	chunks/000/functions-000023.c		
10239fc20	10239fc2b	decompiled	chunks/000/functions-000023.c	-[SCSCPreviewScopedEmojiBrushResourceServicesSaberServiceProvider beginIn]	
10239fc2c	10239fc37	decompiled	chunks/000/functions-000023.c	-[SCSCPreviewScopedEmojiBrushResourceServicesSaberServiceProvider setBeginIn:]	
10239fc38	10239fc43	decompiled	chunks/000/functions-000023.c	-[SCSCPreviewScopedEmojiBrushResourceServicesSaberServiceProvider previewScopeGraphBridgeServices]	
10239fc44	10239fc87	decompiled	chunks/000/functions-000023.c		
10239fc88	10239fc93	decompiled	chunks/000/functions-000023.c	-[SCSCPreviewScopedEmojiBrushResourceServicesSaberServiceProvider setPreviewScopeGraphBridgeServices:]	
10239fc94	10239fce7	decompiled	chunks/000/functions-000023.c		
10239fce8	10239fefb	decompiled	chunks/000/functions-000023.c		
10239fefc	10239ff2f	decompiled	chunks/000/functions-000023.c	-[SCSCPreviewScopedEmojiBrushResourceServicesSaberServiceProvider provide]	
10239ff30	10239ff63	decompiled	chunks/000/functions-000023.c	-[SCSCPreviewScopedEmojiBrushResourceServicesSaberServiceProvider __safeProvide]	
10239ff64	10239ffa7	decompiled	chunks/000/functions-000023.c	-[SCSCPreviewScopedEmojiBrushResourceServicesSaberServiceProvider end]	
10239ffa8	1023a013f	decompiled	chunks/000/functions-000023.c		
1023a0140	1023a01eb	decompiled	chunks/000/functions-000023.c	-[SCSCPreviewScopedEmojiBrushResourceServicesSaberServiceProvider setValue:forIvarName:]	
1023a01ec	1023a025f	decompiled	chunks/000/functions-000023.c	-[SCSCPreviewScopedEmojiBrushResourceServicesSaberServiceProvider init]	
1023a0260	1023a0293	decompiled	chunks/000/functions-000023.c		
1023a0294	1023a02db	decompiled	chunks/000/functions-000023.c	-[SCSCPreviewScopedEmojiBrushResourceServicesSaberServiceProvider .cxx_destruct]	
1023a02dc	1023a02fb	decompiled	chunks/000/functions-000023.c		
1023a02fc	1023a0307	decompiled	chunks/000/functions-000023.c	-[SCSCPreviewScopedLensCarouselDataProviderControllingServicesSaberServiceProvider beginIn]	
1023a0308	1023a0313	decompiled	chunks/000/functions-000023.c	-[SCSCPreviewScopedLensCarouselDataProviderControllingServicesSaberServiceProvider setBeginIn:]	
1023a0314	1023a031f	decompiled	chunks/000/functions-000023.c	-[SCSCPreviewScopedLensCarouselDataProviderControllingServicesSaberServiceProvider previewScopeGraphBridgeServices]	
1023a0320	1023a0363	decompiled	chunks/000/functions-000023.c		
1023a0364	1023a036f	decompiled	chunks/000/functions-000024.c	-[SCSCPreviewScopedLensCarouselDataProviderControllingServicesSaberServiceProvider setPreviewScopeGraphBridgeServices:]	
1023a0370	1023a03c3	decompiled	chunks/000/functions-000024.c		
1023a03c4	1023a05d7	decompiled	chunks/000/functions-000024.c		
1023a05d8	1023a060b	decompiled	chunks/000/functions-000024.c	-[SCSCPreviewScopedLensCarouselDataProviderControllingServicesSaberServiceProvider provide]	
1023a060c	1023a063f	decompiled	chunks/000/functions-000024.c	-[SCSCPreviewScopedLensCarouselDataProviderControllingServicesSaberServiceProvider __safeProvide]	
1023a0640	1023a0683	decompiled	chunks/000/functions-000024.c	-[SCSCPreviewScopedLensCarouselDataProviderControllingServicesSaberServiceProvider end]	
1023a0684	1023a081b	decompiled	chunks/000/functions-000024.c		
1023a081c	1023a08c7	decompiled	chunks/000/functions-000024.c	-[SCSCPreviewScopedLensCarouselDataProviderControllingServicesSaberServiceProvider setValue:forIvarName:]	
1023a08c8	1023a093b	decompiled	chunks/000/functions-000024.c	-[SCSCPreviewScopedLensCarouselDataProviderControllingServicesSaberServiceProvider init]	
1023a093c	1023a096f	decompiled	chunks/000/functions-000024.c		
1023a0970	1023a09b7	decompiled	chunks/000/functions-000024.c	-[SCSCPreviewScopedLensCarouselDataProviderControllingServicesSaberServiceProvider .cxx_destruct]	
1023a09b8	1023a09d7	decompiled	chunks/000/functions-000024.c		
1023a09d8	1023a09e3	decompiled	chunks/000/functions-000024.c	-[SCSCPreviewScopedLensCarouselEventsHandlingServicesSaberServiceProvider beginIn]	
1023a09e4	1023a09ef	decompiled	chunks/000/functions-000024.c	-[SCSCPreviewScopedLensCarouselEventsHandlingServicesSaberServiceProvider setBeginIn:]	
1023a09f0	1023a09fb	decompiled	chunks/000/functions-000024.c	-[SCSCPreviewScopedLensCarouselEventsHandlingServicesSaberServiceProvider previewScopeGraphBridgeServices]	
1023a09fc	1023a0a3f	decompiled	chunks/000/functions-000024.c		
1023a0a40	1023a0a4b	decompiled	chunks/000/functions-000024.c	-[SCSCPreviewScopedLensCarouselEventsHandlingServicesSaberServiceProvider setPreviewScopeGraphBridgeServices:]	
1023a0a4c	1023a0a9f	decompiled	chunks/000/functions-000024.c		
1023a0aa0	1023a0cb3	decompiled	chunks/000/functions-000024.c		
1023a0cb4	1023a0ce7	decompiled	chunks/000/functions-000024.c	-[SCSCPreviewScopedLensCarouselEventsHandlingServicesSaberServiceProvider provide]	
1023a0ce8	1023a0d1b	decompiled	chunks/000/functions-000024.c	-[SCSCPreviewScopedLensCarouselEventsHandlingServicesSaberServiceProvider __safeProvide]	
1023a0d1c	1023a0d5f	decompiled	chunks/000/functions-000024.c	-[SCSCPreviewScopedLensCarouselEventsHandlingServicesSaberServiceProvider end]	
1023a0d60	1023a0ef7	decompiled	chunks/000/functions-000024.c		
1023a0ef8	1023a0fa3	decompiled	chunks/000/functions-000024.c	-[SCSCPreviewScopedLensCarouselEventsHandlingServicesSaberServiceProvider setValue:forIvarName:]	
1023a0fa4	1023a1017	decompiled	chunks/000/functions-000024.c	-[SCSCPreviewScopedLensCarouselEventsHandlingServicesSaberServiceProvider init]	
1023a1018	1023a104b	decompiled	chunks/000/functions-000024.c		
1023a104c	1023a1093	decompiled	chunks/000/functions-000024.c	-[SCSCPreviewScopedLensCarouselEventsHandlingServicesSaberServiceProvider .cxx_destruct]	
1023a1094	1023a10b3	decompiled	chunks/000/functions-000024.c		
1023a10b4	1023a10bf	decompiled	chunks/000/functions-000024.c	-[SCSCPreviewScopedLensCarouselInScopeActivatorDependenciesServicesSaberServiceProvider beginIn]	
1023a10c0	1023a10cb	decompiled	chunks/000/functions-000024.c	-[SCSCPreviewScopedLensCarouselInScopeActivatorDependenciesServicesSaberServiceProvider setBeginIn:]	
1023a10cc	1023a10d7	decompiled	chunks/000/functions-000024.c	-[SCSCPreviewScopedLensCarouselInScopeActivatorDependenciesServicesSaberServiceProvider previewScopeGraphBridgeServices]	
1023a10d8	1023a111b	decompiled	chunks/000/functions-000024.c		
1023a111c	1023a1127	decompiled	chunks/000/functions-000024.c	-[SCSCPreviewScopedLensCarouselInScopeActivatorDependenciesServicesSaberServiceProvider setPreviewScopeGraphBridgeServices:]	
1023a1128	1023a117b	decompiled	chunks/000/functions-000024.c		
1023a117c	1023a138f	decompiled	chunks/000/functions-000024.c		
1023a1390	1023a13c3	decompiled	chunks/000/functions-000024.c	-[SCSCPreviewScopedLensCarouselInScopeActivatorDependenciesServicesSaberServiceProvider provide]	
1023a13c4	1023a13f7	decompiled	chunks/000/functions-000024.c	-[SCSCPreviewScopedLensCarouselInScopeActivatorDependenciesServicesSaberServiceProvider __safeProvide]	
1023a13f8	1023a143b	decompiled	chunks/000/functions-000024.c	-[SCSCPreviewScopedLensCarouselInScopeActivatorDependenciesServicesSaberServiceProvider end]	
1023a143c	1023a15d3	decompiled	chunks/000/functions-000024.c		
1023a15d4	1023a167f	decompiled	chunks/000/functions-000024.c	-[SCSCPreviewScopedLensCarouselInScopeActivatorDependenciesServicesSaberServiceProvider setValue:forIvarName:]	
1023a1680	1023a16f3	decompiled	chunks/000/functions-000024.c	-[SCSCPreviewScopedLensCarouselInScopeActivatorDependenciesServicesSaberServiceProvider init]	
1023a16f4	1023a1727	decompiled	chunks/000/functions-000024.c		
1023a1728	1023a176f	decompiled	chunks/000/functions-000024.c	-[SCSCPreviewScopedLensCarouselInScopeActivatorDependenciesServicesSaberServiceProvider .cxx_destruct]	
1023a1770	1023a178f	decompiled	chunks/000/functions-000024.c		
1023a1790	1023a179b	decompiled	chunks/000/functions-000024.c	-[SCSCPreviewScopedLensCarouselLayoutServicesSaberServiceProvider beginIn]	
1023a179c	1023a17a7	decompiled	chunks/000/functions-000024.c	-[SCSCPreviewScopedLensCarouselLayoutServicesSaberServiceProvider setBeginIn:]	
1023a17a8	1023a17b3	decompiled	chunks/000/functions-000024.c	-[SCSCPreviewScopedLensCarouselLayoutServicesSaberServiceProvider previewScopeGraphBridgeServices]	
1023a17b4	1023a17f7	decompiled	chunks/000/functions-000024.c		
1023a17f8	1023a1803	decompiled	chunks/000/functions-000024.c	-[SCSCPreviewScopedLensCarouselLayoutServicesSaberServiceProvider setPreviewScopeGraphBridgeServices:]	
1023a1804	1023a1857	decompiled	chunks/000/functions-000024.c		
1023a1858	1023a1a6b	decompiled	chunks/000/functions-000024.c		
1023a1a6c	1023a1a9f	decompiled	chunks/000/functions-000024.c	-[SCSCPreviewScopedLensCarouselLayoutServicesSaberServiceProvider provide]	
1023a1aa0	1023a1ad3	decompiled	chunks/000/functions-000024.c	-[SCSCPreviewScopedLensCarouselLayoutServicesSaberServiceProvider __safeProvide]	
1023a1ad4	1023a1b17	decompiled	chunks/000/functions-000024.c	-[SCSCPreviewScopedLensCarouselLayoutServicesSaberServiceProvider end]	
1023a1b18	1023a1caf	decompiled	chunks/000/functions-000024.c		
1023a1cb0	1023a1d5b	decompiled	chunks/000/functions-000024.c	-[SCSCPreviewScopedLensCarouselLayoutServicesSaberServiceProvider setValue:forIvarName:]	
1023a1d5c	1023a1dcf	decompiled	chunks/000/functions-000024.c	-[SCSCPreviewScopedLensCarouselLayoutServicesSaberServiceProvider init]	
1023a1dd0	1023a1e03	decompiled	chunks/000/functions-000024.c		
1023a1e04	1023a1e4b	decompiled	chunks/000/functions-000024.c	-[SCSCPreviewScopedLensCarouselLayoutServicesSaberServiceProvider .cxx_destruct]	
1023a1e4c	1023a1e6b	decompiled	chunks/000/functions-000024.c		
1023a1e6c	1023a1e77	decompiled	chunks/000/functions-000024.c	-[SCSCPreviewScopedLensCarouselPerformanceLoggerServicesSaberServiceProvider beginIn]	
1023a1e78	1023a1e83	decompiled	chunks/000/functions-000024.c	-[SCSCPreviewScopedLensCarouselPerformanceLoggerServicesSaberServiceProvider setBeginIn:]	
1023a1e84	1023a1e8f	decompiled	chunks/000/functions-000024.c	-[SCSCPreviewScopedLensCarouselPerformanceLoggerServicesSaberServiceProvider previewScopeGraphBridgeServices]	
1023a1e90	1023a1ed3	decompiled	chunks/000/functions-000024.c		
1023a1ed4	1023a1edf	decompiled	chunks/000/functions-000024.c	-[SCSCPreviewScopedLensCarouselPerformanceLoggerServicesSaberServiceProvider setPreviewScopeGraphBridgeServices:]	
1023a1ee0	1023a1f33	decompiled	chunks/000/functions-000024.c		
1023a1f34	1023a2147	decompiled	chunks/000/functions-000024.c		
1023a2148	1023a217b	decompiled	chunks/000/functions-000024.c	-[SCSCPreviewScopedLensCarouselPerformanceLoggerServicesSaberServiceProvider provide]	
1023a217c	1023a21af	decompiled	chunks/000/functions-000024.c	-[SCSCPreviewScopedLensCarouselPerformanceLoggerServicesSaberServiceProvider __safeProvide]	
1023a21b0	1023a21f3	decompiled	chunks/000/functions-000024.c	-[SCSCPreviewScopedLensCarouselPerformanceLoggerServicesSaberServiceProvider end]	
1023a21f4	1023a238b	decompiled	chunks/000/functions-000024.c		
1023a238c	1023a2437	decompiled	chunks/000/functions-000024.c	-[SCSCPreviewScopedLensCarouselPerformanceLoggerServicesSaberServiceProvider setValue:forIvarName:]	
1023a2438	1023a24ab	decompiled	chunks/000/functions-000024.c	-[SCSCPreviewScopedLensCarouselPerformanceLoggerServicesSaberServiceProvider init]	
1023a24ac	1023a24df	decompiled	chunks/000/functions-000024.c		
1023a24e0	1023a2527	decompiled	chunks/000/functions-000024.c	-[SCSCPreviewScopedLensCarouselPerformanceLoggerServicesSaberServiceProvider .cxx_destruct]	
1023a2528	1023a2547	decompiled	chunks/000/functions-000024.c		
1023a2548	1023a2553	decompiled	chunks/000/functions-000024.c	-[SCSCPreviewScopedLensCarouselSchedulerServicesSaberServiceProvider beginIn]	
1023a2554	1023a255f	decompiled	chunks/000/functions-000024.c	-[SCSCPreviewScopedLensCarouselSchedulerServicesSaberServiceProvider setBeginIn:]	
1023a2560	1023a256b	decompiled	chunks/000/functions-000024.c	-[SCSCPreviewScopedLensCarouselSchedulerServicesSaberServiceProvider previewScopeGraphBridgeServices]	
1023a256c	1023a25af	decompiled	chunks/000/functions-000024.c		
1023a25b0	1023a25bb	decompiled	chunks/000/functions-000024.c	-[SCSCPreviewScopedLensCarouselSchedulerServicesSaberServiceProvider setPreviewScopeGraphBridgeServices:]	
1023a25bc	1023a260f	decompiled	chunks/000/functions-000024.c		
1023a2610	1023a2823	decompiled	chunks/000/functions-000024.c		
1023a2824	1023a2857	decompiled	chunks/000/functions-000024.c	-[SCSCPreviewScopedLensCarouselSchedulerServicesSaberServiceProvider provide]	
1023a2858	1023a288b	decompiled	chunks/000/functions-000024.c	-[SCSCPreviewScopedLensCarouselSchedulerServicesSaberServiceProvider __safeProvide]	
1023a288c	1023a28cf	decompiled	chunks/000/functions-000024.c	-[SCSCPreviewScopedLensCarouselSchedulerServicesSaberServiceProvider end]	
1023a28d0	1023a2a67	decompiled	chunks/000/functions-000024.c		
1023a2a68	1023a2b13	decompiled	chunks/000/functions-000024.c	-[SCSCPreviewScopedLensCarouselSchedulerServicesSaberServiceProvider setValue:forIvarName:]	
1023a2b14	1023a2b87	decompiled	chunks/000/functions-000024.c	-[SCSCPreviewScopedLensCarouselSchedulerServicesSaberServiceProvider init]	
1023a2b88	1023a2bbb	decompiled	chunks/000/functions-000024.c		
1023a2bbc	1023a2c03	decompiled	chunks/000/functions-000024.c	-[SCSCPreviewScopedLensCarouselSchedulerServicesSaberServiceProvider .cxx_destruct]	
1023a2c04	1023a2c23	decompiled	chunks/000/functions-000024.c		
1023a2c24	1023a2c2f	decompiled	chunks/000/functions-000024.c	-[SCSCPreviewScopedLensCarouselSessionServicesSaberServiceProvider beginIn]	
1023a2c30	1023a2c3b	decompiled	chunks/000/functions-000024.c	-[SCSCPreviewScopedLensCarouselSessionServicesSaberServiceProvider setBeginIn:]	
1023a2c3c	1023a2c47	decompiled	chunks/000/functions-000024.c	-[SCSCPreviewScopedLensCarouselSessionServicesSaberServiceProvider previewScopeGraphBridgeServices]	
1023a2c48	1023a2c8b	decompiled	chunks/000/functions-000024.c		
1023a2c8c	1023a2c97	decompiled	chunks/000/functions-000024.c	-[SCSCPreviewScopedLensCarouselSessionServicesSaberServiceProvider setPreviewScopeGraphBridgeServices:]	
1023a2c98	1023a2ceb	decompiled	chunks/000/functions-000024.c		
1023a2cec	1023a2eff	decompiled	chunks/000/functions-000024.c		
1023a2f00	1023a2f33	decompiled	chunks/000/functions-000024.c	-[SCSCPreviewScopedLensCarouselSessionServicesSaberServiceProvider provide]	
1023a2f34	1023a2f67	decompiled	chunks/000/functions-000025.c	-[SCSCPreviewScopedLensCarouselSessionServicesSaberServiceProvider __safeProvide]	
1023a2f68	1023a2fab	decompiled	chunks/000/functions-000025.c	-[SCSCPreviewScopedLensCarouselSessionServicesSaberServiceProvider end]	
1023a2fac	1023a3143	decompiled	chunks/000/functions-000025.c		
1023a3144	1023a31ef	decompiled	chunks/000/functions-000025.c	-[SCSCPreviewScopedLensCarouselSessionServicesSaberServiceProvider setValue:forIvarName:]	
1023a31f0	1023a3263	decompiled	chunks/000/functions-000025.c	-[SCSCPreviewScopedLensCarouselSessionServicesSaberServiceProvider init]	
1023a3264	1023a3297	decompiled	chunks/000/functions-000025.c		
1023a3298	1023a32df	decompiled	chunks/000/functions-000025.c	-[SCSCPreviewScopedLensCarouselSessionServicesSaberServiceProvider .cxx_destruct]	
1023a32e0	1023a32ff	decompiled	chunks/000/functions-000025.c		
1023a3300	1023a330b	decompiled	chunks/000/functions-000025.c	-[SCSCPreviewScopedLensCarouselSettingsServicesSaberServiceProvider beginIn]	
1023a330c	1023a3317	decompiled	chunks/000/functions-000025.c	-[SCSCPreviewScopedLensCarouselSettingsServicesSaberServiceProvider setBeginIn:]	
1023a3318	1023a3323	decompiled	chunks/000/functions-000025.c	-[SCSCPreviewScopedLensCarouselSettingsServicesSaberServiceProvider previewScopeGraphBridgeServices]	
1023a3324	1023a3367	decompiled	chunks/000/functions-000025.c		
1023a3368	1023a3373	decompiled	chunks/000/functions-000025.c	-[SCSCPreviewScopedLensCarouselSettingsServicesSaberServiceProvider setPreviewScopeGraphBridgeServices:]	
1023a3374	1023a33c7	decompiled	chunks/000/functions-000025.c		
1023a33c8	1023a35db	decompiled	chunks/000/functions-000025.c		
1023a35dc	1023a360f	decompiled	chunks/000/functions-000025.c	-[SCSCPreviewScopedLensCarouselSettingsServicesSaberServiceProvider provide]	
1023a3610	1023a3643	decompiled	chunks/000/functions-000025.c	-[SCSCPreviewScopedLensCarouselSettingsServicesSaberServiceProvider __safeProvide]	
1023a3644	1023a3687	decompiled	chunks/000/functions-000025.c	-[SCSCPreviewScopedLensCarouselSettingsServicesSaberServiceProvider end]	
1023a3688	1023a381f	decompiled	chunks/000/functions-000025.c		
1023a3820	1023a38cb	decompiled	chunks/000/functions-000025.c	-[SCSCPreviewScopedLensCarouselSettingsServicesSaberServiceProvider setValue:forIvarName:]	
1023a38cc	1023a393f	decompiled	chunks/000/functions-000025.c	-[SCSCPreviewScopedLensCarouselSettingsServicesSaberServiceProvider init]	
1023a3940	1023a3973	decompiled	chunks/000/functions-000025.c		
1023a3974	1023a39bb	decompiled	chunks/000/functions-000025.c	-[SCSCPreviewScopedLensCarouselSettingsServicesSaberServiceProvider .cxx_destruct]	
1023a39bc	1023a39db	decompiled	chunks/000/functions-000025.c		
1023a39dc	1023a39e7	decompiled	chunks/000/functions-000025.c	-[SCSCPreviewScopedLensFeaturesVisibilityControllerServicesSaberServiceProvider beginIn]	
1023a39e8	1023a39f3	decompiled	chunks/000/functions-000025.c	-[SCSCPreviewScopedLensFeaturesVisibilityControllerServicesSaberServiceProvider setBeginIn:]	
1023a39f4	1023a39ff	decompiled	chunks/000/functions-000025.c	-[SCSCPreviewScopedLensFeaturesVisibilityControllerServicesSaberServiceProvider previewScopeGraphBridgeServices]	
1023a3a00	1023a3a43	decompiled	chunks/000/functions-000025.c		
1023a3a44	1023a3a4f	decompiled	chunks/000/functions-000025.c	-[SCSCPreviewScopedLensFeaturesVisibilityControllerServicesSaberServiceProvider setPreviewScopeGraphBridgeServices:]	
1023a3a50	1023a3aa3	decompiled	chunks/000/functions-000025.c		
1023a3aa4	1023a3cb7	decompiled	chunks/000/functions-000025.c		
1023a3cb8	1023a3ceb	decompiled	chunks/000/functions-000025.c	-[SCSCPreviewScopedLensFeaturesVisibilityControllerServicesSaberServiceProvider provide]	
1023a3cec	1023a3d1f	decompiled	chunks/000/functions-000025.c	-[SCSCPreviewScopedLensFeaturesVisibilityControllerServicesSaberServiceProvider __safeProvide]	
1023a3d20	1023a3d63	decompiled	chunks/000/functions-000025.c	-[SCSCPreviewScopedLensFeaturesVisibilityControllerServicesSaberServiceProvider end]	
1023a3d64	1023a3efb	decompiled	chunks/000/functions-000025.c		
1023a3efc	1023a3fa7	decompiled	chunks/000/functions-000025.c	-[SCSCPreviewScopedLensFeaturesVisibilityControllerServicesSaberServiceProvider setValue:forIvarName:]	
1023a3fa8	1023a401b	decompiled	chunks/000/functions-000025.c	-[SCSCPreviewScopedLensFeaturesVisibilityControllerServicesSaberServiceProvider init]	
1023a401c	1023a404f	decompiled	chunks/000/functions-000025.c		
1023a4050	1023a4097	decompiled	chunks/000/functions-000025.c	-[SCSCPreviewScopedLensFeaturesVisibilityControllerServicesSaberServiceProvider .cxx_destruct]	
1023a4098	1023a40b7	decompiled	chunks/000/functions-000025.c		
1023a40b8	1023a40c3	decompiled	chunks/000/functions-000025.c	-[SCSCPreviewScopedLensUIUpdateServicesSaberServiceProvider beginIn]	
1023a40c4	1023a40cf	decompiled	chunks/000/functions-000025.c	-[SCSCPreviewScopedLensUIUpdateServicesSaberServiceProvider setBeginIn:]	
1023a40d0	1023a40db	decompiled	chunks/000/functions-000025.c	-[SCSCPreviewScopedLensUIUpdateServicesSaberServiceProvider previewScopeGraphBridgeServices]	
1023a40dc	1023a411f	decompiled	chunks/000/functions-000025.c		
1023a4120	1023a412b	decompiled	chunks/000/functions-000025.c	-[SCSCPreviewScopedLensUIUpdateServicesSaberServiceProvider setPreviewScopeGraphBridgeServices:]	
1023a412c	1023a417f	decompiled	chunks/000/functions-000025.c		
1023a4180	1023a4393	decompiled	chunks/000/functions-000025.c		
1023a4394	1023a43c7	decompiled	chunks/000/functions-000025.c	-[SCSCPreviewScopedLensUIUpdateServicesSaberServiceProvider provide]	
1023a43c8	1023a43fb	decompiled	chunks/000/functions-000025.c	-[SCSCPreviewScopedLensUIUpdateServicesSaberServiceProvider __safeProvide]	
1023a43fc	1023a443f	decompiled	chunks/000/functions-000025.c	-[SCSCPreviewScopedLensUIUpdateServicesSaberServiceProvider end]	
1023a4440	1023a45d7	decompiled	chunks/000/functions-000025.c		
1023a45d8	1023a4683	decompiled	chunks/000/functions-000025.c	-[SCSCPreviewScopedLensUIUpdateServicesSaberServiceProvider setValue:forIvarName:]	
1023a4684	1023a46f7	decompiled	chunks/000/functions-000025.c	-[SCSCPreviewScopedLensUIUpdateServicesSaberServiceProvider init]	
1023a46f8	1023a472b	decompiled	chunks/000/functions-000025.c		
1023a472c	1023a4773	decompiled	chunks/000/functions-000025.c	-[SCSCPreviewScopedLensUIUpdateServicesSaberServiceProvider .cxx_destruct]	
1023a4774	1023a4793	decompiled	chunks/000/functions-000025.c		
1023a4794	1023a479f	decompiled	chunks/000/functions-000025.c	-[SCSCPreviewScopedPreviewFilterIconProviderServiceSaberServiceProvider beginIn]	
1023a47a0	1023a47ab	decompiled	chunks/000/functions-000025.c	-[SCSCPreviewScopedPreviewFilterIconProviderServiceSaberServiceProvider setBeginIn:]	
1023a47ac	1023a47b7	decompiled	chunks/000/functions-000025.c	-[SCSCPreviewScopedPreviewFilterIconProviderServiceSaberServiceProvider previewScopeGraphBridgeServices]	
1023a47b8	1023a47fb	decompiled	chunks/000/functions-000025.c		
1023a47fc	1023a4807	decompiled	chunks/000/functions-000025.c	-[SCSCPreviewScopedPreviewFilterIconProviderServiceSaberServiceProvider setPreviewScopeGraphBridgeServices:]	
1023a4808	1023a485b	decompiled	chunks/000/functions-000025.c		
1023a485c	1023a4a6f	decompiled	chunks/000/functions-000025.c		
1023a4a70	1023a4aa3	decompiled	chunks/000/functions-000025.c	-[SCSCPreviewScopedPreviewFilterIconProviderServiceSaberServiceProvider provide]	
1023a4aa4	1023a4ad7	decompiled	chunks/000/functions-000025.c	-[SCSCPreviewScopedPreviewFilterIconProviderServiceSaberServiceProvider __safeProvide]	
1023a4ad8	1023a4b1b	decompiled	chunks/000/functions-000025.c	-[SCSCPreviewScopedPreviewFilterIconProviderServiceSaberServiceProvider end]	
1023a4b1c	1023a4cb3	decompiled	chunks/000/functions-000025.c		
1023a4cb4	1023a4d5f	decompiled	chunks/000/functions-000025.c	-[SCSCPreviewScopedPreviewFilterIconProviderServiceSaberServiceProvider setValue:forIvarName:]	
1023a4d60	1023a4dd3	decompiled	chunks/000/functions-000025.c	-[SCSCPreviewScopedPreviewFilterIconProviderServiceSaberServiceProvider init]	
1023a4dd4	1023a4e07	decompiled	chunks/000/functions-000025.c		
1023a4e08	1023a4e4f	decompiled	chunks/000/functions-000025.c	-[SCSCPreviewScopedPreviewFilterIconProviderServiceSaberServiceProvider .cxx_destruct]	
1023a4e50	1023a4e6f	decompiled	chunks/000/functions-000025.c		
1023a4e70	1023a4e7b	decompiled	chunks/000/functions-000025.c	-[SCSCPreviewScopedUserTaggingFriendsProviderServicesSaberServiceProvider beginIn]	
1023a4e7c	1023a4e87	decompiled	chunks/000/functions-000025.c	-[SCSCPreviewScopedUserTaggingFriendsProviderServicesSaberServiceProvider setBeginIn:]	
1023a4e88	1023a4e93	decompiled	chunks/000/functions-000025.c	-[SCSCPreviewScopedUserTaggingFriendsProviderServicesSaberServiceProvider previewScopeGraphBridgeServices]	
1023a4e94	1023a4ed7	decompiled	chunks/000/functions-000025.c		
1023a4ed8	1023a4ee3	decompiled	chunks/000/functions-000025.c	-[SCSCPreviewScopedUserTaggingFriendsProviderServicesSaberServiceProvider setPreviewScopeGraphBridgeServices:]	
1023a4ee4	1023a4f37	decompiled	chunks/000/functions-000025.c		
1023a4f38	1023a514b	decompiled	chunks/000/functions-000025.c		
1023a514c	1023a517f	decompiled	chunks/000/functions-000025.c	-[SCSCPreviewScopedUserTaggingFriendsProviderServicesSaberServiceProvider provide]	
1023a5180	1023a51b3	decompiled	chunks/000/functions-000025.c	-[SCSCPreviewScopedUserTaggingFriendsProviderServicesSaberServiceProvider __safeProvide]	
1023a51b4	1023a51f7	decompiled	chunks/000/functions-000025.c	-[SCSCPreviewScopedUserTaggingFriendsProviderServicesSaberServiceProvider end]	
1023a51f8	1023a538f	decompiled	chunks/000/functions-000025.c		
1023a5390	1023a543b	decompiled	chunks/000/functions-000025.c	-[SCSCPreviewScopedUserTaggingFriendsProviderServicesSaberServiceProvider setValue:forIvarName:]	
1023a543c	1023a54af	decompiled	chunks/000/functions-000025.c	-[SCSCPreviewScopedUserTaggingFriendsProviderServicesSaberServiceProvider init]	
1023a54b0	1023a54e3	decompiled	chunks/000/functions-000025.c		
1023a54e4	1023a552b	decompiled	chunks/000/functions-000025.c	-[SCSCPreviewScopedUserTaggingFriendsProviderServicesSaberServiceProvider .cxx_destruct]	
1023a552c	1023a554b	decompiled	chunks/000/functions-000025.c		
1023a554c	1023a5557	decompiled	chunks/000/functions-000025.c	-[SCSCPreviewToolbarItemProviderSaberPluginServiceSaberServiceProvider beginIn]	
1023a5558	1023a5563	decompiled	chunks/000/functions-000025.c	-[SCSCPreviewToolbarItemProviderSaberPluginServiceSaberServiceProvider setBeginIn:]	
1023a5564	1023a556f	decompiled	chunks/000/functions-000025.c	-[SCSCPreviewToolbarItemProviderSaberPluginServiceSaberServiceProvider previewScopeGraphBridgeServices]	
1023a5570	1023a55b3	decompiled	chunks/000/functions-000025.c		
1023a55b4	1023a55bf	decompiled	chunks/000/functions-000025.c	-[SCSCPreviewToolbarItemProviderSaberPluginServiceSaberServiceProvider setPreviewScopeGraphBridgeServices:]	
1023a55c0	1023a5613	decompiled	chunks/000/functions-000025.c		
1023a5614	1023a5827	decompiled	chunks/000/functions-000025.c		
1023a5828	1023a585b	decompiled	chunks/000/functions-000025.c	-[SCSCPreviewToolbarItemProviderSaberPluginServiceSaberServiceProvider provide]	
1023a585c	1023a588f	decompiled	chunks/000/functions-000025.c	-[SCSCPreviewToolbarItemProviderSaberPluginServiceSaberServiceProvider __safeProvide]	
1023a5890	1023a58d3	decompiled	chunks/000/functions-000025.c	-[SCSCPreviewToolbarItemProviderSaberPluginServiceSaberServiceProvider end]	
1023a58d4	1023a5a6b	decompiled	chunks/000/functions-000025.c		
1023a5a6c	1023a5b17	decompiled	chunks/000/functions-000025.c	-[SCSCPreviewToolbarItemProviderSaberPluginServiceSaberServiceProvider setValue:forIvarName:]	
1023a5b18	1023a5b8b	decompiled	chunks/000/functions-000026.c	-[SCSCPreviewToolbarItemProviderSaberPluginServiceSaberServiceProvider init]	
1023a5b8c	1023a5bbf	decompiled	chunks/000/functions-000026.c		
1023a5bc0	1023a5c07	decompiled	chunks/000/functions-000026.c	-[SCSCPreviewToolbarItemProviderSaberPluginServiceSaberServiceProvider .cxx_destruct]	
1023a5c08	1023a5c27	decompiled	chunks/000/functions-000026.c		
1023a5c28	1023a5c33	decompiled	chunks/000/functions-000026.c	-[SCSCPreviewUCOServicesSaberServiceProvider beginIn]	
1023a5c34	1023a5c3f	decompiled	chunks/000/functions-000026.c	-[SCSCPreviewUCOServicesSaberServiceProvider setBeginIn:]	
1023a5c40	1023a5c4b	decompiled	chunks/000/functions-000026.c	-[SCSCPreviewUCOServicesSaberServiceProvider previewScopeGraphBridgeServices]	
1023a5c4c	1023a5c8f	decompiled	chunks/000/functions-000026.c		
1023a5c90	1023a5c9b	decompiled	chunks/000/functions-000026.c	-[SCSCPreviewUCOServicesSaberServiceProvider setPreviewScopeGraphBridgeServices:]	
1023a5c9c	1023a5cef	decompiled	chunks/000/functions-000026.c		
1023a5cf0	1023a5f03	decompiled	chunks/000/functions-000026.c		
1023a5f04	1023a5f37	decompiled	chunks/000/functions-000026.c	-[SCSCPreviewUCOServicesSaberServiceProvider provide]	
1023a5f38	1023a5f6b	decompiled	chunks/000/functions-000026.c	-[SCSCPreviewUCOServicesSaberServiceProvider __safeProvide]	
1023a5f6c	1023a5faf	decompiled	chunks/000/functions-000026.c	-[SCSCPreviewUCOServicesSaberServiceProvider end]	
1023a5fb0	1023a6147	decompiled	chunks/000/functions-000026.c		
1023a6148	1023a61f3	decompiled	chunks/000/functions-000026.c	-[SCSCPreviewUCOServicesSaberServiceProvider setValue:forIvarName:]	
1023a61f4	1023a6267	decompiled	chunks/000/functions-000026.c	-[SCSCPreviewUCOServicesSaberServiceProvider init]	
1023a6268	1023a629b	decompiled	chunks/000/functions-000026.c		
1023a629c	1023a62e3	decompiled	chunks/000/functions-000026.c	-[SCSCPreviewUCOServicesSaberServiceProvider .cxx_destruct]	
1023a62e4	1023a6303	decompiled	chunks/000/functions-000026.c		
1023a6304	1023a630f	decompiled	chunks/000/functions-000026.c	-[SCSCPreviewUcoTrackingServicesSaberServiceProvider beginIn]	
1023a6310	1023a631b	decompiled	chunks/000/functions-000026.c	-[SCSCPreviewUcoTrackingServicesSaberServiceProvider setBeginIn:]	
1023a631c	1023a6327	decompiled	chunks/000/functions-000026.c	-[SCSCPreviewUcoTrackingServicesSaberServiceProvider previewScopeGraphBridgeServices]	
1023a6328	1023a636b	decompiled	chunks/000/functions-000026.c		
1023a636c	1023a6377	decompiled	chunks/000/functions-000026.c	-[SCSCPreviewUcoTrackingServicesSaberServiceProvider setPreviewScopeGraphBridgeServices:]	
1023a6378	1023a63cb	decompiled	chunks/000/functions-000026.c		
1023a63cc	1023a65df	decompiled	chunks/000/functions-000026.c		
1023a65e0	1023a6613	decompiled	chunks/000/functions-000026.c	-[SCSCPreviewUcoTrackingServicesSaberServiceProvider provide]	
1023a6614	1023a6647	decompiled	chunks/000/functions-000026.c	-[SCSCPreviewUcoTrackingServicesSaberServiceProvider __safeProvide]	
1023a6648	1023a668b	decompiled	chunks/000/functions-000026.c	-[SCSCPreviewUcoTrackingServicesSaberServiceProvider end]	
1023a668c	1023a6823	decompiled	chunks/000/functions-000026.c		
1023a6824	1023a68cf	decompiled	chunks/000/functions-000026.c	-[SCSCPreviewUcoTrackingServicesSaberServiceProvider setValue:forIvarName:]	
1023a68d0	1023a6943	decompiled	chunks/000/functions-000026.c	-[SCSCPreviewUcoTrackingServicesSaberServiceProvider init]	
1023a6944	1023a6977	decompiled	chunks/000/functions-000026.c		
1023a6978	1023a69bf	decompiled	chunks/000/functions-000026.c	-[SCSCPreviewUcoTrackingServicesSaberServiceProvider .cxx_destruct]	
1023a69c0	1023a69df	decompiled	chunks/000/functions-000026.c		
1023a69e0	1023a69eb	decompiled	chunks/000/functions-000026.c	-[SCSCRemixPreviewServicesSaberServiceProvider beginIn]	
1023a69ec	1023a69f7	decompiled	chunks/000/functions-000026.c	-[SCSCRemixPreviewServicesSaberServiceProvider setBeginIn:]	
1023a69f8	1023a6a03	decompiled	chunks/000/functions-000026.c	-[SCSCRemixPreviewServicesSaberServiceProvider previewScopeGraphBridgeServices]	
1023a6a04	1023a6a47	decompiled	chunks/000/functions-000026.c		
1023a6a48	1023a6a53	decompiled	chunks/000/functions-000026.c	-[SCSCRemixPreviewServicesSaberServiceProvider setPreviewScopeGraphBridgeServices:]	
1023a6a54	1023a6aa7	decompiled	chunks/000/functions-000026.c		
1023a6aa8	1023a6cbb	decompiled	chunks/000/functions-000026.c		
1023a6cbc	1023a6cef	decompiled	chunks/000/functions-000026.c	-[SCSCRemixPreviewServicesSaberServiceProvider provide]	
1023a6cf0	1023a6d23	decompiled	chunks/000/functions-000026.c	-[SCSCRemixPreviewServicesSaberServiceProvider __safeProvide]	
1023a6d24	1023a6d67	decompiled	chunks/000/functions-000026.c	-[SCSCRemixPreviewServicesSaberServiceProvider end]	
1023a6d68	1023a6eff	decompiled	chunks/000/functions-000026.c		
1023a6f00	1023a6fab	decompiled	chunks/000/functions-000026.c	-[SCSCRemixPreviewServicesSaberServiceProvider setValue:forIvarName:]	
1023a6fac	1023a701f	decompiled	chunks/000/functions-000026.c	-[SCSCRemixPreviewServicesSaberServiceProvider init]	
1023a7020	1023a7053	decompiled	chunks/000/functions-000026.c		
1023a7054	1023a709b	decompiled	chunks/000/functions-000026.c	-[SCSCRemixPreviewServicesSaberServiceProvider .cxx_destruct]	
1023a709c	1023a70bb	decompiled	chunks/000/functions-000026.c		
1023a70bc	1023a70c7	decompiled	chunks/000/functions-000026.c	-[SCSCScanCodeDecoderServicesSaberServiceProvider beginIn]	
1023a70c8	1023a70d3	decompiled	chunks/000/functions-000026.c	-[SCSCScanCodeDecoderServicesSaberServiceProvider setBeginIn:]	
1023a70d4	1023a70df	decompiled	chunks/000/functions-000026.c	-[SCSCScanCodeDecoderServicesSaberServiceProvider previewScopeGraphBridgeServices]	
1023a70e0	1023a7123	decompiled	chunks/000/functions-000026.c		
1023a7124	1023a712f	decompiled	chunks/000/functions-000026.c	-[SCSCScanCodeDecoderServicesSaberServiceProvider setPreviewScopeGraphBridgeServices:]	
1023a7130	1023a7183	decompiled	chunks/000/functions-000026.c		
1023a7184	1023a7397	decompiled	chunks/000/functions-000026.c		
1023a7398	1023a73cb	decompiled	chunks/000/functions-000026.c	-[SCSCScanCodeDecoderServicesSaberServiceProvider provide]	
1023a73cc	1023a73ff	decompiled	chunks/000/functions-000026.c	-[SCSCScanCodeDecoderServicesSaberServiceProvider __safeProvide]	
1023a7400	1023a7443	decompiled	chunks/000/functions-000026.c	-[SCSCScanCodeDecoderServicesSaberServiceProvider end]	
1023a7444	1023a75db	decompiled	chunks/000/functions-000026.c		
1023a75dc	1023a7687	decompiled	chunks/000/functions-000026.c	-[SCSCScanCodeDecoderServicesSaberServiceProvider setValue:forIvarName:]	
1023a7688	1023a76fb	decompiled	chunks/000/functions-000026.c	-[SCSCScanCodeDecoderServicesSaberServiceProvider init]	
1023a76fc	1023a772f	decompiled	chunks/000/functions-000026.c		
1023a7730	1023a7777	decompiled	chunks/000/functions-000026.c	-[SCSCScanCodeDecoderServicesSaberServiceProvider .cxx_destruct]	
1023a7778	1023a7797	decompiled	chunks/000/functions-000026.c		
1023a7798	1023a77a3	decompiled	chunks/000/functions-000026.c	-[SCSCScreenshotLoggingServicesSaberServiceProvider beginIn]	
1023a77a4	1023a77af	decompiled	chunks/000/functions-000026.c	-[SCSCScreenshotLoggingServicesSaberServiceProvider setBeginIn:]	
1023a77b0	1023a77bb	decompiled	chunks/000/functions-000026.c	-[SCSCScreenshotLoggingServicesSaberServiceProvider previewScopeGraphBridgeServices]	
1023a77bc	1023a77ff	decompiled	chunks/000/functions-000026.c		
1023a7800	1023a780b	decompiled	chunks/000/functions-000026.c	-[SCSCScreenshotLoggingServicesSaberServiceProvider setPreviewScopeGraphBridgeServices:]	
1023a780c	1023a785f	decompiled	chunks/000/functions-000026.c		
1023a7860	1023a7a73	decompiled	chunks/000/functions-000026.c		
1023a7a74	1023a7aa7	decompiled	chunks/000/functions-000026.c	-[SCSCScreenshotLoggingServicesSaberServiceProvider provide]	
1023a7aa8	1023a7adb	decompiled	chunks/000/functions-000026.c	-[SCSCScreenshotLoggingServicesSaberServiceProvider __safeProvide]	
1023a7adc	1023a7b1f	decompiled	chunks/000/functions-000026.c	-[SCSCScreenshotLoggingServicesSaberServiceProvider end]	
1023a7b20	1023a7cb7	decompiled	chunks/000/functions-000026.c		
1023a7cb8	1023a7d63	decompiled	chunks/000/functions-000026.c	-[SCSCScreenshotLoggingServicesSaberServiceProvider setValue:forIvarName:]	
1023a7d64	1023a7dd7	decompiled	chunks/000/functions-000026.c	-[SCSCScreenshotLoggingServicesSaberServiceProvider init]	
1023a7dd8	1023a7e0b	decompiled	chunks/000/functions-000026.c		
1023a7e0c	1023a7e53	decompiled	chunks/000/functions-000026.c	-[SCSCScreenshotLoggingServicesSaberServiceProvider .cxx_destruct]	
1023a7e54	1023a7e73	decompiled	chunks/000/functions-000026.c		
1023a7e74	1023a7e7f	decompiled	chunks/000/functions-000026.c	-[SCSCStickerInjectorPreviewServicesSaberServiceProvider beginIn]	
1023a7e80	1023a7e8b	decompiled	chunks/000/functions-000026.c	-[SCSCStickerInjectorPreviewServicesSaberServiceProvider setBeginIn:]	
1023a7e8c	1023a7e97	decompiled	chunks/000/functions-000026.c	-[SCSCStickerInjectorPreviewServicesSaberServiceProvider previewScopeGraphBridgeServices]	
1023a7e98	1023a7edb	decompiled	chunks/000/functions-000026.c		
1023a7edc	1023a7ee7	decompiled	chunks/000/functions-000026.c	-[SCSCStickerInjectorPreviewServicesSaberServiceProvider setPreviewScopeGraphBridgeServices:]	
1023a7ee8	1023a7f3b	decompiled	chunks/000/functions-000026.c		
1023a7f3c	1023a814f	decompiled	chunks/000/functions-000026.c		
1023a8150	1023a8183	decompiled	chunks/000/functions-000026.c	-[SCSCStickerInjectorPreviewServicesSaberServiceProvider provide]	
1023a8184	1023a81b7	decompiled	chunks/000/functions-000026.c	-[SCSCStickerInjectorPreviewServicesSaberServiceProvider __safeProvide]	
1023a81b8	1023a81fb	decompiled	chunks/000/functions-000026.c	-[SCSCStickerInjectorPreviewServicesSaberServiceProvider end]	
1023a81fc	1023a8393	decompiled	chunks/000/functions-000026.c		
1023a8394	1023a843f	decompiled	chunks/000/functions-000026.c	-[SCSCStickerInjectorPreviewServicesSaberServiceProvider setValue:forIvarName:]	
1023a8440	1023a84b3	decompiled	chunks/000/functions-000026.c	-[SCSCStickerInjectorPreviewServicesSaberServiceProvider init]	
1023a84b4	1023a84e7	decompiled	chunks/000/functions-000026.c		
1023a84e8	1023a852f	decompiled	chunks/000/functions-000026.c	-[SCSCStickerInjectorPreviewServicesSaberServiceProvider .cxx_destruct]	
1023a8530	1023a854f	decompiled	chunks/000/functions-000026.c		
1023a8550	1023a855b	decompiled	chunks/000/functions-000027.c	-[SCSCTextToSpeechServicesSaberServiceProvider beginIn]	
1023a855c	1023a8567	decompiled	chunks/000/functions-000027.c	-[SCSCTextToSpeechServicesSaberServiceProvider setBeginIn:]	
1023a8568	1023a8573	decompiled	chunks/000/functions-000027.c	-[SCSCTextToSpeechServicesSaberServiceProvider previewScopeGraphBridgeServices]	
1023a8574	1023a85b7	decompiled	chunks/000/functions-000027.c		
1023a85b8	1023a85c3	decompiled	chunks/000/functions-000027.c	-[SCSCTextToSpeechServicesSaberServiceProvider setPreviewScopeGraphBridgeServices:]	
1023a85c4	1023a8617	decompiled	chunks/000/functions-000027.c		
1023a8618	1023a882b	decompiled	chunks/000/functions-000027.c		
1023a882c	1023a885f	decompiled	chunks/000/functions-000027.c	-[SCSCTextToSpeechServicesSaberServiceProvider provide]	
1023a8860	1023a8893	decompiled	chunks/000/functions-000027.c	-[SCSCTextToSpeechServicesSaberServiceProvider __safeProvide]	
1023a8894	1023a88d7	decompiled	chunks/000/functions-000027.c	-[SCSCTextToSpeechServicesSaberServiceProvider end]	
1023a88d8	1023a8a6f	decompiled	chunks/000/functions-000027.c		
1023a8a70	1023a8b1b	decompiled	chunks/000/functions-000027.c	-[SCSCTextToSpeechServicesSaberServiceProvider setValue:forIvarName:]	
1023a8b1c	1023a8b8f	decompiled	chunks/000/functions-000027.c	-[SCSCTextToSpeechServicesSaberServiceProvider init]	
1023a8b90	1023a8bc3	decompiled	chunks/000/functions-000027.c		
1023a8bc4	1023a8c0b	decompiled	chunks/000/functions-000027.c	-[SCSCTextToSpeechServicesSaberServiceProvider .cxx_destruct]	
1023a8c0c	1023a8c2b	decompiled	chunks/000/functions-000027.c		
1023a8c2c	1023a8c37	decompiled	chunks/000/functions-000027.c	-[SCSCUcoVisualSignalDataServicesSaberServiceProvider beginIn]	
1023a8c38	1023a8c43	decompiled	chunks/000/functions-000027.c	-[SCSCUcoVisualSignalDataServicesSaberServiceProvider setBeginIn:]	
1023a8c44	1023a8c4f	decompiled	chunks/000/functions-000027.c	-[SCSCUcoVisualSignalDataServicesSaberServiceProvider previewScopeGraphBridgeServices]	
1023a8c50	1023a8c93	decompiled	chunks/000/functions-000027.c		
1023a8c94	1023a8c9f	decompiled	chunks/000/functions-000027.c	-[SCSCUcoVisualSignalDataServicesSaberServiceProvider setPreviewScopeGraphBridgeServices:]	
1023a8ca0	1023a8cf3	decompiled	chunks/000/functions-000027.c		
1023a8cf4	1023a8f07	decompiled	chunks/000/functions-000027.c		
1023a8f08	1023a8f3b	decompiled	chunks/000/functions-000027.c	-[SCSCUcoVisualSignalDataServicesSaberServiceProvider provide]	
1023a8f3c	1023a8f6f	decompiled	chunks/000/functions-000027.c	-[SCSCUcoVisualSignalDataServicesSaberServiceProvider __safeProvide]	
1023a8f70	1023a8fb3	decompiled	chunks/000/functions-000027.c	-[SCSCUcoVisualSignalDataServicesSaberServiceProvider end]	
1023a8fb4	1023a914b	decompiled	chunks/000/functions-000027.c		
1023a914c	1023a91f7	decompiled	chunks/000/functions-000027.c	-[SCSCUcoVisualSignalDataServicesSaberServiceProvider setValue:forIvarName:]	
1023a91f8	1023a926b	decompiled	chunks/000/functions-000027.c	-[SCSCUcoVisualSignalDataServicesSaberServiceProvider init]	
1023a926c	1023a929f	decompiled	chunks/000/functions-000027.c		
1023a92a0	1023a92e7	decompiled	chunks/000/functions-000027.c	-[SCSCUcoVisualSignalDataServicesSaberServiceProvider .cxx_destruct]	
1023a92e8	1023a9307	decompiled	chunks/000/functions-000027.c		
1023a9308	1023a9313	decompiled	chunks/000/functions-000027.c	-[SCSCUserTaggingCarouselServicesSaberServiceProvider beginIn]	
1023a9314	1023a931f	decompiled	chunks/000/functions-000027.c	-[SCSCUserTaggingCarouselServicesSaberServiceProvider setBeginIn:]	
1023a9320	1023a932b	decompiled	chunks/000/functions-000027.c	-[SCSCUserTaggingCarouselServicesSaberServiceProvider previewScopeGraphBridgeServices]	
1023a932c	1023a936f	decompiled	chunks/000/functions-000027.c		
1023a9370	1023a937b	decompiled	chunks/000/functions-000027.c	-[SCSCUserTaggingCarouselServicesSaberServiceProvider setPreviewScopeGraphBridgeServices:]	
1023a937c	1023a93cf	decompiled	chunks/000/functions-000027.c		
1023a93d0	1023a95e3	decompiled	chunks/000/functions-000027.c		
1023a95e4	1023a9617	decompiled	chunks/000/functions-000027.c	-[SCSCUserTaggingCarouselServicesSaberServiceProvider provide]	
1023a9618	1023a964b	decompiled	chunks/000/functions-000027.c	-[SCSCUserTaggingCarouselServicesSaberServiceProvider __safeProvide]	
1023a964c	1023a968f	decompiled	chunks/000/functions-000027.c	-[SCSCUserTaggingCarouselServicesSaberServiceProvider end]	
1023a9690	1023a9827	decompiled	chunks/000/functions-000027.c		
1023a9828	1023a98d3	decompiled	chunks/000/functions-000027.c	-[SCSCUserTaggingCarouselServicesSaberServiceProvider setValue:forIvarName:]	
1023a98d4	1023a9947	decompiled	chunks/000/functions-000027.c	-[SCSCUserTaggingCarouselServicesSaberServiceProvider init]	
1023a9948	1023a997b	decompiled	chunks/000/functions-000027.c		
1023a997c	1023a99c3	decompiled	chunks/000/functions-000027.c	-[SCSCUserTaggingCarouselServicesSaberServiceProvider .cxx_destruct]	
1023a99c4	1023a99e3	decompiled	chunks/000/functions-000027.c		
1023a99e4	1023a99ef	decompiled	chunks/000/functions-000027.c	-[SCSponsoredLensCTAPresentingServicesSaberServiceProvider beginIn]	
1023a99f0	1023a99fb	decompiled	chunks/000/functions-000027.c	-[SCSponsoredLensCTAPresentingServicesSaberServiceProvider setBeginIn:]	
1023a99fc	1023a9a07	decompiled	chunks/000/functions-000027.c	-[SCSponsoredLensCTAPresentingServicesSaberServiceProvider previewScopeGraphBridgeServices]	
1023a9a08	1023a9a4b	decompiled	chunks/000/functions-000027.c		
1023a9a4c	1023a9a57	decompiled	chunks/000/functions-000027.c	-[SCSponsoredLensCTAPresentingServicesSaberServiceProvider setPreviewScopeGraphBridgeServices:]	
1023a9a58	1023a9aab	decompiled	chunks/000/functions-000027.c		
1023a9aac	1023a9cbf	decompiled	chunks/000/functions-000027.c		
1023a9cc0	1023a9cf3	decompiled	chunks/000/functions-000027.c	-[SCSponsoredLensCTAPresentingServicesSaberServiceProvider provide]	
1023a9cf4	1023a9d27	decompiled	chunks/000/functions-000027.c	-[SCSponsoredLensCTAPresentingServicesSaberServiceProvider __safeProvide]	
1023a9d28	1023a9d6b	decompiled	chunks/000/functions-000027.c	-[SCSponsoredLensCTAPresentingServicesSaberServiceProvider end]	
1023a9d6c	1023a9f03	decompiled	chunks/000/functions-000027.c		
1023a9f04	1023a9faf	decompiled	chunks/000/functions-000027.c	-[SCSponsoredLensCTAPresentingServicesSaberServiceProvider setValue:forIvarName:]	
1023a9fb0	1023aa023	decompiled	chunks/000/functions-000027.c	-[SCSponsoredLensCTAPresentingServicesSaberServiceProvider init]	
1023aa024	1023aa057	decompiled	chunks/000/functions-000027.c		
1023aa058	1023aa09f	decompiled	chunks/000/functions-000027.c	-[SCSponsoredLensCTAPresentingServicesSaberServiceProvider .cxx_destruct]	
1023aa0a0	1023aa0bf	decompiled	chunks/000/functions-000027.c		
1023aa0c0	1023aa0cb	decompiled	chunks/000/functions-000027.c	-[SCStoriesPostingServicesSaberServiceProvider beginIn]	
1023aa0cc	1023aa0d7	decompiled	chunks/000/functions-000027.c	-[SCStoriesPostingServicesSaberServiceProvider setBeginIn:]	
1023aa0d8	1023aa0e3	decompiled	chunks/000/functions-000027.c	-[SCStoriesPostingServicesSaberServiceProvider previewScopeGraphBridgeServices]	
1023aa0e4	1023aa127	decompiled	chunks/000/functions-000027.c		
1023aa128	1023aa133	decompiled	chunks/000/functions-000027.c	-[SCStoriesPostingServicesSaberServiceProvider setPreviewScopeGraphBridgeServices:]	
1023aa134	1023aa187	decompiled	chunks/000/functions-000027.c		
1023aa188	1023aa39b	decompiled	chunks/000/functions-000027.c		
1023aa39c	1023aa3cf	decompiled	chunks/000/functions-000027.c	-[SCStoriesPostingServicesSaberServiceProvider provide]	
1023aa3d0	1023aa403	decompiled	chunks/000/functions-000027.c	-[SCStoriesPostingServicesSaberServiceProvider __safeProvide]	
1023aa404	1023aa447	decompiled	chunks/000/functions-000027.c	-[SCStoriesPostingServicesSaberServiceProvider end]	
1023aa448	1023aa5df	decompiled	chunks/000/functions-000027.c		
1023aa5e0	1023aa68b	decompiled	chunks/000/functions-000027.c	-[SCStoriesPostingServicesSaberServiceProvider setValue:forIvarName:]	
1023aa68c	1023aa6ff	decompiled	chunks/000/functions-000027.c	-[SCStoriesPostingServicesSaberServiceProvider init]	
1023aa700	1023aa733	decompiled	chunks/000/functions-000027.c		
1023aa734	1023aa77b	decompiled	chunks/000/functions-000027.c	-[SCStoriesPostingServicesSaberServiceProvider .cxx_destruct]	
1023aa77c	1023aa79b	decompiled	chunks/000/functions-000027.c		
1023aa79c	1023aa7e3	decompiled	chunks/000/functions-000027.c	-[SCSCPreviewScopedServicesSaberEntryPoint beginIn]	
1023aa7e4	1023aa83b	decompiled	chunks/000/functions-000027.c	-[SCSCPreviewScopedServicesSaberEntryPoint setBeginIn:]	
1023aa83c	1023aa913	decompiled	chunks/000/functions-000027.c		
1023aa914	1023aa93b	decompiled	chunks/000/functions-000027.c	-[SCSCPreviewScopedServicesSaberEntryPoint begin]	
1023aa93c	1023aaab3	decompiled	chunks/000/functions-000027.c		
1023aaab4	1023aaabb	decompiled	chunks/000/functions-000027.c		
1023aaabc	1023aaaef	decompiled	chunks/000/functions-000027.c	-[SCSCPreviewScopedServicesSaberEntryPoint end]	
1023aaaf0	1023aac0f	decompiled	chunks/000/functions-000027.c		
1023aac10	1023aacbb	decompiled	chunks/000/functions-000027.c	-[SCSCPreviewScopedServicesSaberEntryPoint setValue:forIvarName:]	
1023aacbc	1023aad1b	decompiled	chunks/000/functions-000027.c	-[SCSCPreviewScopedServicesSaberEntryPoint init]	
1023aad1c	1023aad4f	decompiled	chunks/000/functions-000027.c		
1023aad50	1023aad87	decompiled	chunks/000/functions-000027.c	-[SCSCPreviewScopedServicesSaberEntryPoint .cxx_destruct]	
1023aad88	1023aada7	decompiled	chunks/000/functions-000027.c		
1023aada8	1023aaeef	decompiled	chunks/000/functions-000027.c		
1023aaef0	1023aaf27	decompiled	chunks/000/functions-000027.c		
1023aaf28	1023aaf37	decompiled	chunks/000/functions-000027.c		
1023aaf38	1023aaf5b	decompiled	chunks/000/functions-000027.c		
1023aaf5c	1023aaf67	decompiled	chunks/000/functions-000027.c		
1023aaf68	1023ab27f	decompiled	chunks/000/functions-000027.c		
1023ab280	1023ab2fb	decompiled	chunks/000/functions-000027.c		
1023ab2fc	1023ab31f	decompiled	chunks/000/functions-000028.c		
1023ab320	1023ab397	decompiled	chunks/000/functions-000028.c		
1023ab398	1023ab3bf	decompiled	chunks/000/functions-000028.c		
1023ab3c0	1023ab50b	decompiled	chunks/000/functions-000028.c		
1023ab50c	1023ab553	decompiled	chunks/000/functions-000028.c		
1023ab554	1023ab5c3	decompiled	chunks/000/functions-000028.c		
1023ab5c4	1023ab5d3	decompiled	chunks/000/functions-000028.c		
1023ab5d4	1023ab5f7	decompiled	chunks/000/functions-000028.c		
1023ab5f8	1023ab603	decompiled	chunks/000/functions-000028.c		
1023ab604	1023ab71b	decompiled	chunks/000/functions-000028.c		
1023ab71c	1023ab73f	decompiled	chunks/000/functions-000028.c		
1023ab740	1023ab7bb	decompiled	chunks/000/functions-000028.c		
1023ab7bc	1023ab7c7	decompiled	chunks/000/functions-000028.c		
1023ab7c8	1023ab7e7	decompiled	chunks/000/functions-000028.c	-[_TtC25PreviewFiltersIntegration39PreviewBatchCatpureFilterContextAdapter currentSegment]	
1023ab7e8	1023ab81b	decompiled	chunks/000/functions-000028.c	-[_TtC25PreviewFiltersIntegration39PreviewBatchCatpureFilterContextAdapter setCurrentSegment:]	
1023ab81c	1023ab82b	decompiled	chunks/000/functions-000028.c		
1023ab82c	1023ab85f	decompiled	chunks/000/functions-000028.c		
1023ab860	1023ab86f	decompiled	chunks/000/functions-000028.c	-[_TtC25PreviewFiltersIntegration39PreviewBatchCatpureFilterContextAdapter .cxx_destruct]	
1023ab870	1023ab88f	decompiled	chunks/000/functions-000028.c		
1023ab890	1023ab8eb	decompiled	chunks/000/functions-000028.c	-[_TtC25PreviewFiltersIntegration36PreviewFilterDataProviderAdapterBase init]	
1023ab8ec	1023ab8fb	decompiled	chunks/000/functions-000028.c	-[_TtC25PreviewFiltersIntegration36PreviewFilterDataProviderAdapterBase .cxx_destruct]	
1023ab8fc	1023ab91b	decompiled	chunks/000/functions-000028.c		
1023ab91c	1023ab9ef	decompiled	chunks/000/functions-000028.c	-[_TtC25PreviewFiltersIntegration29PreviewGeoFilterPickerAdapter injectGeoFilter:image:appearanceSetting:]	
1023ab9f0	1023aba7f	decompiled	chunks/000/functions-000028.c	-[_TtC25PreviewFiltersIntegration29PreviewGeoFilterPickerAdapter removeGeoFilter:]	
1023aba80	1023abad3	decompiled	chunks/000/functions-000028.c		
1023abad4	1023abbcb	decompiled	chunks/000/functions-000028.c	-[_TtC25PreviewFiltersIntegration31PreviewGeoFilterProviderAdapter geoFilters]	
1023abbcc	1023abcc3	decompiled	chunks/000/functions-000028.c	-[_TtC25PreviewFiltersIntegration31PreviewGeoFilterProviderAdapter geoFilterImages]	
1023abcc4	1023abde3	decompiled	chunks/000/functions-000028.c	-[_TtC25PreviewFiltersIntegration31PreviewGeoFilterProviderAdapter geoFilterAppearanceSettings]	
1023abde4	1023abeb3	decompiled	chunks/000/functions-000028.c	-[_TtC25PreviewFiltersIntegration31PreviewGeoFilterProviderAdapter savedGeoFilterIds]	
1023abeb4	1023abf07	decompiled	chunks/000/functions-000028.c		
1023abf08	1023ac007	decompiled	chunks/000/functions-000028.c		
1023ac008	1023ac047	decompiled	chunks/000/functions-000028.c		
1023ac048	1023ac0c3	decompiled	chunks/000/functions-000028.c	-[_TtC25PreviewFiltersIntegration35PreviewInfoStickerDataSourceAdapter location]	
1023ac0c4	1023ac13f	decompiled	chunks/000/functions-000028.c	-[_TtC25PreviewFiltersIntegration35PreviewInfoStickerDataSourceAdapter weather]	
1023ac140	1023ac1bb	decompiled	chunks/000/functions-000028.c	-[_TtC25PreviewFiltersIntegration35PreviewInfoStickerDataSourceAdapter timestamp]	
1023ac1bc	1023ac22f	decompiled	chunks/000/functions-000028.c	-[_TtC25PreviewFiltersIntegration35PreviewInfoStickerDataSourceAdapter batteryStatus]	
1023ac230	1023ac2ab	decompiled	chunks/000/functions-000028.c	-[_TtC25PreviewFiltersIntegration35PreviewInfoStickerDataSourceAdapter altitude]	
1023ac2ac	1023ac387	decompiled	chunks/000/functions-000028.c	-[_TtC25PreviewFiltersIntegration35PreviewInfoStickerDataSourceAdapter venues]	
1023ac388	1023ac403	decompiled	chunks/000/functions-000028.c	-[_TtC25PreviewFiltersIntegration35PreviewInfoStickerDataSourceAdapter venueInfo]	
1023ac404	1023ac467	decompiled	chunks/000/functions-000028.c	-[_TtC25PreviewFiltersIntegration35PreviewInfoStickerDataSourceAdapter updateInfoStickerData]	
1023ac468	1023ac4cb	decompiled	chunks/000/functions-000028.c	-[_TtC25PreviewFiltersIntegration35PreviewInfoStickerDataSourceAdapter startUpdatingVenueStickerData]	
1023ac4cc	1023ac51f	decompiled	chunks/000/functions-000028.c		
1023ac520	1023ac65b	decompiled	chunks/000/functions-000028.c	-[_TtC25PreviewFiltersIntegration35PreviewVenueFilterControllerAdapter venueFilterSelector]	
1023ac65c	1023ac683	decompiled	chunks/000/functions-000028.c	-[_TtC25PreviewFiltersIntegration35PreviewVenueFilterControllerAdapter reloadVenueFilter]	
1023ac684	1023aca43	decompiled	chunks/000/functions-000028.c	-[_TtC25PreviewFiltersIntegration35PreviewVenueFilterControllerAdapter selectedVenueId]	
1023aca44	1023aca83	decompiled	chunks/000/functions-000028.c	-[_TtC25PreviewFiltersIntegration35PreviewVenueFilterControllerAdapter selectedVenuePlaceTag]	
1023aca84	1023acdeb	decompiled	chunks/000/functions-000028.c		
1023acdec	1023acee7	decompiled	chunks/000/functions-000028.c		
1023acee8	1023acf57	decompiled	chunks/000/functions-000028.c		
1023acf58	1023acf9f	decompiled	chunks/000/functions-000028.c	-[_TtC25PreviewFiltersIntegration35PreviewVenueFilterControllerAdapter .cxx_destruct]	
1023acfa0	1023acfbf	decompiled	chunks/000/functions-000028.c		
1023acfc0	1023acfe3	decompiled	chunks/000/functions-000028.c		
1023acfe4	1023ad027	decompiled	chunks/000/functions-000028.c		
1023ad028	1023ad1db	decompiled	chunks/000/functions-000028.c		
1023ad1dc	1023ad2c3	decompiled	chunks/000/functions-000028.c		
1023ad2c4	1023ad9c7	decompiled	chunks/000/functions-000028.c		
1023ad9c8	1023ada3b	decompiled	chunks/000/functions-000028.c		
1023ada3c	1023ada8b	decompiled	chunks/000/functions-000028.c		
1023ada8c	1023adb0f	decompiled	chunks/000/functions-000028.c		
1023adb10	1023adb1b	decompiled	chunks/000/functions-000028.c		
1023adb1c	1023adffb	decompiled	chunks/000/functions-000028.c		
1023adffc	1023ae01f	decompiled	chunks/000/functions-000028.c		
1023ae020	1023ae03f	decompiled	chunks/000/functions-000028.c		
1023ae040	1023ae04b	decompiled	chunks/000/functions-000028.c		
1023ae04c	1023ae07b	decompiled	chunks/000/functions-000028.c		
1023ae07c	1023ae087	decompiled	chunks/000/functions-000028.c		
1023ae088	1023ae24f	decompiled	chunks/000/functions-000028.c		
1023ae250	1023ae257	decompiled	chunks/000/functions-000028.c		
1023ae258	1023ae2f7	decompiled	chunks/000/functions-000028.c		
1023ae2f8	1023ae34b	decompiled	chunks/000/functions-000028.c		
1023ae34c	1023ae357	decompiled	chunks/000/functions-000028.c		
1023ae358	1023ae413	decompiled	chunks/000/functions-000028.c		
1023ae414	1023ae41b	decompiled	chunks/000/functions-000028.c		
1023ae41c	1023ae4bb	decompiled	chunks/000/functions-000028.c		
1023ae4bc	1023ae4df	decompiled	chunks/000/functions-000028.c		
1023ae4e0	1023ae523	decompiled	chunks/000/functions-000028.c		
1023ae524	1023ae533	decompiled	chunks/000/functions-000028.c		
1023ae534	1023ae697	decompiled	chunks/000/functions-000028.c		
1023ae698	1023ae6bb	decompiled	chunks/000/functions-000028.c		
1023ae6bc	1023ae70f	decompiled	chunks/000/functions-000028.c		
1023ae710	1023ae7cf	decompiled	chunks/000/functions-000028.c		
1023ae7d0	1023ae84f	decompiled	chunks/000/functions-000028.c		
1023ae850	1023aefe7	decompiled	chunks/000/functions-000028.c		
1023aefe8	1023aeff7	decompiled	chunks/000/functions-000028.c		
1023aeff8	1023af093	decompiled	chunks/000/functions-000028.c		
1023af094	1023af09f	decompiled	chunks/000/functions-000028.c		
1023af0a0	1023af863	decompiled	chunks/000/functions-000028.c		
1023af864	1023af93f	decompiled	chunks/000/functions-000028.c		
1023af940	1023af95f	decompiled	chunks/000/functions-000028.c		
1023af960	1023af97b	decompiled	chunks/000/functions-000028.c		
1023af97c	1023af97f	decompiled	chunks/000/functions-000028.c		
1023af980	1023af9b7	decompiled	chunks/000/functions-000028.c		
1023af9b8	1023af9fb	decompiled	chunks/000/functions-000028.c		
1023af9fc	1023afa0b	decompiled	chunks/000/functions-000028.c		
1023afa0c	1023afa3f	decompiled	chunks/000/functions-000028.c		
1023afa40	1023afa8f	decompiled	chunks/000/functions-000028.c		
1023afa90	1023afabb	decompiled	chunks/000/functions-000028.c		
1023afabc	1023afac7	decompiled	chunks/000/functions-000028.c		
1023afac8	1023afae7	decompiled	chunks/000/functions-000028.c		
1023afae8	1023afb3f	decompiled	chunks/000/functions-000028.c		
1023afb40	1023afb9f	decompiled	chunks/000/functions-000029.c	-[_TtC25PreviewFiltersIntegration39PreviewFilterLoggingIntegrationServices init]	
1023afba0	1023afbaf	decompiled	chunks/000/functions-000029.c	-[_TtC25PreviewFiltersIntegration39PreviewFilterLoggingIntegrationServices .cxx_destruct]	
1023afbb0	1023afbcf	decompiled	chunks/000/functions-000029.c		
1023afbd0	1023afc1b	decompiled	chunks/000/functions-000029.c		
1023afc1c	1023afc97	decompiled	chunks/000/functions-000029.c		
1023afc98	1023afcaf	decompiled	chunks/000/functions-000029.c		
1023afcb0	1023afd73	decompiled	chunks/000/functions-000029.c	-[_TtC25PreviewFiltersIntegration41PreviewLegacyImagePlaybackProviderAdapter imagePlayback]	
1023afd74	1023afdb7	decompiled	chunks/000/functions-000029.c		
1023afdb8	1023afe7b	decompiled	chunks/000/functions-000029.c	-[_TtC25PreviewFiltersIntegration41PreviewLegacyVideoPlaybackProviderAdapter videoPlayback]	
1023afe7c	1023afedf	decompiled	chunks/000/functions-000029.c	-[_TtC25PreviewFiltersIntegration41PreviewLegacyVideoPlaybackProviderAdapter videoObjectTracker]	
1023afee0	1023afeeb	decompiled	chunks/000/functions-000029.c	-[_TtC25PreviewFiltersIntegration37PreviewMediaViewportControllerAdapter renderTarget]	
1023afeec	1023aff7b	decompiled	chunks/000/functions-000029.c		
1023aff7c	1023affaf	decompiled	chunks/000/functions-000029.c	-[_TtC25PreviewFiltersIntegration37PreviewMediaViewportControllerAdapter renderTargetFuture]	
1023affb0	1023b000b	decompiled	chunks/000/functions-000029.c		
1023b000c	1023b0037	decompiled	chunks/000/functions-000029.c	-[_TtC25PreviewFiltersIntegration37PreviewMediaViewportControllerAdapter setRenderTargetFuture:]	
1023b0038	1023b01cf	decompiled	chunks/000/functions-000029.c		
1023b01d0	1023b02bb	decompiled	chunks/000/functions-000029.c		
1023b02bc	1023b0317	decompiled	chunks/000/functions-000029.c	-[_TtC25PreviewFiltersIntegration37PreviewMediaViewportControllerAdapter safeRenderZone]	
1023b0318	1023b057f	decompiled	chunks/000/functions-000029.c		
1023b0580	1023b0663	decompiled	chunks/000/functions-000029.c		
1023b0664	1023b06a7	decompiled	chunks/000/functions-000029.c	-[_TtC25PreviewFiltersIntegration37PreviewMediaViewportControllerAdapter setViewportTransform:]	
1023b06a8	1023b075b	decompiled	chunks/000/functions-000029.c		
1023b075c	1023b078b	decompiled	chunks/000/functions-000029.c	-[_TtC25PreviewFiltersIntegration37PreviewMediaViewportControllerAdapter setCropBackgroundAnimating:]	
1023b078c	1023b0797	decompiled	chunks/000/functions-000029.c	-[_TtC25PreviewFiltersIntegration37PreviewMediaViewportControllerAdapter backgroundGradientColors]	
1023b0798	1023b087f	decompiled	chunks/000/functions-000029.c		
1023b0880	1023b08bb	decompiled	chunks/000/functions-000029.c	-[_TtC25PreviewFiltersIntegration37PreviewMediaViewportControllerAdapter setBackgroundGradientColors:]	
1023b08bc	1023b0967	decompiled	chunks/000/functions-000029.c		
1023b0968	1023b09c3	decompiled	chunks/000/functions-000029.c		
1023b09c4	1023b09e7	decompiled	chunks/000/functions-000029.c		
1023b09e8	1023b09f3	decompiled	chunks/000/functions-000029.c	-[_TtC25PreviewFiltersIntegration32PreviewVideoObjectTrackerAdapter videoTracker]	
1023b09f4	1023b0aa7	decompiled	chunks/000/functions-000029.c		
1023b0aa8	1023b0ab3	decompiled	chunks/000/functions-000029.c	-[_TtC25PreviewFiltersIntegration32PreviewVideoObjectTrackerAdapter trackingObjectContainerView]	
1023b0ab4	1023b0b67	decompiled	chunks/000/functions-000029.c		
1023b0b68	1023b0b73	decompiled	chunks/000/functions-000029.c	-[_TtC25PreviewFiltersIntegration32PreviewVideoObjectTrackerAdapter trackingObjectContainerViewFuture]	
1023b0b74	1023b0bab	decompiled	chunks/000/functions-000029.c		
1023b0bac	1023b0c5f	decompiled	chunks/000/functions-000029.c		
1023b0c60	1023b0ca3	decompiled	chunks/000/functions-000029.c		
1023b0ca4	1023b0dc3	decompiled	chunks/000/functions-000029.c		
1023b0dc4	1023b0ea3	decompiled	chunks/000/functions-000029.c		
1023b0ea4	1023b0eb3	decompiled	chunks/000/functions-000029.c		
1023b0eb4	1023b0ed7	decompiled	chunks/000/functions-000029.c		
1023b0ed8	1023b0ee3	decompiled	chunks/000/functions-000029.c		
1023b0ee4	1023b1167	decompiled	chunks/000/functions-000029.c		
1023b1168	1023b11e3	decompiled	chunks/000/functions-000029.c		
1023b11e4	1023b1233	decompiled	chunks/000/functions-000029.c		
1023b1234	1023b131f	decompiled	chunks/000/functions-000029.c		
1023b1320	1023b1357	decompiled	chunks/000/functions-000029.c		
1023b1358	1023b1367	decompiled	chunks/000/functions-000029.c		
1023b1368	1023b138b	decompiled	chunks/000/functions-000029.c		
1023b138c	1023b1397	decompiled	chunks/000/functions-000029.c		
1023b1398	1023b1553	decompiled	chunks/000/functions-000029.c		
1023b1554	1023b15f7	decompiled	chunks/000/functions-000029.c		
1023b15f8	1023b1613	decompiled	chunks/000/functions-000029.c		
1023b1614	1023b163b	decompiled	chunks/000/functions-000029.c		
1023b163c	1023b164b	decompiled	chunks/000/functions-000029.c		
1023b164c	1023b17ef	decompiled	chunks/000/functions-000029.c		
1023b17f0	1023b17ff	decompiled	chunks/000/functions-000029.c		
1023b1800	1023b189b	decompiled	chunks/000/functions-000029.c		
1023b189c	1023b18a7	decompiled	chunks/000/functions-000029.c		
1023b18a8	1023b196b	decompiled	chunks/000/functions-000029.c		
1023b196c	1023b19a3	decompiled	chunks/000/functions-000029.c		
1023b19a4	1023b1a03	decompiled	chunks/000/functions-000029.c		
1023b1a04	1023b1a3b	decompiled	chunks/000/functions-000029.c		
1023b1a3c	1023b1a4b	decompiled	chunks/000/functions-000029.c		
1023b1a4c	1023b1a6f	decompiled	chunks/000/functions-000029.c		
1023b1a70	1023b1a7b	decompiled	chunks/000/functions-000029.c		
1023b1a7c	1023b1d0b	decompiled	chunks/000/functions-000029.c		
1023b1d0c	1023b1d87	decompiled	chunks/000/functions-000029.c		
1023b1d88	1023b1dab	decompiled	chunks/000/functions-000029.c		
1023b1dac	1023b1dfb	decompiled	chunks/000/functions-000029.c		
1023b1dfc	1023b1e17	decompiled	chunks/000/functions-000029.c		
1023b1e18	1023b1f07	decompiled	chunks/000/functions-000029.c		
1023b1f08	1023b1fa3	decompiled	chunks/000/functions-000029.c		
1023b1fa4	1023b203b	decompiled	chunks/000/functions-000029.c		
1023b203c	1023b24ab	decompiled	chunks/000/functions-000029.c	-[_TtC39PreviewFiltersLegacyImplementationSwift44PreviewFilterApplicationMetadataProviderImpl appliedItemsCount]	
1023b24ac	1023b251f	decompiled	chunks/000/functions-000029.c	-[_TtC39PreviewFiltersLegacyImplementationSwift44PreviewFilterApplicationMetadataProviderImpl appliedItemOf:]	
1023b2520	1023b266b	decompiled	chunks/000/functions-000029.c	-[_TtC39PreviewFiltersLegacyImplementationSwift44PreviewFilterApplicationMetadataProviderImpl appliedGeoFilterConfigs]	
1023b266c	1023b26bb	decompiled	chunks/000/functions-000029.c	-[_TtC39PreviewFiltersLegacyImplementationSwift44PreviewFilterApplicationMetadataProviderImpl appliedUcoLensIds]	
1023b26bc	1023b279b	decompiled	chunks/000/functions-000029.c		
1023b279c	1023b27cf	decompiled	chunks/000/functions-000029.c	-[_TtC39PreviewFiltersLegacyImplementationSwift44PreviewFilterApplicationMetadataProviderImpl isAnyAnimatedGeoFilterApplied]	
1023b27d0	1023b2883	decompiled	chunks/000/functions-000029.c		
1023b2884	1023b28b7	decompiled	chunks/000/functions-000029.c	-[_TtC39PreviewFiltersLegacyImplementationSwift44PreviewFilterApplicationMetadataProviderImpl isAnyAnimatedUcoFilterApplied]	
1023b28b8	1023b296b	decompiled	chunks/000/functions-000029.c		
1023b296c	1023b299f	decompiled	chunks/000/functions-000029.c	-[_TtC39PreviewFiltersLegacyImplementationSwift44PreviewFilterApplicationMetadataProviderImpl isGenerativeAiUcoFilterApplied]	
1023b29a0	1023b2a53	decompiled	chunks/000/functions-000029.c		
1023b2a54	1023b2ab3	decompiled	chunks/000/functions-000029.c	-[_TtC39PreviewFiltersLegacyImplementationSwift44PreviewFilterApplicationMetadataProviderImpl init]	
1023b2ab4	1023b2ac3	decompiled	chunks/000/functions-000029.c	-[_TtC39PreviewFiltersLegacyImplementationSwift44PreviewFilterApplicationMetadataProviderImpl .cxx_destruct]	
1023b2ac4	1023b2ae3	decompiled	chunks/000/functions-000029.c		
1023b2ae4	1023b2b23	decompiled	chunks/000/functions-000029.c		
1023b2b24	1023b2c13	decompiled	chunks/000/functions-000029.c		
1023b2c14	1023b2d23	decompiled	chunks/000/functions-000029.c		
1023b2d24	1023b2de3	decompiled	chunks/000/functions-000029.c		
1023b2de4	1023b305f	decompiled	chunks/000/functions-000029.c		
1023b3060	1023b30bf	decompiled	chunks/000/functions-000029.c	-[_TtC39PreviewFiltersLegacyImplementationSwift35PreviewFilterCarouselControllerImpl init]	
1023b30c0	1023b3117	decompiled	chunks/000/functions-000029.c	-[_TtC39PreviewFiltersLegacyImplementationSwift35PreviewFilterCarouselControllerImpl .cxx_destruct]	
1023b3118	1023b3123	decompiled	chunks/000/functions-000029.c	-[_TtC39PreviewFiltersLegacyImplementationSwift35PreviewFilterCarouselControllerImpl allItems]	
1023b3124	1023b339f	decompiled	chunks/000/functions-000029.c		
1023b33a0	1023b33ab	decompiled	chunks/000/functions-000029.c	-[_TtC39PreviewFiltersLegacyImplementationSwift35PreviewFilterCarouselControllerImpl currentItems]	
1023b33ac	1023b3403	decompiled	chunks/000/functions-000029.c		
1023b3404	1023b3413	decompiled	chunks/000/functions-000029.c	-[_TtC39PreviewFiltersLegacyImplementationSwift35PreviewFilterCarouselControllerImpl orderChangeEventsObservable]	
